customer_id,date,month,month_num,day_of_week,quarter,age,gender,region,occupation,segment,product,channel,amount,balance,tenure_months,num_products,monthly_txn,credit_score,satisfaction,fees_paid,churned,is_fraud
CUST-01001,2024-07-11,July,7,Thursday,Q3,21,Female,Abuja,Entrepreneur,Student,Savings Account,Mobile App,16000,104000,6,1,14,492,6.3,0,Yes,No
CUST-01002,2024-11-23,November,11,Saturday,Q4,40,Male,Abuja,Teacher,Retail,Savings Account,Branch,90000,736000,4,3,35,521,7.3,300,Yes,No
CUST-01003,2024-08-14,August,8,Wednesday,Q3,38,Male,Ibadan,Lawyer,Premium,Mortgage,USSD,2846000,35512000,42,2,35,653,7.7,5700,No,No
CUST-01004,2024-05-05,May,5,Sunday,Q2,55,Female,Enugu,Accountant,Premium,Investment Fund,USSD,445000,4145000,21,4,22,570,8.5,900,No,No
CUST-01005,2024-11-15,November,11,Friday,Q4,21,Female,Ibadan,Doctor,Student,Fixed Deposit,Mobile App,17000,147000,20,2,25,475,6.3,0,No,No
CUST-01006,2024-04-19,April,4,Friday,Q2,37,Female,Enugu,Civil Servant,Retail,Mobile Loan,Mobile App,45000,402000,98,1,33,425,7.6,0,Yes,No
CUST-01007,2024-03-10,March,3,Sunday,Q1,18,Male,Enugu,Teacher,Student,Investment Fund,Mobile App,23000,137000,51,5,15,609,8.9,0,No,No
CUST-01008,2024-12-11,December,12,Wednesday,Q4,39,Male,Abuja,Farmer,Retail,Investment Fund,USSD,206000,194000,97,2,34,602,6.5,400,No,No
CUST-01009,2024-11-13,November,11,Wednesday,Q4,28,Male,Abuja,Doctor,Retail,Mortgage,Web Portal,157000,388000,81,5,39,499,7.4,200,No,No
CUST-01010,2024-06-28,June,6,Friday,Q2,44,Male,Port Harcourt,Engineer,Premium,Current Account,Mobile App,3652000,47192000,1,5,8,771,8.1,3700,No,No
CUST-01011,2024-11-30,November,11,Saturday,Q4,57,Male,Enugu,Doctor,Corporate,Mobile Loan,Branch,1516000,16605000,37,2,43,701,6.3,4500,Yes,No
CUST-01012,2024-12-22,December,12,Sunday,Q4,35,Male,Kano,Civil Servant,Retail,Mortgage,Branch,596000,7491000,106,2,23,633,9.7,1800,Yes,No
CUST-01013,2024-07-08,July,7,Monday,Q3,57,Female,Lagos,Trader,SME,Credit Card,Web Portal,793000,4425000,47,4,34,434,9.0,1200,No,No
CUST-01014,2024-09-07,September,9,Saturday,Q3,50,Female,Lagos,Lawyer,Corporate,Insurance Plan,Mobile App,851000,1232000,86,1,20,697,9.2,900,No,No
CUST-01015,2024-03-19,March,3,Tuesday,Q1,60,Female,Ibadan,Lawyer,Corporate,Fixed Deposit,USSD,3383000,4050000,64,4,31,667,8.0,6800,No,No
CUST-01016,2024-05-22,May,5,Wednesday,Q2,18,Female,Enugu,Doctor,Student,Fixed Deposit,Mobile App,25000,169000,68,2,25,411,3.7,0,Yes,No
CUST-01017,2024-06-02,June,6,Sunday,Q2,18,Female,Port Harcourt,Doctor,Student,Credit Card,Mobile App,9000,120000,35,1,41,307,6.9,0,Yes,No
CUST-01018,2024-11-12,November,11,Tuesday,Q4,43,Male,Abuja,Teacher,Retail,Fixed Deposit,Web Portal,140000,1201000,27,3,36,498,7.6,200,No,No
CUST-01019,2024-06-16,June,6,Sunday,Q2,47,Female,Abuja,Lawyer,Corporate,Mortgage,Mobile App,6497000,25422000,69,1,21,821,7.8,6500,No,No
CUST-01020,2024-01-25,January,1,Thursday,Q1,50,Male,Enugu,Engineer,Premium,Mobile Loan,Agent Banking,1760000,17741000,73,3,14,663,6.7,4400,No,No
CUST-01021,2024-03-02,March,3,Saturday,Q1,21,Male,Port Harcourt,Lawyer,Student,Mortgage,Mobile App,2000,25000,81,3,22,353,7.7,0,No,No
CUST-01022,2024-08-20,August,8,Tuesday,Q3,32,Female,Enugu,Doctor,Corporate,Fixed Deposit,Agent Banking,3949000,7143000,73,1,3,706,6.1,9900,No,No
CUST-01023,2024-03-02,March,3,Saturday,Q1,23,Female,Ibadan,Doctor,Student,Mobile Loan,Web Portal,6000,21000,7,3,20,351,6.8,0,Yes,No
CUST-01024,2024-04-06,April,4,Saturday,Q2,47,Female,Abuja,Farmer,Retail,Mortgage,Mobile App,635000,4446000,115,3,41,579,6.4,600,Yes,No
CUST-01025,2024-05-30,May,5,Thursday,Q2,54,Female,Port Harcourt,Entrepreneur,SME,Fixed Deposit,USSD,152000,245000,77,2,6,602,9.0,300,No,No
CUST-01026,2024-12-13,December,12,Friday,Q4,38,Male,Abuja,Student,Student,Mobile Loan,Branch,9000,118000,117,1,42,408,9.1,0,No,No
CUST-01027,2024-11-28,November,11,Thursday,Q4,40,Male,Kano,Doctor,Corporate,Investment Fund,Web Portal,9850000,29957000,47,2,9,728,7.1,14800,No,No
CUST-01028,2024-08-20,August,8,Tuesday,Q3,32,Female,Port Harcourt,Entrepreneur,SME,Investment Fund,Mobile App,182000,2554000,66,2,27,719,6.8,200,Yes,No
CUST-01029,2024-09-19,September,9,Thursday,Q3,55,Female,Enugu,Farmer,Retail,Mortgage,Web Portal,54000,775000,59,4,43,714,8.0,100,Yes,No
CUST-01030,2024-06-28,June,6,Friday,Q2,55,Male,Ibadan,Doctor,Corporate,Mortgage,Web Portal,12827000,133232000,52,1,26,686,4.9,19200,No,No
CUST-01031,2024-09-09,September,9,Monday,Q3,18,Female,Enugu,Entrepreneur,Student,Mobile Loan,Mobile App,12000,99000,31,3,33,423,5.8,0,No,No
CUST-01032,2024-08-19,August,8,Monday,Q3,27,Male,Port Harcourt,Engineer,Retail,Savings Account,Web Portal,52000,43000,106,1,35,479,8.3,100,Yes,No
CUST-01033,2024-06-20,June,6,Thursday,Q2,35,Female,Enugu,Entrepreneur,SME,Mobile Loan,Branch,250000,2332000,68,5,7,707,8.2,800,No,No
CUST-01034,2024-04-02,April,4,Tuesday,Q2,24,Female,Ibadan,Doctor,Student,Fixed Deposit,USSD,14000,171000,88,2,40,338,5.6,0,No,No
CUST-01035,2024-08-03,August,8,Saturday,Q3,57,Male,Abuja,Lawyer,Premium,Mobile Loan,Agent Banking,1216000,2203000,91,1,8,445,8.6,3000,Yes,No
CUST-01036,2024-04-03,April,4,Wednesday,Q2,35,Male,Lagos,Accountant,Premium,Credit Card,Agent Banking,750000,9185000,44,1,24,608,8.0,1900,No,No
CUST-01037,2024-11-02,November,11,Saturday,Q4,40,Male,Kano,Engineer,Corporate,Investment Fund,Branch,11465000,50913000,20,3,26,848,9.1,34400,No,No
CUST-01038,2024-07-23,July,7,Tuesday,Q3,44,Female,Port Harcourt,Lawyer,Premium,Credit Card,Mobile App,155000,202000,71,2,40,452,7.6,200,Yes,No
CUST-01039,2024-03-10,March,3,Sunday,Q1,34,Female,Port Harcourt,Doctor,Premium,Fixed Deposit,Branch,605000,7839000,97,5,32,740,8.6,1800,No,No
CUST-01040,2024-07-05,July,7,Friday,Q3,38,Male,Port Harcourt,Accountant,Premium,Mobile Loan,USSD,283000,3456000,7,2,1,664,7.1,600,No,No
CUST-01041,2024-09-06,September,9,Friday,Q3,43,Male,Lagos,Teacher,Retail,Mortgage,Branch,127000,309000,32,3,17,526,7.1,400,No,No
CUST-01042,2024-11-12,November,11,Tuesday,Q4,71,Male,Port Harcourt,Trader,SME,Credit Card,Mobile App,446000,1473000,12,2,7,549,5.9,400,No,No
CUST-01043,2024-07-09,July,7,Tuesday,Q3,33,Male,Ibadan,Farmer,Retail,Mobile Loan,Web Portal,26000,298000,79,3,20,425,6.6,0,No,No
CUST-01044,2024-03-15,March,3,Friday,Q1,39,Male,Enugu,Student,Student,Mortgage,Web Portal,10000,78000,84,3,30,363,5.9,0,No,No
CUST-01045,2024-10-13,October,10,Sunday,Q4,44,Male,Ibadan,Teacher,Retail,Current Account,Agent Banking,195000,1867000,92,3,27,622,6.2,500,Yes,No
CUST-01046,2024-03-23,March,3,Saturday,Q1,44,Male,Enugu,Student,Student,Insurance Plan,Mobile App,39000,250000,23,1,41,355,7.1,0,No,No
CUST-01047,2024-04-08,April,4,Monday,Q2,36,Male,Abuja,Doctor,Premium,Mobile Loan,Mobile App,272000,707000,17,2,28,502,4.9,300,Yes,No
CUST-01048,2024-06-06,June,6,Thursday,Q2,32,Male,Kano,Student,Student,Mobile Loan,Branch,11000,142000,54,5,19,610,8.1,0,No,No
CUST-01049,2024-03-22,March,3,Friday,Q1,55,Female,Abuja,Engineer,Corporate,Current Account,Web Portal,2146000,10770000,1,1,18,664,8.8,3200,Yes,No
CUST-01050,2024-12-24,December,12,Tuesday,Q4,41,Male,Kano,Civil Servant,Retail,Credit Card,Mobile App,236000,2435000,35,1,9,426,9.5,200,No,No
CUST-01051,2024-05-22,May,5,Wednesday,Q2,24,Male,Enugu,Civil Servant,Student,Mobile Loan,Mobile App,4000,12000,63,1,9,404,4.2,0,Yes,No
CUST-01052,2024-07-22,July,7,Monday,Q3,39,Female,Enugu,Civil Servant,Retail,Savings Account,Mobile App,109000,973000,112,2,42,560,3.7,100,No,No
CUST-01053,2024-07-07,July,7,Sunday,Q3,18,Male,Lagos,Civil Servant,Student,Savings Account,USSD,20000,34000,25,1,33,428,9.3,0,No,No
CUST-01054,2024-10-15,October,10,Tuesday,Q4,39,Female,Kano,Student,Student,Insurance Plan,Branch,54000,254000,104,3,6,328,5.2,200,No,No
CUST-01055,2024-09-12,September,9,Thursday,Q3,33,Male,Enugu,Doctor,Premium,Insurance Plan,Branch,1449000,2340000,114,2,13,628,6.7,4300,Yes,No
CUST-01056,2024-12-22,December,12,Sunday,Q4,45,Female,Ibadan,Entrepreneur,SME,Insurance Plan,Branch,764000,6588000,71,2,20,781,6.9,2300,No,No
CUST-01057,2024-10-28,October,10,Monday,Q4,38,Female,Ibadan,Accountant,Premium,Mobile Loan,Mobile App,1523000,1313000,106,2,9,567,6.6,1500,No,No
CUST-01058,2024-09-30,September,9,Monday,Q3,30,Female,Ibadan,Farmer,Retail,Mortgage,USSD,301000,2970000,98,1,29,715,5.3,600,Yes,No
CUST-01059,2024-01-04,January,1,Thursday,Q1,23,Female,Lagos,Entrepreneur,Student,Mortgage,Web Portal,7000,21000,100,1,15,564,9.5,0,No,No
CUST-01060,2024-08-15,August,8,Thursday,Q3,19,Female,Kano,Teacher,Student,Investment Fund,Web Portal,4000,17000,110,3,4,442,9.3,0,No,No
CUST-01061,2024-09-05,September,9,Thursday,Q3,20,Male,Kano,Farmer,Student,Mortgage,Mobile App,12000,174000,68,4,40,544,5.1,0,No,No
CUST-01062,2024-08-13,August,8,Tuesday,Q3,27,Female,Ibadan,Lawyer,Retail,Mortgage,Mobile App,125000,1259000,76,1,34,709,5.7,100,No,No
CUST-01063,2024-01-17,January,1,Wednesday,Q1,41,Male,Port Harcourt,Farmer,Retail,Mobile Loan,Branch,72000,343000,28,5,21,650,7.5,200,No,No
CUST-01064,2024-10-18,October,10,Friday,Q4,22,Female,Enugu,Trader,Student,Fixed Deposit,Web Portal,10000,37000,78,4,44,490,5.4,0,No,No
CUST-01065,2024-02-22,February,2,Thursday,Q1,53,Male,Enugu,Doctor,Corporate,Insurance Plan,USSD,1942000,9091000,43,1,11,766,6.2,3900,No,No
CUST-01066,2024-05-02,May,5,Thursday,Q2,27,Male,Kano,Civil Servant,Retail,Mortgage,Mobile App,129000,1061000,44,1,21,756,6.6,100,No,No
CUST-01067,2024-07-25,July,7,Thursday,Q3,25,Female,Enugu,Farmer,Retail,Investment Fund,Branch,104000,1336000,72,1,17,511,7.9,300,No,No
CUST-01068,2024-05-06,May,5,Monday,Q2,54,Male,Lagos,Accountant,Corporate,Insurance Plan,Web Portal,2885000,36346000,2,2,39,833,6.8,4300,No,No
CUST-01069,2024-12-27,December,12,Friday,Q4,19,Female,Port Harcourt,Doctor,Student,Insurance Plan,USSD,11000,137000,30,2,26,519,9.3,0,No,No
CUST-01070,2024-09-07,September,9,Saturday,Q3,37,Male,Lagos,Trader,SME,Credit Card,Branch,178000,876000,71,3,34,576,6.4,500,No,No
CUST-01071,2024-11-16,November,11,Saturday,Q4,33,Female,Abuja,Student,Student,Fixed Deposit,Web Portal,6000,21000,76,2,39,523,7.3,0,No,No
CUST-01072,2024-09-14,September,9,Saturday,Q3,28,Male,Port Harcourt,Farmer,Retail,Credit Card,Agent Banking,451000,5057000,76,2,35,584,5.1,1100,No,No
CUST-01073,2024-08-19,August,8,Monday,Q3,18,Female,Ibadan,Lawyer,Student,Mortgage,Mobile App,15000,69000,31,1,19,576,8.6,0,No,No
CUST-01074,2024-09-12,September,9,Thursday,Q3,26,Male,Port Harcourt,Accountant,Retail,Investment Fund,Mobile App,10000,27000,59,1,32,657,8.5,0,No,No
CUST-01075,2024-05-11,May,5,Saturday,Q2,24,Male,Port Harcourt,Entrepreneur,Student,Insurance Plan,Mobile App,8000,94000,27,5,28,483,6.3,0,Yes,No
CUST-01076,2024-04-24,April,4,Wednesday,Q2,35,Male,Enugu,Lawyer,Corporate,Fixed Deposit,Branch,2611000,32355000,119,2,15,720,9.2,7800,No,No
CUST-01077,2024-01-05,January,1,Friday,Q1,32,Male,Lagos,Farmer,Retail,Credit Card,Web Portal,55000,663000,63,2,34,756,6.5,100,No,No
CUST-01078,2024-04-21,April,4,Sunday,Q2,34,Female,Kano,Civil Servant,Retail,Mortgage,Branch,33000,136000,112,3,20,780,8.8,100,No,No
CUST-01079,2024-10-02,October,10,Wednesday,Q4,44,Male,Kano,Student,Student,Credit Card,Web Portal,18000,127000,96,4,41,326,9.5,0,No,No
CUST-01080,2024-04-27,April,4,Saturday,Q2,50,Female,Abuja,Farmer,Retail,Mortgage,Web Portal,203000,197000,58,4,25,524,7.8,300,No,No
CUST-01081,2024-07-28,July,7,Sunday,Q3,20,Female,Ibadan,Civil Servant,Student,Credit Card,Mobile App,24000,360000,43,4,15,324,8.3,0,No,No
CUST-01082,2024-01-06,January,1,Saturday,Q1,47,Male,Kano,Farmer,Retail,Current Account,Web Portal,63000,868000,25,2,41,524,9.0,100,Yes,No
CUST-01083,2024-05-10,May,5,Friday,Q2,41,Female,Port Harcourt,Doctor,Premium,Credit Card,Mobile App,411000,1094000,24,3,6,508,9.2,400,No,No
CUST-01084,2024-12-02,December,12,Monday,Q4,24,Female,Lagos,Trader,Student,Mortgage,USSD,34000,379000,82,2,2,514,9.2,100,No,No
CUST-01085,2024-05-15,May,5,Wednesday,Q2,32,Male,Ibadan,Teacher,Retail,Mobile Loan,Mobile App,51000,369000,120,2,5,717,7.2,100,No,No
CUST-01086,2024-05-21,May,5,Tuesday,Q2,35,Male,Abuja,Civil Servant,Retail,Mobile Loan,Branch,23000,80000,87,2,16,435,7.5,100,No,No
CUST-01087,2024-04-29,April,4,Monday,Q2,25,Female,Port Harcourt,Farmer,Retail,Savings Account,Web Portal,93000,451000,36,2,28,439,6.4,100,No,No
CUST-01088,2024-01-02,January,1,Tuesday,Q1,25,Male,Ibadan,Entrepreneur,SME,Fixed Deposit,Mobile App,541000,7460000,92,3,43,755,10.0,500,No,No
CUST-01089,2024-11-01,November,11,Friday,Q4,20,Female,Enugu,Farmer,Student,Fixed Deposit,Mobile App,46000,55000,63,1,38,466,6.2,0,No,No
CUST-01090,2024-10-13,October,10,Sunday,Q4,31,Male,Port Harcourt,Lawyer,Corporate,Credit Card,Branch,268000,1258000,11,3,17,718,6.5,800,No,No
CUST-01091,2024-07-13,July,7,Saturday,Q3,47,Male,Lagos,Entrepreneur,SME,Fixed Deposit,Mobile App,85000,306000,82,3,36,551,9.1,100,No,No
CUST-01092,2024-03-11,March,3,Monday,Q1,34,Male,Lagos,Trader,SME,Mortgage,Branch,1050000,5756000,71,1,33,454,4.3,3200,No,No
CUST-01093,2024-08-10,August,8,Saturday,Q3,65,Male,Port Harcourt,Student,Student,Savings Account,Branch,34000,429000,96,5,11,357,6.1,100,No,No
CUST-01094,2024-09-05,September,9,Thursday,Q3,28,Female,Abuja,Entrepreneur,SME,Credit Card,Mobile App,157000,1890000,16,4,26,642,8.0,200,No,No
CUST-01095,2024-08-26,August,8,Monday,Q3,72,Female,Enugu,Farmer,Retail,Credit Card,Mobile App,51000,102000,5,5,30,730,9.0,100,Yes,No
CUST-01096,2024-07-01,July,7,Monday,Q3,29,Female,Abuja,Accountant,Retail,Investment Fund,Mobile App,93000,392000,63,3,31,526,8.0,100,No,No
CUST-01097,2024-05-13,May,5,Monday,Q2,20,Female,Abuja,Civil Servant,Student,Fixed Deposit,Mobile App,9000,132000,113,2,4,505,7.2,0,No,No
CUST-01098,2024-02-12,February,2,Monday,Q1,27,Male,Port Harcourt,Civil Servant,Retail,Credit Card,Mobile App,35000,160000,7,4,24,483,4.8,0,No,No
CUST-01099,2024-04-25,April,4,Thursday,Q2,49,Female,Lagos,Civil Servant,Retail,Mortgage,Mobile App,1356000,16678000,43,4,32,726,7.7,1400,No,No
CUST-01100,2024-07-18,July,7,Thursday,Q3,32,Female,Lagos,Trader,SME,Insurance Plan,Mobile App,220000,1726000,92,2,18,626,9.4,200,No,No
CUST-01101,2024-08-08,August,8,Thursday,Q3,37,Female,Ibadan,Civil Servant,Retail,Insurance Plan,USSD,130000,1431000,30,1,14,764,9.3,300,No,No
CUST-01102,2024-06-22,June,6,Saturday,Q2,32,Male,Port Harcourt,Civil Servant,Retail,Current Account,Mobile App,62000,868000,1,2,10,614,6.5,100,No,No
CUST-01103,2024-11-04,November,11,Monday,Q4,24,Female,Lagos,Engineer,Student,Mortgage,Mobile App,3000,21000,95,5,11,306,7.7,0,No,No
CUST-01104,2024-08-21,August,8,Wednesday,Q3,37,Male,Ibadan,Farmer,Retail,Savings Account,Web Portal,119000,1200000,103,5,10,530,9.8,200,No,No
CUST-01105,2024-09-27,September,9,Friday,Q3,49,Female,Abuja,Engineer,Premium,Credit Card,Branch,7721000,21268000,18,3,38,470,5.9,23200,Yes,No
CUST-01106,2024-01-21,January,1,Sunday,Q1,37,Male,Ibadan,Teacher,Retail,Current Account,USSD,25000,61000,77,1,9,747,5.1,0,Yes,No
CUST-01107,2024-08-27,August,8,Tuesday,Q3,45,Male,Enugu,Doctor,Corporate,Current Account,Agent Banking,2710000,33852000,28,4,23,739,9.3,6800,No,No
CUST-01108,2024-06-05,June,6,Wednesday,Q2,45,Female,Enugu,Accountant,Corporate,Savings Account,Branch,1110000,4113000,58,2,31,843,5.9,3300,No,No
CUST-01109,2024-09-10,September,9,Tuesday,Q3,30,Male,Port Harcourt,Farmer,Retail,Mobile Loan,Agent Banking,255000,3799000,15,1,3,685,8.9,600,No,No
CUST-01110,2024-07-21,July,7,Sunday,Q3,34,Male,Port Harcourt,Civil Servant,Retail,Savings Account,Branch,153000,2045000,73,2,6,702,6.3,500,No,No
CUST-01111,2024-06-12,June,6,Wednesday,Q2,33,Male,Enugu,Farmer,Retail,Mortgage,Mobile App,21000,167000,107,3,9,521,7.1,0,Yes,No
CUST-01112,2024-01-29,January,1,Monday,Q1,34,Male,Port Harcourt,Accountant,Corporate,Investment Fund,Web Portal,6930000,41257000,18,1,21,680,8.6,10400,No,No
CUST-01113,2024-11-12,November,11,Tuesday,Q4,38,Male,Port Harcourt,Entrepreneur,SME,Credit Card,Branch,615000,3927000,90,3,2,485,8.9,1800,No,No
CUST-01114,2024-11-30,November,11,Saturday,Q4,46,Female,Lagos,Doctor,Corporate,Fixed Deposit,Branch,13314000,188956000,113,3,20,792,7.2,39900,No,No
CUST-01115,2024-09-18,September,9,Wednesday,Q3,46,Male,Abuja,Teacher,Retail,Savings Account,USSD,37000,105000,81,2,4,662,9.0,100,No,No
CUST-01116,2024-06-14,June,6,Friday,Q2,42,Female,Ibadan,Farmer,Retail,Credit Card,Web Portal,193000,1982000,103,5,41,575,3.5,300,Yes,No
CUST-01117,2024-06-24,June,6,Monday,Q2,18,Female,Abuja,Accountant,Student,Mobile Loan,Web Portal,25000,311000,115,1,18,361,3.5,0,Yes,No
CUST-01118,2024-07-28,July,7,Sunday,Q3,37,Male,Kano,Teacher,Retail,Savings Account,Mobile App,182000,464000,5,5,37,796,9.8,200,No,No
CUST-01119,2024-07-11,July,7,Thursday,Q3,61,Female,Lagos,Engineer,Premium,Fixed Deposit,Web Portal,2240000,6809000,103,5,13,678,5.9,3400,No,No
CUST-01120,2024-03-09,March,3,Saturday,Q1,38,Male,Kano,Engineer,Corporate,Credit Card,Agent Banking,11560000,157023000,17,1,9,642,3.9,28900,No,No
CUST-01121,2024-11-17,November,11,Sunday,Q4,47,Female,Ibadan,Accountant,Corporate,Mobile Loan,Branch,3741000,6624000,99,5,26,817,7.0,11200,Yes,No
CUST-01122,2024-11-15,November,11,Friday,Q4,54,Male,Lagos,Student,Student,Savings Account,Mobile App,9000,111000,2,1,23,391,9.0,0,Yes,No
CUST-01123,2024-12-26,December,12,Thursday,Q4,30,Female,Port Harcourt,Engineer,Retail,Fixed Deposit,USSD,36000,107000,66,4,43,771,5.4,100,No,No
CUST-01124,2024-03-10,March,3,Sunday,Q1,30,Male,Port Harcourt,Lawyer,Retail,Mortgage,Branch,48000,447000,68,1,30,664,3.3,100,Yes,No
CUST-01125,2024-08-29,August,8,Thursday,Q3,18,Female,Kano,Doctor,Student,Insurance Plan,USSD,8000,12000,107,2,14,552,9.9,0,No,No
CUST-01126,2024-08-01,August,8,Thursday,Q3,40,Female,Ibadan,Engineer,Corporate,Investment Fund,Mobile App,6421000,37391000,17,1,32,645,7.4,6400,Yes,No
CUST-01127,2024-08-23,August,8,Friday,Q3,34,Male,Enugu,Teacher,Retail,Insurance Plan,Web Portal,101000,440000,64,2,35,784,8.1,200,Yes,No
CUST-01128,2024-07-13,July,7,Saturday,Q3,25,Male,Kano,Lawyer,Retail,Current Account,Mobile App,51000,710000,71,2,12,434,8.7,100,No,No
CUST-01129,2024-01-29,January,1,Monday,Q1,36,Male,Enugu,Farmer,Retail,Savings Account,Mobile App,990000,6990000,94,4,1,572,8.9,1000,No,No
CUST-01130,2024-01-10,January,1,Wednesday,Q1,26,Female,Port Harcourt,Student,Student,Mortgage,Mobile App,14000,21000,21,2,29,300,9.6,0,No,No
CUST-01131,2024-04-10,April,4,Wednesday,Q2,18,Female,Abuja,Trader,Student,Insurance Plan,USSD,15000,178000,103,1,13,394,7.9,0,No,No
CUST-01132,2024-10-15,October,10,Tuesday,Q4,65,Male,Abuja,Farmer,Retail,Current Account,Mobile App,65000,746000,8,2,10,732,4.8,100,Yes,No
CUST-01133,2024-04-11,April,4,Thursday,Q2,47,Female,Ibadan,Student,Student,Credit Card,Branch,9000,25000,97,1,31,529,7.2,0,No,No
CUST-01134,2024-04-15,April,4,Monday,Q2,51,Female,Kano,Entrepreneur,SME,Credit Card,Branch,617000,1339000,76,3,28,526,7.6,1900,No,No
CUST-01135,2024-04-25,April,4,Thursday,Q2,46,Female,Port Harcourt,Student,Student,Insurance Plan,Web Portal,4000,28000,90,2,10,354,10.0,0,Yes,No
CUST-01136,2024-05-05,May,5,Sunday,Q2,33,Female,Port Harcourt,Farmer,Retail,Savings Account,USSD,70000,367000,1,5,16,562,10.0,100,No,No
CUST-01137,2024-10-24,October,10,Thursday,Q4,38,Female,Enugu,Doctor,Corporate,Insurance Plan,USSD,7275000,12782000,112,2,18,698,8.6,14600,No,No
CUST-01138,2024-04-15,April,4,Monday,Q2,38,Female,Abuja,Teacher,Retail,Mobile Loan,Web Portal,38000,117000,108,1,30,627,6.1,100,Yes,No
CUST-01139,2024-06-03,June,6,Monday,Q2,37,Female,Abuja,Lawyer,Corporate,Investment Fund,Branch,275000,2727000,11,2,5,632,9.6,800,No,No
CUST-01140,2024-10-07,October,10,Monday,Q4,29,Male,Enugu,Lawyer,Retail,Fixed Deposit,Web Portal,217000,534000,94,2,17,527,6.3,300,No,No
CUST-01141,2024-11-13,November,11,Wednesday,Q4,64,Female,Ibadan,Accountant,Premium,Investment Fund,Web Portal,507000,7497000,107,2,21,623,9.8,800,No,No
CUST-01142,2024-10-08,October,10,Tuesday,Q4,46,Male,Lagos,Student,Student,Mortgage,USSD,14000,48000,62,2,5,420,7.0,0,No,No
CUST-01143,2024-04-05,April,4,Friday,Q2,41,Male,Abuja,Student,Student,Insurance Plan,Web Portal,21000,114000,93,5,44,326,9.4,0,Yes,No
CUST-01144,2024-01-19,January,1,Friday,Q1,62,Male,Lagos,Civil Servant,Retail,Current Account,Branch,74000,877000,116,3,16,471,5.4,200,No,No
CUST-01145,2024-05-11,May,5,Saturday,Q2,53,Male,Abuja,Lawyer,Corporate,Credit Card,Branch,288000,1025000,79,2,28,826,5.4,900,Yes,No
CUST-01146,2024-11-30,November,11,Saturday,Q4,33,Male,Lagos,Entrepreneur,SME,Investment Fund,USSD,647000,6828000,59,2,45,733,6.2,1300,No,No
CUST-01147,2024-09-25,September,9,Wednesday,Q3,41,Male,Ibadan,Student,Student,Mortgage,Web Portal,54000,608000,111,1,4,453,7.7,100,No,No
CUST-01148,2024-04-19,April,4,Friday,Q2,22,Female,Ibadan,Lawyer,Student,Mortgage,Mobile App,13000,97000,111,1,3,446,7.0,0,No,No
CUST-01149,2024-08-13,August,8,Tuesday,Q3,38,Male,Lagos,Entrepreneur,SME,Credit Card,Branch,424000,3867000,28,5,45,641,8.7,1300,Yes,No
CUST-01150,2024-09-03,September,9,Tuesday,Q3,52,Female,Enugu,Lawyer,Premium,Mobile Loan,Web Portal,1486000,2317000,102,1,6,473,7.3,2200,No,No
CUST-01151,2024-08-20,August,8,Tuesday,Q3,34,Female,Port Harcourt,Entrepreneur,SME,Credit Card,Branch,261000,1389000,38,3,6,655,6.4,800,No,No
CUST-01152,2024-04-27,April,4,Saturday,Q2,18,Female,Abuja,Trader,Student,Fixed Deposit,Mobile App,77000,1031000,28,3,39,592,7.9,100,No,No
CUST-01153,2024-10-26,October,10,Saturday,Q4,51,Male,Lagos,Farmer,Retail,Savings Account,Mobile App,158000,386000,85,2,5,513,8.9,200,Yes,No
CUST-01154,2024-11-20,November,11,Wednesday,Q4,18,Female,Kano,Teacher,Student,Current Account,Mobile App,24000,285000,47,2,6,511,6.2,0,No,No
CUST-01155,2024-04-13,April,4,Saturday,Q2,51,Male,Ibadan,Lawyer,Premium,Credit Card,Mobile App,547000,3974000,115,4,44,527,8.1,500,No,No
CUST-01156,2024-10-06,October,10,Sunday,Q4,23,Female,Lagos,Student,Student,Mortgage,Mobile App,19000,49000,13,3,15,562,5.9,0,No,No
CUST-01157,2024-08-15,August,8,Thursday,Q3,27,Female,Kano,Teacher,Retail,Current Account,USSD,55000,554000,24,2,21,588,6.4,100,No,No
CUST-01158,2024-11-09,November,11,Saturday,Q4,18,Male,Lagos,Civil Servant,Student,Mobile Loan,Mobile App,8000,106000,24,2,35,549,9.6,0,No,No
CUST-01159,2024-11-01,November,11,Friday,Q4,18,Female,Enugu,Student,Student,Credit Card,Agent Banking,27000,333000,84,1,32,489,7.3,100,No,No
CUST-01160,2024-06-10,June,6,Monday,Q2,22,Female,Enugu,Lawyer,Student,Mobile Loan,Branch,6000,15000,71,2,23,483,5.5,0,No,No
CUST-01161,2024-11-09,November,11,Saturday,Q4,33,Female,Ibadan,Student,Student,Mortgage,Branch,6000,41000,6,1,35,565,5.4,0,No,No
CUST-01162,2024-02-15,February,2,Thursday,Q1,43,Female,Abuja,Farmer,Retail,Insurance Plan,Web Portal,105000,1480000,78,5,43,688,6.4,200,No,No
CUST-01163,2024-10-05,October,10,Saturday,Q4,20,Female,Enugu,Doctor,Student,Current Account,Mobile App,15000,36000,87,2,29,585,6.7,0,No,No
CUST-01164,2024-09-07,September,9,Saturday,Q3,21,Male,Enugu,Farmer,Student,Savings Account,Mobile App,20000,156000,105,1,5,321,7.3,0,No,No
CUST-01165,2024-07-16,July,7,Tuesday,Q3,35,Male,Enugu,Trader,SME,Mobile Loan,Agent Banking,987000,1213000,82,1,45,546,6.1,2500,Yes,No
CUST-01166,2024-12-01,December,12,Sunday,Q4,35,Male,Kano,Accountant,Corporate,Credit Card,Web Portal,9868000,42034000,53,5,38,668,6.1,14800,Yes,No
CUST-01167,2024-05-25,May,5,Saturday,Q2,29,Male,Ibadan,Farmer,Retail,Savings Account,Mobile App,9000,117000,63,2,32,735,6.6,0,No,No
CUST-01168,2024-02-11,February,2,Sunday,Q1,39,Male,Lagos,Student,Student,Insurance Plan,Branch,27000,183000,66,2,11,442,6.6,100,No,No
CUST-01169,2024-09-25,September,9,Wednesday,Q3,53,Female,Port Harcourt,Trader,SME,Mobile Loan,Mobile App,1232000,5686000,15,1,4,512,6.1,1200,No,No
CUST-01170,2024-09-27,September,9,Friday,Q3,39,Male,Kano,Teacher,Retail,Savings Account,USSD,131000,932000,84,4,2,752,6.4,300,No,No
CUST-01171,2024-05-14,May,5,Tuesday,Q2,26,Female,Port Harcourt,Student,Student,Fixed Deposit,Agent Banking,19000,259000,66,3,35,497,7.7,0,Yes,No
CUST-01172,2024-12-13,December,12,Friday,Q4,25,Female,Lagos,Doctor,Retail,Savings Account,USSD,58000,311000,114,1,25,667,6.7,100,No,No
CUST-01173,2024-05-24,May,5,Friday,Q2,18,Female,Port Harcourt,Farmer,Student,Credit Card,Web Portal,17000,37000,34,1,14,351,9.5,0,No,No
CUST-01174,2024-12-10,December,12,Tuesday,Q4,55,Male,Lagos,Entrepreneur,SME,Savings Account,Agent Banking,310000,4531000,73,2,28,539,7.3,800,No,No
CUST-01175,2024-10-24,October,10,Thursday,Q4,39,Male,Abuja,Farmer,Retail,Mobile Loan,Mobile App,118000,321000,7,1,14,750,9.8,100,Yes,No
CUST-01176,2024-10-13,October,10,Sunday,Q4,31,Female,Abuja,Civil Servant,Retail,Current Account,Mobile App,127000,590000,31,2,19,531,6.4,100,No,No
CUST-01177,2024-07-25,July,7,Thursday,Q3,36,Female,Lagos,Entrepreneur,SME,Current Account,Branch,1125000,9976000,15,3,23,423,5.4,3400,No,No
CUST-01178,2024-04-04,April,4,Thursday,Q2,54,Female,Kano,Engineer,Corporate,Savings Account,Mobile App,2966000,3602000,55,2,22,843,5.6,3000,No,No
CUST-01179,2024-08-07,August,8,Wednesday,Q3,42,Male,Kano,Engineer,Premium,Mobile Loan,Web Portal,753000,10858000,67,2,45,705,7.0,1100,Yes,No
CUST-01180,2024-11-03,November,11,Sunday,Q4,40,Female,Lagos,Civil Servant,Retail,Mobile Loan,Mobile App,66000,98000,58,3,10,471,6.1,100,No,No
CUST-01181,2024-03-13,March,3,Wednesday,Q1,45,Male,Kano,Civil Servant,Retail,Credit Card,Branch,83000,705000,44,1,8,543,6.9,200,No,No
CUST-01182,2024-03-13,March,3,Wednesday,Q1,40,Female,Port Harcourt,Doctor,Premium,Investment Fund,Web Portal,968000,7886000,63,3,44,679,3.8,1500,No,No
CUST-01183,2024-07-22,July,7,Monday,Q3,45,Female,Abuja,Doctor,Corporate,Mortgage,Web Portal,2546000,23432000,25,1,35,721,6.4,3800,No,No
CUST-01184,2024-02-18,February,2,Sunday,Q1,55,Female,Enugu,Trader,SME,Credit Card,Mobile App,562000,7776000,114,3,30,673,9.2,600,No,No
CUST-01185,2024-06-24,June,6,Monday,Q2,18,Male,Port Harcourt,Farmer,Student,Fixed Deposit,Web Portal,13000,113000,8,1,10,497,4.8,0,Yes,No
CUST-01186,2024-05-09,May,5,Thursday,Q2,42,Female,Lagos,Civil Servant,Retail,Mobile Loan,Branch,242000,853000,38,3,45,663,4.5,700,No,No
CUST-01187,2024-01-06,January,1,Saturday,Q1,30,Male,Enugu,Lawyer,Retail,Current Account,Web Portal,113000,375000,119,2,42,552,5.5,200,No,No
CUST-01188,2024-10-14,October,10,Monday,Q4,39,Female,Port Harcourt,Engineer,Premium,Savings Account,USSD,1853000,24385000,75,4,44,625,7.2,3700,No,No
CUST-01189,2024-01-30,January,1,Tuesday,Q1,18,Female,Ibadan,Teacher,Student,Mortgage,Agent Banking,17000,114000,26,3,16,471,9.0,0,No,No
CUST-01190,2024-02-08,February,2,Thursday,Q1,39,Female,Port Harcourt,Farmer,Retail,Savings Account,Web Portal,133000,1811000,60,4,31,599,7.7,200,Yes,No
CUST-01191,2024-02-10,February,2,Saturday,Q1,51,Male,Port Harcourt,Engineer,Premium,Mobile Loan,Branch,338000,3632000,110,1,19,798,5.9,1000,Yes,No
CUST-01192,2024-08-20,August,8,Tuesday,Q3,18,Female,Enugu,Farmer,Student,Investment Fund,Mobile App,9000,25000,109,2,24,493,5.6,0,No,No
CUST-01193,2024-06-12,June,6,Wednesday,Q2,24,Male,Enugu,Farmer,Student,Current Account,Mobile App,14000,167000,22,2,16,435,6.1,0,No,No
CUST-01194,2024-06-03,June,6,Monday,Q2,22,Male,Enugu,Accountant,Student,Current Account,Web Portal,17000,159000,43,1,3,434,7.2,0,No,No
CUST-01195,2024-02-01,February,2,Thursday,Q1,38,Male,Ibadan,Doctor,Corporate,Investment Fund,Branch,22568000,125902000,75,4,30,847,10.0,67700,No,No
CUST-01196,2024-04-04,April,4,Thursday,Q2,43,Male,Kano,Student,Student,Mobile Loan,Mobile App,14000,106000,119,4,23,319,6.5,0,Yes,No
CUST-01197,2024-03-09,March,3,Saturday,Q1,18,Female,Enugu,Entrepreneur,Student,Savings Account,USSD,7000,36000,36,3,10,335,6.6,0,No,No
CUST-01198,2024-07-20,July,7,Saturday,Q3,49,Female,Enugu,Doctor,Premium,Current Account,Web Portal,772000,1326000,73,2,22,701,5.1,1200,No,No
CUST-01199,2024-02-04,February,2,Sunday,Q1,52,Male,Enugu,Entrepreneur,SME,Savings Account,Branch,68000,139000,37,3,44,653,6.7,200,No,No
CUST-01200,2024-07-20,July,7,Saturday,Q3,29,Male,Lagos,Accountant,Retail,Savings Account,USSD,161000,1593000,29,2,35,485,8.6,300,No,No
CUST-01201,2024-11-23,November,11,Saturday,Q4,43,Female,Abuja,Student,Student,Insurance Plan,Mobile App,47000,86000,24,4,23,586,8.5,0,No,No
CUST-01202,2024-07-27,July,7,Saturday,Q3,47,Female,Abuja,Farmer,Retail,Mortgage,Mobile App,81000,221000,9,4,3,466,7.4,100,No,No
CUST-01203,2024-07-30,July,7,Tuesday,Q3,41,Female,Lagos,Trader,SME,Savings Account,USSD,60000,364000,64,2,7,769,8.1,100,Yes,No
CUST-01204,2024-07-15,July,7,Monday,Q3,49,Male,Port Harcourt,Doctor,Premium,Mortgage,Branch,1705000,21442000,106,1,3,623,8.2,5100,No,No
CUST-01205,2024-07-09,July,7,Tuesday,Q3,25,Male,Abuja,Accountant,Retail,Savings Account,Mobile App,49000,396000,112,1,26,784,8.0,0,Yes,No
CUST-01206,2024-09-11,September,9,Wednesday,Q3,29,Male,Ibadan,Engineer,Retail,Savings Account,Mobile App,60000,437000,94,3,27,653,9.1,100,No,No
CUST-01207,2024-08-21,August,8,Wednesday,Q3,39,Male,Ibadan,Lawyer,Premium,Savings Account,Web Portal,25075000,20799000,44,2,37,798,6.3,37600,No,No
CUST-01208,2024-11-05,November,11,Tuesday,Q4,43,Male,Kano,Accountant,Corporate,Fixed Deposit,Web Portal,2553000,13823000,69,1,2,626,8.3,3800,No,No
CUST-01209,2024-11-03,November,11,Sunday,Q4,18,Male,Port Harcourt,Student,Student,Insurance Plan,Mobile App,35000,339000,51,4,19,436,6.8,0,No,No
CUST-01210,2024-07-31,July,7,Wednesday,Q3,31,Female,Kano,Entrepreneur,SME,Investment Fund,Web Portal,441000,4490000,86,2,33,494,3.2,700,No,No
CUST-01211,2024-06-30,June,6,Sunday,Q2,28,Female,Enugu,Accountant,Retail,Savings Account,Branch,150000,170000,12,4,5,571,7.0,400,No,No
CUST-01212,2024-11-01,November,11,Friday,Q4,45,Male,Enugu,Accountant,Corporate,Mobile Loan,Agent Banking,2377000,8915000,100,2,29,748,8.9,5900,No,No
CUST-01213,2024-12-09,December,12,Monday,Q4,55,Male,Enugu,Entrepreneur,SME,Current Account,Mobile App,108000,990000,85,1,31,696,9.7,100,Yes,No
CUST-01214,2024-09-14,September,9,Saturday,Q3,29,Male,Ibadan,Lawyer,Retail,Investment Fund,Mobile App,64000,496000,65,5,45,521,5.7,100,No,No
CUST-01215,2024-01-01,January,1,Monday,Q1,48,Female,Lagos,Lawyer,Premium,Fixed Deposit,Mobile App,1548000,3275000,118,5,37,527,9.2,1500,No,No
CUST-01216,2024-06-23,June,6,Sunday,Q2,52,Female,Port Harcourt,Farmer,Retail,Mobile Loan,Mobile App,251000,2781000,28,1,14,663,7.9,300,No,No
CUST-01217,2024-09-06,September,9,Friday,Q3,56,Male,Kano,Student,Student,Fixed Deposit,Mobile App,7000,66000,91,1,11,499,7.6,0,Yes,No
CUST-01218,2024-07-29,July,7,Monday,Q3,48,Male,Port Harcourt,Doctor,Corporate,Credit Card,Web Portal,13145000,48194000,7,1,13,774,5.7,19700,Yes,No
CUST-01219,2024-01-25,January,1,Thursday,Q1,55,Female,Ibadan,Farmer,Retail,Fixed Deposit,Mobile App,205000,2913000,54,5,24,745,7.4,200,Yes,No
CUST-01220,2024-11-04,November,11,Monday,Q4,36,Female,Enugu,Lawyer,Corporate,Mobile Loan,USSD,14866000,105551000,83,1,29,773,6.2,29700,Yes,Yes
CUST-01221,2024-05-12,May,5,Sunday,Q2,36,Female,Abuja,Entrepreneur,SME,Credit Card,Branch,81000,573000,102,3,3,505,6.9,200,Yes,No
CUST-01222,2024-04-18,April,4,Thursday,Q2,45,Female,Abuja,Civil Servant,Retail,Mortgage,Agent Banking,418000,2305000,69,4,19,757,5.3,1000,No,No
CUST-01223,2024-10-29,October,10,Tuesday,Q4,18,Male,Kano,Accountant,Student,Insurance Plan,USSD,12000,28000,47,1,19,542,6.6,0,No,No
CUST-01224,2024-04-24,April,4,Wednesday,Q2,36,Male,Ibadan,Lawyer,Premium,Insurance Plan,Web Portal,5658000,28904000,63,3,6,637,8.0,8500,No,Yes
CUST-01225,2024-06-01,June,6,Saturday,Q2,44,Male,Kano,Accountant,Corporate,Insurance Plan,Mobile App,3545000,47314000,38,1,36,726,6.1,3500,No,No
CUST-01226,2024-01-08,January,1,Monday,Q1,20,Male,Abuja,Doctor,Student,Mortgage,Mobile App,7000,55000,3,4,32,579,6.8,0,No,No
CUST-01227,2024-05-23,May,5,Thursday,Q2,33,Female,Enugu,Farmer,Retail,Insurance Plan,USSD,49000,716000,33,1,31,689,7.3,100,No,No
CUST-01228,2024-01-30,January,1,Tuesday,Q1,36,Male,Abuja,Teacher,Retail,Insurance Plan,USSD,193000,2568000,113,1,5,451,8.0,400,No,No
CUST-01229,2024-12-13,December,12,Friday,Q4,41,Female,Enugu,Trader,SME,Insurance Plan,Branch,319000,4668000,63,4,2,454,6.8,1000,Yes,No
CUST-01230,2024-06-08,June,6,Saturday,Q2,28,Male,Enugu,Teacher,Retail,Savings Account,Mobile App,186000,422000,26,1,2,577,5.4,200,No,No
CUST-01231,2024-05-23,May,5,Thursday,Q2,32,Female,Ibadan,Teacher,Retail,Mortgage,USSD,42000,153000,85,1,12,712,5.6,100,No,No
CUST-01232,2024-02-26,February,2,Monday,Q1,36,Male,Ibadan,Civil Servant,Retail,Mobile Loan,Mobile App,45000,526000,19,2,11,548,4.7,0,No,No
CUST-01233,2024-12-02,December,12,Monday,Q4,33,Male,Lagos,Civil Servant,Retail,Credit Card,Branch,368000,2268000,109,2,5,547,6.5,1100,Yes,No
CUST-01234,2024-08-20,August,8,Tuesday,Q3,39,Male,Enugu,Trader,SME,Fixed Deposit,Branch,583000,4836000,86,3,4,449,8.0,1700,No,No
CUST-01235,2024-12-27,December,12,Friday,Q4,36,Female,Ibadan,Engineer,Premium,Credit Card,Web Portal,710000,2385000,43,4,38,491,8.6,1100,No,No
CUST-01236,2024-05-17,May,5,Friday,Q2,37,Male,Port Harcourt,Doctor,Premium,Mobile Loan,Mobile App,1886000,12431000,41,2,23,629,4.7,1900,No,No
CUST-01237,2024-11-05,November,11,Tuesday,Q4,30,Female,Ibadan,Teacher,Retail,Mortgage,Web Portal,47000,386000,119,3,20,639,5.6,100,No,No
CUST-01238,2024-07-10,July,7,Wednesday,Q3,28,Male,Port Harcourt,Student,Student,Current Account,Mobile App,11000,16000,111,1,36,487,6.4,0,No,No
CUST-01239,2024-01-29,January,1,Monday,Q1,43,Female,Ibadan,Trader,SME,Mortgage,Mobile App,156000,345000,22,2,42,765,10.0,200,No,No
CUST-01240,2024-06-28,June,6,Friday,Q2,35,Female,Port Harcourt,Doctor,Premium,Fixed Deposit,Agent Banking,177000,1767000,57,2,36,438,7.6,400,No,No
CUST-01241,2024-02-03,February,2,Saturday,Q1,47,Female,Abuja,Accountant,Premium,Credit Card,Agent Banking,962000,1612000,48,2,26,611,8.6,2400,No,No
CUST-01242,2024-03-27,March,3,Wednesday,Q1,54,Female,Enugu,Accountant,Corporate,Insurance Plan,Web Portal,7161000,70718000,71,2,19,817,10.0,10700,No,No
CUST-01243,2024-11-14,November,11,Thursday,Q4,27,Male,Enugu,Doctor,Retail,Savings Account,Web Portal,129000,864000,82,2,11,732,4.3,200,No,No
CUST-01244,2024-11-10,November,11,Sunday,Q4,57,Male,Ibadan,Doctor,Corporate,Fixed Deposit,Mobile App,515000,2579000,9,1,9,713,6.6,500,No,No
CUST-01245,2024-12-24,December,12,Tuesday,Q4,29,Female,Port Harcourt,Entrepreneur,SME,Fixed Deposit,USSD,855000,9106000,94,5,36,599,6.1,1700,No,No
CUST-01246,2024-12-23,December,12,Monday,Q4,52,Male,Abuja,Student,Student,Investment Fund,Branch,9000,69000,77,1,38,341,7.2,0,No,No
CUST-01247,2024-04-24,April,4,Wednesday,Q2,50,Female,Abuja,Civil Servant,Retail,Mortgage,Web Portal,40000,228000,32,3,16,483,6.4,100,Yes,No
CUST-01248,2024-06-09,June,6,Sunday,Q2,33,Male,Kano,Lawyer,Corporate,Investment Fund,Mobile App,3209000,4452000,23,2,26,735,3.5,3200,No,No
CUST-01249,2024-11-02,November,11,Saturday,Q4,38,Female,Abuja,Student,Student,Mobile Loan,Branch,33000,147000,65,3,34,400,8.9,100,No,No
CUST-01250,2024-11-28,November,11,Thursday,Q4,43,Male,Lagos,Doctor,Corporate,Current Account,Agent Banking,48419000,426982000,60,3,34,687,6.0,121000,No,No
CUST-01251,2024-03-24,March,3,Sunday,Q1,29,Female,Port Harcourt,Lawyer,Retail,Credit Card,Mobile App,397000,2417000,36,1,1,700,8.2,400,No,No
CUST-01252,2024-01-03,January,1,Wednesday,Q1,18,Male,Lagos,Doctor,Student,Current Account,USSD,5000,32000,99,1,1,457,9.0,0,No,No
CUST-01253,2024-09-12,September,9,Thursday,Q3,30,Male,Port Harcourt,Trader,SME,Mobile Loan,Branch,1042000,6029000,39,4,12,458,7.9,3100,No,No
CUST-01254,2024-08-15,August,8,Thursday,Q3,41,Female,Ibadan,Trader,SME,Mortgage,Branch,373000,3454000,30,2,32,521,6.0,1100,No,No
CUST-01255,2024-02-24,February,2,Saturday,Q1,41,Female,Ibadan,Trader,SME,Current Account,Mobile App,336000,4625000,10,1,33,558,7.0,300,Yes,No
CUST-01256,2024-02-14,February,2,Wednesday,Q1,34,Male,Port Harcourt,Civil Servant,Retail,Fixed Deposit,Mobile App,44000,605000,7,1,34,508,6.0,0,Yes,No
CUST-01257,2024-10-02,October,10,Wednesday,Q4,38,Female,Port Harcourt,Trader,SME,Mortgage,Branch,247000,805000,73,1,16,699,7.6,700,No,No
CUST-01258,2024-01-11,January,1,Thursday,Q1,39,Female,Enugu,Trader,SME,Credit Card,Branch,622000,6200000,6,1,12,601,7.6,1900,Yes,No
CUST-01259,2024-06-08,June,6,Saturday,Q2,45,Female,Port Harcourt,Engineer,Corporate,Mobile Loan,USSD,3975000,48040000,115,3,12,752,8.3,8000,No,No
CUST-01260,2024-02-26,February,2,Monday,Q1,31,Female,Enugu,Trader,SME,Insurance Plan,Web Portal,203000,675000,59,3,40,466,7.1,300,No,No
CUST-01261,2024-12-13,December,12,Friday,Q4,29,Female,Ibadan,Lawyer,Retail,Credit Card,USSD,71000,447000,61,4,9,729,5.3,100,No,No
CUST-01262,2024-04-20,April,4,Saturday,Q2,31,Male,Lagos,Engineer,Premium,Mortgage,Web Portal,1888000,21581000,18,1,5,490,8.5,2800,No,No
CUST-01263,2024-03-14,March,3,Thursday,Q1,32,Female,Lagos,Civil Servant,Retail,Fixed Deposit,Mobile App,399000,5181000,111,4,40,456,5.7,400,No,No
CUST-01264,2024-02-29,February,2,Thursday,Q1,69,Female,Abuja,Student,Student,Current Account,Web Portal,20000,137000,59,2,42,442,8.9,0,No,No
CUST-01265,2024-10-18,October,10,Friday,Q4,29,Male,Kano,Doctor,Retail,Mortgage,USSD,42000,428000,21,2,10,576,8.4,100,No,No
CUST-01266,2024-12-04,December,12,Wednesday,Q4,18,Female,Port Harcourt,Farmer,Student,Credit Card,Mobile App,14000,95000,18,1,27,352,7.9,0,Yes,No
CUST-01267,2024-12-11,December,12,Wednesday,Q4,36,Male,Lagos,Civil Servant,Retail,Mortgage,Agent Banking,533000,5005000,48,2,43,461,5.7,1300,No,No
CUST-01268,2024-05-28,May,5,Tuesday,Q2,38,Female,Port Harcourt,Entrepreneur,SME,Mobile Loan,Agent Banking,281000,2967000,101,1,8,645,5.8,700,No,No
CUST-01269,2024-09-08,September,9,Sunday,Q3,22,Female,Ibadan,Trader,Student,Insurance Plan,Web Portal,16000,84000,2,1,30,381,3.9,0,No,No
CUST-01270,2024-10-19,October,10,Saturday,Q4,37,Female,Abuja,Trader,SME,Fixed Deposit,Branch,435000,6340000,50,4,32,656,7.9,1300,No,No
CUST-01271,2024-01-18,January,1,Thursday,Q1,41,Male,Abuja,Farmer,Retail,Mortgage,Agent Banking,110000,563000,67,1,5,516,3.0,300,No,No
CUST-01272,2024-01-15,January,1,Monday,Q1,49,Female,Port Harcourt,Trader,SME,Mobile Loan,Branch,701000,5212000,109,3,4,719,5.0,2100,Yes,No
CUST-01273,2024-08-02,August,8,Friday,Q3,36,Male,Ibadan,Accountant,Premium,Insurance Plan,Branch,5924000,58297000,82,1,10,677,7.3,17800,No,No
CUST-01274,2024-10-17,October,10,Thursday,Q4,37,Female,Ibadan,Lawyer,Corporate,Investment Fund,Mobile App,6972000,67860000,51,3,31,841,5.0,7000,No,No
CUST-01275,2024-12-13,December,12,Friday,Q4,37,Female,Abuja,Civil Servant,Retail,Investment Fund,Web Portal,507000,6099000,83,2,18,727,9.6,800,Yes,No
CUST-01276,2024-03-24,March,3,Sunday,Q1,26,Female,Enugu,Doctor,Retail,Insurance Plan,USSD,250000,3019000,97,4,27,450,6.9,500,No,No
CUST-01277,2024-01-03,January,1,Wednesday,Q1,46,Female,Ibadan,Trader,SME,Credit Card,Branch,465000,4754000,108,5,17,541,5.0,1400,No,No
CUST-01278,2024-05-05,May,5,Sunday,Q2,31,Male,Enugu,Farmer,Retail,Fixed Deposit,Branch,74000,239000,13,4,19,478,9.3,200,No,No
CUST-01279,2024-01-03,January,1,Wednesday,Q1,23,Male,Abuja,Civil Servant,Student,Insurance Plan,USSD,10000,103000,32,4,12,337,6.2,0,No,No
CUST-01280,2024-07-25,July,7,Thursday,Q3,39,Male,Kano,Civil Servant,Retail,Savings Account,Mobile App,83000,731000,61,5,10,604,4.7,100,No,No
CUST-01281,2024-08-06,August,8,Tuesday,Q3,48,Male,Lagos,Farmer,Retail,Mobile Loan,USSD,98000,1190000,1,4,11,559,9.7,200,No,No
CUST-01282,2024-08-07,August,8,Wednesday,Q3,33,Female,Lagos,Farmer,Retail,Current Account,Mobile App,135000,679000,20,4,18,748,5.8,100,No,No
CUST-01283,2024-06-06,June,6,Thursday,Q2,53,Female,Abuja,Farmer,Retail,Credit Card,Branch,57000,614000,67,1,29,497,6.0,200,No,No
CUST-01284,2024-03-23,March,3,Saturday,Q1,57,Female,Port Harcourt,Trader,SME,Savings Account,Agent Banking,73000,371000,34,5,16,557,7.8,200,No,No
CUST-01285,2024-09-08,September,9,Sunday,Q3,46,Male,Ibadan,Student,Student,Savings Account,Mobile App,21000,80000,35,5,7,343,6.6,0,No,No
CUST-01286,2024-08-23,August,8,Friday,Q3,36,Male,Abuja,Accountant,Corporate,Insurance Plan,Web Portal,1312000,6851000,113,3,15,672,7.4,2000,No,No
CUST-01287,2024-11-03,November,11,Sunday,Q4,43,Female,Kano,Accountant,Premium,Credit Card,USSD,157000,1587000,87,2,6,490,6.5,300,No,No
CUST-01288,2024-05-09,May,5,Thursday,Q2,47,Female,Abuja,Civil Servant,Retail,Mortgage,Agent Banking,24000,132000,37,4,29,782,7.0,100,No,No
CUST-01289,2024-06-10,June,6,Monday,Q2,46,Female,Lagos,Lawyer,Premium,Current Account,Web Portal,782000,11683000,82,1,37,697,5.8,1200,No,No
CUST-01290,2024-08-25,August,8,Sunday,Q3,20,Female,Kano,Teacher,Student,Credit Card,USSD,7000,66000,51,2,22,360,5.2,0,Yes,No
CUST-01291,2024-05-29,May,5,Wednesday,Q2,55,Female,Enugu,Engineer,Premium,Current Account,Web Portal,1710000,20874000,17,2,31,620,2.8,2600,No,No
CUST-01292,2024-05-26,May,5,Sunday,Q2,31,Male,Kano,Farmer,Retail,Current Account,Agent Banking,66000,721000,29,4,5,668,7.5,200,Yes,No
CUST-01293,2024-07-14,July,7,Sunday,Q3,40,Female,Kano,Teacher,Retail,Investment Fund,Mobile App,84000,531000,80,3,45,784,7.8,100,No,No
CUST-01294,2024-07-07,July,7,Sunday,Q3,30,Female,Port Harcourt,Teacher,Retail,Savings Account,Mobile App,30000,80000,14,3,42,613,6.2,0,No,No
CUST-01295,2024-02-18,February,2,Sunday,Q1,27,Male,Kano,Civil Servant,Retail,Mobile Loan,Web Portal,165000,1369000,104,4,15,716,8.8,200,No,No
CUST-01296,2024-05-10,May,5,Friday,Q2,39,Male,Ibadan,Farmer,Retail,Savings Account,Mobile App,276000,1091000,69,2,3,708,9.2,300,Yes,No
CUST-01297,2024-06-13,June,6,Thursday,Q2,31,Female,Port Harcourt,Entrepreneur,SME,Credit Card,Web Portal,383000,1378000,76,3,9,645,3.7,600,No,No
CUST-01298,2024-07-16,July,7,Tuesday,Q3,24,Male,Ibadan,Lawyer,Student,Fixed Deposit,Web Portal,10000,125000,79,3,33,325,6.5,0,No,No
CUST-01299,2024-01-07,January,1,Sunday,Q1,36,Male,Enugu,Doctor,Premium,Insurance Plan,Mobile App,818000,10712000,85,1,11,749,8.6,800,No,No
CUST-01300,2024-12-28,December,12,Saturday,Q4,54,Male,Port Harcourt,Engineer,Premium,Credit Card,Mobile App,550000,2473000,1,1,1,682,5.0,600,No,No
CUST-01301,2024-07-24,July,7,Wednesday,Q3,52,Male,Ibadan,Student,Student,Savings Account,Branch,20000,164000,118,1,22,477,8.1,100,No,No
CUST-01302,2024-08-06,August,8,Tuesday,Q3,36,Male,Abuja,Civil Servant,Retail,Mortgage,Web Portal,96000,980000,99,2,32,569,8.7,100,No,No
CUST-01303,2024-01-10,January,1,Wednesday,Q1,19,Male,Abuja,Engineer,Student,Credit Card,Web Portal,15000,46000,13,2,38,535,7.6,0,No,No
CUST-01304,2024-07-15,July,7,Monday,Q3,30,Female,Kano,Trader,SME,Fixed Deposit,Web Portal,557000,4647000,106,2,45,578,8.3,800,Yes,No
CUST-01305,2024-07-18,July,7,Thursday,Q3,31,Male,Kano,Doctor,Premium,Fixed Deposit,Branch,1446000,15196000,97,4,16,597,8.7,4300,Yes,No
CUST-01306,2024-02-18,February,2,Sunday,Q1,40,Male,Kano,Trader,SME,Fixed Deposit,Branch,490000,3656000,26,1,24,548,5.4,1500,Yes,No
CUST-01307,2024-10-17,October,10,Thursday,Q4,59,Male,Abuja,Accountant,Corporate,Mortgage,Agent Banking,1903000,24259000,83,1,40,808,4.1,4800,No,No
CUST-01308,2024-06-18,June,6,Tuesday,Q2,47,Male,Port Harcourt,Civil Servant,Retail,Insurance Plan,Branch,72000,415000,110,1,14,584,4.1,200,Yes,No
CUST-01309,2024-11-21,November,11,Thursday,Q4,42,Male,Kano,Teacher,Retail,Insurance Plan,Branch,64000,331000,14,4,38,563,8.5,200,No,No
CUST-01310,2024-04-17,April,4,Wednesday,Q2,18,Female,Ibadan,Entrepreneur,Student,Savings Account,Mobile App,98000,1412000,113,5,6,363,7.6,100,No,No
CUST-01311,2024-05-17,May,5,Friday,Q2,18,Female,Kano,Accountant,Student,Fixed Deposit,Mobile App,5000,43000,40,1,44,593,6.5,0,No,No
CUST-01312,2024-07-03,July,7,Wednesday,Q3,38,Female,Lagos,Civil Servant,Retail,Mortgage,USSD,10000,96000,81,3,19,596,6.8,0,No,No
CUST-01313,2024-09-05,September,9,Thursday,Q3,42,Female,Abuja,Trader,SME,Savings Account,Mobile App,314000,4356000,13,2,1,704,7.5,300,No,No
CUST-01314,2024-02-18,February,2,Sunday,Q1,39,Male,Lagos,Trader,SME,Insurance Plan,Web Portal,845000,11059000,84,4,5,537,10.0,1300,No,No
CUST-01315,2024-09-19,September,9,Thursday,Q3,31,Female,Enugu,Teacher,Retail,Fixed Deposit,Web Portal,122000,993000,8,1,15,759,6.8,200,Yes,No
CUST-01316,2024-01-24,January,1,Wednesday,Q1,21,Male,Abuja,Civil Servant,Student,Mortgage,Mobile App,24000,70000,91,3,15,342,7.5,0,No,No
CUST-01317,2024-07-03,July,7,Wednesday,Q3,18,Female,Enugu,Doctor,Student,Mortgage,USSD,18000,71000,105,5,10,577,8.5,0,No,No
CUST-01318,2024-01-30,January,1,Tuesday,Q1,18,Female,Lagos,Lawyer,Student,Current Account,Mobile App,43000,201000,36,1,35,476,5.7,0,Yes,No
CUST-01319,2024-01-17,January,1,Wednesday,Q1,45,Male,Kano,Entrepreneur,SME,Fixed Deposit,Mobile App,1002000,11279000,35,3,34,747,6.5,1000,No,No
CUST-01320,2024-01-19,January,1,Friday,Q1,36,Female,Lagos,Doctor,Premium,Mobile Loan,USSD,4831000,7769000,70,5,23,430,7.5,9700,No,No
CUST-01321,2024-02-28,February,2,Wednesday,Q1,18,Male,Abuja,Teacher,Student,Current Account,Mobile App,9000,119000,23,3,26,516,7.1,0,No,No
CUST-01322,2024-06-21,June,6,Friday,Q2,37,Female,Enugu,Lawyer,Corporate,Mobile Loan,Mobile App,1452000,12200000,22,1,35,655,7.9,1500,No,No
CUST-01323,2024-03-08,March,3,Friday,Q1,45,Female,Lagos,Teacher,Retail,Current Account,Agent Banking,95000,903000,91,3,26,599,7.0,200,Yes,No
CUST-01324,2024-11-30,November,11,Saturday,Q4,42,Male,Lagos,Doctor,Premium,Insurance Plan,Mobile App,849000,2185000,55,1,23,737,4.9,800,No,No
CUST-01325,2024-03-02,March,3,Saturday,Q1,27,Female,Lagos,Student,Student,Fixed Deposit,Web Portal,4000,4000,79,3,32,593,8.3,0,Yes,No
CUST-01326,2024-03-01,March,3,Friday,Q1,18,Female,Ibadan,Farmer,Student,Credit Card,Mobile App,66000,753000,53,3,22,412,8.9,100,No,No
CUST-01327,2024-02-12,February,2,Monday,Q1,46,Female,Kano,Farmer,Retail,Credit Card,Web Portal,335000,3895000,45,4,2,508,7.1,500,No,No
CUST-01328,2024-03-09,March,3,Saturday,Q1,44,Female,Kano,Accountant,Premium,Fixed Deposit,Mobile App,153000,626000,108,3,1,771,7.8,200,No,No
CUST-01329,2024-06-03,June,6,Monday,Q2,23,Female,Lagos,Civil Servant,Student,Savings Account,USSD,26000,305000,96,4,7,441,4.4,100,Yes,No
CUST-01330,2024-11-15,November,11,Friday,Q4,35,Male,Ibadan,Lawyer,Premium,Current Account,Agent Banking,1630000,2462000,65,4,5,723,4.3,4100,Yes,No
CUST-01331,2024-01-28,January,1,Sunday,Q1,46,Female,Kano,Entrepreneur,SME,Fixed Deposit,Web Portal,90000,633000,13,2,24,774,3.6,100,Yes,No
CUST-01332,2024-12-28,December,12,Saturday,Q4,40,Female,Port Harcourt,Entrepreneur,SME,Current Account,Branch,371000,5322000,51,2,18,594,8.3,1100,No,No
CUST-01333,2024-12-13,December,12,Friday,Q4,24,Female,Kano,Engineer,Student,Mobile Loan,Mobile App,4000,12000,89,2,12,446,8.2,0,No,No
CUST-01334,2024-07-02,July,7,Tuesday,Q3,46,Male,Kano,Doctor,Corporate,Investment Fund,Agent Banking,2986000,39501000,11,2,12,644,8.2,7500,Yes,No
CUST-01335,2024-11-12,November,11,Tuesday,Q4,28,Male,Lagos,Trader,SME,Current Account,Mobile App,226000,1116000,1,1,19,742,7.2,200,No,No
CUST-01336,2024-01-04,January,1,Thursday,Q1,45,Female,Port Harcourt,Trader,SME,Mortgage,Agent Banking,77000,833000,23,3,43,515,5.5,200,Yes,No
CUST-01337,2024-02-22,February,2,Thursday,Q1,33,Female,Ibadan,Student,Student,Mobile Loan,Agent Banking,33000,241000,79,2,37,459,6.4,100,No,No
CUST-01338,2024-06-26,June,6,Wednesday,Q2,38,Female,Kano,Lawyer,Corporate,Fixed Deposit,USSD,3307000,25807000,110,3,15,674,10.0,6600,No,No
CUST-01339,2024-04-06,April,4,Saturday,Q2,36,Male,Kano,Student,Student,Savings Account,Mobile App,15000,185000,96,4,3,337,8.0,0,No,No
CUST-01340,2024-02-24,February,2,Saturday,Q1,56,Female,Abuja,Lawyer,Premium,Mobile Loan,Agent Banking,452000,4190000,63,2,2,704,7.1,1100,Yes,No
CUST-01341,2024-08-08,August,8,Thursday,Q3,34,Male,Enugu,Trader,SME,Savings Account,Web Portal,50000,398000,14,2,26,596,5.5,100,No,No
CUST-01342,2024-07-19,July,7,Friday,Q3,54,Female,Kano,Entrepreneur,SME,Fixed Deposit,Web Portal,1079000,5850000,64,3,42,625,6.6,1600,No,No
CUST-01343,2024-12-17,December,12,Tuesday,Q4,38,Male,Ibadan,Entrepreneur,SME,Mobile Loan,Branch,516000,673000,37,5,25,743,6.4,1500,Yes,No
CUST-01344,2024-01-08,January,1,Monday,Q1,50,Female,Abuja,Trader,SME,Investment Fund,Mobile App,315000,448000,10,2,34,732,8.6,300,No,No
CUST-01345,2024-04-26,April,4,Friday,Q2,62,Male,Port Harcourt,Trader,SME,Credit Card,Agent Banking,207000,1870000,44,4,36,453,7.2,500,No,No
CUST-01346,2024-05-25,May,5,Saturday,Q2,40,Male,Abuja,Engineer,Corporate,Fixed Deposit,Branch,19292000,173412000,88,2,23,797,8.5,57900,No,No
CUST-01347,2024-07-08,July,7,Monday,Q3,36,Female,Ibadan,Civil Servant,Retail,Current Account,Mobile App,137000,1363000,88,3,19,568,5.2,100,Yes,No
CUST-01348,2024-12-30,December,12,Monday,Q4,38,Female,Kano,Lawyer,Corporate,Credit Card,USSD,2531000,25225000,115,4,28,755,8.7,5100,No,No
CUST-01349,2024-06-26,June,6,Wednesday,Q2,43,Female,Ibadan,Lawyer,Premium,Mobile Loan,USSD,45000,413000,87,2,6,711,8.2,100,No,No
CUST-01350,2024-03-21,March,3,Thursday,Q1,29,Male,Enugu,Entrepreneur,SME,Fixed Deposit,USSD,315000,1770000,110,1,32,430,9.2,600,Yes,No
CUST-01351,2024-05-30,May,5,Thursday,Q2,19,Female,Enugu,Lawyer,Student,Credit Card,Agent Banking,24000,20000,31,1,41,455,5.8,100,Yes,No
CUST-01352,2024-12-21,December,12,Saturday,Q4,61,Female,Enugu,Teacher,Retail,Current Account,Web Portal,84000,605000,118,1,35,786,5.6,100,No,No
CUST-01353,2024-11-27,November,11,Wednesday,Q4,47,Female,Ibadan,Doctor,Corporate,Investment Fund,USSD,14640000,112650000,98,4,6,807,5.8,29300,No,No
CUST-01354,2024-07-29,July,7,Monday,Q3,32,Male,Lagos,Civil Servant,Retail,Mortgage,Branch,61000,708000,12,2,2,701,4.9,200,No,No
CUST-01355,2024-09-04,September,9,Wednesday,Q3,39,Male,Enugu,Doctor,Premium,Mobile Loan,Web Portal,5500000,62376000,119,1,13,611,6.0,8200,No,No
CUST-01356,2024-03-12,March,3,Tuesday,Q1,32,Male,Abuja,Entrepreneur,SME,Credit Card,Mobile App,1628000,14669000,57,3,19,714,7.1,1600,No,No
CUST-01357,2024-01-19,January,1,Friday,Q1,38,Male,Abuja,Accountant,Corporate,Credit Card,Mobile App,1321000,12565000,75,4,9,714,8.9,1300,No,No
CUST-01358,2024-06-06,June,6,Thursday,Q2,30,Male,Ibadan,Doctor,Retail,Mobile Loan,Web Portal,196000,473000,63,2,34,515,6.7,300,No,No
CUST-01359,2024-03-22,March,3,Friday,Q1,30,Male,Abuja,Trader,SME,Mobile Loan,USSD,426000,2234000,86,2,15,690,5.0,900,No,No
CUST-01360,2024-03-27,March,3,Wednesday,Q1,27,Female,Enugu,Engineer,Retail,Savings Account,Mobile App,608000,1509000,18,2,12,748,5.5,600,No,No
CUST-01361,2024-09-17,September,9,Tuesday,Q3,34,Female,Port Harcourt,Engineer,Corporate,Credit Card,Mobile App,585000,4329000,54,3,16,629,5.7,600,No,No
CUST-01362,2024-12-27,December,12,Friday,Q4,44,Female,Port Harcourt,Teacher,Retail,Mortgage,Agent Banking,821000,6634000,69,5,6,661,5.4,2100,Yes,No
CUST-01363,2024-10-23,October,10,Wednesday,Q4,29,Female,Lagos,Civil Servant,Retail,Investment Fund,Web Portal,46000,672000,115,4,14,712,6.0,100,Yes,No
CUST-01364,2024-03-16,March,3,Saturday,Q1,33,Female,Ibadan,Student,Student,Fixed Deposit,Web Portal,37000,131000,7,1,38,534,7.7,100,Yes,No
CUST-01365,2024-10-18,October,10,Friday,Q4,61,Female,Kano,Lawyer,Corporate,Insurance Plan,Web Portal,18026000,228680000,58,5,25,689,9.6,27000,Yes,No
CUST-01366,2024-04-20,April,4,Saturday,Q2,38,Female,Lagos,Lawyer,Premium,Savings Account,Agent Banking,587000,5418000,48,1,13,495,6.6,1500,No,No
CUST-01367,2024-08-14,August,8,Wednesday,Q3,19,Male,Enugu,Doctor,Student,Mobile Loan,Mobile App,10000,126000,23,3,42,574,4.4,0,Yes,No
CUST-01368,2024-03-23,March,3,Saturday,Q1,18,Female,Enugu,Student,Student,Credit Card,USSD,8000,10000,24,3,23,538,3.3,0,No,No
CUST-01369,2024-12-06,December,12,Friday,Q4,38,Male,Kano,Civil Servant,Retail,Savings Account,Branch,356000,545000,116,2,44,677,6.8,1100,No,No
CUST-01370,2024-12-09,December,12,Monday,Q4,51,Female,Ibadan,Accountant,Premium,Current Account,Branch,1413000,17593000,112,1,23,791,10.0,4200,Yes,No
CUST-01371,2024-02-20,February,2,Tuesday,Q1,40,Female,Lagos,Entrepreneur,SME,Insurance Plan,Branch,303000,3240000,76,5,44,748,6.2,900,Yes,No
CUST-01372,2024-10-11,October,10,Friday,Q4,44,Male,Ibadan,Civil Servant,Retail,Credit Card,Web Portal,23000,291000,82,2,22,714,3.9,0,Yes,No
CUST-01373,2024-10-13,October,10,Sunday,Q4,52,Male,Lagos,Farmer,Retail,Current Account,Branch,78000,521000,66,2,22,629,6.5,200,No,No
CUST-01374,2024-08-24,August,8,Saturday,Q3,24,Female,Abuja,Accountant,Student,Mobile Loan,Mobile App,34000,161000,116,2,28,358,7.7,0,No,No
CUST-01375,2024-12-07,December,12,Saturday,Q4,43,Male,Abuja,Teacher,Retail,Mobile Loan,Mobile App,26000,254000,112,5,42,769,8.1,0,No,No
CUST-01376,2024-05-05,May,5,Sunday,Q2,21,Male,Ibadan,Doctor,Student,Mobile Loan,Mobile App,17000,42000,17,1,18,502,7.5,0,Yes,No
CUST-01377,2024-01-18,January,1,Thursday,Q1,49,Male,Kano,Student,Student,Savings Account,Branch,11000,93000,78,2,7,326,9.2,0,Yes,No
CUST-01378,2024-12-27,December,12,Friday,Q4,39,Male,Kano,Doctor,Corporate,Mobile Loan,Web Portal,6436000,47264000,88,3,22,633,8.2,9700,Yes,No
CUST-01379,2024-05-22,May,5,Wednesday,Q2,18,Male,Kano,Trader,Student,Mortgage,Mobile App,9000,65000,34,4,5,569,7.7,0,No,No
CUST-01380,2024-06-09,June,6,Sunday,Q2,43,Male,Port Harcourt,Lawyer,Corporate,Insurance Plan,Mobile App,1288000,16026000,89,3,34,653,9.0,1300,No,No
CUST-01381,2024-06-24,June,6,Monday,Q2,32,Male,Kano,Farmer,Retail,Current Account,Mobile App,27000,130000,31,4,39,776,7.5,0,No,No
CUST-01382,2024-01-21,January,1,Sunday,Q1,41,Male,Kano,Lawyer,Corporate,Current Account,Web Portal,528000,3567000,42,3,43,689,8.1,800,No,No
CUST-01383,2024-01-11,January,1,Thursday,Q1,40,Male,Kano,Engineer,Premium,Insurance Plan,Branch,992000,3430000,49,3,16,566,7.2,3000,No,No
CUST-01384,2024-10-28,October,10,Monday,Q4,41,Female,Abuja,Engineer,Corporate,Fixed Deposit,Agent Banking,1450000,16913000,38,5,24,643,6.2,3600,Yes,No
CUST-01385,2024-04-06,April,4,Saturday,Q2,36,Female,Abuja,Lawyer,Corporate,Current Account,Branch,5395000,37860000,46,1,15,782,8.8,16200,Yes,No
CUST-01386,2024-07-08,July,7,Monday,Q3,36,Female,Ibadan,Civil Servant,Retail,Credit Card,Branch,122000,201000,20,4,29,650,6.9,400,No,No
CUST-01387,2024-06-22,June,6,Saturday,Q2,45,Male,Ibadan,Farmer,Retail,Credit Card,Branch,443000,4703000,78,5,11,632,4.9,1300,Yes,No
CUST-01388,2024-09-26,September,9,Thursday,Q3,22,Female,Enugu,Entrepreneur,Student,Savings Account,Mobile App,15000,170000,7,3,42,332,6.2,0,Yes,No
CUST-01389,2024-05-20,May,5,Monday,Q2,38,Male,Lagos,Entrepreneur,SME,Savings Account,Mobile App,1161000,11293000,95,2,21,775,6.7,1200,No,No
CUST-01390,2024-03-03,March,3,Sunday,Q1,32,Female,Abuja,Farmer,Retail,Current Account,USSD,213000,2158000,97,4,10,623,8.0,400,Yes,No
CUST-01391,2024-10-24,October,10,Thursday,Q4,59,Male,Abuja,Civil Servant,Retail,Current Account,USSD,248000,881000,108,1,27,762,8.1,500,No,No
CUST-01392,2024-10-08,October,10,Tuesday,Q4,32,Male,Port Harcourt,Trader,SME,Insurance Plan,Web Portal,2142000,6545000,74,4,45,482,6.5,3200,No,No
CUST-01393,2024-06-12,June,6,Wednesday,Q2,31,Female,Port Harcourt,Trader,SME,Investment Fund,Branch,606000,829000,83,3,40,444,10.0,1800,No,No
CUST-01394,2024-04-16,April,4,Tuesday,Q2,58,Male,Lagos,Student,Student,Insurance Plan,Mobile App,3000,8000,80,3,39,394,10.0,0,No,No
CUST-01395,2024-10-13,October,10,Sunday,Q4,47,Male,Kano,Doctor,Corporate,Fixed Deposit,Web Portal,4007000,35694000,117,1,20,667,4.6,6000,Yes,No
CUST-01396,2024-09-30,September,9,Monday,Q3,25,Female,Abuja,Teacher,Retail,Insurance Plan,Agent Banking,78000,1038000,90,5,35,751,7.8,200,No,No
CUST-01397,2024-11-15,November,11,Friday,Q4,32,Female,Ibadan,Trader,SME,Mobile Loan,USSD,396000,945000,114,4,33,712,5.3,800,No,No
CUST-01398,2024-11-28,November,11,Thursday,Q4,44,Male,Enugu,Entrepreneur,SME,Mobile Loan,Branch,744000,2474000,10,3,18,739,8.9,2200,No,No
CUST-01399,2024-07-16,July,7,Tuesday,Q3,47,Female,Port Harcourt,Farmer,Retail,Current Account,Branch,447000,1220000,41,1,41,429,8.6,1300,No,No
CUST-01400,2024-10-28,October,10,Monday,Q4,20,Male,Enugu,Engineer,Student,Mobile Loan,USSD,5000,73000,101,3,37,505,9.2,0,No,No
CUST-01401,2024-07-10,July,7,Wednesday,Q3,21,Female,Lagos,Doctor,Student,Mobile Loan,Branch,24000,106000,66,3,4,488,7.2,100,No,No
CUST-01402,2024-01-22,January,1,Monday,Q1,34,Female,Kano,Engineer,Premium,Savings Account,USSD,757000,10895000,59,2,30,782,8.0,1500,No,No
CUST-01403,2024-06-26,June,6,Wednesday,Q2,34,Male,Kano,Teacher,Retail,Savings Account,Mobile App,1014000,3065000,83,1,15,519,7.3,1000,Yes,No
CUST-01404,2024-02-28,February,2,Wednesday,Q1,20,Female,Lagos,Trader,Student,Investment Fund,Web Portal,33000,182000,64,1,9,340,6.5,0,No,No
CUST-01405,2024-06-18,June,6,Tuesday,Q2,53,Female,Ibadan,Farmer,Retail,Current Account,Web Portal,394000,2526000,57,4,37,434,5.6,600,No,No
CUST-01406,2024-02-15,February,2,Thursday,Q1,47,Male,Ibadan,Trader,SME,Mortgage,Web Portal,879000,5311000,62,4,18,708,7.8,1300,No,No
CUST-01407,2024-07-20,July,7,Saturday,Q3,23,Male,Abuja,Lawyer,Student,Savings Account,Mobile App,10000,60000,105,2,8,538,6.9,0,No,No
CUST-01408,2024-08-16,August,8,Friday,Q3,36,Male,Port Harcourt,Teacher,Retail,Current Account,Mobile App,440000,1576000,99,2,11,617,8.5,400,No,No
CUST-01409,2024-05-15,May,5,Wednesday,Q2,27,Female,Lagos,Student,Student,Insurance Plan,Mobile App,21000,194000,109,2,27,615,5.9,0,No,No
CUST-01410,2024-03-24,March,3,Sunday,Q1,32,Male,Kano,Trader,SME,Fixed Deposit,Web Portal,332000,1548000,26,2,10,552,8.7,500,No,No
CUST-01411,2024-11-06,November,11,Wednesday,Q4,34,Male,Enugu,Student,Student,Mortgage,Branch,5000,48000,89,2,27,611,7.5,0,No,No
CUST-01412,2024-05-07,May,5,Tuesday,Q2,34,Male,Lagos,Doctor,Corporate,Savings Account,Mobile App,2452000,2216000,93,3,4,655,7.5,2500,Yes,No
CUST-01413,2024-07-07,July,7,Sunday,Q3,44,Male,Ibadan,Civil Servant,Retail,Current Account,Mobile App,123000,1575000,61,1,40,574,5.4,100,No,No
CUST-01414,2024-10-10,October,10,Thursday,Q4,34,Male,Ibadan,Accountant,Premium,Current Account,Branch,996000,6325000,99,5,20,434,8.8,3000,No,No
CUST-01415,2024-09-26,September,9,Thursday,Q3,31,Female,Kano,Trader,SME,Mortgage,Mobile App,663000,8609000,56,3,19,720,7.9,700,No,No
CUST-01416,2024-02-24,February,2,Saturday,Q1,47,Male,Port Harcourt,Engineer,Premium,Insurance Plan,USSD,278000,4017000,117,2,38,424,9.1,600,No,No
CUST-01417,2024-01-12,January,1,Friday,Q1,20,Female,Ibadan,Lawyer,Student,Insurance Plan,USSD,24000,327000,53,1,34,469,8.8,0,No,No
CUST-01418,2024-11-11,November,11,Monday,Q4,34,Female,Abuja,Teacher,Retail,Investment Fund,Mobile App,63000,449000,72,2,42,724,7.1,100,Yes,No
CUST-01419,2024-07-18,July,7,Thursday,Q3,34,Female,Port Harcourt,Doctor,Corporate,Credit Card,Branch,4204000,5987000,118,1,31,674,4.7,12600,No,No
CUST-01420,2024-02-23,February,2,Friday,Q1,26,Male,Enugu,Engineer,Retail,Insurance Plan,USSD,118000,421000,108,3,40,738,7.2,200,No,No
CUST-01421,2024-10-18,October,10,Friday,Q4,30,Male,Kano,Farmer,Retail,Insurance Plan,Branch,978000,11725000,2,2,17,736,6.7,2900,Yes,No
CUST-01422,2024-05-28,May,5,Tuesday,Q2,55,Male,Ibadan,Entrepreneur,SME,Mortgage,Agent Banking,974000,7405000,46,1,6,614,6.4,2400,No,No
CUST-01423,2024-07-08,July,7,Monday,Q3,56,Male,Abuja,Student,Student,Mortgage,Mobile App,30000,183000,54,4,31,333,6.3,0,No,No
CUST-01424,2024-09-14,September,9,Saturday,Q3,46,Male,Kano,Doctor,Premium,Credit Card,Mobile App,1856000,5174000,101,1,14,799,7.4,1900,No,No
CUST-01425,2024-02-17,February,2,Saturday,Q1,20,Female,Kano,Farmer,Student,Mobile Loan,Mobile App,9000,82000,82,3,7,414,6.7,0,Yes,No
CUST-01426,2024-07-15,July,7,Monday,Q3,39,Male,Ibadan,Student,Student,Insurance Plan,Web Portal,28000,299000,84,1,22,397,5.5,0,No,No
CUST-01427,2024-03-10,March,3,Sunday,Q1,35,Female,Lagos,Lawyer,Corporate,Insurance Plan,Web Portal,753000,734000,39,2,16,843,7.1,1100,No,No
CUST-01428,2024-02-17,February,2,Saturday,Q1,28,Male,Kano,Doctor,Retail,Savings Account,Mobile App,164000,500000,96,5,33,482,5.2,200,Yes,No
CUST-01429,2024-07-26,July,7,Friday,Q3,52,Male,Lagos,Civil Servant,Retail,Mortgage,Branch,178000,581000,39,1,11,575,8.6,500,No,No
CUST-01430,2024-01-14,January,1,Sunday,Q1,50,Male,Lagos,Accountant,Premium,Mobile Loan,Agent Banking,311000,737000,99,3,13,770,8.6,800,No,No
CUST-01431,2024-09-14,September,9,Saturday,Q3,46,Male,Kano,Lawyer,Premium,Current Account,USSD,2006000,10073000,47,1,11,695,8.3,4000,No,No
CUST-01432,2024-09-26,September,9,Thursday,Q3,56,Male,Abuja,Accountant,Premium,Mobile Loan,Web Portal,1309000,10748000,16,2,16,667,5.6,2000,No,No
CUST-01433,2024-01-21,January,1,Sunday,Q1,43,Male,Abuja,Teacher,Retail,Credit Card,Mobile App,203000,2564000,36,2,26,781,8.6,200,No,No
CUST-01434,2024-04-24,April,4,Wednesday,Q2,56,Male,Ibadan,Trader,SME,Fixed Deposit,USSD,74000,365000,120,3,18,768,5.8,100,No,No
CUST-01435,2024-12-21,December,12,Saturday,Q4,21,Male,Kano,Student,Student,Investment Fund,Web Portal,14000,126000,43,3,41,388,9.2,0,Yes,No
CUST-01436,2024-02-15,February,2,Thursday,Q1,58,Female,Abuja,Accountant,Premium,Credit Card,Branch,175000,1058000,69,3,13,597,7.6,500,No,No
CUST-01437,2024-07-25,July,7,Thursday,Q3,57,Female,Lagos,Entrepreneur,SME,Mobile Loan,Mobile App,1130000,2323000,57,1,25,443,6.2,1100,No,No
CUST-01438,2024-09-24,September,9,Tuesday,Q3,58,Male,Port Harcourt,Accountant,Corporate,Credit Card,Branch,2292000,18494000,51,5,22,669,4.7,6900,No,No
CUST-01439,2024-08-06,August,8,Tuesday,Q3,55,Male,Ibadan,Entrepreneur,SME,Fixed Deposit,Branch,402000,5645000,4,3,6,687,8.5,1200,No,No
CUST-01440,2024-10-16,October,10,Wednesday,Q4,25,Male,Enugu,Doctor,Retail,Mobile Loan,USSD,68000,977000,101,3,40,518,9.1,100,Yes,No
CUST-01441,2024-07-14,July,7,Sunday,Q3,31,Male,Lagos,Farmer,Retail,Mortgage,Mobile App,503000,1309000,55,2,40,589,7.9,500,No,No
CUST-01442,2024-02-05,February,2,Monday,Q1,27,Female,Abuja,Accountant,Retail,Investment Fund,Mobile App,100000,1199000,107,1,12,445,6.7,100,Yes,No
CUST-01443,2024-04-20,April,4,Saturday,Q2,46,Male,Ibadan,Doctor,Corporate,Investment Fund,USSD,1855000,8564000,45,1,38,791,6.4,3700,Yes,No
CUST-01444,2024-11-30,November,11,Saturday,Q4,31,Male,Port Harcourt,Lawyer,Corporate,Insurance Plan,USSD,5285000,65295000,13,2,18,759,7.9,10600,No,No
CUST-01445,2024-04-01,April,4,Monday,Q2,30,Male,Abuja,Lawyer,Retail,Mobile Loan,Branch,190000,1181000,90,3,40,575,9.8,600,No,No
CUST-01446,2024-12-15,December,12,Sunday,Q4,23,Male,Ibadan,Lawyer,Student,Mobile Loan,Agent Banking,31000,381000,91,2,3,483,8.3,100,Yes,No
CUST-01447,2024-11-09,November,11,Saturday,Q4,20,Male,Port Harcourt,Accountant,Student,Mortgage,Mobile App,10000,91000,95,3,12,401,6.3,0,No,No
CUST-01448,2024-12-10,December,12,Tuesday,Q4,45,Male,Ibadan,Civil Servant,Retail,Mobile Loan,Agent Banking,85000,868000,89,2,32,447,2.5,200,Yes,No
CUST-01449,2024-11-10,November,11,Sunday,Q4,45,Female,Kano,Civil Servant,Retail,Mortgage,USSD,99000,277000,35,5,16,785,6.9,200,No,No
CUST-01450,2024-08-15,August,8,Thursday,Q3,50,Female,Port Harcourt,Student,Student,Fixed Deposit,Mobile App,15000,141000,99,1,9,455,8.1,0,No,No
CUST-01451,2024-06-11,June,6,Tuesday,Q2,29,Female,Abuja,Lawyer,Retail,Insurance Plan,Mobile App,159000,1778000,20,2,12,635,4.3,200,No,No
CUST-01452,2024-12-03,December,12,Tuesday,Q4,21,Female,Enugu,Teacher,Student,Fixed Deposit,Branch,8000,14000,95,2,13,321,6.1,0,Yes,No
CUST-01453,2024-03-06,March,3,Wednesday,Q1,39,Female,Abuja,Trader,SME,Mobile Loan,USSD,112000,309000,27,2,44,567,9.0,200,No,No
CUST-01454,2024-06-07,June,6,Friday,Q2,45,Male,Ibadan,Farmer,Retail,Investment Fund,USSD,75000,1040000,103,2,20,645,7.4,200,Yes,No
CUST-01455,2024-10-19,October,10,Saturday,Q4,18,Female,Abuja,Entrepreneur,Student,Mobile Loan,Mobile App,9000,125000,15,5,41,440,7.8,0,No,No
CUST-01456,2024-02-14,February,2,Wednesday,Q1,35,Female,Lagos,Doctor,Premium,Mortgage,Mobile App,2096000,3202000,24,4,13,561,6.0,2100,No,No
CUST-01457,2024-11-03,November,11,Sunday,Q4,21,Female,Ibadan,Accountant,Student,Current Account,Web Portal,21000,263000,4,2,23,575,7.3,0,No,No
CUST-01458,2024-10-13,October,10,Sunday,Q4,37,Male,Ibadan,Engineer,Premium,Mobile Loan,Web Portal,343000,617000,90,5,29,758,8.7,500,No,No
CUST-01459,2024-10-29,October,10,Tuesday,Q4,27,Male,Port Harcourt,Farmer,Retail,Savings Account,Mobile App,100000,790000,40,1,34,501,5.3,100,Yes,No
CUST-01460,2024-03-17,March,3,Sunday,Q1,34,Male,Lagos,Teacher,Retail,Current Account,Mobile App,116000,457000,110,5,11,782,8.4,100,No,No
CUST-01461,2024-09-16,September,9,Monday,Q3,29,Female,Abuja,Accountant,Retail,Mobile Loan,USSD,230000,960000,27,1,19,780,5.6,500,Yes,No
CUST-01462,2024-02-21,February,2,Wednesday,Q1,42,Male,Abuja,Farmer,Retail,Mortgage,Branch,64000,872000,118,1,25,677,10.0,200,Yes,No
CUST-01463,2024-03-21,March,3,Thursday,Q1,37,Male,Port Harcourt,Student,Student,Current Account,Mobile App,119000,1116000,115,4,5,436,5.3,100,No,No
CUST-01464,2024-11-18,November,11,Monday,Q4,33,Male,Ibadan,Lawyer,Premium,Insurance Plan,Branch,2003000,23641000,90,2,2,426,3.7,6000,Yes,No
CUST-01465,2024-02-06,February,2,Tuesday,Q1,60,Male,Kano,Doctor,Premium,Fixed Deposit,Mobile App,511000,3812000,62,2,19,458,3.7,500,No,No
CUST-01466,2024-02-07,February,2,Wednesday,Q1,19,Female,Lagos,Farmer,Student,Mortgage,Web Portal,8000,50000,92,5,44,417,7.5,0,No,No
CUST-01467,2024-07-07,July,7,Sunday,Q3,18,Female,Ibadan,Trader,Student,Current Account,USSD,34000,268000,80,3,4,479,9.5,100,Yes,No
CUST-01468,2024-03-24,March,3,Sunday,Q1,33,Male,Kano,Civil Servant,Retail,Savings Account,Branch,177000,444000,88,3,2,640,9.7,500,No,No
CUST-01469,2024-05-14,May,5,Tuesday,Q2,54,Female,Kano,Lawyer,Premium,Current Account,Branch,1344000,2063000,78,3,20,674,10.0,4000,Yes,No
CUST-01470,2024-11-08,November,11,Friday,Q4,18,Male,Kano,Lawyer,Student,Insurance Plan,Mobile App,58000,703000,42,2,36,419,8.4,100,Yes,No
CUST-01471,2024-08-31,August,8,Saturday,Q3,61,Female,Enugu,Farmer,Retail,Savings Account,Web Portal,81000,912000,91,2,8,523,4.9,100,Yes,No
CUST-01472,2024-08-17,August,8,Saturday,Q3,41,Male,Abuja,Lawyer,Corporate,Mortgage,USSD,1548000,15695000,83,3,12,639,8.1,3100,Yes,No
CUST-01473,2024-08-07,August,8,Wednesday,Q3,30,Female,Abuja,Civil Servant,Retail,Mobile Loan,USSD,103000,409000,92,3,14,496,6.3,200,Yes,No
CUST-01474,2024-11-05,November,11,Tuesday,Q4,29,Female,Ibadan,Trader,SME,Investment Fund,Mobile App,183000,298000,63,4,37,656,8.2,200,Yes,No
CUST-01475,2024-06-03,June,6,Monday,Q2,30,Female,Ibadan,Entrepreneur,SME,Current Account,Branch,150000,1203000,7,3,28,613,5.8,400,Yes,No
CUST-01476,2024-05-31,May,5,Friday,Q2,18,Female,Kano,Trader,Student,Investment Fund,Mobile App,19000,78000,83,1,12,319,5.4,0,No,No
CUST-01477,2024-02-28,February,2,Wednesday,Q1,39,Male,Enugu,Lawyer,Corporate,Investment Fund,Mobile App,2347000,34807000,35,1,6,730,9.6,2300,No,No
CUST-01478,2024-11-03,November,11,Sunday,Q4,38,Male,Port Harcourt,Accountant,Premium,Mortgage,Mobile App,416000,4336000,83,3,1,721,7.2,400,No,No
CUST-01479,2024-12-06,December,12,Friday,Q4,20,Male,Enugu,Entrepreneur,Student,Mobile Loan,Mobile App,18000,246000,42,1,14,510,8.4,0,No,No
CUST-01480,2024-11-17,November,11,Sunday,Q4,60,Female,Abuja,Farmer,Retail,Fixed Deposit,Branch,284000,3052000,47,2,32,665,7.1,900,No,No
CUST-01481,2024-02-13,February,2,Tuesday,Q1,43,Female,Port Harcourt,Teacher,Retail,Credit Card,Web Portal,60000,508000,97,2,16,725,8.2,100,No,No
CUST-01482,2024-10-20,October,10,Sunday,Q4,42,Male,Kano,Civil Servant,Retail,Mobile Loan,Web Portal,35000,415000,60,4,42,547,9.3,100,No,No
CUST-01483,2024-10-30,October,10,Wednesday,Q4,35,Female,Abuja,Doctor,Premium,Savings Account,USSD,3970000,14675000,110,1,43,548,7.1,7900,No,No
CUST-01484,2024-12-17,December,12,Tuesday,Q4,44,Female,Ibadan,Trader,SME,Insurance Plan,Agent Banking,260000,2347000,20,1,44,749,6.6,600,No,No
CUST-01485,2024-03-09,March,3,Saturday,Q1,26,Male,Lagos,Trader,SME,Current Account,Mobile App,348000,833000,82,2,12,708,8.5,300,Yes,No
CUST-01486,2024-12-16,December,12,Monday,Q4,44,Female,Enugu,Farmer,Retail,Fixed Deposit,Mobile App,283000,3218000,102,1,39,664,7.9,300,No,No
CUST-01487,2024-11-14,November,11,Thursday,Q4,33,Male,Abuja,Lawyer,Corporate,Insurance Plan,Web Portal,1641000,10990000,20,2,39,738,7.7,2500,No,No
CUST-01488,2024-08-30,August,8,Friday,Q3,39,Male,Abuja,Engineer,Corporate,Current Account,USSD,5113000,44587000,102,4,7,803,6.7,10200,No,No
CUST-01489,2024-09-26,September,9,Thursday,Q3,54,Male,Port Harcourt,Trader,SME,Current Account,Mobile App,501000,3803000,22,2,32,679,9.4,500,No,No
CUST-01490,2024-04-02,April,4,Tuesday,Q2,31,Female,Kano,Engineer,Premium,Credit Card,Branch,1379000,5363000,42,1,44,478,5.7,4100,Yes,No
CUST-01491,2024-09-17,September,9,Tuesday,Q3,52,Female,Ibadan,Engineer,Premium,Fixed Deposit,Branch,465000,6051000,98,1,41,662,4.2,1400,No,No
CUST-01492,2024-10-13,October,10,Sunday,Q4,37,Female,Abuja,Lawyer,Corporate,Fixed Deposit,Branch,6103000,89481000,28,1,24,659,4.1,18300,Yes,No
CUST-01493,2024-10-09,October,10,Wednesday,Q4,62,Female,Enugu,Entrepreneur,SME,Current Account,Web Portal,4588000,53020000,97,3,9,711,6.2,6900,No,No
CUST-01494,2024-07-09,July,7,Tuesday,Q3,18,Male,Ibadan,Engineer,Student,Mortgage,Mobile App,3000,33000,88,4,17,534,9.2,0,No,No
CUST-01495,2024-07-25,July,7,Thursday,Q3,48,Female,Kano,Farmer,Retail,Fixed Deposit,Mobile App,209000,2164000,93,2,6,680,10.0,200,No,No
CUST-01496,2024-01-26,January,1,Friday,Q1,39,Male,Abuja,Accountant,Premium,Mortgage,Mobile App,3021000,15981000,93,4,3,709,5.0,3000,No,No
CUST-01497,2024-01-22,January,1,Monday,Q1,26,Female,Port Harcourt,Farmer,Retail,Credit Card,Mobile App,360000,3490000,102,3,21,420,4.7,400,Yes,No
CUST-01498,2024-07-01,July,7,Monday,Q3,43,Female,Port Harcourt,Trader,SME,Savings Account,Web Portal,471000,4200000,40,3,9,697,5.2,700,Yes,No
CUST-01499,2024-07-22,July,7,Monday,Q3,40,Female,Kano,Civil Servant,Retail,Savings Account,USSD,186000,1779000,79,1,9,596,4.4,400,No,No
CUST-01500,2024-04-04,April,4,Thursday,Q2,38,Female,Abuja,Farmer,Retail,Fixed Deposit,Web Portal,71000,727000,34,3,20,720,7.4,100,No,No
CUST-01501,2024-06-06,June,6,Thursday,Q2,51,Female,Enugu,Doctor,Corporate,Investment Fund,USSD,2531000,8821000,40,2,43,807,10.0,5100,Yes,No
CUST-01502,2024-07-22,July,7,Monday,Q3,48,Female,Enugu,Farmer,Retail,Mortgage,Branch,186000,1966000,45,2,32,652,8.5,600,No,No
CUST-01503,2024-11-30,November,11,Saturday,Q4,41,Male,Lagos,Student,Student,Credit Card,Mobile App,26000,39000,116,1,23,563,5.9,0,Yes,No
CUST-01504,2024-12-12,December,12,Thursday,Q4,48,Male,Port Harcourt,Doctor,Corporate,Credit Card,Branch,1652000,4416000,81,4,44,637,7.6,5000,No,No
CUST-01505,2024-01-21,January,1,Sunday,Q1,33,Female,Ibadan,Entrepreneur,SME,Fixed Deposit,Branch,106000,929000,120,1,23,586,4.3,300,No,No
CUST-01506,2024-03-07,March,3,Thursday,Q1,43,Male,Port Harcourt,Trader,SME,Current Account,Mobile App,303000,264000,86,4,39,456,9.1,300,Yes,No
CUST-01507,2024-11-10,November,11,Sunday,Q4,56,Male,Enugu,Civil Servant,Retail,Savings Account,Branch,79000,393000,118,5,45,740,7.1,200,No,No
CUST-01508,2024-01-04,January,1,Thursday,Q1,66,Female,Kano,Accountant,Premium,Current Account,Branch,1105000,2341000,76,4,29,739,4.9,3300,No,No
CUST-01509,2024-09-24,September,9,Tuesday,Q3,43,Female,Ibadan,Trader,SME,Fixed Deposit,USSD,185000,797000,62,2,33,799,8.2,400,No,No
CUST-01510,2024-12-02,December,12,Monday,Q4,50,Male,Abuja,Farmer,Retail,Investment Fund,Mobile App,125000,950000,82,1,15,782,9.6,100,No,No
CUST-01511,2024-09-25,September,9,Wednesday,Q3,20,Male,Ibadan,Student,Student,Credit Card,Web Portal,4000,16000,33,3,12,447,4.6,0,No,No
CUST-01512,2024-01-02,January,1,Tuesday,Q1,18,Female,Port Harcourt,Accountant,Student,Insurance Plan,Mobile App,34000,350000,45,3,42,371,7.0,0,No,No
CUST-01513,2024-01-16,January,1,Tuesday,Q1,35,Male,Abuja,Engineer,Corporate,Fixed Deposit,Web Portal,850000,1928000,101,2,4,634,5.2,1300,No,No
CUST-01514,2024-05-06,May,5,Monday,Q2,39,Female,Enugu,Student,Student,Mortgage,Branch,26000,202000,62,4,3,379,9.6,100,No,No
CUST-01515,2024-02-04,February,2,Sunday,Q1,36,Female,Abuja,Civil Servant,Retail,Mobile Loan,Web Portal,109000,201000,90,2,22,705,8.5,200,No,No
CUST-01516,2024-03-15,March,3,Friday,Q1,47,Male,Abuja,Lawyer,Corporate,Insurance Plan,Branch,2904000,35484000,90,3,7,796,8.5,8700,No,No
CUST-01517,2024-12-25,December,12,Wednesday,Q4,49,Female,Abuja,Trader,SME,Mobile Loan,Mobile App,204000,2049000,7,5,20,708,9.2,200,No,No
CUST-01518,2024-02-20,February,2,Tuesday,Q1,48,Male,Port Harcourt,Engineer,Premium,Current Account,Web Portal,1394000,14274000,69,2,36,502,6.8,2100,No,No
CUST-01519,2024-11-30,November,11,Saturday,Q4,39,Female,Ibadan,Trader,SME,Credit Card,Mobile App,185000,1176000,52,2,16,560,9.2,200,No,No
CUST-01520,2024-10-11,October,10,Friday,Q4,44,Female,Abuja,Teacher,Retail,Credit Card,Agent Banking,925000,6663000,32,3,12,639,7.1,2300,No,No
CUST-01521,2024-04-21,April,4,Sunday,Q2,57,Male,Port Harcourt,Farmer,Retail,Savings Account,USSD,270000,3860000,117,2,12,793,7.3,500,No,No
CUST-01522,2024-09-02,September,9,Monday,Q3,37,Male,Enugu,Teacher,Retail,Fixed Deposit,Branch,221000,1248000,41,2,38,649,10.0,700,No,No
CUST-01523,2024-02-08,February,2,Thursday,Q1,51,Female,Kano,Trader,SME,Fixed Deposit,Branch,341000,4134000,79,1,10,730,6.4,1000,No,No
CUST-01524,2024-05-04,May,5,Saturday,Q2,18,Female,Lagos,Farmer,Student,Savings Account,USSD,8000,31000,60,1,8,420,6.8,0,No,No
CUST-01525,2024-08-13,August,8,Tuesday,Q3,30,Female,Enugu,Teacher,Retail,Insurance Plan,USSD,155000,982000,66,3,40,799,5.1,300,Yes,No
CUST-01526,2024-12-18,December,12,Wednesday,Q4,37,Male,Ibadan,Farmer,Retail,Investment Fund,Mobile App,62000,925000,54,3,10,562,8.3,100,No,No
CUST-01527,2024-02-09,February,2,Friday,Q1,36,Female,Abuja,Entrepreneur,SME,Mobile Loan,USSD,838000,11448000,3,4,6,711,8.8,1700,No,No
CUST-01528,2024-08-09,August,8,Friday,Q3,55,Female,Ibadan,Farmer,Retail,Mortgage,Web Portal,610000,4210000,106,2,43,555,6.6,900,No,No
CUST-01529,2024-05-21,May,5,Tuesday,Q2,36,Female,Port Harcourt,Accountant,Premium,Mortgage,Branch,86000,1120000,66,1,2,637,8.2,300,No,No
CUST-01530,2024-08-17,August,8,Saturday,Q3,34,Female,Ibadan,Engineer,Corporate,Current Account,Web Portal,10085000,94659000,31,1,34,650,8.0,15100,No,No
CUST-01531,2024-10-10,October,10,Thursday,Q4,36,Female,Lagos,Teacher,Retail,Investment Fund,Agent Banking,613000,2292000,73,1,4,775,7.7,1500,No,No
CUST-01532,2024-09-21,September,9,Saturday,Q3,38,Female,Ibadan,Accountant,Corporate,Insurance Plan,Agent Banking,1566000,15245000,105,4,2,717,6.2,3900,No,No
CUST-01533,2024-08-20,August,8,Tuesday,Q3,32,Female,Port Harcourt,Farmer,Retail,Fixed Deposit,Branch,183000,1462000,18,1,44,687,8.8,500,No,No
CUST-01534,2024-01-21,January,1,Sunday,Q1,50,Female,Lagos,Civil Servant,Retail,Mortgage,Agent Banking,123000,1101000,9,2,43,506,6.4,300,Yes,No
CUST-01535,2024-12-26,December,12,Thursday,Q4,37,Female,Kano,Trader,SME,Investment Fund,Mobile App,78000,306000,105,1,20,726,6.1,100,No,No
CUST-01536,2024-04-20,April,4,Saturday,Q2,39,Male,Abuja,Doctor,Corporate,Mortgage,Mobile App,4791000,43503000,36,2,45,723,5.7,4800,No,No
CUST-01537,2024-12-12,December,12,Thursday,Q4,62,Male,Ibadan,Accountant,Corporate,Investment Fund,Web Portal,571000,1253000,18,2,34,738,7.7,900,No,No
CUST-01538,2024-10-31,October,10,Thursday,Q4,31,Female,Abuja,Engineer,Corporate,Current Account,Branch,8354000,44828000,49,1,25,756,6.8,25100,No,No
CUST-01539,2024-08-20,August,8,Tuesday,Q3,41,Female,Lagos,Accountant,Corporate,Credit Card,USSD,474000,3067000,120,5,4,635,7.3,900,No,No
CUST-01540,2024-05-13,May,5,Monday,Q2,28,Male,Ibadan,Civil Servant,Retail,Mobile Loan,Web Portal,93000,1302000,16,4,21,641,5.6,100,No,No
CUST-01541,2024-02-02,February,2,Friday,Q1,51,Male,Kano,Farmer,Retail,Fixed Deposit,Web Portal,82000,852000,59,1,2,547,6.4,100,Yes,No
CUST-01542,2024-04-12,April,4,Friday,Q2,37,Female,Kano,Entrepreneur,SME,Fixed Deposit,Branch,616000,3609000,80,2,6,761,8.1,1800,Yes,No
CUST-01543,2024-12-29,December,12,Sunday,Q4,41,Female,Abuja,Entrepreneur,SME,Investment Fund,Web Portal,158000,2132000,4,1,42,736,7.0,200,Yes,No
CUST-01544,2024-10-01,October,10,Tuesday,Q4,19,Male,Kano,Doctor,Student,Mobile Loan,Mobile App,25000,197000,81,2,34,507,9.8,0,No,No
CUST-01545,2024-02-28,February,2,Wednesday,Q1,30,Female,Abuja,Civil Servant,Retail,Current Account,Branch,84000,176000,56,2,42,521,6.8,300,No,No
CUST-01546,2024-04-07,April,4,Sunday,Q2,54,Male,Lagos,Student,Student,Current Account,USSD,31000,120000,42,2,5,539,8.0,100,No,No
CUST-01547,2024-03-08,March,3,Friday,Q1,37,Male,Abuja,Engineer,Premium,Mortgage,Web Portal,111000,1170000,108,5,17,435,6.4,200,No,No
CUST-01548,2024-06-22,June,6,Saturday,Q2,31,Male,Lagos,Engineer,Premium,Mobile Loan,Mobile App,358000,5197000,64,4,26,582,7.3,400,No,No
CUST-01549,2024-04-03,April,4,Wednesday,Q2,39,Male,Abuja,Trader,SME,Credit Card,Branch,847000,10667000,13,4,32,536,7.9,2500,Yes,No
CUST-01550,2024-06-18,June,6,Tuesday,Q2,45,Female,Kano,Civil Servant,Retail,Insurance Plan,Mobile App,55000,58000,100,3,16,618,9.1,100,No,No
CUST-01551,2024-12-27,December,12,Friday,Q4,18,Male,Ibadan,Student,Student,Insurance Plan,Mobile App,15000,155000,105,1,22,337,5.9,0,No,No
CUST-01552,2024-10-28,October,10,Monday,Q4,34,Male,Abuja,Student,Student,Current Account,Mobile App,8000,74000,98,2,33,380,7.3,0,No,No
CUST-01553,2024-07-26,July,7,Friday,Q3,40,Male,Ibadan,Student,Student,Insurance Plan,USSD,25000,326000,25,1,14,605,8.5,0,Yes,No
CUST-01554,2024-03-21,March,3,Thursday,Q1,24,Female,Abuja,Farmer,Student,Mobile Loan,Mobile App,10000,147000,114,1,27,343,3.7,0,Yes,No
CUST-01555,2024-11-03,November,11,Sunday,Q4,42,Female,Enugu,Teacher,Retail,Insurance Plan,Branch,96000,174000,48,2,36,482,10.0,300,No,No
CUST-01556,2024-08-29,August,8,Thursday,Q3,30,Male,Enugu,Accountant,Retail,Credit Card,Branch,19000,120000,84,3,45,702,5.9,100,Yes,No
CUST-01557,2024-07-15,July,7,Monday,Q3,26,Female,Port Harcourt,Entrepreneur,SME,Mobile Loan,Mobile App,962000,792000,10,2,14,627,5.9,1000,No,No
CUST-01558,2024-05-24,May,5,Friday,Q2,47,Female,Abuja,Farmer,Retail,Mortgage,Agent Banking,166000,2050000,101,1,40,679,6.4,400,Yes,No
CUST-01559,2024-01-28,January,1,Sunday,Q1,63,Male,Kano,Accountant,Premium,Insurance Plan,Branch,1495000,22061000,79,1,12,753,5.3,4500,Yes,No
CUST-01560,2024-05-17,May,5,Friday,Q2,51,Male,Abuja,Student,Student,Mobile Loan,Branch,8000,72000,17,3,2,601,7.8,0,No,No
CUST-01561,2024-08-02,August,8,Friday,Q3,43,Female,Abuja,Accountant,Premium,Insurance Plan,Branch,1577000,8386000,23,2,44,444,9.3,4700,No,No
CUST-01562,2024-03-29,March,3,Friday,Q1,47,Female,Lagos,Farmer,Retail,Credit Card,Mobile App,145000,2158000,96,1,36,691,7.3,100,No,No
CUST-01563,2024-11-05,November,11,Tuesday,Q4,49,Male,Port Harcourt,Doctor,Premium,Credit Card,Agent Banking,1738000,21379000,37,1,6,476,5.6,4300,No,No
CUST-01564,2024-12-29,December,12,Sunday,Q4,35,Female,Enugu,Accountant,Premium,Credit Card,Web Portal,826000,1422000,70,4,40,609,8.5,1200,No,No
CUST-01565,2024-07-22,July,7,Monday,Q3,56,Female,Enugu,Engineer,Corporate,Credit Card,Mobile App,2322000,21816000,111,2,5,674,7.9,2300,No,No
CUST-01566,2024-03-06,March,3,Wednesday,Q1,22,Female,Kano,Entrepreneur,Student,Credit Card,USSD,13000,121000,64,1,36,480,7.4,0,Yes,No
CUST-01567,2024-03-27,March,3,Wednesday,Q1,37,Female,Lagos,Engineer,Premium,Mortgage,Agent Banking,784000,3028000,61,1,26,728,7.3,2000,Yes,No
CUST-01568,2024-04-24,April,4,Wednesday,Q2,36,Male,Lagos,Doctor,Corporate,Investment Fund,Agent Banking,2484000,14712000,39,1,18,715,10.0,6200,Yes,No
CUST-01569,2024-03-30,March,3,Saturday,Q1,51,Male,Abuja,Student,Student,Mobile Loan,Mobile App,28000,83000,82,1,9,448,6.2,0,No,No
CUST-01570,2024-04-22,April,4,Monday,Q2,47,Female,Lagos,Engineer,Corporate,Savings Account,Web Portal,5751000,84106000,70,3,23,647,10.0,8600,No,No
CUST-01571,2024-08-23,August,8,Friday,Q3,47,Female,Lagos,Trader,SME,Fixed Deposit,USSD,851000,1267000,97,3,32,488,7.2,1700,Yes,No
CUST-01572,2024-12-05,December,12,Thursday,Q4,48,Female,Enugu,Teacher,Retail,Savings Account,USSD,186000,1734000,119,3,30,508,7.0,400,No,No
CUST-01573,2024-11-26,November,11,Tuesday,Q4,55,Male,Lagos,Student,Student,Savings Account,Web Portal,4000,9000,20,4,30,510,7.7,0,Yes,No
CUST-01574,2024-07-25,July,7,Thursday,Q3,33,Male,Abuja,Entrepreneur,SME,Mobile Loan,Mobile App,540000,7400000,88,1,11,503,6.1,500,No,No
CUST-01575,2024-09-21,September,9,Saturday,Q3,40,Male,Kano,Doctor,Corporate,Mortgage,Web Portal,19855000,118243000,4,2,22,729,8.3,29800,No,No
CUST-01576,2024-06-14,June,6,Friday,Q2,29,Male,Port Harcourt,Lawyer,Retail,Investment Fund,Agent Banking,107000,1386000,22,2,36,664,8.6,300,Yes,No
CUST-01577,2024-09-13,September,9,Friday,Q3,42,Male,Ibadan,Trader,SME,Mobile Loan,Web Portal,350000,5037000,108,1,12,653,7.5,500,No,No
CUST-01578,2024-12-01,December,12,Sunday,Q4,26,Male,Ibadan,Accountant,Retail,Mobile Loan,Web Portal,42000,561000,55,2,20,733,7.6,100,No,No
CUST-01579,2024-03-22,March,3,Friday,Q1,43,Female,Kano,Accountant,Corporate,Mortgage,Agent Banking,326000,551000,104,2,10,695,7.1,800,No,No
CUST-01580,2024-12-20,December,12,Friday,Q4,51,Male,Enugu,Trader,SME,Current Account,Branch,1012000,12398000,84,2,7,601,9.7,3000,No,No
CUST-01581,2024-12-22,December,12,Sunday,Q4,38,Female,Ibadan,Doctor,Corporate,Investment Fund,Mobile App,41104000,597139000,78,2,12,688,4.1,41100,Yes,No
CUST-01582,2024-12-02,December,12,Monday,Q4,26,Female,Enugu,Teacher,Retail,Mobile Loan,Mobile App,98000,263000,85,1,35,456,4.2,100,Yes,No
CUST-01583,2024-12-09,December,12,Monday,Q4,30,Female,Abuja,Doctor,Retail,Credit Card,Web Portal,227000,1433000,114,4,29,791,10.0,300,No,No
CUST-01584,2024-07-08,July,7,Monday,Q3,43,Female,Ibadan,Engineer,Premium,Mortgage,Mobile App,226000,187000,40,2,26,620,8.6,200,No,No
CUST-01585,2024-06-29,June,6,Saturday,Q2,36,Male,Abuja,Accountant,Premium,Current Account,Web Portal,424000,5933000,94,4,36,621,9.9,600,No,No
CUST-01586,2024-06-30,June,6,Sunday,Q2,25,Female,Port Harcourt,Accountant,Retail,Mortgage,Mobile App,199000,1081000,38,1,41,420,8.7,200,No,No
CUST-01587,2024-03-24,March,3,Sunday,Q1,36,Male,Abuja,Farmer,Retail,Savings Account,USSD,170000,2016000,56,3,4,517,3.5,300,No,No
CUST-01588,2024-10-18,October,10,Friday,Q4,19,Male,Port Harcourt,Engineer,Student,Savings Account,Mobile App,3000,3000,36,3,27,528,9.6,0,No,No
CUST-01589,2024-08-23,August,8,Friday,Q3,24,Male,Ibadan,Civil Servant,Student,Mortgage,Mobile App,22000,219000,63,4,20,572,8.8,0,No,No
CUST-01590,2024-08-30,August,8,Friday,Q3,48,Male,Ibadan,Farmer,Retail,Mortgage,Branch,206000,924000,15,3,6,466,6.6,600,No,No
CUST-01591,2024-02-20,February,2,Tuesday,Q1,32,Male,Port Harcourt,Doctor,Corporate,Mobile Loan,Branch,3076000,5551000,89,4,29,648,8.2,9200,No,No
CUST-01592,2024-03-19,March,3,Tuesday,Q1,18,Female,Ibadan,Lawyer,Student,Mortgage,Mobile App,20000,51000,113,1,44,444,7.0,0,Yes,No
CUST-01593,2024-05-28,May,5,Tuesday,Q2,40,Male,Port Harcourt,Entrepreneur,SME,Savings Account,Branch,255000,1821000,32,2,37,472,9.1,800,No,No
CUST-01594,2024-09-06,September,9,Friday,Q3,62,Female,Ibadan,Lawyer,Corporate,Savings Account,Mobile App,1350000,1950000,29,1,18,756,7.6,1400,No,No
CUST-01595,2024-12-03,December,12,Tuesday,Q4,47,Female,Lagos,Student,Student,Insurance Plan,Web Portal,8000,91000,48,4,32,364,7.7,0,No,No
CUST-01596,2024-02-11,February,2,Sunday,Q1,38,Male,Abuja,Student,Student,Insurance Plan,Agent Banking,11000,28000,105,1,18,307,7.1,0,No,No
CUST-01597,2024-03-18,March,3,Monday,Q1,27,Male,Port Harcourt,Trader,SME,Current Account,Mobile App,296000,3531000,78,4,15,445,3.6,300,Yes,No
CUST-01598,2024-07-29,July,7,Monday,Q3,37,Male,Lagos,Entrepreneur,SME,Insurance Plan,USSD,453000,1041000,71,1,5,510,6.7,900,No,No
CUST-01599,2024-06-08,June,6,Saturday,Q2,37,Female,Ibadan,Entrepreneur,SME,Credit Card,Mobile App,319000,1774000,95,3,8,658,7.1,300,No,No
CUST-01600,2024-08-31,August,8,Saturday,Q3,24,Female,Port Harcourt,Entrepreneur,Student,Mobile Loan,Mobile App,43000,303000,14,1,41,378,7.8,0,No,No
CUST-01601,2024-03-25,March,3,Monday,Q1,28,Female,Enugu,Farmer,Retail,Fixed Deposit,USSD,109000,1418000,50,2,40,739,7.3,200,No,No
CUST-01602,2024-07-01,July,7,Monday,Q3,25,Female,Abuja,Engineer,Retail,Current Account,Mobile App,167000,896000,12,1,40,571,8.0,200,Yes,No
CUST-01603,2024-06-04,June,6,Tuesday,Q2,49,Male,Ibadan,Civil Servant,Retail,Fixed Deposit,Web Portal,80000,1009000,69,4,29,644,4.0,100,Yes,No
CUST-01604,2024-08-13,August,8,Tuesday,Q3,37,Male,Enugu,Entrepreneur,SME,Current Account,Web Portal,414000,1069000,8,1,31,437,7.0,600,Yes,No
CUST-01605,2024-04-22,April,4,Monday,Q2,32,Male,Port Harcourt,Teacher,Retail,Credit Card,Branch,87000,689000,6,4,40,597,9.6,300,No,No
CUST-01606,2024-05-10,May,5,Friday,Q2,43,Male,Lagos,Entrepreneur,SME,Mortgage,Mobile App,385000,5307000,110,5,4,788,4.9,400,No,No
CUST-01607,2024-10-24,October,10,Thursday,Q4,48,Female,Kano,Entrepreneur,SME,Investment Fund,Mobile App,268000,2556000,19,1,16,599,5.6,300,No,No
CUST-01608,2024-02-14,February,2,Wednesday,Q1,45,Male,Ibadan,Student,Student,Current Account,Branch,30000,417000,29,2,18,432,6.4,100,No,No
CUST-01609,2024-10-03,October,10,Thursday,Q4,39,Male,Abuja,Lawyer,Corporate,Current Account,Mobile App,2978000,3912000,40,3,20,785,9.5,3000,No,No
CUST-01610,2024-08-06,August,8,Tuesday,Q3,43,Female,Kano,Doctor,Premium,Fixed Deposit,Mobile App,399000,784000,44,2,24,457,7.0,400,No,No
CUST-01611,2024-04-05,April,4,Friday,Q2,39,Female,Lagos,Engineer,Corporate,Current Account,Web Portal,7367000,91893000,27,5,22,726,7.6,11100,No,No
CUST-01612,2024-10-14,October,10,Monday,Q4,53,Male,Ibadan,Student,Student,Investment Fund,Mobile App,36000,307000,33,1,36,513,6.7,0,No,No
CUST-01613,2024-08-02,August,8,Friday,Q3,42,Male,Ibadan,Engineer,Corporate,Investment Fund,Web Portal,5524000,29733000,16,2,36,766,6.7,8300,No,No
CUST-01614,2024-11-21,November,11,Thursday,Q4,32,Male,Kano,Doctor,Premium,Current Account,Branch,1787000,10016000,7,3,26,639,7.5,5400,No,No
CUST-01615,2024-06-01,June,6,Saturday,Q2,18,Female,Abuja,Student,Student,Credit Card,Web Portal,6000,62000,27,1,16,404,10.0,0,Yes,No
CUST-01616,2024-01-26,January,1,Friday,Q1,40,Female,Lagos,Entrepreneur,SME,Credit Card,Mobile App,367000,4671000,97,1,26,584,6.7,400,No,No
CUST-01617,2024-07-13,July,7,Saturday,Q3,30,Male,Abuja,Farmer,Retail,Credit Card,Mobile App,45000,515000,36,3,9,531,3.9,0,Yes,No
CUST-01618,2024-12-04,December,12,Wednesday,Q4,18,Male,Abuja,Doctor,Student,Current Account,Mobile App,17000,65000,54,1,40,455,6.1,0,No,No
CUST-01619,2024-06-23,June,6,Sunday,Q2,37,Male,Kano,Student,Student,Credit Card,Mobile App,9000,71000,2,3,13,571,9.5,0,No,No
CUST-01620,2024-04-20,April,4,Saturday,Q2,25,Female,Port Harcourt,Trader,SME,Savings Account,Mobile App,307000,873000,101,1,34,576,7.2,300,No,No
CUST-01621,2024-05-27,May,5,Monday,Q2,58,Male,Kano,Lawyer,Corporate,Fixed Deposit,Branch,1339000,6112000,63,5,21,645,8.6,4000,No,No
CUST-01622,2024-07-25,July,7,Thursday,Q3,21,Male,Ibadan,Doctor,Student,Savings Account,Branch,24000,152000,42,1,33,358,6.2,100,No,No
CUST-01623,2024-04-28,April,4,Sunday,Q2,18,Male,Abuja,Accountant,Student,Mortgage,Web Portal,14000,62000,37,2,13,531,5.4,0,Yes,No
CUST-01624,2024-01-07,January,1,Sunday,Q1,35,Female,Port Harcourt,Entrepreneur,SME,Savings Account,Branch,1220000,2651000,92,2,3,567,3.8,3700,Yes,No
CUST-01625,2024-09-21,September,9,Saturday,Q3,53,Female,Port Harcourt,Doctor,Corporate,Mortgage,USSD,4853000,25834000,63,2,16,665,7.5,9700,No,No
CUST-01626,2024-12-11,December,12,Wednesday,Q4,38,Female,Port Harcourt,Farmer,Retail,Insurance Plan,Branch,74000,150000,74,3,37,715,4.8,200,No,No
CUST-01627,2024-09-30,September,9,Monday,Q3,41,Male,Abuja,Engineer,Premium,Savings Account,Branch,203000,1852000,31,1,41,661,6.5,600,Yes,No
CUST-01628,2024-03-14,March,3,Thursday,Q1,39,Female,Ibadan,Lawyer,Corporate,Credit Card,Mobile App,1734000,25027000,32,3,7,730,4.9,1700,No,No
CUST-01629,2024-01-27,January,1,Saturday,Q1,36,Female,Ibadan,Engineer,Corporate,Mobile Loan,Branch,3553000,14009000,89,3,29,836,9.9,10700,No,No
CUST-01630,2024-11-16,November,11,Saturday,Q4,36,Female,Ibadan,Engineer,Corporate,Investment Fund,Branch,3367000,50436000,22,3,36,798,6.1,10100,No,No
CUST-01631,2024-09-08,September,9,Sunday,Q3,40,Male,Port Harcourt,Engineer,Corporate,Mobile Loan,Mobile App,517000,5131000,54,2,8,669,9.0,500,No,No
CUST-01632,2024-06-15,June,6,Saturday,Q2,61,Male,Kano,Lawyer,Premium,Mobile Loan,Branch,1306000,8205000,22,2,26,795,8.2,3900,No,No
CUST-01633,2024-06-23,June,6,Sunday,Q2,22,Male,Port Harcourt,Farmer,Student,Credit Card,Mobile App,8000,36000,102,2,25,551,5.8,0,No,No
CUST-01634,2024-02-14,February,2,Wednesday,Q1,27,Male,Lagos,Farmer,Retail,Fixed Deposit,Mobile App,427000,4612000,15,2,11,778,6.6,400,No,No
CUST-01635,2024-08-18,August,8,Sunday,Q3,30,Male,Port Harcourt,Civil Servant,Retail,Insurance Plan,Mobile App,47000,332000,86,4,21,429,3.1,0,No,No
CUST-01636,2024-05-28,May,5,Tuesday,Q2,42,Female,Kano,Doctor,Corporate,Insurance Plan,Agent Banking,1905000,17151000,26,4,28,819,8.8,4800,No,No
CUST-01637,2024-02-19,February,2,Monday,Q1,41,Female,Ibadan,Trader,SME,Fixed Deposit,Web Portal,164000,2026000,84,2,40,768,5.0,200,No,No
CUST-01638,2024-01-17,January,1,Wednesday,Q1,48,Female,Ibadan,Farmer,Retail,Insurance Plan,Branch,74000,982000,17,3,43,702,7.4,200,Yes,No
CUST-01639,2024-01-18,January,1,Thursday,Q1,39,Male,Abuja,Farmer,Retail,Current Account,USSD,48000,342000,83,1,33,684,6.1,100,No,No
CUST-01640,2024-12-13,December,12,Friday,Q4,50,Female,Lagos,Doctor,Premium,Current Account,Mobile App,2160000,17309000,64,3,31,758,7.7,2200,No,No
CUST-01641,2024-04-23,April,4,Tuesday,Q2,32,Male,Enugu,Entrepreneur,SME,Fixed Deposit,USSD,125000,314000,15,1,37,581,7.8,200,No,No
CUST-01642,2024-01-04,January,1,Thursday,Q1,46,Female,Ibadan,Entrepreneur,SME,Savings Account,Mobile App,861000,6150000,7,2,12,776,7.3,900,No,No
CUST-01643,2024-01-27,January,1,Saturday,Q1,47,Female,Lagos,Doctor,Corporate,Credit Card,Web Portal,1943000,4843000,89,2,35,837,7.6,2900,Yes,No
CUST-01644,2024-09-11,September,9,Wednesday,Q3,25,Female,Port Harcourt,Lawyer,Retail,Savings Account,Mobile App,100000,120000,48,1,35,535,5.4,100,No,No
CUST-01645,2024-09-21,September,9,Saturday,Q3,33,Male,Port Harcourt,Lawyer,Premium,Investment Fund,Branch,464000,6825000,20,3,34,468,8.5,1400,No,No
CUST-01646,2024-08-31,August,8,Saturday,Q3,49,Male,Kano,Farmer,Retail,Credit Card,Mobile App,160000,670000,35,1,33,487,6.7,200,No,No
CUST-01647,2024-04-30,April,4,Tuesday,Q2,29,Male,Ibadan,Student,Student,Fixed Deposit,Web Portal,27000,32000,116,1,3,402,9.1,0,No,No
CUST-01648,2024-03-22,March,3,Friday,Q1,34,Female,Port Harcourt,Student,Student,Credit Card,Mobile App,46000,200000,49,1,5,431,7.7,0,No,No
CUST-01649,2024-06-06,June,6,Thursday,Q2,29,Female,Port Harcourt,Student,Student,Fixed Deposit,Mobile App,25000,110000,85,3,25,382,6.6,0,No,No
CUST-01650,2024-06-17,June,6,Monday,Q2,36,Male,Kano,Farmer,Retail,Insurance Plan,Mobile App,66000,101000,98,2,33,421,6.1,100,No,No
CUST-01651,2024-11-18,November,11,Monday,Q4,56,Male,Abuja,Engineer,Corporate,Mobile Loan,Web Portal,3130000,16328000,1,1,2,666,6.6,4700,No,No
CUST-01652,2024-05-20,May,5,Monday,Q2,37,Female,Kano,Trader,SME,Mortgage,USSD,247000,897000,80,1,5,740,6.9,500,No,No
CUST-01653,2024-12-27,December,12,Friday,Q4,37,Female,Lagos,Doctor,Corporate,Insurance Plan,USSD,1027000,5550000,5,1,24,778,7.4,2100,Yes,No
CUST-01654,2024-04-09,April,4,Tuesday,Q2,48,Male,Abuja,Entrepreneur,SME,Savings Account,USSD,284000,4009000,21,4,23,756,7.5,600,No,No
CUST-01655,2024-04-01,April,4,Monday,Q2,33,Female,Port Harcourt,Teacher,Retail,Insurance Plan,Branch,242000,2719000,3,2,18,452,10.0,700,Yes,No
CUST-01656,2024-12-20,December,12,Friday,Q4,25,Female,Port Harcourt,Doctor,Retail,Insurance Plan,Mobile App,79000,80000,66,3,30,782,3.9,100,No,No
CUST-01657,2024-01-14,January,1,Sunday,Q1,22,Male,Lagos,Teacher,Student,Investment Fund,Web Portal,4000,60000,91,1,25,538,7.7,0,No,No
CUST-01658,2024-08-19,August,8,Monday,Q3,30,Male,Ibadan,Engineer,Retail,Mobile Loan,Branch,111000,1021000,54,1,3,518,5.8,300,Yes,No
CUST-01659,2024-02-14,February,2,Wednesday,Q1,41,Male,Lagos,Doctor,Premium,Mortgage,Agent Banking,1321000,3198000,11,3,9,496,8.6,3300,No,No
CUST-01660,2024-04-03,April,4,Wednesday,Q2,18,Female,Abuja,Doctor,Student,Insurance Plan,Web Portal,9000,78000,29,5,33,397,8.9,0,No,No
CUST-01661,2024-01-09,January,1,Tuesday,Q1,29,Male,Port Harcourt,Student,Student,Mortgage,Web Portal,6000,64000,9,4,42,336,7.2,0,No,No
CUST-01662,2024-06-03,June,6,Monday,Q2,26,Female,Kano,Accountant,Retail,Insurance Plan,Web Portal,165000,900000,69,1,8,712,4.8,200,Yes,No
CUST-01663,2024-04-22,April,4,Monday,Q2,25,Female,Port Harcourt,Student,Student,Investment Fund,Web Portal,8000,105000,120,3,28,470,4.9,0,No,No
CUST-01664,2024-07-20,July,7,Saturday,Q3,31,Female,Lagos,Teacher,Retail,Investment Fund,Web Portal,294000,3366000,62,3,9,489,8.2,400,No,No
CUST-01665,2024-03-13,March,3,Wednesday,Q1,32,Female,Kano,Doctor,Corporate,Credit Card,Mobile App,4065000,42756000,99,2,9,667,3.4,4100,No,No
CUST-01666,2024-08-07,August,8,Wednesday,Q3,18,Female,Enugu,Entrepreneur,Student,Mortgage,Web Portal,12000,41000,13,3,13,315,8.8,0,No,No
CUST-01667,2024-12-18,December,12,Wednesday,Q4,42,Female,Ibadan,Doctor,Premium,Mobile Loan,Branch,880000,4076000,33,1,15,585,8.3,2600,Yes,No
CUST-01668,2024-01-26,January,1,Friday,Q1,25,Male,Ibadan,Farmer,Retail,Investment Fund,USSD,448000,2576000,7,2,13,490,9.3,900,No,No
CUST-01669,2024-04-07,April,4,Sunday,Q2,32,Male,Abuja,Engineer,Corporate,Insurance Plan,Branch,13114000,84697000,74,5,13,783,8.1,39300,No,No
CUST-01670,2024-12-21,December,12,Saturday,Q4,36,Male,Lagos,Farmer,Retail,Insurance Plan,Web Portal,44000,281000,91,2,8,538,5.1,100,No,No
CUST-01671,2024-04-02,April,4,Tuesday,Q2,34,Female,Abuja,Entrepreneur,SME,Investment Fund,Web Portal,228000,339000,33,3,17,785,7.4,300,No,No
CUST-01672,2024-05-30,May,5,Thursday,Q2,22,Male,Port Harcourt,Lawyer,Student,Current Account,Mobile App,7000,34000,71,3,4,457,7.7,0,No,No
CUST-01673,2024-03-11,March,3,Monday,Q1,55,Female,Kano,Engineer,Corporate,Investment Fund,Web Portal,3035000,3789000,88,3,44,785,3.5,4600,No,No
CUST-01674,2024-04-23,April,4,Tuesday,Q2,26,Male,Port Harcourt,Civil Servant,Retail,Investment Fund,Mobile App,160000,290000,64,2,12,601,7.0,200,No,No
CUST-01675,2024-03-23,March,3,Saturday,Q1,44,Female,Lagos,Lawyer,Corporate,Mortgage,Branch,1550000,4833000,99,1,16,807,6.8,4600,No,No
CUST-01676,2024-09-25,September,9,Wednesday,Q3,38,Female,Enugu,Teacher,Retail,Current Account,Branch,99000,1149000,38,2,23,685,6.2,300,No,No
CUST-01677,2024-07-08,July,7,Monday,Q3,29,Female,Lagos,Doctor,Retail,Investment Fund,USSD,64000,475000,9,5,43,723,8.7,100,Yes,No
CUST-01678,2024-12-22,December,12,Sunday,Q4,53,Female,Enugu,Entrepreneur,SME,Credit Card,USSD,460000,1775000,119,2,28,426,5.8,900,No,No
CUST-01679,2024-05-16,May,5,Thursday,Q2,36,Female,Kano,Doctor,Premium,Savings Account,Agent Banking,217000,534000,25,1,20,768,6.3,500,Yes,No
CUST-01680,2024-06-27,June,6,Thursday,Q2,58,Male,Port Harcourt,Farmer,Retail,Current Account,Branch,112000,720000,48,3,24,566,6.7,300,No,No
CUST-01681,2024-07-06,July,7,Saturday,Q3,40,Female,Port Harcourt,Engineer,Premium,Fixed Deposit,Branch,951000,12760000,7,1,40,493,8.1,2900,Yes,No
CUST-01682,2024-05-02,May,5,Thursday,Q2,39,Male,Port Harcourt,Farmer,Retail,Credit Card,Web Portal,171000,417000,27,4,19,545,5.1,300,Yes,No
CUST-01683,2024-05-27,May,5,Monday,Q2,19,Male,Lagos,Teacher,Student,Mortgage,Mobile App,25000,78000,51,2,1,453,10.0,0,No,No
CUST-01684,2024-08-04,August,8,Sunday,Q3,30,Female,Kano,Entrepreneur,SME,Savings Account,Branch,2617000,18757000,35,5,20,463,6.3,7900,No,No
CUST-01685,2024-04-29,April,4,Monday,Q2,44,Male,Port Harcourt,Teacher,Retail,Credit Card,USSD,246000,362000,14,2,29,452,10.0,500,No,No
CUST-01686,2024-06-19,June,6,Wednesday,Q2,26,Male,Enugu,Trader,SME,Current Account,Web Portal,423000,5675000,48,2,44,654,8.5,600,No,No
CUST-01687,2024-05-10,May,5,Friday,Q2,25,Female,Port Harcourt,Civil Servant,Retail,Savings Account,Branch,17000,149000,117,4,32,739,5.6,100,No,No
CUST-01688,2024-11-09,November,11,Saturday,Q4,61,Female,Lagos,Entrepreneur,SME,Savings Account,Mobile App,107000,441000,11,3,31,717,5.5,100,Yes,No
CUST-01689,2024-05-27,May,5,Monday,Q2,34,Female,Enugu,Entrepreneur,SME,Current Account,Branch,931000,8135000,115,2,14,694,6.3,2800,Yes,No
CUST-01690,2024-03-01,March,3,Friday,Q1,39,Female,Lagos,Farmer,Retail,Current Account,Mobile App,49000,335000,30,3,38,473,3.8,0,Yes,No
CUST-01691,2024-03-06,March,3,Wednesday,Q1,47,Male,Ibadan,Lawyer,Corporate,Mortgage,Branch,1074000,14514000,89,4,20,655,7.9,3200,No,No
CUST-01692,2024-12-14,December,12,Saturday,Q4,43,Female,Lagos,Doctor,Corporate,Current Account,Web Portal,295000,4420000,49,2,18,847,8.4,400,No,No
CUST-01693,2024-11-23,November,11,Saturday,Q4,29,Female,Lagos,Trader,SME,Insurance Plan,Mobile App,519000,3220000,108,3,45,713,9.8,500,No,No
CUST-01694,2024-09-28,September,9,Saturday,Q3,49,Female,Abuja,Teacher,Retail,Credit Card,USSD,99000,473000,29,1,17,715,6.5,200,No,No
CUST-01695,2024-02-23,February,2,Friday,Q1,22,Female,Port Harcourt,Engineer,Student,Current Account,USSD,37000,555000,100,2,19,324,7.8,100,No,No
CUST-01696,2024-04-17,April,4,Wednesday,Q2,26,Female,Lagos,Trader,SME,Savings Account,USSD,347000,2831000,1,1,19,686,6.8,700,No,No
CUST-01697,2024-03-11,March,3,Monday,Q1,45,Female,Lagos,Entrepreneur,SME,Mobile Loan,Branch,45000,571000,108,1,13,449,9.6,100,No,No
CUST-01698,2024-12-10,December,12,Tuesday,Q4,49,Male,Ibadan,Lawyer,Corporate,Investment Fund,Branch,916000,10576000,1,1,34,663,7.8,2700,No,No
CUST-01699,2024-04-22,April,4,Monday,Q2,31,Female,Port Harcourt,Civil Servant,Retail,Mobile Loan,Agent Banking,16000,117000,42,1,18,500,8.1,0,No,No
CUST-01700,2024-06-04,June,6,Tuesday,Q2,44,Female,Enugu,Civil Servant,Retail,Savings Account,Web Portal,73000,605000,114,5,23,487,9.6,100,No,No
CUST-01701,2024-05-07,May,5,Tuesday,Q2,36,Female,Kano,Entrepreneur,SME,Investment Fund,Web Portal,135000,429000,60,4,39,789,2.9,200,Yes,No
CUST-01702,2024-03-06,March,3,Wednesday,Q1,44,Female,Abuja,Farmer,Retail,Insurance Plan,Branch,310000,1126000,88,2,7,645,2.4,900,No,No
CUST-01703,2024-04-13,April,4,Saturday,Q2,33,Female,Abuja,Engineer,Premium,Insurance Plan,Mobile App,1008000,8439000,1,2,33,420,8.4,1000,No,No
CUST-01704,2024-07-14,July,7,Sunday,Q3,43,Male,Enugu,Trader,SME,Investment Fund,Branch,131000,1257000,48,1,40,565,9.4,400,Yes,No
CUST-01705,2024-10-22,October,10,Tuesday,Q4,35,Male,Abuja,Civil Servant,Retail,Mobile Loan,Branch,169000,1339000,114,3,42,666,7.6,500,No,No
CUST-01706,2024-07-13,July,7,Saturday,Q3,59,Female,Abuja,Lawyer,Corporate,Savings Account,Branch,837000,986000,47,1,37,731,6.4,2500,No,No
CUST-01707,2024-11-23,November,11,Saturday,Q4,24,Male,Enugu,Doctor,Student,Mortgage,USSD,59000,314000,30,2,6,548,7.3,100,No,No
CUST-01708,2024-04-11,April,4,Thursday,Q2,18,Female,Ibadan,Civil Servant,Student,Mobile Loan,Mobile App,28000,225000,72,3,36,388,6.1,0,Yes,No
CUST-01709,2024-04-08,April,4,Monday,Q2,39,Female,Ibadan,Civil Servant,Retail,Mobile Loan,Mobile App,260000,3234000,100,2,41,619,8.1,300,No,No
CUST-01710,2024-08-16,August,8,Friday,Q3,37,Female,Port Harcourt,Teacher,Retail,Savings Account,Web Portal,453000,1323000,82,2,7,788,10.0,700,No,No
CUST-01711,2024-06-02,June,6,Sunday,Q2,29,Male,Port Harcourt,Student,Student,Mortgage,Branch,12000,35000,103,5,26,544,4.4,0,No,No
CUST-01712,2024-10-17,October,10,Thursday,Q4,43,Male,Port Harcourt,Civil Servant,Retail,Insurance Plan,Web Portal,413000,5271000,3,1,5,573,8.3,600,No,No
CUST-01713,2024-01-13,January,1,Saturday,Q1,28,Female,Enugu,Trader,SME,Mobile Loan,Agent Banking,1051000,1095000,2,5,31,655,9.0,2600,No,No
CUST-01714,2024-10-27,October,10,Sunday,Q4,46,Female,Ibadan,Doctor,Premium,Savings Account,Web Portal,535000,5299000,14,2,22,718,5.4,800,No,No
CUST-01715,2024-02-27,February,2,Tuesday,Q1,32,Male,Port Harcourt,Teacher,Retail,Current Account,Mobile App,55000,102000,46,3,13,720,8.7,100,No,No
CUST-01716,2024-02-10,February,2,Saturday,Q1,72,Female,Kano,Engineer,Premium,Credit Card,Branch,1367000,16839000,104,2,30,603,7.1,4100,No,No
CUST-01717,2024-10-02,October,10,Wednesday,Q4,18,Male,Abuja,Entrepreneur,Student,Fixed Deposit,USSD,12000,78000,104,1,19,572,4.0,0,Yes,No
CUST-01718,2024-06-19,June,6,Wednesday,Q2,37,Female,Kano,Lawyer,Premium,Mobile Loan,Mobile App,1791000,10492000,45,1,20,780,7.6,1800,Yes,No
CUST-01719,2024-01-01,January,1,Monday,Q1,46,Male,Lagos,Student,Student,Current Account,Branch,30000,372000,43,4,12,416,6.4,100,No,No
CUST-01720,2024-05-23,May,5,Thursday,Q2,55,Female,Lagos,Entrepreneur,SME,Credit Card,USSD,532000,5671000,55,1,30,575,8.7,1100,No,No
CUST-01721,2024-10-14,October,10,Monday,Q4,49,Male,Ibadan,Doctor,Premium,Fixed Deposit,Branch,2665000,25730000,43,2,2,768,5.1,8000,Yes,No
CUST-01722,2024-04-15,April,4,Monday,Q2,71,Male,Lagos,Student,Student,Insurance Plan,Agent Banking,22000,200000,87,3,11,524,5.0,100,No,No
CUST-01723,2024-09-05,September,9,Thursday,Q3,68,Female,Abuja,Civil Servant,Retail,Credit Card,USSD,169000,1296000,1,2,25,642,8.1,300,No,No
CUST-01724,2024-05-29,May,5,Wednesday,Q2,54,Female,Port Harcourt,Engineer,Corporate,Insurance Plan,Web Portal,773000,6541000,41,2,21,789,9.2,1200,No,No
CUST-01725,2024-08-09,August,8,Friday,Q3,35,Male,Ibadan,Doctor,Corporate,Mobile Loan,Mobile App,4683000,66923000,49,2,38,751,6.1,4700,Yes,No
CUST-01726,2024-05-16,May,5,Thursday,Q2,23,Female,Ibadan,Entrepreneur,Student,Credit Card,Mobile App,11000,104000,119,3,13,479,5.3,0,No,No
CUST-01727,2024-04-04,April,4,Thursday,Q2,44,Female,Ibadan,Engineer,Corporate,Current Account,Mobile App,587000,4416000,5,2,4,737,7.8,600,No,No
CUST-01728,2024-11-15,November,11,Friday,Q4,55,Female,Ibadan,Farmer,Retail,Mobile Loan,USSD,106000,499000,77,1,20,716,8.4,200,No,No
CUST-01729,2024-09-21,September,9,Saturday,Q3,49,Female,Abuja,Entrepreneur,SME,Mobile Loan,Mobile App,370000,1014000,59,1,16,791,4.1,400,Yes,No
CUST-01730,2024-09-20,September,9,Friday,Q3,47,Male,Ibadan,Engineer,Premium,Insurance Plan,Web Portal,1107000,14856000,80,1,12,513,5.7,1700,Yes,No
CUST-01731,2024-01-25,January,1,Thursday,Q1,39,Male,Kano,Trader,SME,Current Account,Web Portal,1297000,1146000,96,4,38,608,3.7,1900,No,No
CUST-01732,2024-02-19,February,2,Monday,Q1,36,Female,Lagos,Doctor,Corporate,Investment Fund,Web Portal,1382000,1768000,71,3,40,741,6.6,2100,No,No
CUST-01733,2024-04-17,April,4,Wednesday,Q2,35,Male,Ibadan,Trader,SME,Savings Account,Mobile App,195000,2398000,103,1,28,468,5.0,200,No,No
CUST-01734,2024-02-05,February,2,Monday,Q1,18,Male,Ibadan,Entrepreneur,Student,Credit Card,Mobile App,12000,128000,24,1,31,428,7.0,0,No,No
CUST-01735,2024-04-21,April,4,Sunday,Q2,36,Female,Abuja,Teacher,Retail,Fixed Deposit,Agent Banking,367000,1259000,19,5,37,524,8.1,900,No,No
CUST-01736,2024-12-20,December,12,Friday,Q4,34,Male,Port Harcourt,Trader,SME,Mortgage,USSD,267000,878000,6,2,4,675,8.7,500,No,No
CUST-01737,2024-10-05,October,10,Saturday,Q4,51,Female,Ibadan,Civil Servant,Retail,Investment Fund,USSD,49000,70000,46,1,6,735,5.3,100,No,No
CUST-01738,2024-04-14,April,4,Sunday,Q2,46,Male,Abuja,Teacher,Retail,Credit Card,Web Portal,89000,444000,63,2,28,554,9.0,100,Yes,No
CUST-01739,2024-05-03,May,5,Friday,Q2,46,Female,Kano,Farmer,Retail,Savings Account,Web Portal,59000,315000,70,5,4,523,7.1,100,Yes,No
CUST-01740,2024-05-28,May,5,Tuesday,Q2,49,Female,Ibadan,Engineer,Premium,Current Account,Web Portal,630000,3438000,56,1,39,764,8.8,900,No,No
CUST-01741,2024-08-07,August,8,Wednesday,Q3,39,Male,Kano,Accountant,Corporate,Savings Account,Mobile App,28853000,124055000,68,1,12,722,10.0,28900,No,No
CUST-01742,2024-12-02,December,12,Monday,Q4,18,Male,Ibadan,Student,Student,Mobile Loan,Agent Banking,56000,812000,10,2,27,563,8.1,100,No,No
CUST-01743,2024-05-21,May,5,Tuesday,Q2,51,Male,Ibadan,Student,Student,Credit Card,Mobile App,5000,29000,54,2,7,311,9.0,0,Yes,No
CUST-01744,2024-02-16,February,2,Friday,Q1,20,Female,Kano,Civil Servant,Student,Credit Card,Web Portal,30000,397000,116,5,33,425,7.1,0,No,No
CUST-01745,2024-08-21,August,8,Wednesday,Q3,33,Female,Lagos,Engineer,Premium,Current Account,Mobile App,835000,9425000,106,2,45,793,8.0,800,No,No
CUST-01746,2024-09-26,September,9,Thursday,Q3,24,Female,Enugu,Farmer,Student,Investment Fund,Mobile App,10000,75000,48,3,40,513,10.0,0,No,No
CUST-01747,2024-01-20,January,1,Saturday,Q1,46,Female,Abuja,Farmer,Retail,Current Account,Web Portal,86000,862000,104,2,10,624,4.4,100,No,No
CUST-01748,2024-05-21,May,5,Tuesday,Q2,47,Male,Enugu,Teacher,Retail,Credit Card,Mobile App,84000,501000,29,1,16,648,9.4,100,No,No
CUST-01749,2024-03-31,March,3,Sunday,Q1,40,Female,Port Harcourt,Trader,SME,Insurance Plan,Mobile App,86000,676000,97,5,8,442,6.3,100,Yes,No
CUST-01750,2024-07-08,July,7,Monday,Q3,40,Male,Port Harcourt,Trader,SME,Fixed Deposit,Mobile App,134000,940000,120,1,37,697,8.6,100,No,No
CUST-01751,2024-02-25,February,2,Sunday,Q1,47,Female,Kano,Teacher,Retail,Investment Fund,Branch,73000,424000,36,2,13,490,7.7,200,No,No
CUST-01752,2024-02-13,February,2,Tuesday,Q1,43,Male,Lagos,Engineer,Premium,Savings Account,Branch,418000,5842000,80,3,39,679,5.8,1300,No,No
CUST-01753,2024-08-06,August,8,Tuesday,Q3,31,Female,Ibadan,Entrepreneur,SME,Mortgage,USSD,310000,3372000,26,4,28,492,5.0,600,No,No
CUST-01754,2024-07-09,July,7,Tuesday,Q3,18,Male,Ibadan,Lawyer,Student,Current Account,Mobile App,76000,939000,15,5,28,569,4.7,100,No,No
CUST-01755,2024-05-14,May,5,Tuesday,Q2,51,Male,Abuja,Farmer,Retail,Credit Card,Branch,79000,647000,11,2,38,473,4.7,200,Yes,No
CUST-01756,2024-07-10,July,7,Wednesday,Q3,36,Male,Port Harcourt,Student,Student,Insurance Plan,USSD,26000,116000,2,1,27,378,8.8,100,No,No
CUST-01757,2024-11-30,November,11,Saturday,Q4,58,Male,Lagos,Trader,SME,Mobile Loan,Mobile App,226000,3371000,110,3,32,513,8.6,200,No,No
CUST-01758,2024-12-18,December,12,Wednesday,Q4,43,Female,Abuja,Civil Servant,Retail,Insurance Plan,Mobile App,142000,458000,19,2,35,624,9.2,100,No,No
CUST-01759,2024-07-23,July,7,Tuesday,Q3,44,Female,Port Harcourt,Lawyer,Premium,Investment Fund,Mobile App,624000,1574000,55,1,5,604,6.9,600,Yes,No
CUST-01760,2024-09-05,September,9,Thursday,Q3,38,Male,Port Harcourt,Farmer,Retail,Savings Account,Branch,94000,807000,26,2,27,535,9.9,300,No,No
CUST-01761,2024-02-02,February,2,Friday,Q1,33,Male,Kano,Doctor,Corporate,Savings Account,Web Portal,1669000,14041000,102,1,20,825,8.0,2500,No,No
CUST-01762,2024-06-16,June,6,Sunday,Q2,40,Female,Lagos,Trader,SME,Fixed Deposit,Web Portal,651000,8675000,8,3,10,607,4.2,1000,Yes,No
CUST-01763,2024-11-17,November,11,Sunday,Q4,32,Male,Lagos,Teacher,Retail,Fixed Deposit,Mobile App,162000,2285000,111,5,34,687,7.0,200,No,No
CUST-01764,2024-06-10,June,6,Monday,Q2,42,Male,Lagos,Farmer,Retail,Investment Fund,Mobile App,28000,397000,117,3,3,760,8.8,0,No,No
CUST-01765,2024-01-11,January,1,Thursday,Q1,43,Male,Lagos,Entrepreneur,SME,Investment Fund,Mobile App,120000,686000,120,2,42,458,8.1,100,Yes,No
CUST-01766,2024-01-05,January,1,Friday,Q1,24,Male,Port Harcourt,Trader,Student,Fixed Deposit,Mobile App,50000,103000,29,1,13,547,8.7,0,No,No
CUST-01767,2024-12-24,December,12,Tuesday,Q4,54,Male,Abuja,Engineer,Premium,Insurance Plan,Mobile App,839000,1259000,7,1,36,732,4.7,800,Yes,No
CUST-01768,2024-08-24,August,8,Saturday,Q3,31,Female,Abuja,Engineer,Premium,Insurance Plan,Web Portal,548000,739000,8,4,28,434,5.5,800,Yes,No
CUST-01769,2024-06-24,June,6,Monday,Q2,42,Female,Ibadan,Trader,SME,Insurance Plan,Mobile App,374000,3110000,83,4,23,708,9.4,400,No,No
CUST-01770,2024-05-23,May,5,Thursday,Q2,44,Male,Abuja,Doctor,Premium,Credit Card,Web Portal,1828000,5622000,101,2,6,499,6.4,2700,No,No
CUST-01771,2024-06-01,June,6,Saturday,Q2,22,Female,Port Harcourt,Lawyer,Student,Mobile Loan,USSD,14000,100000,21,3,16,579,8.1,0,No,No
CUST-01772,2024-01-27,January,1,Saturday,Q1,38,Male,Kano,Lawyer,Premium,Current Account,Mobile App,563000,4611000,43,5,24,630,7.9,600,No,No
CUST-01773,2024-09-26,September,9,Thursday,Q3,23,Female,Kano,Engineer,Student,Mobile Loan,Mobile App,9000,118000,17,1,29,595,3.5,0,Yes,No
CUST-01774,2024-04-04,April,4,Thursday,Q2,42,Male,Port Harcourt,Lawyer,Premium,Credit Card,Web Portal,4951000,5967000,58,2,42,590,10.0,7400,No,No
CUST-01775,2024-09-14,September,9,Saturday,Q3,54,Female,Enugu,Student,Student,Fixed Deposit,Branch,20000,277000,1,2,5,485,7.5,100,Yes,No
CUST-01776,2024-06-18,June,6,Tuesday,Q2,18,Female,Abuja,Engineer,Student,Current Account,Mobile App,23000,49000,109,2,23,481,6.4,0,No,No
CUST-01777,2024-09-04,September,9,Wednesday,Q3,51,Male,Kano,Civil Servant,Retail,Credit Card,Web Portal,194000,1322000,102,2,1,791,9.1,300,Yes,No
CUST-01778,2024-04-20,April,4,Saturday,Q2,31,Female,Kano,Trader,SME,Savings Account,Agent Banking,296000,2326000,59,1,45,572,7.2,700,Yes,No
CUST-01779,2024-09-11,September,9,Wednesday,Q3,43,Female,Abuja,Teacher,Retail,Fixed Deposit,Mobile App,405000,1286000,8,3,5,522,9.0,400,No,No
CUST-01780,2024-02-22,February,2,Thursday,Q1,18,Male,Lagos,Entrepreneur,Student,Credit Card,Web Portal,18000,112000,91,2,36,375,5.0,0,Yes,No
CUST-01781,2024-05-01,May,5,Wednesday,Q2,46,Female,Port Harcourt,Accountant,Corporate,Fixed Deposit,Mobile App,8330000,65418000,25,2,35,752,6.0,8300,No,No
CUST-01782,2024-02-03,February,2,Saturday,Q1,48,Female,Abuja,Student,Student,Insurance Plan,Mobile App,9000,56000,64,3,33,520,7.5,0,No,No
CUST-01783,2024-07-18,July,7,Thursday,Q3,47,Male,Kano,Trader,SME,Credit Card,Branch,2220000,3879000,6,1,39,794,6.6,6700,Yes,No
CUST-01784,2024-02-11,February,2,Sunday,Q1,21,Male,Ibadan,Trader,Student,Fixed Deposit,Agent Banking,35000,187000,47,3,10,597,7.8,100,No,No
CUST-01785,2024-01-22,January,1,Monday,Q1,38,Male,Port Harcourt,Civil Servant,Retail,Savings Account,Mobile App,41000,90000,8,1,25,490,7.2,0,Yes,No
CUST-01786,2024-02-25,February,2,Sunday,Q1,36,Female,Kano,Student,Student,Current Account,Branch,17000,223000,93,5,23,355,8.7,100,No,No
CUST-01787,2024-04-07,April,4,Sunday,Q2,20,Female,Abuja,Entrepreneur,Student,Credit Card,USSD,27000,225000,13,1,6,383,4.4,100,No,No
CUST-01788,2024-09-26,September,9,Thursday,Q3,32,Female,Abuja,Farmer,Retail,Savings Account,Mobile App,121000,1595000,119,2,43,428,6.8,100,No,No
CUST-01789,2024-09-02,September,9,Monday,Q3,30,Female,Lagos,Doctor,Retail,Savings Account,Mobile App,184000,2636000,101,1,17,456,6.8,200,No,No
CUST-01790,2024-08-25,August,8,Sunday,Q3,59,Male,Ibadan,Engineer,Premium,Savings Account,USSD,1738000,4442000,20,4,14,644,10.0,3500,No,No
CUST-01791,2024-11-27,November,11,Wednesday,Q4,34,Female,Kano,Engineer,Premium,Investment Fund,Web Portal,5856000,47626000,60,4,4,664,6.4,8800,No,No
CUST-01792,2024-07-30,July,7,Tuesday,Q3,34,Male,Enugu,Farmer,Retail,Credit Card,Web Portal,43000,291000,6,4,30,649,5.6,100,Yes,No
CUST-01793,2024-07-26,July,7,Friday,Q3,38,Female,Ibadan,Doctor,Corporate,Investment Fund,Mobile App,14833000,12802000,26,2,36,826,10.0,14800,No,No
CUST-01794,2024-03-27,March,3,Wednesday,Q1,57,Male,Kano,Civil Servant,Retail,Savings Account,Branch,116000,1336000,30,5,2,460,7.3,300,No,No
CUST-01795,2024-03-03,March,3,Sunday,Q1,38,Male,Port Harcourt,Teacher,Retail,Credit Card,USSD,50000,567000,65,5,29,585,7.5,100,No,No
CUST-01796,2024-12-01,December,12,Sunday,Q4,32,Female,Port Harcourt,Civil Servant,Retail,Credit Card,Branch,21000,91000,86,3,38,653,5.2,100,No,No
CUST-01797,2024-02-26,February,2,Monday,Q1,21,Female,Kano,Engineer,Student,Savings Account,Mobile App,23000,248000,109,2,8,402,5.8,0,No,No
CUST-01798,2024-11-14,November,11,Thursday,Q4,40,Male,Ibadan,Accountant,Corporate,Current Account,Web Portal,4540000,55235000,58,4,42,771,5.4,6800,No,No
CUST-01799,2024-11-25,November,11,Monday,Q4,27,Female,Enugu,Engineer,Retail,Insurance Plan,Mobile App,17000,73000,54,4,21,764,7.4,0,No,No
CUST-01800,2024-07-06,July,7,Saturday,Q3,35,Male,Enugu,Lawyer,Premium,Mortgage,Agent Banking,1015000,9880000,89,3,10,534,6.9,2500,No,No
CUST-01801,2024-09-09,September,9,Monday,Q3,33,Male,Kano,Student,Student,Insurance Plan,Branch,4000,3000,88,1,41,526,2.4,0,Yes,No
CUST-01802,2024-12-30,December,12,Monday,Q4,44,Female,Enugu,Farmer,Retail,Fixed Deposit,Mobile App,386000,4347000,38,4,27,531,5.7,400,No,No
CUST-01803,2024-08-25,August,8,Sunday,Q3,39,Male,Abuja,Doctor,Premium,Savings Account,Branch,1964000,22040000,99,3,24,716,8.7,5900,No,No
CUST-01804,2024-07-12,July,7,Friday,Q3,63,Male,Port Harcourt,Student,Student,Investment Fund,Mobile App,17000,169000,89,2,16,372,7.4,0,No,No
CUST-01805,2024-07-24,July,7,Wednesday,Q3,40,Male,Lagos,Accountant,Premium,Fixed Deposit,Agent Banking,1718000,1996000,55,2,31,482,9.0,4300,No,No
CUST-01806,2024-10-21,October,10,Monday,Q4,46,Female,Kano,Accountant,Corporate,Investment Fund,Branch,5039000,74499000,90,3,4,704,8.9,15100,No,No
CUST-01807,2024-10-30,October,10,Wednesday,Q4,48,Male,Port Harcourt,Lawyer,Corporate,Fixed Deposit,Mobile App,360000,2546000,98,3,5,817,7.7,400,No,No
CUST-01808,2024-02-05,February,2,Monday,Q1,18,Female,Lagos,Student,Student,Mobile Loan,Mobile App,6000,14000,79,1,14,454,9.1,0,Yes,No
CUST-01809,2024-08-05,August,8,Monday,Q3,43,Female,Ibadan,Accountant,Corporate,Fixed Deposit,USSD,1265000,18866000,33,5,11,802,7.4,2500,No,No
CUST-01810,2024-03-21,March,3,Thursday,Q1,40,Female,Port Harcourt,Teacher,Retail,Mobile Loan,USSD,158000,314000,66,2,17,568,8.4,300,No,No
CUST-01811,2024-04-21,April,4,Sunday,Q2,20,Male,Port Harcourt,Farmer,Student,Investment Fund,Mobile App,20000,66000,108,3,37,579,10.0,0,Yes,No
CUST-01812,2024-08-31,August,8,Saturday,Q3,39,Male,Lagos,Accountant,Corporate,Mobile Loan,Web Portal,1692000,16451000,72,3,5,772,9.3,2500,No,No
CUST-01813,2024-09-30,September,9,Monday,Q3,37,Male,Enugu,Student,Student,Savings Account,Branch,8000,25000,29,3,39,432,6.1,0,No,No
CUST-01814,2024-10-01,October,10,Tuesday,Q4,58,Male,Ibadan,Teacher,Retail,Insurance Plan,Mobile App,307000,3885000,32,3,2,476,7.3,300,No,No
CUST-01815,2024-06-07,June,6,Friday,Q2,29,Female,Kano,Farmer,Retail,Savings Account,Mobile App,34000,109000,64,4,30,422,7.5,0,No,No
CUST-01816,2024-01-28,January,1,Sunday,Q1,58,Male,Port Harcourt,Lawyer,Corporate,Savings Account,USSD,13068000,179710000,28,5,5,642,8.9,26100,No,No
CUST-01817,2024-09-22,September,9,Sunday,Q3,33,Female,Lagos,Lawyer,Corporate,Savings Account,Branch,8537000,57660000,111,3,17,669,6.5,25600,No,No
CUST-01818,2024-06-23,June,6,Sunday,Q2,50,Female,Kano,Student,Student,Mortgage,USSD,3000,44000,50,3,33,617,9.8,0,No,No
CUST-01819,2024-03-21,March,3,Thursday,Q1,22,Female,Abuja,Doctor,Student,Investment Fund,Agent Banking,9000,135000,13,3,45,546,8.2,0,No,No
CUST-01820,2024-10-28,October,10,Monday,Q4,69,Female,Port Harcourt,Civil Servant,Retail,Mobile Loan,Web Portal,29000,250000,2,2,11,616,8.0,0,No,No
CUST-01821,2024-11-19,November,11,Tuesday,Q4,44,Male,Lagos,Student,Student,Mobile Loan,Web Portal,11000,38000,108,2,39,608,6.4,0,No,No
CUST-01822,2024-03-11,March,3,Monday,Q1,20,Female,Lagos,Teacher,Student,Insurance Plan,Agent Banking,14000,11000,65,3,1,307,9.5,0,Yes,No
CUST-01823,2024-10-31,October,10,Thursday,Q4,24,Female,Lagos,Lawyer,Student,Mobile Loan,Branch,37000,510000,61,2,5,544,10.0,100,No,No
CUST-01824,2024-07-21,July,7,Sunday,Q3,42,Male,Port Harcourt,Lawyer,Corporate,Investment Fund,Mobile App,1413000,15238000,89,1,9,737,7.7,1400,No,No
CUST-01825,2024-11-15,November,11,Friday,Q4,46,Female,Abuja,Accountant,Premium,Insurance Plan,Branch,362000,3850000,99,5,37,715,5.5,1100,No,No
CUST-01826,2024-03-23,March,3,Saturday,Q1,18,Female,Ibadan,Student,Student,Mobile Loan,Mobile App,8000,100000,107,3,15,466,8.1,0,No,No
CUST-01827,2024-09-11,September,9,Wednesday,Q3,43,Female,Abuja,Trader,SME,Savings Account,Mobile App,271000,2576000,111,2,24,531,8.0,300,No,No
CUST-01828,2024-12-22,December,12,Sunday,Q4,43,Female,Enugu,Student,Student,Mortgage,Mobile App,19000,95000,60,1,30,352,7.2,0,No,No
CUST-01829,2024-11-22,November,11,Friday,Q4,43,Male,Ibadan,Trader,SME,Investment Fund,Mobile App,562000,2483000,53,2,24,750,5.4,600,Yes,No
CUST-01830,2024-09-19,September,9,Thursday,Q3,38,Female,Enugu,Accountant,Premium,Credit Card,Branch,356000,1985000,36,1,35,605,8.1,1100,No,No
CUST-01831,2024-09-13,September,9,Friday,Q3,42,Female,Enugu,Teacher,Retail,Current Account,Branch,163000,2388000,66,1,42,723,5.9,500,No,No
CUST-01832,2024-11-26,November,11,Tuesday,Q4,50,Female,Kano,Trader,SME,Insurance Plan,Branch,293000,4218000,65,3,19,601,6.2,900,Yes,No
CUST-01833,2024-12-27,December,12,Friday,Q4,47,Female,Port Harcourt,Civil Servant,Retail,Savings Account,Branch,67000,857000,51,2,1,641,4.6,200,No,No
CUST-01834,2024-09-20,September,9,Friday,Q3,21,Male,Enugu,Doctor,Student,Fixed Deposit,USSD,16000,65000,73,1,6,417,7.3,0,Yes,No
CUST-01835,2024-10-01,October,10,Tuesday,Q4,49,Male,Ibadan,Student,Student,Investment Fund,Branch,6000,20000,107,1,34,549,8.2,0,No,No
CUST-01836,2024-10-02,October,10,Wednesday,Q4,44,Female,Abuja,Doctor,Corporate,Mobile Loan,Branch,2047000,12882000,52,4,31,743,7.6,6100,No,No
CUST-01837,2024-08-08,August,8,Thursday,Q3,61,Female,Port Harcourt,Student,Student,Fixed Deposit,Branch,10000,79000,20,5,19,580,5.3,0,No,No
CUST-01838,2024-03-18,March,3,Monday,Q1,42,Male,Port Harcourt,Doctor,Premium,Insurance Plan,Agent Banking,2578000,28728000,100,1,32,757,8.1,6400,Yes,No
CUST-01839,2024-02-25,February,2,Sunday,Q1,26,Male,Ibadan,Engineer,Retail,Insurance Plan,Web Portal,255000,1204000,23,1,20,467,8.2,400,No,No
CUST-01840,2024-07-14,July,7,Sunday,Q3,24,Male,Kano,Farmer,Student,Investment Fund,Web Portal,8000,10000,82,1,15,432,3.8,0,No,No
CUST-01841,2024-07-21,July,7,Sunday,Q3,27,Female,Lagos,Lawyer,Retail,Investment Fund,Mobile App,239000,1697000,80,3,3,560,8.2,200,No,No
CUST-01842,2024-11-13,November,11,Wednesday,Q4,45,Female,Abuja,Lawyer,Corporate,Mobile Loan,Agent Banking,932000,10921000,118,1,9,800,8.2,2300,No,No
CUST-01843,2024-10-08,October,10,Tuesday,Q4,37,Male,Enugu,Teacher,Retail,Current Account,Mobile App,90000,446000,118,2,39,749,6.7,100,No,No
CUST-01844,2024-01-31,January,1,Wednesday,Q1,41,Male,Enugu,Lawyer,Premium,Insurance Plan,Branch,471000,556000,17,2,15,775,8.0,1400,No,No
CUST-01845,2024-09-23,September,9,Monday,Q3,54,Female,Abuja,Engineer,Corporate,Investment Fund,Web Portal,13701000,91647000,73,2,35,636,8.4,20600,No,No
CUST-01846,2024-12-08,December,12,Sunday,Q4,18,Female,Enugu,Trader,Student,Investment Fund,Mobile App,13000,160000,109,1,16,363,7.0,0,No,No
CUST-01847,2024-10-30,October,10,Wednesday,Q4,29,Female,Enugu,Engineer,Retail,Credit Card,Web Portal,445000,5135000,68,2,25,576,6.7,700,No,No
CUST-01848,2024-03-22,March,3,Friday,Q1,18,Male,Lagos,Engineer,Student,Savings Account,Mobile App,27000,207000,68,2,39,505,9.4,0,No,No
CUST-01849,2024-08-26,August,8,Monday,Q3,27,Female,Kano,Engineer,Retail,Investment Fund,Web Portal,173000,1738000,101,3,9,429,5.7,300,No,No
CUST-01850,2024-10-05,October,10,Saturday,Q4,23,Male,Kano,Accountant,Student,Fixed Deposit,USSD,22000,98000,68,1,34,431,6.8,0,No,No
CUST-01851,2024-10-06,October,10,Sunday,Q4,18,Male,Ibadan,Entrepreneur,Student,Insurance Plan,Mobile App,32000,150000,99,2,34,591,9.2,0,Yes,No
CUST-01852,2024-06-14,June,6,Friday,Q2,20,Female,Enugu,Accountant,Student,Insurance Plan,USSD,28000,299000,56,1,9,459,7.3,100,No,No
CUST-01853,2024-10-08,October,10,Tuesday,Q4,44,Male,Lagos,Civil Servant,Retail,Mortgage,Branch,118000,352000,42,1,35,693,6.9,400,No,No
CUST-01854,2024-11-07,November,11,Thursday,Q4,44,Male,Ibadan,Student,Student,Insurance Plan,Agent Banking,15000,200000,42,4,39,497,8.9,0,No,No
CUST-01855,2024-09-11,September,9,Wednesday,Q3,27,Male,Kano,Entrepreneur,SME,Insurance Plan,USSD,697000,1503000,73,2,4,613,7.9,1400,No,No
CUST-01856,2024-03-29,March,3,Friday,Q1,26,Male,Lagos,Teacher,Retail,Savings Account,Web Portal,191000,287000,13,3,40,488,7.3,300,No,No
CUST-01857,2024-08-28,August,8,Wednesday,Q3,55,Female,Ibadan,Civil Servant,Retail,Savings Account,Branch,61000,148000,51,1,33,520,6.1,200,No,No
CUST-01858,2024-11-20,November,11,Wednesday,Q4,32,Female,Ibadan,Engineer,Corporate,Mobile Loan,Agent Banking,9665000,136868000,77,1,2,794,8.7,24200,Yes,No
CUST-01859,2024-08-26,August,8,Monday,Q3,38,Female,Abuja,Lawyer,Corporate,Savings Account,Web Portal,1737000,20696000,4,1,40,663,6.3,2600,Yes,No
CUST-01860,2024-08-21,August,8,Wednesday,Q3,55,Female,Enugu,Teacher,Retail,Mobile Loan,Branch,221000,1309000,8,4,1,773,3.7,700,Yes,No
CUST-01861,2024-04-06,April,4,Saturday,Q2,22,Female,Port Harcourt,Entrepreneur,Student,Fixed Deposit,USSD,35000,334000,97,1,29,313,5.5,100,No,No
CUST-01862,2024-06-05,June,6,Wednesday,Q2,41,Female,Enugu,Student,Student,Investment Fund,Web Portal,23000,331000,1,3,16,308,6.7,0,Yes,No
CUST-01863,2024-04-22,April,4,Monday,Q2,40,Male,Ibadan,Engineer,Corporate,Fixed Deposit,Web Portal,934000,12418000,29,3,41,726,7.0,1400,No,No
CUST-01864,2024-06-04,June,6,Tuesday,Q2,32,Male,Port Harcourt,Teacher,Retail,Mobile Loan,Branch,113000,636000,46,3,16,675,8.9,300,No,No
CUST-01865,2024-06-29,June,6,Saturday,Q2,33,Female,Enugu,Engineer,Corporate,Insurance Plan,Branch,5236000,47583000,113,4,7,778,9.3,15700,Yes,No
CUST-01866,2024-02-24,February,2,Saturday,Q1,41,Female,Port Harcourt,Accountant,Corporate,Mortgage,Web Portal,918000,958000,93,2,2,653,9.6,1400,Yes,No
CUST-01867,2024-09-18,September,9,Wednesday,Q3,22,Female,Ibadan,Lawyer,Student,Investment Fund,Web Portal,8000,26000,60,1,32,597,7.8,0,No,No
CUST-01868,2024-07-16,July,7,Tuesday,Q3,20,Female,Ibadan,Accountant,Student,Current Account,Agent Banking,19000,76000,81,1,30,619,7.1,0,No,No
CUST-01869,2024-05-15,May,5,Wednesday,Q2,34,Female,Enugu,Civil Servant,Retail,Investment Fund,Mobile App,257000,720000,102,1,34,666,6.1,300,No,No
CUST-01870,2024-10-31,October,10,Thursday,Q4,47,Female,Enugu,Accountant,Corporate,Insurance Plan,Branch,6387000,44101000,113,2,12,828,5.0,19200,No,No
CUST-01871,2024-12-26,December,12,Thursday,Q4,35,Female,Enugu,Engineer,Premium,Current Account,Web Portal,1132000,5459000,84,1,12,437,9.2,1700,No,No
CUST-01872,2024-01-16,January,1,Tuesday,Q1,31,Male,Abuja,Lawyer,Corporate,Current Account,Mobile App,12402000,168870000,77,3,45,717,10.0,12400,No,No
CUST-01873,2024-12-03,December,12,Tuesday,Q4,44,Female,Lagos,Doctor,Corporate,Insurance Plan,USSD,595000,3082000,63,2,3,629,6.0,1200,No,No
CUST-01874,2024-04-15,April,4,Monday,Q2,37,Female,Lagos,Lawyer,Premium,Fixed Deposit,Mobile App,600000,7258000,81,3,38,524,6.5,600,No,No
CUST-01875,2024-11-08,November,11,Friday,Q4,37,Male,Ibadan,Trader,SME,Investment Fund,Web Portal,431000,2839000,26,2,13,636,2.8,600,No,No
CUST-01876,2024-02-27,February,2,Tuesday,Q1,45,Male,Kano,Doctor,Premium,Credit Card,Branch,1124000,13871000,30,2,5,727,6.3,3400,No,No
CUST-01877,2024-03-23,March,3,Saturday,Q1,18,Male,Lagos,Civil Servant,Student,Credit Card,Mobile App,4000,4000,13,1,34,602,4.2,0,Yes,No
CUST-01878,2024-06-13,June,6,Thursday,Q2,46,Female,Port Harcourt,Civil Servant,Retail,Mobile Loan,Mobile App,61000,386000,83,3,9,586,5.2,100,No,No
CUST-01879,2024-05-01,May,5,Wednesday,Q2,20,Female,Port Harcourt,Accountant,Student,Investment Fund,Web Portal,74000,947000,103,1,21,375,5.5,100,No,No
CUST-01880,2024-10-22,October,10,Tuesday,Q4,39,Male,Port Harcourt,Civil Servant,Retail,Mortgage,Branch,170000,228000,58,1,25,791,3.2,500,No,No
CUST-01881,2024-06-10,June,6,Monday,Q2,43,Female,Kano,Civil Servant,Retail,Fixed Deposit,Web Portal,36000,72000,100,4,1,745,10.0,100,No,No
CUST-01882,2024-07-30,July,7,Tuesday,Q3,45,Female,Lagos,Student,Student,Current Account,USSD,19000,284000,21,4,10,531,9.4,0,No,No
CUST-01883,2024-04-07,April,4,Sunday,Q2,55,Female,Enugu,Teacher,Retail,Fixed Deposit,Mobile App,297000,2681000,57,2,10,436,9.0,300,No,No
CUST-01884,2024-08-07,August,8,Wednesday,Q3,33,Male,Abuja,Doctor,Premium,Mortgage,USSD,1860000,26189000,20,4,1,742,8.2,3700,No,No
CUST-01885,2024-06-06,June,6,Thursday,Q2,43,Female,Ibadan,Doctor,Premium,Mortgage,USSD,1356000,14985000,53,2,23,624,10.0,2700,No,No
CUST-01886,2024-08-09,August,8,Friday,Q3,54,Male,Abuja,Student,Student,Mobile Loan,Branch,15000,122000,80,3,15,524,9.0,0,No,No
CUST-01887,2024-10-01,October,10,Tuesday,Q4,21,Male,Kano,Engineer,Student,Current Account,Web Portal,6000,50000,38,3,36,487,7.1,0,No,No
CUST-01888,2024-09-02,September,9,Monday,Q3,26,Female,Port Harcourt,Lawyer,Retail,Mobile Loan,Branch,52000,666000,10,5,3,469,8.5,200,No,No
CUST-01889,2024-07-28,July,7,Sunday,Q3,27,Female,Abuja,Accountant,Retail,Savings Account,Mobile App,50000,596000,66,1,12,492,10.0,0,Yes,No
CUST-01890,2024-05-18,May,5,Saturday,Q2,18,Male,Abuja,Engineer,Student,Mobile Loan,Web Portal,33000,118000,21,2,33,520,10.0,0,Yes,No
CUST-01891,2024-12-27,December,12,Friday,Q4,37,Female,Port Harcourt,Trader,SME,Mortgage,USSD,667000,2766000,94,3,3,509,8.4,1300,No,No
CUST-01892,2024-05-15,May,5,Wednesday,Q2,41,Female,Ibadan,Civil Servant,Retail,Investment Fund,USSD,147000,1202000,58,3,2,787,7.5,300,No,No
CUST-01893,2024-11-03,November,11,Sunday,Q4,18,Female,Ibadan,Lawyer,Student,Mortgage,USSD,16000,26000,57,4,6,549,10.0,0,No,No
CUST-01894,2024-07-28,July,7,Sunday,Q3,19,Female,Enugu,Lawyer,Student,Credit Card,Mobile App,10000,24000,40,2,19,496,6.3,0,No,No
CUST-01895,2024-07-14,July,7,Sunday,Q3,31,Male,Abuja,Trader,SME,Credit Card,USSD,259000,1260000,31,1,3,753,10.0,500,No,No
CUST-01896,2024-10-30,October,10,Wednesday,Q4,28,Male,Ibadan,Civil Servant,Retail,Credit Card,Web Portal,71000,168000,111,1,1,478,10.0,100,No,No
CUST-01897,2024-12-12,December,12,Thursday,Q4,63,Female,Abuja,Student,Student,Fixed Deposit,Branch,6000,37000,95,1,23,421,9.1,0,No,No
CUST-01898,2024-01-31,January,1,Wednesday,Q1,45,Female,Ibadan,Doctor,Premium,Investment Fund,USSD,460000,4373000,50,1,21,593,8.1,900,No,No
CUST-01899,2024-05-11,May,5,Saturday,Q2,49,Female,Port Harcourt,Farmer,Retail,Insurance Plan,Web Portal,970000,8845000,87,3,27,516,6.0,1500,Yes,No
CUST-01900,2024-04-08,April,4,Monday,Q2,18,Female,Port Harcourt,Entrepreneur,Student,Credit Card,USSD,14000,50000,32,4,12,534,9.3,0,No,No
CUST-01901,2024-06-29,June,6,Saturday,Q2,47,Male,Abuja,Teacher,Retail,Insurance Plan,USSD,30000,211000,106,2,19,472,9.1,100,No,No
CUST-01902,2024-02-02,February,2,Friday,Q1,36,Male,Enugu,Civil Servant,Retail,Current Account,Mobile App,251000,2714000,63,2,1,653,8.0,300,No,No
CUST-01903,2024-12-11,December,12,Wednesday,Q4,49,Female,Port Harcourt,Teacher,Retail,Credit Card,Mobile App,67000,219000,104,3,9,620,10.0,100,No,No
CUST-01904,2024-08-10,August,8,Saturday,Q3,38,Female,Enugu,Student,Student,Investment Fund,Mobile App,5000,69000,87,1,40,402,8.2,0,No,No
CUST-01905,2024-03-02,March,3,Saturday,Q1,47,Female,Port Harcourt,Student,Student,Fixed Deposit,USSD,24000,307000,12,3,39,411,7.6,0,No,No
CUST-01906,2024-08-07,August,8,Wednesday,Q3,54,Female,Lagos,Teacher,Retail,Investment Fund,Mobile App,71000,1046000,57,5,30,596,7.3,100,No,No
CUST-01907,2024-02-15,February,2,Thursday,Q1,46,Female,Kano,Farmer,Retail,Mobile Loan,Branch,104000,513000,110,4,40,435,5.0,300,Yes,No
CUST-01908,2024-01-07,January,1,Sunday,Q1,22,Female,Kano,Accountant,Student,Fixed Deposit,Mobile App,27000,303000,119,4,22,313,7.8,0,No,No
CUST-01909,2024-02-21,February,2,Wednesday,Q1,28,Male,Port Harcourt,Accountant,Retail,Mobile Loan,Agent Banking,61000,355000,98,3,26,795,6.2,200,No,No
CUST-01910,2024-10-01,October,10,Tuesday,Q4,24,Female,Ibadan,Civil Servant,Student,Investment Fund,Mobile App,15000,49000,42,5,9,338,7.2,0,No,No
CUST-01911,2024-08-22,August,8,Thursday,Q3,60,Female,Abuja,Doctor,Corporate,Mobile Loan,Branch,703000,5289000,24,2,17,790,9.7,2100,No,No
CUST-01912,2024-08-22,August,8,Thursday,Q3,31,Male,Abuja,Civil Servant,Retail,Credit Card,Branch,68000,653000,45,3,17,610,7.7,200,Yes,No
CUST-01913,2024-04-13,April,4,Saturday,Q2,34,Female,Enugu,Farmer,Retail,Savings Account,Branch,92000,544000,67,4,45,663,7.0,300,Yes,No
CUST-01914,2024-02-19,February,2,Monday,Q1,43,Female,Lagos,Student,Student,Mortgage,Branch,7000,10000,100,3,41,343,7.6,0,No,No
CUST-01915,2024-01-31,January,1,Wednesday,Q1,44,Female,Enugu,Trader,SME,Mobile Loan,Web Portal,328000,2240000,111,4,23,591,6.3,500,No,No
CUST-01916,2024-10-16,October,10,Wednesday,Q4,44,Male,Lagos,Engineer,Corporate,Investment Fund,Branch,50000000,665655000,6,2,26,691,9.0,150000,No,No
CUST-01917,2024-11-25,November,11,Monday,Q4,18,Male,Lagos,Accountant,Student,Mobile Loan,Agent Banking,14000,116000,29,1,39,462,7.2,0,No,No
CUST-01918,2024-12-21,December,12,Saturday,Q4,45,Female,Enugu,Accountant,Premium,Credit Card,USSD,412000,1702000,87,1,28,782,6.5,800,No,No
CUST-01919,2024-06-22,June,6,Saturday,Q2,27,Female,Enugu,Entrepreneur,SME,Credit Card,Agent Banking,376000,4403000,109,2,10,583,8.5,900,No,No
CUST-01920,2024-05-14,May,5,Tuesday,Q2,33,Female,Kano,Teacher,Retail,Mobile Loan,Mobile App,94000,165000,97,2,35,564,7.2,100,No,No
CUST-01921,2024-09-08,September,9,Sunday,Q3,29,Male,Enugu,Doctor,Retail,Current Account,USSD,40000,34000,109,4,44,601,7.4,100,No,No
CUST-01922,2024-05-11,May,5,Saturday,Q2,43,Female,Enugu,Trader,SME,Insurance Plan,Branch,188000,2007000,114,4,1,672,5.2,600,No,No
CUST-01923,2024-05-11,May,5,Saturday,Q2,27,Male,Lagos,Entrepreneur,SME,Credit Card,Web Portal,182000,161000,85,5,11,708,8.8,300,No,No
CUST-01924,2024-12-03,December,12,Tuesday,Q4,38,Male,Enugu,Accountant,Premium,Investment Fund,Mobile App,3256000,6120000,112,1,20,615,9.6,3300,No,No
CUST-01925,2024-01-07,January,1,Sunday,Q1,49,Male,Ibadan,Civil Servant,Retail,Current Account,Agent Banking,124000,1705000,57,3,9,765,9.1,300,No,No
CUST-01926,2024-01-14,January,1,Sunday,Q1,53,Female,Abuja,Doctor,Premium,Credit Card,Mobile App,3681000,13916000,59,1,10,718,7.6,3700,No,No
CUST-01927,2024-03-21,March,3,Thursday,Q1,45,Male,Enugu,Teacher,Retail,Credit Card,Agent Banking,71000,555000,22,1,40,647,6.3,200,Yes,No
CUST-01928,2024-02-29,February,2,Thursday,Q1,55,Female,Ibadan,Engineer,Premium,Mortgage,Agent Banking,2249000,23993000,107,4,31,490,7.4,5600,No,No
CUST-01929,2024-12-11,December,12,Wednesday,Q4,42,Male,Kano,Teacher,Retail,Savings Account,Mobile App,358000,1844000,2,1,34,643,9.5,400,Yes,No
CUST-01930,2024-07-07,July,7,Sunday,Q3,54,Male,Abuja,Farmer,Retail,Fixed Deposit,Branch,21000,272000,28,5,2,702,8.5,100,Yes,No
CUST-01931,2024-05-08,May,5,Wednesday,Q2,31,Male,Lagos,Entrepreneur,SME,Mobile Loan,Branch,38000,294000,93,2,28,754,9.3,100,No,No
CUST-01932,2024-02-25,February,2,Sunday,Q1,41,Male,Abuja,Trader,SME,Fixed Deposit,Branch,239000,2878000,54,5,38,778,5.7,700,No,No
CUST-01933,2024-07-01,July,7,Monday,Q3,47,Male,Kano,Trader,SME,Mobile Loan,USSD,183000,617000,42,3,3,453,6.8,400,No,No
CUST-01934,2024-08-13,August,8,Tuesday,Q3,27,Male,Abuja,Doctor,Retail,Savings Account,Mobile App,342000,3552000,41,1,42,701,6.5,300,Yes,No
CUST-01935,2024-06-26,June,6,Wednesday,Q2,30,Female,Port Harcourt,Teacher,Retail,Savings Account,Branch,14000,108000,16,3,3,572,9.1,0,No,No
CUST-01936,2024-04-26,April,4,Friday,Q2,34,Female,Abuja,Doctor,Corporate,Mobile Loan,Web Portal,4461000,9205000,10,1,39,765,6.4,6700,No,No
CUST-01937,2024-10-19,October,10,Saturday,Q4,53,Female,Lagos,Lawyer,Corporate,Savings Account,USSD,6872000,68273000,1,2,33,713,4.8,13700,No,No
CUST-01938,2024-04-11,April,4,Thursday,Q2,35,Male,Port Harcourt,Entrepreneur,SME,Mobile Loan,Mobile App,127000,1322000,112,1,30,798,9.3,100,No,No
CUST-01939,2024-07-11,July,7,Thursday,Q3,39,Female,Ibadan,Lawyer,Corporate,Savings Account,Agent Banking,259000,3571000,87,5,3,776,6.4,600,No,No
CUST-01940,2024-07-29,July,7,Monday,Q3,50,Female,Abuja,Civil Servant,Retail,Fixed Deposit,Agent Banking,47000,402000,105,4,29,709,10.0,100,No,No
CUST-01941,2024-03-17,March,3,Sunday,Q1,28,Male,Enugu,Farmer,Retail,Savings Account,Web Portal,70000,568000,43,5,22,726,7.2,100,No,No
CUST-01942,2024-10-26,October,10,Saturday,Q4,42,Female,Ibadan,Doctor,Corporate,Mobile Loan,Web Portal,466000,5367000,73,2,5,678,4.4,700,No,No
CUST-01943,2024-05-29,May,5,Wednesday,Q2,44,Female,Ibadan,Lawyer,Corporate,Mobile Loan,Mobile App,3852000,28737000,58,2,41,774,8.8,3900,No,No
CUST-01944,2024-11-06,November,11,Wednesday,Q4,57,Female,Lagos,Accountant,Premium,Mortgage,Branch,987000,4670000,86,2,17,741,5.6,3000,No,No
CUST-01945,2024-02-09,February,2,Friday,Q1,44,Male,Enugu,Engineer,Corporate,Credit Card,Agent Banking,1500000,17480000,114,3,32,652,5.8,3800,No,No
CUST-01946,2024-10-24,October,10,Thursday,Q4,25,Male,Lagos,Lawyer,Retail,Current Account,Mobile App,98000,521000,42,2,31,628,7.1,100,No,No
CUST-01947,2024-06-11,June,6,Tuesday,Q2,43,Male,Ibadan,Accountant,Premium,Savings Account,USSD,1224000,2479000,29,1,31,505,6.3,2400,Yes,No
CUST-01948,2024-07-14,July,7,Sunday,Q3,40,Male,Ibadan,Teacher,Retail,Savings Account,Branch,144000,2104000,65,1,8,460,6.9,400,No,No
CUST-01949,2024-03-22,March,3,Friday,Q1,36,Female,Port Harcourt,Farmer,Retail,Mortgage,Mobile App,83000,323000,97,3,31,642,6.4,100,Yes,No
CUST-01950,2024-05-23,May,5,Thursday,Q2,34,Female,Enugu,Teacher,Retail,Investment Fund,USSD,81000,173000,49,1,42,442,5.8,200,No,No
CUST-01951,2024-08-30,August,8,Friday,Q3,51,Female,Kano,Student,Student,Credit Card,Mobile App,21000,97000,21,3,20,323,8.3,0,Yes,No
CUST-01952,2024-01-30,January,1,Tuesday,Q1,43,Male,Abuja,Trader,SME,Investment Fund,Branch,550000,1752000,30,4,5,444,4.6,1600,Yes,No
CUST-01953,2024-10-13,October,10,Sunday,Q4,48,Male,Kano,Farmer,Retail,Investment Fund,USSD,301000,2994000,92,1,36,644,6.2,600,No,No
CUST-01954,2024-08-20,August,8,Tuesday,Q3,26,Female,Port Harcourt,Accountant,Retail,Insurance Plan,Mobile App,119000,973000,72,2,33,458,8.3,100,No,No
CUST-01955,2024-10-05,October,10,Saturday,Q4,35,Female,Lagos,Trader,SME,Fixed Deposit,Branch,755000,6020000,86,2,40,678,8.0,2300,No,No
CUST-01956,2024-05-07,May,5,Tuesday,Q2,46,Female,Kano,Student,Student,Current Account,Mobile App,21000,251000,87,3,27,493,6.9,0,No,No
CUST-01957,2024-03-08,March,3,Friday,Q1,55,Female,Enugu,Entrepreneur,SME,Current Account,Agent Banking,140000,769000,111,1,4,716,4.3,400,Yes,No
CUST-01958,2024-08-23,August,8,Friday,Q3,37,Female,Enugu,Trader,SME,Current Account,Branch,984000,10222000,98,3,9,559,8.0,3000,No,No
CUST-01959,2024-08-27,August,8,Tuesday,Q3,53,Female,Abuja,Engineer,Premium,Insurance Plan,Web Portal,465000,4753000,23,3,40,740,6.8,700,No,No
CUST-01960,2024-05-30,May,5,Thursday,Q2,42,Male,Ibadan,Student,Student,Savings Account,USSD,44000,460000,74,3,40,471,10.0,100,No,No
CUST-01961,2024-04-29,April,4,Monday,Q2,18,Female,Abuja,Accountant,Student,Savings Account,USSD,21000,168000,50,4,14,427,7.3,0,No,No
CUST-01962,2024-07-21,July,7,Sunday,Q3,19,Male,Abuja,Student,Student,Savings Account,Mobile App,7000,71000,107,1,35,336,9.2,0,No,No
CUST-01963,2024-07-16,July,7,Tuesday,Q3,36,Female,Abuja,Student,Student,Fixed Deposit,Branch,11000,65000,9,2,29,472,9.2,0,No,No
CUST-01964,2024-04-29,April,4,Monday,Q2,42,Male,Port Harcourt,Engineer,Corporate,Fixed Deposit,Web Portal,3937000,59019000,112,2,23,758,8.1,5900,No,No
CUST-01965,2024-01-13,January,1,Saturday,Q1,37,Male,Lagos,Farmer,Retail,Mortgage,Branch,140000,644000,19,5,39,603,6.6,400,No,No
CUST-01966,2024-05-23,May,5,Thursday,Q2,25,Male,Enugu,Accountant,Retail,Fixed Deposit,Mobile App,829000,4138000,93,3,4,462,7.8,800,No,No
CUST-01967,2024-07-07,July,7,Sunday,Q3,18,Male,Enugu,Trader,Student,Fixed Deposit,Agent Banking,44000,487000,87,5,15,531,9.1,100,Yes,No
CUST-01968,2024-12-18,December,12,Wednesday,Q4,34,Female,Lagos,Trader,SME,Fixed Deposit,Agent Banking,172000,1757000,116,2,36,439,6.9,400,No,No
CUST-01969,2024-09-30,September,9,Monday,Q3,40,Male,Ibadan,Student,Student,Fixed Deposit,Agent Banking,24000,112000,91,2,40,593,8.4,100,No,No
CUST-01970,2024-05-17,May,5,Friday,Q2,59,Female,Abuja,Civil Servant,Retail,Mortgage,Web Portal,71000,939000,87,2,33,474,8.6,100,No,No
CUST-01971,2024-04-24,April,4,Wednesday,Q2,52,Female,Enugu,Entrepreneur,SME,Insurance Plan,Branch,1063000,15721000,7,5,44,426,10.0,3200,No,No
CUST-01972,2024-05-14,May,5,Tuesday,Q2,44,Male,Enugu,Student,Student,Credit Card,USSD,10000,45000,29,2,13,445,8.0,0,No,No
CUST-01973,2024-11-01,November,11,Friday,Q4,53,Female,Lagos,Farmer,Retail,Mortgage,Mobile App,38000,86000,78,3,32,421,6.8,0,Yes,No
CUST-01974,2024-05-28,May,5,Tuesday,Q2,38,Female,Ibadan,Entrepreneur,SME,Mobile Loan,Web Portal,42000,610000,62,3,37,637,5.1,100,No,No
CUST-01975,2024-04-29,April,4,Monday,Q2,45,Male,Lagos,Farmer,Retail,Current Account,Web Portal,144000,909000,117,1,11,767,6.2,200,No,No
CUST-01976,2024-08-11,August,8,Sunday,Q3,45,Male,Lagos,Farmer,Retail,Savings Account,Branch,107000,316000,24,2,21,549,7.1,300,Yes,No
CUST-01977,2024-03-26,March,3,Tuesday,Q1,33,Male,Ibadan,Entrepreneur,SME,Fixed Deposit,Web Portal,778000,9287000,23,1,38,732,7.3,1200,No,No
CUST-01978,2024-04-09,April,4,Tuesday,Q2,35,Male,Enugu,Accountant,Corporate,Insurance Plan,Web Portal,21791000,178383000,83,4,18,811,7.0,32700,Yes,No
CUST-01979,2024-01-22,January,1,Monday,Q1,34,Male,Ibadan,Lawyer,Premium,Credit Card,Mobile App,1400000,20440000,46,1,5,425,4.1,1400,Yes,No
CUST-01980,2024-06-13,June,6,Thursday,Q2,51,Female,Enugu,Trader,SME,Mortgage,Web Portal,1223000,2973000,116,4,41,461,8.3,1800,No,No
CUST-01981,2024-06-16,June,6,Sunday,Q2,37,Male,Abuja,Doctor,Corporate,Fixed Deposit,Mobile App,5068000,7001000,61,2,44,839,8.4,5100,No,No
CUST-01982,2024-11-02,November,11,Saturday,Q4,23,Male,Port Harcourt,Civil Servant,Student,Savings Account,Mobile App,17000,235000,87,2,42,458,6.3,0,No,No
CUST-01983,2024-04-18,April,4,Thursday,Q2,48,Female,Enugu,Doctor,Premium,Mortgage,Mobile App,937000,7121000,117,4,39,480,6.5,900,No,No
CUST-01984,2024-09-14,September,9,Saturday,Q3,19,Female,Port Harcourt,Accountant,Student,Current Account,Mobile App,18000,78000,55,4,20,537,8.9,0,No,No
CUST-01985,2024-02-15,February,2,Thursday,Q1,34,Female,Enugu,Accountant,Premium,Investment Fund,Web Portal,1628000,23849000,5,1,18,719,7.4,2400,Yes,No
CUST-01986,2024-01-31,January,1,Wednesday,Q1,28,Female,Ibadan,Engineer,Retail,Mobile Loan,Mobile App,113000,1361000,22,2,44,760,5.7,100,Yes,No
CUST-01987,2024-07-27,July,7,Saturday,Q3,26,Female,Lagos,Doctor,Retail,Mortgage,Web Portal,29000,379000,29,4,41,696,6.3,0,No,No
CUST-01988,2024-01-11,January,1,Thursday,Q1,41,Male,Enugu,Trader,SME,Current Account,Branch,578000,8562000,53,3,18,789,10.0,1700,No,No
CUST-01989,2024-08-26,August,8,Monday,Q3,34,Female,Port Harcourt,Accountant,Premium,Fixed Deposit,USSD,637000,6845000,118,1,40,658,5.0,1300,No,No
CUST-01990,2024-10-02,October,10,Wednesday,Q4,27,Male,Lagos,Entrepreneur,SME,Savings Account,Mobile App,42000,176000,56,2,27,769,5.8,0,No,No
CUST-01991,2024-01-15,January,1,Monday,Q1,28,Female,Enugu,Engineer,Retail,Credit Card,USSD,28000,217000,91,3,8,607,7.1,100,No,No
CUST-01992,2024-01-04,January,1,Thursday,Q1,49,Male,Abuja,Teacher,Retail,Insurance Plan,Branch,57000,216000,30,5,25,500,7.7,200,No,No
CUST-01993,2024-06-23,June,6,Sunday,Q2,23,Female,Ibadan,Farmer,Student,Current Account,Web Portal,14000,43000,75,1,17,481,10.0,0,No,No
CUST-01994,2024-01-12,January,1,Friday,Q1,35,Male,Ibadan,Lawyer,Corporate,Fixed Deposit,Mobile App,1346000,10314000,72,2,8,767,6.2,1300,No,No
CUST-01995,2024-06-22,June,6,Saturday,Q2,20,Male,Lagos,Accountant,Student,Investment Fund,Web Portal,8000,74000,104,2,11,521,8.7,0,No,No
CUST-01996,2024-06-30,June,6,Sunday,Q2,34,Female,Port Harcourt,Student,Student,Mobile Loan,Branch,5000,46000,56,2,5,460,8.3,0,No,No
CUST-01997,2024-04-04,April,4,Thursday,Q2,36,Female,Lagos,Farmer,Retail,Fixed Deposit,Web Portal,15000,17000,44,1,7,531,7.6,0,Yes,No
CUST-01998,2024-06-13,June,6,Thursday,Q2,47,Male,Abuja,Accountant,Premium,Savings Account,Branch,1003000,14330000,69,2,26,429,6.0,3000,No,No
CUST-01999,2024-08-20,August,8,Tuesday,Q3,46,Male,Ibadan,Lawyer,Premium,Mobile Loan,Mobile App,1351000,12995000,87,1,30,662,8.6,1400,No,No
CUST-02000,2024-02-22,February,2,Thursday,Q1,44,Male,Ibadan,Trader,SME,Mortgage,USSD,126000,476000,67,4,18,770,6.6,300,Yes,No
CUST-02001,2024-02-26,February,2,Monday,Q1,43,Female,Lagos,Student,Student,Mortgage,Branch,31000,206000,120,2,18,432,7.1,100,Yes,No
CUST-02002,2024-06-04,June,6,Tuesday,Q2,46,Male,Enugu,Entrepreneur,SME,Mobile Loan,Branch,1195000,14823000,21,4,29,480,7.2,3600,No,No
CUST-02003,2024-11-24,November,11,Sunday,Q4,47,Female,Lagos,Civil Servant,Retail,Credit Card,Mobile App,83000,1111000,38,1,16,775,6.3,100,Yes,No
CUST-02004,2024-04-02,April,4,Tuesday,Q2,25,Female,Port Harcourt,Trader,SME,Mobile Loan,Mobile App,162000,1055000,28,2,8,681,5.4,200,Yes,No
CUST-02005,2024-07-22,July,7,Monday,Q3,42,Female,Enugu,Engineer,Corporate,Insurance Plan,Agent Banking,3766000,36766000,108,1,23,846,9.9,9400,No,No
CUST-02006,2024-07-14,July,7,Sunday,Q3,69,Male,Abuja,Engineer,Corporate,Savings Account,Branch,2651000,12661000,5,3,30,732,7.6,8000,Yes,No
CUST-02007,2024-07-08,July,7,Monday,Q3,18,Female,Port Harcourt,Engineer,Student,Mortgage,Web Portal,20000,218000,20,5,35,446,4.7,0,No,No
CUST-02008,2024-02-27,February,2,Tuesday,Q1,39,Male,Abuja,Student,Student,Savings Account,USSD,21000,67000,75,3,26,592,9.6,0,No,No
CUST-02009,2024-03-05,March,3,Tuesday,Q1,42,Male,Port Harcourt,Student,Student,Insurance Plan,USSD,32000,445000,20,3,2,394,7.4,100,No,No
CUST-02010,2024-01-06,January,1,Saturday,Q1,33,Male,Lagos,Student,Student,Current Account,Branch,22000,177000,49,1,40,367,6.1,100,No,No
CUST-02011,2024-09-02,September,9,Monday,Q3,52,Male,Abuja,Farmer,Retail,Investment Fund,Agent Banking,252000,804000,101,1,24,755,6.7,600,No,No
CUST-02012,2024-12-14,December,12,Saturday,Q4,38,Male,Enugu,Student,Student,Insurance Plan,Branch,16000,52000,117,4,29,423,7.4,0,No,No
CUST-02013,2024-01-25,January,1,Thursday,Q1,30,Male,Abuja,Civil Servant,Retail,Insurance Plan,Mobile App,509000,663000,11,2,43,703,9.1,500,No,No
CUST-02014,2024-10-31,October,10,Thursday,Q4,48,Male,Ibadan,Lawyer,Premium,Savings Account,Web Portal,521000,3962000,7,2,29,769,5.5,800,No,No
CUST-02015,2024-05-21,May,5,Tuesday,Q2,25,Male,Lagos,Farmer,Retail,Credit Card,Mobile App,53000,585000,15,3,33,614,7.6,100,No,No
CUST-02016,2024-05-14,May,5,Tuesday,Q2,18,Female,Abuja,Lawyer,Student,Current Account,Mobile App,15000,204000,37,1,16,492,5.0,0,No,No
CUST-02017,2024-01-30,January,1,Tuesday,Q1,42,Male,Port Harcourt,Doctor,Corporate,Investment Fund,Branch,811000,8675000,118,2,10,762,6.0,2400,No,No
CUST-02018,2024-05-17,May,5,Friday,Q2,28,Male,Port Harcourt,Engineer,Retail,Mobile Loan,Mobile App,99000,1425000,39,3,33,718,5.8,100,No,No
CUST-02019,2024-09-26,September,9,Thursday,Q3,37,Female,Abuja,Doctor,Corporate,Investment Fund,Agent Banking,1220000,11416000,11,2,10,764,5.2,3000,No,No
CUST-02020,2024-06-02,June,6,Sunday,Q2,52,Female,Enugu,Doctor,Premium,Mortgage,Web Portal,6284000,74322000,27,2,7,729,7.8,9400,No,No
CUST-02021,2024-05-04,May,5,Saturday,Q2,42,Female,Kano,Engineer,Corporate,Insurance Plan,Mobile App,912000,1641000,31,4,37,834,3.4,900,Yes,No
CUST-02022,2024-12-21,December,12,Saturday,Q4,27,Female,Port Harcourt,Student,Student,Current Account,USSD,15000,184000,118,2,9,390,4.0,0,Yes,No
CUST-02023,2024-09-27,September,9,Friday,Q3,55,Male,Abuja,Entrepreneur,SME,Mortgage,Web Portal,354000,4903000,116,2,5,792,8.1,500,No,No
CUST-02024,2024-10-29,October,10,Tuesday,Q4,49,Male,Enugu,Engineer,Corporate,Current Account,Mobile App,1289000,18470000,51,2,37,662,6.7,1300,Yes,No
CUST-02025,2024-05-05,May,5,Sunday,Q2,34,Female,Abuja,Civil Servant,Retail,Fixed Deposit,Agent Banking,63000,613000,4,3,23,593,5.8,200,Yes,No
CUST-02026,2024-03-28,March,3,Thursday,Q1,29,Female,Port Harcourt,Entrepreneur,SME,Mortgage,Mobile App,37000,80000,117,3,29,588,9.1,0,Yes,No
CUST-02027,2024-04-17,April,4,Wednesday,Q2,46,Male,Port Harcourt,Farmer,Retail,Investment Fund,Mobile App,190000,696000,98,2,28,510,6.1,200,No,No
CUST-02028,2024-01-15,January,1,Monday,Q1,43,Male,Ibadan,Entrepreneur,SME,Fixed Deposit,Agent Banking,485000,874000,1,1,7,527,9.2,1200,Yes,No
CUST-02029,2024-10-24,October,10,Thursday,Q4,37,Female,Port Harcourt,Accountant,Corporate,Insurance Plan,Agent Banking,445000,2224000,97,1,41,677,10.0,1100,No,No
CUST-02030,2024-02-03,February,2,Saturday,Q1,38,Male,Kano,Entrepreneur,SME,Investment Fund,Mobile App,150000,1874000,63,4,45,639,10.0,200,No,No
CUST-02031,2024-01-22,January,1,Monday,Q1,43,Female,Port Harcourt,Farmer,Retail,Mortgage,Mobile App,665000,8964000,32,3,34,431,5.4,700,No,No
CUST-02032,2024-03-07,March,3,Thursday,Q1,36,Male,Lagos,Student,Student,Current Account,Web Portal,13000,45000,117,1,23,456,6.8,0,No,No
CUST-02033,2024-05-28,May,5,Tuesday,Q2,47,Male,Kano,Engineer,Premium,Fixed Deposit,Mobile App,273000,966000,86,2,26,657,5.9,300,No,No
CUST-02034,2024-03-24,March,3,Sunday,Q1,49,Male,Abuja,Civil Servant,Retail,Credit Card,Mobile App,210000,2809000,79,3,45,550,8.2,200,No,No
CUST-02035,2024-08-03,August,8,Saturday,Q3,20,Male,Enugu,Accountant,Student,Savings Account,Mobile App,5000,30000,64,5,16,427,9.0,0,No,No
CUST-02036,2024-05-25,May,5,Saturday,Q2,31,Female,Abuja,Accountant,Premium,Investment Fund,Agent Banking,6303000,77479000,53,1,44,669,5.4,15800,No,No
CUST-02037,2024-03-05,March,3,Tuesday,Q1,39,Female,Lagos,Student,Student,Current Account,Mobile App,4000,26000,99,2,10,392,7.8,0,No,No
CUST-02038,2024-01-21,January,1,Sunday,Q1,46,Female,Kano,Lawyer,Premium,Fixed Deposit,Branch,3101000,29046000,106,1,10,652,5.0,9300,No,No
CUST-02039,2024-09-15,September,9,Sunday,Q3,30,Female,Ibadan,Engineer,Retail,Investment Fund,Mobile App,706000,4464000,27,2,24,626,4.5,700,Yes,No
CUST-02040,2024-10-31,October,10,Thursday,Q4,27,Female,Abuja,Doctor,Retail,Mobile Loan,Web Portal,138000,286000,99,1,7,645,6.8,200,No,No
CUST-02041,2024-07-02,July,7,Tuesday,Q3,44,Female,Abuja,Lawyer,Premium,Insurance Plan,Branch,435000,4901000,106,3,32,598,9.3,1300,No,No
CUST-02042,2024-06-10,June,6,Monday,Q2,39,Female,Lagos,Accountant,Corporate,Savings Account,Web Portal,3594000,40076000,74,1,43,814,10.0,5400,No,No
CUST-02043,2024-03-29,March,3,Friday,Q1,36,Female,Port Harcourt,Entrepreneur,SME,Fixed Deposit,Branch,304000,425000,19,2,10,503,4.9,900,Yes,No
CUST-02044,2024-05-13,May,5,Monday,Q2,29,Female,Kano,Entrepreneur,SME,Mortgage,Mobile App,102000,1281000,57,3,45,521,4.3,100,No,No
CUST-02045,2024-04-01,April,4,Monday,Q2,25,Female,Ibadan,Civil Servant,Retail,Savings Account,Mobile App,270000,1264000,9,3,41,436,4.9,300,Yes,No
CUST-02046,2024-11-06,November,11,Wednesday,Q4,43,Male,Lagos,Doctor,Corporate,Credit Card,Mobile App,6510000,10866000,93,1,20,631,3.0,6500,Yes,No
CUST-02047,2024-03-03,March,3,Sunday,Q1,38,Male,Abuja,Civil Servant,Retail,Investment Fund,USSD,190000,1813000,100,2,2,441,6.9,400,Yes,No
CUST-02048,2024-07-16,July,7,Tuesday,Q3,38,Male,Enugu,Lawyer,Premium,Mobile Loan,Branch,190000,1888000,85,2,9,777,7.2,600,No,No
CUST-02049,2024-11-19,November,11,Tuesday,Q4,44,Female,Abuja,Accountant,Premium,Mobile Loan,Web Portal,1647000,23173000,18,3,6,651,8.2,2500,No,No
CUST-02050,2024-04-03,April,4,Wednesday,Q2,42,Female,Enugu,Lawyer,Corporate,Investment Fund,Branch,3373000,14916000,40,4,29,687,7.6,10100,Yes,No
CUST-02051,2024-11-23,November,11,Saturday,Q4,42,Male,Ibadan,Lawyer,Premium,Current Account,Agent Banking,364000,2137000,91,4,20,452,8.1,900,No,No
CUST-02052,2024-06-26,June,6,Wednesday,Q2,47,Female,Kano,Student,Student,Investment Fund,Mobile App,6000,31000,7,3,2,384,6.5,0,No,No
CUST-02053,2024-08-11,August,8,Sunday,Q3,31,Female,Abuja,Doctor,Corporate,Investment Fund,Agent Banking,1494000,2173000,51,2,31,692,8.1,3700,No,No
CUST-02054,2024-03-17,March,3,Sunday,Q1,54,Female,Kano,Lawyer,Corporate,Fixed Deposit,Web Portal,1895000,16163000,14,1,39,805,7.7,2800,No,No
CUST-02055,2024-07-08,July,7,Monday,Q3,61,Male,Kano,Trader,SME,Mobile Loan,USSD,372000,3472000,81,4,28,610,6.9,700,No,No
CUST-02056,2024-03-19,March,3,Tuesday,Q1,52,Female,Ibadan,Doctor,Premium,Mobile Loan,Branch,68000,209000,61,3,33,798,4.3,200,Yes,No
CUST-02057,2024-09-23,September,9,Monday,Q3,45,Female,Enugu,Engineer,Corporate,Mortgage,Agent Banking,2188000,2873000,52,5,35,703,6.3,5500,Yes,No
CUST-02058,2024-05-01,May,5,Wednesday,Q2,56,Male,Lagos,Civil Servant,Retail,Current Account,Web Portal,60000,633000,104,3,9,497,4.8,100,Yes,No
CUST-02059,2024-12-30,December,12,Monday,Q4,64,Male,Lagos,Doctor,Premium,Mortgage,Web Portal,2191000,12601000,45,3,16,752,7.1,3300,No,No
CUST-02060,2024-06-17,June,6,Monday,Q2,36,Female,Port Harcourt,Trader,SME,Mortgage,Branch,316000,1290000,105,1,6,503,6.4,900,No,No
CUST-02061,2024-09-16,September,9,Monday,Q3,27,Female,Ibadan,Teacher,Retail,Fixed Deposit,Agent Banking,26000,220000,22,1,16,689,2.2,100,No,No
CUST-02062,2024-04-08,April,4,Monday,Q2,65,Male,Abuja,Student,Student,Mortgage,Mobile App,11000,85000,22,4,45,485,7.7,0,No,No
CUST-02063,2024-08-19,August,8,Monday,Q3,39,Female,Kano,Accountant,Corporate,Investment Fund,USSD,3081000,7093000,61,1,2,738,8.3,6200,Yes,No
CUST-02064,2024-05-04,May,5,Saturday,Q2,50,Female,Kano,Lawyer,Corporate,Mortgage,Branch,3398000,16555000,94,4,39,735,7.5,10200,No,No
CUST-02065,2024-05-12,May,5,Sunday,Q2,39,Female,Abuja,Entrepreneur,SME,Fixed Deposit,Branch,218000,1078000,102,2,25,472,9.7,700,No,No
CUST-02066,2024-08-06,August,8,Tuesday,Q3,30,Male,Abuja,Trader,SME,Credit Card,Branch,328000,1269000,62,3,25,515,7.6,1000,No,No
CUST-02067,2024-03-26,March,3,Tuesday,Q1,23,Female,Kano,Farmer,Student,Credit Card,Mobile App,16000,84000,43,2,12,590,5.8,0,No,No
CUST-02068,2024-03-17,March,3,Sunday,Q1,43,Male,Port Harcourt,Trader,SME,Credit Card,Mobile App,66000,411000,102,1,36,624,5.4,100,No,No
CUST-02069,2024-06-21,June,6,Friday,Q2,40,Male,Kano,Doctor,Premium,Investment Fund,USSD,1733000,25838000,105,3,32,470,4.0,3500,Yes,No
CUST-02070,2024-08-01,August,8,Thursday,Q3,55,Female,Enugu,Entrepreneur,SME,Savings Account,Mobile App,318000,2238000,69,4,20,491,8.4,300,Yes,No
CUST-02071,2024-09-30,September,9,Monday,Q3,41,Male,Port Harcourt,Engineer,Corporate,Savings Account,Mobile App,1453000,9121000,37,1,6,789,8.3,1500,No,No
CUST-02072,2024-08-26,August,8,Monday,Q3,39,Male,Kano,Accountant,Corporate,Current Account,Branch,2508000,4996000,112,3,27,757,6.4,7500,No,No
CUST-02073,2024-06-15,June,6,Saturday,Q2,29,Female,Abuja,Lawyer,Retail,Savings Account,Mobile App,68000,891000,73,1,13,591,8.7,100,No,No
CUST-02074,2024-05-30,May,5,Thursday,Q2,37,Female,Lagos,Farmer,Retail,Insurance Plan,Mobile App,37000,427000,28,2,4,788,6.4,0,Yes,No
CUST-02075,2024-02-10,February,2,Saturday,Q1,35,Female,Abuja,Trader,SME,Investment Fund,Mobile App,464000,6064000,5,2,39,630,4.7,500,No,No
CUST-02076,2024-10-24,October,10,Thursday,Q4,60,Male,Lagos,Teacher,Retail,Credit Card,USSD,384000,2157000,27,2,20,659,6.4,800,No,No
CUST-02077,2024-01-21,January,1,Sunday,Q1,22,Male,Enugu,Doctor,Student,Current Account,Web Portal,12000,58000,54,3,5,482,6.3,0,No,No
CUST-02078,2024-09-04,September,9,Wednesday,Q3,26,Female,Port Harcourt,Engineer,Retail,Savings Account,Mobile App,73000,296000,83,3,17,469,5.5,100,No,No
CUST-02079,2024-12-04,December,12,Wednesday,Q4,38,Male,Abuja,Farmer,Retail,Credit Card,Mobile App,147000,1252000,85,3,1,564,6.5,100,No,No
CUST-02080,2024-01-04,January,1,Thursday,Q1,34,Male,Abuja,Civil Servant,Retail,Mortgage,Branch,75000,97000,49,3,14,453,6.9,200,Yes,No
CUST-02081,2024-06-04,June,6,Tuesday,Q2,42,Male,Ibadan,Teacher,Retail,Mortgage,Web Portal,61000,105000,32,2,5,469,5.6,100,No,No
CUST-02082,2024-08-15,August,8,Thursday,Q3,31,Female,Lagos,Farmer,Retail,Mortgage,Branch,402000,2064000,112,1,35,426,8.8,1200,No,No
CUST-02083,2024-05-29,May,5,Wednesday,Q2,39,Male,Enugu,Engineer,Premium,Insurance Plan,USSD,6405000,69896000,89,1,19,469,7.3,12800,No,No
CUST-02084,2024-01-24,January,1,Wednesday,Q1,29,Male,Enugu,Farmer,Retail,Insurance Plan,Web Portal,170000,1791000,89,4,38,562,6.7,300,No,No
CUST-02085,2024-07-23,July,7,Tuesday,Q3,31,Female,Lagos,Engineer,Corporate,Investment Fund,Web Portal,792000,4447000,52,2,5,672,10.0,1200,No,No
CUST-02086,2024-10-03,October,10,Thursday,Q4,35,Male,Enugu,Farmer,Retail,Savings Account,Branch,80000,94000,69,1,21,552,8.3,200,No,No
CUST-02087,2024-03-02,March,3,Saturday,Q1,43,Male,Port Harcourt,Teacher,Retail,Current Account,Agent Banking,96000,664000,41,2,7,616,7.9,200,No,No
CUST-02088,2024-04-03,April,4,Wednesday,Q2,32,Female,Port Harcourt,Student,Student,Insurance Plan,Branch,14000,106000,57,3,21,443,3.5,0,Yes,No
CUST-02089,2024-03-31,March,3,Sunday,Q1,46,Female,Kano,Civil Servant,Retail,Investment Fund,Agent Banking,247000,2779000,5,5,27,642,8.4,600,No,No
CUST-02090,2024-04-20,April,4,Saturday,Q2,41,Male,Ibadan,Engineer,Corporate,Credit Card,Branch,5209000,64978000,60,2,34,757,8.1,15600,No,No
CUST-02091,2024-02-28,February,2,Wednesday,Q1,47,Female,Enugu,Accountant,Corporate,Insurance Plan,Mobile App,970000,6766000,117,2,3,812,5.5,1000,No,No
CUST-02092,2024-02-20,February,2,Tuesday,Q1,33,Female,Kano,Engineer,Premium,Fixed Deposit,Mobile App,3037000,16030000,33,4,11,602,10.0,3000,No,No
CUST-02093,2024-02-02,February,2,Friday,Q1,39,Male,Ibadan,Entrepreneur,SME,Credit Card,Mobile App,652000,980000,90,1,41,545,7.4,700,Yes,No
CUST-02094,2024-06-15,June,6,Saturday,Q2,47,Male,Ibadan,Teacher,Retail,Savings Account,USSD,71000,252000,103,3,43,449,8.2,100,No,No
CUST-02095,2024-03-19,March,3,Tuesday,Q1,43,Male,Ibadan,Student,Student,Mobile Loan,Mobile App,30000,226000,15,2,35,305,7.6,0,No,No
CUST-02096,2024-03-26,March,3,Tuesday,Q1,37,Male,Lagos,Doctor,Corporate,Mortgage,Web Portal,1571000,16896000,18,3,25,667,7.9,2400,No,No
CUST-02097,2024-04-09,April,4,Tuesday,Q2,25,Male,Port Harcourt,Trader,SME,Mortgage,USSD,207000,2840000,36,2,28,721,3.5,400,No,No
CUST-02098,2024-06-22,June,6,Saturday,Q2,60,Male,Enugu,Engineer,Corporate,Insurance Plan,Web Portal,249000,2552000,113,4,40,785,10.0,400,No,No
CUST-02099,2024-07-20,July,7,Saturday,Q3,60,Female,Lagos,Farmer,Retail,Savings Account,Mobile App,121000,1103000,35,3,21,754,7.6,100,No,No
CUST-02100,2024-04-28,April,4,Sunday,Q2,32,Male,Port Harcourt,Accountant,Corporate,Savings Account,Web Portal,236000,855000,119,2,30,769,7.9,400,No,No
CUST-02101,2024-04-03,April,4,Wednesday,Q2,55,Female,Port Harcourt,Trader,SME,Investment Fund,USSD,319000,2898000,27,2,36,716,9.5,600,No,No
CUST-02102,2024-09-03,September,9,Tuesday,Q3,48,Male,Kano,Civil Servant,Retail,Insurance Plan,Agent Banking,96000,408000,106,2,39,761,3.9,200,No,No
CUST-02103,2024-03-30,March,3,Saturday,Q1,21,Female,Abuja,Doctor,Student,Current Account,Web Portal,9000,19000,38,1,17,507,6.3,0,No,No
CUST-02104,2024-07-26,July,7,Friday,Q3,40,Female,Kano,Lawyer,Premium,Mortgage,Mobile App,4119000,30853000,45,5,9,569,6.9,4100,No,No
CUST-02105,2024-03-03,March,3,Sunday,Q1,37,Male,Abuja,Farmer,Retail,Current Account,Mobile App,111000,1194000,27,4,32,696,7.3,100,No,No
CUST-02106,2024-04-09,April,4,Tuesday,Q2,25,Female,Lagos,Doctor,Retail,Investment Fund,USSD,294000,2642000,37,2,33,711,8.2,600,No,No
CUST-02107,2024-12-20,December,12,Friday,Q4,38,Female,Ibadan,Entrepreneur,SME,Insurance Plan,Mobile App,415000,4302000,30,3,42,501,7.5,400,Yes,No
CUST-02108,2024-06-26,June,6,Wednesday,Q2,25,Male,Lagos,Trader,SME,Investment Fund,Mobile App,335000,649000,106,2,19,542,5.0,300,No,No
CUST-02109,2024-10-24,October,10,Thursday,Q4,43,Male,Lagos,Engineer,Premium,Current Account,Mobile App,1340000,10901000,72,4,20,711,6.2,1300,No,No
CUST-02110,2024-11-16,November,11,Saturday,Q4,39,Female,Port Harcourt,Doctor,Premium,Savings Account,Mobile App,983000,6727000,30,2,35,533,9.0,1000,No,No
CUST-02111,2024-05-19,May,5,Sunday,Q2,53,Female,Enugu,Farmer,Retail,Mobile Loan,USSD,80000,408000,65,1,17,764,7.6,200,No,No
CUST-02112,2024-10-15,October,10,Tuesday,Q4,41,Female,Port Harcourt,Doctor,Corporate,Insurance Plan,Branch,2334000,30269000,10,5,17,830,10.0,7000,No,No
CUST-02113,2024-04-28,April,4,Sunday,Q2,34,Female,Kano,Farmer,Retail,Insurance Plan,Mobile App,80000,466000,55,3,31,476,7.8,100,No,No
CUST-02114,2024-01-01,January,1,Monday,Q1,34,Male,Port Harcourt,Doctor,Corporate,Mortgage,Agent Banking,1872000,16237000,76,2,39,648,10.0,4700,No,No
CUST-02115,2024-02-26,February,2,Monday,Q1,47,Male,Abuja,Civil Servant,Retail,Investment Fund,Web Portal,119000,1097000,92,1,36,648,10.0,200,No,No
CUST-02116,2024-05-03,May,5,Friday,Q2,23,Female,Kano,Student,Student,Investment Fund,Mobile App,13000,175000,70,2,21,560,8.7,0,Yes,No
CUST-02117,2024-09-26,September,9,Thursday,Q3,52,Male,Ibadan,Student,Student,Mobile Loan,Web Portal,22000,318000,42,2,13,548,6.0,0,No,No
CUST-02118,2024-07-23,July,7,Tuesday,Q3,39,Male,Lagos,Student,Student,Current Account,Mobile App,9000,79000,93,3,7,422,5.1,0,No,No
CUST-02119,2024-10-27,October,10,Sunday,Q4,36,Male,Ibadan,Engineer,Premium,Current Account,USSD,4493000,46072000,11,1,14,452,5.1,9000,No,No
CUST-02120,2024-05-25,May,5,Saturday,Q2,51,Female,Kano,Lawyer,Premium,Current Account,Mobile App,288000,2778000,116,5,31,528,7.0,300,Yes,No
CUST-02121,2024-05-15,May,5,Wednesday,Q2,44,Male,Ibadan,Entrepreneur,SME,Mobile Loan,Agent Banking,598000,8866000,63,4,19,738,1.4,1500,No,No
CUST-02122,2024-08-27,August,8,Tuesday,Q3,40,Male,Abuja,Entrepreneur,SME,Mortgage,Mobile App,80000,393000,25,2,4,757,5.9,100,No,No
CUST-02123,2024-04-14,April,4,Sunday,Q2,40,Male,Lagos,Farmer,Retail,Insurance Plan,Agent Banking,109000,1560000,64,5,15,753,7.8,300,No,No
CUST-02124,2024-09-02,September,9,Monday,Q3,40,Male,Abuja,Farmer,Retail,Current Account,Branch,188000,2081000,94,2,36,725,7.1,600,No,No
CUST-02125,2024-02-07,February,2,Wednesday,Q1,34,Female,Ibadan,Student,Student,Credit Card,USSD,8000,57000,70,1,14,606,8.6,0,No,No
CUST-02126,2024-10-20,October,10,Sunday,Q4,51,Female,Ibadan,Farmer,Retail,Insurance Plan,Mobile App,413000,4190000,41,1,27,421,8.4,400,No,No
CUST-02127,2024-03-06,March,3,Wednesday,Q1,58,Female,Ibadan,Doctor,Premium,Current Account,USSD,80000,233000,90,3,37,568,4.0,200,Yes,No
CUST-02128,2024-04-30,April,4,Tuesday,Q2,18,Male,Kano,Farmer,Student,Mortgage,Mobile App,12000,90000,99,2,5,470,8.1,0,No,No
CUST-02129,2024-04-14,April,4,Sunday,Q2,52,Male,Enugu,Trader,SME,Savings Account,Branch,947000,11706000,1,2,43,472,5.7,2800,Yes,No
CUST-02130,2024-07-16,July,7,Tuesday,Q3,36,Female,Ibadan,Doctor,Corporate,Savings Account,Web Portal,18466000,208410000,54,1,43,625,9.7,27700,No,No
CUST-02131,2024-08-05,August,8,Monday,Q3,53,Male,Kano,Trader,SME,Investment Fund,Mobile App,704000,7976000,3,1,38,775,9.2,700,No,No
CUST-02132,2024-05-30,May,5,Thursday,Q2,33,Male,Port Harcourt,Accountant,Premium,Mortgage,Mobile App,947000,2050000,115,2,39,555,5.8,900,No,No
CUST-02133,2024-10-16,October,10,Wednesday,Q4,48,Male,Lagos,Entrepreneur,SME,Current Account,Agent Banking,792000,9440000,44,4,30,729,4.6,2000,No,No
CUST-02134,2024-07-08,July,7,Monday,Q3,33,Male,Kano,Accountant,Corporate,Mobile Loan,Agent Banking,8745000,12669000,28,3,7,668,4.2,21900,Yes,No
CUST-02135,2024-03-10,March,3,Sunday,Q1,38,Female,Abuja,Entrepreneur,SME,Insurance Plan,USSD,1051000,4876000,68,2,2,682,8.7,2100,No,No
CUST-02136,2024-09-03,September,9,Tuesday,Q3,18,Female,Abuja,Teacher,Student,Credit Card,Mobile App,29000,53000,23,1,38,339,9.1,0,No,No
CUST-02137,2024-12-22,December,12,Sunday,Q4,35,Female,Abuja,Accountant,Premium,Fixed Deposit,Agent Banking,389000,4999000,63,3,30,576,8.0,1000,No,No
CUST-02138,2024-10-24,October,10,Thursday,Q4,42,Male,Port Harcourt,Civil Servant,Retail,Investment Fund,Mobile App,28000,66000,100,1,32,505,9.3,0,No,No
CUST-02139,2024-09-14,September,9,Saturday,Q3,38,Male,Enugu,Accountant,Premium,Insurance Plan,Mobile App,2093000,8775000,112,4,4,706,8.5,2100,No,No
CUST-02140,2024-01-06,January,1,Saturday,Q1,32,Female,Enugu,Engineer,Corporate,Fixed Deposit,Branch,235000,1688000,46,1,42,700,8.8,700,No,No
CUST-02141,2024-09-26,September,9,Thursday,Q3,29,Male,Enugu,Accountant,Retail,Mortgage,Mobile App,111000,110000,19,2,29,598,5.2,100,No,No
CUST-02142,2024-08-23,August,8,Friday,Q3,52,Male,Enugu,Accountant,Premium,Mobile Loan,Branch,4445000,29369000,92,4,31,738,8.2,13300,No,No
CUST-02143,2024-06-27,June,6,Thursday,Q2,51,Male,Kano,Accountant,Premium,Credit Card,Mobile App,272000,1794000,99,3,40,434,5.0,300,No,No
CUST-02144,2024-08-16,August,8,Friday,Q3,26,Female,Lagos,Civil Servant,Retail,Insurance Plan,Mobile App,123000,1361000,78,3,5,688,7.3,100,No,No
CUST-02145,2024-07-30,July,7,Tuesday,Q3,30,Female,Lagos,Civil Servant,Retail,Investment Fund,Branch,231000,1255000,15,3,1,426,6.9,700,No,No
CUST-02146,2024-04-23,April,4,Tuesday,Q2,38,Female,Ibadan,Engineer,Premium,Fixed Deposit,USSD,187000,449000,80,4,2,781,7.6,400,No,No
CUST-02147,2024-06-23,June,6,Sunday,Q2,46,Female,Enugu,Accountant,Corporate,Mobile Loan,Web Portal,2868000,32557000,109,3,29,814,8.5,4300,Yes,No
CUST-02148,2024-07-21,July,7,Sunday,Q3,64,Female,Lagos,Civil Servant,Retail,Insurance Plan,Branch,158000,185000,62,4,5,671,7.1,500,No,No
CUST-02149,2024-04-25,April,4,Thursday,Q2,35,Male,Kano,Lawyer,Premium,Credit Card,USSD,193000,1778000,12,3,22,609,7.2,400,Yes,No
CUST-02150,2024-07-20,July,7,Saturday,Q3,35,Female,Enugu,Civil Servant,Retail,Investment Fund,Agent Banking,472000,3991000,83,2,43,546,9.6,1200,No,No
CUST-02151,2024-08-01,August,8,Thursday,Q3,26,Female,Kano,Teacher,Retail,Current Account,Mobile App,227000,2789000,113,1,27,460,5.5,200,Yes,No
CUST-02152,2024-02-18,February,2,Sunday,Q1,21,Female,Port Harcourt,Student,Student,Current Account,Mobile App,7000,29000,18,2,38,480,5.8,0,Yes,No
CUST-02153,2024-07-24,July,7,Wednesday,Q3,36,Male,Abuja,Civil Servant,Retail,Mortgage,USSD,85000,1196000,26,2,29,455,9.2,200,Yes,No
CUST-02154,2024-02-19,February,2,Monday,Q1,28,Male,Ibadan,Trader,SME,Mobile Loan,Mobile App,570000,5337000,80,2,3,613,6.7,600,No,No
CUST-02155,2024-01-05,January,1,Friday,Q1,44,Male,Abuja,Lawyer,Premium,Mobile Loan,Mobile App,1742000,19795000,89,1,6,543,6.2,1700,No,No
CUST-02156,2024-06-02,June,6,Sunday,Q2,18,Male,Kano,Lawyer,Student,Savings Account,Mobile App,10000,10000,48,1,28,607,7.7,0,No,No
CUST-02157,2024-11-06,November,11,Wednesday,Q4,49,Male,Lagos,Civil Servant,Retail,Current Account,Mobile App,296000,356000,21,1,5,561,8.0,300,Yes,No
CUST-02158,2024-03-26,March,3,Tuesday,Q1,36,Female,Abuja,Teacher,Retail,Fixed Deposit,Branch,80000,417000,91,1,1,478,9.5,200,No,No
CUST-02159,2024-08-14,August,8,Wednesday,Q3,30,Female,Ibadan,Civil Servant,Retail,Mobile Loan,Mobile App,96000,603000,51,2,21,703,6.5,100,No,No
CUST-02160,2024-03-30,March,3,Saturday,Q1,47,Male,Port Harcourt,Teacher,Retail,Current Account,Branch,261000,334000,4,1,21,510,5.2,800,Yes,No
CUST-02161,2024-07-16,July,7,Tuesday,Q3,31,Male,Kano,Accountant,Premium,Investment Fund,Branch,739000,4491000,16,3,17,662,7.0,2200,Yes,No
CUST-02162,2024-10-16,October,10,Wednesday,Q4,44,Male,Lagos,Lawyer,Premium,Investment Fund,USSD,315000,337000,98,4,44,573,8.0,600,No,No
CUST-02163,2024-11-14,November,11,Thursday,Q4,18,Male,Abuja,Engineer,Student,Credit Card,Mobile App,20000,30000,67,1,30,379,5.4,0,No,No
CUST-02164,2024-09-27,September,9,Friday,Q3,44,Male,Port Harcourt,Student,Student,Credit Card,Agent Banking,17000,64000,118,3,14,426,4.5,0,No,No
CUST-02165,2024-06-04,June,6,Tuesday,Q2,49,Female,Lagos,Lawyer,Premium,Current Account,Mobile App,354000,3590000,62,2,28,693,8.8,400,No,No
CUST-02166,2024-02-11,February,2,Sunday,Q1,42,Female,Enugu,Lawyer,Corporate,Current Account,Web Portal,1806000,6096000,9,1,18,741,5.2,2700,No,No
CUST-02167,2024-10-20,October,10,Sunday,Q4,38,Male,Port Harcourt,Lawyer,Premium,Insurance Plan,Agent Banking,199000,631000,76,2,4,781,4.2,500,No,No
CUST-02168,2024-10-05,October,10,Saturday,Q4,25,Female,Abuja,Lawyer,Retail,Mobile Loan,USSD,37000,182000,27,1,10,737,10.0,100,No,No
CUST-02169,2024-01-12,January,1,Friday,Q1,54,Female,Enugu,Engineer,Premium,Fixed Deposit,USSD,158000,805000,70,3,38,544,7.6,300,Yes,No
CUST-02170,2024-03-14,March,3,Thursday,Q1,48,Male,Port Harcourt,Trader,SME,Insurance Plan,Branch,144000,300000,38,4,38,767,7.2,400,Yes,No
CUST-02171,2024-08-25,August,8,Sunday,Q3,21,Male,Lagos,Teacher,Student,Investment Fund,USSD,16000,71000,92,3,31,354,6.5,0,No,No
CUST-02172,2024-04-27,April,4,Saturday,Q2,51,Male,Abuja,Civil Servant,Retail,Current Account,Mobile App,79000,307000,31,1,22,617,9.3,100,No,No
CUST-02173,2024-07-19,July,7,Friday,Q3,48,Female,Port Harcourt,Entrepreneur,SME,Mortgage,Branch,88000,838000,57,2,4,558,9.1,300,Yes,No
CUST-02174,2024-04-11,April,4,Thursday,Q2,26,Male,Enugu,Civil Servant,Retail,Current Account,Mobile App,383000,4925000,21,3,10,686,7.5,400,No,No
CUST-02175,2024-02-18,February,2,Sunday,Q1,58,Male,Port Harcourt,Student,Student,Credit Card,Branch,23000,209000,88,2,29,507,7.8,100,No,No
CUST-02176,2024-07-18,July,7,Thursday,Q3,28,Male,Enugu,Civil Servant,Retail,Insurance Plan,Mobile App,99000,699000,77,3,35,563,5.9,100,No,No
CUST-02177,2024-11-07,November,11,Thursday,Q4,29,Female,Lagos,Entrepreneur,SME,Credit Card,Mobile App,215000,546000,101,3,17,639,8.4,200,Yes,No
CUST-02178,2024-08-22,August,8,Thursday,Q3,19,Male,Abuja,Engineer,Student,Mortgage,Web Portal,8000,107000,107,4,33,497,8.7,0,No,No
CUST-02179,2024-12-12,December,12,Thursday,Q4,52,Female,Port Harcourt,Trader,SME,Mortgage,Branch,589000,5927000,101,3,35,625,8.0,1800,Yes,No
CUST-02180,2024-12-10,December,12,Tuesday,Q4,51,Female,Kano,Engineer,Corporate,Savings Account,Web Portal,1232000,4730000,29,3,18,693,8.2,1800,Yes,No
CUST-02181,2024-05-26,May,5,Sunday,Q2,47,Male,Abuja,Engineer,Premium,Insurance Plan,Web Portal,856000,1102000,68,1,22,737,6.4,1300,No,No
CUST-02182,2024-02-17,February,2,Saturday,Q1,26,Female,Enugu,Lawyer,Retail,Credit Card,Branch,129000,638000,38,1,35,647,6.6,400,No,No
CUST-02183,2024-04-30,April,4,Tuesday,Q2,47,Female,Abuja,Teacher,Retail,Investment Fund,USSD,29000,380000,23,3,33,448,6.8,100,No,No
CUST-02184,2024-10-07,October,10,Monday,Q4,18,Female,Enugu,Teacher,Student,Insurance Plan,Mobile App,17000,185000,115,1,45,479,4.8,0,Yes,No
CUST-02185,2024-12-03,December,12,Tuesday,Q4,24,Male,Abuja,Entrepreneur,Student,Mortgage,Mobile App,15000,156000,27,2,6,549,8.5,0,No,No
CUST-02186,2024-11-08,November,11,Friday,Q4,58,Female,Enugu,Farmer,Retail,Mobile Loan,Web Portal,66000,278000,55,1,36,628,5.9,100,No,No
CUST-02187,2024-04-07,April,4,Sunday,Q2,40,Male,Abuja,Entrepreneur,SME,Investment Fund,Web Portal,585000,7000000,9,2,35,519,7.1,900,No,No
CUST-02188,2024-12-16,December,12,Monday,Q4,28,Female,Ibadan,Engineer,Retail,Savings Account,Mobile App,51000,119000,7,3,16,490,4.8,100,No,No
CUST-02189,2024-04-22,April,4,Monday,Q2,47,Male,Lagos,Engineer,Premium,Credit Card,Agent Banking,271000,847000,78,2,3,563,8.6,700,No,No
CUST-02190,2024-08-12,August,8,Monday,Q3,47,Female,Lagos,Entrepreneur,SME,Mobile Loan,Web Portal,369000,971000,106,2,25,529,8.3,600,No,No
CUST-02191,2024-04-15,April,4,Monday,Q2,35,Male,Abuja,Student,Student,Insurance Plan,Mobile App,17000,191000,65,2,15,311,10.0,0,No,No
CUST-02192,2024-04-05,April,4,Friday,Q2,52,Male,Enugu,Student,Student,Investment Fund,Agent Banking,24000,76000,112,3,39,301,5.4,100,No,No
CUST-02193,2024-11-25,November,11,Monday,Q4,27,Female,Abuja,Accountant,Retail,Mobile Loan,Mobile App,218000,1190000,31,5,34,669,6.1,200,No,No
CUST-02194,2024-05-10,May,5,Friday,Q2,24,Female,Kano,Doctor,Student,Investment Fund,Web Portal,4000,19000,29,2,37,378,10.0,0,No,No
CUST-02195,2024-03-14,March,3,Thursday,Q1,48,Female,Abuja,Student,Student,Savings Account,Web Portal,24000,172000,106,1,32,460,4.1,0,No,No
CUST-02196,2024-08-18,August,8,Sunday,Q3,51,Male,Port Harcourt,Accountant,Corporate,Credit Card,Mobile App,1984000,10498000,101,3,29,796,6.6,2000,Yes,No
CUST-02197,2024-05-27,May,5,Monday,Q2,40,Female,Lagos,Lawyer,Corporate,Fixed Deposit,Branch,290000,2235000,24,4,36,670,3.6,900,No,No
CUST-02198,2024-08-21,August,8,Wednesday,Q3,27,Female,Enugu,Trader,SME,Investment Fund,Mobile App,45000,264000,91,1,31,795,10.0,0,No,No
CUST-02199,2024-10-04,October,10,Friday,Q4,36,Female,Abuja,Accountant,Corporate,Investment Fund,Branch,11270000,59113000,26,3,35,727,4.4,33800,Yes,No
CUST-02200,2024-12-13,December,12,Friday,Q4,44,Female,Kano,Entrepreneur,SME,Insurance Plan,Mobile App,237000,1217000,63,5,41,530,9.1,200,Yes,No
CUST-02201,2024-08-19,August,8,Monday,Q3,40,Female,Ibadan,Entrepreneur,SME,Insurance Plan,Mobile App,2249000,16752000,109,3,8,505,5.9,2200,No,No
CUST-02202,2024-09-14,September,9,Saturday,Q3,28,Female,Abuja,Lawyer,Retail,Fixed Deposit,USSD,229000,2706000,8,1,2,680,7.6,500,Yes,No
CUST-02203,2024-04-10,April,4,Wednesday,Q2,47,Male,Abuja,Civil Servant,Retail,Investment Fund,Agent Banking,114000,1460000,48,3,38,712,8.5,300,No,No
CUST-02204,2024-03-19,March,3,Tuesday,Q1,18,Male,Kano,Entrepreneur,Student,Investment Fund,Web Portal,9000,100000,33,2,7,563,8.0,0,No,No
CUST-02205,2024-08-04,August,8,Sunday,Q3,36,Male,Port Harcourt,Student,Student,Current Account,Agent Banking,14000,170000,82,4,22,417,5.1,0,Yes,No
CUST-02206,2024-12-10,December,12,Tuesday,Q4,49,Male,Lagos,Engineer,Premium,Current Account,Mobile App,1747000,23917000,93,1,32,570,7.2,1700,Yes,No
CUST-02207,2024-02-15,February,2,Thursday,Q1,51,Female,Ibadan,Trader,SME,Fixed Deposit,USSD,216000,1150000,9,1,29,568,6.6,400,No,No
CUST-02208,2024-08-16,August,8,Friday,Q3,29,Female,Enugu,Student,Student,Credit Card,Mobile App,11000,89000,42,3,15,487,6.1,0,Yes,No
CUST-02209,2024-09-04,September,9,Wednesday,Q3,34,Male,Kano,Farmer,Retail,Savings Account,Web Portal,41000,457000,60,1,31,493,5.5,100,No,No
CUST-02210,2024-08-21,August,8,Wednesday,Q3,28,Male,Lagos,Lawyer,Retail,Investment Fund,USSD,79000,652000,27,1,43,636,7.4,200,No,No
CUST-02211,2024-07-09,July,7,Tuesday,Q3,39,Male,Lagos,Accountant,Corporate,Fixed Deposit,Branch,237000,1843000,43,4,41,746,7.3,700,No,No
CUST-02212,2024-03-03,March,3,Sunday,Q1,25,Female,Port Harcourt,Civil Servant,Retail,Credit Card,Mobile App,517000,4992000,118,4,35,431,8.5,500,No,No
CUST-02213,2024-05-09,May,5,Thursday,Q2,63,Female,Kano,Student,Student,Investment Fund,Branch,11000,126000,105,4,33,336,9.0,0,No,No
CUST-02214,2024-03-22,March,3,Friday,Q1,40,Male,Abuja,Farmer,Retail,Credit Card,Agent Banking,79000,226000,29,5,42,585,8.9,200,No,No
CUST-02215,2024-11-01,November,11,Friday,Q4,41,Male,Port Harcourt,Entrepreneur,SME,Current Account,Mobile App,76000,1018000,48,2,1,681,8.8,100,No,No
CUST-02216,2024-07-28,July,7,Sunday,Q3,32,Male,Ibadan,Farmer,Retail,Current Account,USSD,59000,196000,35,5,1,656,5.5,100,No,No
CUST-02217,2024-12-15,December,12,Sunday,Q4,70,Female,Lagos,Student,Student,Savings Account,USSD,10000,67000,95,4,25,586,7.8,0,No,No
CUST-02218,2024-05-09,May,5,Thursday,Q2,39,Male,Lagos,Student,Student,Current Account,Mobile App,27000,177000,40,5,43,618,5.5,0,No,No
CUST-02219,2024-11-05,November,11,Tuesday,Q4,32,Male,Kano,Civil Servant,Retail,Insurance Plan,Branch,48000,485000,28,1,39,447,6.8,100,No,No
CUST-02220,2024-12-23,December,12,Monday,Q4,31,Female,Lagos,Farmer,Retail,Current Account,Mobile App,105000,988000,106,1,33,666,7.6,100,No,No
CUST-02221,2024-08-18,August,8,Sunday,Q3,43,Female,Enugu,Doctor,Premium,Current Account,Mobile App,2474000,22879000,14,3,25,573,1.8,2500,No,No
CUST-02222,2024-05-26,May,5,Sunday,Q2,18,Male,Enugu,Student,Student,Current Account,Mobile App,19000,77000,104,1,13,539,8.0,0,No,No
CUST-02223,2024-05-16,May,5,Thursday,Q2,36,Female,Kano,Trader,SME,Current Account,Mobile App,1639000,14691000,73,2,43,560,7.6,1600,No,No
CUST-02224,2024-02-05,February,2,Monday,Q1,33,Female,Kano,Teacher,Retail,Savings Account,Branch,215000,2834000,78,1,24,513,5.7,600,Yes,No
CUST-02225,2024-10-18,October,10,Friday,Q4,41,Male,Kano,Accountant,Premium,Mobile Loan,Agent Banking,262000,1088000,109,1,33,630,6.3,700,No,No
CUST-02226,2024-04-29,April,4,Monday,Q2,48,Male,Lagos,Lawyer,Corporate,Current Account,USSD,3840000,18481000,115,2,38,638,6.0,7700,No,No
CUST-02227,2024-05-06,May,5,Monday,Q2,41,Male,Port Harcourt,Doctor,Premium,Investment Fund,Web Portal,487000,3218000,118,1,30,510,4.4,700,Yes,No
CUST-02228,2024-10-26,October,10,Saturday,Q4,50,Male,Abuja,Trader,SME,Insurance Plan,Mobile App,877000,8277000,52,1,29,506,7.8,900,No,No
CUST-02229,2024-02-12,February,2,Monday,Q1,54,Male,Abuja,Entrepreneur,SME,Savings Account,Mobile App,132000,1544000,29,2,36,794,6.8,100,No,No
CUST-02230,2024-04-09,April,4,Tuesday,Q2,29,Male,Enugu,Trader,SME,Fixed Deposit,Web Portal,1191000,8145000,83,2,44,645,8.1,1800,No,No
CUST-02231,2024-03-05,March,3,Tuesday,Q1,58,Female,Lagos,Engineer,Corporate,Investment Fund,Branch,1003000,14145000,90,3,10,794,4.0,3000,Yes,No
CUST-02232,2024-03-06,March,3,Wednesday,Q1,33,Male,Kano,Teacher,Retail,Credit Card,Mobile App,303000,3789000,88,3,39,760,5.2,300,Yes,No
CUST-02233,2024-03-17,March,3,Sunday,Q1,32,Female,Abuja,Accountant,Premium,Fixed Deposit,Branch,1846000,16179000,1,1,7,640,6.4,5500,Yes,No
CUST-02234,2024-01-13,January,1,Saturday,Q1,49,Male,Lagos,Civil Servant,Retail,Mortgage,Web Portal,207000,2343000,81,1,5,648,8.9,300,No,No
CUST-02235,2024-05-20,May,5,Monday,Q2,36,Male,Lagos,Lawyer,Corporate,Insurance Plan,Agent Banking,13330000,130446000,4,4,35,647,8.3,33300,No,No
CUST-02236,2024-04-01,April,4,Monday,Q2,35,Male,Lagos,Accountant,Corporate,Current Account,USSD,7264000,19975000,56,1,38,745,4.9,14500,Yes,No
CUST-02237,2024-12-17,December,12,Tuesday,Q4,26,Female,Port Harcourt,Lawyer,Retail,Fixed Deposit,Mobile App,68000,210000,14,2,36,493,8.2,100,No,No
CUST-02238,2024-07-06,July,7,Saturday,Q3,36,Male,Kano,Lawyer,Premium,Insurance Plan,Web Portal,1742000,10108000,69,3,44,708,9.1,2600,No,No
CUST-02239,2024-08-19,August,8,Monday,Q3,29,Female,Lagos,Civil Servant,Retail,Mobile Loan,Mobile App,111000,1209000,60,3,3,651,8.5,100,No,No
CUST-02240,2024-01-05,January,1,Friday,Q1,28,Male,Abuja,Doctor,Retail,Insurance Plan,USSD,23000,84000,95,1,1,531,8.0,0,No,No
CUST-02241,2024-02-12,February,2,Monday,Q1,28,Male,Ibadan,Lawyer,Retail,Mortgage,USSD,97000,602000,102,4,18,718,10.0,200,No,No
CUST-02242,2024-09-07,September,9,Saturday,Q3,39,Male,Lagos,Trader,SME,Current Account,Agent Banking,273000,2992000,38,2,43,562,8.4,700,No,No
CUST-02243,2024-11-28,November,11,Thursday,Q4,38,Female,Abuja,Engineer,Corporate,Insurance Plan,Mobile App,2244000,24545000,2,1,42,832,3.5,2200,No,No
CUST-02244,2024-01-13,January,1,Saturday,Q1,42,Female,Enugu,Engineer,Corporate,Savings Account,Branch,4387000,15817000,21,1,42,763,9.9,13200,No,No
CUST-02245,2024-06-16,June,6,Sunday,Q2,59,Male,Enugu,Doctor,Premium,Mobile Loan,Agent Banking,1956000,24482000,29,4,9,523,5.9,4900,Yes,No
CUST-02246,2024-07-21,July,7,Sunday,Q3,33,Female,Ibadan,Student,Student,Mortgage,Branch,8000,34000,116,1,42,503,6.4,0,No,No
CUST-02247,2024-05-19,May,5,Sunday,Q2,66,Male,Abuja,Engineer,Corporate,Insurance Plan,Branch,4129000,29350000,103,3,36,772,5.6,12400,No,No
CUST-02248,2024-05-08,May,5,Wednesday,Q2,41,Female,Port Harcourt,Accountant,Corporate,Mortgage,Branch,1423000,1275000,27,1,14,835,7.5,4300,No,No
CUST-02249,2024-01-30,January,1,Tuesday,Q1,30,Male,Ibadan,Student,Student,Savings Account,Mobile App,63000,816000,58,2,27,570,7.8,100,No,No
CUST-02250,2024-02-19,February,2,Monday,Q1,25,Female,Abuja,Lawyer,Retail,Investment Fund,Branch,97000,1454000,21,3,14,596,5.6,300,No,No
CUST-02251,2024-04-05,April,4,Friday,Q2,30,Male,Enugu,Student,Student,Investment Fund,Mobile App,11000,50000,64,3,12,521,9.9,0,No,No
CUST-02252,2024-11-22,November,11,Friday,Q4,18,Male,Ibadan,Engineer,Student,Mobile Loan,Mobile App,8000,88000,28,3,11,381,5.7,0,No,No
CUST-02253,2024-02-27,February,2,Tuesday,Q1,42,Female,Lagos,Lawyer,Premium,Fixed Deposit,Branch,106000,595000,57,2,6,488,7.3,300,No,No
CUST-02254,2024-06-10,June,6,Monday,Q2,54,Female,Lagos,Trader,SME,Savings Account,Branch,440000,3824000,83,2,41,707,6.6,1300,No,No
CUST-02255,2024-10-16,October,10,Wednesday,Q4,44,Female,Kano,Student,Student,Insurance Plan,Mobile App,19000,139000,59,2,5,499,7.2,0,No,No
CUST-02256,2024-11-28,November,11,Thursday,Q4,40,Female,Port Harcourt,Lawyer,Corporate,Current Account,Web Portal,3076000,14806000,45,1,22,792,8.9,4600,No,No
CUST-02257,2024-11-13,November,11,Wednesday,Q4,21,Female,Enugu,Doctor,Student,Fixed Deposit,Web Portal,41000,154000,37,2,14,605,5.2,100,No,No
CUST-02258,2024-03-16,March,3,Saturday,Q1,24,Male,Lagos,Farmer,Student,Mortgage,Branch,11000,72000,114,5,15,300,8.9,0,No,No
CUST-02259,2024-01-04,January,1,Thursday,Q1,20,Female,Enugu,Entrepreneur,Student,Savings Account,Web Portal,15000,219000,115,3,40,430,6.4,0,No,No
CUST-02260,2024-05-22,May,5,Wednesday,Q2,38,Female,Port Harcourt,Entrepreneur,SME,Savings Account,Web Portal,135000,973000,16,3,32,617,9.7,200,No,No
CUST-02261,2024-02-14,February,2,Wednesday,Q1,46,Female,Port Harcourt,Entrepreneur,SME,Insurance Plan,Branch,1603000,14738000,85,4,37,769,8.9,4800,No,No
CUST-02262,2024-04-15,April,4,Monday,Q2,63,Female,Lagos,Accountant,Corporate,Mortgage,Agent Banking,673000,2724000,75,2,16,721,7.2,1700,No,No
CUST-02263,2024-03-18,March,3,Monday,Q1,60,Male,Enugu,Teacher,Retail,Fixed Deposit,Mobile App,109000,676000,34,3,7,459,8.8,100,No,No
CUST-02264,2024-08-18,August,8,Sunday,Q3,40,Female,Lagos,Doctor,Premium,Current Account,Web Portal,710000,1639000,86,3,5,742,9.0,1100,No,No
CUST-02265,2024-12-14,December,12,Saturday,Q4,38,Female,Lagos,Accountant,Premium,Savings Account,Mobile App,4699000,22874000,38,5,27,789,7.3,4700,No,No
CUST-02266,2024-07-02,July,7,Tuesday,Q3,50,Female,Port Harcourt,Trader,SME,Mobile Loan,Branch,139000,420000,105,3,33,471,5.9,400,No,No
CUST-02267,2024-04-28,April,4,Sunday,Q2,34,Female,Kano,Accountant,Corporate,Savings Account,Web Portal,467000,5635000,15,3,31,659,8.4,700,No,No
CUST-02268,2024-07-24,July,7,Wednesday,Q3,30,Female,Kano,Trader,SME,Credit Card,Web Portal,485000,1837000,84,2,42,772,8.2,700,No,No
CUST-02269,2024-02-10,February,2,Saturday,Q1,45,Female,Port Harcourt,Accountant,Corporate,Mortgage,Agent Banking,11451000,53608000,20,1,3,705,7.3,28600,No,No
CUST-02270,2024-03-29,March,3,Friday,Q1,48,Female,Lagos,Civil Servant,Retail,Credit Card,Mobile App,62000,742000,74,4,28,793,6.2,100,Yes,No
CUST-02271,2024-12-01,December,12,Sunday,Q4,54,Male,Abuja,Teacher,Retail,Investment Fund,Web Portal,171000,1917000,57,1,5,542,8.3,300,No,No
CUST-02272,2024-10-26,October,10,Saturday,Q4,51,Female,Abuja,Student,Student,Credit Card,Web Portal,41000,161000,115,3,34,502,9.5,100,Yes,No
CUST-02273,2024-01-31,January,1,Wednesday,Q1,39,Male,Abuja,Entrepreneur,SME,Credit Card,Web Portal,114000,1616000,62,2,41,684,6.9,200,No,No
CUST-02274,2024-08-21,August,8,Wednesday,Q3,38,Female,Port Harcourt,Farmer,Retail,Mortgage,Mobile App,103000,1142000,70,3,25,721,6.7,100,No,No
CUST-02275,2024-04-25,April,4,Thursday,Q2,28,Female,Ibadan,Student,Student,Credit Card,Mobile App,4000,51000,68,3,19,303,6.3,0,No,No
CUST-02276,2024-12-09,December,12,Monday,Q4,41,Female,Enugu,Civil Servant,Retail,Mobile Loan,Branch,158000,1704000,13,2,11,662,8.9,500,Yes,No
CUST-02277,2024-10-12,October,10,Saturday,Q4,26,Male,Kano,Trader,SME,Fixed Deposit,USSD,1249000,16498000,58,5,33,520,9.5,2500,Yes,No
CUST-02278,2024-02-10,February,2,Saturday,Q1,49,Male,Abuja,Lawyer,Corporate,Savings Account,Web Portal,7727000,87723000,65,2,25,651,5.8,11600,No,No
CUST-02279,2024-02-08,February,2,Thursday,Q1,36,Female,Abuja,Doctor,Corporate,Investment Fund,Branch,924000,4393000,12,1,41,681,8.6,2800,No,No
CUST-02280,2024-01-16,January,1,Tuesday,Q1,44,Female,Ibadan,Teacher,Retail,Fixed Deposit,Mobile App,43000,231000,100,3,25,436,10.0,0,Yes,No
CUST-02281,2024-01-02,January,1,Tuesday,Q1,47,Male,Kano,Doctor,Premium,Investment Fund,Branch,740000,3263000,110,1,12,518,4.0,2200,Yes,No
CUST-02282,2024-12-02,December,12,Monday,Q4,42,Female,Enugu,Lawyer,Corporate,Savings Account,Branch,23589000,314650000,83,5,28,673,3.4,70800,No,No
CUST-02283,2024-07-17,July,7,Wednesday,Q3,34,Female,Enugu,Trader,SME,Credit Card,Mobile App,306000,1766000,64,2,24,726,5.3,300,Yes,No
CUST-02284,2024-01-01,January,1,Monday,Q1,18,Female,Port Harcourt,Civil Servant,Student,Insurance Plan,USSD,8000,47000,75,4,6,419,4.9,0,No,No
CUST-02285,2024-10-18,October,10,Friday,Q4,54,Female,Ibadan,Civil Servant,Retail,Mortgage,Mobile App,24000,277000,108,2,44,481,9.5,0,No,No
CUST-02286,2024-11-25,November,11,Monday,Q4,62,Female,Abuja,Civil Servant,Retail,Fixed Deposit,USSD,63000,57000,54,2,36,706,6.4,100,No,No
CUST-02287,2024-07-17,July,7,Wednesday,Q3,30,Male,Abuja,Farmer,Retail,Investment Fund,Web Portal,19000,111000,32,2,12,508,8.0,0,No,No
CUST-02288,2024-10-25,October,10,Friday,Q4,41,Female,Ibadan,Lawyer,Corporate,Mobile Loan,USSD,573000,7988000,47,3,25,786,1.3,1100,Yes,No
CUST-02289,2024-11-30,November,11,Saturday,Q4,40,Female,Lagos,Trader,SME,Investment Fund,USSD,1695000,21581000,66,1,4,453,8.0,3400,No,No
CUST-02290,2024-10-21,October,10,Monday,Q4,33,Male,Kano,Lawyer,Premium,Credit Card,Agent Banking,328000,1585000,23,3,23,686,6.4,800,No,No
CUST-02291,2024-03-18,March,3,Monday,Q1,32,Female,Kano,Entrepreneur,SME,Investment Fund,Web Portal,575000,3324000,44,1,43,593,7.4,900,Yes,No
CUST-02292,2024-06-06,June,6,Thursday,Q2,32,Female,Abuja,Lawyer,Corporate,Fixed Deposit,USSD,1537000,19979000,53,4,11,649,4.7,3100,No,No
CUST-02293,2024-12-14,December,12,Saturday,Q4,47,Male,Lagos,Entrepreneur,SME,Fixed Deposit,Web Portal,32000,208000,19,3,44,508,6.8,0,No,No
CUST-02294,2024-06-09,June,6,Sunday,Q2,36,Male,Ibadan,Teacher,Retail,Investment Fund,USSD,295000,1232000,54,5,43,761,9.7,600,No,No
CUST-02295,2024-04-13,April,4,Saturday,Q2,45,Male,Port Harcourt,Doctor,Corporate,Fixed Deposit,Agent Banking,13043000,162786000,94,1,25,765,4.2,32600,No,No
CUST-02296,2024-09-26,September,9,Thursday,Q3,42,Male,Enugu,Teacher,Retail,Mortgage,Mobile App,21000,37000,78,1,14,518,8.5,0,Yes,No
CUST-02297,2024-03-28,March,3,Thursday,Q1,37,Male,Ibadan,Student,Student,Investment Fund,Agent Banking,7000,27000,68,1,9,496,6.4,0,No,No
CUST-02298,2024-06-22,June,6,Saturday,Q2,43,Female,Lagos,Doctor,Premium,Investment Fund,Branch,959000,7299000,67,1,10,747,3.6,2900,Yes,No
CUST-02299,2024-11-06,November,11,Wednesday,Q4,45,Male,Ibadan,Trader,SME,Insurance Plan,Web Portal,525000,3695000,49,4,2,627,4.1,800,No,No
CUST-02300,2024-01-26,January,1,Friday,Q1,52,Male,Kano,Doctor,Premium,Mortgage,Web Portal,2551000,13816000,72,2,16,556,6.0,3800,No,No
CUST-02301,2024-10-17,October,10,Thursday,Q4,29,Male,Abuja,Trader,SME,Credit Card,Mobile App,1294000,16123000,87,1,15,799,5.5,1300,No,No
CUST-02302,2024-06-29,June,6,Saturday,Q2,38,Female,Ibadan,Entrepreneur,SME,Investment Fund,Branch,784000,9541000,82,2,33,522,7.1,2400,No,No
CUST-02303,2024-10-10,October,10,Thursday,Q4,25,Female,Ibadan,Engineer,Retail,Savings Account,Mobile App,393000,3709000,82,3,13,719,8.2,400,No,No
CUST-02304,2024-08-03,August,8,Saturday,Q3,37,Female,Abuja,Trader,SME,Mobile Loan,Web Portal,139000,1573000,21,3,17,659,6.8,200,No,No
CUST-02305,2024-09-15,September,9,Sunday,Q3,45,Female,Enugu,Civil Servant,Retail,Mortgage,Branch,622000,8769000,120,4,19,439,7.3,1900,No,No
CUST-02306,2024-12-28,December,12,Saturday,Q4,32,Male,Port Harcourt,Teacher,Retail,Fixed Deposit,Mobile App,48000,514000,81,3,34,495,10.0,0,No,No
CUST-02307,2024-07-05,July,7,Friday,Q3,43,Female,Kano,Farmer,Retail,Current Account,Web Portal,190000,2166000,9,1,28,589,9.5,300,Yes,No
CUST-02308,2024-02-28,February,2,Wednesday,Q1,36,Male,Abuja,Student,Student,Fixed Deposit,Branch,3000,28000,84,2,31,416,7.6,0,Yes,No
CUST-02309,2024-10-08,October,10,Tuesday,Q4,28,Female,Kano,Engineer,Retail,Credit Card,Mobile App,169000,1512000,93,3,31,491,9.5,200,Yes,No
CUST-02310,2024-07-29,July,7,Monday,Q3,31,Female,Ibadan,Doctor,Premium,Savings Account,Web Portal,641000,3018000,38,3,32,562,9.8,1000,No,No
CUST-02311,2024-06-27,June,6,Thursday,Q2,53,Female,Lagos,Doctor,Premium,Mortgage,Mobile App,1715000,2664000,103,4,36,554,7.1,1700,No,No
CUST-02312,2024-10-14,October,10,Monday,Q4,34,Male,Abuja,Farmer,Retail,Current Account,Mobile App,88000,1217000,13,3,20,652,6.3,100,No,No
CUST-02313,2024-02-21,February,2,Wednesday,Q1,37,Female,Lagos,Teacher,Retail,Current Account,Agent Banking,92000,261000,71,1,32,589,8.3,200,No,No
CUST-02314,2024-08-31,August,8,Saturday,Q3,39,Female,Port Harcourt,Doctor,Premium,Savings Account,USSD,590000,7810000,56,2,40,467,3.9,1200,No,No
CUST-02315,2024-12-05,December,12,Thursday,Q4,58,Female,Lagos,Student,Student,Insurance Plan,Web Portal,17000,253000,80,3,23,530,7.9,0,No,No
CUST-02316,2024-03-17,March,3,Sunday,Q1,50,Female,Kano,Trader,SME,Savings Account,Web Portal,1210000,9756000,76,3,35,650,7.6,1800,No,No
CUST-02317,2024-10-21,October,10,Monday,Q4,53,Male,Kano,Civil Servant,Retail,Investment Fund,Web Portal,18000,106000,53,1,10,421,4.5,0,Yes,No
CUST-02318,2024-06-23,June,6,Sunday,Q2,34,Female,Ibadan,Doctor,Premium,Current Account,Web Portal,527000,4303000,60,4,45,696,7.8,800,Yes,No
CUST-02319,2024-04-02,April,4,Tuesday,Q2,35,Male,Port Harcourt,Engineer,Premium,Mortgage,Branch,603000,7175000,86,1,43,572,9.5,1800,No,No
CUST-02320,2024-03-11,March,3,Monday,Q1,41,Male,Kano,Teacher,Retail,Savings Account,Branch,117000,1693000,19,1,5,720,7.4,400,Yes,No
CUST-02321,2024-12-21,December,12,Saturday,Q4,18,Female,Enugu,Student,Student,Mobile Loan,Branch,15000,129000,35,3,9,481,7.6,0,Yes,No
CUST-02322,2024-09-19,September,9,Thursday,Q3,32,Male,Ibadan,Doctor,Premium,Insurance Plan,USSD,2169000,11105000,61,3,27,442,7.6,4300,Yes,No
CUST-02323,2024-01-19,January,1,Friday,Q1,55,Female,Lagos,Doctor,Premium,Mobile Loan,Web Portal,308000,2750000,83,5,26,519,8.0,500,No,No
CUST-02324,2024-07-23,July,7,Tuesday,Q3,52,Male,Enugu,Civil Servant,Retail,Current Account,USSD,155000,1203000,3,1,21,708,6.0,300,No,No
CUST-02325,2024-07-27,July,7,Saturday,Q3,28,Female,Ibadan,Accountant,Retail,Credit Card,Agent Banking,850000,1942000,28,4,19,743,8.1,2100,No,No
CUST-02326,2024-04-08,April,4,Monday,Q2,35,Male,Enugu,Civil Servant,Retail,Credit Card,Agent Banking,301000,3357000,117,3,19,778,5.2,800,No,No
CUST-02327,2024-08-06,August,8,Tuesday,Q3,30,Female,Port Harcourt,Student,Student,Credit Card,USSD,8000,119000,15,1,14,372,8.3,0,Yes,No
CUST-02328,2024-01-06,January,1,Saturday,Q1,42,Male,Enugu,Lawyer,Corporate,Credit Card,Agent Banking,916000,7186000,4,1,25,636,7.5,2300,Yes,No
CUST-02329,2024-12-14,December,12,Saturday,Q4,30,Female,Ibadan,Engineer,Retail,Credit Card,Branch,21000,153000,92,1,16,620,7.0,100,Yes,No
CUST-02330,2024-09-19,September,9,Thursday,Q3,25,Male,Ibadan,Lawyer,Retail,Credit Card,USSD,67000,1000000,70,5,29,558,7.8,100,No,No
CUST-02331,2024-03-23,March,3,Saturday,Q1,36,Male,Enugu,Engineer,Corporate,Savings Account,Mobile App,50000000,68435000,11,1,4,711,8.3,50000,No,No
CUST-02332,2024-01-09,January,1,Tuesday,Q1,46,Female,Enugu,Accountant,Corporate,Current Account,USSD,6997000,47501000,13,1,43,838,5.8,14000,Yes,No
CUST-02333,2024-08-21,August,8,Wednesday,Q3,37,Female,Lagos,Accountant,Corporate,Current Account,Mobile App,2980000,6497000,60,4,16,845,6.7,3000,No,No
CUST-02334,2024-12-30,December,12,Monday,Q4,18,Female,Ibadan,Farmer,Student,Mobile Loan,Web Portal,7000,104000,26,4,35,469,8.1,0,No,No
CUST-02335,2024-10-02,October,10,Wednesday,Q4,47,Female,Port Harcourt,Accountant,Premium,Savings Account,USSD,4375000,34328000,58,1,4,657,7.4,8800,No,No
CUST-02336,2024-06-22,June,6,Saturday,Q2,48,Female,Port Harcourt,Accountant,Corporate,Mortgage,Web Portal,2296000,20838000,79,2,16,673,5.9,3400,No,No
CUST-02337,2024-05-19,May,5,Sunday,Q2,40,Female,Enugu,Lawyer,Corporate,Mortgage,Web Portal,1293000,13511000,67,1,3,767,5.8,1900,No,No
CUST-02338,2024-03-10,March,3,Sunday,Q1,33,Male,Enugu,Lawyer,Corporate,Savings Account,USSD,4947000,44579000,92,1,14,814,6.8,9900,No,No
CUST-02339,2024-07-09,July,7,Tuesday,Q3,45,Male,Ibadan,Doctor,Premium,Current Account,Mobile App,695000,951000,18,2,27,605,7.9,700,No,No
CUST-02340,2024-10-16,October,10,Wednesday,Q4,27,Female,Ibadan,Trader,SME,Mobile Loan,Branch,176000,1787000,87,4,24,786,6.7,500,No,No
CUST-02341,2024-01-05,January,1,Friday,Q1,35,Male,Enugu,Lawyer,Premium,Savings Account,Mobile App,395000,4421000,84,1,31,496,7.5,400,No,No
CUST-02342,2024-11-29,November,11,Friday,Q4,39,Female,Port Harcourt,Doctor,Corporate,Mortgage,USSD,5572000,10747000,32,1,9,724,5.1,11100,No,No
CUST-02343,2024-08-27,August,8,Tuesday,Q3,36,Female,Port Harcourt,Civil Servant,Retail,Investment Fund,USSD,135000,129000,95,2,9,589,6.8,300,No,No
CUST-02344,2024-07-15,July,7,Monday,Q3,33,Male,Lagos,Farmer,Retail,Fixed Deposit,Branch,181000,1248000,61,2,25,694,7.9,500,No,No
CUST-02345,2024-01-27,January,1,Saturday,Q1,38,Male,Lagos,Accountant,Corporate,Mortgage,Branch,933000,9787000,15,2,36,791,7.8,2800,No,No
CUST-02346,2024-12-08,December,12,Sunday,Q4,42,Female,Ibadan,Trader,SME,Mortgage,USSD,294000,1326000,74,2,15,613,7.6,600,No,No
CUST-02347,2024-11-13,November,11,Wednesday,Q4,18,Male,Port Harcourt,Lawyer,Student,Mortgage,Mobile App,14000,175000,80,3,16,371,6.8,0,Yes,No
CUST-02348,2024-08-02,August,8,Friday,Q3,42,Female,Ibadan,Trader,SME,Current Account,Mobile App,260000,216000,57,3,44,587,8.6,300,Yes,No
CUST-02349,2024-12-26,December,12,Thursday,Q4,39,Male,Kano,Engineer,Premium,Mobile Loan,Web Portal,2645000,28822000,30,3,39,585,8.4,4000,No,No
CUST-02350,2024-03-05,March,3,Tuesday,Q1,44,Male,Kano,Teacher,Retail,Credit Card,Branch,151000,495000,39,3,18,743,6.5,500,No,No
CUST-02351,2024-09-14,September,9,Saturday,Q3,23,Male,Lagos,Trader,Student,Mobile Loan,Mobile App,10000,118000,82,3,45,419,6.7,0,No,No
CUST-02352,2024-07-20,July,7,Saturday,Q3,45,Male,Lagos,Civil Servant,Retail,Mortgage,Mobile App,56000,356000,7,2,43,708,9.2,100,No,No
CUST-02353,2024-11-25,November,11,Monday,Q4,41,Female,Abuja,Lawyer,Premium,Insurance Plan,Agent Banking,11430000,84221000,113,5,34,692,5.5,28600,No,No
CUST-02354,2024-06-08,June,6,Saturday,Q2,48,Male,Abuja,Engineer,Premium,Investment Fund,Mobile App,451000,3780000,84,1,28,513,7.2,500,No,No
CUST-02355,2024-08-12,August,8,Monday,Q3,22,Female,Kano,Doctor,Student,Mortgage,Mobile App,23000,47000,62,4,10,436,7.4,0,No,No
CUST-02356,2024-11-12,November,11,Tuesday,Q4,30,Male,Abuja,Student,Student,Mortgage,Web Portal,26000,149000,113,4,32,559,8.5,0,No,No
CUST-02357,2024-09-10,September,9,Tuesday,Q3,40,Female,Ibadan,Accountant,Premium,Mortgage,USSD,3209000,22254000,63,2,31,642,7.2,6400,No,No
CUST-02358,2024-03-12,March,3,Tuesday,Q1,35,Female,Lagos,Student,Student,Investment Fund,Agent Banking,6000,82000,115,1,22,423,5.5,0,Yes,No
CUST-02359,2024-05-27,May,5,Monday,Q2,46,Male,Abuja,Doctor,Corporate,Current Account,Mobile App,815000,9419000,21,3,1,716,5.7,800,Yes,No
CUST-02360,2024-05-13,May,5,Monday,Q2,26,Female,Port Harcourt,Teacher,Retail,Savings Account,Mobile App,417000,2883000,91,2,29,724,6.0,400,No,No
CUST-02361,2024-06-19,June,6,Wednesday,Q2,66,Male,Port Harcourt,Teacher,Retail,Savings Account,Web Portal,590000,2811000,98,2,34,578,7.1,900,No,No
CUST-02362,2024-08-29,August,8,Thursday,Q3,52,Male,Port Harcourt,Engineer,Corporate,Credit Card,Mobile App,2702000,38642000,7,2,33,827,6.1,2700,No,No
CUST-02363,2024-07-06,July,7,Saturday,Q3,35,Male,Kano,Farmer,Retail,Credit Card,Branch,39000,224000,30,5,31,524,8.2,100,No,No
CUST-02364,2024-03-13,March,3,Wednesday,Q1,29,Male,Kano,Trader,SME,Insurance Plan,Mobile App,1118000,13823000,16,1,41,766,10.0,1100,No,No
CUST-02365,2024-10-02,October,10,Wednesday,Q4,28,Female,Enugu,Accountant,Retail,Savings Account,Mobile App,455000,2542000,3,1,37,727,7.2,500,Yes,No
CUST-02366,2024-11-22,November,11,Friday,Q4,31,Female,Enugu,Accountant,Corporate,Investment Fund,Agent Banking,13098000,111323000,85,2,2,763,6.0,32700,No,No
CUST-02367,2024-04-26,April,4,Friday,Q2,47,Male,Enugu,Accountant,Premium,Mortgage,USSD,524000,4689000,107,3,5,674,7.5,1000,No,No
CUST-02368,2024-02-20,February,2,Tuesday,Q1,39,Female,Abuja,Accountant,Premium,Current Account,Branch,9017000,93394000,96,2,23,472,7.8,27100,No,No
CUST-02369,2024-02-28,February,2,Wednesday,Q1,50,Female,Enugu,Entrepreneur,SME,Mobile Loan,Branch,212000,2919000,37,1,19,423,6.9,600,No,No
CUST-02370,2024-12-28,December,12,Saturday,Q4,18,Female,Enugu,Lawyer,Student,Credit Card,Web Portal,46000,262000,79,4,2,426,6.0,100,No,No
CUST-02371,2024-10-30,October,10,Wednesday,Q4,40,Male,Enugu,Lawyer,Premium,Fixed Deposit,Mobile App,1288000,16132000,16,4,2,799,7.7,1300,Yes,No
CUST-02372,2024-06-04,June,6,Tuesday,Q2,37,Female,Abuja,Trader,SME,Credit Card,Mobile App,530000,5612000,10,1,27,737,5.7,500,Yes,No
CUST-02373,2024-08-06,August,8,Tuesday,Q3,22,Male,Enugu,Accountant,Student,Mobile Loan,Branch,12000,31000,88,1,16,446,4.9,0,No,No
CUST-02374,2024-04-22,April,4,Monday,Q2,36,Male,Kano,Entrepreneur,SME,Investment Fund,Branch,355000,560000,19,5,18,423,7.3,1100,No,No
CUST-02375,2024-04-30,April,4,Tuesday,Q2,27,Female,Lagos,Engineer,Retail,Mobile Loan,Web Portal,12000,149000,31,3,2,791,4.3,0,No,No
CUST-02376,2024-06-13,June,6,Thursday,Q2,18,Female,Kano,Lawyer,Student,Insurance Plan,Mobile App,6000,21000,41,1,26,425,6.5,0,No,No
CUST-02377,2024-11-10,November,11,Sunday,Q4,24,Female,Lagos,Farmer,Student,Credit Card,Mobile App,12000,123000,78,1,29,387,7.2,0,Yes,No
CUST-02378,2024-08-17,August,8,Saturday,Q3,37,Female,Enugu,Accountant,Premium,Savings Account,Mobile App,1169000,13095000,99,4,24,612,7.5,1200,No,No
CUST-02379,2024-11-05,November,11,Tuesday,Q4,34,Male,Abuja,Trader,SME,Credit Card,Branch,504000,5540000,87,2,32,645,6.0,1500,No,No
CUST-02380,2024-11-25,November,11,Monday,Q4,30,Female,Lagos,Student,Student,Mobile Loan,Web Portal,11000,124000,76,1,4,369,5.2,0,Yes,No
CUST-02381,2024-06-14,June,6,Friday,Q2,31,Female,Kano,Farmer,Retail,Mobile Loan,Mobile App,302000,4203000,113,1,39,531,8.4,300,No,No
CUST-02382,2024-07-24,July,7,Wednesday,Q3,38,Male,Abuja,Accountant,Corporate,Savings Account,Web Portal,679000,7930000,85,3,11,624,7.2,1000,No,No
CUST-02383,2024-12-04,December,12,Wednesday,Q4,19,Female,Abuja,Lawyer,Student,Savings Account,Web Portal,16000,22000,1,3,38,531,7.2,0,Yes,No
CUST-02384,2024-04-29,April,4,Monday,Q2,27,Male,Port Harcourt,Doctor,Retail,Current Account,Mobile App,264000,2548000,67,1,11,630,3.4,300,Yes,No
CUST-02385,2024-08-26,August,8,Monday,Q3,47,Female,Enugu,Farmer,Retail,Mobile Loan,USSD,137000,931000,76,2,11,481,10.0,300,Yes,No
CUST-02386,2024-05-17,May,5,Friday,Q2,43,Female,Ibadan,Civil Servant,Retail,Credit Card,Agent Banking,289000,2162000,81,4,5,737,6.3,700,No,No
CUST-02387,2024-06-30,June,6,Sunday,Q2,48,Female,Kano,Accountant,Corporate,Investment Fund,USSD,1123000,9879000,89,1,4,722,8.8,2200,Yes,No
CUST-02388,2024-07-31,July,7,Wednesday,Q3,32,Female,Lagos,Engineer,Corporate,Savings Account,Branch,4819000,24250000,54,1,33,828,8.3,14500,No,No
CUST-02389,2024-08-09,August,8,Friday,Q3,55,Male,Port Harcourt,Teacher,Retail,Mobile Loan,Web Portal,68000,595000,50,1,41,509,8.1,100,No,No
CUST-02390,2024-12-10,December,12,Tuesday,Q4,42,Male,Abuja,Teacher,Retail,Current Account,USSD,20000,258000,28,5,10,781,5.3,0,No,No
CUST-02391,2024-08-10,August,8,Saturday,Q3,31,Male,Port Harcourt,Farmer,Retail,Current Account,Mobile App,268000,3410000,11,2,26,672,9.8,300,Yes,No
CUST-02392,2024-11-25,November,11,Monday,Q4,49,Female,Lagos,Lawyer,Corporate,Insurance Plan,Branch,2895000,23060000,88,2,21,788,9.6,8700,No,No
CUST-02393,2024-03-22,March,3,Friday,Q1,55,Male,Ibadan,Doctor,Premium,Savings Account,Mobile App,4120000,19283000,3,2,38,635,8.2,4100,No,No
CUST-02394,2024-04-21,April,4,Sunday,Q2,35,Female,Ibadan,Teacher,Retail,Current Account,Branch,105000,515000,97,3,21,715,7.8,300,No,No
CUST-02395,2024-09-07,September,9,Saturday,Q3,48,Female,Abuja,Farmer,Retail,Mortgage,Web Portal,94000,279000,30,1,38,641,7.5,100,No,No
CUST-02396,2024-01-05,January,1,Friday,Q1,41,Female,Enugu,Teacher,Retail,Credit Card,Mobile App,144000,116000,6,1,30,626,9.3,100,No,No
CUST-02397,2024-08-21,August,8,Wednesday,Q3,41,Male,Lagos,Civil Servant,Retail,Savings Account,Branch,102000,112000,54,1,34,677,4.8,300,Yes,No
CUST-02398,2024-10-24,October,10,Thursday,Q4,20,Female,Ibadan,Farmer,Student,Savings Account,Mobile App,14000,87000,36,1,4,470,6.0,0,No,No
CUST-02399,2024-01-08,January,1,Monday,Q1,35,Male,Enugu,Civil Servant,Retail,Investment Fund,Agent Banking,261000,3285000,72,4,37,554,5.8,700,No,No
CUST-02400,2024-07-19,July,7,Friday,Q3,18,Male,Port Harcourt,Accountant,Student,Insurance Plan,Mobile App,17000,35000,87,3,30,410,5.6,0,No,No
CUST-02401,2024-06-20,June,6,Thursday,Q2,25,Female,Port Harcourt,Engineer,Retail,Mobile Loan,Mobile App,216000,2021000,32,3,17,489,7.2,200,No,No
CUST-02402,2024-03-21,March,3,Thursday,Q1,37,Female,Kano,Doctor,Corporate,Fixed Deposit,Mobile App,5056000,58375000,22,1,15,807,5.2,5100,Yes,No
CUST-02403,2024-04-07,April,4,Sunday,Q2,37,Male,Kano,Lawyer,Corporate,Savings Account,Mobile App,3638000,41416000,79,3,42,813,10.0,3600,No,No
CUST-02404,2024-11-27,November,11,Wednesday,Q4,32,Male,Ibadan,Accountant,Corporate,Investment Fund,USSD,345000,4501000,69,3,1,805,6.4,700,Yes,No
CUST-02405,2024-08-06,August,8,Tuesday,Q3,25,Female,Port Harcourt,Trader,SME,Investment Fund,Mobile App,1073000,12782000,110,5,1,693,10.0,1100,No,No
CUST-02406,2024-05-27,May,5,Monday,Q2,45,Male,Lagos,Farmer,Retail,Current Account,Branch,54000,420000,94,4,2,421,5.9,200,Yes,No
CUST-02407,2024-07-31,July,7,Wednesday,Q3,22,Male,Ibadan,Accountant,Student,Savings Account,Agent Banking,4000,20000,58,1,13,582,6.3,0,No,No
CUST-02408,2024-01-30,January,1,Tuesday,Q1,35,Female,Ibadan,Teacher,Retail,Investment Fund,Mobile App,47000,386000,94,1,4,700,5.8,0,Yes,No
CUST-02409,2024-12-29,December,12,Sunday,Q4,68,Male,Abuja,Accountant,Corporate,Savings Account,Mobile App,10676000,26271000,103,1,42,664,6.7,10700,No,No
CUST-02410,2024-12-02,December,12,Monday,Q4,18,Female,Ibadan,Civil Servant,Student,Current Account,USSD,5000,28000,23,3,1,434,6.3,0,No,No
CUST-02411,2024-10-05,October,10,Saturday,Q4,36,Male,Kano,Engineer,Premium,Mortgage,Web Portal,1644000,12287000,98,1,12,753,6.2,2500,Yes,No
CUST-02412,2024-05-05,May,5,Sunday,Q2,29,Female,Kano,Teacher,Retail,Mobile Loan,USSD,242000,2865000,27,1,2,723,9.0,500,Yes,No
CUST-02413,2024-10-21,October,10,Monday,Q4,42,Female,Kano,Engineer,Corporate,Mortgage,Web Portal,1299000,16936000,77,1,20,734,9.3,1900,No,No
CUST-02414,2024-07-11,July,7,Thursday,Q3,19,Female,Abuja,Trader,Student,Insurance Plan,USSD,30000,308000,80,1,11,615,8.6,100,No,No
CUST-02415,2024-04-17,April,4,Wednesday,Q2,52,Female,Kano,Lawyer,Premium,Investment Fund,Mobile App,2198000,27849000,94,4,7,447,9.8,2200,Yes,No
CUST-02416,2024-08-15,August,8,Thursday,Q3,30,Female,Abuja,Accountant,Retail,Investment Fund,Mobile App,51000,578000,105,4,4,552,6.4,100,No,No
CUST-02417,2024-06-08,June,6,Saturday,Q2,53,Female,Kano,Trader,SME,Mobile Loan,Branch,1041000,5228000,68,2,41,530,6.8,3100,No,No
CUST-02418,2024-02-29,February,2,Thursday,Q1,40,Male,Ibadan,Engineer,Corporate,Investment Fund,Mobile App,1403000,20412000,106,4,2,760,6.9,1400,Yes,No
CUST-02419,2024-06-16,June,6,Sunday,Q2,57,Female,Ibadan,Engineer,Premium,Mortgage,Web Portal,177000,565000,115,1,11,470,7.9,300,Yes,No
CUST-02420,2024-12-23,December,12,Monday,Q4,46,Female,Abuja,Teacher,Retail,Fixed Deposit,Mobile App,136000,1417000,21,3,39,643,8.4,100,No,No
CUST-02421,2024-07-13,July,7,Saturday,Q3,33,Female,Ibadan,Entrepreneur,SME,Fixed Deposit,Web Portal,734000,5173000,70,3,34,633,10.0,1100,No,No
CUST-02422,2024-05-19,May,5,Sunday,Q2,35,Female,Enugu,Doctor,Premium,Savings Account,Web Portal,412000,5801000,84,1,31,665,5.5,600,No,No
CUST-02423,2024-10-27,October,10,Sunday,Q4,29,Male,Lagos,Doctor,Retail,Mobile Loan,Mobile App,39000,288000,12,2,45,547,7.2,0,No,No
CUST-02424,2024-06-27,June,6,Thursday,Q2,46,Female,Enugu,Engineer,Corporate,Credit Card,Branch,1880000,27555000,59,1,11,694,5.8,5600,No,No
CUST-02425,2024-01-19,January,1,Friday,Q1,38,Female,Lagos,Trader,SME,Current Account,Branch,121000,1338000,45,3,3,698,7.3,400,No,No
CUST-02426,2024-09-22,September,9,Sunday,Q3,30,Male,Port Harcourt,Doctor,Retail,Credit Card,Mobile App,78000,202000,59,1,1,605,7.8,100,Yes,No
CUST-02427,2024-05-29,May,5,Wednesday,Q2,18,Male,Abuja,Farmer,Student,Savings Account,Mobile App,6000,81000,37,4,35,562,3.3,0,No,No
CUST-02428,2024-06-04,June,6,Tuesday,Q2,37,Male,Port Harcourt,Lawyer,Corporate,Investment Fund,Mobile App,4459000,11367000,36,4,17,813,4.2,4500,No,No
CUST-02429,2024-11-29,November,11,Friday,Q4,26,Female,Enugu,Student,Student,Investment Fund,USSD,17000,158000,86,1,26,419,7.8,0,Yes,No
CUST-02430,2024-05-09,May,5,Thursday,Q2,26,Female,Port Harcourt,Accountant,Retail,Savings Account,Mobile App,42000,239000,109,2,30,513,7.2,0,No,No
CUST-02431,2024-06-06,June,6,Thursday,Q2,30,Male,Kano,Trader,SME,Investment Fund,Branch,1813000,23787000,77,3,9,716,5.9,5400,No,No
CUST-02432,2024-06-28,June,6,Friday,Q2,43,Female,Abuja,Doctor,Corporate,Mortgage,USSD,7979000,7605000,75,1,40,662,8.0,16000,No,No
CUST-02433,2024-04-19,April,4,Friday,Q2,31,Female,Abuja,Student,Student,Mobile Loan,Branch,16000,229000,118,1,44,508,7.2,0,Yes,No
CUST-02434,2024-09-11,September,9,Wednesday,Q3,28,Female,Abuja,Teacher,Retail,Fixed Deposit,Mobile App,215000,2928000,7,1,25,482,8.6,200,No,No
CUST-02435,2024-09-09,September,9,Monday,Q3,68,Male,Enugu,Doctor,Corporate,Mobile Loan,USSD,3664000,15318000,35,2,29,729,6.2,7300,Yes,No
CUST-02436,2024-07-24,July,7,Wednesday,Q3,37,Male,Kano,Accountant,Corporate,Fixed Deposit,Web Portal,6471000,69311000,15,2,24,767,4.7,9700,No,No
CUST-02437,2024-10-26,October,10,Saturday,Q4,28,Female,Abuja,Farmer,Retail,Investment Fund,Branch,106000,1081000,105,3,20,756,8.8,300,No,No
CUST-02438,2024-10-11,October,10,Friday,Q4,46,Male,Lagos,Student,Student,Insurance Plan,USSD,8000,110000,84,1,19,377,8.1,0,No,No
CUST-02439,2024-08-15,August,8,Thursday,Q3,29,Male,Enugu,Teacher,Retail,Insurance Plan,Branch,89000,1322000,81,2,30,570,6.6,300,No,No
CUST-02440,2024-02-11,February,2,Sunday,Q1,28,Male,Port Harcourt,Lawyer,Retail,Insurance Plan,Mobile App,88000,145000,73,4,9,643,6.2,100,Yes,No
CUST-02441,2024-02-01,February,2,Thursday,Q1,39,Female,Ibadan,Trader,SME,Savings Account,Web Portal,2571000,37916000,111,2,25,664,10.0,3900,No,No
CUST-02442,2024-08-23,August,8,Friday,Q3,43,Female,Kano,Engineer,Corporate,Mobile Loan,Branch,502000,4225000,97,3,39,693,9.4,1500,No,No
CUST-02443,2024-02-03,February,2,Saturday,Q1,40,Female,Enugu,Farmer,Retail,Investment Fund,Branch,290000,853000,105,2,9,751,6.9,900,No,No
CUST-02444,2024-02-12,February,2,Monday,Q1,18,Female,Abuja,Engineer,Student,Savings Account,USSD,25000,305000,58,4,23,584,6.5,0,No,No
CUST-02445,2024-12-25,December,12,Wednesday,Q4,22,Female,Lagos,Doctor,Student,Insurance Plan,Web Portal,19000,210000,47,3,30,489,9.8,0,No,No
CUST-02446,2024-07-23,July,7,Tuesday,Q3,65,Male,Kano,Civil Servant,Retail,Mobile Loan,Mobile App,109000,933000,10,3,38,639,10.0,100,Yes,No
CUST-02447,2024-08-25,August,8,Sunday,Q3,34,Female,Lagos,Lawyer,Corporate,Mortgage,Branch,850000,1843000,118,2,18,640,7.7,2600,No,No
CUST-02448,2024-06-08,June,6,Saturday,Q2,22,Female,Abuja,Student,Student,Mobile Loan,Agent Banking,8000,91000,102,3,22,463,8.3,0,No,No
CUST-02449,2024-09-12,September,9,Thursday,Q3,26,Female,Port Harcourt,Farmer,Retail,Credit Card,Mobile App,646000,6523000,18,3,37,587,7.0,600,No,No
CUST-02450,2024-07-20,July,7,Saturday,Q3,47,Male,Port Harcourt,Entrepreneur,SME,Mortgage,USSD,750000,4550000,37,3,42,658,7.9,1500,Yes,No
CUST-02451,2024-09-30,September,9,Monday,Q3,20,Male,Kano,Engineer,Student,Mobile Loan,Mobile App,21000,213000,24,3,29,391,5.9,0,No,No
CUST-02452,2024-08-18,August,8,Sunday,Q3,24,Male,Lagos,Teacher,Student,Mortgage,Web Portal,15000,84000,72,3,10,543,8.8,0,No,No
CUST-02453,2024-05-31,May,5,Friday,Q2,26,Female,Abuja,Farmer,Retail,Mortgage,Web Portal,242000,1836000,101,5,8,745,6.8,400,No,No
CUST-02454,2024-12-23,December,12,Monday,Q4,52,Male,Ibadan,Farmer,Retail,Mobile Loan,Mobile App,548000,3482000,94,3,25,459,4.5,500,Yes,No
CUST-02455,2024-05-21,May,5,Tuesday,Q2,18,Male,Enugu,Doctor,Student,Investment Fund,Mobile App,5000,69000,81,2,24,510,4.9,0,Yes,No
CUST-02456,2024-11-08,November,11,Friday,Q4,48,Male,Ibadan,Civil Servant,Retail,Current Account,Branch,226000,248000,62,3,34,687,8.8,700,Yes,No
CUST-02457,2024-05-01,May,5,Wednesday,Q2,41,Female,Kano,Doctor,Premium,Savings Account,Mobile App,1533000,14576000,51,3,30,789,3.7,1500,No,No
CUST-02458,2024-01-07,January,1,Sunday,Q1,47,Female,Port Harcourt,Entrepreneur,SME,Investment Fund,Mobile App,191000,580000,2,1,16,600,6.4,200,No,No
CUST-02459,2024-05-02,May,5,Thursday,Q2,39,Female,Kano,Farmer,Retail,Fixed Deposit,Branch,249000,2199000,91,3,39,712,10.0,700,Yes,No
CUST-02460,2024-05-29,May,5,Wednesday,Q2,32,Male,Kano,Engineer,Premium,Insurance Plan,Branch,535000,3881000,110,1,4,578,6.1,1600,No,No
CUST-02461,2024-08-25,August,8,Sunday,Q3,47,Female,Kano,Entrepreneur,SME,Investment Fund,USSD,243000,274000,90,5,10,590,8.0,500,No,No
CUST-02462,2024-06-22,June,6,Saturday,Q2,54,Male,Port Harcourt,Accountant,Premium,Investment Fund,Mobile App,1335000,17327000,78,5,44,442,7.2,1300,No,No
CUST-02463,2024-07-14,July,7,Sunday,Q3,23,Female,Abuja,Engineer,Student,Insurance Plan,Web Portal,11000,83000,46,3,6,466,6.3,0,No,No
CUST-02464,2024-03-19,March,3,Tuesday,Q1,18,Female,Ibadan,Teacher,Student,Insurance Plan,Mobile App,21000,294000,66,4,45,531,8.4,0,No,No
CUST-02465,2024-09-14,September,9,Saturday,Q3,18,Male,Ibadan,Lawyer,Student,Fixed Deposit,Mobile App,8000,22000,91,2,31,449,6.3,0,Yes,No
CUST-02466,2024-02-06,February,2,Tuesday,Q1,26,Female,Enugu,Lawyer,Retail,Mortgage,USSD,255000,3417000,82,3,9,501,7.8,500,No,No
CUST-02467,2024-07-10,July,7,Wednesday,Q3,39,Male,Abuja,Doctor,Premium,Investment Fund,Agent Banking,664000,5221000,40,1,40,697,10.0,1700,Yes,No
CUST-02468,2024-03-23,March,3,Saturday,Q1,46,Male,Port Harcourt,Student,Student,Fixed Deposit,Web Portal,23000,190000,80,3,37,370,5.5,0,Yes,No
CUST-02469,2024-06-12,June,6,Wednesday,Q2,37,Male,Kano,Doctor,Corporate,Insurance Plan,Branch,2028000,11883000,103,3,4,714,3.2,6100,Yes,No
CUST-02470,2024-08-31,August,8,Saturday,Q3,41,Female,Lagos,Civil Servant,Retail,Credit Card,USSD,167000,1502000,113,3,4,640,9.3,300,Yes,No
CUST-02471,2024-09-25,September,9,Wednesday,Q3,28,Female,Kano,Teacher,Retail,Current Account,USSD,46000,484000,68,2,19,661,3.9,100,No,No
CUST-02472,2024-06-04,June,6,Tuesday,Q2,56,Female,Enugu,Trader,SME,Current Account,Web Portal,700000,7626000,117,2,36,485,4.5,1000,No,No
CUST-02473,2024-06-30,June,6,Sunday,Q2,18,Male,Enugu,Farmer,Student,Insurance Plan,Mobile App,21000,269000,17,3,31,323,7.9,0,No,No
CUST-02474,2024-07-30,July,7,Tuesday,Q3,59,Male,Abuja,Doctor,Corporate,Investment Fund,Branch,1284000,15076000,10,3,4,804,5.9,3900,Yes,No
CUST-02475,2024-07-11,July,7,Thursday,Q3,54,Female,Kano,Entrepreneur,SME,Insurance Plan,Branch,65000,333000,55,2,37,425,4.6,200,No,No
CUST-02476,2024-11-16,November,11,Saturday,Q4,38,Male,Kano,Lawyer,Corporate,Fixed Deposit,Branch,2272000,24672000,85,1,12,682,6.5,6800,No,No
CUST-02477,2024-04-09,April,4,Tuesday,Q2,38,Male,Abuja,Student,Student,Savings Account,Agent Banking,39000,493000,100,2,21,516,10.0,100,No,No
CUST-02478,2024-09-08,September,9,Sunday,Q3,30,Female,Port Harcourt,Trader,SME,Current Account,Branch,669000,3234000,34,4,10,544,10.0,2000,Yes,No
CUST-02479,2024-03-01,March,3,Friday,Q1,36,Female,Ibadan,Engineer,Corporate,Investment Fund,Web Portal,234000,1866000,106,1,43,734,6.9,400,No,No
CUST-02480,2024-09-16,September,9,Monday,Q3,28,Male,Lagos,Engineer,Retail,Savings Account,Mobile App,88000,1032000,98,5,29,731,9.5,100,No,No
CUST-02481,2024-12-01,December,12,Sunday,Q4,18,Male,Port Harcourt,Accountant,Student,Mortgage,Branch,20000,157000,29,3,44,421,10.0,100,No,No
CUST-02482,2024-03-13,March,3,Wednesday,Q1,32,Female,Lagos,Civil Servant,Retail,Mobile Loan,Web Portal,176000,2620000,106,4,12,748,7.9,300,No,No
CUST-02483,2024-06-01,June,6,Saturday,Q2,26,Male,Abuja,Engineer,Retail,Investment Fund,Mobile App,18000,108000,17,1,21,760,7.2,0,No,No
CUST-02484,2024-12-24,December,12,Tuesday,Q4,21,Male,Kano,Trader,Student,Mortgage,Mobile App,70000,489000,46,1,29,569,7.1,100,No,No
CUST-02485,2024-08-22,August,8,Thursday,Q3,18,Male,Ibadan,Entrepreneur,Student,Credit Card,USSD,13000,151000,34,3,21,485,6.6,0,Yes,No
CUST-02486,2024-11-22,November,11,Friday,Q4,54,Male,Kano,Entrepreneur,SME,Investment Fund,Agent Banking,660000,9519000,17,2,39,537,6.2,1600,Yes,No
CUST-02487,2024-02-07,February,2,Wednesday,Q1,28,Female,Ibadan,Doctor,Retail,Mortgage,Web Portal,126000,627000,36,1,13,481,7.4,200,No,No
CUST-02488,2024-10-04,October,10,Friday,Q4,18,Female,Port Harcourt,Doctor,Student,Fixed Deposit,Mobile App,29000,209000,109,3,9,606,5.2,0,No,No
CUST-02489,2024-03-01,March,3,Friday,Q1,31,Male,Enugu,Entrepreneur,SME,Mortgage,Branch,329000,337000,98,1,45,548,9.3,1000,No,No
CUST-02490,2024-04-11,April,4,Thursday,Q2,40,Male,Kano,Accountant,Corporate,Mobile Loan,Mobile App,1641000,4727000,44,3,25,671,8.0,1600,No,No
CUST-02491,2024-12-19,December,12,Thursday,Q4,47,Female,Enugu,Lawyer,Premium,Credit Card,Branch,695000,4689000,7,3,34,647,7.2,2100,No,No
CUST-02492,2024-11-22,November,11,Friday,Q4,35,Male,Kano,Civil Servant,Retail,Insurance Plan,Branch,231000,1802000,83,3,31,448,7.1,700,No,No
CUST-02493,2024-08-15,August,8,Thursday,Q3,36,Female,Kano,Doctor,Corporate,Mortgage,Mobile App,1290000,8067000,67,5,10,786,9.3,1300,No,No
CUST-02494,2024-12-28,December,12,Saturday,Q4,32,Male,Enugu,Trader,SME,Current Account,Branch,278000,1099000,67,3,21,493,10.0,800,No,No
CUST-02495,2024-01-14,January,1,Sunday,Q1,55,Female,Port Harcourt,Student,Student,Investment Fund,Branch,12000,54000,115,3,8,311,6.0,0,Yes,No
CUST-02496,2024-08-26,August,8,Monday,Q3,53,Female,Lagos,Teacher,Retail,Insurance Plan,Web Portal,256000,2073000,43,2,22,481,3.2,400,No,No
CUST-02497,2024-09-26,September,9,Thursday,Q3,30,Male,Enugu,Farmer,Retail,Current Account,Mobile App,82000,932000,100,1,3,731,4.7,100,No,No
CUST-02498,2024-04-09,April,4,Tuesday,Q2,59,Male,Enugu,Student,Student,Savings Account,USSD,22000,261000,79,1,11,561,6.4,0,Yes,No
CUST-02499,2024-08-02,August,8,Friday,Q3,18,Female,Abuja,Entrepreneur,Student,Credit Card,Mobile App,24000,141000,66,5,4,367,8.5,0,No,No
CUST-02500,2024-09-06,September,9,Friday,Q3,19,Male,Lagos,Civil Servant,Student,Insurance Plan,Mobile App,17000,154000,77,2,38,534,8.1,0,Yes,No
CUST-02501,2024-10-20,October,10,Sunday,Q4,44,Male,Ibadan,Teacher,Retail,Mortgage,Web Portal,513000,793000,1,1,20,559,7.9,800,No,No
CUST-02502,2024-10-18,October,10,Friday,Q4,25,Male,Enugu,Entrepreneur,SME,Credit Card,Mobile App,151000,1652000,36,3,2,430,9.9,200,No,No
CUST-02503,2024-05-02,May,5,Thursday,Q2,60,Male,Enugu,Engineer,Premium,Investment Fund,Branch,498000,4199000,92,2,42,445,7.0,1500,No,No
CUST-02504,2024-03-23,March,3,Saturday,Q1,32,Female,Kano,Entrepreneur,SME,Investment Fund,Mobile App,6779000,38081000,99,1,27,535,4.7,6800,Yes,No
CUST-02505,2024-12-25,December,12,Wednesday,Q4,18,Female,Enugu,Entrepreneur,Student,Investment Fund,Web Portal,41000,511000,77,1,29,322,8.6,100,Yes,No
CUST-02506,2024-02-27,February,2,Tuesday,Q1,25,Female,Enugu,Civil Servant,Retail,Mobile Loan,Web Portal,47000,655000,6,3,22,800,7.6,100,Yes,No
CUST-02507,2024-10-26,October,10,Saturday,Q4,18,Male,Port Harcourt,Entrepreneur,Student,Mobile Loan,Agent Banking,5000,31000,49,2,34,551,8.6,0,Yes,No
CUST-02508,2024-10-19,October,10,Saturday,Q4,38,Female,Ibadan,Trader,SME,Credit Card,USSD,1896000,5637000,86,3,44,494,7.1,3800,No,No
CUST-02509,2024-03-14,March,3,Thursday,Q1,30,Male,Port Harcourt,Farmer,Retail,Current Account,Mobile App,38000,513000,34,1,37,560,10.0,0,No,No
CUST-02510,2024-07-04,July,7,Thursday,Q3,42,Female,Lagos,Accountant,Premium,Mortgage,Web Portal,284000,4077000,13,3,44,576,8.5,400,No,No
CUST-02511,2024-09-21,September,9,Saturday,Q3,47,Female,Abuja,Engineer,Premium,Mortgage,Branch,503000,3388000,39,4,33,695,7.7,1500,No,No
CUST-02512,2024-05-09,May,5,Thursday,Q2,35,Male,Ibadan,Teacher,Retail,Mobile Loan,USSD,186000,2473000,2,2,43,786,6.4,400,No,No
CUST-02513,2024-10-25,October,10,Friday,Q4,31,Male,Lagos,Accountant,Corporate,Current Account,USSD,649000,8386000,18,1,44,727,9.3,1300,No,No
CUST-02514,2024-08-26,August,8,Monday,Q3,23,Female,Abuja,Lawyer,Student,Mobile Loan,USSD,21000,64000,60,1,24,351,10.0,0,No,No
CUST-02515,2024-11-16,November,11,Saturday,Q4,41,Female,Ibadan,Farmer,Retail,Credit Card,Mobile App,254000,3085000,39,3,39,670,6.5,300,No,No
CUST-02516,2024-10-13,October,10,Sunday,Q4,40,Female,Enugu,Accountant,Corporate,Investment Fund,Branch,848000,5436000,27,2,34,689,8.6,2500,No,No
CUST-02517,2024-10-12,October,10,Saturday,Q4,39,Male,Enugu,Teacher,Retail,Savings Account,Mobile App,192000,2479000,25,4,21,592,4.1,200,Yes,No
CUST-02518,2024-04-24,April,4,Wednesday,Q2,22,Female,Enugu,Accountant,Student,Savings Account,Mobile App,14000,181000,66,1,14,454,8.9,0,Yes,No
CUST-02519,2024-03-09,March,3,Saturday,Q1,50,Male,Port Harcourt,Doctor,Premium,Savings Account,Agent Banking,1256000,15325000,113,3,31,484,9.3,3100,No,No
CUST-02520,2024-06-09,June,6,Sunday,Q2,35,Male,Abuja,Student,Student,Savings Account,Agent Banking,20000,22000,53,1,24,492,4.6,0,Yes,No
CUST-02521,2024-09-15,September,9,Sunday,Q3,35,Female,Port Harcourt,Farmer,Retail,Credit Card,USSD,161000,2332000,20,4,42,765,7.9,300,Yes,No
CUST-02522,2024-06-25,June,6,Tuesday,Q2,36,Male,Lagos,Engineer,Premium,Investment Fund,Branch,920000,8307000,67,3,1,496,8.6,2800,No,No
CUST-02523,2024-07-05,July,7,Friday,Q3,53,Male,Kano,Doctor,Premium,Investment Fund,Mobile App,4204000,51577000,15,2,41,634,7.9,4200,Yes,No
CUST-02524,2024-03-31,March,3,Sunday,Q1,21,Male,Lagos,Trader,Student,Investment Fund,USSD,7000,96000,80,2,42,303,4.5,0,No,No
CUST-02525,2024-05-28,May,5,Tuesday,Q2,39,Female,Port Harcourt,Doctor,Corporate,Mobile Loan,Web Portal,9362000,124168000,45,3,6,751,9.4,14000,No,No
CUST-02526,2024-07-06,July,7,Saturday,Q3,54,Male,Port Harcourt,Entrepreneur,SME,Insurance Plan,Mobile App,879000,11540000,72,2,42,704,8.5,900,No,No
CUST-02527,2024-05-20,May,5,Monday,Q2,24,Female,Abuja,Doctor,Student,Mobile Loan,USSD,48000,124000,75,1,18,358,7.1,100,No,No
CUST-02528,2024-03-13,March,3,Wednesday,Q1,19,Male,Ibadan,Farmer,Student,Savings Account,Mobile App,56000,90000,97,2,5,409,6.9,100,No,No
CUST-02529,2024-05-01,May,5,Wednesday,Q2,27,Male,Port Harcourt,Lawyer,Retail,Fixed Deposit,Agent Banking,517000,2655000,87,3,18,742,6.3,1300,No,No
CUST-02530,2024-02-07,February,2,Wednesday,Q1,26,Female,Abuja,Trader,SME,Investment Fund,Mobile App,422000,4245000,43,2,18,770,4.8,400,No,No
CUST-02531,2024-12-23,December,12,Monday,Q4,44,Male,Port Harcourt,Lawyer,Premium,Credit Card,Mobile App,681000,571000,66,2,38,506,8.8,700,No,No
CUST-02532,2024-03-07,March,3,Thursday,Q1,37,Male,Enugu,Farmer,Retail,Fixed Deposit,Branch,335000,1067000,33,2,6,563,8.5,1000,Yes,No
CUST-02533,2024-06-14,June,6,Friday,Q2,24,Male,Ibadan,Accountant,Student,Insurance Plan,USSD,10000,88000,45,2,18,485,4.7,0,Yes,No
CUST-02534,2024-08-08,August,8,Thursday,Q3,33,Female,Kano,Doctor,Corporate,Fixed Deposit,USSD,853000,4447000,24,3,18,777,8.0,1700,No,No
CUST-02535,2024-05-03,May,5,Friday,Q2,23,Female,Enugu,Doctor,Student,Fixed Deposit,USSD,6000,5000,78,1,35,303,10.0,0,No,No
CUST-02536,2024-03-03,March,3,Sunday,Q1,39,Female,Kano,Trader,SME,Credit Card,Web Portal,435000,5222000,98,2,12,592,8.3,700,No,No
CUST-02537,2024-06-23,June,6,Sunday,Q2,32,Female,Kano,Lawyer,Corporate,Savings Account,Mobile App,13199000,184442000,28,1,23,734,5.1,13200,No,No
CUST-02538,2024-03-14,March,3,Thursday,Q1,46,Male,Kano,Engineer,Premium,Mortgage,Mobile App,433000,4462000,36,3,13,695,9.8,400,No,No
CUST-02539,2024-03-02,March,3,Saturday,Q1,35,Female,Kano,Accountant,Corporate,Mobile Loan,Branch,2420000,24655000,63,3,1,779,8.4,7300,Yes,No
CUST-02540,2024-04-27,April,4,Saturday,Q2,43,Male,Ibadan,Farmer,Retail,Insurance Plan,Mobile App,239000,3317000,5,1,28,447,10.0,200,No,No
CUST-02541,2024-01-25,January,1,Thursday,Q1,49,Female,Kano,Civil Servant,Retail,Current Account,Mobile App,224000,3215000,78,2,1,644,7.2,200,Yes,No
CUST-02542,2024-11-07,November,11,Thursday,Q4,45,Female,Lagos,Entrepreneur,SME,Investment Fund,Mobile App,1054000,12117000,111,3,29,605,9.7,1100,No,No
CUST-02543,2024-11-15,November,11,Friday,Q4,35,Female,Lagos,Civil Servant,Retail,Current Account,USSD,207000,398000,62,2,23,482,10.0,400,No,No
CUST-02544,2024-09-09,September,9,Monday,Q3,28,Male,Lagos,Entrepreneur,SME,Savings Account,Mobile App,481000,1282000,67,3,25,526,3.3,500,Yes,No
CUST-02545,2024-03-03,March,3,Sunday,Q1,56,Female,Ibadan,Lawyer,Premium,Current Account,USSD,1146000,1216000,113,3,23,556,6.8,2300,No,No
CUST-02546,2024-07-15,July,7,Monday,Q3,29,Female,Lagos,Teacher,Retail,Current Account,Agent Banking,74000,1076000,9,2,34,652,5.9,200,Yes,No
CUST-02547,2024-12-09,December,12,Monday,Q4,45,Female,Enugu,Farmer,Retail,Mobile Loan,Mobile App,127000,704000,27,3,18,457,10.0,100,No,No
CUST-02548,2024-09-20,September,9,Friday,Q3,46,Female,Lagos,Accountant,Corporate,Mortgage,Web Portal,4617000,52719000,90,1,17,709,9.8,6900,No,No
CUST-02549,2024-05-08,May,5,Wednesday,Q2,44,Male,Ibadan,Entrepreneur,SME,Credit Card,Web Portal,697000,9327000,79,2,13,653,6.6,1000,No,No
CUST-02550,2024-04-27,April,4,Saturday,Q2,45,Female,Enugu,Civil Servant,Retail,Current Account,Branch,86000,563000,119,4,28,512,6.7,300,No,No
CUST-02551,2024-05-26,May,5,Sunday,Q2,21,Female,Lagos,Accountant,Student,Savings Account,Mobile App,34000,361000,69,3,10,503,10.0,0,Yes,No
CUST-02552,2024-12-26,December,12,Thursday,Q4,41,Female,Port Harcourt,Doctor,Premium,Investment Fund,Branch,1498000,8674000,116,5,32,696,6.7,4500,No,No
CUST-02553,2024-04-27,April,4,Saturday,Q2,21,Female,Kano,Trader,Student,Credit Card,Mobile App,23000,269000,110,5,24,307,9.5,0,No,No
CUST-02554,2024-12-20,December,12,Friday,Q4,18,Male,Kano,Lawyer,Student,Investment Fund,Branch,8000,30000,22,3,26,557,3.9,0,No,No
CUST-02555,2024-11-24,November,11,Sunday,Q4,22,Female,Kano,Farmer,Student,Fixed Deposit,Web Portal,58000,333000,108,2,10,565,5.1,100,No,No
CUST-02556,2024-11-08,November,11,Friday,Q4,19,Male,Lagos,Farmer,Student,Investment Fund,USSD,14000,93000,65,2,43,323,9.0,0,No,No
CUST-02557,2024-05-31,May,5,Friday,Q2,62,Male,Port Harcourt,Lawyer,Premium,Mobile Loan,USSD,258000,2394000,32,3,15,442,8.4,500,No,No
CUST-02558,2024-03-19,March,3,Tuesday,Q1,49,Male,Abuja,Student,Student,Mortgage,Mobile App,12000,101000,34,4,26,312,7.9,0,No,No
CUST-02559,2024-07-25,July,7,Thursday,Q3,30,Male,Ibadan,Doctor,Retail,Mobile Loan,Branch,45000,277000,11,3,6,678,4.9,100,No,No
CUST-02560,2024-10-30,October,10,Wednesday,Q4,36,Male,Lagos,Accountant,Corporate,Investment Fund,Web Portal,1090000,3840000,47,5,11,727,6.5,1600,No,No
CUST-02561,2024-03-23,March,3,Saturday,Q1,40,Female,Lagos,Farmer,Retail,Insurance Plan,Web Portal,64000,248000,69,1,26,598,5.2,100,Yes,No
CUST-02562,2024-02-20,February,2,Tuesday,Q1,48,Female,Port Harcourt,Doctor,Corporate,Current Account,Mobile App,2053000,29760000,21,3,13,674,4.4,2100,Yes,No
CUST-02563,2024-02-27,February,2,Tuesday,Q1,26,Female,Enugu,Engineer,Retail,Credit Card,Mobile App,108000,782000,85,2,14,767,7.4,100,No,No
CUST-02564,2024-12-01,December,12,Sunday,Q4,53,Female,Enugu,Farmer,Retail,Insurance Plan,Branch,212000,225000,110,1,45,554,7.7,600,No,No
CUST-02565,2024-04-04,April,4,Thursday,Q2,41,Male,Kano,Lawyer,Premium,Mobile Loan,Mobile App,107000,439000,82,5,3,558,5.9,100,No,No
CUST-02566,2024-06-08,June,6,Saturday,Q2,23,Female,Enugu,Engineer,Student,Mobile Loan,Mobile App,14000,144000,68,2,31,526,5.0,0,No,No
CUST-02567,2024-01-27,January,1,Saturday,Q1,39,Male,Kano,Trader,SME,Savings Account,Web Portal,52000,170000,4,1,35,552,10.0,100,No,No
CUST-02568,2024-06-18,June,6,Tuesday,Q2,47,Male,Kano,Lawyer,Corporate,Credit Card,Web Portal,5590000,9704000,66,1,6,776,6.0,8400,Yes,No
CUST-02569,2024-03-06,March,3,Wednesday,Q1,39,Male,Ibadan,Engineer,Corporate,Investment Fund,Mobile App,4056000,47546000,119,1,32,708,5.3,4100,No,No
CUST-02570,2024-05-30,May,5,Thursday,Q2,30,Female,Port Harcourt,Teacher,Retail,Fixed Deposit,Mobile App,74000,660000,88,4,45,509,5.2,100,No,No
CUST-02571,2024-11-30,November,11,Saturday,Q4,47,Male,Kano,Trader,SME,Mortgage,USSD,925000,2933000,84,1,41,576,8.5,1800,Yes,No
CUST-02572,2024-02-13,February,2,Tuesday,Q1,29,Male,Kano,Trader,SME,Mortgage,Web Portal,868000,12149000,98,3,10,444,9.4,1300,Yes,No
CUST-02573,2024-06-02,June,6,Sunday,Q2,38,Male,Enugu,Student,Student,Credit Card,Branch,14000,21000,33,1,3,612,7.6,0,No,No
CUST-02574,2024-11-18,November,11,Monday,Q4,43,Male,Abuja,Entrepreneur,SME,Credit Card,Branch,166000,1256000,75,2,13,551,6.5,500,No,No
CUST-02575,2024-07-30,July,7,Tuesday,Q3,28,Male,Ibadan,Civil Servant,Retail,Credit Card,Mobile App,144000,2087000,101,1,16,778,6.7,100,No,No
CUST-02576,2024-05-09,May,5,Thursday,Q2,45,Male,Port Harcourt,Entrepreneur,SME,Insurance Plan,Web Portal,219000,1009000,68,3,3,451,9.4,300,Yes,No
CUST-02577,2024-11-30,November,11,Saturday,Q4,45,Female,Ibadan,Student,Student,Mobile Loan,Web Portal,34000,93000,5,1,20,408,9.4,100,No,No
CUST-02578,2024-11-14,November,11,Thursday,Q4,33,Female,Port Harcourt,Engineer,Corporate,Fixed Deposit,Mobile App,585000,6139000,29,1,43,802,7.9,600,Yes,No
CUST-02579,2024-01-06,January,1,Saturday,Q1,34,Male,Enugu,Trader,SME,Investment Fund,USSD,1330000,9987000,80,1,15,604,7.3,2700,No,No
CUST-02580,2024-04-22,April,4,Monday,Q2,30,Male,Kano,Student,Student,Mobile Loan,Mobile App,47000,121000,63,2,32,613,6.8,0,Yes,No
CUST-02581,2024-07-29,July,7,Monday,Q3,52,Female,Lagos,Doctor,Corporate,Investment Fund,Mobile App,1193000,8989000,49,3,39,761,6.5,1200,No,No
CUST-02582,2024-04-08,April,4,Monday,Q2,18,Female,Enugu,Teacher,Student,Fixed Deposit,Mobile App,9000,61000,10,4,35,586,7.5,0,No,No
CUST-02583,2024-05-12,May,5,Sunday,Q2,56,Female,Kano,Entrepreneur,SME,Investment Fund,Branch,882000,1850000,107,1,36,446,7.4,2600,Yes,No
CUST-02584,2024-12-03,December,12,Tuesday,Q4,41,Female,Lagos,Doctor,Corporate,Investment Fund,Branch,2750000,29577000,68,2,42,803,5.5,8200,No,No
CUST-02585,2024-09-13,September,9,Friday,Q3,30,Female,Enugu,Entrepreneur,SME,Savings Account,Mobile App,259000,1304000,45,1,26,792,6.8,300,No,No
CUST-02586,2024-05-24,May,5,Friday,Q2,35,Male,Abuja,Trader,SME,Investment Fund,Branch,486000,6637000,10,2,13,527,6.6,1500,No,No
CUST-02587,2024-11-22,November,11,Friday,Q4,30,Female,Abuja,Student,Student,Mortgage,USSD,15000,53000,36,1,29,573,10.0,0,No,No
CUST-02588,2024-06-19,June,6,Wednesday,Q2,25,Male,Kano,Civil Servant,Retail,Investment Fund,USSD,41000,543000,66,4,34,420,5.5,100,No,No
CUST-02589,2024-04-23,April,4,Tuesday,Q2,40,Female,Lagos,Engineer,Premium,Current Account,Mobile App,154000,700000,18,3,10,427,4.4,200,No,No
CUST-02590,2024-01-02,January,1,Tuesday,Q1,44,Male,Abuja,Entrepreneur,SME,Mobile Loan,Branch,411000,4563000,91,3,3,570,8.7,1200,No,No
CUST-02591,2024-06-01,June,6,Saturday,Q2,37,Male,Enugu,Teacher,Retail,Investment Fund,Mobile App,100000,1187000,56,3,32,628,6.8,100,No,No
CUST-02592,2024-04-29,April,4,Monday,Q2,25,Male,Lagos,Doctor,Retail,Fixed Deposit,Branch,134000,474000,66,4,41,606,7.7,400,Yes,No
CUST-02593,2024-01-21,January,1,Sunday,Q1,34,Male,Port Harcourt,Farmer,Retail,Investment Fund,Web Portal,151000,2097000,54,2,28,631,8.6,200,No,No
CUST-02594,2024-03-08,March,3,Friday,Q1,28,Female,Port Harcourt,Teacher,Retail,Investment Fund,USSD,186000,1503000,28,1,15,611,7.9,400,No,No
CUST-02595,2024-06-06,June,6,Thursday,Q2,57,Female,Kano,Teacher,Retail,Fixed Deposit,Branch,269000,878000,28,2,26,664,7.1,800,No,No
CUST-02596,2024-03-31,March,3,Sunday,Q1,32,Female,Abuja,Student,Student,Insurance Plan,Mobile App,6000,37000,42,3,42,309,5.7,0,Yes,No
CUST-02597,2024-04-12,April,4,Friday,Q2,44,Female,Lagos,Trader,SME,Current Account,Web Portal,513000,3175000,82,5,4,756,5.6,800,No,No
CUST-02598,2024-09-15,September,9,Sunday,Q3,33,Male,Enugu,Teacher,Retail,Savings Account,Branch,248000,663000,39,5,3,784,9.9,700,No,No
CUST-02599,2024-04-25,April,4,Thursday,Q2,29,Male,Lagos,Trader,SME,Mortgage,Mobile App,794000,2807000,31,1,40,755,6.4,800,No,No
CUST-02600,2024-06-04,June,6,Tuesday,Q2,39,Male,Kano,Entrepreneur,SME,Credit Card,Web Portal,430000,3360000,99,1,29,663,10.0,600,Yes,No
CUST-02601,2024-04-16,April,4,Tuesday,Q2,26,Male,Lagos,Accountant,Retail,Mortgage,Web Portal,107000,1462000,10,3,6,449,7.6,200,No,No
CUST-02602,2024-01-26,January,1,Friday,Q1,18,Female,Port Harcourt,Civil Servant,Student,Insurance Plan,Mobile App,16000,172000,91,5,39,371,9.6,0,No,No
CUST-02603,2024-03-19,March,3,Tuesday,Q1,47,Male,Port Harcourt,Doctor,Corporate,Savings Account,Branch,11566000,36830000,48,2,10,740,8.0,34700,No,No
CUST-02604,2024-09-04,September,9,Wednesday,Q3,38,Male,Lagos,Accountant,Premium,Mobile Loan,Mobile App,196000,990000,58,2,6,737,7.7,200,No,No
CUST-02605,2024-06-13,June,6,Thursday,Q2,23,Male,Abuja,Accountant,Student,Mobile Loan,Mobile App,6000,29000,119,1,8,534,7.4,0,No,No
CUST-02606,2024-02-01,February,2,Thursday,Q1,43,Male,Enugu,Teacher,Retail,Mortgage,USSD,94000,1199000,95,4,15,580,8.9,200,No,No
CUST-02607,2024-10-23,October,10,Wednesday,Q4,29,Female,Abuja,Civil Servant,Retail,Mortgage,Web Portal,65000,573000,95,4,22,594,8.5,100,No,No
CUST-02608,2024-06-04,June,6,Tuesday,Q2,34,Male,Lagos,Civil Servant,Retail,Savings Account,Branch,124000,1180000,49,4,17,681,9.2,400,Yes,No
CUST-02609,2024-12-16,December,12,Monday,Q4,51,Female,Kano,Teacher,Retail,Mortgage,Mobile App,101000,1245000,34,1,10,561,6.9,100,No,No
CUST-02610,2024-08-07,August,8,Wednesday,Q3,48,Male,Lagos,Farmer,Retail,Mobile Loan,Branch,108000,1466000,106,4,20,497,7.1,300,No,No
CUST-02611,2024-03-11,March,3,Monday,Q1,44,Female,Lagos,Teacher,Retail,Mobile Loan,Mobile App,23000,344000,106,3,35,590,8.8,0,No,No
CUST-02612,2024-02-22,February,2,Thursday,Q1,42,Female,Ibadan,Accountant,Corporate,Current Account,Branch,3869000,7263000,47,2,2,831,6.4,11600,Yes,No
CUST-02613,2024-01-19,January,1,Friday,Q1,28,Male,Lagos,Doctor,Retail,Mobile Loan,Mobile App,213000,1682000,9,2,35,479,8.2,200,No,No
CUST-02614,2024-09-13,September,9,Friday,Q3,41,Male,Port Harcourt,Trader,SME,Insurance Plan,Mobile App,110000,198000,21,3,22,538,9.0,100,No,No
CUST-02615,2024-01-04,January,1,Thursday,Q1,39,Female,Ibadan,Student,Student,Savings Account,USSD,8000,77000,94,1,20,454,7.1,0,No,No
CUST-02616,2024-10-03,October,10,Thursday,Q4,30,Female,Enugu,Trader,SME,Mortgage,Web Portal,219000,2550000,109,2,1,534,6.4,300,No,No
CUST-02617,2024-12-17,December,12,Tuesday,Q4,55,Male,Abuja,Doctor,Premium,Mortgage,Mobile App,174000,473000,30,2,11,650,6.7,200,No,No
CUST-02618,2024-10-01,October,10,Tuesday,Q4,34,Female,Port Harcourt,Civil Servant,Retail,Mobile Loan,Web Portal,283000,817000,56,5,44,422,9.3,400,No,No
CUST-02619,2024-10-01,October,10,Tuesday,Q4,62,Male,Kano,Trader,SME,Investment Fund,Mobile App,110000,656000,112,2,31,590,7.0,100,No,No
CUST-02620,2024-11-03,November,11,Sunday,Q4,48,Male,Ibadan,Trader,SME,Mortgage,Mobile App,832000,3468000,79,3,38,701,5.3,800,No,No
CUST-02621,2024-10-25,October,10,Friday,Q4,60,Female,Kano,Entrepreneur,SME,Mobile Loan,Mobile App,1054000,5705000,105,5,24,730,7.2,1100,No,No
CUST-02622,2024-01-05,January,1,Friday,Q1,31,Female,Abuja,Lawyer,Corporate,Fixed Deposit,Mobile App,1917000,28669000,47,1,14,748,7.2,1900,No,No
CUST-02623,2024-12-05,December,12,Thursday,Q4,26,Male,Kano,Student,Student,Mortgage,Mobile App,12000,121000,40,3,11,343,5.7,0,No,No
CUST-02624,2024-07-24,July,7,Wednesday,Q3,41,Male,Enugu,Farmer,Retail,Insurance Plan,USSD,25000,272000,12,3,12,722,6.4,0,No,No
CUST-02625,2024-12-17,December,12,Tuesday,Q4,21,Male,Port Harcourt,Teacher,Student,Mortgage,USSD,73000,858000,69,3,20,494,7.5,100,No,No
CUST-02626,2024-07-21,July,7,Sunday,Q3,30,Female,Port Harcourt,Doctor,Retail,Investment Fund,Web Portal,57000,516000,56,2,27,581,6.5,100,No,No
CUST-02627,2024-11-09,November,11,Saturday,Q4,30,Female,Port Harcourt,Trader,SME,Mobile Loan,Branch,287000,4092000,82,1,34,787,9.4,900,No,No
CUST-02628,2024-07-14,July,7,Sunday,Q3,43,Male,Abuja,Entrepreneur,SME,Savings Account,Agent Banking,658000,764000,29,3,29,500,4.7,1600,No,No
CUST-02629,2024-03-31,March,3,Sunday,Q1,37,Female,Abuja,Entrepreneur,SME,Investment Fund,Branch,752000,6267000,75,3,4,588,8.0,2300,No,No
CUST-02630,2024-08-13,August,8,Tuesday,Q3,44,Male,Ibadan,Civil Servant,Retail,Mortgage,Branch,61000,116000,62,1,43,447,6.6,200,Yes,No
CUST-02631,2024-01-19,January,1,Friday,Q1,44,Male,Enugu,Engineer,Corporate,Fixed Deposit,Agent Banking,1176000,2441000,4,3,9,818,4.9,2900,No,No
CUST-02632,2024-02-08,February,2,Thursday,Q1,37,Male,Ibadan,Civil Servant,Retail,Credit Card,USSD,336000,2468000,101,1,10,780,5.9,700,No,No
CUST-02633,2024-03-11,March,3,Monday,Q1,31,Male,Kano,Doctor,Premium,Mortgage,Branch,710000,9622000,6,3,7,787,4.5,2100,Yes,No
CUST-02634,2024-04-10,April,4,Wednesday,Q2,34,Female,Abuja,Lawyer,Corporate,Mortgage,Mobile App,6056000,77100000,29,3,42,679,7.7,6100,No,No
CUST-02635,2024-01-03,January,1,Wednesday,Q1,34,Male,Kano,Doctor,Premium,Savings Account,Branch,4659000,69582000,69,2,25,525,6.7,14000,No,No
CUST-02636,2024-10-12,October,10,Saturday,Q4,35,Male,Kano,Engineer,Premium,Insurance Plan,Mobile App,4869000,6864000,83,2,20,515,7.2,4900,No,No
CUST-02637,2024-01-14,January,1,Sunday,Q1,35,Female,Abuja,Engineer,Corporate,Insurance Plan,Web Portal,4893000,30182000,53,1,32,757,7.5,7300,No,No
CUST-02638,2024-06-08,June,6,Saturday,Q2,23,Male,Kano,Farmer,Student,Credit Card,Mobile App,53000,116000,109,3,44,350,7.5,100,No,No
CUST-02639,2024-03-22,March,3,Friday,Q1,39,Female,Enugu,Trader,SME,Savings Account,Mobile App,204000,2475000,31,3,34,704,4.8,200,No,No
CUST-02640,2024-02-06,February,2,Tuesday,Q1,54,Male,Port Harcourt,Civil Servant,Retail,Investment Fund,Mobile App,214000,759000,118,3,6,524,7.0,200,No,No
CUST-02641,2024-06-03,June,6,Monday,Q2,59,Female,Lagos,Lawyer,Premium,Current Account,Mobile App,276000,2118000,100,5,6,425,8.2,300,No,No
CUST-02642,2024-04-06,April,4,Saturday,Q2,41,Female,Kano,Lawyer,Corporate,Investment Fund,Web Portal,753000,2980000,29,2,21,818,7.7,1100,No,No
CUST-02643,2024-12-04,December,12,Wednesday,Q4,47,Male,Ibadan,Doctor,Premium,Mobile Loan,Web Portal,2028000,17672000,93,2,1,788,5.0,3000,No,No
CUST-02644,2024-02-02,February,2,Friday,Q1,25,Female,Port Harcourt,Engineer,Retail,Current Account,Mobile App,32000,46000,93,4,11,526,6.6,0,No,No
CUST-02645,2024-02-25,February,2,Sunday,Q1,26,Male,Enugu,Entrepreneur,SME,Insurance Plan,Mobile App,108000,565000,61,1,33,625,8.1,100,No,No
CUST-02646,2024-03-16,March,3,Saturday,Q1,35,Female,Ibadan,Accountant,Premium,Investment Fund,Mobile App,2593000,38025000,27,2,28,576,6.2,2600,No,No
CUST-02647,2024-10-20,October,10,Sunday,Q4,41,Female,Abuja,Lawyer,Corporate,Investment Fund,Branch,3888000,30398000,60,2,41,632,8.0,11700,No,No
CUST-02648,2024-05-11,May,5,Saturday,Q2,37,Male,Port Harcourt,Doctor,Premium,Savings Account,Mobile App,3003000,38732000,14,3,9,460,5.7,3000,No,No
CUST-02649,2024-04-29,April,4,Monday,Q2,45,Female,Kano,Lawyer,Premium,Investment Fund,Mobile App,1945000,20128000,103,2,8,736,5.2,1900,No,No
CUST-02650,2024-08-19,August,8,Monday,Q3,55,Male,Enugu,Engineer,Corporate,Current Account,Web Portal,2039000,28077000,99,4,7,835,6.5,3100,Yes,No
CUST-02651,2024-03-26,March,3,Tuesday,Q1,40,Female,Abuja,Doctor,Premium,Mortgage,Agent Banking,446000,5016000,12,3,25,490,6.7,1100,No,No
CUST-02652,2024-03-22,March,3,Friday,Q1,43,Male,Ibadan,Farmer,Retail,Current Account,Web Portal,43000,637000,42,1,25,611,7.2,100,No,No
CUST-02653,2024-03-20,March,3,Wednesday,Q1,20,Female,Enugu,Doctor,Student,Current Account,Agent Banking,40000,85000,21,1,15,515,5.2,100,Yes,No
CUST-02654,2024-11-26,November,11,Tuesday,Q4,56,Female,Ibadan,Doctor,Premium,Fixed Deposit,Web Portal,946000,14032000,63,2,1,487,8.9,1400,Yes,No
CUST-02655,2024-11-24,November,11,Sunday,Q4,25,Female,Kano,Accountant,Retail,Mortgage,Mobile App,5000,20000,59,2,1,662,9.1,0,No,No
CUST-02656,2024-01-04,January,1,Thursday,Q1,29,Male,Ibadan,Entrepreneur,SME,Mortgage,Mobile App,706000,1775000,96,3,5,553,5.8,700,No,No
CUST-02657,2024-07-19,July,7,Friday,Q3,34,Male,Lagos,Student,Student,Investment Fund,Branch,27000,90000,100,1,9,435,6.5,100,No,No
CUST-02658,2024-09-04,September,9,Wednesday,Q3,18,Male,Abuja,Doctor,Student,Fixed Deposit,Web Portal,3000,26000,99,1,28,410,8.3,0,Yes,No
CUST-02659,2024-05-31,May,5,Friday,Q2,26,Male,Ibadan,Student,Student,Mobile Loan,Web Portal,6000,74000,31,4,9,466,6.3,0,No,No
CUST-02660,2024-07-20,July,7,Saturday,Q3,47,Male,Lagos,Student,Student,Investment Fund,Mobile App,27000,75000,42,1,19,523,7.1,0,No,No
CUST-02661,2024-02-25,February,2,Sunday,Q1,31,Male,Ibadan,Student,Student,Insurance Plan,Web Portal,48000,711000,39,4,28,525,6.5,100,No,No
CUST-02662,2024-07-28,July,7,Sunday,Q3,44,Male,Ibadan,Lawyer,Corporate,Credit Card,USSD,631000,5508000,89,2,10,833,6.6,1300,No,No
CUST-02663,2024-09-22,September,9,Sunday,Q3,34,Female,Enugu,Accountant,Corporate,Investment Fund,Web Portal,19664000,237628000,21,2,1,659,6.9,29500,No,No
CUST-02664,2024-11-27,November,11,Wednesday,Q4,42,Female,Enugu,Engineer,Premium,Investment Fund,Branch,1572000,10616000,28,3,21,594,5.7,4700,No,No
CUST-02665,2024-11-09,November,11,Saturday,Q4,25,Female,Kano,Doctor,Retail,Investment Fund,Web Portal,10000,88000,95,1,30,667,8.1,0,No,No
CUST-02666,2024-04-26,April,4,Friday,Q2,33,Female,Kano,Engineer,Premium,Mortgage,USSD,1207000,10163000,53,4,42,719,5.4,2400,Yes,No
CUST-02667,2024-02-27,February,2,Tuesday,Q1,33,Female,Lagos,Trader,SME,Mobile Loan,Mobile App,48000,499000,108,3,21,513,8.9,0,No,No
CUST-02668,2024-06-01,June,6,Saturday,Q2,29,Male,Lagos,Accountant,Retail,Mortgage,Branch,253000,1530000,60,1,44,678,8.2,800,Yes,No
CUST-02669,2024-05-23,May,5,Thursday,Q2,58,Male,Lagos,Civil Servant,Retail,Mobile Loan,Branch,137000,408000,101,3,15,470,8.6,400,No,No
CUST-02670,2024-08-16,August,8,Friday,Q3,54,Female,Enugu,Student,Student,Credit Card,USSD,11000,100000,84,1,33,525,10.0,0,No,No
CUST-02671,2024-05-12,May,5,Sunday,Q2,44,Male,Kano,Entrepreneur,SME,Mobile Loan,Branch,215000,2274000,92,2,43,784,10.0,600,Yes,No
CUST-02672,2024-01-17,January,1,Wednesday,Q1,31,Female,Lagos,Farmer,Retail,Savings Account,Mobile App,90000,474000,84,1,38,672,10.0,100,Yes,No
CUST-02673,2024-02-13,February,2,Tuesday,Q1,55,Female,Lagos,Teacher,Retail,Fixed Deposit,Web Portal,85000,237000,106,1,38,687,6.7,100,Yes,No
CUST-02674,2024-11-24,November,11,Sunday,Q4,30,Female,Kano,Entrepreneur,SME,Mortgage,Branch,170000,2151000,117,3,13,696,6.1,500,No,No
CUST-02675,2024-05-14,May,5,Tuesday,Q2,57,Male,Port Harcourt,Farmer,Retail,Credit Card,Branch,57000,482000,113,2,8,610,7.4,200,Yes,No
CUST-02676,2024-10-21,October,10,Monday,Q4,37,Female,Ibadan,Trader,SME,Investment Fund,Mobile App,435000,6119000,18,3,22,462,3.7,400,No,No
CUST-02677,2024-05-01,May,5,Wednesday,Q2,47,Female,Lagos,Lawyer,Premium,Current Account,Web Portal,617000,2736000,13,5,2,444,6.5,900,No,No
CUST-02678,2024-02-04,February,2,Sunday,Q1,56,Female,Enugu,Civil Servant,Retail,Fixed Deposit,Web Portal,458000,6842000,46,2,19,720,10.0,700,No,No
CUST-02679,2024-07-03,July,7,Wednesday,Q3,18,Female,Kano,Trader,Student,Mobile Loan,USSD,10000,93000,109,1,35,381,8.8,0,No,No
CUST-02680,2024-10-13,October,10,Sunday,Q4,48,Male,Kano,Accountant,Premium,Insurance Plan,Agent Banking,2713000,22801000,38,1,39,564,6.8,6800,No,No
CUST-02681,2024-04-18,April,4,Thursday,Q2,54,Male,Abuja,Accountant,Corporate,Investment Fund,Mobile App,5086000,58511000,38,3,44,628,7.5,5100,Yes,No
CUST-02682,2024-03-01,March,3,Friday,Q1,51,Female,Enugu,Student,Student,Credit Card,USSD,8000,81000,85,1,16,431,5.1,0,No,No
CUST-02683,2024-11-29,November,11,Friday,Q4,49,Male,Abuja,Student,Student,Investment Fund,Web Portal,5000,26000,84,1,2,578,6.7,0,No,No
CUST-02684,2024-12-17,December,12,Tuesday,Q4,52,Female,Enugu,Trader,SME,Current Account,Web Portal,721000,10628000,29,2,41,616,5.4,1100,No,No
CUST-02685,2024-08-13,August,8,Tuesday,Q3,28,Female,Kano,Civil Servant,Retail,Fixed Deposit,Mobile App,30000,159000,96,5,8,733,6.6,0,Yes,No
CUST-02686,2024-09-26,September,9,Thursday,Q3,52,Male,Lagos,Farmer,Retail,Fixed Deposit,Web Portal,113000,896000,27,3,14,566,7.4,200,No,No
CUST-02687,2024-08-16,August,8,Friday,Q3,27,Female,Enugu,Trader,SME,Credit Card,Mobile App,1175000,11017000,120,1,26,472,6.2,1200,No,No
CUST-02688,2024-10-31,October,10,Thursday,Q4,60,Female,Kano,Student,Student,Fixed Deposit,Mobile App,29000,60000,29,2,2,546,6.7,0,No,No
CUST-02689,2024-05-31,May,5,Friday,Q2,25,Male,Lagos,Entrepreneur,SME,Savings Account,Mobile App,260000,483000,54,1,27,795,9.3,300,No,No
CUST-02690,2024-08-03,August,8,Saturday,Q3,25,Female,Lagos,Doctor,Retail,Fixed Deposit,USSD,133000,204000,107,4,10,560,4.8,300,No,No
CUST-02691,2024-04-20,April,4,Saturday,Q2,25,Female,Enugu,Accountant,Retail,Current Account,Mobile App,69000,908000,63,1,34,650,6.3,100,No,No
CUST-02692,2024-12-21,December,12,Saturday,Q4,47,Female,Ibadan,Lawyer,Premium,Current Account,Web Portal,224000,2583000,83,1,21,786,9.2,300,No,No
CUST-02693,2024-01-08,January,1,Monday,Q1,45,Female,Abuja,Lawyer,Corporate,Credit Card,USSD,12859000,25366000,45,2,42,800,10.0,25700,No,No
CUST-02694,2024-02-14,February,2,Wednesday,Q1,38,Male,Lagos,Lawyer,Corporate,Savings Account,Agent Banking,624000,4445000,61,2,40,683,2.8,1600,Yes,No
CUST-02695,2024-10-26,October,10,Saturday,Q4,33,Male,Enugu,Engineer,Corporate,Fixed Deposit,USSD,1381000,14731000,51,4,12,669,6.5,2800,Yes,No
CUST-02696,2024-08-05,August,8,Monday,Q3,37,Male,Ibadan,Doctor,Corporate,Fixed Deposit,Branch,7816000,10795000,110,3,43,797,7.8,23400,No,No
CUST-02697,2024-04-14,April,4,Sunday,Q2,52,Male,Port Harcourt,Lawyer,Premium,Credit Card,Web Portal,4048000,21563000,42,1,15,784,10.0,6100,No,No
CUST-02698,2024-12-14,December,12,Saturday,Q4,45,Male,Abuja,Entrepreneur,SME,Fixed Deposit,Branch,133000,1521000,13,2,28,473,7.3,400,No,No
CUST-02699,2024-09-30,September,9,Monday,Q3,28,Female,Enugu,Doctor,Retail,Mobile Loan,Web Portal,67000,484000,109,2,4,562,8.8,100,No,No
CUST-02700,2024-12-09,December,12,Monday,Q4,28,Male,Enugu,Doctor,Retail,Investment Fund,Mobile App,361000,714000,52,2,25,447,6.4,400,No,No
CUST-02701,2024-04-02,April,4,Tuesday,Q2,41,Male,Abuja,Teacher,Retail,Fixed Deposit,USSD,190000,776000,20,1,30,483,7.4,400,No,No
CUST-02702,2024-02-19,February,2,Monday,Q1,26,Male,Port Harcourt,Civil Servant,Retail,Current Account,USSD,90000,210000,106,1,16,460,7.5,200,Yes,No
CUST-02703,2024-07-13,July,7,Saturday,Q3,66,Female,Kano,Civil Servant,Retail,Mobile Loan,Mobile App,96000,158000,74,4,21,534,7.0,100,No,No
CUST-02704,2024-08-10,August,8,Saturday,Q3,42,Female,Port Harcourt,Student,Student,Investment Fund,USSD,19000,122000,90,4,36,552,7.6,0,No,No
CUST-02705,2024-12-14,December,12,Saturday,Q4,45,Male,Enugu,Student,Student,Investment Fund,Mobile App,25000,316000,92,1,12,493,7.5,0,Yes,No
CUST-02706,2024-08-11,August,8,Sunday,Q3,32,Male,Ibadan,Civil Servant,Retail,Fixed Deposit,USSD,650000,1847000,73,1,5,693,8.2,1300,Yes,No
CUST-02707,2024-12-29,December,12,Sunday,Q4,38,Female,Port Harcourt,Civil Servant,Retail,Fixed Deposit,USSD,14000,94000,15,4,41,537,7.5,0,Yes,No
CUST-02708,2024-05-12,May,5,Sunday,Q2,31,Female,Ibadan,Accountant,Corporate,Insurance Plan,Branch,4188000,42786000,38,1,6,751,10.0,12600,Yes,No
CUST-02709,2024-12-19,December,12,Thursday,Q4,36,Female,Lagos,Engineer,Premium,Savings Account,Mobile App,908000,7636000,5,3,7,632,2.3,900,No,No
CUST-02710,2024-05-05,May,5,Sunday,Q2,19,Female,Port Harcourt,Doctor,Student,Mortgage,Web Portal,6000,18000,51,3,29,382,4.4,0,No,No
CUST-02711,2024-12-07,December,12,Saturday,Q4,24,Female,Port Harcourt,Entrepreneur,Student,Investment Fund,Web Portal,5000,23000,92,1,17,400,7.6,0,No,No
CUST-02712,2024-03-13,March,3,Wednesday,Q1,21,Female,Ibadan,Doctor,Student,Mortgage,Mobile App,20000,210000,69,1,34,458,9.1,0,No,No
CUST-02713,2024-02-18,February,2,Sunday,Q1,47,Female,Ibadan,Accountant,Premium,Fixed Deposit,Mobile App,624000,1609000,120,1,13,759,6.6,600,No,No
CUST-02714,2024-06-16,June,6,Sunday,Q2,23,Female,Abuja,Student,Student,Fixed Deposit,USSD,15000,70000,84,4,11,551,9.3,0,No,No
CUST-02715,2024-01-27,January,1,Saturday,Q1,21,Female,Port Harcourt,Entrepreneur,Student,Insurance Plan,USSD,82000,1220000,101,2,20,520,1.9,200,No,No
CUST-02716,2024-10-24,October,10,Thursday,Q4,22,Female,Lagos,Civil Servant,Student,Investment Fund,USSD,19000,94000,13,4,4,425,9.3,0,No,No
CUST-02717,2024-07-18,July,7,Thursday,Q3,18,Female,Enugu,Doctor,Student,Current Account,Branch,15000,225000,13,2,27,331,6.6,0,No,No
CUST-02718,2024-04-02,April,4,Tuesday,Q2,39,Male,Port Harcourt,Farmer,Retail,Savings Account,Branch,156000,2237000,3,3,12,748,6.6,500,No,No
CUST-02719,2024-10-16,October,10,Wednesday,Q4,44,Male,Enugu,Student,Student,Investment Fund,Web Portal,9000,126000,100,3,37,362,5.8,0,No,No
CUST-02720,2024-04-09,April,4,Tuesday,Q2,29,Male,Abuja,Entrepreneur,SME,Fixed Deposit,Web Portal,229000,334000,56,1,4,467,9.8,300,Yes,No
CUST-02721,2024-01-14,January,1,Sunday,Q1,29,Male,Ibadan,Lawyer,Retail,Investment Fund,Mobile App,33000,391000,97,3,2,471,8.6,0,Yes,No
CUST-02722,2024-02-29,February,2,Thursday,Q1,41,Female,Ibadan,Student,Student,Credit Card,Mobile App,25000,353000,86,3,32,485,4.7,0,Yes,No
CUST-02723,2024-04-21,April,4,Sunday,Q2,30,Male,Enugu,Student,Student,Mobile Loan,Web Portal,10000,10000,90,2,41,366,8.5,0,No,No
CUST-02724,2024-07-19,July,7,Friday,Q3,45,Male,Kano,Student,Student,Current Account,Branch,9000,74000,83,5,19,427,8.8,0,No,No
CUST-02725,2024-09-29,September,9,Sunday,Q3,18,Male,Enugu,Farmer,Student,Credit Card,Mobile App,17000,23000,90,5,41,337,9.5,0,Yes,No
CUST-02726,2024-10-27,October,10,Sunday,Q4,59,Female,Port Harcourt,Lawyer,Corporate,Savings Account,Mobile App,3625000,5774000,64,3,27,736,3.2,3600,Yes,No
CUST-02727,2024-10-29,October,10,Tuesday,Q4,53,Female,Abuja,Farmer,Retail,Current Account,Branch,57000,583000,100,3,26,671,6.4,200,No,No
CUST-02728,2024-08-19,August,8,Monday,Q3,18,Male,Ibadan,Farmer,Student,Savings Account,USSD,16000,222000,3,2,5,517,7.6,0,No,No
CUST-02729,2024-03-23,March,3,Saturday,Q1,58,Male,Port Harcourt,Accountant,Premium,Credit Card,Mobile App,2031000,20391000,56,1,4,540,8.4,2000,No,No
CUST-02730,2024-02-15,February,2,Thursday,Q1,39,Female,Ibadan,Entrepreneur,SME,Savings Account,Web Portal,255000,2150000,60,2,27,731,6.4,400,Yes,No
CUST-02731,2024-05-29,May,5,Wednesday,Q2,37,Male,Ibadan,Civil Servant,Retail,Mortgage,Agent Banking,267000,3165000,83,2,33,524,7.0,700,No,No
CUST-02732,2024-07-16,July,7,Tuesday,Q3,41,Female,Ibadan,Lawyer,Premium,Credit Card,Mobile App,1352000,19063000,112,4,2,730,7.3,1400,No,No
CUST-02733,2024-12-08,December,12,Sunday,Q4,44,Female,Lagos,Farmer,Retail,Savings Account,Mobile App,30000,376000,72,3,24,491,8.9,0,Yes,No
CUST-02734,2024-05-13,May,5,Monday,Q2,33,Female,Lagos,Doctor,Premium,Insurance Plan,Web Portal,1101000,16062000,15,3,6,439,8.1,1700,Yes,No
CUST-02735,2024-06-25,June,6,Tuesday,Q2,18,Male,Port Harcourt,Trader,Student,Insurance Plan,Mobile App,84000,1242000,5,2,6,529,7.1,100,No,No
CUST-02736,2024-10-03,October,10,Thursday,Q4,38,Female,Ibadan,Entrepreneur,SME,Fixed Deposit,USSD,581000,5235000,26,2,5,596,9.7,1200,No,No
CUST-02737,2024-12-08,December,12,Sunday,Q4,66,Male,Lagos,Accountant,Premium,Credit Card,Branch,551000,1188000,84,4,21,503,8.1,1700,No,No
CUST-02738,2024-06-07,June,6,Friday,Q2,18,Female,Lagos,Lawyer,Student,Mortgage,USSD,12000,145000,111,1,40,313,6.7,0,No,No
CUST-02739,2024-10-15,October,10,Tuesday,Q4,55,Male,Lagos,Doctor,Premium,Mortgage,Web Portal,281000,3808000,85,2,36,644,7.0,400,No,No
CUST-02740,2024-07-22,July,7,Monday,Q3,24,Male,Lagos,Student,Student,Savings Account,Web Portal,31000,332000,106,3,18,324,6.8,0,No,No
CUST-02741,2024-06-29,June,6,Saturday,Q2,28,Male,Kano,Entrepreneur,SME,Credit Card,Mobile App,1613000,4983000,58,3,29,762,6.6,1600,No,No
CUST-02742,2024-11-15,November,11,Friday,Q4,33,Male,Lagos,Trader,SME,Savings Account,Mobile App,219000,1076000,11,1,45,583,6.8,200,No,No
CUST-02743,2024-06-22,June,6,Saturday,Q2,18,Male,Kano,Entrepreneur,Student,Investment Fund,Web Portal,17000,121000,64,4,43,466,4.3,0,Yes,No
CUST-02744,2024-04-16,April,4,Tuesday,Q2,33,Female,Ibadan,Student,Student,Fixed Deposit,Branch,8000,44000,118,3,4,435,6.1,0,No,No
CUST-02745,2024-11-15,November,11,Friday,Q4,36,Male,Enugu,Farmer,Retail,Mobile Loan,Branch,134000,954000,37,3,44,483,9.3,400,No,No
CUST-02746,2024-01-06,January,1,Saturday,Q1,29,Male,Port Harcourt,Teacher,Retail,Mortgage,USSD,306000,456000,64,1,24,445,8.3,600,No,No
CUST-02747,2024-11-08,November,11,Friday,Q4,46,Female,Ibadan,Teacher,Retail,Mobile Loan,Branch,49000,210000,94,4,33,504,9.1,100,No,No
CUST-02748,2024-01-23,January,1,Tuesday,Q1,18,Female,Port Harcourt,Accountant,Student,Investment Fund,Mobile App,6000,11000,81,4,13,604,5.1,0,No,No
CUST-02749,2024-08-04,August,8,Sunday,Q3,20,Female,Ibadan,Civil Servant,Student,Investment Fund,Mobile App,64000,871000,117,3,42,349,4.9,100,Yes,No
CUST-02750,2024-03-19,March,3,Tuesday,Q1,53,Female,Ibadan,Lawyer,Corporate,Current Account,Web Portal,11755000,147031000,5,4,29,752,6.0,17600,Yes,No
CUST-02751,2024-06-02,June,6,Sunday,Q2,18,Male,Abuja,Teacher,Student,Current Account,USSD,31000,323000,66,4,40,454,8.0,100,No,No
CUST-02752,2024-06-08,June,6,Saturday,Q2,48,Female,Lagos,Trader,SME,Investment Fund,Web Portal,123000,1816000,67,1,37,690,6.8,200,No,No
CUST-02753,2024-09-16,September,9,Monday,Q3,58,Male,Port Harcourt,Student,Student,Savings Account,Branch,14000,32000,79,3,14,569,7.7,0,No,No
CUST-02754,2024-04-21,April,4,Sunday,Q2,32,Female,Lagos,Teacher,Retail,Savings Account,USSD,66000,499000,92,1,37,762,5.2,100,Yes,No
CUST-02755,2024-09-18,September,9,Wednesday,Q3,18,Male,Kano,Entrepreneur,Student,Mortgage,Mobile App,21000,281000,11,4,29,620,9.0,0,Yes,No
CUST-02756,2024-08-20,August,8,Tuesday,Q3,39,Male,Ibadan,Trader,SME,Investment Fund,Branch,293000,4070000,59,2,15,692,7.2,900,No,No
CUST-02757,2024-02-12,February,2,Monday,Q1,41,Male,Lagos,Lawyer,Premium,Insurance Plan,Branch,1322000,18366000,98,4,17,622,8.3,4000,No,No
CUST-02758,2024-12-08,December,12,Sunday,Q4,72,Male,Kano,Doctor,Corporate,Current Account,Agent Banking,5957000,57897000,87,3,20,818,3.5,14900,No,No
CUST-02759,2024-10-06,October,10,Sunday,Q4,47,Male,Ibadan,Trader,SME,Current Account,Mobile App,319000,265000,94,1,8,682,6.2,300,No,No
CUST-02760,2024-08-20,August,8,Tuesday,Q3,29,Female,Ibadan,Lawyer,Retail,Current Account,USSD,118000,1393000,93,4,28,776,7.1,200,Yes,No
CUST-02761,2024-05-09,May,5,Thursday,Q2,43,Female,Enugu,Teacher,Retail,Credit Card,Mobile App,369000,2144000,84,1,15,607,7.0,400,No,No
CUST-02762,2024-10-04,October,10,Friday,Q4,24,Male,Port Harcourt,Student,Student,Current Account,USSD,21000,170000,62,2,34,334,7.0,0,No,No
CUST-02763,2024-05-18,May,5,Saturday,Q2,41,Male,Ibadan,Teacher,Retail,Fixed Deposit,Agent Banking,130000,1203000,52,2,35,550,8.2,300,No,No
CUST-02764,2024-04-07,April,4,Sunday,Q2,27,Male,Ibadan,Trader,SME,Fixed Deposit,Mobile App,229000,2658000,41,1,21,681,4.9,200,No,No
CUST-02765,2024-11-16,November,11,Saturday,Q4,29,Male,Port Harcourt,Farmer,Retail,Savings Account,USSD,134000,495000,33,1,32,698,6.9,300,No,No
CUST-02766,2024-02-17,February,2,Saturday,Q1,54,Male,Lagos,Doctor,Premium,Fixed Deposit,Mobile App,962000,2874000,2,3,2,675,5.4,1000,No,No
CUST-02767,2024-11-07,November,11,Thursday,Q4,37,Female,Port Harcourt,Accountant,Corporate,Credit Card,USSD,8675000,65345000,13,1,38,795,5.9,17400,No,No
CUST-02768,2024-10-26,October,10,Saturday,Q4,25,Male,Kano,Doctor,Retail,Credit Card,Web Portal,212000,2211000,6,1,38,734,8.2,300,No,No
CUST-02769,2024-09-09,September,9,Monday,Q3,29,Female,Kano,Doctor,Retail,Investment Fund,Mobile App,117000,639000,1,3,8,741,5.9,100,No,No
CUST-02770,2024-12-19,December,12,Thursday,Q4,36,Male,Port Harcourt,Engineer,Corporate,Current Account,Branch,1021000,8509000,79,2,32,743,7.9,3100,No,No
CUST-02771,2024-08-16,August,8,Friday,Q3,31,Female,Enugu,Accountant,Premium,Credit Card,Mobile App,184000,1342000,70,5,18,505,7.6,200,No,No
CUST-02772,2024-05-10,May,5,Friday,Q2,58,Female,Port Harcourt,Teacher,Retail,Savings Account,Branch,526000,2214000,52,5,23,714,6.8,1600,No,No
CUST-02773,2024-10-16,October,10,Wednesday,Q4,36,Male,Enugu,Farmer,Retail,Mobile Loan,Mobile App,312000,4115000,12,1,19,735,8.0,300,No,No
CUST-02774,2024-09-02,September,9,Monday,Q3,47,Female,Ibadan,Engineer,Corporate,Mobile Loan,Mobile App,10290000,82532000,62,1,19,640,4.7,10300,Yes,No
CUST-02775,2024-12-13,December,12,Friday,Q4,66,Male,Ibadan,Accountant,Corporate,Investment Fund,Agent Banking,14017000,100390000,99,1,44,653,10.0,35000,No,Yes
CUST-02776,2024-08-07,August,8,Wednesday,Q3,21,Female,Ibadan,Trader,Student,Savings Account,Web Portal,5000,22000,24,4,31,591,8.8,0,No,No
CUST-02777,2024-08-03,August,8,Saturday,Q3,20,Male,Abuja,Doctor,Student,Savings Account,Mobile App,10000,19000,99,1,29,331,6.4,0,Yes,No
CUST-02778,2024-03-21,March,3,Thursday,Q1,37,Male,Abuja,Doctor,Premium,Current Account,Branch,329000,783000,113,2,28,697,6.0,1000,No,No
CUST-02779,2024-03-30,March,3,Saturday,Q1,32,Male,Kano,Doctor,Corporate,Mortgage,Branch,801000,8134000,48,2,42,754,10.0,2400,Yes,No
CUST-02780,2024-11-30,November,11,Saturday,Q4,27,Female,Port Harcourt,Teacher,Retail,Fixed Deposit,Mobile App,102000,1479000,25,4,17,645,7.3,100,No,No
CUST-02781,2024-05-28,May,5,Tuesday,Q2,35,Male,Ibadan,Civil Servant,Retail,Savings Account,Web Portal,88000,151000,36,1,21,606,4.7,100,Yes,No
CUST-02782,2024-01-07,January,1,Sunday,Q1,41,Female,Port Harcourt,Entrepreneur,SME,Investment Fund,Mobile App,379000,2975000,1,1,37,645,5.6,400,No,No
CUST-02783,2024-04-08,April,4,Monday,Q2,38,Male,Lagos,Entrepreneur,SME,Mortgage,USSD,66000,950000,48,1,8,453,6.1,100,No,No
CUST-02784,2024-07-16,July,7,Tuesday,Q3,41,Female,Port Harcourt,Entrepreneur,SME,Mobile Loan,Branch,79000,1037000,28,5,2,614,7.2,200,Yes,No
CUST-02785,2024-09-26,September,9,Thursday,Q3,39,Female,Enugu,Farmer,Retail,Mortgage,USSD,68000,798000,116,3,3,472,4.7,100,Yes,No
CUST-02786,2024-10-15,October,10,Tuesday,Q4,33,Male,Kano,Student,Student,Investment Fund,Web Portal,26000,149000,26,3,3,323,5.6,0,No,No
CUST-02787,2024-12-02,December,12,Monday,Q4,35,Female,Kano,Engineer,Premium,Mobile Loan,Mobile App,318000,1985000,15,3,15,673,7.1,300,Yes,No
CUST-02788,2024-08-04,August,8,Sunday,Q3,42,Male,Abuja,Civil Servant,Retail,Mobile Loan,Agent Banking,77000,375000,15,1,21,771,10.0,200,No,No
CUST-02789,2024-08-04,August,8,Sunday,Q3,37,Male,Kano,Teacher,Retail,Fixed Deposit,Agent Banking,133000,645000,101,3,24,476,6.9,300,No,No
CUST-02790,2024-11-18,November,11,Monday,Q4,41,Male,Abuja,Accountant,Premium,Investment Fund,Web Portal,6952000,57550000,58,3,17,635,8.9,10400,No,No
CUST-02791,2024-11-09,November,11,Saturday,Q4,43,Female,Abuja,Civil Servant,Retail,Savings Account,Mobile App,94000,907000,76,1,4,495,8.8,100,No,No
CUST-02792,2024-11-24,November,11,Sunday,Q4,32,Female,Lagos,Trader,SME,Insurance Plan,Mobile App,943000,2731000,120,2,30,563,6.1,900,No,No
CUST-02793,2024-06-04,June,6,Tuesday,Q2,41,Female,Ibadan,Teacher,Retail,Credit Card,Branch,149000,341000,69,3,18,741,6.0,400,No,No
CUST-02794,2024-12-29,December,12,Sunday,Q4,18,Male,Port Harcourt,Trader,Student,Current Account,Web Portal,6000,10000,105,4,42,454,4.4,0,No,No
CUST-02795,2024-11-13,November,11,Wednesday,Q4,54,Male,Lagos,Student,Student,Mobile Loan,Branch,24000,309000,47,1,17,358,6.5,100,No,No
CUST-02796,2024-08-11,August,8,Sunday,Q3,37,Male,Enugu,Entrepreneur,SME,Savings Account,Mobile App,808000,6613000,53,2,22,680,7.7,800,No,No
CUST-02797,2024-05-02,May,5,Thursday,Q2,65,Male,Abuja,Engineer,Corporate,Credit Card,Mobile App,2774000,37870000,9,4,45,827,7.6,2800,No,No
CUST-02798,2024-06-23,June,6,Sunday,Q2,44,Male,Ibadan,Accountant,Premium,Mobile Loan,Mobile App,847000,7397000,33,2,19,550,7.8,800,No,No
CUST-02799,2024-11-14,November,11,Thursday,Q4,49,Male,Abuja,Accountant,Premium,Mobile Loan,Branch,1685000,23116000,97,4,22,639,5.9,5100,No,No
CUST-02800,2024-08-02,August,8,Friday,Q3,21,Male,Lagos,Engineer,Student,Savings Account,Mobile App,19000,32000,21,2,8,614,7.2,0,No,No
CUST-02801,2024-08-31,August,8,Saturday,Q3,34,Male,Ibadan,Teacher,Retail,Mobile Loan,Web Portal,413000,2363000,118,1,38,468,7.6,600,No,No
CUST-02802,2024-06-08,June,6,Saturday,Q2,19,Male,Enugu,Lawyer,Student,Investment Fund,Web Portal,10000,119000,107,2,37,496,10.0,0,No,No
CUST-02803,2024-11-11,November,11,Monday,Q4,28,Female,Ibadan,Engineer,Retail,Mobile Loan,Mobile App,80000,797000,74,1,13,777,8.5,100,Yes,No
CUST-02804,2024-03-09,March,3,Saturday,Q1,38,Male,Kano,Lawyer,Premium,Mobile Loan,Agent Banking,294000,2135000,49,3,4,561,5.4,700,No,No
CUST-02805,2024-03-30,March,3,Saturday,Q1,30,Male,Abuja,Entrepreneur,SME,Insurance Plan,USSD,293000,2173000,23,1,8,504,8.1,600,No,No
CUST-02806,2024-05-26,May,5,Sunday,Q2,37,Female,Lagos,Teacher,Retail,Savings Account,Web Portal,85000,384000,79,2,36,634,5.0,100,No,No
CUST-02807,2024-05-16,May,5,Thursday,Q2,43,Male,Lagos,Accountant,Corporate,Fixed Deposit,Agent Banking,1221000,6858000,117,4,38,764,3.9,3100,No,No
CUST-02808,2024-10-07,October,10,Monday,Q4,49,Male,Enugu,Accountant,Premium,Fixed Deposit,Mobile App,4830000,46721000,105,2,14,584,9.1,4800,No,No
CUST-02809,2024-05-24,May,5,Friday,Q2,34,Male,Enugu,Trader,SME,Mobile Loan,USSD,409000,2993000,58,2,4,669,7.1,800,No,No
CUST-02810,2024-07-10,July,7,Wednesday,Q3,43,Female,Abuja,Accountant,Corporate,Credit Card,Mobile App,1329000,15822000,91,2,6,808,6.9,1300,No,No
CUST-02811,2024-01-11,January,1,Thursday,Q1,42,Male,Lagos,Teacher,Retail,Mobile Loan,Web Portal,95000,1340000,37,2,23,737,6.5,100,No,No
CUST-02812,2024-09-16,September,9,Monday,Q3,20,Male,Lagos,Teacher,Student,Mortgage,Mobile App,14000,167000,100,3,24,503,9.2,0,No,No
CUST-02813,2024-08-11,August,8,Sunday,Q3,25,Female,Ibadan,Lawyer,Retail,Savings Account,USSD,167000,1333000,98,1,27,423,7.7,300,No,No
CUST-02814,2024-01-19,January,1,Friday,Q1,46,Female,Ibadan,Student,Student,Investment Fund,Web Portal,26000,194000,84,2,7,448,8.1,0,No,No
CUST-02815,2024-08-17,August,8,Saturday,Q3,18,Male,Abuja,Doctor,Student,Insurance Plan,Mobile App,12000,29000,80,4,18,548,10.0,0,No,No
CUST-02816,2024-12-10,December,12,Tuesday,Q4,54,Female,Lagos,Engineer,Corporate,Savings Account,Branch,682000,9011000,100,5,22,636,8.2,2000,No,No
CUST-02817,2024-06-12,June,6,Wednesday,Q2,33,Female,Kano,Civil Servant,Retail,Credit Card,Mobile App,59000,391000,53,2,28,574,5.9,100,No,No
CUST-02818,2024-04-13,April,4,Saturday,Q2,34,Female,Kano,Student,Student,Credit Card,Mobile App,27000,214000,61,2,32,388,7.8,0,No,No
CUST-02819,2024-09-23,September,9,Monday,Q3,47,Male,Abuja,Trader,SME,Mobile Loan,Web Portal,312000,1650000,3,2,40,652,3.8,500,Yes,No
CUST-02820,2024-07-29,July,7,Monday,Q3,42,Male,Lagos,Trader,SME,Insurance Plan,USSD,155000,2192000,90,1,20,475,7.0,300,No,No
CUST-02821,2024-12-22,December,12,Sunday,Q4,67,Female,Ibadan,Doctor,Premium,Current Account,Web Portal,1167000,1778000,22,3,17,646,6.3,1800,No,No
CUST-02822,2024-01-16,January,1,Tuesday,Q1,38,Female,Enugu,Student,Student,Investment Fund,Agent Banking,20000,193000,118,1,27,414,9.3,0,Yes,No
CUST-02823,2024-05-18,May,5,Saturday,Q2,21,Female,Kano,Teacher,Student,Mortgage,USSD,17000,147000,111,2,28,412,10.0,0,No,No
CUST-02824,2024-03-14,March,3,Thursday,Q1,35,Female,Enugu,Civil Servant,Retail,Investment Fund,Mobile App,43000,41000,117,1,39,467,9.0,0,No,No
CUST-02825,2024-06-10,June,6,Monday,Q2,18,Male,Kano,Accountant,Student,Credit Card,Web Portal,35000,212000,30,2,16,601,4.3,100,No,No
CUST-02826,2024-01-06,January,1,Saturday,Q1,31,Male,Port Harcourt,Teacher,Retail,Savings Account,Mobile App,59000,277000,51,4,11,670,10.0,100,No,No
CUST-02827,2024-09-03,September,9,Tuesday,Q3,41,Male,Enugu,Engineer,Premium,Mobile Loan,Web Portal,2679000,18509000,53,2,3,777,6.1,4000,Yes,No
CUST-02828,2024-11-14,November,11,Thursday,Q4,58,Female,Enugu,Trader,SME,Insurance Plan,Branch,499000,5244000,18,1,35,732,9.1,1500,Yes,No
CUST-02829,2024-02-25,February,2,Sunday,Q1,53,Male,Lagos,Engineer,Corporate,Insurance Plan,Branch,2093000,18079000,110,3,40,721,7.7,6300,No,No
CUST-02830,2024-03-10,March,3,Sunday,Q1,40,Male,Abuja,Teacher,Retail,Savings Account,Mobile App,60000,439000,40,2,11,578,6.2,100,Yes,No
CUST-02831,2024-02-18,February,2,Sunday,Q1,27,Male,Ibadan,Engineer,Retail,Investment Fund,Mobile App,130000,780000,87,3,34,734,4.3,100,No,No
CUST-02832,2024-11-06,November,11,Wednesday,Q4,18,Male,Lagos,Entrepreneur,Student,Investment Fund,Mobile App,5000,59000,31,2,35,442,10.0,0,Yes,No
CUST-02833,2024-03-18,March,3,Monday,Q1,37,Male,Enugu,Teacher,Retail,Mortgage,Mobile App,589000,4332000,10,1,26,591,8.5,600,Yes,No
CUST-02834,2024-12-06,December,12,Friday,Q4,38,Male,Enugu,Student,Student,Insurance Plan,Branch,26000,147000,76,1,45,571,3.6,100,No,No
CUST-02835,2024-03-11,March,3,Monday,Q1,23,Female,Abuja,Lawyer,Student,Investment Fund,Mobile App,15000,161000,7,1,16,476,9.2,0,Yes,No
CUST-02836,2024-10-05,October,10,Saturday,Q4,18,Male,Kano,Lawyer,Student,Credit Card,Mobile App,8000,115000,1,5,44,353,9.3,0,No,No
CUST-02837,2024-06-29,June,6,Saturday,Q2,21,Female,Ibadan,Entrepreneur,Student,Credit Card,USSD,7000,7000,46,1,10,373,5.6,0,No,No
CUST-02838,2024-11-14,November,11,Thursday,Q4,50,Male,Lagos,Civil Servant,Retail,Mobile Loan,Mobile App,246000,3351000,100,1,3,629,10.0,200,No,No
CUST-02839,2024-01-22,January,1,Monday,Q1,41,Male,Enugu,Trader,SME,Investment Fund,Mobile App,1616000,17664000,72,2,27,508,7.1,1600,No,No
CUST-02840,2024-09-18,September,9,Wednesday,Q3,26,Female,Kano,Farmer,Retail,Mortgage,Mobile App,363000,2388000,46,5,2,526,8.9,400,Yes,No
CUST-02841,2024-07-31,July,7,Wednesday,Q3,19,Male,Lagos,Trader,Student,Current Account,Web Portal,11000,108000,31,2,45,358,7.1,0,Yes,No
CUST-02842,2024-06-11,June,6,Tuesday,Q2,39,Male,Kano,Trader,SME,Current Account,USSD,682000,5169000,118,3,45,535,7.9,1400,No,No
CUST-02843,2024-12-07,December,12,Saturday,Q4,26,Male,Ibadan,Farmer,Retail,Mortgage,Mobile App,367000,975000,92,3,31,569,7.2,400,No,No
CUST-02844,2024-03-25,March,3,Monday,Q1,26,Female,Enugu,Farmer,Retail,Savings Account,Mobile App,191000,1147000,72,2,2,527,8.5,200,No,No
CUST-02845,2024-12-29,December,12,Sunday,Q4,45,Female,Ibadan,Farmer,Retail,Insurance Plan,USSD,179000,360000,65,3,18,564,5.2,400,No,No
CUST-02846,2024-03-07,March,3,Thursday,Q1,43,Male,Ibadan,Civil Servant,Retail,Insurance Plan,Branch,34000,85000,87,2,44,567,6.5,100,No,No
CUST-02847,2024-04-07,April,4,Sunday,Q2,38,Male,Enugu,Lawyer,Corporate,Fixed Deposit,USSD,3110000,45523000,69,1,42,670,6.4,6200,No,No
CUST-02848,2024-10-21,October,10,Monday,Q4,18,Male,Lagos,Trader,Student,Savings Account,Web Portal,11000,64000,55,5,44,429,8.6,0,No,No
CUST-02849,2024-04-02,April,4,Tuesday,Q2,30,Female,Lagos,Trader,SME,Current Account,Agent Banking,81000,886000,15,3,14,791,6.3,200,No,No
CUST-02850,2024-07-22,July,7,Monday,Q3,42,Male,Abuja,Engineer,Premium,Insurance Plan,Branch,289000,1239000,64,3,29,591,6.8,900,No,No
CUST-02851,2024-08-03,August,8,Saturday,Q3,25,Male,Lagos,Student,Student,Savings Account,Mobile App,50000,706000,55,1,40,596,7.0,0,No,No
CUST-02852,2024-09-22,September,9,Sunday,Q3,47,Male,Enugu,Teacher,Retail,Investment Fund,Mobile App,221000,3087000,39,2,2,521,6.9,200,No,No
CUST-02853,2024-12-16,December,12,Monday,Q4,34,Female,Ibadan,Lawyer,Premium,Savings Account,Branch,4311000,20352000,110,1,32,443,8.5,12900,Yes,No
CUST-02854,2024-02-09,February,2,Friday,Q1,29,Male,Port Harcourt,Farmer,Retail,Mortgage,Mobile App,213000,3168000,2,3,33,629,4.0,200,Yes,No
CUST-02855,2024-08-16,August,8,Friday,Q3,37,Male,Port Harcourt,Farmer,Retail,Credit Card,Web Portal,245000,2329000,105,3,36,660,7.3,400,No,No
CUST-02856,2024-06-30,June,6,Sunday,Q2,26,Female,Ibadan,Doctor,Retail,Savings Account,Mobile App,139000,626000,104,1,19,514,5.2,100,No,No
CUST-02857,2024-11-27,November,11,Wednesday,Q4,27,Male,Lagos,Engineer,Retail,Mobile Loan,Mobile App,93000,1344000,43,3,23,716,7.8,100,No,No
CUST-02858,2024-09-25,September,9,Wednesday,Q3,38,Female,Lagos,Accountant,Corporate,Credit Card,USSD,1389000,15830000,28,4,42,712,5.0,2800,Yes,No
CUST-02859,2024-03-30,March,3,Saturday,Q1,54,Female,Port Harcourt,Farmer,Retail,Savings Account,Mobile App,22000,41000,100,5,13,456,10.0,0,No,No
CUST-02860,2024-01-31,January,1,Wednesday,Q1,32,Female,Ibadan,Farmer,Retail,Mortgage,Branch,38000,97000,106,2,38,485,9.0,100,No,No
CUST-02861,2024-08-14,August,8,Wednesday,Q3,21,Female,Lagos,Civil Servant,Student,Fixed Deposit,Mobile App,18000,168000,87,5,1,440,8.3,0,No,No
CUST-02862,2024-05-17,May,5,Friday,Q2,52,Male,Port Harcourt,Student,Student,Mobile Loan,Agent Banking,7000,83000,16,1,34,555,9.7,0,No,No
CUST-02863,2024-07-12,July,7,Friday,Q3,34,Male,Lagos,Trader,SME,Savings Account,Mobile App,348000,4097000,40,1,30,481,8.2,300,No,No
CUST-02864,2024-03-07,March,3,Thursday,Q1,26,Female,Ibadan,Farmer,Retail,Investment Fund,Web Portal,67000,722000,88,3,9,730,7.7,100,No,No
CUST-02865,2024-05-31,May,5,Friday,Q2,35,Male,Lagos,Trader,SME,Investment Fund,Branch,100000,648000,78,2,14,604,4.8,300,Yes,No
CUST-02866,2024-02-05,February,2,Monday,Q1,28,Female,Ibadan,Doctor,Retail,Investment Fund,Mobile App,171000,1351000,26,2,12,686,10.0,200,No,No
CUST-02867,2024-11-27,November,11,Wednesday,Q4,40,Female,Abuja,Student,Student,Insurance Plan,Branch,5000,21000,91,1,45,582,9.4,0,No,No
CUST-02868,2024-08-31,August,8,Saturday,Q3,69,Male,Port Harcourt,Accountant,Corporate,Mortgage,Web Portal,8844000,17285000,103,3,37,679,7.8,13300,Yes,No
CUST-02869,2024-10-13,October,10,Sunday,Q4,38,Female,Kano,Student,Student,Savings Account,USSD,36000,128000,63,2,12,335,8.4,100,No,No
CUST-02870,2024-05-03,May,5,Friday,Q2,39,Male,Port Harcourt,Doctor,Premium,Mortgage,Branch,474000,2846000,16,1,6,638,5.3,1400,No,No
CUST-02871,2024-02-24,February,2,Saturday,Q1,44,Male,Enugu,Doctor,Premium,Mortgage,Branch,1503000,18364000,93,2,10,663,7.9,4500,No,No
CUST-02872,2024-07-03,July,7,Wednesday,Q3,56,Male,Enugu,Trader,SME,Savings Account,Web Portal,142000,457000,58,1,11,783,10.0,200,No,No
CUST-02873,2024-02-14,February,2,Wednesday,Q1,47,Male,Abuja,Student,Student,Savings Account,Mobile App,19000,209000,16,3,26,359,5.4,0,No,No
CUST-02874,2024-09-18,September,9,Wednesday,Q3,31,Female,Lagos,Civil Servant,Retail,Mortgage,Web Portal,42000,210000,54,1,41,774,6.5,100,No,No
CUST-02875,2024-04-03,April,4,Wednesday,Q2,45,Female,Kano,Entrepreneur,SME,Savings Account,Branch,598000,7981000,58,4,4,770,6.8,1800,Yes,No
CUST-02876,2024-06-06,June,6,Thursday,Q2,55,Male,Lagos,Engineer,Corporate,Credit Card,Mobile App,1361000,14344000,73,2,35,776,6.2,1400,No,No
CUST-02877,2024-09-17,September,9,Tuesday,Q3,61,Female,Abuja,Entrepreneur,SME,Mobile Loan,USSD,220000,1690000,107,5,38,728,5.9,400,Yes,No
CUST-02878,2024-06-11,June,6,Tuesday,Q2,37,Male,Abuja,Entrepreneur,SME,Mortgage,Web Portal,273000,921000,110,3,37,641,4.3,400,No,No
CUST-02879,2024-09-17,September,9,Tuesday,Q3,35,Female,Abuja,Student,Student,Insurance Plan,Web Portal,35000,209000,109,1,12,398,5.3,100,Yes,No
CUST-02880,2024-01-08,January,1,Monday,Q1,18,Male,Abuja,Farmer,Student,Fixed Deposit,Web Portal,82000,936000,19,1,38,488,9.2,100,Yes,No
CUST-02881,2024-06-10,June,6,Monday,Q2,53,Male,Kano,Accountant,Premium,Mortgage,Web Portal,1633000,15995000,10,1,40,704,6.4,2400,Yes,No
CUST-02882,2024-05-20,May,5,Monday,Q2,34,Male,Ibadan,Engineer,Premium,Mobile Loan,Agent Banking,122000,912000,103,4,21,458,8.3,300,No,No
CUST-02883,2024-12-01,December,12,Sunday,Q4,18,Female,Ibadan,Trader,Student,Fixed Deposit,Mobile App,24000,55000,28,4,24,406,4.6,0,Yes,No
CUST-02884,2024-01-14,January,1,Sunday,Q1,41,Male,Port Harcourt,Civil Servant,Retail,Mortgage,USSD,150000,1374000,101,3,8,595,4.9,300,Yes,No
CUST-02885,2024-04-14,April,4,Sunday,Q2,38,Male,Enugu,Teacher,Retail,Insurance Plan,Web Portal,30000,353000,61,1,19,603,7.6,0,No,No
CUST-02886,2024-06-10,June,6,Monday,Q2,48,Female,Abuja,Teacher,Retail,Credit Card,Branch,158000,271000,68,1,27,736,9.4,500,Yes,No
CUST-02887,2024-08-12,August,8,Monday,Q3,33,Female,Abuja,Teacher,Retail,Savings Account,USSD,289000,1436000,11,5,15,465,6.1,600,Yes,No
CUST-02888,2024-10-06,October,10,Sunday,Q4,27,Female,Lagos,Doctor,Retail,Credit Card,Web Portal,30000,322000,5,2,32,616,10.0,0,No,No
CUST-02889,2024-11-20,November,11,Wednesday,Q4,39,Male,Abuja,Student,Student,Credit Card,Branch,36000,432000,42,1,35,330,9.6,100,Yes,No
CUST-02890,2024-12-05,December,12,Thursday,Q4,25,Female,Port Harcourt,Accountant,Retail,Investment Fund,Mobile App,427000,1905000,17,4,37,428,5.9,400,Yes,No
CUST-02891,2024-07-09,July,7,Tuesday,Q3,50,Female,Lagos,Engineer,Premium,Insurance Plan,Web Portal,343000,4463000,83,2,36,447,6.4,500,No,No
CUST-02892,2024-09-07,September,9,Saturday,Q3,33,Male,Enugu,Farmer,Retail,Insurance Plan,Web Portal,49000,395000,89,2,22,756,6.0,100,No,No
CUST-02893,2024-09-23,September,9,Monday,Q3,18,Female,Kano,Civil Servant,Student,Credit Card,Mobile App,16000,53000,28,1,20,356,6.4,0,No,No
CUST-02894,2024-07-17,July,7,Wednesday,Q3,44,Female,Ibadan,Lawyer,Corporate,Insurance Plan,Mobile App,628000,869000,95,5,39,776,5.3,600,No,No
CUST-02895,2024-09-19,September,9,Thursday,Q3,47,Male,Port Harcourt,Farmer,Retail,Credit Card,Mobile App,31000,48000,15,2,22,469,5.0,0,No,No
CUST-02896,2024-08-20,August,8,Tuesday,Q3,38,Female,Abuja,Teacher,Retail,Fixed Deposit,Mobile App,26000,85000,102,5,22,461,7.4,0,No,No
CUST-02897,2024-07-02,July,7,Tuesday,Q3,32,Female,Ibadan,Trader,SME,Mobile Loan,Web Portal,145000,569000,18,2,19,587,6.7,200,No,No
CUST-02898,2024-01-02,January,1,Tuesday,Q1,45,Male,Enugu,Farmer,Retail,Fixed Deposit,Mobile App,262000,360000,11,1,24,567,10.0,300,Yes,No
CUST-02899,2024-12-08,December,12,Sunday,Q4,46,Male,Enugu,Civil Servant,Retail,Investment Fund,Mobile App,197000,979000,114,1,29,630,7.7,200,No,No
CUST-02900,2024-07-30,July,7,Tuesday,Q3,31,Female,Ibadan,Accountant,Premium,Credit Card,Branch,426000,1542000,33,4,28,588,9.6,1300,No,No
CUST-02901,2024-02-26,February,2,Monday,Q1,43,Female,Abuja,Teacher,Retail,Investment Fund,Mobile App,56000,789000,71,4,18,508,8.2,100,No,No
CUST-02902,2024-09-13,September,9,Friday,Q3,44,Male,Ibadan,Accountant,Premium,Credit Card,Web Portal,484000,3823000,70,3,29,769,8.4,700,No,No
CUST-02903,2024-03-03,March,3,Sunday,Q1,18,Female,Abuja,Student,Student,Insurance Plan,Mobile App,9000,15000,110,5,7,330,8.1,0,No,No
CUST-02904,2024-07-11,July,7,Thursday,Q3,38,Female,Lagos,Doctor,Premium,Mortgage,Web Portal,2196000,22331000,61,3,30,551,9.5,3300,Yes,No
CUST-02905,2024-06-10,June,6,Monday,Q2,24,Female,Abuja,Civil Servant,Student,Current Account,Mobile App,41000,100000,44,1,37,320,8.7,0,No,No
CUST-02906,2024-08-01,August,8,Thursday,Q3,22,Female,Lagos,Civil Servant,Student,Credit Card,Mobile App,9000,68000,80,2,26,422,7.8,0,No,No
CUST-02907,2024-01-24,January,1,Wednesday,Q1,38,Female,Enugu,Student,Student,Mortgage,Web Portal,39000,558000,111,3,9,561,3.6,100,No,No
CUST-02908,2024-06-16,June,6,Sunday,Q2,22,Female,Abuja,Doctor,Student,Current Account,Web Portal,14000,161000,31,4,42,334,8.0,0,No,No
CUST-02909,2024-08-23,August,8,Friday,Q3,26,Male,Abuja,Engineer,Retail,Mobile Loan,USSD,49000,92000,14,3,21,756,10.0,100,No,No
CUST-02910,2024-05-23,May,5,Thursday,Q2,50,Female,Ibadan,Engineer,Corporate,Savings Account,Branch,1277000,4356000,49,1,1,725,8.7,3800,Yes,No
CUST-02911,2024-08-14,August,8,Wednesday,Q3,55,Male,Port Harcourt,Engineer,Corporate,Fixed Deposit,Branch,3148000,40877000,25,3,19,697,6.1,9400,No,No
CUST-02912,2024-01-25,January,1,Thursday,Q1,52,Female,Abuja,Teacher,Retail,Investment Fund,Mobile App,113000,1506000,16,3,15,608,6.7,100,No,No
CUST-02913,2024-11-06,November,11,Wednesday,Q4,35,Male,Enugu,Teacher,Retail,Current Account,Mobile App,54000,189000,25,4,5,425,5.8,100,No,No
CUST-02914,2024-03-04,March,3,Monday,Q1,51,Male,Ibadan,Trader,SME,Insurance Plan,Mobile App,862000,9650000,4,1,35,699,9.7,900,No,No
CUST-02915,2024-05-06,May,5,Monday,Q2,41,Female,Abuja,Teacher,Retail,Mortgage,Branch,152000,1464000,104,3,44,732,6.6,500,No,No
CUST-02916,2024-05-20,May,5,Monday,Q2,21,Male,Ibadan,Engineer,Student,Mobile Loan,USSD,45000,154000,59,2,18,598,10.0,100,No,No
CUST-02917,2024-10-24,October,10,Thursday,Q4,26,Female,Abuja,Trader,SME,Savings Account,Mobile App,652000,866000,87,1,9,583,10.0,700,No,No
CUST-02918,2024-11-22,November,11,Friday,Q4,45,Male,Port Harcourt,Accountant,Premium,Insurance Plan,Mobile App,1054000,15683000,96,2,23,717,6.3,1100,No,No
CUST-02919,2024-06-19,June,6,Wednesday,Q2,39,Male,Kano,Civil Servant,Retail,Mobile Loan,Mobile App,21000,53000,31,1,10,608,7.6,0,No,No
CUST-02920,2024-03-19,March,3,Tuesday,Q1,38,Female,Lagos,Trader,SME,Fixed Deposit,Branch,157000,1364000,53,1,17,503,5.8,500,No,No
CUST-02921,2024-05-18,May,5,Saturday,Q2,65,Male,Lagos,Doctor,Corporate,Savings Account,Branch,2160000,6635000,69,2,34,684,6.7,6500,No,No
CUST-02922,2024-12-22,December,12,Sunday,Q4,18,Male,Kano,Engineer,Student,Mobile Loan,Mobile App,6000,45000,53,3,29,304,8.2,0,No,No
CUST-02923,2024-11-23,November,11,Saturday,Q4,36,Female,Enugu,Engineer,Premium,Credit Card,USSD,2282000,24330000,115,3,6,766,6.0,4600,Yes,No
CUST-02924,2024-07-07,July,7,Sunday,Q3,50,Male,Enugu,Student,Student,Investment Fund,Branch,7000,91000,19,2,34,561,8.4,0,No,No
CUST-02925,2024-10-01,October,10,Tuesday,Q4,43,Female,Abuja,Lawyer,Premium,Investment Fund,Branch,1119000,3280000,38,3,16,675,7.9,3400,No,No
CUST-02926,2024-07-16,July,7,Tuesday,Q3,40,Female,Lagos,Trader,SME,Mobile Loan,USSD,292000,1287000,32,1,3,494,4.3,600,No,No
CUST-02927,2024-01-08,January,1,Monday,Q1,56,Female,Enugu,Entrepreneur,SME,Insurance Plan,Branch,204000,2971000,14,2,24,602,7.1,600,No,No
CUST-02928,2024-11-10,November,11,Sunday,Q4,40,Female,Kano,Engineer,Premium,Fixed Deposit,Mobile App,406000,1490000,15,4,4,624,7.1,400,Yes,No
CUST-02929,2024-06-12,June,6,Wednesday,Q2,55,Female,Port Harcourt,Lawyer,Corporate,Investment Fund,Branch,300000,3512000,58,1,9,790,6.4,900,No,No
CUST-02930,2024-12-07,December,12,Saturday,Q4,45,Female,Ibadan,Student,Student,Mortgage,Web Portal,24000,189000,110,2,9,338,5.9,0,No,No
CUST-02931,2024-01-31,January,1,Wednesday,Q1,33,Male,Enugu,Lawyer,Corporate,Mortgage,USSD,2753000,8670000,72,2,16,818,8.4,5500,No,No
CUST-02932,2024-12-13,December,12,Friday,Q4,43,Male,Enugu,Entrepreneur,SME,Credit Card,Mobile App,295000,4034000,104,4,19,562,9.3,300,Yes,No
CUST-02933,2024-11-26,November,11,Tuesday,Q4,48,Male,Lagos,Accountant,Premium,Insurance Plan,USSD,214000,1514000,84,3,27,769,5.1,400,No,No
CUST-02934,2024-04-13,April,4,Saturday,Q2,40,Female,Abuja,Trader,SME,Investment Fund,USSD,220000,1291000,70,1,5,619,9.9,400,No,No
CUST-02935,2024-03-17,March,3,Sunday,Q1,42,Male,Abuja,Engineer,Corporate,Credit Card,Mobile App,821000,3140000,95,1,24,771,10.0,800,No,No
CUST-02936,2024-11-20,November,11,Wednesday,Q4,34,Male,Enugu,Entrepreneur,SME,Mortgage,Mobile App,151000,1399000,18,1,43,798,2.5,200,No,No
CUST-02937,2024-01-25,January,1,Thursday,Q1,37,Female,Ibadan,Doctor,Premium,Mobile Loan,Mobile App,690000,1440000,30,1,33,753,8.0,700,No,No
CUST-02938,2024-02-11,February,2,Sunday,Q1,22,Male,Lagos,Civil Servant,Student,Fixed Deposit,Mobile App,4000,7000,62,2,33,604,1.3,0,Yes,No
CUST-02939,2024-09-13,September,9,Friday,Q3,25,Female,Lagos,Doctor,Retail,Investment Fund,Web Portal,115000,229000,5,3,39,433,8.0,200,No,No
CUST-02940,2024-07-29,July,7,Monday,Q3,34,Male,Abuja,Trader,SME,Insurance Plan,Mobile App,280000,4049000,111,2,29,534,4.5,300,Yes,No
CUST-02941,2024-09-09,September,9,Monday,Q3,21,Male,Enugu,Farmer,Student,Savings Account,Mobile App,10000,145000,89,3,41,398,7.7,0,No,No
CUST-02942,2024-09-05,September,9,Thursday,Q3,25,Male,Port Harcourt,Lawyer,Retail,Fixed Deposit,Mobile App,576000,1734000,21,2,43,724,9.4,600,No,No
CUST-02943,2024-03-20,March,3,Wednesday,Q1,28,Female,Enugu,Engineer,Retail,Investment Fund,Mobile App,318000,4421000,42,3,11,655,8.6,300,No,No
CUST-02944,2024-11-05,November,11,Tuesday,Q4,62,Female,Kano,Doctor,Corporate,Current Account,Mobile App,418000,4084000,48,1,11,703,6.1,400,No,No
CUST-02945,2024-02-11,February,2,Sunday,Q1,43,Female,Enugu,Trader,SME,Investment Fund,USSD,50000,229000,57,1,36,684,7.5,100,No,No
CUST-02946,2024-01-19,January,1,Friday,Q1,56,Female,Enugu,Entrepreneur,SME,Fixed Deposit,Mobile App,354000,4766000,100,2,42,421,9.7,400,No,No
CUST-02947,2024-10-11,October,10,Friday,Q4,18,Female,Ibadan,Entrepreneur,Student,Current Account,Mobile App,6000,85000,89,2,10,472,5.6,0,Yes,No
CUST-02948,2024-12-24,December,12,Tuesday,Q4,52,Male,Kano,Engineer,Corporate,Fixed Deposit,Agent Banking,6966000,90529000,56,2,13,739,4.3,17400,No,No
CUST-02949,2024-09-16,September,9,Monday,Q3,26,Female,Enugu,Entrepreneur,SME,Current Account,Web Portal,286000,4231000,94,3,36,530,10.0,400,Yes,No
CUST-02950,2024-04-25,April,4,Thursday,Q2,44,Male,Kano,Engineer,Premium,Savings Account,USSD,638000,5762000,95,4,26,625,7.2,1300,No,No
CUST-02951,2024-09-08,September,9,Sunday,Q3,44,Male,Abuja,Entrepreneur,SME,Insurance Plan,Branch,146000,1692000,104,5,12,637,7.2,400,No,No
CUST-02952,2024-04-06,April,4,Saturday,Q2,38,Female,Ibadan,Teacher,Retail,Current Account,Web Portal,41000,105000,32,5,12,429,5.6,100,Yes,No
CUST-02953,2024-04-19,April,4,Friday,Q2,19,Male,Enugu,Entrepreneur,Student,Credit Card,Mobile App,28000,30000,30,1,13,454,9.3,0,No,No
CUST-02954,2024-07-20,July,7,Saturday,Q3,21,Female,Lagos,Accountant,Student,Fixed Deposit,USSD,7000,21000,102,1,8,418,7.2,0,No,No
CUST-02955,2024-11-23,November,11,Saturday,Q4,58,Female,Lagos,Civil Servant,Retail,Fixed Deposit,Mobile App,115000,110000,89,3,12,422,5.0,100,No,No
CUST-02956,2024-10-10,October,10,Thursday,Q4,47,Female,Kano,Engineer,Premium,Mobile Loan,Mobile App,554000,7761000,10,5,40,483,8.9,600,No,No
CUST-02957,2024-02-17,February,2,Saturday,Q1,59,Male,Abuja,Student,Student,Insurance Plan,Branch,9000,50000,13,1,39,354,4.7,0,No,No
CUST-02958,2024-10-21,October,10,Monday,Q4,45,Female,Enugu,Accountant,Corporate,Credit Card,Agent Banking,1215000,8202000,4,4,5,703,6.9,3000,No,No
CUST-02959,2024-11-05,November,11,Tuesday,Q4,34,Male,Lagos,Accountant,Corporate,Insurance Plan,USSD,1185000,16164000,116,4,35,715,7.4,2400,No,No
CUST-02960,2024-03-02,March,3,Saturday,Q1,43,Female,Ibadan,Accountant,Corporate,Current Account,Branch,3573000,7645000,18,3,29,645,6.8,10700,No,No
CUST-02961,2024-09-17,September,9,Tuesday,Q3,52,Female,Ibadan,Civil Servant,Retail,Mortgage,Web Portal,622000,1147000,49,1,45,703,5.0,900,Yes,No
CUST-02962,2024-05-26,May,5,Sunday,Q2,43,Male,Ibadan,Engineer,Corporate,Savings Account,Branch,403000,1420000,36,1,43,622,8.6,1200,Yes,No
CUST-02963,2024-09-03,September,9,Tuesday,Q3,26,Female,Enugu,Engineer,Retail,Savings Account,Mobile App,82000,526000,60,2,5,591,10.0,100,No,No
CUST-02964,2024-01-26,January,1,Friday,Q1,31,Male,Abuja,Trader,SME,Insurance Plan,Mobile App,443000,808000,89,3,2,541,6.3,400,No,No
CUST-02965,2024-06-08,June,6,Saturday,Q2,49,Female,Enugu,Lawyer,Premium,Credit Card,Branch,3117000,38730000,17,1,32,466,8.2,9400,No,No
CUST-02966,2024-12-14,December,12,Saturday,Q4,42,Female,Lagos,Civil Servant,Retail,Mortgage,Web Portal,246000,575000,21,2,11,720,6.8,400,No,No
CUST-02967,2024-09-11,September,9,Wednesday,Q3,36,Male,Ibadan,Civil Servant,Retail,Insurance Plan,Mobile App,119000,956000,102,4,36,739,10.0,100,No,No
CUST-02968,2024-02-18,February,2,Sunday,Q1,63,Female,Enugu,Accountant,Corporate,Savings Account,Web Portal,1905000,7769000,65,1,34,805,6.8,2900,No,No
CUST-02969,2024-02-10,February,2,Saturday,Q1,26,Male,Lagos,Trader,SME,Insurance Plan,Web Portal,458000,3575000,70,3,10,468,9.4,700,Yes,No
CUST-02970,2024-12-12,December,12,Thursday,Q4,23,Male,Ibadan,Student,Student,Investment Fund,Mobile App,18000,53000,36,1,1,580,7.4,0,No,No
CUST-02971,2024-07-01,July,7,Monday,Q3,31,Male,Enugu,Student,Student,Investment Fund,Mobile App,48000,424000,44,3,13,552,9.2,0,No,No
CUST-02972,2024-03-27,March,3,Wednesday,Q1,18,Male,Port Harcourt,Entrepreneur,Student,Mobile Loan,Mobile App,22000,105000,21,1,28,303,6.9,0,No,No
CUST-02973,2024-05-18,May,5,Saturday,Q2,43,Male,Kano,Engineer,Premium,Mortgage,Branch,4835000,57684000,103,2,41,582,7.3,14500,No,No
CUST-02974,2024-10-19,October,10,Saturday,Q4,39,Male,Enugu,Farmer,Retail,Insurance Plan,Branch,284000,2337000,18,2,2,630,7.2,900,Yes,No
CUST-02975,2024-08-29,August,8,Thursday,Q3,28,Female,Enugu,Teacher,Retail,Savings Account,USSD,79000,184000,88,3,36,424,7.5,200,No,No
CUST-02976,2024-12-14,December,12,Saturday,Q4,31,Male,Port Harcourt,Doctor,Corporate,Mortgage,Agent Banking,913000,9025000,36,1,36,662,6.2,2300,No,No
CUST-02977,2024-07-01,July,7,Monday,Q3,48,Male,Kano,Farmer,Retail,Current Account,Mobile App,39000,48000,80,4,18,503,5.3,0,No,No
CUST-02978,2024-08-10,August,8,Saturday,Q3,31,Female,Enugu,Engineer,Premium,Investment Fund,Branch,339000,1201000,58,1,43,498,7.8,1000,No,No
CUST-02979,2024-03-05,March,3,Tuesday,Q1,41,Female,Lagos,Lawyer,Premium,Insurance Plan,Web Portal,297000,3962000,18,3,43,660,6.2,400,No,No
CUST-02980,2024-11-06,November,11,Wednesday,Q4,37,Female,Lagos,Engineer,Corporate,Credit Card,Mobile App,930000,11488000,99,1,40,630,2.0,900,Yes,No
CUST-02981,2024-12-07,December,12,Saturday,Q4,27,Female,Abuja,Trader,SME,Mortgage,Web Portal,514000,7152000,60,1,17,532,3.9,800,Yes,No
CUST-02982,2024-06-27,June,6,Thursday,Q2,33,Male,Lagos,Farmer,Retail,Investment Fund,Branch,53000,81000,115,1,28,758,4.3,200,Yes,No
CUST-02983,2024-07-07,July,7,Sunday,Q3,36,Male,Abuja,Student,Student,Mobile Loan,USSD,14000,208000,41,2,15,497,8.0,0,No,No
CUST-02984,2024-04-09,April,4,Tuesday,Q2,18,Male,Abuja,Entrepreneur,Student,Mobile Loan,USSD,14000,63000,62,4,9,596,6.6,0,No,No
CUST-02985,2024-04-01,April,4,Monday,Q2,19,Female,Port Harcourt,Entrepreneur,Student,Insurance Plan,Mobile App,16000,233000,86,2,37,607,8.2,0,No,No
CUST-02986,2024-06-20,June,6,Thursday,Q2,58,Female,Ibadan,Farmer,Retail,Fixed Deposit,Mobile App,48000,207000,94,1,42,490,10.0,0,No,No
CUST-02987,2024-01-03,January,1,Wednesday,Q1,31,Female,Enugu,Trader,SME,Mobile Loan,Agent Banking,335000,1239000,53,2,8,520,5.6,800,No,No
CUST-02988,2024-04-13,April,4,Saturday,Q2,44,Female,Ibadan,Civil Servant,Retail,Current Account,Mobile App,110000,1260000,59,1,10,797,4.7,100,Yes,No
CUST-02989,2024-11-24,November,11,Sunday,Q4,32,Female,Port Harcourt,Accountant,Corporate,Insurance Plan,USSD,708000,2026000,98,4,14,747,1.5,1400,No,No
CUST-02990,2024-10-24,October,10,Thursday,Q4,33,Female,Enugu,Civil Servant,Retail,Mobile Loan,Mobile App,768000,1851000,67,1,2,590,6.1,800,Yes,No
CUST-02991,2024-06-29,June,6,Saturday,Q2,49,Male,Enugu,Farmer,Retail,Insurance Plan,Mobile App,121000,621000,21,2,30,654,6.1,100,No,No
CUST-02992,2024-05-23,May,5,Thursday,Q2,30,Male,Abuja,Lawyer,Retail,Investment Fund,USSD,140000,992000,55,3,8,497,4.1,300,No,No
CUST-02993,2024-08-29,August,8,Thursday,Q3,52,Male,Kano,Doctor,Corporate,Current Account,Branch,1628000,6103000,71,1,20,751,9.5,4900,No,No
CUST-02994,2024-06-09,June,6,Sunday,Q2,34,Female,Ibadan,Teacher,Retail,Mobile Loan,Agent Banking,85000,297000,96,1,38,758,9.6,200,No,No
CUST-02995,2024-02-22,February,2,Thursday,Q1,42,Female,Lagos,Doctor,Corporate,Investment Fund,Branch,5058000,22577000,23,2,9,661,6.2,15200,No,No
CUST-02996,2024-09-25,September,9,Wednesday,Q3,34,Female,Kano,Civil Servant,Retail,Mobile Loan,Branch,60000,362000,82,2,40,767,8.4,200,No,No
CUST-02997,2024-07-26,July,7,Friday,Q3,41,Male,Enugu,Trader,SME,Investment Fund,Branch,528000,7426000,56,3,25,640,8.4,1600,No,No
CUST-02998,2024-02-02,February,2,Friday,Q1,21,Female,Lagos,Entrepreneur,Student,Savings Account,Mobile App,12000,48000,31,3,34,575,8.3,0,No,No
CUST-02999,2024-04-09,April,4,Tuesday,Q2,33,Female,Ibadan,Civil Servant,Retail,Mortgage,Mobile App,154000,1216000,56,2,16,601,6.2,200,No,No
CUST-03000,2024-05-20,May,5,Monday,Q2,57,Male,Lagos,Civil Servant,Retail,Insurance Plan,Web Portal,178000,915000,93,4,38,691,5.7,300,Yes,No
CUST-03001,2024-12-29,December,12,Sunday,Q4,31,Female,Enugu,Civil Servant,Retail,Mobile Loan,Branch,137000,871000,12,3,2,623,6.9,400,Yes,No
CUST-03002,2024-02-25,February,2,Sunday,Q1,52,Female,Kano,Doctor,Corporate,Fixed Deposit,Mobile App,10595000,72127000,90,2,40,830,9.8,10600,No,No
CUST-03003,2024-11-12,November,11,Tuesday,Q4,53,Male,Ibadan,Student,Student,Insurance Plan,Branch,8000,33000,110,1,26,521,7.6,0,No,No
CUST-03004,2024-01-07,January,1,Sunday,Q1,51,Male,Ibadan,Trader,SME,Credit Card,Mobile App,272000,3459000,12,2,40,653,3.2,300,Yes,No
CUST-03005,2024-04-05,April,4,Friday,Q2,35,Male,Kano,Civil Servant,Retail,Savings Account,Mobile App,161000,2333000,7,1,34,718,7.1,200,Yes,No
CUST-03006,2024-07-24,July,7,Wednesday,Q3,51,Female,Ibadan,Accountant,Corporate,Current Account,USSD,2734000,21666000,116,1,7,731,8.3,5500,No,No
CUST-03007,2024-06-09,June,6,Sunday,Q2,47,Male,Kano,Accountant,Corporate,Insurance Plan,Mobile App,518000,4263000,57,1,42,779,9.5,500,No,No
CUST-03008,2024-05-25,May,5,Saturday,Q2,35,Female,Abuja,Civil Servant,Retail,Fixed Deposit,Mobile App,138000,712000,82,1,26,717,8.3,100,No,No
CUST-03009,2024-08-27,August,8,Tuesday,Q3,22,Female,Port Harcourt,Trader,Student,Credit Card,Mobile App,22000,98000,37,1,23,610,7.7,0,No,No
CUST-03010,2024-09-19,September,9,Thursday,Q3,38,Female,Kano,Lawyer,Corporate,Investment Fund,Web Portal,666000,9534000,69,1,27,755,9.3,1000,Yes,No
CUST-03011,2024-09-11,September,9,Wednesday,Q3,30,Male,Lagos,Accountant,Retail,Current Account,Web Portal,405000,4555000,11,3,21,428,6.5,600,No,No
CUST-03012,2024-12-23,December,12,Monday,Q4,30,Female,Kano,Entrepreneur,SME,Mortgage,Branch,117000,341000,100,2,44,655,4.1,400,Yes,No
CUST-03013,2024-05-17,May,5,Friday,Q2,43,Female,Abuja,Civil Servant,Retail,Mortgage,Mobile App,892000,3821000,43,4,28,756,7.3,900,No,No
CUST-03014,2024-07-03,July,7,Wednesday,Q3,22,Female,Enugu,Student,Student,Fixed Deposit,USSD,12000,155000,116,3,36,317,6.2,0,No,No
CUST-03015,2024-04-25,April,4,Thursday,Q2,34,Male,Abuja,Doctor,Corporate,Current Account,Mobile App,13516000,202033000,51,5,22,686,8.4,13500,No,No
CUST-03016,2024-03-10,March,3,Sunday,Q1,32,Male,Lagos,Farmer,Retail,Credit Card,Web Portal,117000,1563000,24,2,8,654,6.4,200,Yes,No
CUST-03017,2024-05-31,May,5,Friday,Q2,36,Male,Kano,Accountant,Corporate,Mortgage,Mobile App,796000,3979000,43,2,32,626,6.1,800,No,No
CUST-03018,2024-07-30,July,7,Tuesday,Q3,56,Female,Port Harcourt,Trader,SME,Current Account,USSD,1089000,5623000,102,5,18,615,6.0,2200,Yes,No
CUST-03019,2024-04-27,April,4,Saturday,Q2,44,Female,Lagos,Farmer,Retail,Mortgage,Branch,139000,920000,86,4,24,678,10.0,400,No,No
CUST-03020,2024-11-08,November,11,Friday,Q4,32,Male,Kano,Farmer,Retail,Fixed Deposit,Web Portal,29000,293000,1,1,40,525,6.2,0,No,No
CUST-03021,2024-06-07,June,6,Friday,Q2,30,Male,Kano,Entrepreneur,SME,Fixed Deposit,Agent Banking,119000,725000,55,2,19,753,6.4,300,No,No
CUST-03022,2024-03-06,March,3,Wednesday,Q1,22,Male,Port Harcourt,Civil Servant,Student,Mortgage,Mobile App,5000,5000,96,1,3,499,9.1,0,No,No
CUST-03023,2024-09-26,September,9,Thursday,Q3,34,Female,Ibadan,Trader,SME,Fixed Deposit,Web Portal,233000,3280000,78,1,22,545,6.5,300,No,No
CUST-03024,2024-02-27,February,2,Tuesday,Q1,43,Female,Ibadan,Civil Servant,Retail,Credit Card,Mobile App,1156000,2226000,57,1,45,567,6.8,1200,No,No
CUST-03025,2024-12-24,December,12,Tuesday,Q4,48,Male,Kano,Entrepreneur,SME,Savings Account,Web Portal,1598000,3205000,34,2,1,424,5.1,2400,No,No
CUST-03026,2024-01-23,January,1,Tuesday,Q1,30,Female,Ibadan,Student,Student,Fixed Deposit,Branch,14000,156000,54,1,33,309,6.2,0,No,No
CUST-03027,2024-08-14,August,8,Wednesday,Q3,18,Male,Lagos,Engineer,Student,Fixed Deposit,USSD,13000,34000,77,4,4,432,8.3,0,Yes,No
CUST-03028,2024-05-07,May,5,Tuesday,Q2,35,Female,Kano,Entrepreneur,SME,Savings Account,Mobile App,651000,1630000,40,3,13,492,7.4,700,Yes,No
CUST-03029,2024-11-28,November,11,Thursday,Q4,19,Male,Port Harcourt,Student,Student,Savings Account,Web Portal,68000,324000,116,3,2,489,10.0,100,Yes,No
CUST-03030,2024-02-28,February,2,Wednesday,Q1,48,Female,Lagos,Entrepreneur,SME,Mobile Loan,Web Portal,566000,4542000,101,1,20,477,9.1,800,No,No
CUST-03031,2024-08-27,August,8,Tuesday,Q3,45,Female,Abuja,Engineer,Premium,Credit Card,USSD,696000,6508000,58,1,38,535,5.2,1400,Yes,No
CUST-03032,2024-07-31,July,7,Wednesday,Q3,26,Male,Lagos,Entrepreneur,SME,Mortgage,Mobile App,549000,653000,2,1,3,648,4.3,500,Yes,No
CUST-03033,2024-08-05,August,8,Monday,Q3,39,Male,Kano,Accountant,Premium,Savings Account,Branch,1530000,13368000,87,1,29,426,6.1,4600,Yes,No
CUST-03034,2024-05-17,May,5,Friday,Q2,35,Female,Port Harcourt,Farmer,Retail,Fixed Deposit,Agent Banking,162000,679000,74,1,14,630,6.7,400,Yes,No
CUST-03035,2024-02-12,February,2,Monday,Q1,41,Male,Lagos,Student,Student,Current Account,Agent Banking,17000,168000,18,5,26,349,8.7,0,No,No
CUST-03036,2024-04-03,April,4,Wednesday,Q2,27,Male,Abuja,Student,Student,Fixed Deposit,Mobile App,6000,55000,82,1,23,517,6.5,0,No,No
CUST-03037,2024-06-13,June,6,Thursday,Q2,39,Female,Kano,Lawyer,Corporate,Savings Account,Branch,1782000,16950000,72,1,18,843,5.0,5300,Yes,No
CUST-03038,2024-09-25,September,9,Wednesday,Q3,31,Male,Kano,Entrepreneur,SME,Insurance Plan,Mobile App,406000,5823000,112,3,27,759,9.8,400,No,No
CUST-03039,2024-01-22,January,1,Monday,Q1,56,Male,Port Harcourt,Teacher,Retail,Mobile Loan,Mobile App,30000,105000,86,3,23,480,7.4,0,No,No
CUST-03040,2024-08-28,August,8,Wednesday,Q3,48,Male,Kano,Civil Servant,Retail,Insurance Plan,Branch,74000,1039000,100,1,3,425,9.3,200,Yes,No
CUST-03041,2024-06-27,June,6,Thursday,Q2,18,Female,Port Harcourt,Farmer,Student,Insurance Plan,Mobile App,28000,261000,86,3,24,442,6.5,0,No,No
CUST-03042,2024-12-18,December,12,Wednesday,Q4,18,Male,Ibadan,Student,Student,Mobile Loan,Mobile App,69000,768000,57,1,34,324,7.4,100,Yes,No
CUST-03043,2024-12-04,December,12,Wednesday,Q4,55,Male,Port Harcourt,Trader,SME,Fixed Deposit,Mobile App,360000,3974000,32,3,2,455,4.8,400,No,No
CUST-03044,2024-02-04,February,2,Sunday,Q1,38,Male,Abuja,Teacher,Retail,Mobile Loan,Mobile App,186000,298000,7,3,41,597,5.6,200,Yes,No
CUST-03045,2024-02-10,February,2,Saturday,Q1,32,Female,Ibadan,Accountant,Corporate,Credit Card,Branch,2007000,9333000,73,2,28,763,8.6,6000,No,No
CUST-03046,2024-10-23,October,10,Wednesday,Q4,31,Female,Kano,Trader,SME,Current Account,USSD,1063000,13319000,35,2,13,754,8.8,2100,No,No
CUST-03047,2024-01-07,January,1,Sunday,Q1,38,Female,Enugu,Engineer,Corporate,Insurance Plan,Branch,1218000,9076000,7,3,27,759,7.9,3700,No,No
CUST-03048,2024-05-12,May,5,Sunday,Q2,44,Female,Kano,Student,Student,Mortgage,Web Portal,15000,92000,68,2,28,430,10.0,0,No,No
CUST-03049,2024-06-20,June,6,Thursday,Q2,38,Male,Ibadan,Doctor,Premium,Credit Card,Mobile App,832000,2588000,96,2,9,690,7.7,800,No,No
CUST-03050,2024-11-01,November,11,Friday,Q4,28,Female,Abuja,Trader,SME,Investment Fund,Mobile App,2080000,9673000,72,4,24,735,5.5,2100,Yes,No
CUST-03051,2024-11-14,November,11,Thursday,Q4,45,Male,Abuja,Accountant,Corporate,Current Account,Web Portal,11387000,63578000,112,5,9,652,3.3,17100,Yes,No
CUST-03052,2024-11-12,November,11,Tuesday,Q4,32,Male,Abuja,Engineer,Premium,Credit Card,Branch,646000,2515000,16,3,44,756,10.0,1900,Yes,No
CUST-03053,2024-02-15,February,2,Thursday,Q1,28,Female,Kano,Farmer,Retail,Insurance Plan,Mobile App,682000,2474000,86,3,14,737,9.4,700,No,No
CUST-03054,2024-09-23,September,9,Monday,Q3,34,Male,Kano,Civil Servant,Retail,Credit Card,Branch,27000,336000,95,1,37,595,7.8,100,No,No
CUST-03055,2024-09-22,September,9,Sunday,Q3,39,Female,Abuja,Doctor,Corporate,Savings Account,USSD,985000,12297000,75,2,45,849,6.9,2000,No,No
CUST-03056,2024-05-30,May,5,Thursday,Q2,39,Female,Abuja,Engineer,Corporate,Fixed Deposit,Branch,3472000,10168000,41,2,18,850,10.0,10400,Yes,No
CUST-03057,2024-10-29,October,10,Tuesday,Q4,34,Male,Port Harcourt,Teacher,Retail,Investment Fund,Mobile App,39000,520000,83,3,13,432,6.6,0,No,No
CUST-03058,2024-01-31,January,1,Wednesday,Q1,27,Female,Port Harcourt,Teacher,Retail,Investment Fund,Mobile App,120000,1043000,77,1,45,528,8.8,100,Yes,No
CUST-03059,2024-05-30,May,5,Thursday,Q2,28,Female,Abuja,Lawyer,Retail,Investment Fund,Mobile App,114000,1142000,17,1,4,498,9.2,100,No,No
CUST-03060,2024-03-12,March,3,Tuesday,Q1,33,Female,Kano,Entrepreneur,SME,Current Account,Branch,237000,2209000,104,4,18,508,8.0,700,No,No
CUST-03061,2024-04-07,April,4,Sunday,Q2,44,Male,Kano,Civil Servant,Retail,Fixed Deposit,Web Portal,17000,221000,103,2,38,695,9.8,0,No,No
CUST-03062,2024-09-23,September,9,Monday,Q3,22,Female,Port Harcourt,Teacher,Student,Insurance Plan,Mobile App,21000,83000,88,2,29,441,8.6,0,No,No
CUST-03063,2024-02-26,February,2,Monday,Q1,54,Female,Lagos,Farmer,Retail,Mobile Loan,USSD,140000,1055000,97,2,12,631,6.9,300,No,No
CUST-03064,2024-10-05,October,10,Saturday,Q4,39,Male,Enugu,Student,Student,Credit Card,Web Portal,34000,197000,66,1,8,556,9.0,100,No,No
CUST-03065,2024-06-26,June,6,Wednesday,Q2,28,Female,Kano,Student,Student,Fixed Deposit,Mobile App,24000,246000,59,4,37,412,4.1,0,No,No
CUST-03066,2024-05-29,May,5,Wednesday,Q2,23,Male,Kano,Trader,Student,Fixed Deposit,Mobile App,6000,7000,28,4,33,522,7.7,0,No,No
CUST-03067,2024-02-22,February,2,Thursday,Q1,39,Female,Kano,Lawyer,Corporate,Savings Account,Web Portal,1307000,11833000,74,2,25,714,6.8,2000,No,No
CUST-03068,2024-01-25,January,1,Thursday,Q1,48,Female,Kano,Trader,SME,Fixed Deposit,USSD,306000,2464000,52,1,20,746,7.9,600,Yes,No
CUST-03069,2024-01-28,January,1,Sunday,Q1,41,Male,Abuja,Farmer,Retail,Mobile Loan,Branch,359000,2775000,106,2,24,560,4.5,1100,No,No
CUST-03070,2024-08-01,August,8,Thursday,Q3,29,Female,Ibadan,Accountant,Retail,Investment Fund,Web Portal,42000,475000,40,3,26,792,10.0,100,No,No
CUST-03071,2024-04-23,April,4,Tuesday,Q2,48,Female,Enugu,Teacher,Retail,Investment Fund,Mobile App,208000,798000,29,2,25,628,4.5,200,No,No
CUST-03072,2024-06-19,June,6,Wednesday,Q2,34,Female,Kano,Entrepreneur,SME,Mortgage,USSD,1579000,8043000,22,4,45,464,6.5,3200,No,No
CUST-03073,2024-04-14,April,4,Sunday,Q2,37,Male,Abuja,Civil Servant,Retail,Investment Fund,USSD,139000,1842000,73,5,3,749,4.2,300,No,No
CUST-03074,2024-08-28,August,8,Wednesday,Q3,61,Male,Ibadan,Lawyer,Premium,Insurance Plan,Web Portal,438000,396000,92,1,4,676,8.7,700,Yes,No
CUST-03075,2024-10-27,October,10,Sunday,Q4,33,Male,Abuja,Teacher,Retail,Mortgage,Mobile App,75000,71000,37,2,15,510,7.7,100,No,No
CUST-03076,2024-12-17,December,12,Tuesday,Q4,27,Female,Ibadan,Accountant,Retail,Current Account,USSD,357000,3546000,34,2,41,593,6.0,700,No,No
CUST-03077,2024-07-08,July,7,Monday,Q3,55,Female,Ibadan,Farmer,Retail,Insurance Plan,Branch,26000,52000,21,3,22,642,7.3,100,Yes,No
CUST-03078,2024-09-03,September,9,Tuesday,Q3,56,Male,Kano,Lawyer,Corporate,Mortgage,Branch,1139000,6237000,3,3,31,774,9.4,3400,No,No
CUST-03079,2024-12-17,December,12,Tuesday,Q4,29,Male,Abuja,Teacher,Retail,Current Account,Agent Banking,583000,8335000,106,2,6,556,4.0,1500,No,No
CUST-03080,2024-05-08,May,5,Wednesday,Q2,30,Male,Kano,Accountant,Retail,Fixed Deposit,Agent Banking,189000,1954000,15,2,11,520,9.7,500,No,No
CUST-03081,2024-03-13,March,3,Wednesday,Q1,31,Male,Kano,Trader,SME,Investment Fund,Branch,832000,7075000,76,1,20,483,7.8,2500,Yes,No
CUST-03082,2024-12-04,December,12,Wednesday,Q4,46,Male,Abuja,Teacher,Retail,Current Account,Agent Banking,81000,500000,56,3,11,438,10.0,200,No,No
CUST-03083,2024-08-13,August,8,Tuesday,Q3,25,Female,Abuja,Engineer,Retail,Mortgage,Branch,70000,879000,12,2,38,545,10.0,200,No,No
CUST-03084,2024-09-14,September,9,Saturday,Q3,49,Male,Enugu,Teacher,Retail,Credit Card,Mobile App,92000,545000,56,3,17,516,6.2,100,No,No
CUST-03085,2024-03-17,March,3,Sunday,Q1,57,Female,Lagos,Doctor,Corporate,Insurance Plan,Mobile App,2714000,12778000,114,2,5,761,9.0,2700,No,No
CUST-03086,2024-08-17,August,8,Saturday,Q3,34,Female,Ibadan,Lawyer,Corporate,Mortgage,Web Portal,2926000,25390000,114,2,19,675,5.3,4400,No,No
CUST-03087,2024-08-14,August,8,Wednesday,Q3,42,Male,Ibadan,Lawyer,Premium,Fixed Deposit,Mobile App,185000,546000,98,3,10,488,7.2,200,No,No
CUST-03088,2024-06-12,June,6,Wednesday,Q2,44,Male,Ibadan,Teacher,Retail,Mobile Loan,Web Portal,220000,2870000,94,2,24,443,6.1,300,No,No
CUST-03089,2024-08-07,August,8,Wednesday,Q3,20,Male,Ibadan,Engineer,Student,Fixed Deposit,Agent Banking,8000,37000,51,2,31,551,6.3,0,No,No
CUST-03090,2024-04-20,April,4,Saturday,Q2,39,Male,Kano,Student,Student,Credit Card,Branch,10000,97000,22,3,5,539,5.9,0,Yes,No
CUST-03091,2024-01-27,January,1,Saturday,Q1,24,Male,Port Harcourt,Civil Servant,Student,Mobile Loan,USSD,31000,136000,63,2,35,438,6.1,100,No,No
CUST-03092,2024-11-23,November,11,Saturday,Q4,34,Male,Abuja,Trader,SME,Fixed Deposit,USSD,1524000,7913000,13,2,30,526,9.5,3000,No,No
CUST-03093,2024-04-20,April,4,Saturday,Q2,45,Male,Kano,Accountant,Corporate,Savings Account,Branch,3654000,8778000,117,1,23,780,5.7,11000,No,No
CUST-03094,2024-09-30,September,9,Monday,Q3,26,Male,Port Harcourt,Doctor,Retail,Investment Fund,Mobile App,120000,915000,113,2,25,529,8.0,100,No,No
CUST-03095,2024-07-13,July,7,Saturday,Q3,49,Female,Ibadan,Doctor,Corporate,Mortgage,Agent Banking,597000,2378000,79,1,43,671,7.0,1500,No,No
CUST-03096,2024-04-12,April,4,Friday,Q2,42,Female,Enugu,Farmer,Retail,Mortgage,Web Portal,170000,1784000,32,3,45,436,4.3,300,Yes,No
CUST-03097,2024-11-09,November,11,Saturday,Q4,35,Male,Ibadan,Lawyer,Premium,Savings Account,Mobile App,2105000,29466000,38,3,44,703,7.2,2100,No,No
CUST-03098,2024-02-14,February,2,Wednesday,Q1,31,Male,Kano,Teacher,Retail,Fixed Deposit,Branch,50000,214000,91,2,14,752,5.7,200,No,No
CUST-03099,2024-10-02,October,10,Wednesday,Q4,21,Female,Port Harcourt,Farmer,Student,Mobile Loan,Web Portal,8000,84000,81,1,19,327,6.1,0,Yes,No
CUST-03100,2024-03-14,March,3,Thursday,Q1,58,Male,Ibadan,Accountant,Premium,Credit Card,Branch,782000,1081000,23,3,17,625,5.4,2300,No,No
CUST-03101,2024-12-28,December,12,Saturday,Q4,44,Male,Ibadan,Civil Servant,Retail,Insurance Plan,Web Portal,29000,189000,42,3,1,682,10.0,0,Yes,No
CUST-03102,2024-08-21,August,8,Wednesday,Q3,36,Male,Enugu,Accountant,Corporate,Insurance Plan,Agent Banking,2043000,13378000,3,3,31,837,3.9,5100,Yes,No
CUST-03103,2024-03-25,March,3,Monday,Q1,49,Female,Kano,Doctor,Premium,Insurance Plan,Branch,869000,9775000,46,5,15,453,8.8,2600,No,No
CUST-03104,2024-10-03,October,10,Thursday,Q4,38,Male,Abuja,Farmer,Retail,Fixed Deposit,Agent Banking,49000,420000,97,1,31,758,6.5,100,No,No
CUST-03105,2024-07-28,July,7,Sunday,Q3,32,Male,Kano,Accountant,Premium,Investment Fund,Web Portal,410000,2769000,86,1,17,461,5.8,600,No,No
CUST-03106,2024-08-30,August,8,Friday,Q3,26,Male,Abuja,Entrepreneur,SME,Credit Card,USSD,234000,858000,49,2,24,621,9.2,500,No,No
CUST-03107,2024-04-25,April,4,Thursday,Q2,27,Male,Enugu,Student,Student,Savings Account,Mobile App,5000,33000,72,1,13,319,6.4,0,Yes,No
CUST-03108,2024-12-05,December,12,Thursday,Q4,38,Female,Ibadan,Lawyer,Corporate,Investment Fund,Web Portal,1190000,13686000,112,3,36,632,3.3,1800,Yes,No
CUST-03109,2024-11-19,November,11,Tuesday,Q4,51,Male,Ibadan,Civil Servant,Retail,Current Account,Agent Banking,518000,1311000,66,3,43,561,8.4,1300,No,No
CUST-03110,2024-02-23,February,2,Friday,Q1,27,Female,Port Harcourt,Doctor,Retail,Current Account,Web Portal,103000,963000,117,1,13,529,9.1,200,No,No
CUST-03111,2024-03-30,March,3,Saturday,Q1,36,Female,Abuja,Student,Student,Investment Fund,USSD,48000,43000,60,3,3,301,9.8,100,No,No
CUST-03112,2024-07-19,July,7,Friday,Q3,48,Male,Abuja,Farmer,Retail,Savings Account,Web Portal,176000,1745000,81,1,3,614,8.5,300,No,No
CUST-03113,2024-02-17,February,2,Saturday,Q1,21,Female,Abuja,Accountant,Student,Credit Card,USSD,33000,139000,83,4,13,361,7.2,100,No,No
CUST-03114,2024-05-08,May,5,Wednesday,Q2,28,Male,Abuja,Trader,SME,Savings Account,Agent Banking,123000,906000,61,1,34,797,7.4,300,No,No
CUST-03115,2024-01-29,January,1,Monday,Q1,27,Female,Kano,Lawyer,Retail,Fixed Deposit,Mobile App,47000,400000,11,3,32,651,7.3,0,No,No
CUST-03116,2024-04-14,April,4,Sunday,Q2,39,Female,Port Harcourt,Doctor,Premium,Mortgage,USSD,837000,4507000,62,3,5,520,6.5,1700,No,No
CUST-03117,2024-11-12,November,11,Tuesday,Q4,31,Male,Kano,Trader,SME,Credit Card,Web Portal,206000,2785000,28,2,11,782,7.4,300,No,No
CUST-03118,2024-12-18,December,12,Wednesday,Q4,29,Male,Ibadan,Accountant,Retail,Mortgage,Mobile App,48000,483000,87,3,3,732,6.8,0,No,No
CUST-03119,2024-04-13,April,4,Saturday,Q2,25,Male,Lagos,Trader,SME,Fixed Deposit,Web Portal,304000,4436000,78,2,10,709,6.5,500,No,No
CUST-03120,2024-01-09,January,1,Tuesday,Q1,49,Male,Abuja,Doctor,Corporate,Credit Card,Web Portal,13663000,16062000,112,1,12,701,8.2,20500,Yes,No
CUST-03121,2024-03-14,March,3,Thursday,Q1,53,Female,Lagos,Engineer,Premium,Mortgage,Agent Banking,354000,1286000,66,2,21,424,5.1,900,No,No
CUST-03122,2024-11-04,November,11,Monday,Q4,57,Female,Port Harcourt,Trader,SME,Current Account,Branch,418000,3376000,54,2,40,743,6.4,1300,No,No
CUST-03123,2024-02-18,February,2,Sunday,Q1,36,Female,Enugu,Doctor,Corporate,Fixed Deposit,Mobile App,738000,4911000,112,1,13,775,8.2,700,No,No
CUST-03124,2024-11-21,November,11,Thursday,Q4,45,Male,Abuja,Civil Servant,Retail,Fixed Deposit,Web Portal,73000,935000,52,1,44,672,5.1,100,No,No
CUST-03125,2024-09-04,September,9,Wednesday,Q3,45,Female,Enugu,Teacher,Retail,Insurance Plan,Branch,129000,1091000,16,4,38,490,3.9,400,Yes,No
CUST-03126,2024-07-15,July,7,Monday,Q3,45,Male,Port Harcourt,Doctor,Premium,Mobile Loan,Branch,1883000,13260000,103,2,39,495,5.8,5600,No,No
CUST-03127,2024-02-02,February,2,Friday,Q1,56,Female,Port Harcourt,Engineer,Premium,Investment Fund,Agent Banking,4273000,28355000,65,1,12,649,6.3,10700,No,No
CUST-03128,2024-06-08,June,6,Saturday,Q2,36,Female,Abuja,Farmer,Retail,Savings Account,Branch,58000,218000,61,4,4,796,5.9,200,No,No
CUST-03129,2024-09-17,September,9,Tuesday,Q3,39,Male,Abuja,Trader,SME,Current Account,Mobile App,349000,2440000,116,3,25,649,7.2,300,Yes,No
CUST-03130,2024-10-31,October,10,Thursday,Q4,32,Female,Kano,Civil Servant,Retail,Credit Card,Web Portal,36000,506000,53,5,27,522,10.0,100,No,No
CUST-03131,2024-09-08,September,9,Sunday,Q3,46,Male,Abuja,Accountant,Premium,Mortgage,Web Portal,189000,1081000,56,4,40,495,6.6,300,No,No
CUST-03132,2024-08-24,August,8,Saturday,Q3,60,Male,Abuja,Civil Servant,Retail,Mobile Loan,USSD,227000,3012000,103,1,22,548,7.6,500,No,No
CUST-03133,2024-05-29,May,5,Wednesday,Q2,18,Female,Enugu,Trader,Student,Current Account,Mobile App,12000,14000,110,2,37,469,8.2,0,Yes,No
CUST-03134,2024-06-17,June,6,Monday,Q2,47,Female,Abuja,Trader,SME,Current Account,Branch,137000,550000,84,1,30,679,8.6,400,No,No
CUST-03135,2024-02-09,February,2,Friday,Q1,35,Female,Kano,Teacher,Retail,Savings Account,Branch,162000,942000,118,1,9,542,8.0,500,No,No
CUST-03136,2024-05-16,May,5,Thursday,Q2,22,Female,Ibadan,Engineer,Student,Insurance Plan,Branch,29000,62000,13,1,29,453,7.8,100,Yes,No
CUST-03137,2024-09-26,September,9,Thursday,Q3,46,Female,Port Harcourt,Doctor,Corporate,Mobile Loan,USSD,1482000,17898000,45,1,9,692,6.6,3000,No,No
CUST-03138,2024-04-22,April,4,Monday,Q2,46,Female,Ibadan,Accountant,Premium,Investment Fund,USSD,258000,771000,67,3,34,724,4.7,500,No,No
CUST-03139,2024-02-22,February,2,Thursday,Q1,39,Male,Abuja,Student,Student,Investment Fund,Web Portal,9000,39000,106,3,23,472,10.0,0,No,No
CUST-03140,2024-12-18,December,12,Wednesday,Q4,27,Female,Port Harcourt,Student,Student,Current Account,Mobile App,9000,84000,113,4,40,445,8.3,0,No,No
CUST-03141,2024-02-25,February,2,Sunday,Q1,57,Female,Lagos,Lawyer,Premium,Investment Fund,Mobile App,563000,7157000,32,3,18,703,6.0,600,No,No
CUST-03142,2024-01-03,January,1,Wednesday,Q1,47,Female,Port Harcourt,Lawyer,Premium,Mortgage,Web Portal,377000,1316000,104,1,11,698,5.9,600,No,No
CUST-03143,2024-04-30,April,4,Tuesday,Q2,30,Male,Enugu,Entrepreneur,SME,Insurance Plan,Web Portal,2146000,27899000,87,1,8,498,6.0,3200,No,No
CUST-03144,2024-10-04,October,10,Friday,Q4,18,Female,Kano,Engineer,Student,Credit Card,Mobile App,20000,90000,26,4,12,529,7.0,0,No,No
CUST-03145,2024-03-13,March,3,Wednesday,Q1,37,Female,Abuja,Accountant,Premium,Mobile Loan,Web Portal,806000,7770000,53,1,38,791,4.3,1200,Yes,No
CUST-03146,2024-02-07,February,2,Wednesday,Q1,47,Male,Lagos,Doctor,Premium,Mobile Loan,Web Portal,190000,1337000,119,2,8,793,10.0,300,No,No
CUST-03147,2024-10-19,October,10,Saturday,Q4,25,Female,Port Harcourt,Lawyer,Retail,Insurance Plan,Mobile App,493000,2445000,9,1,27,684,8.3,500,No,No
CUST-03148,2024-05-20,May,5,Monday,Q2,44,Female,Port Harcourt,Doctor,Premium,Insurance Plan,Mobile App,172000,1420000,86,4,42,791,4.8,200,No,No
CUST-03149,2024-01-11,January,1,Thursday,Q1,32,Male,Lagos,Student,Student,Mortgage,Mobile App,7000,66000,83,3,38,309,5.2,0,No,No
CUST-03150,2024-09-04,September,9,Wednesday,Q3,41,Female,Abuja,Entrepreneur,SME,Insurance Plan,Branch,1297000,1946000,74,2,6,724,10.0,3900,No,No
CUST-03151,2024-11-01,November,11,Friday,Q4,18,Male,Ibadan,Trader,Student,Fixed Deposit,Mobile App,11000,147000,117,2,13,584,7.5,0,No,No
CUST-03152,2024-06-07,June,6,Friday,Q2,43,Female,Abuja,Lawyer,Corporate,Current Account,Web Portal,760000,3069000,111,3,28,752,5.2,1100,No,No
CUST-03153,2024-07-26,July,7,Friday,Q3,36,Male,Abuja,Farmer,Retail,Current Account,USSD,254000,1087000,78,2,32,699,7.5,500,No,No
CUST-03154,2024-09-02,September,9,Monday,Q3,28,Female,Kano,Engineer,Retail,Current Account,USSD,96000,660000,101,1,3,545,5.6,200,Yes,No
CUST-03155,2024-01-13,January,1,Saturday,Q1,35,Female,Kano,Entrepreneur,SME,Savings Account,Agent Banking,133000,1220000,38,2,16,424,4.8,300,No,No
CUST-03156,2024-07-08,July,7,Monday,Q3,32,Male,Abuja,Trader,SME,Credit Card,Mobile App,157000,419000,57,4,7,743,8.0,200,No,No
CUST-03157,2024-08-27,August,8,Tuesday,Q3,35,Female,Lagos,Lawyer,Corporate,Savings Account,USSD,2387000,7135000,89,5,18,766,5.7,4800,No,No
CUST-03158,2024-12-22,December,12,Sunday,Q4,25,Male,Enugu,Teacher,Retail,Mobile Loan,Mobile App,111000,1135000,109,1,34,711,5.0,100,No,No
CUST-03159,2024-11-17,November,11,Sunday,Q4,47,Female,Port Harcourt,Doctor,Corporate,Fixed Deposit,Mobile App,6814000,52509000,94,4,33,787,5.8,6800,No,No
CUST-03160,2024-03-10,March,3,Sunday,Q1,26,Male,Lagos,Trader,SME,Current Account,Mobile App,1083000,6720000,86,2,4,790,7.9,1100,No,No
CUST-03161,2024-10-26,October,10,Saturday,Q4,48,Female,Ibadan,Lawyer,Corporate,Investment Fund,Branch,2640000,19900000,55,3,36,697,6.8,7900,No,No
CUST-03162,2024-06-12,June,6,Wednesday,Q2,41,Female,Port Harcourt,Trader,SME,Investment Fund,Mobile App,451000,6215000,83,1,19,518,6.0,500,No,No
CUST-03163,2024-12-25,December,12,Wednesday,Q4,41,Female,Enugu,Student,Student,Insurance Plan,USSD,10000,34000,35,2,11,364,9.6,0,No,No
CUST-03164,2024-02-20,February,2,Tuesday,Q1,40,Female,Abuja,Engineer,Premium,Savings Account,Web Portal,2283000,30348000,71,3,10,627,7.0,3400,No,No
CUST-03165,2024-08-29,August,8,Thursday,Q3,45,Female,Ibadan,Trader,SME,Fixed Deposit,Agent Banking,141000,208000,39,2,11,757,10.0,400,No,No
CUST-03166,2024-02-08,February,2,Thursday,Q1,27,Male,Ibadan,Lawyer,Retail,Mortgage,USSD,79000,978000,22,1,1,496,9.3,200,No,No
CUST-03167,2024-04-22,April,4,Monday,Q2,51,Female,Port Harcourt,Trader,SME,Fixed Deposit,Mobile App,127000,184000,76,3,1,456,9.1,100,No,No
CUST-03168,2024-03-11,March,3,Monday,Q1,29,Female,Abuja,Doctor,Retail,Mortgage,Mobile App,236000,565000,85,1,33,520,8.0,200,No,No
CUST-03169,2024-10-06,October,10,Sunday,Q4,37,Female,Enugu,Entrepreneur,SME,Savings Account,Branch,279000,910000,97,5,35,678,6.0,800,No,No
CUST-03170,2024-11-07,November,11,Thursday,Q4,49,Male,Kano,Teacher,Retail,Insurance Plan,Web Portal,69000,944000,4,3,36,488,5.6,100,No,No
CUST-03171,2024-01-25,January,1,Thursday,Q1,21,Male,Abuja,Lawyer,Student,Mortgage,Agent Banking,17000,19000,37,5,40,387,5.9,0,No,No
CUST-03172,2024-02-06,February,2,Tuesday,Q1,23,Male,Port Harcourt,Engineer,Student,Current Account,Branch,22000,123000,107,1,42,371,10.0,100,No,No
CUST-03173,2024-04-15,April,4,Monday,Q2,46,Female,Lagos,Civil Servant,Retail,Investment Fund,USSD,222000,640000,97,2,28,750,8.2,400,No,No
CUST-03174,2024-02-14,February,2,Wednesday,Q1,45,Male,Enugu,Student,Student,Mobile Loan,USSD,9000,113000,11,2,14,522,3.6,0,No,No
CUST-03175,2024-06-06,June,6,Thursday,Q2,47,Female,Enugu,Entrepreneur,SME,Insurance Plan,Agent Banking,107000,1144000,92,2,29,486,5.4,300,No,No
CUST-03176,2024-02-19,February,2,Monday,Q1,28,Female,Abuja,Civil Servant,Retail,Investment Fund,Web Portal,61000,791000,100,3,33,432,6.4,100,No,No
CUST-03177,2024-12-21,December,12,Saturday,Q4,58,Female,Lagos,Accountant,Premium,Insurance Plan,Agent Banking,1249000,9834000,18,2,15,557,8.9,3100,No,No
CUST-03178,2024-07-25,July,7,Thursday,Q3,44,Male,Port Harcourt,Accountant,Premium,Mortgage,Branch,159000,623000,40,4,29,668,9.5,500,No,No
CUST-03179,2024-12-10,December,12,Tuesday,Q4,59,Male,Ibadan,Lawyer,Premium,Mortgage,USSD,1737000,16571000,97,4,31,607,5.6,3500,No,No
CUST-03180,2024-04-02,April,4,Tuesday,Q2,37,Female,Lagos,Farmer,Retail,Insurance Plan,Mobile App,73000,986000,20,4,30,752,9.2,100,Yes,No
CUST-03181,2024-12-08,December,12,Sunday,Q4,32,Male,Port Harcourt,Student,Student,Current Account,Mobile App,21000,54000,120,5,31,568,5.8,0,No,No
CUST-03182,2024-12-29,December,12,Sunday,Q4,25,Female,Enugu,Lawyer,Retail,Savings Account,Mobile App,449000,1403000,52,3,33,721,4.5,400,Yes,No
CUST-03183,2024-01-23,January,1,Tuesday,Q1,18,Male,Kano,Accountant,Student,Investment Fund,Mobile App,26000,277000,25,3,41,371,5.6,0,No,No
CUST-03184,2024-07-23,July,7,Tuesday,Q3,47,Female,Ibadan,Trader,SME,Insurance Plan,Agent Banking,272000,3590000,117,3,14,487,6.3,700,No,No
CUST-03185,2024-02-27,February,2,Tuesday,Q1,38,Male,Enugu,Teacher,Retail,Mobile Loan,Agent Banking,32000,270000,37,5,17,575,9.6,100,No,No
CUST-03186,2024-07-17,July,7,Wednesday,Q3,64,Male,Kano,Civil Servant,Retail,Mobile Loan,USSD,165000,1551000,25,4,38,538,4.8,300,No,No
CUST-03187,2024-10-20,October,10,Sunday,Q4,37,Female,Port Harcourt,Doctor,Premium,Current Account,Branch,398000,2120000,31,1,15,456,6.7,1200,Yes,No
CUST-03188,2024-07-20,July,7,Saturday,Q3,53,Female,Lagos,Engineer,Premium,Savings Account,Agent Banking,650000,1548000,10,2,7,700,4.3,1600,No,No
CUST-03189,2024-02-04,February,2,Sunday,Q1,31,Male,Kano,Engineer,Corporate,Mortgage,Branch,1151000,14116000,104,5,23,742,4.9,3500,Yes,No
CUST-03190,2024-08-28,August,8,Wednesday,Q3,20,Male,Enugu,Doctor,Student,Credit Card,Mobile App,47000,183000,54,1,15,438,7.5,0,No,No
CUST-03191,2024-02-26,February,2,Monday,Q1,23,Female,Ibadan,Doctor,Student,Mobile Loan,Web Portal,16000,137000,44,2,10,527,7.1,0,Yes,No
CUST-03192,2024-12-25,December,12,Wednesday,Q4,55,Female,Enugu,Student,Student,Credit Card,Branch,10000,64000,73,5,34,607,8.8,0,No,No
CUST-03193,2024-12-07,December,12,Saturday,Q4,35,Male,Port Harcourt,Student,Student,Credit Card,Mobile App,2000,9000,104,3,35,324,5.6,0,No,No
CUST-03194,2024-03-14,March,3,Thursday,Q1,38,Male,Port Harcourt,Entrepreneur,SME,Investment Fund,Mobile App,744000,9566000,117,5,26,518,6.8,700,No,No
CUST-03195,2024-01-05,January,1,Friday,Q1,18,Male,Enugu,Doctor,Student,Investment Fund,USSD,14000,188000,52,5,19,476,6.8,0,No,No
CUST-03196,2024-09-08,September,9,Sunday,Q3,38,Female,Ibadan,Civil Servant,Retail,Mortgage,Mobile App,176000,688000,2,3,33,730,5.1,200,No,No
CUST-03197,2024-05-07,May,5,Tuesday,Q2,38,Female,Abuja,Farmer,Retail,Mobile Loan,Web Portal,111000,741000,84,1,44,516,10.0,200,No,No
CUST-03198,2024-06-17,June,6,Monday,Q2,41,Male,Abuja,Doctor,Premium,Insurance Plan,Web Portal,445000,1669000,66,1,14,614,5.7,700,No,No
CUST-03199,2024-10-25,October,10,Friday,Q4,72,Male,Enugu,Farmer,Retail,Fixed Deposit,USSD,26000,286000,71,3,27,542,9.0,100,No,No
CUST-03200,2024-06-05,June,6,Wednesday,Q2,18,Male,Port Harcourt,Entrepreneur,Student,Fixed Deposit,Mobile App,56000,69000,78,1,32,535,5.2,100,Yes,No
CUST-03201,2024-08-21,August,8,Wednesday,Q3,50,Male,Port Harcourt,Entrepreneur,SME,Savings Account,Mobile App,1290000,15152000,3,2,11,679,5.3,1300,Yes,No
CUST-03202,2024-12-03,December,12,Tuesday,Q4,34,Female,Port Harcourt,Doctor,Premium,Mobile Loan,USSD,276000,534000,8,1,19,685,7.3,600,Yes,No
CUST-03203,2024-06-13,June,6,Thursday,Q2,28,Female,Abuja,Lawyer,Retail,Investment Fund,Mobile App,167000,1919000,108,2,24,737,6.4,200,No,No
CUST-03204,2024-06-22,June,6,Saturday,Q2,38,Female,Ibadan,Entrepreneur,SME,Fixed Deposit,Branch,413000,5500000,62,2,7,719,4.4,1200,Yes,No
CUST-03205,2024-05-14,May,5,Tuesday,Q2,64,Female,Kano,Civil Servant,Retail,Credit Card,USSD,483000,1125000,7,1,35,456,10.0,1000,No,No
CUST-03206,2024-01-06,January,1,Saturday,Q1,36,Male,Enugu,Trader,SME,Credit Card,Web Portal,318000,4718000,94,3,20,559,4.6,500,Yes,No
CUST-03207,2024-04-10,April,4,Wednesday,Q2,24,Male,Port Harcourt,Lawyer,Student,Fixed Deposit,Branch,15000,56000,41,3,32,473,7.7,0,No,No
CUST-03208,2024-08-06,August,8,Tuesday,Q3,36,Male,Ibadan,Accountant,Corporate,Mortgage,Branch,940000,12051000,110,2,27,655,5.5,2800,No,No
CUST-03209,2024-10-03,October,10,Thursday,Q4,47,Female,Ibadan,Lawyer,Premium,Insurance Plan,Mobile App,344000,2326000,48,1,39,615,7.9,300,Yes,No
CUST-03210,2024-01-29,January,1,Monday,Q1,72,Female,Kano,Trader,SME,Current Account,Branch,125000,312000,76,4,4,489,7.6,400,No,No
CUST-03211,2024-03-03,March,3,Sunday,Q1,28,Female,Ibadan,Teacher,Retail,Mortgage,Agent Banking,123000,1406000,12,5,28,495,5.9,300,No,No
CUST-03212,2024-07-09,July,7,Tuesday,Q3,31,Male,Abuja,Trader,SME,Mobile Loan,Web Portal,656000,9211000,35,2,43,742,6.4,1000,No,No
CUST-03213,2024-06-29,June,6,Saturday,Q2,46,Female,Abuja,Entrepreneur,SME,Investment Fund,Web Portal,997000,1883000,88,2,29,774,8.2,1500,No,No
CUST-03214,2024-01-28,January,1,Sunday,Q1,35,Female,Kano,Student,Student,Mortgage,USSD,14000,167000,119,2,39,475,6.9,0,No,No
CUST-03215,2024-12-29,December,12,Sunday,Q4,18,Male,Enugu,Doctor,Student,Fixed Deposit,Web Portal,8000,59000,81,2,26,388,4.8,0,Yes,No
CUST-03216,2024-08-27,August,8,Tuesday,Q3,54,Female,Kano,Farmer,Retail,Investment Fund,Branch,21000,193000,20,4,21,671,6.2,100,Yes,No
CUST-03217,2024-06-01,June,6,Saturday,Q2,49,Female,Kano,Farmer,Retail,Savings Account,Branch,265000,2751000,120,1,23,445,7.6,800,Yes,No
CUST-03218,2024-03-19,March,3,Tuesday,Q1,47,Female,Lagos,Teacher,Retail,Mortgage,Mobile App,258000,1478000,68,2,7,471,7.1,300,No,No
CUST-03219,2024-05-20,May,5,Monday,Q2,62,Female,Lagos,Entrepreneur,SME,Savings Account,Mobile App,715000,6951000,36,3,44,502,7.8,700,No,No
CUST-03220,2024-10-16,October,10,Wednesday,Q4,39,Male,Ibadan,Accountant,Premium,Credit Card,Mobile App,818000,4010000,71,4,2,778,2.4,800,No,No
CUST-03221,2024-01-17,January,1,Wednesday,Q1,28,Female,Lagos,Teacher,Retail,Savings Account,USSD,144000,151000,95,1,45,763,9.1,300,No,No
CUST-03222,2024-06-26,June,6,Wednesday,Q2,45,Male,Abuja,Entrepreneur,SME,Investment Fund,Mobile App,1566000,18392000,21,5,8,525,9.8,1600,No,No
CUST-03223,2024-03-22,March,3,Friday,Q1,39,Female,Port Harcourt,Farmer,Retail,Credit Card,USSD,100000,791000,71,4,44,522,6.6,200,No,No
CUST-03224,2024-07-24,July,7,Wednesday,Q3,42,Male,Ibadan,Farmer,Retail,Current Account,Branch,128000,1566000,54,1,39,788,2.9,400,Yes,No
CUST-03225,2024-05-27,May,5,Monday,Q2,28,Male,Port Harcourt,Civil Servant,Retail,Savings Account,Mobile App,169000,1348000,12,3,3,562,8.5,200,No,No
CUST-03226,2024-09-09,September,9,Monday,Q3,39,Female,Abuja,Trader,SME,Savings Account,Agent Banking,474000,4535000,2,1,6,457,6.8,1200,No,No
CUST-03227,2024-02-01,February,2,Thursday,Q1,41,Male,Lagos,Farmer,Retail,Mobile Loan,Web Portal,20000,50000,16,1,23,632,10.0,0,Yes,No
CUST-03228,2024-06-15,June,6,Saturday,Q2,26,Female,Abuja,Engineer,Retail,Insurance Plan,Mobile App,88000,234000,106,1,39,759,6.6,100,No,No
CUST-03229,2024-10-01,October,10,Tuesday,Q4,28,Male,Kano,Entrepreneur,SME,Investment Fund,Mobile App,591000,5471000,14,1,20,482,6.2,600,No,No
CUST-03230,2024-07-26,July,7,Friday,Q3,52,Female,Ibadan,Trader,SME,Credit Card,Web Portal,1029000,10944000,91,2,3,454,7.5,1500,No,No
CUST-03231,2024-12-15,December,12,Sunday,Q4,32,Female,Abuja,Accountant,Premium,Mobile Loan,Branch,848000,3821000,28,1,42,770,9.7,2500,No,No
CUST-03232,2024-10-20,October,10,Sunday,Q4,34,Male,Enugu,Entrepreneur,SME,Current Account,Branch,240000,3057000,52,1,33,758,7.0,700,No,No
CUST-03233,2024-12-01,December,12,Sunday,Q4,18,Female,Ibadan,Accountant,Student,Savings Account,USSD,15000,35000,119,1,28,325,9.3,0,No,No
CUST-03234,2024-11-11,November,11,Monday,Q4,32,Male,Abuja,Engineer,Corporate,Current Account,Branch,2039000,9329000,42,2,34,815,5.9,6100,No,No
CUST-03235,2024-03-04,March,3,Monday,Q1,34,Male,Lagos,Lawyer,Corporate,Mobile Loan,Web Portal,1115000,3944000,94,1,7,645,6.1,1700,No,No
CUST-03236,2024-01-28,January,1,Sunday,Q1,23,Female,Kano,Accountant,Student,Mortgage,USSD,18000,22000,79,1,35,316,6.4,0,No,No
CUST-03237,2024-10-03,October,10,Thursday,Q4,46,Male,Enugu,Student,Student,Credit Card,USSD,10000,109000,79,2,44,538,6.7,0,No,No
CUST-03238,2024-08-24,August,8,Saturday,Q3,35,Male,Kano,Trader,SME,Investment Fund,Mobile App,108000,763000,106,2,1,460,5.2,100,No,No
CUST-03239,2024-09-21,September,9,Saturday,Q3,28,Female,Port Harcourt,Civil Servant,Retail,Current Account,USSD,511000,4181000,41,4,20,576,6.0,1000,No,No
CUST-03240,2024-10-24,October,10,Thursday,Q4,43,Male,Lagos,Trader,SME,Mortgage,Mobile App,105000,1048000,43,1,38,782,6.0,100,No,No
CUST-03241,2024-11-16,November,11,Saturday,Q4,27,Male,Lagos,Engineer,Retail,Investment Fund,Mobile App,429000,2202000,14,1,40,760,10.0,400,Yes,No
CUST-03242,2024-10-03,October,10,Thursday,Q4,32,Female,Port Harcourt,Entrepreneur,SME,Fixed Deposit,Branch,621000,970000,115,4,6,615,5.7,1900,Yes,No
CUST-03243,2024-12-04,December,12,Wednesday,Q4,40,Female,Enugu,Entrepreneur,SME,Mobile Loan,Branch,1677000,14282000,74,2,43,489,7.2,5000,Yes,No
CUST-03244,2024-09-21,September,9,Saturday,Q3,35,Female,Port Harcourt,Doctor,Premium,Mobile Loan,Agent Banking,391000,3242000,6,1,1,637,7.4,1000,Yes,No
CUST-03245,2024-12-21,December,12,Saturday,Q4,29,Male,Lagos,Doctor,Retail,Credit Card,Web Portal,43000,585000,69,2,30,518,9.1,100,No,No
CUST-03246,2024-03-13,March,3,Wednesday,Q1,26,Male,Enugu,Engineer,Retail,Credit Card,USSD,106000,1173000,119,2,28,574,4.1,200,Yes,No
CUST-03247,2024-11-15,November,11,Friday,Q4,64,Male,Enugu,Student,Student,Current Account,Agent Banking,21000,247000,17,3,1,558,7.0,100,No,No
CUST-03248,2024-05-04,May,5,Saturday,Q2,34,Female,Enugu,Accountant,Premium,Mortgage,Mobile App,1443000,18318000,57,3,30,693,8.5,1400,No,No
CUST-03249,2024-01-12,January,1,Friday,Q1,42,Male,Lagos,Student,Student,Mortgage,Mobile App,21000,58000,94,4,2,380,6.8,0,Yes,No
CUST-03250,2024-04-03,April,4,Wednesday,Q2,47,Female,Ibadan,Trader,SME,Savings Account,Mobile App,617000,7714000,114,3,25,763,6.8,600,No,No
CUST-03251,2024-04-21,April,4,Sunday,Q2,47,Female,Port Harcourt,Trader,SME,Current Account,Branch,617000,2101000,111,5,37,765,7.1,1900,No,No
CUST-03252,2024-02-28,February,2,Wednesday,Q1,31,Male,Port Harcourt,Teacher,Retail,Insurance Plan,Mobile App,427000,455000,24,2,27,645,7.0,400,No,No
CUST-03253,2024-01-15,January,1,Monday,Q1,59,Female,Port Harcourt,Doctor,Premium,Current Account,Branch,475000,2355000,97,3,2,745,6.2,1400,No,No
CUST-03254,2024-07-29,July,7,Monday,Q3,63,Male,Kano,Trader,SME,Credit Card,Branch,1091000,3251000,112,4,19,786,7.1,3300,No,No
CUST-03255,2024-09-02,September,9,Monday,Q3,54,Female,Enugu,Student,Student,Mortgage,Mobile App,15000,165000,89,1,10,363,8.3,0,Yes,No
CUST-03256,2024-11-11,November,11,Monday,Q4,32,Female,Port Harcourt,Accountant,Corporate,Investment Fund,Branch,1515000,2135000,30,1,41,758,4.8,4500,No,No
CUST-03257,2024-06-17,June,6,Monday,Q2,26,Male,Abuja,Farmer,Retail,Mortgage,Mobile App,223000,1528000,1,1,24,542,7.2,200,Yes,No
CUST-03258,2024-12-22,December,12,Sunday,Q4,44,Male,Kano,Civil Servant,Retail,Mortgage,Branch,1259000,10241000,116,1,29,685,8.1,3800,No,No
CUST-03259,2024-09-01,September,9,Sunday,Q3,41,Male,Enugu,Civil Servant,Retail,Mortgage,Mobile App,72000,874000,14,3,13,500,7.2,100,No,No
CUST-03260,2024-07-09,July,7,Tuesday,Q3,25,Male,Port Harcourt,Civil Servant,Retail,Mobile Loan,Mobile App,63000,332000,64,2,18,462,5.9,100,No,No
CUST-03261,2024-08-21,August,8,Wednesday,Q3,31,Male,Enugu,Civil Servant,Retail,Credit Card,Web Portal,75000,67000,103,2,2,710,8.3,100,No,No
CUST-03262,2024-03-04,March,3,Monday,Q1,40,Male,Ibadan,Trader,SME,Credit Card,Web Portal,305000,1950000,119,2,42,776,7.7,500,No,No
CUST-03263,2024-12-30,December,12,Monday,Q4,40,Male,Enugu,Lawyer,Corporate,Savings Account,Branch,1632000,10936000,90,1,38,624,8.0,4900,Yes,No
CUST-03264,2024-09-19,September,9,Thursday,Q3,24,Female,Port Harcourt,Student,Student,Credit Card,Web Portal,22000,269000,114,2,1,311,5.5,0,No,No
CUST-03265,2024-07-03,July,7,Wednesday,Q3,30,Male,Ibadan,Trader,SME,Savings Account,Mobile App,212000,835000,81,2,36,799,5.2,200,No,No
CUST-03266,2024-10-05,October,10,Saturday,Q4,40,Male,Abuja,Doctor,Corporate,Credit Card,Mobile App,883000,3928000,14,5,41,713,3.2,900,Yes,No
CUST-03267,2024-09-11,September,9,Wednesday,Q3,53,Male,Abuja,Trader,SME,Insurance Plan,Agent Banking,194000,2343000,34,2,30,711,7.7,500,No,No
CUST-03268,2024-06-14,June,6,Friday,Q2,65,Male,Port Harcourt,Accountant,Premium,Investment Fund,Branch,296000,2182000,2,1,39,502,6.5,900,No,No
CUST-03269,2024-10-17,October,10,Thursday,Q4,22,Male,Ibadan,Teacher,Student,Savings Account,Web Portal,9000,127000,107,5,16,523,4.3,0,Yes,No
CUST-03270,2024-01-14,January,1,Sunday,Q1,42,Male,Ibadan,Student,Student,Mobile Loan,Mobile App,7000,80000,89,5,2,360,7.3,0,No,No
CUST-03271,2024-11-07,November,11,Thursday,Q4,54,Male,Enugu,Trader,SME,Savings Account,Mobile App,1371000,3684000,83,4,45,610,6.0,1400,No,No
CUST-03272,2024-02-02,February,2,Friday,Q1,38,Female,Enugu,Lawyer,Premium,Mortgage,USSD,659000,3656000,10,1,33,440,9.6,1300,Yes,No
CUST-03273,2024-05-19,May,5,Sunday,Q2,36,Female,Enugu,Lawyer,Corporate,Insurance Plan,Mobile App,8739000,121863000,49,2,31,620,7.5,8700,No,No
CUST-03274,2024-05-05,May,5,Sunday,Q2,47,Female,Lagos,Entrepreneur,SME,Savings Account,USSD,733000,4679000,75,1,33,698,5.4,1500,No,No
CUST-03275,2024-04-19,April,4,Friday,Q2,26,Male,Ibadan,Student,Student,Investment Fund,Mobile App,29000,240000,27,3,12,452,10.0,0,No,No
CUST-03276,2024-09-30,September,9,Monday,Q3,32,Male,Abuja,Engineer,Corporate,Savings Account,Web Portal,704000,6426000,102,2,40,679,4.4,1100,Yes,No
CUST-03277,2024-06-12,June,6,Wednesday,Q2,43,Female,Ibadan,Student,Student,Mortgage,Branch,11000,151000,41,3,37,469,8.8,0,No,No
CUST-03278,2024-05-06,May,5,Monday,Q2,33,Male,Port Harcourt,Doctor,Premium,Credit Card,Web Portal,1040000,9400000,38,2,24,576,6.3,1600,Yes,No
CUST-03279,2024-03-22,March,3,Friday,Q1,20,Female,Lagos,Entrepreneur,Student,Investment Fund,USSD,38000,101000,57,3,30,372,6.5,100,No,No
CUST-03280,2024-09-06,September,9,Friday,Q3,55,Male,Enugu,Accountant,Premium,Credit Card,Web Portal,346000,4926000,89,4,28,598,7.6,500,No,No
CUST-03281,2024-03-04,March,3,Monday,Q1,36,Female,Enugu,Lawyer,Corporate,Investment Fund,Web Portal,8092000,20583000,92,2,27,784,5.5,12100,No,No
CUST-03282,2024-05-23,May,5,Thursday,Q2,43,Male,Kano,Farmer,Retail,Mortgage,Branch,288000,1612000,34,1,36,747,5.6,900,No,No
CUST-03283,2024-06-15,June,6,Saturday,Q2,40,Female,Ibadan,Doctor,Corporate,Insurance Plan,Agent Banking,2210000,14027000,44,1,40,734,7.5,5500,No,No
CUST-03284,2024-06-23,June,6,Sunday,Q2,37,Male,Kano,Civil Servant,Retail,Mortgage,Mobile App,177000,1973000,93,1,32,565,5.4,200,No,No
CUST-03285,2024-05-20,May,5,Monday,Q2,43,Male,Abuja,Civil Servant,Retail,Savings Account,Web Portal,64000,82000,23,2,27,551,3.9,100,Yes,No
CUST-03286,2024-10-22,October,10,Tuesday,Q4,18,Female,Abuja,Civil Servant,Student,Savings Account,Mobile App,10000,12000,96,2,37,396,7.0,0,No,No
CUST-03287,2024-07-25,July,7,Thursday,Q3,32,Male,Abuja,Civil Servant,Retail,Mobile Loan,Web Portal,17000,134000,30,2,30,468,4.1,0,No,No
CUST-03288,2024-11-29,November,11,Friday,Q4,38,Female,Ibadan,Teacher,Retail,Savings Account,Web Portal,279000,4167000,21,3,30,791,6.2,400,No,No
CUST-03289,2024-09-29,September,9,Sunday,Q3,37,Female,Port Harcourt,Doctor,Corporate,Savings Account,Mobile App,1346000,15629000,72,1,24,707,5.1,1300,No,No
CUST-03290,2024-06-19,June,6,Wednesday,Q2,34,Male,Lagos,Farmer,Retail,Credit Card,Mobile App,172000,639000,21,2,4,617,5.4,200,Yes,No
CUST-03291,2024-02-18,February,2,Sunday,Q1,35,Female,Ibadan,Entrepreneur,SME,Investment Fund,Mobile App,225000,3336000,44,4,34,769,9.6,200,No,No
CUST-03292,2024-01-29,January,1,Monday,Q1,32,Female,Lagos,Trader,SME,Savings Account,Branch,678000,8817000,38,4,43,641,4.1,2000,Yes,No
CUST-03293,2024-11-05,November,11,Tuesday,Q4,51,Female,Kano,Student,Student,Credit Card,Mobile App,39000,440000,81,4,33,401,7.9,0,No,No
CUST-03294,2024-06-29,June,6,Saturday,Q2,44,Male,Abuja,Teacher,Retail,Insurance Plan,Mobile App,44000,632000,78,3,10,476,8.6,0,No,No
CUST-03295,2024-01-31,January,1,Wednesday,Q1,23,Male,Kano,Civil Servant,Student,Fixed Deposit,Branch,20000,118000,56,4,23,304,7.9,100,Yes,No
CUST-03296,2024-02-26,February,2,Monday,Q1,46,Female,Abuja,Farmer,Retail,Mobile Loan,Mobile App,32000,259000,98,3,8,611,7.1,0,No,No
CUST-03297,2024-10-02,October,10,Wednesday,Q4,52,Male,Abuja,Engineer,Premium,Current Account,Branch,387000,3213000,99,1,43,447,5.5,1200,No,No
CUST-03298,2024-09-21,September,9,Saturday,Q3,47,Male,Abuja,Lawyer,Premium,Credit Card,USSD,188000,1154000,30,2,37,672,7.0,400,No,No
CUST-03299,2024-06-01,June,6,Saturday,Q2,52,Male,Kano,Doctor,Corporate,Investment Fund,Agent Banking,1247000,16844000,33,1,14,729,6.4,3100,Yes,No
CUST-03300,2024-08-31,August,8,Saturday,Q3,34,Female,Lagos,Accountant,Premium,Mobile Loan,Agent Banking,98000,162000,73,3,44,509,5.3,200,No,No
CUST-03301,2024-12-07,December,12,Saturday,Q4,34,Male,Port Harcourt,Student,Student,Mortgage,Web Portal,33000,194000,76,5,12,510,4.0,0,No,No
CUST-03302,2024-04-06,April,4,Saturday,Q2,46,Male,Kano,Student,Student,Insurance Plan,Web Portal,15000,91000,57,1,18,372,5.3,0,No,No
CUST-03303,2024-09-20,September,9,Friday,Q3,18,Male,Port Harcourt,Trader,Student,Credit Card,Branch,9000,16000,68,1,28,372,6.5,0,No,No
CUST-03304,2024-07-03,July,7,Wednesday,Q3,45,Female,Lagos,Entrepreneur,SME,Insurance Plan,Mobile App,177000,2117000,39,2,19,681,6.6,200,No,No
CUST-03305,2024-11-26,November,11,Tuesday,Q4,40,Male,Abuja,Civil Servant,Retail,Credit Card,Mobile App,56000,67000,120,2,10,740,4.5,100,No,No
CUST-03306,2024-04-19,April,4,Friday,Q2,34,Female,Abuja,Lawyer,Premium,Mobile Loan,USSD,832000,10879000,15,1,15,454,8.5,1700,Yes,No
CUST-03307,2024-10-08,October,10,Tuesday,Q4,43,Female,Abuja,Doctor,Corporate,Insurance Plan,USSD,2725000,6293000,44,1,2,730,7.2,5400,Yes,No
CUST-03308,2024-06-06,June,6,Thursday,Q2,31,Male,Port Harcourt,Farmer,Retail,Current Account,USSD,211000,1229000,22,5,35,698,7.3,400,Yes,No
CUST-03309,2024-11-11,November,11,Monday,Q4,27,Male,Abuja,Engineer,Retail,Mobile Loan,Mobile App,205000,2619000,24,4,21,532,7.7,200,Yes,No
CUST-03310,2024-10-06,October,10,Sunday,Q4,47,Female,Enugu,Student,Student,Mobile Loan,Branch,40000,428000,68,4,20,400,7.5,100,No,No
CUST-03311,2024-06-16,June,6,Sunday,Q2,36,Female,Lagos,Student,Student,Investment Fund,Mobile App,9000,49000,109,3,2,465,7.0,0,No,No
CUST-03312,2024-09-28,September,9,Saturday,Q3,24,Female,Kano,Student,Student,Fixed Deposit,Branch,16000,34000,42,3,27,618,8.8,0,No,No
CUST-03313,2024-09-28,September,9,Saturday,Q3,23,Male,Lagos,Lawyer,Student,Insurance Plan,Mobile App,9000,15000,109,3,42,564,9.4,0,Yes,No
CUST-03314,2024-03-12,March,3,Tuesday,Q1,20,Female,Ibadan,Engineer,Student,Investment Fund,Branch,5000,69000,115,1,39,331,7.4,0,No,No
CUST-03315,2024-06-06,June,6,Thursday,Q2,31,Female,Abuja,Accountant,Corporate,Savings Account,Branch,1466000,20829000,55,1,38,661,7.8,4400,No,No
CUST-03316,2024-01-09,January,1,Tuesday,Q1,33,Female,Enugu,Farmer,Retail,Mobile Loan,Agent Banking,572000,7775000,46,3,42,774,6.2,1400,No,No
CUST-03317,2024-12-10,December,12,Tuesday,Q4,36,Female,Abuja,Engineer,Corporate,Investment Fund,Mobile App,1389000,9184000,84,2,37,791,7.4,1400,No,No
CUST-03318,2024-04-09,April,4,Tuesday,Q2,57,Female,Ibadan,Accountant,Corporate,Mobile Loan,Agent Banking,2030000,11850000,71,2,18,703,7.5,5100,Yes,No
CUST-03319,2024-07-29,July,7,Monday,Q3,29,Male,Lagos,Trader,SME,Insurance Plan,Web Portal,171000,1621000,82,1,40,653,10.0,300,No,No
CUST-03320,2024-03-07,March,3,Thursday,Q1,41,Male,Ibadan,Student,Student,Savings Account,Mobile App,7000,20000,41,4,6,381,7.9,0,No,No
CUST-03321,2024-12-03,December,12,Tuesday,Q4,40,Female,Ibadan,Accountant,Premium,Fixed Deposit,Web Portal,414000,6133000,59,1,19,480,8.4,600,No,No
CUST-03322,2024-05-06,May,5,Monday,Q2,39,Male,Ibadan,Civil Servant,Retail,Mortgage,Web Portal,639000,4727000,9,1,6,459,8.3,1000,Yes,No
CUST-03323,2024-12-28,December,12,Saturday,Q4,28,Male,Port Harcourt,Student,Student,Mortgage,Web Portal,18000,261000,46,2,21,320,7.7,0,No,No
CUST-03324,2024-04-27,April,4,Saturday,Q2,18,Male,Lagos,Accountant,Student,Fixed Deposit,Web Portal,45000,466000,21,2,5,588,8.9,100,No,No
CUST-03325,2024-12-17,December,12,Tuesday,Q4,45,Female,Port Harcourt,Lawyer,Corporate,Mortgage,Web Portal,638000,9454000,85,1,9,840,5.9,1000,No,No
CUST-03326,2024-06-24,June,6,Monday,Q2,46,Male,Abuja,Accountant,Corporate,Insurance Plan,Web Portal,287000,1275000,44,5,44,720,6.4,400,No,No
CUST-03327,2024-04-19,April,4,Friday,Q2,22,Male,Ibadan,Lawyer,Student,Fixed Deposit,Mobile App,3000,28000,4,3,38,607,6.2,0,Yes,No
CUST-03328,2024-09-23,September,9,Monday,Q3,43,Male,Lagos,Civil Servant,Retail,Investment Fund,USSD,158000,757000,56,2,39,525,8.0,300,No,No
CUST-03329,2024-09-23,September,9,Monday,Q3,24,Female,Ibadan,Accountant,Student,Fixed Deposit,Mobile App,15000,60000,47,1,4,478,8.9,0,No,No
CUST-03330,2024-06-23,June,6,Sunday,Q2,45,Female,Port Harcourt,Student,Student,Current Account,Branch,17000,160000,78,3,8,500,8.2,100,No,No
CUST-03331,2024-07-20,July,7,Saturday,Q3,38,Male,Port Harcourt,Lawyer,Corporate,Insurance Plan,Mobile App,925000,11899000,68,2,29,676,8.2,900,No,No
CUST-03332,2024-12-29,December,12,Sunday,Q4,30,Male,Lagos,Accountant,Retail,Insurance Plan,Mobile App,43000,134000,48,4,26,484,8.5,0,No,No
CUST-03333,2024-12-23,December,12,Monday,Q4,34,Female,Ibadan,Accountant,Corporate,Investment Fund,Branch,2454000,26764000,74,2,10,791,6.7,7400,No,No
CUST-03334,2024-03-15,March,3,Friday,Q1,18,Male,Abuja,Lawyer,Student,Fixed Deposit,Mobile App,25000,271000,39,2,29,383,5.0,0,No,No
CUST-03335,2024-04-09,April,4,Tuesday,Q2,33,Male,Port Harcourt,Student,Student,Current Account,Branch,16000,75000,32,1,21,572,5.2,0,No,No
CUST-03336,2024-12-16,December,12,Monday,Q4,26,Female,Kano,Farmer,Retail,Current Account,Mobile App,177000,1057000,99,4,2,569,7.4,200,No,No
CUST-03337,2024-11-02,November,11,Saturday,Q4,48,Female,Ibadan,Teacher,Retail,Investment Fund,Web Portal,86000,412000,117,3,9,740,6.4,100,No,No
CUST-03338,2024-08-02,August,8,Friday,Q3,37,Male,Enugu,Trader,SME,Mobile Loan,Mobile App,911000,3014000,103,2,7,660,10.0,900,No,No
CUST-03339,2024-04-10,April,4,Wednesday,Q2,24,Male,Lagos,Farmer,Student,Credit Card,Web Portal,8000,100000,22,4,33,562,7.6,0,No,No
CUST-03340,2024-01-21,January,1,Sunday,Q1,42,Male,Lagos,Lawyer,Corporate,Credit Card,Branch,3824000,17632000,34,5,25,742,8.5,11500,No,No
CUST-03341,2024-11-29,November,11,Friday,Q4,31,Female,Enugu,Farmer,Retail,Investment Fund,Branch,94000,999000,76,1,20,660,7.3,300,No,No
CUST-03342,2024-10-26,October,10,Saturday,Q4,18,Male,Port Harcourt,Engineer,Student,Mortgage,Branch,21000,257000,99,5,30,544,10.0,100,No,No
CUST-03343,2024-07-31,July,7,Wednesday,Q3,43,Female,Kano,Teacher,Retail,Mortgage,Mobile App,354000,5122000,97,1,44,456,9.8,400,Yes,No
CUST-03344,2024-06-16,June,6,Sunday,Q2,55,Male,Lagos,Farmer,Retail,Mortgage,Mobile App,206000,2464000,29,3,2,789,6.5,200,No,No
CUST-03345,2024-01-29,January,1,Monday,Q1,25,Female,Kano,Doctor,Retail,Mortgage,Web Portal,109000,113000,103,1,14,597,8.6,200,No,No
CUST-03346,2024-11-24,November,11,Sunday,Q4,27,Female,Port Harcourt,Trader,SME,Fixed Deposit,Mobile App,421000,5509000,120,2,3,550,8.1,400,No,No
CUST-03347,2024-04-14,April,4,Sunday,Q2,46,Male,Kano,Entrepreneur,SME,Fixed Deposit,Web Portal,406000,4447000,99,1,26,493,7.9,600,No,No
CUST-03348,2024-12-20,December,12,Friday,Q4,28,Female,Ibadan,Farmer,Retail,Fixed Deposit,USSD,127000,584000,9,2,4,511,7.6,300,No,No
CUST-03349,2024-03-31,March,3,Sunday,Q1,24,Female,Ibadan,Doctor,Student,Current Account,Mobile App,11000,124000,25,3,27,364,6.4,0,No,No
CUST-03350,2024-08-29,August,8,Thursday,Q3,47,Male,Abuja,Student,Student,Mobile Loan,USSD,19000,79000,40,1,32,345,5.2,0,No,No
CUST-03351,2024-08-27,August,8,Tuesday,Q3,18,Female,Abuja,Civil Servant,Student,Credit Card,Mobile App,13000,166000,14,2,31,483,7.9,0,No,No
CUST-03352,2024-07-05,July,7,Friday,Q3,22,Female,Port Harcourt,Civil Servant,Student,Savings Account,Web Portal,7000,59000,13,3,8,540,4.7,0,No,No
CUST-03353,2024-01-10,January,1,Wednesday,Q1,44,Male,Kano,Engineer,Corporate,Insurance Plan,Branch,1079000,10325000,66,1,2,820,5.6,3200,No,No
CUST-03354,2024-12-06,December,12,Friday,Q4,27,Female,Port Harcourt,Trader,SME,Savings Account,Mobile App,295000,3622000,114,1,15,480,6.9,300,No,No
CUST-03355,2024-07-10,July,7,Wednesday,Q3,38,Male,Port Harcourt,Accountant,Corporate,Mortgage,Mobile App,799000,5045000,62,2,2,775,7.0,800,No,No
CUST-03356,2024-01-24,January,1,Wednesday,Q1,32,Female,Enugu,Teacher,Retail,Fixed Deposit,Branch,18000,152000,116,3,38,758,7.8,100,No,No
CUST-03357,2024-02-22,February,2,Thursday,Q1,20,Male,Abuja,Accountant,Student,Fixed Deposit,USSD,8000,83000,84,4,14,587,7.6,0,No,No
CUST-03358,2024-05-20,May,5,Monday,Q2,20,Male,Port Harcourt,Trader,Student,Current Account,Mobile App,29000,358000,82,3,6,421,1.9,0,No,No
CUST-03359,2024-03-04,March,3,Monday,Q1,43,Male,Port Harcourt,Student,Student,Current Account,Web Portal,9000,129000,61,5,34,597,8.3,0,No,No
CUST-03360,2024-10-14,October,10,Monday,Q4,29,Male,Ibadan,Student,Student,Credit Card,Web Portal,17000,167000,104,1,43,424,7.9,0,No,No
CUST-03361,2024-04-24,April,4,Wednesday,Q2,46,Male,Enugu,Doctor,Premium,Mobile Loan,Web Portal,1035000,9779000,95,4,22,494,10.0,1600,No,No
CUST-03362,2024-11-25,November,11,Monday,Q4,51,Female,Port Harcourt,Teacher,Retail,Investment Fund,Agent Banking,100000,159000,102,5,43,774,5.2,200,No,No
CUST-03363,2024-06-18,June,6,Tuesday,Q2,18,Female,Ibadan,Civil Servant,Student,Insurance Plan,USSD,15000,133000,119,2,14,465,5.3,0,No,No
CUST-03364,2024-10-15,October,10,Tuesday,Q4,41,Male,Lagos,Trader,SME,Investment Fund,Branch,610000,8264000,99,2,9,505,7.4,1800,No,No
CUST-03365,2024-07-25,July,7,Thursday,Q3,46,Female,Ibadan,Engineer,Corporate,Investment Fund,Agent Banking,3175000,8420000,89,1,31,653,6.3,7900,No,No
CUST-03366,2024-10-28,October,10,Monday,Q4,20,Female,Enugu,Doctor,Student,Mortgage,Web Portal,43000,584000,58,4,9,450,8.5,100,No,No
CUST-03367,2024-03-20,March,3,Wednesday,Q1,28,Female,Enugu,Teacher,Retail,Mobile Loan,Mobile App,200000,1707000,68,4,32,483,7.9,200,Yes,No
CUST-03368,2024-01-16,January,1,Tuesday,Q1,36,Female,Ibadan,Doctor,Corporate,Investment Fund,Branch,9242000,79576000,61,1,22,625,7.5,27700,No,No
CUST-03369,2024-06-16,June,6,Sunday,Q2,40,Female,Ibadan,Engineer,Premium,Investment Fund,Web Portal,329000,2395000,49,4,44,449,9.3,500,No,No
CUST-03370,2024-07-02,July,7,Tuesday,Q3,47,Female,Enugu,Trader,SME,Savings Account,Agent Banking,167000,1497000,119,4,41,795,8.0,400,Yes,No
CUST-03371,2024-06-28,June,6,Friday,Q2,47,Female,Enugu,Civil Servant,Retail,Insurance Plan,Branch,90000,317000,42,2,30,574,7.1,300,No,No
CUST-03372,2024-02-23,February,2,Friday,Q1,28,Female,Enugu,Trader,SME,Mobile Loan,Mobile App,63000,399000,80,2,45,655,8.0,100,No,No
CUST-03373,2024-06-14,June,6,Friday,Q2,56,Male,Enugu,Engineer,Corporate,Savings Account,Agent Banking,1007000,8868000,18,3,34,697,6.4,2500,Yes,No
CUST-03374,2024-03-29,March,3,Friday,Q1,28,Female,Kano,Student,Student,Insurance Plan,Branch,8000,95000,85,2,18,324,5.1,0,Yes,No
CUST-03375,2024-01-28,January,1,Sunday,Q1,30,Male,Lagos,Trader,SME,Investment Fund,Branch,77000,66000,66,1,33,770,6.8,200,No,No
CUST-03376,2024-12-06,December,12,Friday,Q4,25,Female,Enugu,Lawyer,Retail,Credit Card,Mobile App,38000,158000,6,2,34,711,8.0,0,No,No
CUST-03377,2024-03-13,March,3,Wednesday,Q1,43,Female,Ibadan,Trader,SME,Current Account,Mobile App,162000,778000,48,1,3,625,9.0,200,No,No
CUST-03378,2024-07-01,July,7,Monday,Q3,38,Male,Lagos,Lawyer,Corporate,Mortgage,Branch,9296000,45539000,63,4,9,747,5.2,27900,No,No
CUST-03379,2024-05-10,May,5,Friday,Q2,61,Female,Abuja,Farmer,Retail,Savings Account,Branch,26000,205000,52,1,42,788,8.9,100,No,No
CUST-03380,2024-09-04,September,9,Wednesday,Q3,43,Male,Enugu,Lawyer,Corporate,Fixed Deposit,Branch,4528000,29076000,53,4,21,687,10.0,13600,No,No
CUST-03381,2024-06-22,June,6,Saturday,Q2,48,Male,Ibadan,Lawyer,Premium,Mortgage,Agent Banking,1453000,18595000,49,2,17,544,5.3,3600,Yes,No
CUST-03382,2024-02-13,February,2,Tuesday,Q1,32,Male,Lagos,Farmer,Retail,Mortgage,USSD,92000,700000,65,2,29,771,7.2,200,No,No
CUST-03383,2024-12-14,December,12,Saturday,Q4,33,Female,Port Harcourt,Lawyer,Premium,Current Account,Web Portal,383000,2386000,16,2,19,578,7.9,600,No,No
CUST-03384,2024-01-02,January,1,Tuesday,Q1,25,Male,Port Harcourt,Entrepreneur,SME,Investment Fund,Mobile App,317000,3541000,78,3,5,460,5.7,300,No,No
CUST-03385,2024-09-16,September,9,Monday,Q3,46,Female,Abuja,Accountant,Premium,Insurance Plan,Branch,1693000,24958000,100,2,2,713,8.3,5100,Yes,No
CUST-03386,2024-02-10,February,2,Saturday,Q1,18,Male,Port Harcourt,Trader,Student,Insurance Plan,Web Portal,13000,108000,8,4,25,528,8.0,0,No,No
CUST-03387,2024-08-14,August,8,Wednesday,Q3,28,Female,Ibadan,Lawyer,Retail,Credit Card,Mobile App,131000,1259000,50,1,17,707,8.8,100,No,No
CUST-03388,2024-04-18,April,4,Thursday,Q2,30,Male,Port Harcourt,Accountant,Retail,Insurance Plan,Agent Banking,73000,176000,71,1,44,756,6.1,200,No,No
CUST-03389,2024-05-23,May,5,Thursday,Q2,33,Female,Enugu,Trader,SME,Credit Card,Mobile App,545000,6310000,64,1,36,448,4.3,500,No,No
CUST-03390,2024-05-03,May,5,Friday,Q2,35,Male,Port Harcourt,Civil Servant,Retail,Current Account,Branch,152000,821000,53,1,14,733,6.3,500,No,No
CUST-03391,2024-11-09,November,11,Saturday,Q4,53,Male,Port Harcourt,Civil Servant,Retail,Insurance Plan,Mobile App,164000,343000,85,4,23,786,9.3,200,No,No
CUST-03392,2024-12-30,December,12,Monday,Q4,41,Female,Ibadan,Civil Servant,Retail,Credit Card,Mobile App,201000,1254000,84,2,6,543,5.8,200,No,No
CUST-03393,2024-03-13,March,3,Wednesday,Q1,24,Male,Abuja,Accountant,Student,Current Account,Agent Banking,25000,40000,48,1,23,587,8.4,100,Yes,No
CUST-03394,2024-05-19,May,5,Sunday,Q2,59,Female,Ibadan,Entrepreneur,SME,Current Account,Agent Banking,132000,761000,35,5,9,550,8.9,300,No,No
CUST-03395,2024-10-26,October,10,Saturday,Q4,31,Female,Enugu,Doctor,Corporate,Mobile Loan,Mobile App,2255000,13053000,42,3,41,669,7.4,2300,No,No
CUST-03396,2024-05-07,May,5,Tuesday,Q2,42,Male,Kano,Lawyer,Premium,Mortgage,Mobile App,523000,2204000,115,2,16,492,8.8,500,No,No
CUST-03397,2024-12-22,December,12,Sunday,Q4,29,Male,Port Harcourt,Trader,SME,Insurance Plan,Branch,194000,2818000,7,2,11,699,8.4,600,No,No
CUST-03398,2024-01-12,January,1,Friday,Q1,36,Male,Ibadan,Civil Servant,Retail,Insurance Plan,Web Portal,470000,2829000,40,4,17,493,7.6,700,No,No
CUST-03399,2024-03-01,March,3,Friday,Q1,41,Male,Ibadan,Farmer,Retail,Insurance Plan,Branch,184000,1935000,82,4,7,694,6.0,600,No,No
CUST-03400,2024-09-11,September,9,Wednesday,Q3,28,Male,Ibadan,Doctor,Retail,Credit Card,USSD,246000,2060000,103,4,4,529,6.1,500,No,No
CUST-03401,2024-04-30,April,4,Tuesday,Q2,31,Male,Lagos,Teacher,Retail,Savings Account,Branch,311000,4245000,114,2,25,434,7.1,900,Yes,No
CUST-03402,2024-10-31,October,10,Thursday,Q4,53,Male,Lagos,Entrepreneur,SME,Insurance Plan,Branch,922000,10058000,15,1,39,591,6.5,2800,No,No
CUST-03403,2024-11-12,November,11,Tuesday,Q4,25,Female,Port Harcourt,Doctor,Retail,Investment Fund,Mobile App,57000,185000,75,2,26,610,7.7,100,No,No
CUST-03404,2024-02-01,February,2,Thursday,Q1,51,Male,Lagos,Civil Servant,Retail,Credit Card,Web Portal,68000,85000,94,1,3,614,1.6,100,No,No
CUST-03405,2024-10-21,October,10,Monday,Q4,39,Female,Enugu,Lawyer,Corporate,Mobile Loan,Mobile App,4347000,20156000,115,3,42,727,8.6,4300,No,No
CUST-03406,2024-04-19,April,4,Friday,Q2,18,Female,Port Harcourt,Trader,Student,Fixed Deposit,Mobile App,6000,70000,36,1,4,550,6.8,0,Yes,No
CUST-03407,2024-04-08,April,4,Monday,Q2,33,Male,Port Harcourt,Engineer,Premium,Fixed Deposit,Web Portal,125000,238000,41,3,7,571,7.9,200,No,No
CUST-03408,2024-04-02,April,4,Tuesday,Q2,30,Male,Ibadan,Farmer,Retail,Fixed Deposit,Branch,83000,713000,72,1,6,518,7.1,200,No,No
CUST-03409,2024-08-25,August,8,Sunday,Q3,24,Male,Ibadan,Student,Student,Credit Card,Mobile App,15000,167000,2,5,3,436,6.2,0,Yes,No
CUST-03410,2024-08-02,August,8,Friday,Q3,51,Male,Kano,Entrepreneur,SME,Mobile Loan,Agent Banking,146000,790000,32,1,5,492,6.9,400,Yes,No
CUST-03411,2024-08-05,August,8,Monday,Q3,47,Male,Enugu,Teacher,Retail,Mortgage,Web Portal,324000,3083000,58,2,40,530,4.2,500,No,No
CUST-03412,2024-08-12,August,8,Monday,Q3,18,Female,Abuja,Student,Student,Fixed Deposit,Web Portal,4000,37000,77,3,19,360,6.3,0,No,No
CUST-03413,2024-05-12,May,5,Sunday,Q2,53,Male,Abuja,Trader,SME,Savings Account,Branch,576000,522000,78,3,41,668,9.7,1700,No,No
CUST-03414,2024-04-22,April,4,Monday,Q2,31,Female,Enugu,Trader,SME,Current Account,Mobile App,507000,6276000,74,2,37,425,8.0,500,No,No
CUST-03415,2024-10-25,October,10,Friday,Q4,36,Male,Enugu,Civil Servant,Retail,Mobile Loan,Mobile App,639000,6960000,47,2,23,632,3.4,600,Yes,No
CUST-03416,2024-04-21,April,4,Sunday,Q2,42,Male,Kano,Trader,SME,Savings Account,Web Portal,727000,3478000,32,1,22,438,6.5,1100,No,No
CUST-03417,2024-07-31,July,7,Wednesday,Q3,32,Female,Abuja,Entrepreneur,SME,Current Account,Web Portal,159000,1063000,2,1,30,789,4.2,200,No,No
CUST-03418,2024-04-29,April,4,Monday,Q2,27,Female,Kano,Doctor,Retail,Savings Account,Mobile App,92000,237000,32,2,37,577,6.2,100,No,No
CUST-03419,2024-04-13,April,4,Saturday,Q2,36,Female,Lagos,Engineer,Corporate,Fixed Deposit,Web Portal,2017000,22263000,10,3,23,683,7.7,3000,No,No
CUST-03420,2024-03-29,March,3,Friday,Q1,37,Female,Ibadan,Farmer,Retail,Mobile Loan,Branch,41000,378000,48,3,3,736,8.7,100,No,No
CUST-03421,2024-05-05,May,5,Sunday,Q2,34,Female,Port Harcourt,Trader,SME,Fixed Deposit,Branch,538000,6521000,26,2,25,745,5.4,1600,No,No
CUST-03422,2024-09-16,September,9,Monday,Q3,41,Female,Ibadan,Civil Servant,Retail,Fixed Deposit,USSD,190000,1089000,108,2,18,674,9.5,400,Yes,No
CUST-03423,2024-08-30,August,8,Friday,Q3,18,Female,Port Harcourt,Farmer,Student,Mortgage,Mobile App,17000,131000,63,3,5,373,9.2,0,No,No
CUST-03424,2024-09-01,September,9,Sunday,Q3,21,Male,Ibadan,Trader,Student,Insurance Plan,Mobile App,29000,354000,75,2,14,348,5.4,0,No,No
CUST-03425,2024-07-15,July,7,Monday,Q3,40,Female,Port Harcourt,Civil Servant,Retail,Savings Account,Mobile App,186000,2535000,113,2,44,686,4.4,200,No,No
CUST-03426,2024-05-08,May,5,Wednesday,Q2,48,Female,Enugu,Entrepreneur,SME,Investment Fund,Mobile App,58000,657000,78,1,21,583,7.5,100,No,No
CUST-03427,2024-11-07,November,11,Thursday,Q4,36,Male,Port Harcourt,Teacher,Retail,Investment Fund,Branch,505000,2564000,29,1,35,669,8.3,1500,No,No
CUST-03428,2024-03-02,March,3,Saturday,Q1,59,Female,Enugu,Engineer,Corporate,Insurance Plan,USSD,1969000,3086000,20,3,19,841,6.6,3900,No,No
CUST-03429,2024-08-03,August,8,Saturday,Q3,44,Female,Lagos,Student,Student,Mobile Loan,Branch,14000,185000,116,5,28,381,5.9,0,No,No
CUST-03430,2024-01-28,January,1,Sunday,Q1,52,Female,Port Harcourt,Trader,SME,Current Account,Branch,144000,413000,11,3,18,649,8.2,400,Yes,No
CUST-03431,2024-12-25,December,12,Wednesday,Q4,39,Female,Kano,Entrepreneur,SME,Current Account,Web Portal,463000,1040000,95,1,38,751,2.3,700,Yes,No
CUST-03432,2024-10-23,October,10,Wednesday,Q4,51,Female,Enugu,Trader,SME,Investment Fund,USSD,153000,1885000,45,5,37,544,5.5,300,No,No
CUST-03433,2024-09-11,September,9,Wednesday,Q3,32,Female,Abuja,Civil Servant,Retail,Fixed Deposit,Web Portal,74000,517000,73,1,3,547,9.6,100,No,No
CUST-03434,2024-08-21,August,8,Wednesday,Q3,44,Female,Kano,Lawyer,Premium,Credit Card,Agent Banking,1562000,3434000,116,2,29,467,7.5,3900,No,No
CUST-03435,2024-03-09,March,3,Saturday,Q1,38,Male,Ibadan,Entrepreneur,SME,Mobile Loan,Mobile App,357000,1066000,96,1,22,589,4.4,400,Yes,No
CUST-03436,2024-12-16,December,12,Monday,Q4,46,Female,Port Harcourt,Student,Student,Credit Card,Mobile App,32000,116000,7,4,42,353,4.3,0,Yes,No
CUST-03437,2024-05-11,May,5,Saturday,Q2,51,Male,Ibadan,Trader,SME,Savings Account,Mobile App,1765000,3526000,112,1,28,718,2.7,1800,No,No
CUST-03438,2024-11-30,November,11,Saturday,Q4,23,Female,Enugu,Accountant,Student,Insurance Plan,Web Portal,11000,116000,59,4,12,375,7.8,0,No,No
CUST-03439,2024-01-08,January,1,Monday,Q1,25,Female,Port Harcourt,Trader,SME,Mortgage,USSD,207000,1896000,49,3,17,642,4.9,400,Yes,No
CUST-03440,2024-06-30,June,6,Sunday,Q2,35,Male,Kano,Student,Student,Credit Card,Mobile App,22000,66000,83,3,33,423,7.8,0,No,No
CUST-03441,2024-08-14,August,8,Wednesday,Q3,51,Male,Enugu,Engineer,Corporate,Mobile Loan,Branch,560000,1766000,29,2,8,631,5.0,1700,No,No
CUST-03442,2024-01-22,January,1,Monday,Q1,20,Female,Port Harcourt,Teacher,Student,Mortgage,Web Portal,13000,166000,45,1,22,588,8.4,0,No,No
CUST-03443,2024-10-29,October,10,Tuesday,Q4,57,Male,Abuja,Accountant,Premium,Fixed Deposit,Branch,404000,5992000,33,1,2,513,5.8,1200,No,No
CUST-03444,2024-09-12,September,9,Thursday,Q3,39,Male,Port Harcourt,Teacher,Retail,Fixed Deposit,Mobile App,99000,664000,26,3,2,605,5.9,100,Yes,No
CUST-03445,2024-02-20,February,2,Tuesday,Q1,43,Female,Port Harcourt,Lawyer,Premium,Mortgage,Web Portal,2053000,23675000,48,4,30,611,9.0,3100,No,No
CUST-03446,2024-12-16,December,12,Monday,Q4,58,Male,Ibadan,Engineer,Corporate,Insurance Plan,Branch,13857000,196394000,54,1,24,710,6.5,41600,No,No
CUST-03447,2024-01-22,January,1,Monday,Q1,34,Male,Ibadan,Accountant,Premium,Current Account,Branch,468000,2280000,50,5,36,461,7.9,1400,No,No
CUST-03448,2024-09-15,September,9,Sunday,Q3,46,Female,Kano,Engineer,Premium,Current Account,Agent Banking,1366000,14764000,94,2,4,608,9.4,3400,No,No
CUST-03449,2024-03-17,March,3,Sunday,Q1,34,Male,Abuja,Student,Student,Savings Account,Branch,21000,80000,111,2,17,381,8.5,100,No,No
CUST-03450,2024-10-28,October,10,Monday,Q4,27,Male,Lagos,Lawyer,Retail,Current Account,Mobile App,198000,2695000,72,3,19,638,8.0,200,No,No
CUST-03451,2024-12-16,December,12,Monday,Q4,36,Male,Lagos,Civil Servant,Retail,Mobile Loan,Mobile App,33000,468000,101,5,2,589,5.5,0,No,No
CUST-03452,2024-10-30,October,10,Wednesday,Q4,37,Male,Ibadan,Entrepreneur,SME,Mobile Loan,Branch,155000,184000,117,1,41,791,6.5,500,Yes,No
CUST-03453,2024-12-23,December,12,Monday,Q4,43,Female,Kano,Farmer,Retail,Insurance Plan,Web Portal,113000,417000,50,1,2,578,9.5,200,No,No
CUST-03454,2024-04-30,April,4,Tuesday,Q2,22,Female,Kano,Doctor,Student,Mortgage,Web Portal,8000,8000,30,4,20,497,5.1,0,No,No
CUST-03455,2024-11-29,November,11,Friday,Q4,35,Male,Enugu,Doctor,Corporate,Credit Card,Branch,4295000,58320000,106,1,15,809,4.6,12900,Yes,No
CUST-03456,2024-12-06,December,12,Friday,Q4,33,Male,Ibadan,Engineer,Corporate,Insurance Plan,USSD,12384000,179997000,22,2,25,669,8.3,24800,No,No
CUST-03457,2024-04-16,April,4,Tuesday,Q2,26,Male,Enugu,Student,Student,Current Account,Mobile App,4000,56000,117,5,8,364,7.3,0,No,No
CUST-03458,2024-03-10,March,3,Sunday,Q1,50,Male,Port Harcourt,Doctor,Corporate,Credit Card,Web Portal,976000,14575000,46,2,37,635,7.7,1500,No,No
CUST-03459,2024-11-03,November,11,Sunday,Q4,55,Female,Kano,Civil Servant,Retail,Mobile Loan,Mobile App,230000,3095000,98,1,2,497,8.4,200,Yes,No
CUST-03460,2024-09-24,September,9,Tuesday,Q3,54,Female,Kano,Student,Student,Insurance Plan,Branch,11000,73000,84,4,34,346,5.8,0,No,No
CUST-03461,2024-06-17,June,6,Monday,Q2,61,Female,Enugu,Teacher,Retail,Current Account,Mobile App,43000,553000,11,5,20,753,7.3,0,No,No
CUST-03462,2024-02-16,February,2,Friday,Q1,52,Female,Ibadan,Entrepreneur,SME,Fixed Deposit,Web Portal,662000,8916000,97,4,23,619,10.0,1000,Yes,No
CUST-03463,2024-07-14,July,7,Sunday,Q3,46,Male,Kano,Civil Servant,Retail,Mobile Loan,Branch,111000,1209000,45,4,36,532,7.5,300,No,No
CUST-03464,2024-03-25,March,3,Monday,Q1,32,Male,Port Harcourt,Trader,SME,Mobile Loan,USSD,321000,3741000,44,3,39,526,10.0,600,No,No
CUST-03465,2024-06-11,June,6,Tuesday,Q2,49,Male,Ibadan,Civil Servant,Retail,Investment Fund,Web Portal,102000,608000,79,3,36,705,7.7,200,No,No
CUST-03466,2024-09-06,September,9,Friday,Q3,29,Male,Ibadan,Civil Servant,Retail,Mobile Loan,USSD,119000,395000,51,1,8,522,8.3,200,No,No
CUST-03467,2024-12-25,December,12,Wednesday,Q4,45,Female,Abuja,Entrepreneur,SME,Mortgage,Mobile App,275000,1905000,37,1,28,423,7.5,300,No,No
CUST-03468,2024-07-07,July,7,Sunday,Q3,30,Male,Abuja,Teacher,Retail,Insurance Plan,Branch,78000,199000,48,1,28,487,10.0,200,Yes,No
CUST-03469,2024-10-19,October,10,Saturday,Q4,38,Male,Kano,Lawyer,Premium,Mortgage,Web Portal,117000,381000,23,1,34,445,8.8,200,Yes,No
CUST-03470,2024-02-23,February,2,Friday,Q1,25,Male,Enugu,Civil Servant,Retail,Mortgage,USSD,182000,975000,46,1,7,482,8.3,400,No,No
CUST-03471,2024-01-24,January,1,Wednesday,Q1,41,Male,Enugu,Lawyer,Premium,Fixed Deposit,Branch,1402000,19301000,8,1,6,530,8.6,4200,Yes,No
CUST-03472,2024-04-14,April,4,Sunday,Q2,42,Male,Kano,Engineer,Premium,Savings Account,Branch,1216000,8489000,29,3,30,428,8.8,3600,No,No
CUST-03473,2024-11-17,November,11,Sunday,Q4,37,Female,Enugu,Lawyer,Premium,Current Account,Mobile App,231000,858000,56,2,8,724,10.0,200,No,No
CUST-03474,2024-08-19,August,8,Monday,Q3,27,Female,Lagos,Accountant,Retail,Investment Fund,Mobile App,258000,1359000,43,2,33,535,4.3,300,Yes,No
CUST-03475,2024-12-16,December,12,Monday,Q4,31,Female,Abuja,Trader,SME,Investment Fund,Mobile App,321000,1452000,45,3,7,499,5.7,300,No,No
CUST-03476,2024-12-12,December,12,Thursday,Q4,18,Male,Ibadan,Entrepreneur,Student,Mobile Loan,Mobile App,30000,258000,8,2,22,433,3.0,0,Yes,No
CUST-03477,2024-03-27,March,3,Wednesday,Q1,37,Male,Enugu,Entrepreneur,SME,Fixed Deposit,Agent Banking,195000,1330000,66,1,33,487,4.2,500,No,No
CUST-03478,2024-01-25,January,1,Thursday,Q1,22,Female,Abuja,Trader,Student,Fixed Deposit,Mobile App,3000,13000,62,3,6,524,6.3,0,No,No
CUST-03479,2024-10-25,October,10,Friday,Q4,33,Female,Enugu,Engineer,Premium,Mortgage,Mobile App,376000,4241000,81,1,6,685,5.9,400,No,No
CUST-03480,2024-05-10,May,5,Friday,Q2,20,Male,Kano,Entrepreneur,Student,Current Account,USSD,6000,61000,35,3,5,375,7.2,0,No,No
CUST-03481,2024-11-14,November,11,Thursday,Q4,41,Male,Enugu,Accountant,Corporate,Mortgage,Branch,2675000,22501000,31,2,17,620,7.0,8000,No,No
CUST-03482,2024-04-18,April,4,Thursday,Q2,44,Female,Abuja,Civil Servant,Retail,Current Account,Mobile App,219000,2473000,18,3,18,474,8.2,200,No,No
CUST-03483,2024-02-27,February,2,Tuesday,Q1,25,Male,Port Harcourt,Lawyer,Retail,Investment Fund,Mobile App,197000,2424000,88,1,44,453,10.0,200,No,No
CUST-03484,2024-10-11,October,10,Friday,Q4,36,Male,Enugu,Teacher,Retail,Savings Account,Web Portal,97000,504000,48,1,40,724,6.4,100,Yes,No
CUST-03485,2024-05-17,May,5,Friday,Q2,40,Male,Port Harcourt,Lawyer,Corporate,Mortgage,Agent Banking,3788000,26556000,4,2,13,761,5.7,9500,Yes,No
CUST-03486,2024-07-12,July,7,Friday,Q3,35,Female,Port Harcourt,Student,Student,Mortgage,Mobile App,17000,216000,40,1,2,383,5.1,0,No,No
CUST-03487,2024-09-29,September,9,Sunday,Q3,35,Male,Port Harcourt,Doctor,Corporate,Investment Fund,Branch,2385000,31018000,96,1,11,810,9.2,7200,No,No
CUST-03488,2024-07-14,July,7,Sunday,Q3,37,Male,Lagos,Lawyer,Premium,Current Account,Mobile App,811000,3002000,49,2,28,534,7.2,800,No,No
CUST-03489,2024-06-25,June,6,Tuesday,Q2,44,Female,Enugu,Farmer,Retail,Current Account,Branch,289000,3724000,78,4,43,499,3.4,900,No,No
CUST-03490,2024-11-14,November,11,Thursday,Q4,59,Male,Port Harcourt,Lawyer,Premium,Fixed Deposit,Mobile App,268000,827000,109,2,34,544,6.9,300,No,No
CUST-03491,2024-09-05,September,9,Thursday,Q3,49,Female,Kano,Teacher,Retail,Investment Fund,Mobile App,301000,1244000,15,5,45,702,9.8,300,No,No
CUST-03492,2024-01-15,January,1,Monday,Q1,18,Male,Port Harcourt,Accountant,Student,Mortgage,USSD,17000,124000,69,1,31,449,8.7,0,No,No
CUST-03493,2024-04-21,April,4,Sunday,Q2,31,Female,Lagos,Entrepreneur,SME,Mortgage,USSD,454000,1227000,90,5,23,521,8.3,900,Yes,No
CUST-03494,2024-08-31,August,8,Saturday,Q3,44,Female,Port Harcourt,Accountant,Corporate,Fixed Deposit,Web Portal,1615000,7453000,48,2,12,662,7.4,2400,No,No
CUST-03495,2024-10-28,October,10,Monday,Q4,23,Male,Enugu,Accountant,Student,Current Account,Agent Banking,3000,32000,66,5,40,505,5.6,0,No,No
CUST-03496,2024-01-26,January,1,Friday,Q1,43,Female,Ibadan,Engineer,Corporate,Investment Fund,Web Portal,826000,5970000,20,1,32,809,10.0,1200,No,No
CUST-03497,2024-07-25,July,7,Thursday,Q3,44,Female,Abuja,Entrepreneur,SME,Current Account,Mobile App,880000,12839000,71,2,6,607,6.6,900,No,No
CUST-03498,2024-02-07,February,2,Wednesday,Q1,39,Female,Enugu,Farmer,Retail,Investment Fund,Branch,66000,677000,34,1,39,711,8.0,200,Yes,No
CUST-03499,2024-03-10,March,3,Sunday,Q1,23,Female,Enugu,Civil Servant,Student,Fixed Deposit,Mobile App,23000,289000,88,2,20,497,8.2,0,No,No
CUST-03500,2024-12-13,December,12,Friday,Q4,20,Female,Enugu,Doctor,Student,Mortgage,Branch,11000,32000,9,1,31,372,9.5,0,Yes,No
CUST-03501,2024-05-18,May,5,Saturday,Q2,33,Male,Kano,Engineer,Premium,Fixed Deposit,Agent Banking,577000,6663000,39,2,10,769,9.0,1400,No,No
CUST-03502,2024-08-16,August,8,Friday,Q3,24,Male,Abuja,Teacher,Student,Mortgage,USSD,35000,34000,32,3,25,305,7.1,100,No,No
CUST-03503,2024-12-21,December,12,Saturday,Q4,45,Female,Port Harcourt,Accountant,Corporate,Savings Account,Branch,3334000,42819000,105,1,4,785,7.0,10000,No,No
CUST-03504,2024-12-19,December,12,Thursday,Q4,48,Male,Enugu,Trader,SME,Savings Account,Mobile App,167000,2322000,16,3,44,779,7.3,200,No,No
CUST-03505,2024-04-22,April,4,Monday,Q2,23,Male,Lagos,Engineer,Student,Investment Fund,Web Portal,15000,94000,57,2,33,557,6.5,0,No,No
CUST-03506,2024-10-30,October,10,Wednesday,Q4,49,Male,Ibadan,Trader,SME,Savings Account,Web Portal,78000,430000,88,2,44,567,10.0,100,No,No
CUST-03507,2024-05-21,May,5,Tuesday,Q2,50,Male,Port Harcourt,Student,Student,Savings Account,USSD,47000,212000,18,2,3,378,7.3,100,No,No
CUST-03508,2024-05-22,May,5,Wednesday,Q2,48,Female,Kano,Entrepreneur,SME,Current Account,Web Portal,30000,152000,55,4,44,677,7.9,0,No,No
CUST-03509,2024-03-01,March,3,Friday,Q1,54,Male,Ibadan,Entrepreneur,SME,Savings Account,Mobile App,67000,216000,71,4,14,489,9.7,100,No,No
CUST-03510,2024-12-05,December,12,Thursday,Q4,31,Male,Kano,Farmer,Retail,Mortgage,USSD,236000,1681000,44,1,41,537,7.3,500,Yes,No
CUST-03511,2024-04-19,April,4,Friday,Q2,49,Female,Kano,Civil Servant,Retail,Mobile Loan,USSD,179000,936000,66,2,25,469,6.2,400,No,No
CUST-03512,2024-01-26,January,1,Friday,Q1,48,Female,Port Harcourt,Accountant,Premium,Investment Fund,Branch,1641000,13734000,96,2,16,701,4.4,4900,No,No
CUST-03513,2024-11-29,November,11,Friday,Q4,39,Male,Kano,Civil Servant,Retail,Savings Account,Branch,71000,422000,13,2,23,655,7.3,200,No,No
CUST-03514,2024-09-20,September,9,Friday,Q3,45,Male,Enugu,Entrepreneur,SME,Mortgage,Branch,127000,204000,33,5,24,536,6.1,400,No,No
CUST-03515,2024-07-16,July,7,Tuesday,Q3,18,Female,Abuja,Student,Student,Mobile Loan,USSD,8000,42000,85,2,25,440,4.6,0,Yes,No
CUST-03516,2024-05-05,May,5,Sunday,Q2,33,Male,Ibadan,Engineer,Premium,Mobile Loan,Branch,451000,1522000,41,3,2,685,9.5,1400,No,No
CUST-03517,2024-08-18,August,8,Sunday,Q3,53,Male,Ibadan,Engineer,Corporate,Current Account,Mobile App,1859000,25518000,14,1,43,728,7.6,1900,No,No
CUST-03518,2024-05-13,May,5,Monday,Q2,32,Female,Lagos,Student,Student,Savings Account,Mobile App,14000,173000,5,1,38,589,7.7,0,No,No
CUST-03519,2024-10-21,October,10,Monday,Q4,38,Female,Port Harcourt,Student,Student,Investment Fund,Mobile App,9000,65000,3,3,41,401,7.6,0,Yes,No
CUST-03520,2024-07-14,July,7,Sunday,Q3,45,Female,Lagos,Entrepreneur,SME,Mobile Loan,Mobile App,89000,719000,71,1,25,493,6.0,100,Yes,No
CUST-03521,2024-05-12,May,5,Sunday,Q2,51,Male,Port Harcourt,Teacher,Retail,Investment Fund,Web Portal,223000,3260000,90,4,11,613,4.3,300,No,No
CUST-03522,2024-08-17,August,8,Saturday,Q3,60,Female,Ibadan,Trader,SME,Current Account,Agent Banking,384000,5670000,78,1,21,792,7.9,1000,No,No
CUST-03523,2024-04-08,April,4,Monday,Q2,57,Female,Abuja,Engineer,Premium,Mobile Loan,USSD,2321000,3708000,96,4,30,701,8.8,4600,No,No
CUST-03524,2024-04-12,April,4,Friday,Q2,32,Female,Ibadan,Trader,SME,Insurance Plan,Mobile App,450000,6659000,115,1,5,749,9.2,400,No,No
CUST-03525,2024-09-26,September,9,Thursday,Q3,29,Male,Enugu,Farmer,Retail,Mobile Loan,Agent Banking,235000,1542000,36,2,29,722,6.8,600,No,No
CUST-03526,2024-03-18,March,3,Monday,Q1,43,Female,Kano,Doctor,Corporate,Mortgage,USSD,11892000,88335000,92,1,34,660,7.0,23800,No,No
CUST-03527,2024-06-21,June,6,Friday,Q2,41,Male,Kano,Lawyer,Premium,Mortgage,Branch,136000,620000,105,3,7,785,6.9,400,No,No
CUST-03528,2024-05-09,May,5,Thursday,Q2,18,Female,Port Harcourt,Trader,Student,Insurance Plan,USSD,21000,148000,5,2,43,463,9.5,0,No,No
CUST-03529,2024-03-17,March,3,Sunday,Q1,19,Male,Ibadan,Entrepreneur,Student,Mortgage,Mobile App,15000,119000,112,2,20,604,9.3,0,No,No
CUST-03530,2024-04-03,April,4,Wednesday,Q2,39,Male,Lagos,Entrepreneur,SME,Current Account,Agent Banking,156000,2337000,113,3,11,757,7.6,400,No,No
CUST-03531,2024-08-07,August,8,Wednesday,Q3,30,Female,Kano,Entrepreneur,SME,Insurance Plan,USSD,1532000,7802000,117,1,39,688,7.5,3100,Yes,No
CUST-03532,2024-06-20,June,6,Thursday,Q2,57,Male,Ibadan,Entrepreneur,SME,Investment Fund,USSD,330000,4470000,71,2,32,544,6.0,700,No,No
CUST-03533,2024-10-13,October,10,Sunday,Q4,40,Male,Port Harcourt,Trader,SME,Insurance Plan,Branch,406000,1356000,60,2,32,589,6.2,1200,No,No
CUST-03534,2024-12-17,December,12,Tuesday,Q4,30,Female,Ibadan,Doctor,Retail,Fixed Deposit,USSD,58000,428000,35,5,16,504,10.0,100,Yes,No
CUST-03535,2024-12-10,December,12,Tuesday,Q4,48,Male,Kano,Entrepreneur,SME,Fixed Deposit,Web Portal,67000,62000,2,1,37,696,8.3,100,Yes,No
CUST-03536,2024-03-18,March,3,Monday,Q1,25,Male,Kano,Teacher,Retail,Fixed Deposit,USSD,98000,110000,120,4,42,531,5.6,200,No,No
CUST-03537,2024-09-20,September,9,Friday,Q3,47,Male,Enugu,Civil Servant,Retail,Fixed Deposit,Mobile App,63000,698000,76,2,22,610,3.8,100,No,No
CUST-03538,2024-11-11,November,11,Monday,Q4,42,Male,Lagos,Student,Student,Investment Fund,USSD,47000,120000,46,1,9,571,6.0,100,No,No
CUST-03539,2024-09-26,September,9,Thursday,Q3,33,Male,Enugu,Trader,SME,Savings Account,Mobile App,413000,4903000,8,1,43,737,7.3,400,Yes,No
CUST-03540,2024-06-06,June,6,Thursday,Q2,19,Female,Kano,Doctor,Student,Mortgage,USSD,39000,105000,58,4,41,315,6.5,100,No,No
CUST-03541,2024-11-11,November,11,Monday,Q4,52,Female,Kano,Engineer,Premium,Savings Account,Agent Banking,682000,6284000,64,1,31,694,10.0,1700,No,No
CUST-03542,2024-11-29,November,11,Friday,Q4,33,Male,Lagos,Accountant,Corporate,Current Account,Branch,6906000,59310000,46,2,29,659,10.0,20700,No,No
CUST-03543,2024-10-07,October,10,Monday,Q4,35,Male,Enugu,Student,Student,Insurance Plan,Branch,5000,26000,57,2,31,579,8.0,0,Yes,No
CUST-03544,2024-04-11,April,4,Thursday,Q2,32,Male,Port Harcourt,Teacher,Retail,Savings Account,Branch,215000,1860000,61,3,6,440,7.5,600,Yes,No
CUST-03545,2024-09-14,September,9,Saturday,Q3,28,Male,Kano,Doctor,Retail,Credit Card,Web Portal,531000,3674000,100,3,23,597,10.0,800,No,No
CUST-03546,2024-06-23,June,6,Sunday,Q2,35,Male,Abuja,Entrepreneur,SME,Mortgage,Branch,192000,711000,113,1,5,681,8.1,600,No,No
CUST-03547,2024-06-12,June,6,Wednesday,Q2,41,Male,Ibadan,Doctor,Corporate,Mobile Loan,Branch,90000,554000,119,5,18,683,7.4,300,No,No
CUST-03548,2024-10-23,October,10,Wednesday,Q4,30,Female,Lagos,Trader,SME,Fixed Deposit,USSD,411000,4375000,1,5,29,642,7.9,800,No,No
CUST-03549,2024-04-15,April,4,Monday,Q2,37,Male,Ibadan,Doctor,Corporate,Credit Card,Mobile App,536000,782000,63,1,6,823,8.2,500,No,No
CUST-03550,2024-09-03,September,9,Tuesday,Q3,44,Female,Enugu,Student,Student,Savings Account,USSD,10000,93000,48,2,36,323,4.4,0,No,No
CUST-03551,2024-07-16,July,7,Tuesday,Q3,30,Female,Kano,Farmer,Retail,Credit Card,Mobile App,263000,2206000,65,1,5,645,8.7,300,No,No
CUST-03552,2024-05-20,May,5,Monday,Q2,52,Female,Ibadan,Lawyer,Corporate,Savings Account,Mobile App,398000,5187000,113,2,37,689,2.6,400,No,No
CUST-03553,2024-05-24,May,5,Friday,Q2,24,Male,Lagos,Engineer,Student,Savings Account,Web Portal,29000,179000,111,1,22,324,6.1,0,No,No
CUST-03554,2024-01-30,January,1,Tuesday,Q1,36,Male,Lagos,Engineer,Premium,Current Account,Branch,1065000,4662000,116,5,21,764,9.6,3200,Yes,No
CUST-03555,2024-03-13,March,3,Wednesday,Q1,46,Male,Lagos,Farmer,Retail,Investment Fund,Branch,94000,1315000,23,3,11,574,5.8,300,No,No
CUST-03556,2024-03-06,March,3,Wednesday,Q1,21,Female,Enugu,Accountant,Student,Fixed Deposit,Agent Banking,30000,62000,77,1,22,613,8.5,100,Yes,No
CUST-03557,2024-05-12,May,5,Sunday,Q2,54,Female,Abuja,Doctor,Premium,Mobile Loan,USSD,322000,321000,32,3,17,590,8.9,600,No,No
CUST-03558,2024-01-21,January,1,Sunday,Q1,37,Male,Ibadan,Civil Servant,Retail,Mortgage,Branch,69000,259000,89,1,23,625,6.2,200,No,No
CUST-03559,2024-02-04,February,2,Sunday,Q1,45,Female,Port Harcourt,Entrepreneur,SME,Investment Fund,Mobile App,349000,2191000,89,4,6,535,5.3,300,No,No
CUST-03560,2024-01-11,January,1,Thursday,Q1,30,Female,Kano,Engineer,Retail,Insurance Plan,Agent Banking,253000,2217000,12,3,15,599,5.7,600,No,No
CUST-03561,2024-01-19,January,1,Friday,Q1,61,Female,Ibadan,Farmer,Retail,Mortgage,Agent Banking,172000,609000,85,1,18,485,4.6,400,Yes,No
CUST-03562,2024-12-10,December,12,Tuesday,Q4,22,Female,Enugu,Entrepreneur,Student,Mobile Loan,Mobile App,35000,174000,7,2,36,467,8.3,0,No,No
CUST-03563,2024-05-28,May,5,Tuesday,Q2,37,Female,Ibadan,Teacher,Retail,Current Account,Mobile App,43000,123000,114,2,30,702,6.6,0,Yes,No
CUST-03564,2024-02-28,February,2,Wednesday,Q1,45,Female,Lagos,Trader,SME,Current Account,Mobile App,153000,780000,76,3,26,502,10.0,200,No,No
CUST-03565,2024-02-08,February,2,Thursday,Q1,37,Female,Enugu,Civil Servant,Retail,Fixed Deposit,Branch,71000,402000,60,1,44,744,8.6,200,No,No
CUST-03566,2024-08-27,August,8,Tuesday,Q3,26,Male,Kano,Engineer,Retail,Mortgage,Mobile App,104000,779000,90,3,39,789,6.3,100,Yes,No
CUST-03567,2024-06-19,June,6,Wednesday,Q2,58,Female,Abuja,Student,Student,Investment Fund,Agent Banking,17000,139000,105,2,12,333,8.1,0,No,No
CUST-03568,2024-09-07,September,9,Saturday,Q3,46,Female,Abuja,Entrepreneur,SME,Mortgage,USSD,395000,4489000,90,4,40,607,6.4,800,No,No
CUST-03569,2024-01-26,January,1,Friday,Q1,38,Male,Kano,Farmer,Retail,Mortgage,Branch,84000,752000,98,1,37,656,7.9,300,No,No
CUST-03570,2024-05-20,May,5,Monday,Q2,45,Female,Kano,Engineer,Corporate,Mortgage,Mobile App,8182000,10536000,95,2,3,799,8.3,8200,No,No
CUST-03571,2024-11-11,November,11,Monday,Q4,40,Male,Abuja,Farmer,Retail,Investment Fund,Web Portal,116000,1132000,17,1,42,661,6.3,200,No,No
CUST-03572,2024-09-10,September,9,Tuesday,Q3,31,Female,Lagos,Entrepreneur,SME,Mortgage,Web Portal,132000,1779000,30,2,35,530,4.7,200,No,No
CUST-03573,2024-11-21,November,11,Thursday,Q4,18,Female,Kano,Teacher,Student,Current Account,Mobile App,38000,249000,44,1,38,434,5.8,0,No,No
CUST-03574,2024-07-31,July,7,Wednesday,Q3,29,Female,Abuja,Doctor,Retail,Mortgage,Mobile App,513000,4875000,50,1,23,664,10.0,500,No,No
CUST-03575,2024-10-22,October,10,Tuesday,Q4,48,Female,Abuja,Engineer,Premium,Mobile Loan,Mobile App,285000,2340000,67,4,37,574,6.1,300,No,No
CUST-03576,2024-05-20,May,5,Monday,Q2,22,Female,Ibadan,Lawyer,Student,Credit Card,Mobile App,40000,484000,102,1,25,523,5.9,0,No,No
CUST-03577,2024-04-22,April,4,Monday,Q2,42,Male,Abuja,Entrepreneur,SME,Insurance Plan,Mobile App,369000,2144000,108,2,12,758,6.8,400,No,No
CUST-03578,2024-08-07,August,8,Wednesday,Q3,39,Male,Kano,Student,Student,Insurance Plan,Branch,7000,93000,86,3,10,610,7.5,0,No,No
CUST-03579,2024-08-04,August,8,Sunday,Q3,57,Male,Abuja,Engineer,Corporate,Credit Card,Mobile App,752000,3518000,85,1,12,799,5.7,800,No,No
CUST-03580,2024-07-26,July,7,Friday,Q3,35,Female,Lagos,Student,Student,Mobile Loan,Mobile App,24000,346000,30,1,40,520,7.9,0,No,No
CUST-03581,2024-06-29,June,6,Saturday,Q2,18,Male,Abuja,Trader,Student,Current Account,Web Portal,14000,22000,9,3,12,466,7.6,0,No,No
CUST-03582,2024-06-07,June,6,Friday,Q2,20,Female,Kano,Teacher,Student,Mortgage,USSD,18000,250000,118,1,12,526,9.7,0,No,No
CUST-03583,2024-09-19,September,9,Thursday,Q3,33,Male,Ibadan,Civil Servant,Retail,Mobile Loan,Agent Banking,213000,1066000,72,4,45,766,5.5,500,No,No
CUST-03584,2024-12-20,December,12,Friday,Q4,56,Female,Port Harcourt,Farmer,Retail,Savings Account,USSD,133000,1621000,112,5,18,568,7.1,300,No,No
CUST-03585,2024-03-17,March,3,Sunday,Q1,43,Female,Port Harcourt,Entrepreneur,SME,Insurance Plan,USSD,208000,1175000,31,2,8,576,7.5,400,No,No
CUST-03586,2024-12-04,December,12,Wednesday,Q4,22,Female,Enugu,Entrepreneur,Student,Current Account,USSD,21000,211000,110,1,5,425,2.8,0,Yes,No
CUST-03587,2024-11-03,November,11,Sunday,Q4,19,Female,Ibadan,Engineer,Student,Mobile Loan,Mobile App,6000,77000,1,1,5,332,5.3,0,Yes,No
CUST-03588,2024-07-30,July,7,Tuesday,Q3,43,Male,Port Harcourt,Entrepreneur,SME,Mobile Loan,Mobile App,436000,380000,111,1,26,703,9.4,400,No,No
CUST-03589,2024-06-08,June,6,Saturday,Q2,55,Male,Port Harcourt,Trader,SME,Credit Card,Agent Banking,64000,154000,53,3,45,566,9.5,200,No,No
CUST-03590,2024-02-27,February,2,Tuesday,Q1,43,Male,Port Harcourt,Lawyer,Corporate,Credit Card,Web Portal,2375000,28900000,94,3,31,800,8.1,3600,No,No
CUST-03591,2024-06-22,June,6,Saturday,Q2,51,Female,Kano,Accountant,Premium,Savings Account,Agent Banking,3415000,37920000,115,2,20,690,7.0,8500,No,No
CUST-03592,2024-09-05,September,9,Thursday,Q3,56,Female,Port Harcourt,Lawyer,Corporate,Investment Fund,USSD,10554000,34555000,111,1,16,838,3.2,21100,No,No
CUST-03593,2024-04-13,April,4,Saturday,Q2,37,Female,Kano,Lawyer,Corporate,Savings Account,Mobile App,1234000,4990000,12,3,10,625,8.0,1200,Yes,No
CUST-03594,2024-04-19,April,4,Friday,Q2,19,Male,Lagos,Lawyer,Student,Mobile Loan,Agent Banking,6000,65000,81,1,30,374,7.4,0,Yes,No
CUST-03595,2024-09-25,September,9,Wednesday,Q3,49,Female,Abuja,Student,Student,Credit Card,Agent Banking,12000,128000,59,1,35,495,4.8,0,Yes,No
CUST-03596,2024-07-31,July,7,Wednesday,Q3,33,Male,Enugu,Trader,SME,Insurance Plan,USSD,218000,1780000,12,3,23,800,9.0,400,No,No
CUST-03597,2024-12-09,December,12,Monday,Q4,36,Female,Lagos,Doctor,Corporate,Current Account,USSD,2807000,41240000,60,3,34,807,5.9,5600,No,No
CUST-03598,2024-02-19,February,2,Monday,Q1,18,Male,Enugu,Trader,Student,Mortgage,Agent Banking,10000,14000,4,1,37,487,8.5,0,No,No
CUST-03599,2024-10-22,October,10,Tuesday,Q4,37,Male,Abuja,Student,Student,Fixed Deposit,Agent Banking,22000,92000,69,1,7,580,9.0,100,No,No
CUST-03600,2024-06-18,June,6,Tuesday,Q2,25,Female,Enugu,Trader,SME,Investment Fund,Mobile App,1204000,16499000,32,5,39,697,9.2,1200,No,No
CUST-03601,2024-11-20,November,11,Wednesday,Q4,28,Female,Abuja,Civil Servant,Retail,Mortgage,Branch,121000,1432000,71,2,45,652,6.8,400,No,No
CUST-03602,2024-07-12,July,7,Friday,Q3,34,Female,Ibadan,Teacher,Retail,Savings Account,Web Portal,68000,601000,106,2,6,623,7.5,100,No,No
CUST-03603,2024-07-16,July,7,Tuesday,Q3,40,Male,Lagos,Teacher,Retail,Investment Fund,Agent Banking,114000,1084000,114,3,34,722,5.9,300,No,No
CUST-03604,2024-12-30,December,12,Monday,Q4,30,Male,Enugu,Civil Servant,Retail,Savings Account,USSD,46000,186000,61,2,28,613,8.5,100,No,No
CUST-03605,2024-02-11,February,2,Sunday,Q1,39,Female,Enugu,Trader,SME,Savings Account,Branch,230000,2966000,108,2,3,460,9.0,700,No,No
CUST-03606,2024-10-01,October,10,Tuesday,Q4,52,Female,Port Harcourt,Lawyer,Premium,Insurance Plan,Branch,768000,7164000,51,4,2,740,5.6,2300,No,No
CUST-03607,2024-10-04,October,10,Friday,Q4,37,Male,Port Harcourt,Entrepreneur,SME,Investment Fund,Branch,201000,979000,89,3,14,549,4.4,600,No,No
CUST-03608,2024-08-10,August,8,Saturday,Q3,26,Male,Lagos,Teacher,Retail,Credit Card,Mobile App,60000,350000,53,3,31,427,8.4,100,No,No
CUST-03609,2024-04-26,April,4,Friday,Q2,23,Female,Lagos,Entrepreneur,Student,Mortgage,Branch,62000,238000,17,2,41,377,7.2,200,No,No
CUST-03610,2024-09-12,September,9,Thursday,Q3,52,Male,Ibadan,Farmer,Retail,Mortgage,Web Portal,163000,2244000,3,2,29,474,5.1,200,No,No
CUST-03611,2024-03-02,March,3,Saturday,Q1,24,Male,Abuja,Entrepreneur,Student,Investment Fund,Mobile App,12000,176000,103,1,23,320,6.2,0,No,No
CUST-03612,2024-06-15,June,6,Saturday,Q2,29,Female,Enugu,Entrepreneur,SME,Mobile Loan,Mobile App,262000,1091000,22,1,1,749,8.3,300,No,No
CUST-03613,2024-05-30,May,5,Thursday,Q2,18,Male,Abuja,Farmer,Student,Current Account,Web Portal,67000,54000,5,4,11,581,7.6,100,No,No
CUST-03614,2024-02-14,February,2,Wednesday,Q1,32,Female,Lagos,Student,Student,Current Account,Web Portal,18000,15000,27,2,29,306,3.8,0,Yes,No
CUST-03615,2024-03-05,March,3,Tuesday,Q1,33,Female,Port Harcourt,Farmer,Retail,Current Account,Web Portal,132000,1557000,67,4,40,454,2.8,200,No,No
CUST-03616,2024-10-31,October,10,Thursday,Q4,44,Female,Enugu,Trader,SME,Current Account,Branch,844000,2750000,58,1,16,743,7.2,2500,No,No
CUST-03617,2024-05-07,May,5,Tuesday,Q2,20,Male,Lagos,Engineer,Student,Mortgage,Mobile App,20000,222000,66,1,29,538,4.4,0,No,No
CUST-03618,2024-11-16,November,11,Saturday,Q4,50,Female,Kano,Doctor,Corporate,Investment Fund,Mobile App,5359000,63647000,14,1,34,814,10.0,5400,No,No
CUST-03619,2024-05-29,May,5,Wednesday,Q2,18,Female,Kano,Entrepreneur,Student,Insurance Plan,Mobile App,54000,78000,86,3,19,456,6.5,100,No,No
CUST-03620,2024-04-23,April,4,Tuesday,Q2,45,Male,Port Harcourt,Doctor,Premium,Mortgage,Mobile App,618000,7084000,117,1,22,623,4.1,600,Yes,No
CUST-03621,2024-10-16,October,10,Wednesday,Q4,45,Male,Abuja,Accountant,Premium,Current Account,Web Portal,4524000,28960000,83,2,1,742,6.5,6800,No,No
CUST-03622,2024-04-19,April,4,Friday,Q2,38,Female,Ibadan,Lawyer,Corporate,Current Account,Branch,50000000,607942000,112,3,9,634,10.0,150000,No,Yes
CUST-03623,2024-10-21,October,10,Monday,Q4,56,Female,Enugu,Civil Servant,Retail,Credit Card,Branch,192000,1770000,47,1,15,783,7.5,600,Yes,No
CUST-03624,2024-11-17,November,11,Sunday,Q4,28,Female,Abuja,Trader,SME,Current Account,Mobile App,638000,2267000,23,1,12,596,9.1,600,No,No
CUST-03625,2024-07-21,July,7,Sunday,Q3,51,Female,Enugu,Accountant,Premium,Credit Card,Branch,893000,1851000,108,3,10,644,5.4,2700,No,No
CUST-03626,2024-05-24,May,5,Friday,Q2,57,Male,Port Harcourt,Farmer,Retail,Insurance Plan,USSD,87000,1300000,102,5,2,757,6.9,200,No,No
CUST-03627,2024-07-07,July,7,Sunday,Q3,41,Female,Enugu,Doctor,Premium,Mortgage,Mobile App,144000,430000,5,2,38,552,9.6,100,No,No
CUST-03628,2024-03-26,March,3,Tuesday,Q1,38,Male,Ibadan,Doctor,Corporate,Investment Fund,Branch,1651000,19311000,78,3,23,771,9.4,5000,No,No
CUST-03629,2024-03-31,March,3,Sunday,Q1,47,Male,Abuja,Accountant,Corporate,Current Account,Web Portal,7870000,18172000,70,1,33,693,6.7,11800,No,No
CUST-03630,2024-06-17,June,6,Monday,Q2,25,Male,Ibadan,Trader,SME,Investment Fund,USSD,1202000,13679000,90,2,1,767,9.1,2400,No,No
CUST-03631,2024-03-19,March,3,Tuesday,Q1,30,Female,Enugu,Doctor,Retail,Credit Card,Mobile App,22000,122000,91,3,39,527,6.4,0,No,No
CUST-03632,2024-02-24,February,2,Saturday,Q1,56,Female,Abuja,Accountant,Premium,Fixed Deposit,Mobile App,4153000,29497000,29,5,20,428,8.9,4200,No,No
CUST-03633,2024-01-25,January,1,Thursday,Q1,33,Female,Ibadan,Doctor,Premium,Current Account,Web Portal,669000,3946000,115,3,20,464,6.9,1000,No,No
CUST-03634,2024-03-23,March,3,Saturday,Q1,23,Female,Port Harcourt,Civil Servant,Student,Mobile Loan,Mobile App,25000,58000,114,2,24,425,8.3,0,Yes,No
CUST-03635,2024-10-25,October,10,Friday,Q4,43,Female,Port Harcourt,Engineer,Corporate,Investment Fund,Agent Banking,962000,12721000,118,3,16,730,8.1,2400,No,No
CUST-03636,2024-06-15,June,6,Saturday,Q2,39,Female,Enugu,Trader,SME,Current Account,Branch,270000,3649000,59,2,16,793,9.4,800,No,No
CUST-03637,2024-08-20,August,8,Tuesday,Q3,60,Female,Abuja,Farmer,Retail,Mortgage,Branch,638000,3889000,102,1,33,550,7.7,1900,Yes,No
CUST-03638,2024-05-23,May,5,Thursday,Q2,39,Female,Enugu,Civil Servant,Retail,Investment Fund,Mobile App,123000,293000,52,2,30,530,7.9,100,No,No
CUST-03639,2024-02-28,February,2,Wednesday,Q1,36,Female,Lagos,Student,Student,Current Account,USSD,8000,97000,15,3,19,359,6.5,0,No,No
CUST-03640,2024-07-17,July,7,Wednesday,Q3,30,Female,Port Harcourt,Farmer,Retail,Fixed Deposit,Web Portal,17000,63000,8,4,41,695,6.5,0,No,No
CUST-03641,2024-07-01,July,7,Monday,Q3,33,Male,Ibadan,Engineer,Premium,Current Account,Web Portal,545000,1799000,4,5,23,562,4.3,800,No,No
CUST-03642,2024-01-31,January,1,Wednesday,Q1,40,Female,Enugu,Trader,SME,Mobile Loan,Mobile App,275000,2258000,98,3,24,677,5.4,300,No,No
CUST-03643,2024-06-10,June,6,Monday,Q2,36,Male,Port Harcourt,Entrepreneur,SME,Insurance Plan,Mobile App,1576000,10921000,14,5,18,715,8.6,1600,No,No
CUST-03644,2024-03-13,March,3,Wednesday,Q1,46,Male,Abuja,Teacher,Retail,Investment Fund,Mobile App,128000,852000,19,1,4,739,6.2,100,No,No
CUST-03645,2024-03-02,March,3,Saturday,Q1,55,Female,Enugu,Student,Student,Mortgage,USSD,8000,48000,100,1,3,341,4.9,0,Yes,No
CUST-03646,2024-02-12,February,2,Monday,Q1,31,Female,Enugu,Accountant,Premium,Credit Card,Branch,385000,4043000,71,2,11,799,7.8,1200,No,No
CUST-03647,2024-01-19,January,1,Friday,Q1,36,Male,Lagos,Trader,SME,Current Account,Web Portal,277000,1676000,54,4,22,770,10.0,400,No,No
CUST-03648,2024-01-12,January,1,Friday,Q1,26,Female,Ibadan,Farmer,Retail,Mortgage,Mobile App,146000,1010000,116,4,23,560,8.4,100,No,No
CUST-03649,2024-09-25,September,9,Wednesday,Q3,43,Male,Enugu,Trader,SME,Current Account,Mobile App,219000,2958000,88,3,37,737,6.9,200,Yes,No
CUST-03650,2024-05-18,May,5,Saturday,Q2,48,Male,Ibadan,Accountant,Premium,Current Account,Agent Banking,4907000,15329000,87,1,4,530,6.9,12300,Yes,No
CUST-03651,2024-04-19,April,4,Friday,Q2,18,Male,Lagos,Student,Student,Mobile Loan,Mobile App,19000,59000,96,3,2,551,7.5,0,No,No
CUST-03652,2024-10-12,October,10,Saturday,Q4,25,Female,Enugu,Teacher,Retail,Savings Account,Web Portal,47000,522000,47,5,5,566,7.1,100,No,No
CUST-03653,2024-02-03,February,2,Saturday,Q1,18,Male,Enugu,Doctor,Student,Credit Card,USSD,12000,98000,66,1,18,312,8.0,0,Yes,No
CUST-03654,2024-05-16,May,5,Thursday,Q2,43,Male,Enugu,Farmer,Retail,Credit Card,Mobile App,85000,412000,14,5,12,586,6.0,100,No,No
CUST-03655,2024-03-18,March,3,Monday,Q1,45,Male,Enugu,Student,Student,Savings Account,Mobile App,27000,347000,42,1,34,600,8.1,0,No,No
CUST-03656,2024-10-14,October,10,Monday,Q4,33,Female,Port Harcourt,Engineer,Premium,Investment Fund,Web Portal,682000,4768000,81,1,19,578,5.0,1000,No,No
CUST-03657,2024-04-21,April,4,Sunday,Q2,19,Male,Ibadan,Civil Servant,Student,Investment Fund,Web Portal,6000,17000,25,3,20,420,8.0,0,No,No
CUST-03658,2024-06-01,June,6,Saturday,Q2,35,Male,Enugu,Student,Student,Credit Card,Mobile App,5000,63000,84,1,36,339,8.0,0,No,No
CUST-03659,2024-03-27,March,3,Wednesday,Q1,59,Female,Abuja,Student,Student,Fixed Deposit,Branch,32000,186000,107,3,6,477,6.4,100,Yes,No
CUST-03660,2024-11-30,November,11,Saturday,Q4,38,Female,Kano,Teacher,Retail,Fixed Deposit,Mobile App,318000,4381000,103,2,18,543,7.3,300,Yes,No
CUST-03661,2024-04-05,April,4,Friday,Q2,22,Female,Ibadan,Doctor,Student,Mortgage,Agent Banking,32000,67000,61,1,29,429,6.5,100,No,No
CUST-03662,2024-06-11,June,6,Tuesday,Q2,48,Male,Lagos,Entrepreneur,SME,Mobile Loan,Mobile App,185000,764000,77,2,38,685,8.5,200,No,No
CUST-03663,2024-01-28,January,1,Sunday,Q1,27,Female,Enugu,Doctor,Retail,Savings Account,Mobile App,70000,998000,15,1,29,586,9.2,100,No,No
CUST-03664,2024-10-08,October,10,Tuesday,Q4,33,Male,Lagos,Doctor,Premium,Investment Fund,Mobile App,260000,1346000,86,2,12,692,5.2,300,No,No
CUST-03665,2024-11-13,November,11,Wednesday,Q4,25,Female,Kano,Doctor,Retail,Current Account,Web Portal,556000,6925000,101,5,1,659,7.5,800,No,No
CUST-03666,2024-01-26,January,1,Friday,Q1,40,Female,Port Harcourt,Engineer,Premium,Mobile Loan,Branch,843000,4202000,106,1,12,642,5.3,2500,No,No
CUST-03667,2024-10-27,October,10,Sunday,Q4,31,Male,Kano,Accountant,Corporate,Credit Card,USSD,9133000,10036000,48,2,6,750,6.6,18300,No,No
CUST-03668,2024-12-17,December,12,Tuesday,Q4,26,Female,Port Harcourt,Civil Servant,Retail,Savings Account,Agent Banking,33000,287000,108,3,26,536,10.0,100,No,No
CUST-03669,2024-04-07,April,4,Sunday,Q2,46,Female,Kano,Entrepreneur,SME,Fixed Deposit,USSD,168000,1785000,25,4,2,552,6.3,300,No,No
CUST-03670,2024-05-23,May,5,Thursday,Q2,27,Female,Ibadan,Entrepreneur,SME,Fixed Deposit,Mobile App,318000,2020000,111,3,27,562,5.2,300,No,No
CUST-03671,2024-01-23,January,1,Tuesday,Q1,18,Male,Port Harcourt,Lawyer,Student,Investment Fund,Web Portal,12000,169000,40,2,36,311,1.0,0,No,No
CUST-03672,2024-01-18,January,1,Thursday,Q1,48,Male,Kano,Entrepreneur,SME,Current Account,USSD,449000,6331000,22,2,42,463,10.0,900,No,No
CUST-03673,2024-11-05,November,11,Tuesday,Q4,43,Male,Kano,Student,Student,Investment Fund,Mobile App,5000,38000,108,1,14,511,2.9,0,No,No
CUST-03674,2024-09-07,September,9,Saturday,Q3,45,Female,Kano,Student,Student,Investment Fund,Web Portal,19000,234000,39,1,34,486,7.6,0,No,No
CUST-03675,2024-09-11,September,9,Wednesday,Q3,47,Female,Kano,Accountant,Premium,Investment Fund,Web Portal,1325000,19057000,104,1,2,719,8.4,2000,No,No
CUST-03676,2024-11-01,November,11,Friday,Q4,54,Female,Enugu,Student,Student,Investment Fund,Web Portal,10000,51000,9,5,21,319,5.9,0,Yes,No
CUST-03677,2024-01-04,January,1,Thursday,Q1,40,Male,Kano,Lawyer,Premium,Insurance Plan,USSD,1069000,4423000,26,2,33,475,8.6,2100,No,No
CUST-03678,2024-06-24,June,6,Monday,Q2,33,Female,Lagos,Doctor,Premium,Investment Fund,Web Portal,3017000,28925000,15,4,36,652,7.1,4500,No,No
CUST-03679,2024-05-14,May,5,Tuesday,Q2,25,Female,Port Harcourt,Teacher,Retail,Savings Account,Mobile App,69000,934000,96,2,37,612,7.5,100,No,No
CUST-03680,2024-01-10,January,1,Wednesday,Q1,50,Male,Port Harcourt,Lawyer,Premium,Current Account,Web Portal,171000,2413000,94,4,37,729,5.0,300,No,No
CUST-03681,2024-06-12,June,6,Wednesday,Q2,62,Female,Lagos,Engineer,Corporate,Current Account,USSD,4788000,25917000,77,3,25,817,3.4,9600,No,No
CUST-03682,2024-05-09,May,5,Thursday,Q2,36,Male,Abuja,Farmer,Retail,Fixed Deposit,Agent Banking,24000,42000,118,1,36,733,6.7,100,No,No
CUST-03683,2024-05-22,May,5,Wednesday,Q2,18,Female,Abuja,Lawyer,Student,Investment Fund,USSD,4000,45000,12,1,3,547,6.5,0,No,No
CUST-03684,2024-04-27,April,4,Saturday,Q2,27,Male,Lagos,Doctor,Retail,Fixed Deposit,Web Portal,292000,3269000,3,2,37,686,6.6,400,No,No
CUST-03685,2024-11-06,November,11,Wednesday,Q4,37,Male,Lagos,Civil Servant,Retail,Mortgage,Branch,277000,1371000,12,1,30,632,6.8,800,No,No
CUST-03686,2024-02-07,February,2,Wednesday,Q1,45,Male,Kano,Entrepreneur,SME,Mortgage,Branch,1501000,1378000,100,2,17,740,8.4,4500,Yes,No
CUST-03687,2024-06-22,June,6,Saturday,Q2,45,Male,Ibadan,Teacher,Retail,Mortgage,Branch,195000,1097000,52,3,24,634,10.0,600,Yes,No
CUST-03688,2024-12-05,December,12,Thursday,Q4,48,Male,Ibadan,Civil Servant,Retail,Mobile Loan,Web Portal,287000,324000,45,2,32,630,9.2,400,No,No
CUST-03689,2024-03-27,March,3,Wednesday,Q1,59,Female,Ibadan,Civil Servant,Retail,Savings Account,Branch,341000,595000,58,1,12,667,6.6,1000,No,No
CUST-03690,2024-05-30,May,5,Thursday,Q2,54,Male,Lagos,Student,Student,Investment Fund,Branch,15000,132000,93,1,22,403,8.4,0,Yes,No
CUST-03691,2024-02-19,February,2,Monday,Q1,52,Male,Port Harcourt,Teacher,Retail,Current Account,Agent Banking,47000,265000,107,1,45,509,7.4,100,No,No
CUST-03692,2024-03-01,March,3,Friday,Q1,72,Male,Lagos,Student,Student,Mortgage,Web Portal,8000,103000,15,4,29,531,7.0,0,No,No
CUST-03693,2024-08-15,August,8,Thursday,Q3,18,Female,Enugu,Lawyer,Student,Fixed Deposit,Agent Banking,22000,292000,31,3,2,541,10.0,100,No,No
CUST-03694,2024-04-13,April,4,Saturday,Q2,36,Female,Port Harcourt,Lawyer,Corporate,Insurance Plan,Agent Banking,3980000,16613000,10,5,7,781,7.9,10000,No,No
CUST-03695,2024-09-20,September,9,Friday,Q3,36,Female,Ibadan,Lawyer,Corporate,Insurance Plan,Web Portal,2948000,3906000,13,3,14,827,5.8,4400,No,No
CUST-03696,2024-01-16,January,1,Tuesday,Q1,18,Male,Kano,Trader,Student,Savings Account,Agent Banking,13000,147000,63,3,43,344,4.4,0,Yes,No
CUST-03697,2024-03-07,March,3,Thursday,Q1,43,Male,Enugu,Entrepreneur,SME,Mobile Loan,USSD,827000,6322000,120,4,16,795,8.4,1700,Yes,No
CUST-03698,2024-12-28,December,12,Saturday,Q4,60,Male,Port Harcourt,Student,Student,Insurance Plan,USSD,8000,47000,88,3,38,597,10.0,0,No,No
CUST-03699,2024-06-06,June,6,Thursday,Q2,38,Male,Enugu,Lawyer,Premium,Credit Card,Branch,166000,2335000,94,5,27,712,6.7,500,No,No
CUST-03700,2024-10-08,October,10,Tuesday,Q4,34,Male,Lagos,Trader,SME,Insurance Plan,Mobile App,476000,1841000,100,1,5,484,6.3,500,No,No
CUST-03701,2024-12-17,December,12,Tuesday,Q4,35,Male,Lagos,Accountant,Premium,Investment Fund,Mobile App,1774000,21941000,21,2,27,515,7.7,1800,No,No
CUST-03702,2024-09-16,September,9,Monday,Q3,49,Male,Enugu,Trader,SME,Mortgage,Web Portal,781000,8425000,66,4,25,706,6.0,1200,No,No
CUST-03703,2024-03-06,March,3,Wednesday,Q1,55,Female,Kano,Accountant,Premium,Mobile Loan,Web Portal,906000,8395000,99,1,11,538,8.3,1400,Yes,No
CUST-03704,2024-10-17,October,10,Thursday,Q4,22,Female,Port Harcourt,Entrepreneur,Student,Mobile Loan,Mobile App,6000,42000,22,2,4,456,5.5,0,No,No
CUST-03705,2024-05-14,May,5,Tuesday,Q2,47,Male,Port Harcourt,Engineer,Corporate,Fixed Deposit,Agent Banking,2145000,10759000,32,1,34,777,6.9,5400,No,No
CUST-03706,2024-06-27,June,6,Thursday,Q2,37,Female,Lagos,Trader,SME,Mobile Loan,USSD,118000,1541000,12,4,34,755,2.4,200,No,No
CUST-03707,2024-02-29,February,2,Thursday,Q1,45,Female,Kano,Student,Student,Insurance Plan,Branch,24000,71000,12,1,18,307,4.4,100,No,No
CUST-03708,2024-01-25,January,1,Thursday,Q1,43,Male,Enugu,Accountant,Corporate,Credit Card,USSD,11807000,83958000,30,1,31,633,10.0,23600,Yes,No
CUST-03709,2024-08-17,August,8,Saturday,Q3,33,Male,Port Harcourt,Accountant,Premium,Mortgage,Web Portal,294000,3820000,48,4,27,444,6.7,400,No,No
CUST-03710,2024-04-11,April,4,Thursday,Q2,36,Male,Enugu,Civil Servant,Retail,Savings Account,Branch,158000,1905000,72,1,31,760,6.9,500,No,No
CUST-03711,2024-08-29,August,8,Thursday,Q3,48,Male,Lagos,Engineer,Premium,Savings Account,Agent Banking,1380000,14349000,68,1,22,645,5.3,3400,No,No
CUST-03712,2024-07-09,July,7,Tuesday,Q3,38,Male,Lagos,Civil Servant,Retail,Credit Card,Mobile App,323000,1980000,65,5,29,476,5.9,300,No,No
CUST-03713,2024-12-29,December,12,Sunday,Q4,43,Female,Port Harcourt,Lawyer,Premium,Credit Card,USSD,2154000,11270000,22,2,26,517,7.1,4300,No,No
CUST-03714,2024-12-11,December,12,Wednesday,Q4,67,Male,Ibadan,Trader,SME,Savings Account,Branch,554000,3161000,58,5,31,566,10.0,1700,Yes,No
CUST-03715,2024-06-28,June,6,Friday,Q2,41,Male,Enugu,Trader,SME,Investment Fund,Branch,503000,2211000,111,1,35,755,7.6,1500,No,No
CUST-03716,2024-06-16,June,6,Sunday,Q2,57,Male,Abuja,Engineer,Corporate,Savings Account,Branch,2619000,6565000,4,2,35,682,9.0,7900,No,No
CUST-03717,2024-02-17,February,2,Saturday,Q1,45,Male,Kano,Farmer,Retail,Mobile Loan,Branch,688000,939000,26,1,35,686,3.0,2100,Yes,No
CUST-03718,2024-05-29,May,5,Wednesday,Q2,45,Female,Port Harcourt,Lawyer,Premium,Mortgage,Web Portal,221000,785000,33,5,3,440,7.1,300,No,No
CUST-03719,2024-09-26,September,9,Thursday,Q3,35,Female,Enugu,Student,Student,Mortgage,Agent Banking,9000,113000,12,1,24,512,5.9,0,Yes,No
CUST-03720,2024-07-09,July,7,Tuesday,Q3,20,Male,Kano,Engineer,Student,Mobile Loan,Web Portal,26000,74000,51,2,13,473,5.4,0,No,No
CUST-03721,2024-04-26,April,4,Friday,Q2,29,Male,Port Harcourt,Civil Servant,Retail,Current Account,Mobile App,38000,323000,63,1,2,582,5.4,0,Yes,No
CUST-03722,2024-01-19,January,1,Friday,Q1,36,Male,Abuja,Entrepreneur,SME,Mobile Loan,Web Portal,785000,11753000,73,4,16,550,5.0,1200,No,No
CUST-03723,2024-03-02,March,3,Saturday,Q1,45,Male,Lagos,Entrepreneur,SME,Investment Fund,Mobile App,590000,3967000,10,2,5,440,7.1,600,No,No
CUST-03724,2024-10-08,October,10,Tuesday,Q4,33,Male,Lagos,Engineer,Corporate,Investment Fund,Mobile App,451000,4012000,101,3,17,785,9.3,500,No,No
CUST-03725,2024-12-01,December,12,Sunday,Q4,42,Female,Ibadan,Engineer,Premium,Current Account,Web Portal,1886000,21857000,19,4,27,603,5.6,2800,No,No
CUST-03726,2024-11-29,November,11,Friday,Q4,53,Female,Enugu,Teacher,Retail,Savings Account,Agent Banking,214000,1831000,93,4,31,464,6.3,500,No,No
CUST-03727,2024-11-13,November,11,Wednesday,Q4,37,Female,Enugu,Entrepreneur,SME,Fixed Deposit,Branch,424000,2166000,114,1,13,620,4.2,1300,Yes,No
CUST-03728,2024-04-02,April,4,Tuesday,Q2,37,Female,Enugu,Accountant,Corporate,Investment Fund,Mobile App,5063000,20411000,25,1,28,782,9.9,5100,No,No
CUST-03729,2024-06-24,June,6,Monday,Q2,53,Male,Kano,Trader,SME,Insurance Plan,Branch,204000,1951000,1,3,34,668,7.2,600,No,No
CUST-03730,2024-02-13,February,2,Tuesday,Q1,19,Male,Enugu,Farmer,Student,Current Account,Web Portal,53000,281000,67,2,12,405,8.7,100,No,No
CUST-03731,2024-11-06,November,11,Wednesday,Q4,18,Male,Enugu,Farmer,Student,Fixed Deposit,Web Portal,37000,257000,2,4,34,568,7.9,100,Yes,No
CUST-03732,2024-07-31,July,7,Wednesday,Q3,37,Male,Kano,Teacher,Retail,Mortgage,Web Portal,19000,169000,47,1,4,611,7.9,0,Yes,No
CUST-03733,2024-09-25,September,9,Wednesday,Q3,29,Female,Port Harcourt,Trader,SME,Fixed Deposit,Mobile App,572000,6353000,17,4,6,434,7.7,600,No,No
CUST-03734,2024-04-16,April,4,Tuesday,Q2,31,Female,Port Harcourt,Lawyer,Premium,Savings Account,Branch,3123000,18817000,99,2,42,428,5.2,9400,Yes,No
CUST-03735,2024-09-18,September,9,Wednesday,Q3,32,Female,Port Harcourt,Entrepreneur,SME,Fixed Deposit,Branch,231000,1379000,63,5,33,772,6.9,700,No,No
CUST-03736,2024-11-20,November,11,Wednesday,Q4,43,Male,Enugu,Student,Student,Savings Account,Mobile App,9000,69000,20,3,27,453,7.8,0,No,No
CUST-03737,2024-07-01,July,7,Monday,Q3,51,Male,Ibadan,Teacher,Retail,Savings Account,Mobile App,129000,186000,47,3,15,550,5.7,100,No,No
CUST-03738,2024-08-03,August,8,Saturday,Q3,44,Male,Abuja,Trader,SME,Mobile Loan,USSD,1940000,17482000,37,5,21,553,8.4,3900,No,No
CUST-03739,2024-01-27,January,1,Saturday,Q1,64,Male,Ibadan,Engineer,Corporate,Mobile Loan,Mobile App,269000,2204000,118,1,1,755,7.6,300,No,No
CUST-03740,2024-01-13,January,1,Saturday,Q1,33,Female,Abuja,Teacher,Retail,Mortgage,Mobile App,24000,122000,27,3,14,470,7.6,0,Yes,No
CUST-03741,2024-12-06,December,12,Friday,Q4,43,Female,Lagos,Entrepreneur,SME,Credit Card,Mobile App,1344000,4423000,79,1,9,495,8.3,1300,No,No
CUST-03742,2024-06-13,June,6,Thursday,Q2,47,Female,Lagos,Engineer,Premium,Current Account,Agent Banking,423000,1434000,1,2,43,762,7.5,1100,No,No
CUST-03743,2024-09-21,September,9,Saturday,Q3,18,Male,Ibadan,Civil Servant,Student,Investment Fund,Mobile App,11000,125000,67,2,26,356,5.3,0,No,No
CUST-03744,2024-06-25,June,6,Tuesday,Q2,41,Male,Kano,Accountant,Corporate,Insurance Plan,Agent Banking,651000,4891000,64,2,42,623,8.6,1600,No,No
CUST-03745,2024-02-24,February,2,Saturday,Q1,38,Male,Enugu,Trader,SME,Mortgage,Branch,445000,6019000,68,2,32,580,9.5,1300,No,No
CUST-03746,2024-09-26,September,9,Thursday,Q3,54,Male,Port Harcourt,Engineer,Corporate,Fixed Deposit,USSD,3899000,49603000,7,2,34,713,8.2,7800,No,No
CUST-03747,2024-05-14,May,5,Tuesday,Q2,34,Female,Enugu,Civil Servant,Retail,Mortgage,Mobile App,283000,989000,38,2,7,486,10.0,300,Yes,No
CUST-03748,2024-06-07,June,6,Friday,Q2,44,Female,Lagos,Doctor,Corporate,Insurance Plan,Branch,924000,5322000,59,5,12,760,5.9,2800,No,No
CUST-03749,2024-06-03,June,6,Monday,Q2,29,Male,Port Harcourt,Entrepreneur,SME,Current Account,USSD,98000,558000,17,3,10,564,7.3,200,No,No
CUST-03750,2024-06-04,June,6,Tuesday,Q2,65,Male,Abuja,Lawyer,Corporate,Savings Account,Web Portal,2274000,25551000,98,2,17,796,2.8,3400,No,No
CUST-03751,2024-01-17,January,1,Wednesday,Q1,44,Male,Abuja,Accountant,Premium,Mortgage,Branch,335000,2289000,54,1,40,522,7.6,1000,Yes,No
CUST-03752,2024-01-12,January,1,Friday,Q1,43,Male,Lagos,Lawyer,Premium,Investment Fund,Branch,292000,3390000,78,1,2,675,7.0,900,Yes,No
CUST-03753,2024-05-14,May,5,Tuesday,Q2,20,Female,Kano,Student,Student,Investment Fund,Web Portal,9000,105000,33,3,25,490,6.3,0,No,No
CUST-03754,2024-04-03,April,4,Wednesday,Q2,34,Female,Lagos,Teacher,Retail,Mortgage,Web Portal,387000,5151000,84,2,4,474,6.5,600,No,No
CUST-03755,2024-05-29,May,5,Wednesday,Q2,33,Female,Lagos,Teacher,Retail,Savings Account,Web Portal,99000,105000,5,5,15,468,6.1,100,Yes,No
CUST-03756,2024-09-11,September,9,Wednesday,Q3,34,Male,Port Harcourt,Accountant,Corporate,Insurance Plan,Branch,3120000,32470000,49,4,39,677,10.0,9400,No,No
CUST-03757,2024-08-18,August,8,Sunday,Q3,18,Female,Enugu,Engineer,Student,Fixed Deposit,USSD,8000,26000,103,2,44,488,8.4,0,Yes,No
CUST-03758,2024-03-23,March,3,Saturday,Q1,53,Female,Port Harcourt,Farmer,Retail,Mortgage,Branch,33000,118000,102,4,4,467,5.5,100,Yes,No
CUST-03759,2024-07-31,July,7,Wednesday,Q3,33,Male,Enugu,Accountant,Premium,Savings Account,Agent Banking,572000,1466000,112,1,25,759,4.7,1400,No,No
CUST-03760,2024-12-26,December,12,Thursday,Q4,39,Female,Kano,Doctor,Corporate,Mortgage,Mobile App,688000,3863000,48,5,45,653,7.6,700,No,No
CUST-03761,2024-08-08,August,8,Thursday,Q3,48,Female,Enugu,Doctor,Premium,Fixed Deposit,Web Portal,594000,1061000,118,3,9,636,4.5,900,Yes,No
CUST-03762,2024-08-01,August,8,Thursday,Q3,49,Male,Lagos,Accountant,Corporate,Credit Card,Web Portal,910000,8025000,88,1,2,710,7.9,1400,No,No
CUST-03763,2024-11-04,November,11,Monday,Q4,45,Female,Enugu,Student,Student,Current Account,Branch,15000,78000,52,2,29,368,7.5,0,No,No
CUST-03764,2024-10-13,October,10,Sunday,Q4,44,Male,Kano,Teacher,Retail,Mobile Loan,Mobile App,145000,2080000,85,3,21,618,6.6,100,No,No
CUST-03765,2024-10-08,October,10,Tuesday,Q4,43,Male,Ibadan,Entrepreneur,SME,Current Account,Mobile App,364000,2549000,80,1,6,771,6.1,400,No,No
CUST-03766,2024-12-19,December,12,Thursday,Q4,18,Male,Enugu,Civil Servant,Student,Savings Account,Mobile App,22000,68000,94,3,38,566,5.8,0,No,No
CUST-03767,2024-04-26,April,4,Friday,Q2,27,Male,Port Harcourt,Farmer,Retail,Savings Account,Mobile App,238000,1257000,72,1,20,476,4.0,200,No,No
CUST-03768,2024-02-03,February,2,Saturday,Q1,38,Male,Lagos,Civil Servant,Retail,Current Account,Agent Banking,379000,2917000,98,1,1,444,9.9,900,Yes,No
CUST-03769,2024-04-14,April,4,Sunday,Q2,25,Male,Abuja,Civil Servant,Retail,Mobile Loan,USSD,83000,1055000,28,3,38,611,8.4,200,Yes,No
CUST-03770,2024-05-18,May,5,Saturday,Q2,24,Female,Lagos,Entrepreneur,Student,Savings Account,USSD,28000,142000,82,2,27,525,6.6,100,No,No
CUST-03771,2024-03-14,March,3,Thursday,Q1,41,Male,Abuja,Doctor,Premium,Fixed Deposit,USSD,1229000,8914000,70,1,4,683,8.5,2500,No,No
CUST-03772,2024-10-03,October,10,Thursday,Q4,69,Female,Abuja,Lawyer,Premium,Credit Card,Agent Banking,175000,1826000,25,2,22,611,5.6,400,No,No
CUST-03773,2024-03-19,March,3,Tuesday,Q1,27,Male,Enugu,Trader,SME,Investment Fund,Mobile App,1383000,17562000,62,5,31,708,7.5,1400,No,No
CUST-03774,2024-07-28,July,7,Sunday,Q3,36,Male,Kano,Farmer,Retail,Savings Account,Mobile App,48000,219000,84,2,9,794,7.4,0,No,No
CUST-03775,2024-02-14,February,2,Wednesday,Q1,23,Female,Port Harcourt,Student,Student,Fixed Deposit,Mobile App,8000,36000,45,2,36,341,7.3,0,No,No
CUST-03776,2024-01-23,January,1,Tuesday,Q1,32,Male,Abuja,Entrepreneur,SME,Mobile Loan,Mobile App,589000,1623000,14,2,16,747,6.4,600,No,No
CUST-03777,2024-05-25,May,5,Saturday,Q2,53,Female,Port Harcourt,Accountant,Corporate,Savings Account,Web Portal,13116000,133346000,100,1,13,778,10.0,19700,No,No
CUST-03778,2024-08-12,August,8,Monday,Q3,34,Male,Port Harcourt,Accountant,Corporate,Insurance Plan,Branch,2624000,34760000,48,5,13,627,6.7,7900,No,No
CUST-03779,2024-10-27,October,10,Sunday,Q4,67,Female,Port Harcourt,Farmer,Retail,Credit Card,Mobile App,342000,924000,38,1,11,580,7.1,300,No,No
CUST-03780,2024-05-29,May,5,Wednesday,Q2,30,Male,Ibadan,Civil Servant,Retail,Investment Fund,USSD,130000,836000,64,3,11,769,4.4,300,Yes,No
CUST-03781,2024-09-12,September,9,Thursday,Q3,28,Female,Enugu,Engineer,Retail,Mobile Loan,Mobile App,671000,9824000,15,2,15,647,7.7,700,No,No
CUST-03782,2024-02-09,February,2,Friday,Q1,29,Male,Lagos,Doctor,Retail,Savings Account,Mobile App,29000,153000,67,1,32,610,8.8,0,No,No
CUST-03783,2024-07-17,July,7,Wednesday,Q3,29,Male,Ibadan,Lawyer,Retail,Insurance Plan,Mobile App,113000,844000,90,2,22,593,10.0,100,No,No
CUST-03784,2024-12-15,December,12,Sunday,Q4,22,Female,Ibadan,Civil Servant,Student,Savings Account,USSD,32000,370000,25,1,19,318,8.7,100,No,No
CUST-03785,2024-08-11,August,8,Sunday,Q3,42,Female,Ibadan,Accountant,Corporate,Current Account,USSD,4915000,21211000,81,1,4,788,7.4,9800,No,No
CUST-03786,2024-08-22,August,8,Thursday,Q3,27,Female,Lagos,Student,Student,Credit Card,Agent Banking,8000,20000,80,2,28,482,6.4,0,No,No
CUST-03787,2024-05-19,May,5,Sunday,Q2,51,Female,Abuja,Lawyer,Premium,Mobile Loan,Web Portal,1623000,13291000,118,2,23,512,9.3,2400,No,No
CUST-03788,2024-09-19,September,9,Thursday,Q3,47,Male,Enugu,Student,Student,Current Account,Web Portal,18000,198000,80,2,9,406,9.8,0,Yes,No
CUST-03789,2024-02-01,February,2,Thursday,Q1,47,Female,Ibadan,Trader,SME,Mobile Loan,Agent Banking,112000,735000,115,1,37,697,7.8,300,No,No
CUST-03790,2024-05-23,May,5,Thursday,Q2,41,Female,Kano,Farmer,Retail,Fixed Deposit,Branch,55000,229000,53,2,9,493,8.2,200,No,No
CUST-03791,2024-07-05,July,7,Friday,Q3,36,Female,Abuja,Teacher,Retail,Insurance Plan,USSD,188000,946000,102,5,4,634,9.2,400,No,No
CUST-03792,2024-09-23,September,9,Monday,Q3,42,Male,Abuja,Farmer,Retail,Investment Fund,Agent Banking,148000,1676000,109,3,30,449,5.2,400,Yes,No
CUST-03793,2024-11-23,November,11,Saturday,Q4,56,Male,Abuja,Civil Servant,Retail,Mortgage,Mobile App,164000,703000,15,2,8,704,5.9,200,No,No
CUST-03794,2024-04-21,April,4,Sunday,Q2,44,Female,Abuja,Engineer,Premium,Mortgage,Mobile App,1615000,12155000,17,1,39,605,9.2,1600,No,No
CUST-03795,2024-02-15,February,2,Thursday,Q1,34,Female,Kano,Engineer,Premium,Mobile Loan,Mobile App,507000,3809000,96,1,21,612,7.3,500,No,No
CUST-03796,2024-08-02,August,8,Friday,Q3,46,Female,Port Harcourt,Engineer,Premium,Mortgage,Mobile App,732000,5114000,82,5,19,611,8.6,700,No,No
CUST-03797,2024-02-18,February,2,Sunday,Q1,35,Female,Lagos,Accountant,Premium,Credit Card,Web Portal,365000,5372000,11,1,42,786,7.6,500,No,No
CUST-03798,2024-02-03,February,2,Saturday,Q1,56,Female,Port Harcourt,Entrepreneur,SME,Current Account,Branch,588000,7606000,87,3,33,593,7.1,1800,No,No
CUST-03799,2024-03-17,March,3,Sunday,Q1,31,Female,Enugu,Farmer,Retail,Savings Account,Mobile App,127000,769000,68,3,11,656,9.2,100,No,No
CUST-03800,2024-02-18,February,2,Sunday,Q1,42,Female,Enugu,Doctor,Corporate,Investment Fund,Branch,4722000,4865000,33,5,11,756,7.3,14200,No,No
CUST-03801,2024-08-20,August,8,Tuesday,Q3,39,Female,Lagos,Farmer,Retail,Insurance Plan,Branch,125000,1698000,99,2,28,738,6.9,400,No,No
CUST-03802,2024-09-27,September,9,Friday,Q3,22,Female,Abuja,Student,Student,Mobile Loan,Mobile App,43000,546000,15,4,37,594,7.2,0,No,No
CUST-03803,2024-05-31,May,5,Friday,Q2,36,Female,Abuja,Lawyer,Premium,Fixed Deposit,Agent Banking,9481000,60869000,104,3,22,520,7.2,23700,Yes,No
CUST-03804,2024-09-02,September,9,Monday,Q3,38,Male,Lagos,Civil Servant,Retail,Mortgage,USSD,107000,542000,36,2,1,704,7.8,200,No,No
CUST-03805,2024-08-26,August,8,Monday,Q3,35,Male,Enugu,Accountant,Premium,Savings Account,Agent Banking,1102000,13739000,120,1,39,548,4.9,2800,Yes,No
CUST-03806,2024-02-16,February,2,Friday,Q1,51,Female,Abuja,Entrepreneur,SME,Credit Card,Agent Banking,181000,2710000,91,2,35,742,5.8,500,No,No
CUST-03807,2024-01-20,January,1,Saturday,Q1,29,Male,Lagos,Teacher,Retail,Current Account,Agent Banking,100000,1049000,29,5,17,633,2.8,200,No,No
CUST-03808,2024-03-15,March,3,Friday,Q1,45,Male,Ibadan,Civil Servant,Retail,Mobile Loan,Branch,250000,2680000,108,3,31,632,7.4,800,No,No
CUST-03809,2024-12-04,December,12,Wednesday,Q4,43,Male,Abuja,Civil Servant,Retail,Investment Fund,USSD,65000,886000,68,1,10,784,6.7,100,No,No
CUST-03810,2024-02-25,February,2,Sunday,Q1,18,Male,Enugu,Teacher,Student,Mobile Loan,Web Portal,12000,56000,79,4,40,501,7.7,0,Yes,No
CUST-03811,2024-06-09,June,6,Sunday,Q2,28,Male,Enugu,Accountant,Retail,Current Account,Web Portal,77000,84000,12,3,13,468,6.6,100,No,No
CUST-03812,2024-02-19,February,2,Monday,Q1,51,Male,Port Harcourt,Engineer,Premium,Current Account,USSD,3271000,34509000,6,4,17,632,7.7,6500,Yes,No
CUST-03813,2024-08-10,August,8,Saturday,Q3,54,Male,Enugu,Accountant,Corporate,Credit Card,USSD,2872000,14135000,71,5,38,812,9.3,5700,No,No
CUST-03814,2024-11-30,November,11,Saturday,Q4,20,Male,Port Harcourt,Farmer,Student,Mortgage,Mobile App,20000,96000,95,1,9,548,7.7,0,No,No
CUST-03815,2024-04-28,April,4,Sunday,Q2,40,Female,Port Harcourt,Doctor,Corporate,Fixed Deposit,Web Portal,18119000,117552000,52,4,45,725,4.8,27200,No,No
CUST-03816,2024-05-09,May,5,Thursday,Q2,27,Female,Kano,Student,Student,Investment Fund,USSD,33000,309000,32,1,25,417,8.4,100,Yes,No
CUST-03817,2024-05-05,May,5,Sunday,Q2,18,Female,Abuja,Engineer,Student,Savings Account,USSD,8000,97000,83,2,31,524,8.2,0,No,No
CUST-03818,2024-02-01,February,2,Thursday,Q1,33,Female,Kano,Accountant,Corporate,Credit Card,Branch,1943000,3678000,52,2,20,732,8.6,5800,No,No
CUST-03819,2024-12-13,December,12,Friday,Q4,18,Male,Ibadan,Doctor,Student,Savings Account,Mobile App,13000,89000,51,3,7,342,5.6,0,Yes,No
CUST-03820,2024-04-03,April,4,Wednesday,Q2,35,Female,Abuja,Civil Servant,Retail,Fixed Deposit,USSD,40000,402000,70,1,29,579,9.4,100,No,No
CUST-03821,2024-06-04,June,6,Tuesday,Q2,46,Female,Lagos,Student,Student,Current Account,Web Portal,2000,9000,94,1,34,598,7.9,0,No,No
CUST-03822,2024-07-26,July,7,Friday,Q3,35,Female,Ibadan,Trader,SME,Mortgage,Agent Banking,203000,2623000,103,3,9,486,8.9,500,No,No
CUST-03823,2024-06-03,June,6,Monday,Q2,37,Male,Ibadan,Entrepreneur,SME,Savings Account,Mobile App,281000,471000,90,2,29,560,8.1,300,No,No
CUST-03824,2024-05-02,May,5,Thursday,Q2,42,Female,Enugu,Engineer,Premium,Fixed Deposit,Branch,628000,1109000,19,1,14,753,9.2,1900,No,No
CUST-03825,2024-10-13,October,10,Sunday,Q4,32,Female,Kano,Student,Student,Mobile Loan,Branch,6000,32000,46,2,29,611,9.3,0,No,No
CUST-03826,2024-12-13,December,12,Friday,Q4,25,Female,Port Harcourt,Accountant,Retail,Mobile Loan,Web Portal,447000,5432000,53,1,37,653,6.2,700,No,No
CUST-03827,2024-07-16,July,7,Tuesday,Q3,25,Male,Enugu,Lawyer,Retail,Savings Account,Web Portal,57000,723000,70,3,2,645,8.1,100,Yes,No
CUST-03828,2024-05-16,May,5,Thursday,Q2,45,Male,Port Harcourt,Trader,SME,Insurance Plan,Branch,658000,9779000,115,1,34,584,7.9,2000,Yes,No
CUST-03829,2024-01-03,January,1,Wednesday,Q1,24,Male,Port Harcourt,Engineer,Student,Fixed Deposit,Web Portal,11000,130000,68,3,2,362,9.8,0,No,No
CUST-03830,2024-10-12,October,10,Saturday,Q4,18,Female,Lagos,Entrepreneur,Student,Insurance Plan,Mobile App,19000,46000,32,3,22,500,4.9,0,Yes,No
CUST-03831,2024-03-08,March,3,Friday,Q1,49,Male,Ibadan,Civil Servant,Retail,Current Account,Branch,46000,363000,21,1,29,633,7.7,100,Yes,No
CUST-03832,2024-07-04,July,7,Thursday,Q3,58,Male,Abuja,Student,Student,Fixed Deposit,USSD,32000,310000,76,5,37,610,7.3,100,No,No
CUST-03833,2024-01-28,January,1,Sunday,Q1,36,Female,Port Harcourt,Doctor,Corporate,Mortgage,USSD,2221000,18943000,70,4,20,647,5.3,4400,No,No
CUST-03834,2024-07-28,July,7,Sunday,Q3,29,Male,Enugu,Trader,SME,Insurance Plan,Mobile App,854000,1836000,18,2,26,773,8.4,900,No,No
CUST-03835,2024-08-18,August,8,Sunday,Q3,53,Male,Ibadan,Entrepreneur,SME,Mortgage,Branch,617000,8838000,20,2,14,466,5.3,1900,Yes,No
CUST-03836,2024-05-05,May,5,Sunday,Q2,44,Male,Enugu,Engineer,Premium,Insurance Plan,Web Portal,215000,1111000,114,1,8,777,5.6,300,No,No
CUST-03837,2024-06-30,June,6,Sunday,Q2,18,Male,Ibadan,Engineer,Student,Mortgage,Mobile App,12000,105000,62,4,13,587,10.0,0,No,No
CUST-03838,2024-08-05,August,8,Monday,Q3,22,Male,Abuja,Doctor,Student,Investment Fund,USSD,40000,109000,108,1,21,379,6.0,100,No,No
CUST-03839,2024-06-26,June,6,Wednesday,Q2,18,Male,Kano,Civil Servant,Student,Current Account,Mobile App,12000,146000,106,1,35,471,5.4,0,No,No
CUST-03840,2024-09-12,September,9,Thursday,Q3,62,Male,Kano,Student,Student,Fixed Deposit,Branch,37000,256000,46,4,44,314,9.5,100,No,No
CUST-03841,2024-05-12,May,5,Sunday,Q2,55,Male,Kano,Civil Servant,Retail,Mobile Loan,Web Portal,108000,607000,12,5,38,471,8.6,200,No,No
CUST-03842,2024-06-22,June,6,Saturday,Q2,28,Male,Port Harcourt,Student,Student,Savings Account,Branch,9000,120000,35,2,21,455,5.4,0,No,No
CUST-03843,2024-11-16,November,11,Saturday,Q4,36,Male,Kano,Entrepreneur,SME,Savings Account,Branch,125000,1780000,13,2,29,603,6.8,400,No,No
CUST-03844,2024-08-18,August,8,Sunday,Q3,35,Female,Abuja,Doctor,Corporate,Mobile Loan,Mobile App,355000,3779000,27,4,10,669,8.1,400,No,No
CUST-03845,2024-12-12,December,12,Thursday,Q4,21,Female,Kano,Doctor,Student,Investment Fund,Web Portal,45000,253000,112,1,11,556,8.4,100,No,No
CUST-03846,2024-04-26,April,4,Friday,Q2,23,Male,Enugu,Teacher,Student,Insurance Plan,Web Portal,17000,240000,62,1,23,485,7.0,0,No,No
CUST-03847,2024-07-25,July,7,Thursday,Q3,37,Male,Ibadan,Engineer,Premium,Credit Card,Branch,1908000,3622000,53,5,1,652,8.1,5700,No,No
CUST-03848,2024-11-30,November,11,Saturday,Q4,41,Male,Enugu,Doctor,Corporate,Credit Card,Web Portal,3119000,17122000,26,3,12,655,9.7,4700,No,No
CUST-03849,2024-12-25,December,12,Wednesday,Q4,27,Female,Port Harcourt,Civil Servant,Retail,Fixed Deposit,Mobile App,22000,123000,71,3,3,422,7.0,0,No,No
CUST-03850,2024-03-07,March,3,Thursday,Q1,35,Female,Enugu,Doctor,Premium,Insurance Plan,Web Portal,2172000,10594000,21,1,31,599,6.2,3300,No,No
CUST-03851,2024-04-09,April,4,Tuesday,Q2,31,Female,Lagos,Engineer,Corporate,Insurance Plan,Mobile App,3315000,38272000,100,1,14,723,5.8,3300,No,No
CUST-03852,2024-08-07,August,8,Wednesday,Q3,32,Female,Ibadan,Farmer,Retail,Credit Card,USSD,27000,262000,108,5,42,733,6.8,100,No,No
CUST-03853,2024-11-15,November,11,Friday,Q4,44,Male,Abuja,Entrepreneur,SME,Investment Fund,Mobile App,39000,207000,103,1,38,558,8.0,0,No,No
CUST-03854,2024-08-13,August,8,Tuesday,Q3,18,Female,Ibadan,Accountant,Student,Investment Fund,Web Portal,14000,69000,86,2,23,373,7.3,0,No,No
CUST-03855,2024-03-21,March,3,Thursday,Q1,28,Male,Lagos,Trader,SME,Savings Account,USSD,462000,949000,105,1,11,621,10.0,900,No,No
CUST-03856,2024-09-14,September,9,Saturday,Q3,18,Female,Kano,Teacher,Student,Insurance Plan,Mobile App,10000,46000,26,2,20,404,9.9,0,No,No
CUST-03857,2024-10-31,October,10,Thursday,Q4,47,Male,Abuja,Civil Servant,Retail,Mortgage,Branch,161000,2028000,53,3,7,426,8.5,500,No,No
CUST-03858,2024-08-04,August,8,Sunday,Q3,44,Female,Abuja,Teacher,Retail,Mortgage,Mobile App,113000,717000,82,3,38,515,7.6,100,No,No
CUST-03859,2024-06-19,June,6,Wednesday,Q2,46,Male,Kano,Entrepreneur,SME,Mobile Loan,Branch,686000,7681000,20,3,33,485,8.2,2100,Yes,No
CUST-03860,2024-06-17,June,6,Monday,Q2,42,Female,Abuja,Lawyer,Corporate,Mobile Loan,USSD,136000,1799000,89,1,30,721,7.7,300,No,No
CUST-03861,2024-02-28,February,2,Wednesday,Q1,42,Male,Enugu,Trader,SME,Fixed Deposit,Agent Banking,163000,161000,45,2,42,745,8.4,400,No,No
CUST-03862,2024-12-19,December,12,Thursday,Q4,30,Female,Ibadan,Accountant,Retail,Investment Fund,Branch,286000,3032000,25,5,33,446,4.1,900,No,No
CUST-03863,2024-11-30,November,11,Saturday,Q4,29,Female,Kano,Civil Servant,Retail,Mortgage,USSD,48000,389000,85,4,40,489,8.2,100,No,No
CUST-03864,2024-04-14,April,4,Sunday,Q2,24,Male,Enugu,Accountant,Student,Current Account,Mobile App,14000,79000,36,4,43,348,9.8,0,No,No
CUST-03865,2024-08-02,August,8,Friday,Q3,37,Male,Ibadan,Farmer,Retail,Savings Account,Branch,68000,759000,16,3,3,761,8.9,200,No,No
CUST-03866,2024-01-15,January,1,Monday,Q1,50,Male,Abuja,Civil Servant,Retail,Savings Account,Agent Banking,154000,315000,32,4,16,720,7.5,400,No,No
CUST-03867,2024-10-16,October,10,Wednesday,Q4,24,Male,Kano,Accountant,Student,Current Account,Web Portal,63000,318000,7,1,34,464,10.0,100,Yes,No
CUST-03868,2024-08-16,August,8,Friday,Q3,24,Female,Enugu,Student,Student,Mobile Loan,USSD,9000,71000,41,2,36,421,9.0,0,No,No
CUST-03869,2024-01-22,January,1,Monday,Q1,20,Female,Enugu,Farmer,Student,Current Account,USSD,6000,20000,68,4,17,410,6.8,0,Yes,No
CUST-03870,2024-10-19,October,10,Saturday,Q4,28,Male,Abuja,Farmer,Retail,Credit Card,Mobile App,199000,1148000,117,2,18,491,9.4,200,Yes,No
CUST-03871,2024-11-18,November,11,Monday,Q4,50,Female,Ibadan,Trader,SME,Mortgage,Agent Banking,170000,2375000,80,1,41,550,8.2,400,Yes,No
CUST-03872,2024-07-02,July,7,Tuesday,Q3,32,Female,Lagos,Accountant,Premium,Credit Card,Mobile App,714000,3511000,57,5,1,722,6.9,700,No,No
CUST-03873,2024-04-18,April,4,Thursday,Q2,36,Female,Abuja,Civil Servant,Retail,Fixed Deposit,Agent Banking,72000,208000,73,2,25,464,5.2,200,No,No
CUST-03874,2024-05-22,May,5,Wednesday,Q2,18,Male,Lagos,Doctor,Student,Fixed Deposit,Mobile App,16000,216000,67,2,38,535,3.4,0,No,No
CUST-03875,2024-09-15,September,9,Sunday,Q3,51,Female,Port Harcourt,Teacher,Retail,Insurance Plan,Branch,233000,1063000,81,3,16,635,6.7,700,No,No
CUST-03876,2024-07-30,July,7,Tuesday,Q3,30,Male,Kano,Accountant,Retail,Current Account,Branch,299000,467000,52,2,43,669,10.0,900,No,No
CUST-03877,2024-08-21,August,8,Wednesday,Q3,45,Female,Ibadan,Engineer,Corporate,Fixed Deposit,Mobile App,334000,4987000,73,2,16,838,10.0,300,No,No
CUST-03878,2024-05-13,May,5,Monday,Q2,42,Female,Kano,Engineer,Premium,Credit Card,Branch,805000,8511000,87,3,19,630,6.4,2400,No,No
CUST-03879,2024-12-07,December,12,Saturday,Q4,56,Male,Enugu,Doctor,Premium,Savings Account,USSD,423000,2157000,49,1,30,570,8.4,800,No,No
CUST-03880,2024-10-17,October,10,Thursday,Q4,18,Male,Lagos,Teacher,Student,Current Account,USSD,20000,100000,1,5,30,537,9.6,0,No,No
CUST-03881,2024-12-20,December,12,Friday,Q4,59,Female,Lagos,Student,Student,Mobile Loan,Web Portal,29000,319000,104,4,16,389,7.3,0,No,No
CUST-03882,2024-04-11,April,4,Thursday,Q2,29,Female,Lagos,Accountant,Retail,Credit Card,Agent Banking,43000,208000,69,4,37,748,5.9,100,Yes,No
CUST-03883,2024-01-02,January,1,Tuesday,Q1,38,Female,Abuja,Engineer,Corporate,Credit Card,USSD,6169000,75810000,60,3,29,678,6.6,12300,No,No
CUST-03884,2024-01-27,January,1,Saturday,Q1,28,Male,Enugu,Teacher,Retail,Current Account,Mobile App,204000,248000,14,1,2,560,5.9,200,No,No
CUST-03885,2024-10-05,October,10,Saturday,Q4,51,Female,Abuja,Student,Student,Investment Fund,Branch,27000,125000,45,4,2,520,8.4,100,No,No
CUST-03886,2024-03-20,March,3,Wednesday,Q1,26,Male,Port Harcourt,Accountant,Retail,Savings Account,Web Portal,307000,2238000,36,1,44,558,4.1,500,Yes,No
CUST-03887,2024-05-09,May,5,Thursday,Q2,48,Male,Ibadan,Student,Student,Current Account,Web Portal,5000,46000,90,1,4,545,10.0,0,Yes,No
CUST-03888,2024-09-28,September,9,Saturday,Q3,34,Male,Ibadan,Teacher,Retail,Mortgage,Mobile App,84000,244000,100,3,7,594,7.3,100,No,No
CUST-03889,2024-09-01,September,9,Sunday,Q3,31,Male,Abuja,Trader,SME,Fixed Deposit,Mobile App,487000,3515000,82,3,11,622,6.4,500,No,No
CUST-03890,2024-07-15,July,7,Monday,Q3,41,Female,Kano,Farmer,Retail,Insurance Plan,Mobile App,143000,2074000,56,1,6,766,8.1,100,No,No
CUST-03891,2024-07-20,July,7,Saturday,Q3,33,Male,Abuja,Farmer,Retail,Fixed Deposit,Branch,198000,1287000,52,1,36,737,9.1,600,No,No
CUST-03892,2024-10-02,October,10,Wednesday,Q4,46,Male,Abuja,Trader,SME,Mobile Loan,Mobile App,459000,826000,51,4,25,769,10.0,500,Yes,No
CUST-03893,2024-04-18,April,4,Thursday,Q2,49,Female,Enugu,Teacher,Retail,Fixed Deposit,Web Portal,26000,323000,62,1,28,761,6.0,0,No,No
CUST-03894,2024-07-02,July,7,Tuesday,Q3,33,Male,Port Harcourt,Student,Student,Fixed Deposit,Branch,9000,84000,115,2,16,542,8.3,0,No,No
CUST-03895,2024-06-30,June,6,Sunday,Q2,35,Female,Lagos,Doctor,Premium,Credit Card,Mobile App,1163000,2145000,57,3,13,624,6.5,1200,No,No
CUST-03896,2024-12-02,December,12,Monday,Q4,26,Male,Port Harcourt,Trader,SME,Mobile Loan,Mobile App,189000,2526000,87,3,30,656,7.6,200,Yes,No
CUST-03897,2024-04-02,April,4,Tuesday,Q2,44,Female,Kano,Accountant,Corporate,Investment Fund,Web Portal,1111000,10101000,51,2,44,673,10.0,1700,No,No
CUST-03898,2024-03-24,March,3,Sunday,Q1,38,Female,Enugu,Farmer,Retail,Current Account,Branch,160000,468000,64,2,30,777,8.8,500,Yes,No
CUST-03899,2024-04-13,April,4,Saturday,Q2,29,Female,Kano,Lawyer,Retail,Credit Card,Mobile App,210000,1965000,67,1,37,711,7.7,200,No,No
CUST-03900,2024-03-19,March,3,Tuesday,Q1,32,Female,Lagos,Teacher,Retail,Mobile Loan,Branch,193000,2889000,84,5,35,715,7.5,600,No,No
CUST-03901,2024-07-30,July,7,Tuesday,Q3,40,Female,Port Harcourt,Teacher,Retail,Fixed Deposit,Web Portal,68000,697000,15,2,25,713,7.3,100,Yes,No
CUST-03902,2024-06-05,June,6,Wednesday,Q2,44,Male,Port Harcourt,Lawyer,Corporate,Current Account,Mobile App,4514000,64165000,93,3,42,650,6.6,4500,No,No
CUST-03903,2024-03-19,March,3,Tuesday,Q1,29,Female,Port Harcourt,Civil Servant,Retail,Mortgage,Mobile App,170000,409000,62,5,14,430,8.6,200,No,No
CUST-03904,2024-05-22,May,5,Wednesday,Q2,40,Male,Ibadan,Accountant,Corporate,Mobile Loan,Branch,3955000,38683000,120,3,4,625,5.7,11900,No,No
CUST-03905,2024-02-19,February,2,Monday,Q1,46,Male,Lagos,Lawyer,Corporate,Current Account,Web Portal,2525000,6767000,84,3,26,733,7.6,3800,No,No
CUST-03906,2024-02-27,February,2,Tuesday,Q1,44,Male,Kano,Engineer,Premium,Current Account,Mobile App,395000,2072000,8,3,27,616,4.7,400,Yes,No
CUST-03907,2024-06-20,June,6,Thursday,Q2,45,Female,Abuja,Farmer,Retail,Investment Fund,Branch,155000,706000,6,2,11,550,4.2,500,Yes,No
CUST-03908,2024-08-15,August,8,Thursday,Q3,58,Male,Abuja,Lawyer,Corporate,Credit Card,Mobile App,4957000,14248000,55,2,43,677,8.0,5000,Yes,No
CUST-03909,2024-02-27,February,2,Tuesday,Q1,28,Female,Kano,Engineer,Retail,Credit Card,USSD,233000,3230000,106,2,28,512,2.8,500,No,No
CUST-03910,2024-03-10,March,3,Sunday,Q1,35,Male,Abuja,Student,Student,Fixed Deposit,Web Portal,13000,158000,44,2,40,416,7.8,0,No,No
CUST-03911,2024-10-18,October,10,Friday,Q4,56,Female,Port Harcourt,Civil Servant,Retail,Mobile Loan,Branch,74000,517000,72,1,10,736,6.2,200,Yes,No
CUST-03912,2024-01-12,January,1,Friday,Q1,30,Female,Abuja,Entrepreneur,SME,Mortgage,Mobile App,416000,6102000,15,2,20,788,10.0,400,No,No
CUST-03913,2024-08-04,August,8,Sunday,Q3,48,Male,Abuja,Lawyer,Premium,Mortgage,Agent Banking,4235000,55619000,38,1,38,728,7.5,10600,No,No
CUST-03914,2024-10-12,October,10,Saturday,Q4,39,Female,Abuja,Student,Student,Investment Fund,Mobile App,12000,171000,22,2,13,312,5.8,0,Yes,No
CUST-03915,2024-11-19,November,11,Tuesday,Q4,32,Male,Port Harcourt,Entrepreneur,SME,Mortgage,Branch,242000,2172000,76,5,4,632,6.2,700,No,No
CUST-03916,2024-04-29,April,4,Monday,Q2,25,Female,Port Harcourt,Teacher,Retail,Credit Card,Mobile App,52000,728000,22,2,7,435,7.0,100,No,No
CUST-03917,2024-08-04,August,8,Sunday,Q3,41,Female,Kano,Doctor,Corporate,Fixed Deposit,Branch,4433000,15664000,58,3,12,661,9.8,13300,No,No
CUST-03918,2024-09-17,September,9,Tuesday,Q3,37,Male,Kano,Lawyer,Premium,Fixed Deposit,USSD,2024000,5324000,73,1,44,558,8.5,4000,No,No
CUST-03919,2024-11-21,November,11,Thursday,Q4,23,Female,Abuja,Accountant,Student,Insurance Plan,Mobile App,6000,60000,24,2,33,380,5.3,0,No,No
CUST-03920,2024-01-22,January,1,Monday,Q1,36,Female,Port Harcourt,Engineer,Premium,Insurance Plan,Mobile App,274000,736000,55,5,27,605,5.6,300,No,No
CUST-03921,2024-03-24,March,3,Sunday,Q1,38,Female,Abuja,Doctor,Premium,Mobile Loan,Mobile App,519000,6285000,14,3,7,532,4.6,500,No,No
CUST-03922,2024-06-22,June,6,Saturday,Q2,59,Female,Enugu,Accountant,Premium,Mobile Loan,Mobile App,1424000,3427000,115,1,6,481,7.6,1400,No,No
CUST-03923,2024-10-30,October,10,Wednesday,Q4,37,Female,Kano,Trader,SME,Mortgage,Branch,232000,692000,56,3,30,718,8.4,700,No,No
CUST-03924,2024-12-20,December,12,Friday,Q4,48,Male,Port Harcourt,Farmer,Retail,Mortgage,Web Portal,1076000,14790000,33,2,44,518,5.4,1600,No,No
CUST-03925,2024-09-03,September,9,Tuesday,Q3,46,Male,Kano,Doctor,Premium,Mortgage,Web Portal,506000,4581000,101,5,14,793,4.7,800,No,No
CUST-03926,2024-02-04,February,2,Sunday,Q1,35,Male,Abuja,Engineer,Corporate,Mortgage,USSD,50000000,408209000,93,2,41,666,7.6,100000,Yes,No
CUST-03927,2024-03-02,March,3,Saturday,Q1,33,Male,Port Harcourt,Accountant,Corporate,Fixed Deposit,Web Portal,267000,1481000,96,2,28,634,6.9,400,Yes,No
CUST-03928,2024-07-29,July,7,Monday,Q3,22,Male,Port Harcourt,Farmer,Student,Investment Fund,USSD,8000,52000,48,2,20,440,4.2,0,No,No
CUST-03929,2024-09-16,September,9,Monday,Q3,18,Female,Port Harcourt,Civil Servant,Student,Mortgage,Mobile App,22000,208000,31,1,29,348,7.1,0,No,No
CUST-03930,2024-08-24,August,8,Saturday,Q3,42,Female,Abuja,Civil Servant,Retail,Mortgage,Mobile App,28000,246000,109,1,28,714,9.0,0,No,No
CUST-03931,2024-02-09,February,2,Friday,Q1,57,Male,Port Harcourt,Lawyer,Corporate,Mobile Loan,Agent Banking,617000,5122000,4,2,31,709,6.6,1500,No,No
CUST-03932,2024-11-23,November,11,Saturday,Q4,28,Male,Kano,Doctor,Retail,Savings Account,Mobile App,81000,672000,95,1,19,452,7.5,100,No,No
CUST-03933,2024-05-21,May,5,Tuesday,Q2,49,Male,Lagos,Lawyer,Premium,Current Account,Mobile App,111000,431000,9,2,36,531,7.1,100,No,No
CUST-03934,2024-09-10,September,9,Tuesday,Q3,38,Female,Kano,Teacher,Retail,Credit Card,Web Portal,82000,315000,3,3,29,732,7.4,100,No,No
CUST-03935,2024-02-18,February,2,Sunday,Q1,34,Male,Ibadan,Lawyer,Premium,Fixed Deposit,Branch,177000,2509000,47,2,26,453,5.7,500,No,No
CUST-03936,2024-12-21,December,12,Saturday,Q4,24,Female,Ibadan,Student,Student,Insurance Plan,Mobile App,9000,19000,16,1,19,315,10.0,0,Yes,No
CUST-03937,2024-06-28,June,6,Friday,Q2,23,Female,Lagos,Accountant,Student,Current Account,USSD,22000,70000,7,1,36,484,6.7,0,Yes,No
CUST-03938,2024-10-08,October,10,Tuesday,Q4,41,Female,Enugu,Entrepreneur,SME,Insurance Plan,Mobile App,96000,473000,114,3,20,572,7.7,100,No,No
CUST-03939,2024-04-30,April,4,Tuesday,Q2,42,Male,Ibadan,Accountant,Corporate,Mobile Loan,Web Portal,1705000,8137000,96,1,1,626,9.6,2600,No,No
CUST-03940,2024-08-04,August,8,Sunday,Q3,26,Male,Lagos,Lawyer,Retail,Fixed Deposit,Branch,102000,523000,20,2,44,601,6.6,300,Yes,No
CUST-03941,2024-08-06,August,8,Tuesday,Q3,35,Male,Abuja,Accountant,Corporate,Current Account,Mobile App,3890000,19088000,99,2,34,809,7.7,3900,No,No
CUST-03942,2024-01-06,January,1,Saturday,Q1,62,Male,Enugu,Student,Student,Fixed Deposit,Branch,26000,113000,21,2,32,344,6.3,100,No,No
CUST-03943,2024-06-10,June,6,Monday,Q2,31,Male,Ibadan,Student,Student,Credit Card,Agent Banking,5000,48000,19,3,40,505,8.1,0,No,No
CUST-03944,2024-03-10,March,3,Sunday,Q1,51,Female,Enugu,Farmer,Retail,Fixed Deposit,USSD,182000,1940000,26,5,5,574,7.3,400,No,No
CUST-03945,2024-03-12,March,3,Tuesday,Q1,32,Female,Lagos,Accountant,Premium,Insurance Plan,Web Portal,92000,511000,25,2,15,616,7.4,100,Yes,No
CUST-03946,2024-11-01,November,11,Friday,Q4,23,Female,Port Harcourt,Doctor,Student,Insurance Plan,Mobile App,45000,123000,120,3,24,333,5.7,0,No,No
CUST-03947,2024-02-22,February,2,Thursday,Q1,33,Female,Ibadan,Teacher,Retail,Fixed Deposit,USSD,191000,565000,85,2,40,676,6.8,400,No,No
CUST-03948,2024-09-02,September,9,Monday,Q3,27,Male,Enugu,Student,Student,Investment Fund,Mobile App,4000,38000,108,5,12,477,5.5,0,No,No
CUST-03949,2024-01-15,January,1,Monday,Q1,33,Female,Lagos,Engineer,Corporate,Current Account,Web Portal,1659000,24524000,64,2,18,738,5.6,2500,No,No
CUST-03950,2024-08-14,August,8,Wednesday,Q3,41,Female,Enugu,Engineer,Corporate,Insurance Plan,Agent Banking,11811000,9538000,81,5,16,672,5.9,29500,No,No
CUST-03951,2024-09-27,September,9,Friday,Q3,18,Female,Ibadan,Entrepreneur,Student,Mortgage,USSD,83000,233000,33,5,1,386,7.4,200,No,No
CUST-03952,2024-12-08,December,12,Sunday,Q4,60,Female,Kano,Farmer,Retail,Mobile Loan,Mobile App,188000,1282000,39,1,31,619,9.7,200,No,No
CUST-03953,2024-10-23,October,10,Wednesday,Q4,48,Male,Port Harcourt,Engineer,Corporate,Credit Card,Web Portal,19212000,134460000,33,2,34,813,10.0,28800,No,Yes
CUST-03954,2024-01-25,January,1,Thursday,Q1,23,Male,Abuja,Farmer,Student,Savings Account,Mobile App,52000,604000,112,1,35,406,8.5,100,No,No
CUST-03955,2024-10-06,October,10,Sunday,Q4,33,Female,Ibadan,Farmer,Retail,Insurance Plan,Agent Banking,71000,316000,65,3,4,624,9.0,200,No,No
CUST-03956,2024-08-23,August,8,Friday,Q3,38,Male,Lagos,Civil Servant,Retail,Current Account,Branch,32000,252000,66,3,34,614,7.5,100,No,No
CUST-03957,2024-04-09,April,4,Tuesday,Q2,46,Female,Lagos,Student,Student,Insurance Plan,Web Portal,4000,17000,26,3,38,462,8.4,0,No,No
CUST-03958,2024-09-07,September,9,Saturday,Q3,22,Male,Kano,Engineer,Student,Savings Account,Mobile App,25000,102000,83,1,3,525,4.5,0,No,No
CUST-03959,2024-10-01,October,10,Tuesday,Q4,18,Male,Port Harcourt,Engineer,Student,Investment Fund,Mobile App,8000,38000,87,1,34,496,6.1,0,No,No
CUST-03960,2024-01-18,January,1,Thursday,Q1,33,Male,Abuja,Trader,SME,Fixed Deposit,Branch,208000,3022000,49,3,31,730,9.1,600,No,No
CUST-03961,2024-05-03,May,5,Friday,Q2,43,Female,Abuja,Student,Student,Current Account,Mobile App,8000,34000,67,2,13,462,4.7,0,No,No
CUST-03962,2024-05-22,May,5,Wednesday,Q2,19,Male,Ibadan,Trader,Student,Mortgage,Mobile App,12000,36000,118,4,14,575,4.7,0,No,No
CUST-03963,2024-07-17,July,7,Wednesday,Q3,34,Female,Lagos,Doctor,Corporate,Investment Fund,USSD,2780000,9628000,28,2,26,625,7.5,5600,No,No
CUST-03964,2024-01-25,January,1,Thursday,Q1,18,Male,Enugu,Accountant,Student,Mortgage,Web Portal,9000,14000,43,5,29,403,6.4,0,No,No
CUST-03965,2024-01-29,January,1,Monday,Q1,28,Female,Abuja,Farmer,Retail,Savings Account,Agent Banking,71000,407000,64,1,40,710,6.1,200,No,No
CUST-03966,2024-04-17,April,4,Wednesday,Q2,56,Female,Enugu,Accountant,Premium,Investment Fund,Agent Banking,1701000,15132000,62,3,45,476,9.1,4300,No,No
CUST-03967,2024-06-14,June,6,Friday,Q2,47,Male,Abuja,Student,Student,Current Account,USSD,22000,224000,33,2,4,585,7.3,0,No,No
CUST-03968,2024-01-12,January,1,Friday,Q1,40,Female,Enugu,Doctor,Corporate,Mortgage,USSD,482000,6042000,68,3,20,764,5.5,1000,Yes,No
CUST-03969,2024-09-29,September,9,Sunday,Q3,34,Female,Enugu,Farmer,Retail,Insurance Plan,Web Portal,42000,132000,81,5,45,709,7.0,100,No,No
CUST-03970,2024-04-21,April,4,Sunday,Q2,18,Male,Kano,Farmer,Student,Mortgage,Mobile App,51000,139000,88,4,37,514,6.8,100,Yes,No
CUST-03971,2024-03-23,March,3,Saturday,Q1,44,Male,Kano,Doctor,Premium,Savings Account,USSD,232000,514000,48,1,45,562,9.9,500,No,No
CUST-03972,2024-01-05,January,1,Friday,Q1,35,Female,Ibadan,Teacher,Retail,Savings Account,Mobile App,42000,530000,63,1,34,507,9.2,0,No,No
CUST-03973,2024-09-16,September,9,Monday,Q3,20,Female,Lagos,Trader,Student,Investment Fund,Mobile App,10000,100000,54,3,3,528,5.6,0,Yes,No
CUST-03974,2024-08-05,August,8,Monday,Q3,33,Male,Kano,Student,Student,Insurance Plan,Agent Banking,13000,171000,68,1,14,612,9.5,0,Yes,No
CUST-03975,2024-06-21,June,6,Friday,Q2,42,Female,Lagos,Engineer,Corporate,Fixed Deposit,Branch,16433000,101241000,88,1,18,829,10.0,49300,Yes,No
CUST-03976,2024-01-25,January,1,Thursday,Q1,46,Male,Abuja,Entrepreneur,SME,Credit Card,Branch,233000,1176000,26,2,11,451,7.1,700,No,No
CUST-03977,2024-08-04,August,8,Sunday,Q3,33,Female,Lagos,Lawyer,Corporate,Credit Card,Agent Banking,394000,2482000,100,1,37,743,8.7,1000,No,No
CUST-03978,2024-01-01,January,1,Monday,Q1,43,Female,Ibadan,Doctor,Corporate,Current Account,Mobile App,4600000,14996000,88,3,42,650,3.6,4600,No,No
CUST-03979,2024-04-01,April,4,Monday,Q2,44,Male,Ibadan,Trader,SME,Fixed Deposit,USSD,1126000,15317000,52,2,37,477,6.0,2300,Yes,No
CUST-03980,2024-08-10,August,8,Saturday,Q3,19,Male,Port Harcourt,Teacher,Student,Credit Card,Mobile App,13000,159000,11,3,8,344,6.3,0,No,No
CUST-03981,2024-07-07,July,7,Sunday,Q3,24,Female,Port Harcourt,Farmer,Student,Credit Card,Mobile App,7000,44000,86,2,6,459,6.2,0,No,No
CUST-03982,2024-01-29,January,1,Monday,Q1,43,Female,Abuja,Entrepreneur,SME,Insurance Plan,Agent Banking,611000,8783000,114,2,4,696,8.6,1500,No,No
CUST-03983,2024-12-09,December,12,Monday,Q4,40,Male,Abuja,Farmer,Retail,Current Account,Mobile App,283000,1071000,51,5,44,622,4.5,300,Yes,No
CUST-03984,2024-07-22,July,7,Monday,Q3,46,Female,Abuja,Accountant,Corporate,Mobile Loan,Branch,2439000,21240000,16,1,38,846,5.3,7300,No,No
CUST-03985,2024-05-07,May,5,Tuesday,Q2,24,Male,Lagos,Student,Student,Credit Card,Mobile App,16000,116000,103,2,13,485,6.2,0,No,No
CUST-03986,2024-10-17,October,10,Thursday,Q4,45,Female,Lagos,Lawyer,Premium,Savings Account,Mobile App,513000,466000,93,3,24,483,7.0,500,No,No
CUST-03987,2024-12-11,December,12,Wednesday,Q4,43,Female,Port Harcourt,Teacher,Retail,Credit Card,Mobile App,119000,1139000,111,3,3,738,9.3,100,No,No
CUST-03988,2024-01-14,January,1,Sunday,Q1,37,Male,Port Harcourt,Engineer,Premium,Credit Card,Branch,2632000,12789000,71,5,32,460,9.7,7900,No,No
CUST-03989,2024-04-09,April,4,Tuesday,Q2,42,Male,Port Harcourt,Engineer,Corporate,Investment Fund,Web Portal,645000,8173000,61,2,22,681,8.7,1000,No,No
CUST-03990,2024-06-22,June,6,Saturday,Q2,31,Female,Port Harcourt,Accountant,Premium,Insurance Plan,Mobile App,2698000,38995000,43,3,43,799,5.8,2700,No,No
CUST-03991,2024-04-02,April,4,Tuesday,Q2,36,Female,Enugu,Entrepreneur,SME,Mortgage,Web Portal,383000,4924000,59,5,19,786,5.8,600,No,No
CUST-03992,2024-09-12,September,9,Thursday,Q3,24,Male,Kano,Lawyer,Student,Investment Fund,Mobile App,13000,147000,40,2,3,602,9.6,0,No,No
CUST-03993,2024-07-07,July,7,Sunday,Q3,34,Male,Kano,Entrepreneur,SME,Fixed Deposit,USSD,144000,537000,118,1,22,575,6.4,300,No,No
CUST-03994,2024-08-27,August,8,Tuesday,Q3,41,Female,Ibadan,Civil Servant,Retail,Insurance Plan,Mobile App,85000,281000,93,2,3,555,4.3,100,Yes,No
CUST-03995,2024-09-06,September,9,Friday,Q3,51,Male,Port Harcourt,Entrepreneur,SME,Current Account,Branch,198000,509000,55,2,37,466,8.6,600,No,No
CUST-03996,2024-05-07,May,5,Tuesday,Q2,39,Male,Abuja,Doctor,Premium,Mobile Loan,Branch,1619000,22803000,29,2,14,585,8.6,4900,Yes,No
CUST-03997,2024-02-19,February,2,Monday,Q1,34,Female,Enugu,Accountant,Corporate,Mortgage,Mobile App,2127000,28238000,96,2,11,704,5.2,2100,No,No
CUST-03998,2024-10-01,October,10,Tuesday,Q4,36,Male,Lagos,Civil Servant,Retail,Fixed Deposit,Web Portal,30000,120000,71,3,26,585,5.3,0,No,No
CUST-03999,2024-10-16,October,10,Wednesday,Q4,48,Female,Enugu,Student,Student,Fixed Deposit,Web Portal,24000,323000,79,2,9,412,6.7,0,No,No
CUST-04000,2024-06-30,June,6,Sunday,Q2,34,Male,Lagos,Student,Student,Insurance Plan,Mobile App,7000,103000,58,4,41,383,9.2,0,No,No
CUST-04001,2024-07-13,July,7,Saturday,Q3,25,Female,Ibadan,Trader,SME,Mobile Loan,Mobile App,65000,702000,72,3,38,760,7.8,100,No,No
CUST-04002,2024-08-13,August,8,Tuesday,Q3,24,Male,Kano,Trader,Student,Savings Account,Web Portal,11000,29000,54,3,10,359,10.0,0,No,No
CUST-04003,2024-01-15,January,1,Monday,Q1,58,Female,Kano,Trader,SME,Credit Card,USSD,218000,1977000,6,1,30,649,7.6,400,Yes,No
CUST-04004,2024-08-20,August,8,Tuesday,Q3,25,Male,Lagos,Student,Student,Fixed Deposit,Web Portal,14000,136000,63,5,32,516,9.6,0,No,No
CUST-04005,2024-11-08,November,11,Friday,Q4,43,Male,Abuja,Engineer,Premium,Fixed Deposit,Branch,514000,7654000,88,2,26,623,7.8,1500,No,No
CUST-04006,2024-09-16,September,9,Monday,Q3,55,Male,Port Harcourt,Entrepreneur,SME,Mortgage,Branch,613000,3332000,82,3,11,453,8.6,1800,Yes,No
CUST-04007,2024-01-26,January,1,Friday,Q1,45,Female,Lagos,Student,Student,Investment Fund,Agent Banking,18000,179000,92,3,40,470,5.7,0,Yes,No
CUST-04008,2024-10-31,October,10,Thursday,Q4,39,Male,Port Harcourt,Accountant,Premium,Fixed Deposit,Mobile App,4140000,16627000,37,4,30,620,8.4,4100,No,No
CUST-04009,2024-10-20,October,10,Sunday,Q4,40,Male,Ibadan,Engineer,Corporate,Credit Card,Mobile App,2277000,33763000,41,1,18,632,8.3,2300,No,No
CUST-04010,2024-05-26,May,5,Sunday,Q2,29,Male,Enugu,Accountant,Retail,Credit Card,Mobile App,61000,64000,19,3,28,697,10.0,100,No,No
CUST-04011,2024-04-10,April,4,Wednesday,Q2,34,Male,Lagos,Trader,SME,Savings Account,Mobile App,311000,906000,73,1,34,562,6.1,300,No,No
CUST-04012,2024-04-24,April,4,Wednesday,Q2,48,Female,Port Harcourt,Civil Servant,Retail,Fixed Deposit,Agent Banking,175000,1027000,22,4,29,746,5.7,400,No,No
CUST-04013,2024-03-28,March,3,Thursday,Q1,30,Male,Enugu,Civil Servant,Retail,Mobile Loan,Agent Banking,1139000,8007000,60,1,3,498,6.8,2800,No,No
CUST-04014,2024-09-06,September,9,Friday,Q3,28,Male,Kano,Doctor,Retail,Current Account,USSD,36000,523000,28,1,39,793,5.4,100,No,No
CUST-04015,2024-04-24,April,4,Wednesday,Q2,18,Female,Port Harcourt,Trader,Student,Current Account,Mobile App,14000,92000,53,1,32,452,7.9,0,Yes,No
CUST-04016,2024-11-14,November,11,Thursday,Q4,35,Male,Ibadan,Doctor,Corporate,Mortgage,Web Portal,9471000,133250000,18,4,10,745,6.8,14200,No,No
CUST-04017,2024-10-22,October,10,Tuesday,Q4,40,Male,Ibadan,Teacher,Retail,Fixed Deposit,Web Portal,154000,875000,77,1,37,627,10.0,200,No,No
CUST-04018,2024-08-28,August,8,Wednesday,Q3,20,Male,Abuja,Teacher,Student,Fixed Deposit,Mobile App,8000,119000,49,2,27,415,5.8,0,No,No
CUST-04019,2024-12-29,December,12,Sunday,Q4,44,Male,Enugu,Trader,SME,Credit Card,Web Portal,293000,3459000,39,2,41,640,6.8,400,No,No
CUST-04020,2024-12-04,December,12,Wednesday,Q4,46,Female,Ibadan,Lawyer,Corporate,Current Account,Web Portal,8506000,51834000,15,1,8,775,7.1,12800,Yes,No
CUST-04021,2024-01-07,January,1,Sunday,Q1,42,Female,Lagos,Doctor,Premium,Investment Fund,Web Portal,226000,3186000,81,1,5,760,7.7,300,No,No
CUST-04022,2024-09-19,September,9,Thursday,Q3,33,Male,Port Harcourt,Civil Servant,Retail,Current Account,Mobile App,1161000,6135000,67,3,35,666,5.5,1200,No,No
CUST-04023,2024-09-04,September,9,Wednesday,Q3,51,Female,Lagos,Accountant,Corporate,Credit Card,Agent Banking,5243000,68806000,103,3,14,799,8.4,13100,No,No
CUST-04024,2024-07-01,July,7,Monday,Q3,38,Male,Port Harcourt,Civil Servant,Retail,Credit Card,Mobile App,338000,4752000,92,1,19,516,7.4,300,Yes,No
CUST-04025,2024-07-16,July,7,Tuesday,Q3,27,Female,Port Harcourt,Civil Servant,Retail,Insurance Plan,Mobile App,157000,1974000,102,2,41,569,5.1,200,No,No
CUST-04026,2024-02-26,February,2,Monday,Q1,19,Male,Lagos,Doctor,Student,Savings Account,USSD,7000,71000,30,1,30,546,8.3,0,No,No
CUST-04027,2024-05-27,May,5,Monday,Q2,55,Male,Lagos,Student,Student,Fixed Deposit,Mobile App,18000,115000,11,3,7,433,7.1,0,No,No
CUST-04028,2024-07-26,July,7,Friday,Q3,18,Female,Lagos,Doctor,Student,Credit Card,Mobile App,8000,11000,10,5,29,429,6.1,0,No,No
CUST-04029,2024-06-11,June,6,Tuesday,Q2,49,Male,Kano,Student,Student,Savings Account,Mobile App,6000,68000,17,5,32,334,8.7,0,No,No
CUST-04030,2024-10-19,October,10,Saturday,Q4,18,Male,Enugu,Farmer,Student,Insurance Plan,Branch,52000,713000,1,2,7,379,7.3,200,No,No
CUST-04031,2024-02-09,February,2,Friday,Q1,38,Female,Ibadan,Civil Servant,Retail,Credit Card,Mobile App,59000,430000,68,3,19,641,7.6,100,No,No
CUST-04032,2024-11-24,November,11,Sunday,Q4,27,Male,Lagos,Student,Student,Investment Fund,Mobile App,4000,26000,45,1,37,618,7.1,0,No,No
CUST-04033,2024-06-27,June,6,Thursday,Q2,42,Female,Port Harcourt,Lawyer,Corporate,Fixed Deposit,Mobile App,2175000,32125000,100,1,5,784,7.4,2200,Yes,No
CUST-04034,2024-09-30,September,9,Monday,Q3,43,Male,Abuja,Doctor,Premium,Fixed Deposit,Web Portal,1897000,25734000,1,5,36,638,10.0,2800,No,No
CUST-04035,2024-03-23,March,3,Saturday,Q1,18,Male,Kano,Doctor,Student,Credit Card,Mobile App,28000,352000,55,4,43,317,5.9,0,No,No
CUST-04036,2024-09-16,September,9,Monday,Q3,27,Female,Enugu,Engineer,Retail,Fixed Deposit,Web Portal,30000,389000,36,1,39,756,7.9,0,No,No
CUST-04037,2024-04-20,April,4,Saturday,Q2,33,Female,Ibadan,Entrepreneur,SME,Insurance Plan,Mobile App,219000,2928000,83,2,22,565,6.5,200,No,No
CUST-04038,2024-05-14,May,5,Tuesday,Q2,36,Female,Ibadan,Engineer,Corporate,Savings Account,Branch,2115000,26101000,58,2,37,714,8.1,6300,No,No
CUST-04039,2024-01-09,January,1,Tuesday,Q1,26,Female,Lagos,Student,Student,Current Account,Agent Banking,11000,12000,78,2,11,413,10.0,0,Yes,No
CUST-04040,2024-06-26,June,6,Wednesday,Q2,52,Male,Abuja,Farmer,Retail,Savings Account,Branch,121000,1290000,70,3,34,586,7.8,400,No,No
CUST-04041,2024-11-12,November,11,Tuesday,Q4,34,Male,Port Harcourt,Engineer,Corporate,Investment Fund,Agent Banking,3451000,5325000,60,2,6,777,8.5,8600,No,No
CUST-04042,2024-03-26,March,3,Tuesday,Q1,34,Male,Ibadan,Accountant,Premium,Insurance Plan,USSD,776000,6634000,100,2,31,629,6.0,1600,No,No
CUST-04043,2024-09-09,September,9,Monday,Q3,56,Female,Kano,Trader,SME,Current Account,Mobile App,139000,1871000,78,3,28,785,5.7,100,No,No
CUST-04044,2024-05-21,May,5,Tuesday,Q2,18,Male,Lagos,Trader,Student,Savings Account,Mobile App,6000,50000,116,3,40,535,8.0,0,No,No
CUST-04045,2024-04-16,April,4,Tuesday,Q2,29,Male,Lagos,Engineer,Retail,Fixed Deposit,USSD,82000,256000,25,1,36,630,1.9,200,Yes,No
CUST-04046,2024-05-31,May,5,Friday,Q2,52,Male,Ibadan,Engineer,Premium,Insurance Plan,Branch,675000,3916000,15,1,34,516,10.0,2000,Yes,No
CUST-04047,2024-09-16,September,9,Monday,Q3,49,Female,Lagos,Accountant,Premium,Fixed Deposit,USSD,168000,189000,37,1,26,777,7.2,300,Yes,No
CUST-04048,2024-10-26,October,10,Saturday,Q4,30,Female,Lagos,Student,Student,Mortgage,Web Portal,9000,106000,86,1,12,537,5.9,0,Yes,No
CUST-04049,2024-04-30,April,4,Tuesday,Q2,38,Male,Abuja,Student,Student,Insurance Plan,Branch,37000,373000,23,3,26,494,5.2,100,No,No
CUST-04050,2024-03-04,March,3,Monday,Q1,29,Female,Abuja,Student,Student,Mobile Loan,USSD,22000,133000,51,2,1,575,6.6,0,No,No
CUST-04051,2024-10-24,October,10,Thursday,Q4,47,Male,Kano,Accountant,Corporate,Current Account,Mobile App,5560000,8332000,56,2,22,663,9.7,5600,No,No
CUST-04052,2024-09-23,September,9,Monday,Q3,49,Female,Enugu,Accountant,Premium,Mortgage,Web Portal,830000,5117000,102,5,32,757,6.1,1200,No,No
CUST-04053,2024-04-10,April,4,Wednesday,Q2,41,Male,Ibadan,Civil Servant,Retail,Mobile Loan,Branch,68000,613000,24,1,10,477,7.4,200,Yes,No
CUST-04054,2024-10-11,October,10,Friday,Q4,52,Female,Kano,Student,Student,Investment Fund,Web Portal,9000,107000,15,1,8,574,9.3,0,No,No
CUST-04055,2024-01-24,January,1,Wednesday,Q1,55,Male,Kano,Civil Servant,Retail,Mortgage,Branch,115000,166000,101,5,29,609,7.0,300,No,No
CUST-04056,2024-12-17,December,12,Tuesday,Q4,37,Female,Port Harcourt,Trader,SME,Insurance Plan,Web Portal,131000,383000,77,3,25,552,8.1,200,Yes,No
CUST-04057,2024-06-18,June,6,Tuesday,Q2,30,Male,Kano,Farmer,Retail,Mortgage,Agent Banking,276000,3723000,24,2,30,498,7.3,700,No,No
CUST-04058,2024-10-02,October,10,Wednesday,Q4,23,Female,Abuja,Lawyer,Student,Fixed Deposit,USSD,22000,258000,67,5,1,412,5.8,0,No,No
CUST-04059,2024-11-20,November,11,Wednesday,Q4,36,Female,Lagos,Doctor,Corporate,Current Account,Mobile App,141000,496000,109,3,14,715,8.4,100,Yes,No
CUST-04060,2024-12-01,December,12,Sunday,Q4,34,Female,Lagos,Student,Student,Insurance Plan,USSD,4000,33000,48,1,4,438,4.6,0,No,No
CUST-04061,2024-09-16,September,9,Monday,Q3,53,Female,Ibadan,Teacher,Retail,Insurance Plan,Agent Banking,95000,926000,81,2,18,616,8.3,200,No,No
CUST-04062,2024-06-03,June,6,Monday,Q2,59,Female,Ibadan,Doctor,Premium,Fixed Deposit,Mobile App,2407000,22703000,34,3,22,680,6.1,2400,No,No
CUST-04063,2024-02-11,February,2,Sunday,Q1,32,Female,Kano,Lawyer,Premium,Savings Account,Mobile App,1313000,11433000,21,1,38,596,4.4,1300,Yes,No
CUST-04064,2024-07-09,July,7,Tuesday,Q3,34,Male,Port Harcourt,Farmer,Retail,Mortgage,Branch,67000,655000,29,1,21,706,5.6,200,No,No
CUST-04065,2024-09-28,September,9,Saturday,Q3,50,Female,Kano,Teacher,Retail,Fixed Deposit,Mobile App,87000,538000,80,2,9,476,8.2,100,No,No
CUST-04066,2024-04-07,April,4,Sunday,Q2,35,Female,Kano,Civil Servant,Retail,Savings Account,USSD,552000,3127000,40,3,38,624,8.3,1100,No,No
CUST-04067,2024-12-06,December,12,Friday,Q4,45,Male,Port Harcourt,Accountant,Corporate,Credit Card,USSD,4162000,40575000,41,4,44,731,6.9,8300,No,No
CUST-04068,2024-03-23,March,3,Saturday,Q1,27,Male,Ibadan,Lawyer,Retail,Current Account,Mobile App,127000,1714000,42,1,24,728,7.7,100,No,No
CUST-04069,2024-10-16,October,10,Wednesday,Q4,18,Female,Abuja,Doctor,Student,Insurance Plan,Mobile App,6000,59000,33,3,29,595,4.8,0,Yes,No
CUST-04070,2024-07-21,July,7,Sunday,Q3,31,Male,Enugu,Teacher,Retail,Mortgage,Mobile App,93000,1004000,16,3,22,673,4.9,100,No,No
CUST-04071,2024-10-11,October,10,Friday,Q4,51,Female,Enugu,Engineer,Premium,Fixed Deposit,USSD,1931000,26678000,80,1,32,560,10.0,3900,No,No
CUST-04072,2024-06-05,June,6,Wednesday,Q2,50,Female,Abuja,Civil Servant,Retail,Mobile Loan,Web Portal,193000,2322000,53,4,30,752,10.0,300,Yes,No
CUST-04073,2024-02-16,February,2,Friday,Q1,59,Male,Port Harcourt,Accountant,Corporate,Insurance Plan,Agent Banking,9575000,15760000,55,3,42,773,6.7,23900,No,No
CUST-04074,2024-02-05,February,2,Monday,Q1,37,Male,Kano,Trader,SME,Mobile Loan,USSD,937000,1119000,26,5,37,478,9.2,1900,No,No
CUST-04075,2024-04-18,April,4,Thursday,Q2,54,Female,Ibadan,Doctor,Corporate,Current Account,Branch,727000,2290000,79,1,28,631,6.5,2200,No,No
CUST-04076,2024-12-09,December,12,Monday,Q4,69,Female,Lagos,Lawyer,Premium,Mobile Loan,Mobile App,1583000,15151000,67,4,33,676,10.0,1600,No,No
CUST-04077,2024-06-09,June,6,Sunday,Q2,34,Male,Kano,Civil Servant,Retail,Credit Card,Mobile App,44000,426000,81,1,7,584,5.7,0,No,No
CUST-04078,2024-03-03,March,3,Sunday,Q1,35,Female,Abuja,Accountant,Premium,Savings Account,Web Portal,198000,1514000,31,2,21,517,8.0,300,Yes,No
CUST-04079,2024-08-06,August,8,Tuesday,Q3,47,Male,Enugu,Doctor,Corporate,Current Account,Web Portal,1218000,10872000,13,3,1,828,8.1,1800,No,No
CUST-04080,2024-02-29,February,2,Thursday,Q1,28,Female,Lagos,Teacher,Retail,Current Account,Mobile App,62000,540000,65,2,5,600,8.1,100,No,No
CUST-04081,2024-08-13,August,8,Tuesday,Q3,43,Female,Abuja,Lawyer,Corporate,Insurance Plan,Mobile App,1746000,15279000,52,3,9,629,7.5,1700,No,No
CUST-04082,2024-09-28,September,9,Saturday,Q3,18,Female,Enugu,Farmer,Student,Fixed Deposit,Web Portal,40000,237000,48,4,8,576,8.1,100,No,No
CUST-04083,2024-06-24,June,6,Monday,Q2,37,Female,Abuja,Lawyer,Premium,Insurance Plan,Branch,2054000,2196000,72,1,4,472,8.1,6200,No,No
CUST-04084,2024-04-16,April,4,Tuesday,Q2,28,Female,Ibadan,Teacher,Retail,Current Account,Mobile App,96000,1027000,69,3,18,572,4.6,100,No,No
CUST-04085,2024-04-18,April,4,Thursday,Q2,38,Male,Port Harcourt,Farmer,Retail,Savings Account,Web Portal,75000,768000,15,3,38,676,5.7,100,No,No
CUST-04086,2024-03-10,March,3,Sunday,Q1,28,Male,Abuja,Lawyer,Retail,Mobile Loan,Mobile App,157000,1936000,71,4,3,620,8.1,200,No,No
CUST-04087,2024-08-30,August,8,Friday,Q3,25,Female,Kano,Accountant,Retail,Mortgage,Mobile App,402000,2153000,51,2,21,580,7.9,400,No,No
CUST-04088,2024-10-14,October,10,Monday,Q4,61,Female,Ibadan,Teacher,Retail,Fixed Deposit,Mobile App,51000,197000,45,3,34,481,5.5,100,No,No
CUST-04089,2024-11-06,November,11,Wednesday,Q4,27,Female,Lagos,Entrepreneur,SME,Mobile Loan,Web Portal,50000,493000,79,4,42,600,7.6,100,No,No
CUST-04090,2024-06-15,June,6,Saturday,Q2,18,Female,Kano,Farmer,Student,Insurance Plan,Web Portal,6000,74000,76,2,33,382,5.8,0,No,No
CUST-04091,2024-08-16,August,8,Friday,Q3,24,Male,Lagos,Doctor,Student,Fixed Deposit,Agent Banking,44000,244000,51,1,9,405,6.9,100,Yes,No
CUST-04092,2024-09-26,September,9,Thursday,Q3,59,Female,Lagos,Student,Student,Savings Account,USSD,12000,127000,90,2,41,395,5.7,0,No,No
CUST-04093,2024-09-11,September,9,Wednesday,Q3,32,Female,Lagos,Civil Servant,Retail,Investment Fund,Branch,317000,2285000,9,3,32,659,10.0,1000,Yes,No
CUST-04094,2024-03-20,March,3,Wednesday,Q1,39,Male,Port Harcourt,Engineer,Premium,Mobile Loan,Mobile App,314000,279000,51,2,4,736,10.0,300,No,No
CUST-04095,2024-11-04,November,11,Monday,Q4,41,Male,Lagos,Teacher,Retail,Investment Fund,Mobile App,159000,367000,2,4,45,450,6.8,200,No,No
CUST-04096,2024-10-19,October,10,Saturday,Q4,20,Male,Ibadan,Engineer,Student,Savings Account,USSD,17000,102000,64,2,29,611,4.5,0,No,No
CUST-04097,2024-02-12,February,2,Monday,Q1,29,Male,Enugu,Engineer,Retail,Savings Account,USSD,559000,2958000,3,1,35,470,9.4,1100,Yes,No
CUST-04098,2024-06-09,June,6,Sunday,Q2,35,Male,Abuja,Entrepreneur,SME,Savings Account,USSD,900000,11073000,55,1,4,590,5.7,1800,No,No
CUST-04099,2024-02-23,February,2,Friday,Q1,25,Female,Ibadan,Student,Student,Mortgage,USSD,18000,109000,91,4,16,566,7.5,0,No,No
CUST-04100,2024-03-22,March,3,Friday,Q1,49,Male,Enugu,Doctor,Premium,Savings Account,Mobile App,413000,594000,50,1,7,698,10.0,400,No,No
CUST-04101,2024-01-12,January,1,Friday,Q1,35,Male,Abuja,Engineer,Premium,Fixed Deposit,USSD,223000,1065000,8,2,11,442,9.0,400,No,No
CUST-04102,2024-01-12,January,1,Friday,Q1,50,Male,Enugu,Entrepreneur,SME,Mortgage,USSD,387000,2644000,103,4,16,561,6.4,800,No,No
CUST-04103,2024-07-20,July,7,Saturday,Q3,40,Male,Kano,Doctor,Corporate,Mobile Loan,Mobile App,1214000,14557000,78,3,24,843,8.2,1200,No,No
CUST-04104,2024-10-06,October,10,Sunday,Q4,46,Female,Enugu,Trader,SME,Investment Fund,Agent Banking,223000,1104000,43,3,34,783,6.8,600,No,No
CUST-04105,2024-06-03,June,6,Monday,Q2,34,Male,Enugu,Civil Servant,Retail,Current Account,Mobile App,264000,2535000,19,3,34,610,7.5,300,No,No
CUST-04106,2024-01-21,January,1,Sunday,Q1,37,Female,Lagos,Lawyer,Corporate,Fixed Deposit,Mobile App,2985000,39638000,98,1,27,789,5.6,3000,No,No
CUST-04107,2024-12-05,December,12,Thursday,Q4,40,Male,Kano,Trader,SME,Savings Account,Mobile App,926000,3591000,40,3,5,479,5.2,900,No,No
CUST-04108,2024-08-29,August,8,Thursday,Q3,48,Male,Abuja,Trader,SME,Insurance Plan,Mobile App,309000,1656000,25,3,6,695,3.3,300,No,No
CUST-04109,2024-02-14,February,2,Wednesday,Q1,38,Male,Kano,Student,Student,Fixed Deposit,Mobile App,16000,185000,48,1,33,439,8.7,0,No,No
CUST-04110,2024-02-13,February,2,Tuesday,Q1,22,Female,Abuja,Lawyer,Student,Insurance Plan,Agent Banking,7000,68000,68,1,28,351,7.6,0,No,No
CUST-04111,2024-11-10,November,11,Sunday,Q4,25,Male,Lagos,Engineer,Retail,Fixed Deposit,Web Portal,112000,945000,51,4,4,715,5.0,200,No,No
CUST-04112,2024-07-27,July,7,Saturday,Q3,36,Male,Lagos,Student,Student,Investment Fund,Mobile App,29000,28000,41,4,31,558,7.8,0,No,No
CUST-04113,2024-01-01,January,1,Monday,Q1,18,Female,Port Harcourt,Farmer,Student,Current Account,USSD,13000,158000,88,3,14,301,8.1,0,No,No
CUST-04114,2024-10-19,October,10,Saturday,Q4,33,Female,Lagos,Trader,SME,Mortgage,Mobile App,485000,1870000,110,5,8,434,7.1,500,No,No
CUST-04115,2024-11-14,November,11,Thursday,Q4,41,Female,Port Harcourt,Student,Student,Mortgage,Mobile App,12000,113000,103,5,36,594,10.0,0,No,No
CUST-04116,2024-01-31,January,1,Wednesday,Q1,30,Female,Kano,Entrepreneur,SME,Fixed Deposit,Branch,180000,533000,110,1,24,637,7.8,500,No,No
CUST-04117,2024-03-31,March,3,Sunday,Q1,19,Male,Lagos,Entrepreneur,Student,Mobile Loan,Web Portal,36000,407000,1,2,39,416,8.5,100,No,No
CUST-04118,2024-11-06,November,11,Wednesday,Q4,23,Female,Kano,Teacher,Student,Credit Card,Mobile App,9000,110000,4,1,16,563,5.1,0,Yes,No
CUST-04119,2024-06-29,June,6,Saturday,Q2,41,Female,Ibadan,Accountant,Corporate,Investment Fund,Web Portal,1229000,14721000,53,3,6,690,8.1,1800,No,No
CUST-04120,2024-11-09,November,11,Saturday,Q4,45,Female,Lagos,Accountant,Premium,Insurance Plan,Mobile App,1080000,6855000,80,2,21,707,8.2,1100,No,No
CUST-04121,2024-05-21,May,5,Tuesday,Q2,36,Female,Ibadan,Student,Student,Mobile Loan,Branch,19000,51000,34,3,9,343,6.3,100,No,No
CUST-04122,2024-12-05,December,12,Thursday,Q4,71,Male,Abuja,Teacher,Retail,Fixed Deposit,Branch,55000,424000,106,2,39,591,8.5,200,No,No
CUST-04123,2024-07-24,July,7,Wednesday,Q3,34,Male,Ibadan,Lawyer,Corporate,Fixed Deposit,USSD,2181000,13067000,80,1,40,744,5.5,4400,No,No
CUST-04124,2024-09-05,September,9,Thursday,Q3,30,Male,Ibadan,Entrepreneur,SME,Fixed Deposit,Web Portal,466000,4358000,77,4,40,556,6.6,700,No,No
CUST-04125,2024-12-06,December,12,Friday,Q4,25,Female,Enugu,Civil Servant,Retail,Fixed Deposit,Mobile App,61000,796000,59,3,3,648,1.0,100,Yes,No
CUST-04126,2024-08-06,August,8,Tuesday,Q3,33,Male,Lagos,Civil Servant,Retail,Fixed Deposit,Mobile App,74000,745000,1,4,15,442,6.7,100,No,No
CUST-04127,2024-02-17,February,2,Saturday,Q1,53,Female,Lagos,Teacher,Retail,Mobile Loan,USSD,142000,2102000,78,2,11,764,7.1,300,No,No
CUST-04128,2024-02-02,February,2,Friday,Q1,27,Female,Ibadan,Lawyer,Retail,Investment Fund,Web Portal,114000,1544000,105,4,23,742,5.7,200,No,No
CUST-04129,2024-02-12,February,2,Monday,Q1,48,Male,Lagos,Farmer,Retail,Current Account,Mobile App,120000,1359000,73,2,19,745,7.5,100,No,No
CUST-04130,2024-01-27,January,1,Saturday,Q1,34,Male,Enugu,Civil Servant,Retail,Fixed Deposit,Branch,107000,1449000,73,3,29,535,8.3,300,Yes,No
CUST-04131,2024-12-22,December,12,Sunday,Q4,31,Female,Kano,Accountant,Corporate,Investment Fund,Branch,288000,2681000,31,1,29,842,7.8,900,No,No
CUST-04132,2024-08-31,August,8,Saturday,Q3,34,Female,Kano,Engineer,Premium,Savings Account,Web Portal,7202000,70359000,99,5,37,474,4.3,10800,Yes,No
CUST-04133,2024-11-10,November,11,Sunday,Q4,47,Female,Port Harcourt,Student,Student,Credit Card,USSD,7000,50000,9,4,11,358,7.3,0,Yes,No
CUST-04134,2024-08-12,August,8,Monday,Q3,47,Male,Lagos,Civil Servant,Retail,Savings Account,Mobile App,89000,425000,12,2,44,700,6.7,100,No,No
CUST-04135,2024-07-10,July,7,Wednesday,Q3,26,Male,Abuja,Teacher,Retail,Current Account,Mobile App,429000,3064000,40,3,27,701,7.2,400,No,No
CUST-04136,2024-02-02,February,2,Friday,Q1,50,Male,Port Harcourt,Lawyer,Corporate,Investment Fund,Branch,3471000,13455000,49,1,42,789,8.8,10400,No,No
CUST-04137,2024-12-16,December,12,Monday,Q4,30,Female,Port Harcourt,Entrepreneur,SME,Insurance Plan,Web Portal,805000,1443000,101,2,45,598,9.4,1200,No,No
CUST-04138,2024-08-16,August,8,Friday,Q3,32,Male,Enugu,Doctor,Corporate,Savings Account,Branch,522000,4869000,57,2,18,749,10.0,1600,No,No
CUST-04139,2024-09-21,September,9,Saturday,Q3,18,Female,Lagos,Accountant,Student,Insurance Plan,Mobile App,4000,5000,116,1,26,449,6.0,0,No,No
CUST-04140,2024-03-06,March,3,Wednesday,Q1,24,Male,Lagos,Student,Student,Mortgage,Branch,32000,216000,22,2,31,589,10.0,100,No,No
CUST-04141,2024-10-13,October,10,Sunday,Q4,34,Male,Ibadan,Trader,SME,Investment Fund,USSD,132000,1646000,111,3,37,691,5.1,300,No,No
CUST-04142,2024-11-16,November,11,Saturday,Q4,43,Female,Enugu,Civil Servant,Retail,Savings Account,Branch,155000,1114000,115,2,24,556,6.4,500,No,No
CUST-04143,2024-06-12,June,6,Wednesday,Q2,62,Male,Kano,Trader,SME,Credit Card,Branch,186000,1192000,42,3,24,610,6.7,600,Yes,No
CUST-04144,2024-09-07,September,9,Saturday,Q3,18,Female,Lagos,Student,Student,Insurance Plan,Mobile App,4000,28000,98,4,23,341,6.6,0,No,No
CUST-04145,2024-07-22,July,7,Monday,Q3,64,Male,Abuja,Lawyer,Premium,Mortgage,Mobile App,3385000,39669000,32,3,10,550,7.9,3400,Yes,No
CUST-04146,2024-07-06,July,7,Saturday,Q3,18,Male,Port Harcourt,Civil Servant,Student,Savings Account,Web Portal,9000,35000,2,1,13,497,4.6,0,Yes,No
CUST-04147,2024-03-28,March,3,Thursday,Q1,42,Female,Kano,Trader,SME,Mobile Loan,Mobile App,584000,5805000,113,1,31,478,6.7,600,No,No
CUST-04148,2024-08-02,August,8,Friday,Q3,61,Male,Kano,Trader,SME,Savings Account,Branch,2614000,12143000,61,3,2,508,6.3,7800,No,No
CUST-04149,2024-07-13,July,7,Saturday,Q3,35,Female,Enugu,Trader,SME,Investment Fund,Agent Banking,1741000,24012000,107,5,26,552,9.3,4400,No,No
CUST-04150,2024-08-28,August,8,Wednesday,Q3,29,Male,Kano,Engineer,Retail,Fixed Deposit,Web Portal,28000,348000,49,2,6,564,3.7,0,No,No
CUST-04151,2024-12-23,December,12,Monday,Q4,52,Female,Ibadan,Engineer,Corporate,Credit Card,Mobile App,4636000,47804000,118,1,43,801,4.8,4600,No,No
CUST-04152,2024-04-14,April,4,Sunday,Q2,58,Male,Enugu,Entrepreneur,SME,Current Account,Mobile App,245000,1766000,76,2,30,456,8.1,200,No,No
CUST-04153,2024-01-12,January,1,Friday,Q1,18,Male,Abuja,Trader,Student,Current Account,Mobile App,26000,140000,2,3,24,331,7.4,0,Yes,No
CUST-04154,2024-07-13,July,7,Saturday,Q3,46,Female,Port Harcourt,Entrepreneur,SME,Current Account,Branch,2826000,14140000,74,3,26,555,9.2,8500,Yes,No
CUST-04155,2024-03-06,March,3,Wednesday,Q1,20,Female,Ibadan,Student,Student,Credit Card,Mobile App,17000,167000,107,3,39,419,7.6,0,No,No
CUST-04156,2024-07-04,July,7,Thursday,Q3,59,Male,Enugu,Entrepreneur,SME,Credit Card,Web Portal,328000,875000,93,2,19,505,6.5,500,No,No
CUST-04157,2024-09-29,September,9,Sunday,Q3,34,Male,Ibadan,Student,Student,Investment Fund,Branch,26000,141000,25,3,41,559,5.4,100,Yes,No
CUST-04158,2024-03-24,March,3,Sunday,Q1,55,Female,Kano,Entrepreneur,SME,Savings Account,Mobile App,669000,6671000,45,3,28,651,8.4,700,No,No
CUST-04159,2024-12-16,December,12,Monday,Q4,43,Male,Abuja,Lawyer,Corporate,Mortgage,Agent Banking,91000,119000,112,3,22,645,5.5,200,No,No
CUST-04160,2024-03-31,March,3,Sunday,Q1,51,Female,Port Harcourt,Trader,SME,Fixed Deposit,Mobile App,421000,4355000,110,1,18,655,5.7,400,No,No
CUST-04161,2024-11-18,November,11,Monday,Q4,33,Male,Port Harcourt,Trader,SME,Fixed Deposit,Mobile App,159000,1943000,27,1,15,718,7.4,200,No,No
CUST-04162,2024-10-08,October,10,Tuesday,Q4,30,Male,Abuja,Engineer,Retail,Current Account,Web Portal,35000,65000,84,3,2,675,10.0,100,No,No
CUST-04163,2024-01-26,January,1,Friday,Q1,41,Male,Abuja,Student,Student,Insurance Plan,Branch,11000,48000,65,3,22,552,5.4,0,No,No
CUST-04164,2024-02-14,February,2,Wednesday,Q1,52,Male,Abuja,Entrepreneur,SME,Insurance Plan,Branch,207000,1708000,95,3,11,594,10.0,600,Yes,No
CUST-04165,2024-10-08,October,10,Tuesday,Q4,43,Female,Lagos,Engineer,Corporate,Savings Account,Branch,1169000,10292000,15,5,17,743,5.5,3500,No,No
CUST-04166,2024-07-19,July,7,Friday,Q3,39,Female,Enugu,Trader,SME,Investment Fund,Web Portal,475000,1212000,71,2,22,648,6.8,700,No,No
CUST-04167,2024-10-19,October,10,Saturday,Q4,25,Female,Ibadan,Student,Student,Mortgage,Mobile App,28000,392000,43,1,43,495,7.4,0,No,No
CUST-04168,2024-01-29,January,1,Monday,Q1,35,Male,Enugu,Accountant,Corporate,Current Account,USSD,3650000,31505000,3,1,26,769,4.8,7300,Yes,No
CUST-04169,2024-07-28,July,7,Sunday,Q3,46,Male,Kano,Engineer,Corporate,Fixed Deposit,Branch,585000,1021000,10,1,44,778,8.9,1800,No,No
CUST-04170,2024-11-10,November,11,Sunday,Q4,32,Female,Ibadan,Student,Student,Fixed Deposit,Branch,10000,111000,110,4,25,419,6.4,0,No,No
CUST-04171,2024-12-13,December,12,Friday,Q4,36,Female,Kano,Doctor,Corporate,Fixed Deposit,Mobile App,1078000,979000,54,2,7,833,7.7,1100,No,No
CUST-04172,2024-10-10,October,10,Thursday,Q4,26,Male,Port Harcourt,Farmer,Retail,Mobile Loan,Mobile App,38000,534000,13,2,1,741,6.8,0,No,No
CUST-04173,2024-11-06,November,11,Wednesday,Q4,35,Female,Ibadan,Farmer,Retail,Mobile Loan,Mobile App,103000,914000,34,3,2,433,6.9,100,Yes,No
CUST-04174,2024-07-19,July,7,Friday,Q3,42,Female,Port Harcourt,Teacher,Retail,Investment Fund,USSD,110000,1321000,36,1,26,643,8.9,200,No,No
CUST-04175,2024-03-23,March,3,Saturday,Q1,35,Male,Enugu,Teacher,Retail,Savings Account,USSD,111000,362000,112,2,1,695,8.6,200,Yes,No
CUST-04176,2024-03-17,March,3,Sunday,Q1,37,Male,Kano,Entrepreneur,SME,Credit Card,Web Portal,108000,472000,116,1,9,553,5.1,200,No,No
CUST-04177,2024-01-26,January,1,Friday,Q1,44,Female,Port Harcourt,Entrepreneur,SME,Credit Card,Branch,27000,259000,51,2,37,675,4.8,100,Yes,No
CUST-04178,2024-12-19,December,12,Thursday,Q4,38,Female,Lagos,Doctor,Premium,Mortgage,Branch,223000,1251000,43,1,1,449,7.7,700,No,No
CUST-04179,2024-06-19,June,6,Wednesday,Q2,20,Female,Kano,Doctor,Student,Credit Card,Web Portal,11000,42000,76,2,34,426,5.2,0,No,No
CUST-04180,2024-02-01,February,2,Thursday,Q1,43,Male,Enugu,Trader,SME,Mortgage,Branch,556000,4687000,49,1,37,752,6.4,1700,Yes,No
CUST-04181,2024-11-25,November,11,Monday,Q4,20,Male,Abuja,Trader,Student,Mobile Loan,Mobile App,14000,199000,78,4,37,383,7.8,0,No,No
CUST-04182,2024-07-20,July,7,Saturday,Q3,34,Male,Enugu,Teacher,Retail,Mortgage,Mobile App,159000,702000,88,1,34,588,8.9,200,No,No
CUST-04183,2024-02-23,February,2,Friday,Q1,39,Female,Abuja,Civil Servant,Retail,Fixed Deposit,USSD,306000,308000,67,3,33,719,7.7,600,No,No
CUST-04184,2024-06-16,June,6,Sunday,Q2,45,Male,Enugu,Doctor,Premium,Mobile Loan,Mobile App,978000,8013000,19,3,11,508,10.0,1000,No,No
CUST-04185,2024-10-29,October,10,Tuesday,Q4,18,Male,Enugu,Engineer,Student,Mobile Loan,Web Portal,21000,218000,49,3,5,460,5.1,0,No,No
CUST-04186,2024-05-04,May,5,Saturday,Q2,43,Female,Kano,Student,Student,Mobile Loan,USSD,41000,144000,112,1,7,459,9.5,100,No,No
CUST-04187,2024-11-07,November,11,Thursday,Q4,41,Female,Kano,Civil Servant,Retail,Credit Card,Branch,208000,569000,96,3,43,644,3.9,600,No,No
CUST-04188,2024-10-27,October,10,Sunday,Q4,32,Female,Abuja,Civil Servant,Retail,Savings Account,Branch,320000,900000,85,1,16,543,4.7,1000,Yes,No
CUST-04189,2024-05-19,May,5,Sunday,Q2,43,Female,Enugu,Student,Student,Investment Fund,Agent Banking,11000,35000,15,3,32,329,9.5,0,No,No
CUST-04190,2024-09-05,September,9,Thursday,Q3,24,Female,Abuja,Lawyer,Student,Investment Fund,Mobile App,8000,108000,18,1,40,320,8.8,0,No,No
CUST-04191,2024-05-10,May,5,Friday,Q2,44,Male,Ibadan,Teacher,Retail,Insurance Plan,Mobile App,449000,3038000,97,2,15,573,7.2,400,No,No
CUST-04192,2024-09-17,September,9,Tuesday,Q3,35,Male,Ibadan,Student,Student,Current Account,Mobile App,56000,591000,113,2,13,590,7.0,100,No,No
CUST-04193,2024-05-17,May,5,Friday,Q2,35,Male,Port Harcourt,Teacher,Retail,Mobile Loan,Branch,102000,810000,64,2,11,747,9.4,300,No,No
CUST-04194,2024-10-24,October,10,Thursday,Q4,59,Female,Ibadan,Farmer,Retail,Current Account,Branch,121000,563000,7,2,8,472,6.6,400,Yes,No
CUST-04195,2024-04-08,April,4,Monday,Q2,43,Female,Enugu,Accountant,Corporate,Credit Card,Branch,592000,4127000,104,1,1,653,6.6,1800,No,No
CUST-04196,2024-07-25,July,7,Thursday,Q3,50,Male,Enugu,Civil Servant,Retail,Mortgage,Agent Banking,179000,507000,84,2,24,634,10.0,400,Yes,No
CUST-04197,2024-04-26,April,4,Friday,Q2,18,Male,Lagos,Accountant,Student,Insurance Plan,Branch,15000,223000,71,2,8,610,8.7,0,Yes,No
CUST-04198,2024-11-26,November,11,Tuesday,Q4,42,Male,Abuja,Engineer,Corporate,Savings Account,Mobile App,2348000,7626000,55,2,28,729,7.3,2300,No,No
CUST-04199,2024-11-13,November,11,Wednesday,Q4,40,Female,Enugu,Trader,SME,Investment Fund,Mobile App,1286000,6703000,21,2,4,645,5.9,1300,No,No
CUST-04200,2024-08-30,August,8,Friday,Q3,35,Male,Lagos,Doctor,Corporate,Current Account,Mobile App,1673000,23109000,11,1,8,751,10.0,1700,No,No
CUST-04201,2024-07-31,July,7,Wednesday,Q3,37,Male,Enugu,Engineer,Premium,Current Account,Branch,237000,2761000,8,3,1,434,6.9,700,Yes,No
CUST-04202,2024-10-17,October,10,Thursday,Q4,42,Female,Port Harcourt,Engineer,Corporate,Credit Card,Branch,3499000,36884000,38,1,13,721,7.7,10500,No,No
CUST-04203,2024-01-15,January,1,Monday,Q1,42,Male,Enugu,Farmer,Retail,Insurance Plan,Web Portal,144000,825000,108,1,10,507,10.0,200,Yes,No
CUST-04204,2024-09-12,September,9,Thursday,Q3,25,Female,Ibadan,Farmer,Retail,Mortgage,Mobile App,140000,1501000,87,2,35,467,6.8,100,No,No
CUST-04205,2024-01-30,January,1,Tuesday,Q1,48,Female,Lagos,Accountant,Premium,Credit Card,Mobile App,1016000,9465000,54,4,35,632,7.3,1000,No,No
CUST-04206,2024-03-08,March,3,Friday,Q1,37,Female,Lagos,Accountant,Corporate,Savings Account,Agent Banking,922000,7328000,30,3,27,792,6.1,2300,Yes,No
CUST-04207,2024-01-21,January,1,Sunday,Q1,46,Male,Lagos,Student,Student,Mobile Loan,USSD,17000,157000,101,5,26,560,7.8,0,No,No
CUST-04208,2024-04-09,April,4,Tuesday,Q2,55,Female,Ibadan,Civil Servant,Retail,Mortgage,Agent Banking,200000,1095000,56,3,2,601,7.9,500,Yes,No
CUST-04209,2024-09-25,September,9,Wednesday,Q3,36,Female,Kano,Farmer,Retail,Fixed Deposit,Branch,222000,3315000,116,3,44,621,8.0,700,No,No
CUST-04210,2024-02-25,February,2,Sunday,Q1,32,Female,Enugu,Student,Student,Savings Account,Web Portal,6000,12000,33,2,30,574,7.4,0,Yes,No
CUST-04211,2024-03-30,March,3,Saturday,Q1,29,Male,Abuja,Lawyer,Retail,Current Account,USSD,207000,1965000,84,4,1,735,6.9,400,No,No
CUST-04212,2024-08-06,August,8,Tuesday,Q3,43,Female,Port Harcourt,Entrepreneur,SME,Fixed Deposit,Mobile App,85000,155000,57,1,3,644,7.1,100,No,No
CUST-04213,2024-08-07,August,8,Wednesday,Q3,39,Female,Abuja,Engineer,Corporate,Mobile Loan,Branch,383000,3396000,64,3,34,761,5.0,1100,No,No
CUST-04214,2024-01-11,January,1,Thursday,Q1,50,Male,Ibadan,Doctor,Premium,Mobile Loan,Web Portal,2339000,30563000,80,4,2,639,5.7,3500,No,No
CUST-04215,2024-12-20,December,12,Friday,Q4,32,Male,Kano,Engineer,Premium,Fixed Deposit,Branch,346000,3608000,68,4,9,557,8.9,1000,Yes,No
CUST-04216,2024-05-07,May,5,Tuesday,Q2,40,Female,Kano,Farmer,Retail,Investment Fund,Branch,81000,417000,94,3,5,702,3.4,200,No,No
CUST-04217,2024-09-30,September,9,Monday,Q3,31,Male,Kano,Farmer,Retail,Fixed Deposit,Mobile App,209000,1121000,86,2,19,734,6.7,200,No,No
CUST-04218,2024-09-30,September,9,Monday,Q3,65,Male,Ibadan,Farmer,Retail,Current Account,USSD,140000,1579000,83,1,45,604,7.1,300,Yes,No
CUST-04219,2024-10-22,October,10,Tuesday,Q4,45,Female,Port Harcourt,Accountant,Corporate,Mortgage,Web Portal,2467000,5374000,86,4,7,773,7.2,3700,Yes,No
CUST-04220,2024-06-08,June,6,Saturday,Q2,46,Male,Kano,Student,Student,Current Account,Mobile App,74000,258000,73,3,9,441,9.1,100,No,No
CUST-04221,2024-02-14,February,2,Wednesday,Q1,18,Male,Abuja,Student,Student,Savings Account,Web Portal,17000,174000,53,1,20,479,8.9,0,No,No
CUST-04222,2024-11-23,November,11,Saturday,Q4,36,Male,Enugu,Doctor,Premium,Mobile Loan,Branch,378000,5334000,87,2,26,688,7.6,1100,Yes,No
CUST-04223,2024-09-21,September,9,Saturday,Q3,25,Male,Kano,Doctor,Retail,Mortgage,Web Portal,418000,5139000,110,3,43,568,7.2,600,No,No
CUST-04224,2024-04-07,April,4,Sunday,Q2,44,Female,Lagos,Student,Student,Investment Fund,Agent Banking,18000,224000,116,2,29,588,5.4,0,Yes,No
CUST-04225,2024-05-31,May,5,Friday,Q2,40,Male,Port Harcourt,Civil Servant,Retail,Credit Card,Mobile App,59000,172000,118,2,11,458,8.7,100,No,No
CUST-04226,2024-10-25,October,10,Friday,Q4,29,Male,Kano,Teacher,Retail,Insurance Plan,Mobile App,197000,2108000,6,2,16,632,8.2,200,Yes,No
CUST-04227,2024-04-11,April,4,Thursday,Q2,46,Male,Kano,Teacher,Retail,Investment Fund,Agent Banking,43000,615000,117,1,36,535,7.3,100,Yes,No
CUST-04228,2024-12-03,December,12,Tuesday,Q4,52,Female,Lagos,Civil Servant,Retail,Investment Fund,Web Portal,102000,1446000,30,1,15,477,7.8,200,No,No
CUST-04229,2024-09-13,September,9,Friday,Q3,18,Male,Enugu,Trader,Student,Mortgage,USSD,23000,139000,29,2,45,503,6.1,0,No,No
CUST-04230,2024-03-16,March,3,Saturday,Q1,49,Male,Enugu,Trader,SME,Credit Card,USSD,50000,290000,57,4,39,669,9.0,100,No,No
CUST-04231,2024-10-03,October,10,Thursday,Q4,33,Female,Ibadan,Trader,SME,Current Account,Mobile App,175000,2096000,27,2,24,766,4.7,200,No,No
CUST-04232,2024-05-21,May,5,Tuesday,Q2,50,Female,Enugu,Entrepreneur,SME,Mortgage,Web Portal,290000,2829000,77,3,28,677,5.8,400,No,No
CUST-04233,2024-06-25,June,6,Tuesday,Q2,43,Male,Kano,Lawyer,Corporate,Fixed Deposit,USSD,664000,562000,72,2,16,833,8.7,1300,No,No
CUST-04234,2024-02-12,February,2,Monday,Q1,21,Female,Lagos,Student,Student,Mortgage,USSD,5000,33000,72,1,8,409,8.0,0,Yes,No
CUST-04235,2024-10-25,October,10,Friday,Q4,43,Male,Kano,Doctor,Corporate,Savings Account,Web Portal,2230000,7469000,32,2,4,651,9.0,3300,No,No
CUST-04236,2024-10-12,October,10,Saturday,Q4,43,Female,Lagos,Trader,SME,Current Account,Web Portal,417000,477000,88,5,9,614,7.7,600,No,No
CUST-04237,2024-05-29,May,5,Wednesday,Q2,36,Female,Port Harcourt,Student,Student,Credit Card,Mobile App,17000,252000,88,5,27,405,6.1,0,No,No
CUST-04238,2024-10-09,October,10,Wednesday,Q4,41,Male,Abuja,Farmer,Retail,Credit Card,Mobile App,121000,539000,62,3,18,691,7.0,100,Yes,No
CUST-04239,2024-07-19,July,7,Friday,Q3,63,Male,Ibadan,Engineer,Premium,Credit Card,Web Portal,452000,5194000,32,3,33,785,8.5,700,Yes,No
CUST-04240,2024-10-11,October,10,Friday,Q4,48,Male,Lagos,Teacher,Retail,Insurance Plan,Mobile App,706000,8432000,45,4,24,476,9.5,700,No,No
CUST-04241,2024-09-21,September,9,Saturday,Q3,33,Male,Port Harcourt,Teacher,Retail,Fixed Deposit,Web Portal,85000,1064000,108,2,15,638,6.7,100,No,No
CUST-04242,2024-10-16,October,10,Wednesday,Q4,45,Male,Ibadan,Engineer,Premium,Savings Account,USSD,6739000,58993000,38,2,6,703,5.6,13500,Yes,No
CUST-04243,2024-08-26,August,8,Monday,Q3,28,Male,Abuja,Lawyer,Retail,Mobile Loan,Mobile App,57000,782000,26,1,44,498,9.9,100,No,No
CUST-04244,2024-05-24,May,5,Friday,Q2,70,Male,Abuja,Engineer,Premium,Current Account,Mobile App,376000,1110000,72,2,23,799,6.4,400,Yes,No
CUST-04245,2024-10-15,October,10,Tuesday,Q4,43,Female,Enugu,Trader,SME,Mobile Loan,Web Portal,174000,726000,101,3,44,483,9.8,300,Yes,No
CUST-04246,2024-03-24,March,3,Sunday,Q1,32,Male,Abuja,Lawyer,Premium,Insurance Plan,Branch,1012000,983000,104,3,3,781,7.7,3000,No,No
CUST-04247,2024-05-26,May,5,Sunday,Q2,42,Female,Kano,Teacher,Retail,Insurance Plan,Mobile App,227000,2344000,49,3,9,590,8.1,200,Yes,No
CUST-04248,2024-09-20,September,9,Friday,Q3,36,Female,Abuja,Lawyer,Corporate,Mortgage,Branch,3103000,24700000,102,4,15,687,6.1,9300,Yes,No
CUST-04249,2024-07-13,July,7,Saturday,Q3,39,Female,Lagos,Accountant,Premium,Investment Fund,Branch,16089000,174369000,72,3,2,448,7.7,48300,Yes,No
CUST-04250,2024-07-16,July,7,Tuesday,Q3,26,Male,Ibadan,Entrepreneur,SME,Mortgage,Web Portal,329000,4710000,24,5,42,706,7.5,500,Yes,No
CUST-04251,2024-08-23,August,8,Friday,Q3,21,Female,Abuja,Doctor,Student,Insurance Plan,USSD,28000,163000,43,3,33,353,3.9,100,No,No
CUST-04252,2024-10-01,October,10,Tuesday,Q4,43,Female,Enugu,Farmer,Retail,Mobile Loan,Branch,303000,393000,101,3,1,559,8.0,900,No,No
CUST-04253,2024-01-20,January,1,Saturday,Q1,34,Male,Ibadan,Farmer,Retail,Savings Account,Mobile App,151000,571000,23,2,13,623,5.9,200,No,No
CUST-04254,2024-04-12,April,4,Friday,Q2,39,Male,Lagos,Trader,SME,Current Account,Agent Banking,604000,4049000,118,2,36,567,7.2,1500,No,No
CUST-04255,2024-11-08,November,11,Friday,Q4,39,Male,Enugu,Civil Servant,Retail,Mortgage,Mobile App,58000,480000,100,1,40,700,10.0,100,No,No
CUST-04256,2024-01-11,January,1,Thursday,Q1,32,Female,Abuja,Entrepreneur,SME,Investment Fund,Web Portal,1343000,7525000,56,2,32,652,8.1,2000,No,No
CUST-04257,2024-06-18,June,6,Tuesday,Q2,38,Female,Abuja,Entrepreneur,SME,Mortgage,Web Portal,877000,3624000,76,1,9,623,9.9,1300,No,No
CUST-04258,2024-09-22,September,9,Sunday,Q3,30,Female,Lagos,Lawyer,Retail,Mobile Loan,USSD,101000,1170000,82,4,31,558,8.5,200,No,No
CUST-04259,2024-02-28,February,2,Wednesday,Q1,22,Male,Lagos,Civil Servant,Student,Investment Fund,Mobile App,19000,259000,99,1,27,593,6.4,0,No,No
CUST-04260,2024-10-06,October,10,Sunday,Q4,48,Female,Abuja,Lawyer,Corporate,Fixed Deposit,Agent Banking,6705000,24183000,51,1,43,763,6.7,16800,No,No
CUST-04261,2024-04-07,April,4,Sunday,Q2,25,Female,Kano,Doctor,Retail,Fixed Deposit,Web Portal,34000,52000,98,3,4,774,7.0,100,No,No
CUST-04262,2024-06-29,June,6,Saturday,Q2,51,Male,Ibadan,Doctor,Premium,Mortgage,Mobile App,794000,2806000,49,1,32,539,10.0,800,No,No
CUST-04263,2024-04-18,April,4,Thursday,Q2,18,Female,Lagos,Doctor,Student,Current Account,Mobile App,39000,397000,23,1,11,584,8.4,0,No,No
CUST-04264,2024-11-15,November,11,Friday,Q4,30,Male,Abuja,Teacher,Retail,Fixed Deposit,Branch,501000,4899000,28,2,37,488,5.2,1500,No,No
CUST-04265,2024-06-18,June,6,Tuesday,Q2,44,Male,Lagos,Student,Student,Mobile Loan,Mobile App,14000,110000,9,1,32,339,6.9,0,No,No
CUST-04266,2024-04-21,April,4,Sunday,Q2,34,Female,Enugu,Accountant,Corporate,Insurance Plan,Branch,2257000,21292000,65,3,37,716,7.9,6800,Yes,No
CUST-04267,2024-02-08,February,2,Thursday,Q1,38,Male,Enugu,Accountant,Premium,Credit Card,Branch,1093000,5292000,11,2,27,593,7.7,3300,No,No
CUST-04268,2024-11-09,November,11,Saturday,Q4,37,Female,Ibadan,Entrepreneur,SME,Mortgage,USSD,782000,5831000,118,2,9,450,7.9,1600,No,No
CUST-04269,2024-05-06,May,5,Monday,Q2,68,Male,Enugu,Accountant,Corporate,Fixed Deposit,Mobile App,143000,660000,55,3,5,795,7.0,100,No,No
CUST-04270,2024-11-30,November,11,Saturday,Q4,46,Female,Enugu,Accountant,Corporate,Current Account,Branch,796000,3639000,43,3,34,625,9.3,2400,Yes,No
CUST-04271,2024-01-18,January,1,Thursday,Q1,34,Female,Abuja,Doctor,Premium,Credit Card,Mobile App,865000,7839000,58,3,45,692,10.0,900,Yes,No
CUST-04272,2024-10-14,October,10,Monday,Q4,26,Female,Ibadan,Farmer,Retail,Fixed Deposit,Mobile App,41000,220000,42,2,30,624,4.3,0,Yes,No
CUST-04273,2024-05-28,May,5,Tuesday,Q2,29,Male,Kano,Doctor,Retail,Fixed Deposit,Mobile App,18000,94000,47,1,14,446,6.8,0,Yes,No
CUST-04274,2024-03-18,March,3,Monday,Q1,38,Male,Kano,Civil Servant,Retail,Mobile Loan,USSD,86000,1245000,15,4,29,671,5.0,200,No,No
CUST-04275,2024-04-16,April,4,Tuesday,Q2,52,Female,Kano,Trader,SME,Savings Account,USSD,822000,9388000,32,1,35,590,8.3,1600,No,No
CUST-04276,2024-06-20,June,6,Thursday,Q2,48,Female,Enugu,Civil Servant,Retail,Mortgage,Web Portal,174000,2527000,96,3,19,484,5.1,300,No,No
CUST-04277,2024-04-16,April,4,Tuesday,Q2,31,Male,Enugu,Teacher,Retail,Fixed Deposit,Mobile App,37000,177000,63,1,38,443,7.4,0,No,No
CUST-04278,2024-11-06,November,11,Wednesday,Q4,29,Female,Port Harcourt,Civil Servant,Retail,Current Account,Mobile App,248000,2777000,36,2,37,732,10.0,200,No,No
CUST-04279,2024-09-04,September,9,Wednesday,Q3,31,Male,Lagos,Engineer,Premium,Investment Fund,Agent Banking,1569000,20648000,83,3,39,572,5.5,3900,No,No
CUST-04280,2024-04-18,April,4,Thursday,Q2,36,Male,Kano,Trader,SME,Mortgage,Mobile App,231000,3058000,74,3,15,672,6.5,200,No,No
CUST-04281,2024-05-26,May,5,Sunday,Q2,30,Male,Enugu,Engineer,Retail,Credit Card,Mobile App,156000,1664000,46,4,19,533,6.6,200,No,No
CUST-04282,2024-05-22,May,5,Wednesday,Q2,41,Male,Kano,Engineer,Corporate,Investment Fund,Web Portal,9102000,36738000,71,2,35,832,10.0,13700,No,No
CUST-04283,2024-07-19,July,7,Friday,Q3,30,Male,Lagos,Teacher,Retail,Current Account,USSD,156000,766000,92,2,20,505,6.6,300,No,No
CUST-04284,2024-07-24,July,7,Wednesday,Q3,39,Female,Ibadan,Engineer,Corporate,Credit Card,USSD,5516000,56485000,106,3,1,736,5.4,11000,Yes,No
CUST-04285,2024-03-14,March,3,Thursday,Q1,41,Male,Enugu,Entrepreneur,SME,Current Account,Agent Banking,1332000,12158000,116,2,10,495,7.1,3300,No,No
CUST-04286,2024-11-20,November,11,Wednesday,Q4,41,Male,Ibadan,Entrepreneur,SME,Credit Card,Web Portal,288000,1719000,7,3,40,688,8.0,400,No,No
CUST-04287,2024-06-30,June,6,Sunday,Q2,50,Male,Kano,Doctor,Premium,Fixed Deposit,Branch,384000,4170000,109,1,35,489,10.0,1200,No,No
CUST-04288,2024-07-09,July,7,Tuesday,Q3,18,Male,Ibadan,Entrepreneur,Student,Savings Account,Mobile App,12000,155000,47,1,42,316,5.4,0,No,No
CUST-04289,2024-07-18,July,7,Thursday,Q3,47,Female,Kano,Civil Servant,Retail,Insurance Plan,Branch,189000,2829000,120,3,8,673,7.8,600,No,No
CUST-04290,2024-02-26,February,2,Monday,Q1,43,Female,Abuja,Civil Servant,Retail,Mortgage,Web Portal,190000,1581000,102,4,15,670,8.3,300,Yes,No
CUST-04291,2024-11-08,November,11,Friday,Q4,39,Female,Lagos,Entrepreneur,SME,Current Account,Mobile App,166000,1287000,62,1,12,709,8.2,200,Yes,No
CUST-04292,2024-09-28,September,9,Saturday,Q3,21,Male,Kano,Lawyer,Student,Insurance Plan,Mobile App,8000,67000,20,2,38,307,7.2,0,No,No
CUST-04293,2024-07-01,July,7,Monday,Q3,46,Male,Ibadan,Teacher,Retail,Mobile Loan,Branch,224000,2635000,98,4,12,678,9.0,700,No,No
CUST-04294,2024-01-30,January,1,Tuesday,Q1,39,Male,Lagos,Student,Student,Fixed Deposit,USSD,9000,130000,63,2,10,408,7.7,0,Yes,No
CUST-04295,2024-11-26,November,11,Tuesday,Q4,40,Female,Abuja,Doctor,Corporate,Investment Fund,Web Portal,915000,9836000,68,2,27,746,8.7,1400,No,No
CUST-04296,2024-09-13,September,9,Friday,Q3,21,Female,Port Harcourt,Lawyer,Student,Insurance Plan,Mobile App,11000,17000,42,1,19,580,5.0,0,No,No
CUST-04297,2024-04-09,April,4,Tuesday,Q2,18,Male,Enugu,Farmer,Student,Investment Fund,Mobile App,36000,336000,23,4,43,495,10.0,0,No,No
CUST-04298,2024-06-15,June,6,Saturday,Q2,49,Male,Port Harcourt,Civil Servant,Retail,Insurance Plan,Branch,448000,847000,117,3,2,454,5.1,1300,No,No
CUST-04299,2024-08-13,August,8,Tuesday,Q3,36,Female,Port Harcourt,Teacher,Retail,Mortgage,Web Portal,571000,4138000,91,4,27,424,7.4,900,No,No
CUST-04300,2024-07-16,July,7,Tuesday,Q3,30,Male,Ibadan,Accountant,Retail,Fixed Deposit,Branch,58000,720000,117,2,14,614,6.2,200,Yes,No
CUST-04301,2024-06-10,June,6,Monday,Q2,51,Male,Enugu,Teacher,Retail,Insurance Plan,Mobile App,29000,424000,93,1,19,577,8.1,0,No,No
CUST-04302,2024-09-17,September,9,Tuesday,Q3,40,Male,Kano,Accountant,Premium,Fixed Deposit,USSD,718000,10445000,37,4,37,467,6.0,1400,No,No
CUST-04303,2024-07-13,July,7,Saturday,Q3,18,Female,Enugu,Student,Student,Mortgage,Mobile App,9000,63000,30,3,41,391,7.1,0,No,No
CUST-04304,2024-04-16,April,4,Tuesday,Q2,53,Female,Lagos,Civil Servant,Retail,Mobile Loan,Mobile App,117000,455000,65,3,14,648,10.0,100,Yes,No
CUST-04305,2024-03-07,March,3,Thursday,Q1,30,Female,Ibadan,Accountant,Retail,Fixed Deposit,Web Portal,229000,3158000,97,1,10,680,9.5,300,No,No
CUST-04306,2024-04-19,April,4,Friday,Q2,36,Female,Kano,Doctor,Premium,Mortgage,Branch,152000,1928000,59,4,30,757,7.5,500,Yes,No
CUST-04307,2024-05-26,May,5,Sunday,Q2,25,Female,Ibadan,Doctor,Retail,Mortgage,Mobile App,140000,453000,66,5,13,711,8.8,100,No,No
CUST-04308,2024-05-13,May,5,Monday,Q2,18,Male,Kano,Trader,Student,Mobile Loan,Branch,14000,121000,82,2,28,502,5.5,0,No,No
CUST-04309,2024-10-20,October,10,Sunday,Q4,35,Male,Ibadan,Doctor,Corporate,Fixed Deposit,Web Portal,16048000,81762000,116,2,21,666,7.0,24100,No,No
CUST-04310,2024-11-14,November,11,Thursday,Q4,41,Female,Abuja,Civil Servant,Retail,Mobile Loan,Agent Banking,103000,1212000,107,2,2,564,5.4,300,Yes,No
CUST-04311,2024-03-30,March,3,Saturday,Q1,43,Female,Abuja,Civil Servant,Retail,Fixed Deposit,Web Portal,189000,2459000,106,3,5,662,8.1,300,No,No
CUST-04312,2024-07-10,July,7,Wednesday,Q3,52,Female,Kano,Trader,SME,Fixed Deposit,Web Portal,11000,84000,57,3,39,517,8.2,0,No,No
CUST-04313,2024-03-29,March,3,Friday,Q1,50,Female,Ibadan,Doctor,Premium,Mobile Loan,Web Portal,861000,4456000,111,1,36,784,5.5,1300,No,No
CUST-04314,2024-02-07,February,2,Wednesday,Q1,27,Female,Ibadan,Student,Student,Fixed Deposit,Mobile App,6000,66000,51,5,14,307,9.3,0,Yes,No
CUST-04315,2024-12-10,December,12,Tuesday,Q4,66,Male,Ibadan,Accountant,Premium,Savings Account,Branch,2661000,39279000,87,1,3,513,8.1,8000,No,No
CUST-04316,2024-03-19,March,3,Tuesday,Q1,32,Female,Enugu,Accountant,Corporate,Mortgage,Mobile App,542000,7110000,35,5,13,766,9.3,500,No,No
CUST-04317,2024-02-25,February,2,Sunday,Q1,41,Female,Kano,Teacher,Retail,Current Account,Branch,85000,1273000,33,4,15,428,10.0,300,No,No
CUST-04318,2024-01-28,January,1,Sunday,Q1,40,Male,Enugu,Farmer,Retail,Current Account,USSD,273000,1371000,18,1,2,771,7.9,500,No,No
CUST-04319,2024-06-08,June,6,Saturday,Q2,39,Male,Port Harcourt,Civil Servant,Retail,Current Account,Mobile App,364000,2887000,106,2,14,487,9.3,400,No,No
CUST-04320,2024-07-19,July,7,Friday,Q3,31,Male,Kano,Farmer,Retail,Mortgage,Agent Banking,126000,347000,2,3,30,780,7.6,300,No,No
CUST-04321,2024-12-22,December,12,Sunday,Q4,34,Male,Kano,Farmer,Retail,Mortgage,Agent Banking,71000,403000,102,1,33,616,10.0,200,Yes,No
CUST-04322,2024-01-02,January,1,Tuesday,Q1,41,Female,Port Harcourt,Accountant,Premium,Current Account,Branch,435000,4809000,59,2,1,771,7.6,1300,Yes,No
CUST-04323,2024-02-19,February,2,Monday,Q1,41,Female,Enugu,Lawyer,Corporate,Mobile Loan,Web Portal,2079000,7020000,100,1,36,771,8.8,3100,Yes,No
CUST-04324,2024-07-08,July,7,Monday,Q3,49,Male,Lagos,Entrepreneur,SME,Mortgage,Web Portal,40000,369000,25,4,9,587,8.5,100,No,No
CUST-04325,2024-08-05,August,8,Monday,Q3,18,Male,Port Harcourt,Farmer,Student,Savings Account,Web Portal,7000,49000,19,3,10,446,8.7,0,No,No
CUST-04326,2024-11-02,November,11,Saturday,Q4,45,Female,Lagos,Student,Student,Current Account,Web Portal,6000,28000,63,2,34,492,4.6,0,Yes,No
CUST-04327,2024-12-07,December,12,Saturday,Q4,31,Male,Ibadan,Engineer,Corporate,Insurance Plan,Mobile App,28106000,88373000,34,3,26,789,6.3,28100,No,No
CUST-04328,2024-07-14,July,7,Sunday,Q3,33,Male,Port Harcourt,Doctor,Premium,Fixed Deposit,USSD,473000,3387000,22,2,23,757,7.0,900,No,No
CUST-04329,2024-03-12,March,3,Tuesday,Q1,46,Male,Abuja,Accountant,Premium,Fixed Deposit,Mobile App,943000,4101000,38,1,2,709,7.2,900,Yes,No
CUST-04330,2024-07-25,July,7,Thursday,Q3,46,Male,Ibadan,Student,Student,Insurance Plan,Mobile App,15000,88000,19,4,13,548,10.0,0,No,No
CUST-04331,2024-10-22,October,10,Tuesday,Q4,45,Male,Lagos,Accountant,Corporate,Credit Card,Mobile App,1752000,17100000,66,2,20,830,7.0,1800,No,No
CUST-04332,2024-10-24,October,10,Thursday,Q4,48,Male,Abuja,Farmer,Retail,Investment Fund,Mobile App,155000,1914000,116,1,8,486,2.7,200,Yes,No
CUST-04333,2024-11-08,November,11,Friday,Q4,45,Female,Abuja,Trader,SME,Credit Card,Branch,277000,3111000,30,5,18,554,6.2,800,No,No
CUST-04334,2024-10-24,October,10,Thursday,Q4,23,Male,Kano,Civil Servant,Student,Savings Account,Web Portal,16000,69000,34,2,38,309,7.7,0,Yes,No
CUST-04335,2024-06-19,June,6,Wednesday,Q2,34,Male,Ibadan,Accountant,Premium,Current Account,Mobile App,118000,1213000,17,3,18,791,8.7,100,No,No
CUST-04336,2024-06-21,June,6,Friday,Q2,39,Female,Ibadan,Student,Student,Current Account,Mobile App,8000,88000,91,4,18,442,10.0,0,No,No
CUST-04337,2024-03-08,March,3,Friday,Q1,44,Male,Kano,Civil Servant,Retail,Mobile Loan,Mobile App,61000,734000,43,5,24,653,7.2,100,No,No
CUST-04338,2024-11-22,November,11,Friday,Q4,36,Female,Port Harcourt,Civil Servant,Retail,Savings Account,Web Portal,126000,538000,80,3,27,663,8.9,200,No,No
CUST-04339,2024-03-19,March,3,Tuesday,Q1,18,Male,Abuja,Lawyer,Student,Insurance Plan,Mobile App,25000,219000,66,1,6,615,10.0,0,No,No
CUST-04340,2024-11-30,November,11,Saturday,Q4,38,Female,Kano,Accountant,Premium,Current Account,Agent Banking,1199000,14530000,77,2,39,685,10.0,3000,No,No
CUST-04341,2024-01-24,January,1,Wednesday,Q1,42,Male,Port Harcourt,Doctor,Premium,Investment Fund,Agent Banking,1664000,15276000,12,1,6,663,8.2,4200,No,No
CUST-04342,2024-09-14,September,9,Saturday,Q3,31,Male,Enugu,Engineer,Corporate,Current Account,Mobile App,630000,5461000,120,3,41,631,9.8,600,No,No
CUST-04343,2024-04-19,April,4,Friday,Q2,18,Female,Abuja,Trader,Student,Investment Fund,Mobile App,25000,131000,92,1,43,449,6.0,0,Yes,No
CUST-04344,2024-09-04,September,9,Wednesday,Q3,41,Female,Lagos,Civil Servant,Retail,Insurance Plan,Branch,147000,863000,14,4,26,456,7.4,400,No,No
CUST-04345,2024-04-11,April,4,Thursday,Q2,21,Female,Lagos,Teacher,Student,Investment Fund,Mobile App,12000,108000,96,4,26,462,10.0,0,No,No
CUST-04346,2024-06-03,June,6,Monday,Q2,42,Female,Ibadan,Doctor,Corporate,Insurance Plan,Agent Banking,1381000,10085000,101,3,41,638,7.1,3500,No,No
CUST-04347,2024-03-28,March,3,Thursday,Q1,44,Female,Ibadan,Teacher,Retail,Mortgage,Agent Banking,33000,199000,4,2,28,687,9.3,100,No,No
CUST-04348,2024-04-01,April,4,Monday,Q2,33,Female,Abuja,Farmer,Retail,Savings Account,Branch,292000,2788000,70,3,12,570,7.3,900,No,No
CUST-04349,2024-04-12,April,4,Friday,Q2,32,Male,Kano,Accountant,Premium,Savings Account,Branch,1227000,10641000,102,3,22,779,8.1,3700,No,No
CUST-04350,2024-12-18,December,12,Wednesday,Q4,37,Male,Lagos,Student,Student,Savings Account,Mobile App,38000,273000,103,3,42,587,10.0,0,Yes,No
CUST-04351,2024-05-05,May,5,Sunday,Q2,31,Male,Lagos,Teacher,Retail,Savings Account,Agent Banking,60000,353000,82,2,41,583,10.0,200,No,No
CUST-04352,2024-03-15,March,3,Friday,Q1,27,Male,Kano,Lawyer,Retail,Current Account,Mobile App,16000,54000,36,4,16,715,6.2,0,No,No
CUST-04353,2024-02-21,February,2,Wednesday,Q1,28,Female,Ibadan,Accountant,Retail,Savings Account,Branch,32000,323000,27,3,11,732,8.9,100,Yes,No
CUST-04354,2024-07-21,July,7,Sunday,Q3,47,Male,Ibadan,Teacher,Retail,Insurance Plan,Agent Banking,65000,115000,42,5,43,549,5.3,200,No,No
CUST-04355,2024-08-22,August,8,Thursday,Q3,24,Female,Lagos,Lawyer,Student,Mortgage,Mobile App,6000,70000,74,4,17,501,7.9,0,No,No
CUST-04356,2024-02-04,February,2,Sunday,Q1,40,Male,Ibadan,Entrepreneur,SME,Credit Card,Agent Banking,1088000,15469000,87,2,4,693,7.7,2700,No,No
CUST-04357,2024-12-28,December,12,Saturday,Q4,46,Female,Ibadan,Accountant,Premium,Investment Fund,USSD,1790000,4967000,50,1,29,478,9.0,3600,Yes,No
CUST-04358,2024-10-30,October,10,Wednesday,Q4,52,Male,Port Harcourt,Student,Student,Investment Fund,Mobile App,9000,70000,120,4,20,316,7.6,0,No,No
CUST-04359,2024-08-16,August,8,Friday,Q3,48,Female,Ibadan,Trader,SME,Mobile Loan,Branch,266000,265000,107,3,3,426,6.4,800,No,No
CUST-04360,2024-02-08,February,2,Thursday,Q1,36,Male,Port Harcourt,Engineer,Corporate,Current Account,Mobile App,3989000,53131000,91,2,40,700,5.8,4000,No,No
CUST-04361,2024-08-09,August,8,Friday,Q3,49,Female,Lagos,Accountant,Corporate,Savings Account,Mobile App,592000,7146000,70,5,6,823,10.0,600,No,No
CUST-04362,2024-01-21,January,1,Sunday,Q1,43,Female,Ibadan,Trader,SME,Fixed Deposit,Agent Banking,270000,2544000,20,2,19,547,10.0,700,No,No
CUST-04363,2024-07-20,July,7,Saturday,Q3,30,Male,Kano,Civil Servant,Retail,Investment Fund,Agent Banking,135000,1566000,32,2,2,559,7.7,300,No,No
CUST-04364,2024-03-10,March,3,Sunday,Q1,22,Female,Lagos,Civil Servant,Student,Current Account,Mobile App,24000,188000,79,2,25,606,7.3,0,Yes,No
CUST-04365,2024-09-10,September,9,Tuesday,Q3,35,Male,Port Harcourt,Civil Servant,Retail,Mobile Loan,Agent Banking,25000,341000,12,3,35,650,7.9,100,No,No
CUST-04366,2024-06-21,June,6,Friday,Q2,35,Female,Ibadan,Lawyer,Corporate,Investment Fund,Branch,2074000,29706000,99,2,7,659,9.2,6200,No,No
CUST-04367,2024-01-08,January,1,Monday,Q1,35,Male,Lagos,Accountant,Corporate,Savings Account,Agent Banking,2307000,17641000,84,1,24,840,10.0,5800,No,No
CUST-04368,2024-02-15,February,2,Thursday,Q1,35,Male,Enugu,Student,Student,Investment Fund,Mobile App,17000,114000,33,1,28,332,7.6,0,No,No
CUST-04369,2024-11-12,November,11,Tuesday,Q4,61,Female,Port Harcourt,Civil Servant,Retail,Mobile Loan,Branch,68000,810000,83,3,1,631,9.7,200,Yes,No
CUST-04370,2024-05-14,May,5,Tuesday,Q2,46,Male,Kano,Student,Student,Mobile Loan,USSD,13000,177000,21,1,35,321,8.4,0,Yes,No
CUST-04371,2024-06-09,June,6,Sunday,Q2,45,Male,Lagos,Teacher,Retail,Savings Account,Branch,157000,2243000,27,2,13,764,7.4,500,No,No
CUST-04372,2024-11-24,November,11,Sunday,Q4,56,Male,Abuja,Teacher,Retail,Fixed Deposit,Mobile App,285000,2002000,82,1,37,423,6.8,300,No,No
CUST-04373,2024-12-02,December,12,Monday,Q4,24,Male,Abuja,Doctor,Student,Savings Account,Web Portal,21000,168000,119,1,12,466,6.5,0,No,No
CUST-04374,2024-06-06,June,6,Thursday,Q2,44,Male,Port Harcourt,Student,Student,Current Account,Web Portal,11000,9000,60,3,28,340,8.1,0,No,No
CUST-04375,2024-02-14,February,2,Wednesday,Q1,23,Female,Abuja,Student,Student,Insurance Plan,USSD,25000,104000,42,2,30,480,10.0,0,No,No
CUST-04376,2024-06-21,June,6,Friday,Q2,28,Female,Port Harcourt,Farmer,Retail,Mobile Loan,Mobile App,134000,1904000,103,1,31,719,6.9,100,No,No
CUST-04377,2024-06-25,June,6,Tuesday,Q2,35,Male,Port Harcourt,Teacher,Retail,Investment Fund,USSD,48000,237000,57,4,9,531,6.4,100,No,No
CUST-04378,2024-06-20,June,6,Thursday,Q2,18,Female,Port Harcourt,Lawyer,Student,Current Account,USSD,4000,56000,29,5,6,472,5.7,0,No,No
CUST-04379,2024-06-17,June,6,Monday,Q2,58,Male,Enugu,Entrepreneur,SME,Fixed Deposit,Web Portal,161000,1657000,48,5,15,651,7.8,200,No,No
CUST-04380,2024-12-04,December,12,Wednesday,Q4,55,Female,Enugu,Trader,SME,Fixed Deposit,Mobile App,1172000,2422000,108,3,21,608,4.8,1200,No,No
CUST-04381,2024-12-22,December,12,Sunday,Q4,37,Female,Enugu,Student,Student,Savings Account,Mobile App,6000,19000,70,2,35,333,7.7,0,No,No
CUST-04382,2024-10-10,October,10,Thursday,Q4,29,Female,Enugu,Farmer,Retail,Fixed Deposit,USSD,741000,2570000,24,2,43,678,7.9,1500,No,No
CUST-04383,2024-03-20,March,3,Wednesday,Q1,29,Male,Ibadan,Doctor,Retail,Fixed Deposit,USSD,77000,560000,94,2,42,792,5.5,200,No,No
CUST-04384,2024-04-08,April,4,Monday,Q2,52,Female,Port Harcourt,Lawyer,Premium,Credit Card,Mobile App,621000,1611000,16,4,13,445,10.0,600,No,No
CUST-04385,2024-03-06,March,3,Wednesday,Q1,49,Female,Lagos,Trader,SME,Investment Fund,Web Portal,785000,6252000,106,2,45,739,9.3,1200,No,No
CUST-04386,2024-08-30,August,8,Friday,Q3,60,Female,Port Harcourt,Teacher,Retail,Savings Account,Branch,675000,9712000,102,3,5,762,9.2,2000,No,No
CUST-04387,2024-11-13,November,11,Wednesday,Q4,56,Male,Abuja,Doctor,Corporate,Savings Account,Web Portal,16239000,136870000,39,2,7,759,7.3,24400,No,No
CUST-04388,2024-11-12,November,11,Tuesday,Q4,42,Female,Ibadan,Engineer,Premium,Savings Account,Branch,389000,2736000,29,2,37,497,6.9,1200,No,No
CUST-04389,2024-06-28,June,6,Friday,Q2,32,Male,Abuja,Doctor,Premium,Mobile Loan,Web Portal,557000,6974000,89,5,11,559,6.0,800,No,No
CUST-04390,2024-12-10,December,12,Tuesday,Q4,35,Male,Lagos,Entrepreneur,SME,Fixed Deposit,Mobile App,37000,331000,74,2,1,644,8.3,0,Yes,No
CUST-04391,2024-01-23,January,1,Tuesday,Q1,42,Male,Ibadan,Farmer,Retail,Mortgage,USSD,11000,93000,35,1,41,705,5.5,0,No,No
CUST-04392,2024-07-12,July,7,Friday,Q3,19,Male,Port Harcourt,Civil Servant,Student,Credit Card,USSD,28000,377000,78,1,44,493,9.2,100,No,No
CUST-04393,2024-10-26,October,10,Saturday,Q4,37,Male,Abuja,Student,Student,Insurance Plan,USSD,32000,97000,80,1,29,597,6.2,100,No,No
CUST-04394,2024-02-29,February,2,Thursday,Q1,32,Female,Enugu,Accountant,Premium,Savings Account,Branch,3761000,37345000,11,3,33,790,7.7,11300,No,No
CUST-04395,2024-07-23,July,7,Tuesday,Q3,54,Female,Port Harcourt,Entrepreneur,SME,Fixed Deposit,Web Portal,777000,10372000,114,1,19,757,6.7,1200,Yes,No
CUST-04396,2024-04-06,April,4,Saturday,Q2,18,Male,Kano,Lawyer,Student,Mobile Loan,Web Portal,28000,95000,46,3,3,597,5.8,0,No,No
CUST-04397,2024-11-20,November,11,Wednesday,Q4,55,Female,Port Harcourt,Lawyer,Corporate,Credit Card,Agent Banking,12419000,100939000,38,3,20,850,4.5,31000,No,No
CUST-04398,2024-08-31,August,8,Saturday,Q3,56,Male,Enugu,Civil Servant,Retail,Investment Fund,USSD,220000,1934000,66,3,29,521,7.5,400,No,No
CUST-04399,2024-01-02,January,1,Tuesday,Q1,50,Female,Ibadan,Entrepreneur,SME,Mortgage,Branch,352000,1286000,109,2,42,508,8.1,1100,No,No
CUST-04400,2024-03-02,March,3,Saturday,Q1,28,Female,Enugu,Accountant,Retail,Current Account,USSD,286000,2827000,55,1,42,513,5.2,600,No,No
CUST-04401,2024-04-25,April,4,Thursday,Q2,39,Female,Port Harcourt,Doctor,Corporate,Fixed Deposit,Branch,31086000,176867000,79,3,45,750,7.6,93300,No,No
CUST-04402,2024-10-31,October,10,Thursday,Q4,29,Male,Port Harcourt,Entrepreneur,SME,Credit Card,Mobile App,714000,9441000,27,1,30,583,4.6,700,No,No
CUST-04403,2024-09-19,September,9,Thursday,Q3,34,Female,Kano,Teacher,Retail,Credit Card,USSD,361000,807000,110,4,33,503,5.6,700,No,No
CUST-04404,2024-01-07,January,1,Sunday,Q1,60,Female,Ibadan,Civil Servant,Retail,Mobile Loan,Web Portal,143000,918000,17,3,37,464,9.2,200,No,No
CUST-04405,2024-01-20,January,1,Saturday,Q1,32,Male,Lagos,Civil Servant,Retail,Savings Account,Agent Banking,55000,594000,16,1,8,690,8.0,100,No,No
CUST-04406,2024-04-05,April,4,Friday,Q2,71,Female,Enugu,Entrepreneur,SME,Savings Account,Branch,246000,3506000,48,1,17,687,8.8,700,No,No
CUST-04407,2024-11-09,November,11,Saturday,Q4,64,Male,Abuja,Lawyer,Premium,Current Account,USSD,683000,3733000,40,2,4,609,7.9,1400,No,No
CUST-04408,2024-10-06,October,10,Sunday,Q4,36,Male,Abuja,Lawyer,Corporate,Mobile Loan,Mobile App,311000,486000,60,3,9,776,3.4,300,No,No
CUST-04409,2024-12-29,December,12,Sunday,Q4,52,Male,Ibadan,Farmer,Retail,Investment Fund,Mobile App,89000,1189000,58,3,2,551,5.9,100,No,No
CUST-04410,2024-12-20,December,12,Friday,Q4,51,Male,Ibadan,Accountant,Premium,Credit Card,Branch,2897000,31417000,32,2,33,742,9.5,8700,No,No
CUST-04411,2024-04-23,April,4,Tuesday,Q2,49,Female,Enugu,Civil Servant,Retail,Insurance Plan,Web Portal,123000,282000,35,1,28,589,10.0,200,No,No
CUST-04412,2024-01-31,January,1,Wednesday,Q1,22,Male,Enugu,Civil Servant,Student,Insurance Plan,USSD,61000,474000,91,2,11,307,7.4,100,No,No
CUST-04413,2024-12-09,December,12,Monday,Q4,33,Female,Enugu,Civil Servant,Retail,Mobile Loan,Branch,40000,360000,73,1,37,735,5.9,100,No,No
CUST-04414,2024-04-01,April,4,Monday,Q2,36,Female,Enugu,Engineer,Corporate,Investment Fund,Mobile App,809000,11844000,21,4,34,741,7.5,800,No,No
CUST-04415,2024-04-03,April,4,Wednesday,Q2,58,Male,Lagos,Lawyer,Premium,Investment Fund,Mobile App,498000,4254000,27,1,25,463,5.5,500,Yes,No
CUST-04416,2024-09-24,September,9,Tuesday,Q3,35,Male,Kano,Accountant,Corporate,Insurance Plan,Mobile App,682000,6330000,84,3,32,820,4.7,700,No,No
CUST-04417,2024-04-01,April,4,Monday,Q2,31,Female,Kano,Entrepreneur,SME,Fixed Deposit,Branch,417000,4982000,94,1,28,535,7.4,1300,No,No
CUST-04418,2024-05-07,May,5,Tuesday,Q2,52,Male,Ibadan,Teacher,Retail,Investment Fund,Mobile App,214000,1081000,61,5,16,634,3.3,200,No,No
CUST-04419,2024-04-28,April,4,Sunday,Q2,52,Female,Port Harcourt,Farmer,Retail,Credit Card,Agent Banking,57000,854000,74,2,5,709,7.5,100,No,No
CUST-04420,2024-10-17,October,10,Thursday,Q4,53,Male,Ibadan,Accountant,Corporate,Insurance Plan,USSD,484000,7017000,33,1,28,775,6.5,1000,No,No
CUST-04421,2024-02-18,February,2,Sunday,Q1,43,Female,Kano,Teacher,Retail,Insurance Plan,Mobile App,69000,76000,31,2,45,700,8.1,100,No,No
CUST-04422,2024-08-12,August,8,Monday,Q3,45,Male,Lagos,Civil Servant,Retail,Credit Card,Agent Banking,36000,476000,97,3,36,528,7.4,100,No,No
CUST-04423,2024-08-17,August,8,Saturday,Q3,37,Male,Lagos,Accountant,Corporate,Mortgage,Mobile App,2293000,5718000,62,3,5,629,6.3,2300,Yes,No
CUST-04424,2024-02-13,February,2,Tuesday,Q1,32,Male,Kano,Farmer,Retail,Credit Card,Mobile App,269000,1381000,119,1,31,624,6.4,300,No,No
CUST-04425,2024-06-09,June,6,Sunday,Q2,39,Male,Kano,Doctor,Premium,Mobile Loan,Mobile App,103000,548000,3,1,29,667,7.1,100,No,No
CUST-04426,2024-12-29,December,12,Sunday,Q4,26,Female,Ibadan,Doctor,Retail,Mobile Loan,USSD,104000,409000,17,1,13,656,5.8,200,No,No
CUST-04427,2024-04-26,April,4,Friday,Q2,50,Male,Enugu,Engineer,Premium,Credit Card,USSD,653000,9571000,64,5,1,458,4.3,1300,No,No
CUST-04428,2024-03-01,March,3,Friday,Q1,28,Male,Kano,Student,Student,Savings Account,Mobile App,9000,75000,16,5,12,430,7.2,0,No,No
CUST-04429,2024-01-02,January,1,Tuesday,Q1,28,Female,Kano,Student,Student,Insurance Plan,Mobile App,14000,152000,66,3,16,393,8.5,0,Yes,No
CUST-04430,2024-09-10,September,9,Tuesday,Q3,27,Male,Abuja,Civil Servant,Retail,Insurance Plan,USSD,45000,532000,103,1,39,555,8.8,100,Yes,No
CUST-04431,2024-02-21,February,2,Wednesday,Q1,33,Female,Enugu,Doctor,Corporate,Savings Account,Mobile App,13571000,44791000,18,1,19,622,3.4,13600,No,Yes
CUST-04432,2024-11-12,November,11,Tuesday,Q4,39,Male,Kano,Civil Servant,Retail,Current Account,Mobile App,62000,259000,54,2,7,722,4.0,100,Yes,No
CUST-04433,2024-04-04,April,4,Thursday,Q2,52,Female,Lagos,Entrepreneur,SME,Insurance Plan,Mobile App,258000,968000,106,4,44,490,4.1,300,No,No
CUST-04434,2024-07-28,July,7,Sunday,Q3,40,Male,Kano,Civil Servant,Retail,Credit Card,USSD,144000,1148000,39,2,21,529,6.9,300,No,No
CUST-04435,2024-05-01,May,5,Wednesday,Q2,44,Female,Abuja,Civil Servant,Retail,Investment Fund,Branch,73000,570000,54,1,20,620,6.7,200,No,No
CUST-04436,2024-04-27,April,4,Saturday,Q2,65,Female,Enugu,Student,Student,Mortgage,Web Portal,6000,26000,16,5,26,325,10.0,0,No,No
CUST-04437,2024-07-13,July,7,Saturday,Q3,29,Female,Lagos,Civil Servant,Retail,Mobile Loan,Mobile App,479000,1788000,68,1,22,746,9.6,500,No,No
CUST-04438,2024-04-15,April,4,Monday,Q2,38,Male,Ibadan,Trader,SME,Mortgage,Mobile App,220000,845000,100,3,13,542,7.7,200,No,No
CUST-04439,2024-01-07,January,1,Sunday,Q1,41,Female,Kano,Trader,SME,Mortgage,Mobile App,571000,3428000,55,2,32,701,7.4,600,No,No
CUST-04440,2024-09-05,September,9,Thursday,Q3,43,Male,Kano,Teacher,Retail,Insurance Plan,Branch,120000,929000,89,2,23,499,9.6,400,No,No
CUST-04441,2024-05-26,May,5,Sunday,Q2,54,Male,Lagos,Accountant,Premium,Investment Fund,Mobile App,876000,4212000,87,4,1,474,9.8,900,No,No
CUST-04442,2024-12-24,December,12,Tuesday,Q4,38,Female,Port Harcourt,Trader,SME,Savings Account,Branch,112000,924000,93,4,18,642,9.1,300,No,No
CUST-04443,2024-04-04,April,4,Thursday,Q2,40,Male,Lagos,Engineer,Corporate,Current Account,Branch,5967000,12324000,17,2,10,814,6.1,17900,No,No
CUST-04444,2024-02-24,February,2,Saturday,Q1,34,Male,Ibadan,Lawyer,Premium,Fixed Deposit,USSD,1278000,4158000,104,3,33,770,5.1,2600,Yes,No
CUST-04445,2024-09-10,September,9,Tuesday,Q3,33,Female,Kano,Entrepreneur,SME,Credit Card,Mobile App,130000,429000,44,2,37,706,10.0,100,No,No
CUST-04446,2024-10-29,October,10,Tuesday,Q4,48,Male,Enugu,Doctor,Premium,Credit Card,USSD,1476000,17026000,48,5,14,688,5.5,3000,No,No
CUST-04447,2024-09-28,September,9,Saturday,Q3,32,Female,Port Harcourt,Civil Servant,Retail,Credit Card,Web Portal,102000,145000,23,1,3,612,9.7,200,No,No
CUST-04448,2024-05-09,May,5,Thursday,Q2,34,Male,Kano,Trader,SME,Credit Card,Web Portal,308000,4157000,39,2,15,762,8.9,500,No,No
CUST-04449,2024-06-12,June,6,Wednesday,Q2,30,Female,Kano,Civil Servant,Retail,Current Account,Agent Banking,154000,2110000,88,2,36,659,5.7,400,No,No
CUST-04450,2024-04-04,April,4,Thursday,Q2,35,Male,Ibadan,Entrepreneur,SME,Investment Fund,USSD,1711000,23195000,116,1,9,774,6.4,3400,No,No
CUST-04451,2024-10-10,October,10,Thursday,Q4,36,Female,Abuja,Trader,SME,Fixed Deposit,Mobile App,476000,5299000,5,4,22,451,4.8,500,Yes,No
CUST-04452,2024-04-01,April,4,Monday,Q2,21,Female,Ibadan,Lawyer,Student,Savings Account,Mobile App,51000,729000,41,1,10,355,5.8,100,No,No
CUST-04453,2024-06-05,June,6,Wednesday,Q2,34,Female,Kano,Teacher,Retail,Insurance Plan,Mobile App,101000,1346000,43,1,43,731,9.6,100,No,No
CUST-04454,2024-09-12,September,9,Thursday,Q3,47,Male,Lagos,Lawyer,Premium,Mobile Loan,Agent Banking,1624000,8453000,18,4,7,657,3.4,4100,No,No
CUST-04455,2024-03-13,March,3,Wednesday,Q1,32,Female,Lagos,Accountant,Corporate,Mobile Loan,Web Portal,1359000,18650000,92,4,37,696,7.5,2000,No,No
CUST-04456,2024-01-13,January,1,Saturday,Q1,44,Male,Port Harcourt,Accountant,Corporate,Savings Account,Mobile App,1845000,15278000,13,2,27,632,5.6,1800,No,No
CUST-04457,2024-04-25,April,4,Thursday,Q2,37,Male,Ibadan,Student,Student,Mobile Loan,Web Portal,38000,404000,58,2,42,499,5.3,100,No,No
CUST-04458,2024-03-07,March,3,Thursday,Q1,62,Male,Ibadan,Engineer,Premium,Investment Fund,Branch,428000,5848000,16,3,21,765,6.3,1300,No,No
CUST-04459,2024-03-20,March,3,Wednesday,Q1,35,Female,Enugu,Doctor,Corporate,Investment Fund,Web Portal,748000,8412000,3,1,2,837,7.5,1100,Yes,No
CUST-04460,2024-09-08,September,9,Sunday,Q3,53,Female,Port Harcourt,Accountant,Corporate,Savings Account,Web Portal,1541000,4901000,42,1,2,847,6.2,2300,Yes,No
CUST-04461,2024-10-24,October,10,Thursday,Q4,48,Male,Kano,Accountant,Premium,Mobile Loan,Mobile App,483000,813000,87,4,42,625,9.0,500,No,No
CUST-04462,2024-12-15,December,12,Sunday,Q4,27,Male,Lagos,Doctor,Retail,Investment Fund,Web Portal,48000,697000,15,1,24,453,4.7,100,Yes,No
CUST-04463,2024-10-02,October,10,Wednesday,Q4,32,Male,Abuja,Student,Student,Insurance Plan,USSD,16000,195000,58,1,38,502,6.3,0,No,No
CUST-04464,2024-07-06,July,7,Saturday,Q3,39,Female,Port Harcourt,Doctor,Corporate,Investment Fund,Web Portal,5228000,67305000,119,1,12,829,8.5,7800,No,No
CUST-04465,2024-02-14,February,2,Wednesday,Q1,48,Male,Port Harcourt,Lawyer,Premium,Mobile Loan,Branch,2408000,28329000,33,2,31,577,10.0,7200,No,No
CUST-04466,2024-03-13,March,3,Wednesday,Q1,53,Female,Ibadan,Accountant,Corporate,Current Account,Agent Banking,19803000,91891000,96,5,37,676,10.0,49500,No,No
CUST-04467,2024-08-09,August,8,Friday,Q3,19,Male,Abuja,Farmer,Student,Savings Account,Mobile App,9000,130000,85,2,41,324,7.7,0,No,No
CUST-04468,2024-10-18,October,10,Friday,Q4,56,Female,Kano,Entrepreneur,SME,Mobile Loan,Web Portal,229000,1985000,21,2,6,573,9.3,300,No,No
CUST-04469,2024-10-27,October,10,Sunday,Q4,60,Female,Lagos,Doctor,Corporate,Fixed Deposit,USSD,782000,3860000,118,2,33,634,7.1,1600,No,No
CUST-04470,2024-11-25,November,11,Monday,Q4,51,Female,Lagos,Trader,SME,Mortgage,Mobile App,143000,287000,112,1,35,632,10.0,100,Yes,No
CUST-04471,2024-08-17,August,8,Saturday,Q3,44,Female,Kano,Engineer,Corporate,Savings Account,Web Portal,1258000,17515000,2,2,3,819,6.7,1900,No,No
CUST-04472,2024-12-24,December,12,Tuesday,Q4,51,Male,Abuja,Accountant,Corporate,Credit Card,Mobile App,3895000,4215000,94,2,28,682,6.2,3900,No,No
CUST-04473,2024-07-11,July,7,Thursday,Q3,29,Male,Kano,Lawyer,Retail,Mortgage,Mobile App,249000,1141000,70,2,27,547,7.9,200,No,No
CUST-04474,2024-02-25,February,2,Sunday,Q1,50,Male,Port Harcourt,Doctor,Premium,Fixed Deposit,USSD,262000,865000,89,5,41,718,6.9,500,No,No
CUST-04475,2024-09-25,September,9,Wednesday,Q3,33,Male,Port Harcourt,Accountant,Corporate,Fixed Deposit,Agent Banking,5505000,37164000,36,4,45,743,7.1,13800,Yes,No
CUST-04476,2024-07-01,July,7,Monday,Q3,18,Male,Lagos,Doctor,Student,Savings Account,Mobile App,12000,33000,18,4,17,318,5.4,0,No,No
CUST-04477,2024-09-03,September,9,Tuesday,Q3,36,Male,Ibadan,Farmer,Retail,Investment Fund,USSD,32000,141000,112,1,8,552,7.0,100,No,No
CUST-04478,2024-03-04,March,3,Monday,Q1,48,Male,Port Harcourt,Student,Student,Savings Account,USSD,19000,24000,87,1,27,384,2.4,0,No,No
CUST-04479,2024-10-19,October,10,Saturday,Q4,38,Male,Port Harcourt,Civil Servant,Retail,Savings Account,Branch,59000,446000,106,2,5,759,5.8,200,No,No
CUST-04480,2024-08-05,August,8,Monday,Q3,34,Female,Ibadan,Lawyer,Premium,Mobile Loan,Mobile App,294000,1865000,99,2,20,695,1.8,300,No,No
CUST-04481,2024-08-16,August,8,Friday,Q3,46,Female,Enugu,Trader,SME,Current Account,Branch,453000,2679000,39,2,33,482,5.3,1400,No,No
CUST-04482,2024-10-22,October,10,Tuesday,Q4,43,Female,Enugu,Civil Servant,Retail,Mortgage,Mobile App,624000,4811000,49,1,6,784,6.2,600,Yes,No
CUST-04483,2024-07-18,July,7,Thursday,Q3,42,Male,Abuja,Entrepreneur,SME,Mobile Loan,Branch,345000,2330000,87,3,17,481,6.7,1000,No,No
CUST-04484,2024-09-03,September,9,Tuesday,Q3,18,Male,Lagos,Trader,Student,Mobile Loan,USSD,3000,18000,50,2,12,453,8.8,0,No,No
CUST-04485,2024-05-22,May,5,Wednesday,Q2,33,Female,Ibadan,Lawyer,Corporate,Fixed Deposit,USSD,3266000,23759000,42,2,36,622,7.7,6500,No,No
CUST-04486,2024-10-25,October,10,Friday,Q4,28,Female,Enugu,Accountant,Retail,Mobile Loan,USSD,85000,722000,105,3,6,551,6.6,200,No,No
CUST-04487,2024-11-21,November,11,Thursday,Q4,38,Male,Lagos,Entrepreneur,SME,Insurance Plan,Agent Banking,73000,298000,27,4,25,698,9.8,200,No,No
CUST-04488,2024-05-07,May,5,Tuesday,Q2,55,Female,Port Harcourt,Engineer,Corporate,Current Account,USSD,11913000,91990000,41,2,19,693,9.0,23800,No,No
CUST-04489,2024-02-21,February,2,Wednesday,Q1,42,Male,Lagos,Lawyer,Premium,Fixed Deposit,USSD,604000,1590000,105,3,23,551,7.7,1200,No,No
CUST-04490,2024-07-13,July,7,Saturday,Q3,33,Female,Lagos,Doctor,Corporate,Mobile Loan,Web Portal,10198000,15503000,5,1,22,799,5.6,15300,Yes,No
CUST-04491,2024-11-13,November,11,Wednesday,Q4,31,Female,Ibadan,Doctor,Corporate,Investment Fund,Web Portal,8810000,39044000,10,1,23,842,9.8,13200,No,No
CUST-04492,2024-08-15,August,8,Thursday,Q3,53,Male,Port Harcourt,Accountant,Corporate,Mobile Loan,USSD,3389000,15332000,85,5,11,780,6.7,6800,No,No
CUST-04493,2024-06-23,June,6,Sunday,Q2,41,Male,Enugu,Civil Servant,Retail,Current Account,Branch,158000,1189000,35,3,42,525,9.2,500,Yes,No
CUST-04494,2024-09-30,September,9,Monday,Q3,40,Female,Enugu,Farmer,Retail,Savings Account,Branch,322000,1328000,47,2,26,695,7.1,1000,No,No
CUST-04495,2024-04-03,April,4,Wednesday,Q2,25,Male,Ibadan,Doctor,Retail,Credit Card,Web Portal,214000,2886000,32,1,3,551,7.0,300,No,No
CUST-04496,2024-03-09,March,3,Saturday,Q1,35,Female,Port Harcourt,Accountant,Corporate,Mortgage,Web Portal,1970000,24704000,21,3,40,799,7.2,3000,No,No
CUST-04497,2024-11-26,November,11,Tuesday,Q4,27,Male,Port Harcourt,Doctor,Retail,Mobile Loan,Mobile App,158000,790000,92,1,22,454,3.4,200,No,No
CUST-04498,2024-05-31,May,5,Friday,Q2,37,Male,Abuja,Doctor,Premium,Mobile Loan,Branch,102000,1452000,79,4,31,796,6.7,300,No,No
CUST-04499,2024-01-03,January,1,Wednesday,Q1,18,Male,Lagos,Student,Student,Mortgage,Mobile App,20000,197000,106,2,33,316,7.4,0,Yes,No
CUST-04500,2024-07-16,July,7,Tuesday,Q3,35,Male,Abuja,Trader,SME,Fixed Deposit,Branch,56000,688000,55,1,24,539,7.0,200,No,No
CUST-04501,2024-03-11,March,3,Monday,Q1,21,Male,Lagos,Lawyer,Student,Credit Card,Web Portal,45000,549000,42,4,15,373,6.2,100,No,No
CUST-04502,2024-09-13,September,9,Friday,Q3,28,Male,Enugu,Farmer,Retail,Savings Account,Mobile App,178000,850000,107,1,13,735,6.7,200,No,No
CUST-04503,2024-01-27,January,1,Saturday,Q1,22,Female,Lagos,Entrepreneur,Student,Mortgage,Branch,10000,22000,45,1,38,421,10.0,0,No,No
CUST-04504,2024-06-29,June,6,Saturday,Q2,39,Male,Lagos,Farmer,Retail,Fixed Deposit,Web Portal,73000,846000,69,1,28,776,4.9,100,No,No
CUST-04505,2024-04-22,April,4,Monday,Q2,29,Female,Ibadan,Accountant,Retail,Mortgage,Web Portal,73000,292000,40,3,19,753,3.3,100,No,No
CUST-04506,2024-02-08,February,2,Thursday,Q1,53,Male,Abuja,Civil Servant,Retail,Credit Card,Branch,116000,1327000,60,4,25,580,6.9,300,No,No
CUST-04507,2024-05-03,May,5,Friday,Q2,35,Female,Kano,Farmer,Retail,Credit Card,Web Portal,35000,313000,1,4,35,696,6.1,100,Yes,No
CUST-04508,2024-09-09,September,9,Monday,Q3,18,Female,Kano,Student,Student,Fixed Deposit,Branch,18000,152000,95,3,11,407,10.0,100,No,No
CUST-04509,2024-08-13,August,8,Tuesday,Q3,30,Female,Port Harcourt,Teacher,Retail,Current Account,Mobile App,116000,1558000,49,5,13,567,7.9,100,No,No
CUST-04510,2024-01-23,January,1,Tuesday,Q1,38,Female,Abuja,Lawyer,Premium,Investment Fund,Mobile App,271000,2676000,95,3,25,535,6.2,300,No,No
CUST-04511,2024-07-23,July,7,Tuesday,Q3,51,Female,Lagos,Lawyer,Corporate,Savings Account,Web Portal,1571000,15819000,33,2,25,725,8.4,2400,No,No
CUST-04512,2024-05-18,May,5,Saturday,Q2,59,Female,Ibadan,Teacher,Retail,Mobile Loan,Mobile App,89000,1227000,104,1,2,792,7.7,100,Yes,No
CUST-04513,2024-01-14,January,1,Sunday,Q1,35,Female,Port Harcourt,Entrepreneur,SME,Savings Account,Web Portal,477000,2907000,112,5,21,734,7.5,700,No,No
CUST-04514,2024-03-01,March,3,Friday,Q1,18,Male,Kano,Trader,Student,Investment Fund,USSD,15000,173000,55,2,26,371,6.3,0,No,No
CUST-04515,2024-02-26,February,2,Monday,Q1,30,Female,Kano,Lawyer,Retail,Credit Card,Mobile App,114000,1370000,80,1,29,449,4.5,100,No,No
CUST-04516,2024-07-07,July,7,Sunday,Q3,43,Female,Ibadan,Teacher,Retail,Credit Card,Agent Banking,106000,499000,70,2,9,661,9.8,300,No,No
CUST-04517,2024-09-03,September,9,Tuesday,Q3,48,Male,Lagos,Trader,SME,Insurance Plan,Branch,1466000,15078000,82,1,42,598,8.2,4400,No,No
CUST-04518,2024-03-30,March,3,Saturday,Q1,44,Male,Port Harcourt,Entrepreneur,SME,Mobile Loan,Agent Banking,211000,1432000,73,4,4,554,4.9,500,No,No
CUST-04519,2024-06-14,June,6,Friday,Q2,44,Female,Abuja,Trader,SME,Fixed Deposit,Branch,141000,406000,46,3,10,525,5.9,400,No,No
CUST-04520,2024-11-26,November,11,Tuesday,Q4,30,Male,Lagos,Engineer,Retail,Current Account,Web Portal,69000,765000,7,1,42,730,10.0,100,No,No
CUST-04521,2024-02-25,February,2,Sunday,Q1,35,Male,Abuja,Student,Student,Fixed Deposit,Branch,19000,263000,102,4,13,405,8.0,100,No,No
CUST-04522,2024-05-13,May,5,Monday,Q2,43,Male,Abuja,Civil Servant,Retail,Credit Card,Web Portal,236000,1692000,46,2,36,461,5.4,400,No,No
CUST-04523,2024-08-27,August,8,Tuesday,Q3,18,Female,Enugu,Doctor,Student,Savings Account,USSD,8000,110000,113,1,3,458,9.3,0,No,No
CUST-04524,2024-02-12,February,2,Monday,Q1,46,Female,Enugu,Civil Servant,Retail,Fixed Deposit,Web Portal,102000,1370000,14,3,45,703,5.6,200,No,No
CUST-04525,2024-11-17,November,11,Sunday,Q4,27,Female,Kano,Teacher,Retail,Current Account,Mobile App,101000,658000,101,4,12,727,8.2,100,Yes,No
CUST-04526,2024-11-10,November,11,Sunday,Q4,48,Male,Kano,Engineer,Corporate,Credit Card,USSD,7376000,34923000,101,2,22,760,5.7,14800,Yes,No
CUST-04527,2024-06-27,June,6,Thursday,Q2,43,Male,Ibadan,Accountant,Premium,Savings Account,Web Portal,509000,2866000,94,2,23,736,9.6,800,No,No
CUST-04528,2024-03-30,March,3,Saturday,Q1,39,Male,Abuja,Civil Servant,Retail,Credit Card,Mobile App,276000,2925000,30,3,41,610,8.2,300,No,No
CUST-04529,2024-03-25,March,3,Monday,Q1,18,Female,Kano,Engineer,Student,Savings Account,Web Portal,14000,95000,45,3,29,345,7.6,0,No,No
CUST-04530,2024-08-14,August,8,Wednesday,Q3,41,Male,Enugu,Teacher,Retail,Current Account,Branch,126000,1443000,117,3,27,752,6.2,400,No,No
CUST-04531,2024-01-04,January,1,Thursday,Q1,59,Male,Enugu,Trader,SME,Credit Card,Web Portal,64000,424000,13,2,24,608,8.4,100,No,No
CUST-04532,2024-04-02,April,4,Tuesday,Q2,39,Female,Lagos,Civil Servant,Retail,Savings Account,Branch,66000,88000,30,2,39,585,7.6,200,No,No
CUST-04533,2024-09-14,September,9,Saturday,Q3,38,Male,Enugu,Student,Student,Mobile Loan,USSD,30000,395000,12,1,9,543,7.2,100,No,No
CUST-04534,2024-07-19,July,7,Friday,Q3,40,Male,Abuja,Doctor,Premium,Savings Account,Agent Banking,1498000,20077000,103,4,33,455,5.7,3700,No,No
CUST-04535,2024-02-01,February,2,Thursday,Q1,37,Female,Ibadan,Civil Servant,Retail,Insurance Plan,Web Portal,428000,1699000,20,5,39,669,4.9,600,Yes,No
CUST-04536,2024-09-26,September,9,Thursday,Q3,32,Female,Abuja,Farmer,Retail,Current Account,Mobile App,98000,670000,87,2,3,591,5.8,100,No,No
CUST-04537,2024-02-03,February,2,Saturday,Q1,32,Female,Lagos,Farmer,Retail,Investment Fund,USSD,50000,539000,101,4,4,522,8.4,100,No,No
CUST-04538,2024-11-11,November,11,Monday,Q4,30,Female,Enugu,Entrepreneur,SME,Investment Fund,Agent Banking,205000,2742000,60,3,12,798,8.5,500,No,No
CUST-04539,2024-05-29,May,5,Wednesday,Q2,37,Male,Kano,Doctor,Corporate,Current Account,Web Portal,14037000,86046000,46,1,37,620,7.5,21100,Yes,No
CUST-04540,2024-03-26,March,3,Tuesday,Q1,59,Female,Abuja,Entrepreneur,SME,Savings Account,USSD,267000,2140000,15,5,8,743,7.5,500,No,No
CUST-04541,2024-12-26,December,12,Thursday,Q4,70,Female,Kano,Trader,SME,Credit Card,Web Portal,1045000,860000,75,1,45,446,8.2,1600,No,No
CUST-04542,2024-07-04,July,7,Thursday,Q3,45,Female,Abuja,Student,Student,Investment Fund,Agent Banking,16000,239000,21,2,37,560,6.3,0,No,No
CUST-04543,2024-05-10,May,5,Friday,Q2,45,Male,Enugu,Accountant,Corporate,Insurance Plan,Mobile App,14833000,118346000,102,5,11,694,9.9,14800,No,No
CUST-04544,2024-09-30,September,9,Monday,Q3,18,Female,Abuja,Teacher,Student,Insurance Plan,USSD,6000,20000,57,3,36,417,7.7,0,No,No
CUST-04545,2024-08-17,August,8,Saturday,Q3,63,Male,Lagos,Teacher,Retail,Mortgage,Mobile App,93000,719000,41,1,30,575,9.8,100,No,No
CUST-04546,2024-04-16,April,4,Tuesday,Q2,30,Male,Port Harcourt,Engineer,Retail,Mobile Loan,Branch,868000,12253000,17,3,4,625,8.0,2600,No,No
CUST-04547,2024-04-05,April,4,Friday,Q2,40,Female,Ibadan,Civil Servant,Retail,Insurance Plan,Mobile App,38000,472000,4,1,19,702,9.1,0,Yes,No
CUST-04548,2024-05-23,May,5,Thursday,Q2,30,Male,Enugu,Trader,SME,Mortgage,Mobile App,505000,1182000,68,4,16,571,9.2,500,No,No
CUST-04549,2024-05-21,May,5,Tuesday,Q2,42,Female,Lagos,Lawyer,Corporate,Insurance Plan,Web Portal,3071000,20475000,10,1,33,738,4.9,4600,Yes,No
CUST-04550,2024-11-02,November,11,Saturday,Q4,18,Male,Enugu,Trader,Student,Credit Card,Agent Banking,25000,110000,68,2,30,349,5.1,100,No,No
CUST-04551,2024-01-23,January,1,Tuesday,Q1,20,Male,Lagos,Farmer,Student,Mobile Loan,Web Portal,38000,347000,14,2,28,444,8.2,100,Yes,No
CUST-04552,2024-01-17,January,1,Wednesday,Q1,40,Female,Lagos,Doctor,Corporate,Fixed Deposit,Branch,1417000,8829000,80,1,18,694,4.8,4300,No,No
CUST-04553,2024-09-19,September,9,Thursday,Q3,35,Male,Kano,Engineer,Premium,Mobile Loan,Web Portal,1044000,1864000,112,1,7,607,7.4,1600,No,No
CUST-04554,2024-10-10,October,10,Thursday,Q4,35,Female,Ibadan,Teacher,Retail,Investment Fund,Agent Banking,41000,97000,76,1,9,420,6.6,100,No,No
CUST-04555,2024-05-09,May,5,Thursday,Q2,34,Female,Enugu,Civil Servant,Retail,Savings Account,Branch,200000,1155000,118,4,34,699,9.3,600,No,No
CUST-04556,2024-02-24,February,2,Saturday,Q1,36,Female,Ibadan,Entrepreneur,SME,Credit Card,Branch,317000,835000,102,4,41,634,6.3,1000,No,No
CUST-04557,2024-01-26,January,1,Friday,Q1,39,Female,Enugu,Student,Student,Savings Account,Branch,58000,297000,42,1,24,388,7.0,200,No,No
CUST-04558,2024-12-28,December,12,Saturday,Q4,63,Female,Lagos,Lawyer,Premium,Mobile Loan,Web Portal,23000,65000,34,1,9,711,9.3,0,Yes,No
CUST-04559,2024-05-26,May,5,Sunday,Q2,46,Male,Kano,Engineer,Corporate,Fixed Deposit,Mobile App,2571000,10163000,67,4,21,701,6.6,2600,Yes,No
CUST-04560,2024-09-23,September,9,Monday,Q3,36,Female,Ibadan,Civil Servant,Retail,Savings Account,Mobile App,282000,1658000,70,5,23,488,5.7,300,Yes,No
CUST-04561,2024-05-26,May,5,Sunday,Q2,38,Male,Lagos,Farmer,Retail,Mortgage,Branch,64000,768000,52,3,28,476,8.1,200,Yes,No
CUST-04562,2024-11-08,November,11,Friday,Q4,31,Male,Ibadan,Civil Servant,Retail,Savings Account,Agent Banking,84000,635000,97,3,8,553,8.9,200,No,No
CUST-04563,2024-08-26,August,8,Monday,Q3,40,Male,Port Harcourt,Teacher,Retail,Insurance Plan,Mobile App,64000,734000,82,2,23,628,9.4,100,No,No
CUST-04564,2024-12-22,December,12,Sunday,Q4,43,Female,Enugu,Lawyer,Premium,Current Account,Agent Banking,1186000,1123000,116,4,19,539,3.6,3000,Yes,No
CUST-04565,2024-06-12,June,6,Wednesday,Q2,31,Male,Lagos,Farmer,Retail,Mobile Loan,Web Portal,118000,642000,8,4,15,675,9.7,200,No,No
CUST-04566,2024-04-16,April,4,Tuesday,Q2,54,Male,Lagos,Engineer,Premium,Credit Card,Mobile App,480000,1688000,47,3,34,546,7.5,500,No,No
CUST-04567,2024-05-21,May,5,Tuesday,Q2,47,Female,Ibadan,Teacher,Retail,Mobile Loan,Branch,87000,103000,66,2,22,681,7.5,300,No,No
CUST-04568,2024-08-16,August,8,Friday,Q3,47,Female,Kano,Engineer,Corporate,Investment Fund,Mobile App,1845000,24461000,25,1,45,805,9.7,1800,Yes,No
CUST-04569,2024-02-01,February,2,Thursday,Q1,20,Female,Abuja,Student,Student,Savings Account,USSD,19000,35000,55,3,34,340,10.0,0,Yes,No
CUST-04570,2024-09-01,September,9,Sunday,Q3,20,Male,Enugu,Teacher,Student,Insurance Plan,USSD,13000,190000,109,1,34,586,10.0,0,Yes,No
CUST-04571,2024-11-30,November,11,Saturday,Q4,36,Female,Kano,Accountant,Premium,Mobile Loan,Mobile App,2434000,25417000,90,3,12,571,6.3,2400,No,No
CUST-04572,2024-09-08,September,9,Sunday,Q3,34,Male,Abuja,Farmer,Retail,Mobile Loan,Mobile App,82000,85000,72,3,41,750,7.0,100,No,No
CUST-04573,2024-09-13,September,9,Friday,Q3,18,Male,Port Harcourt,Lawyer,Student,Insurance Plan,Web Portal,39000,280000,38,1,43,380,8.2,100,Yes,No
CUST-04574,2024-10-28,October,10,Monday,Q4,32,Female,Enugu,Farmer,Retail,Investment Fund,Web Portal,24000,175000,20,2,2,628,3.5,0,Yes,No
CUST-04575,2024-03-24,March,3,Sunday,Q1,31,Male,Enugu,Doctor,Corporate,Mobile Loan,Mobile App,2043000,23600000,113,3,7,756,8.4,2000,No,No
CUST-04576,2024-10-11,October,10,Friday,Q4,56,Female,Port Harcourt,Student,Student,Investment Fund,Web Portal,17000,123000,104,2,17,604,7.7,0,Yes,No
CUST-04577,2024-12-02,December,12,Monday,Q4,18,Female,Port Harcourt,Trader,Student,Current Account,Mobile App,12000,44000,59,4,7,478,7.9,0,No,No
CUST-04578,2024-08-28,August,8,Wednesday,Q3,39,Female,Enugu,Accountant,Corporate,Insurance Plan,Web Portal,1187000,2413000,4,3,6,828,4.0,1800,Yes,No
CUST-04579,2024-12-11,December,12,Wednesday,Q4,37,Female,Kano,Accountant,Premium,Investment Fund,USSD,649000,8413000,17,3,9,556,4.6,1300,Yes,No
CUST-04580,2024-12-14,December,12,Saturday,Q4,21,Female,Ibadan,Lawyer,Student,Investment Fund,USSD,8000,18000,100,1,9,375,7.2,0,No,No
CUST-04581,2024-11-14,November,11,Thursday,Q4,43,Female,Kano,Student,Student,Fixed Deposit,Web Portal,13000,161000,110,3,42,578,4.7,0,No,No
CUST-04582,2024-08-05,August,8,Monday,Q3,52,Male,Abuja,Lawyer,Premium,Fixed Deposit,Web Portal,1492000,15817000,42,2,37,438,6.3,2200,No,No
CUST-04583,2024-12-22,December,12,Sunday,Q4,48,Male,Lagos,Teacher,Retail,Current Account,Web Portal,65000,867000,34,3,9,494,10.0,100,No,No
CUST-04584,2024-12-04,December,12,Wednesday,Q4,37,Female,Enugu,Civil Servant,Retail,Insurance Plan,USSD,293000,2967000,63,3,26,748,6.8,600,No,No
CUST-04585,2024-02-17,February,2,Saturday,Q1,39,Male,Lagos,Farmer,Retail,Credit Card,USSD,230000,1189000,115,1,2,578,5.3,500,No,No
CUST-04586,2024-07-20,July,7,Saturday,Q3,43,Male,Abuja,Doctor,Premium,Savings Account,Branch,178000,1037000,75,4,16,549,6.9,500,No,No
CUST-04587,2024-04-22,April,4,Monday,Q2,50,Male,Kano,Engineer,Premium,Investment Fund,Mobile App,250000,2393000,84,2,43,506,8.5,200,No,No
CUST-04588,2024-08-19,August,8,Monday,Q3,28,Male,Ibadan,Student,Student,Savings Account,Mobile App,18000,146000,53,1,16,555,6.4,0,Yes,No
CUST-04589,2024-07-16,July,7,Tuesday,Q3,42,Male,Port Harcourt,Teacher,Retail,Savings Account,Web Portal,81000,951000,36,4,7,694,2.3,100,Yes,No
CUST-04590,2024-07-29,July,7,Monday,Q3,46,Female,Enugu,Trader,SME,Savings Account,Agent Banking,391000,4468000,17,3,25,589,6.7,1000,No,No
CUST-04591,2024-05-26,May,5,Sunday,Q2,30,Male,Enugu,Trader,SME,Credit Card,Mobile App,1550000,3233000,28,1,11,790,6.1,1600,No,No
CUST-04592,2024-04-30,April,4,Tuesday,Q2,38,Male,Kano,Farmer,Retail,Current Account,Branch,399000,2414000,35,3,20,439,4.5,1200,Yes,No
CUST-04593,2024-01-21,January,1,Sunday,Q1,54,Female,Lagos,Farmer,Retail,Current Account,Branch,55000,610000,76,1,35,723,10.0,200,No,No
CUST-04594,2024-01-13,January,1,Saturday,Q1,45,Male,Lagos,Engineer,Corporate,Mobile Loan,Agent Banking,353000,447000,60,1,30,819,6.4,900,No,No
CUST-04595,2024-04-13,April,4,Saturday,Q2,18,Male,Kano,Entrepreneur,Student,Mortgage,Mobile App,10000,48000,25,2,28,595,10.0,0,No,No
CUST-04596,2024-07-26,July,7,Friday,Q3,39,Female,Ibadan,Teacher,Retail,Savings Account,Web Portal,126000,1788000,111,1,19,787,4.1,200,Yes,No
CUST-04597,2024-05-30,May,5,Thursday,Q2,34,Male,Lagos,Accountant,Premium,Mobile Loan,Mobile App,202000,2236000,26,3,43,545,8.4,200,No,No
CUST-04598,2024-08-12,August,8,Monday,Q3,51,Female,Ibadan,Lawyer,Premium,Insurance Plan,Branch,398000,346000,63,3,13,607,7.2,1200,Yes,No
CUST-04599,2024-08-02,August,8,Friday,Q3,27,Female,Kano,Accountant,Retail,Investment Fund,Mobile App,71000,753000,59,2,41,700,7.3,100,No,No
CUST-04600,2024-12-19,December,12,Thursday,Q4,34,Female,Lagos,Lawyer,Premium,Insurance Plan,Agent Banking,1660000,8376000,39,1,13,791,6.5,4200,No,No
CUST-04601,2024-07-12,July,7,Friday,Q3,54,Male,Ibadan,Accountant,Corporate,Fixed Deposit,Mobile App,1294000,2635000,5,2,4,655,6.8,1300,No,No
CUST-04602,2024-12-28,December,12,Saturday,Q4,19,Male,Enugu,Student,Student,Mobile Loan,Agent Banking,6000,67000,102,3,44,307,5.4,0,No,No
CUST-04603,2024-07-24,July,7,Wednesday,Q3,55,Female,Kano,Doctor,Corporate,Insurance Plan,Agent Banking,3077000,21451000,72,2,27,683,7.6,7700,No,No
CUST-04604,2024-01-26,January,1,Friday,Q1,33,Female,Kano,Engineer,Corporate,Fixed Deposit,Branch,18462000,56756000,48,1,22,812,8.7,55400,No,No
CUST-04605,2024-08-16,August,8,Friday,Q3,26,Male,Enugu,Farmer,Retail,Mortgage,Agent Banking,6000,9000,46,2,4,611,3.9,0,No,No
CUST-04606,2024-04-18,April,4,Thursday,Q2,53,Male,Enugu,Civil Servant,Retail,Current Account,Web Portal,31000,156000,109,1,14,787,3.3,0,No,No
CUST-04607,2024-05-19,May,5,Sunday,Q2,49,Female,Abuja,Doctor,Premium,Credit Card,USSD,270000,1565000,104,3,39,724,6.2,500,Yes,No
CUST-04608,2024-06-12,June,6,Wednesday,Q2,41,Female,Lagos,Farmer,Retail,Insurance Plan,Mobile App,49000,491000,62,3,10,569,8.9,0,No,No
CUST-04609,2024-07-10,July,7,Wednesday,Q3,34,Male,Port Harcourt,Engineer,Premium,Mobile Loan,Branch,246000,736000,97,5,3,470,7.2,700,No,No
CUST-04610,2024-05-22,May,5,Wednesday,Q2,49,Male,Lagos,Lawyer,Corporate,Mortgage,Mobile App,3144000,24719000,114,2,22,635,6.2,3100,Yes,No
CUST-04611,2024-03-17,March,3,Sunday,Q1,47,Male,Kano,Accountant,Premium,Investment Fund,USSD,2202000,23719000,82,3,6,658,9.3,4400,No,No
CUST-04612,2024-08-05,August,8,Monday,Q3,28,Male,Abuja,Doctor,Retail,Mortgage,Web Portal,104000,346000,24,2,18,663,4.0,200,No,No
CUST-04613,2024-07-02,July,7,Tuesday,Q3,38,Male,Lagos,Farmer,Retail,Mortgage,USSD,55000,48000,64,2,7,509,7.2,100,No,No
CUST-04614,2024-08-18,August,8,Sunday,Q3,34,Male,Abuja,Trader,SME,Current Account,Web Portal,163000,155000,42,3,44,757,7.9,200,No,No
CUST-04615,2024-09-05,September,9,Thursday,Q3,35,Female,Lagos,Lawyer,Corporate,Investment Fund,Mobile App,1991000,18578000,84,1,14,669,5.6,2000,No,No
CUST-04616,2024-11-30,November,11,Saturday,Q4,56,Female,Ibadan,Student,Student,Investment Fund,Web Portal,6000,39000,48,1,38,552,5.7,0,No,No
CUST-04617,2024-12-10,December,12,Tuesday,Q4,59,Male,Kano,Engineer,Corporate,Current Account,Mobile App,774000,11422000,95,3,3,728,8.9,800,No,No
CUST-04618,2024-09-18,September,9,Wednesday,Q3,33,Female,Kano,Trader,SME,Current Account,USSD,303000,2068000,63,5,25,655,7.8,600,No,No
CUST-04619,2024-09-15,September,9,Sunday,Q3,41,Male,Abuja,Teacher,Retail,Fixed Deposit,Mobile App,122000,748000,117,2,15,745,5.5,100,No,No
CUST-04620,2024-09-11,September,9,Wednesday,Q3,18,Female,Ibadan,Trader,Student,Credit Card,Web Portal,10000,68000,16,2,27,541,5.2,0,No,No
CUST-04621,2024-08-04,August,8,Sunday,Q3,31,Female,Ibadan,Accountant,Corporate,Fixed Deposit,USSD,2249000,24688000,85,2,29,827,7.8,4500,No,No
CUST-04622,2024-09-19,September,9,Thursday,Q3,50,Male,Lagos,Student,Student,Current Account,USSD,14000,201000,101,1,23,498,7.6,0,No,No
CUST-04623,2024-09-07,September,9,Saturday,Q3,35,Female,Enugu,Teacher,Retail,Mobile Loan,Mobile App,133000,1687000,89,2,3,555,7.3,100,No,No
CUST-04624,2024-06-22,June,6,Saturday,Q2,22,Male,Enugu,Entrepreneur,Student,Fixed Deposit,Mobile App,32000,250000,37,3,10,330,4.9,0,Yes,No
CUST-04625,2024-01-15,January,1,Monday,Q1,72,Female,Ibadan,Engineer,Premium,Insurance Plan,Web Portal,215000,590000,87,4,31,665,8.1,300,No,No
CUST-04626,2024-09-27,September,9,Friday,Q3,23,Male,Ibadan,Teacher,Student,Current Account,Mobile App,11000,33000,96,4,10,340,6.7,0,No,No
CUST-04627,2024-03-09,March,3,Saturday,Q1,26,Male,Enugu,Accountant,Retail,Savings Account,Mobile App,612000,2511000,7,2,29,518,3.2,600,No,No
CUST-04628,2024-05-20,May,5,Monday,Q2,31,Female,Ibadan,Farmer,Retail,Investment Fund,Branch,76000,212000,4,1,23,695,5.9,200,No,No
CUST-04629,2024-06-05,June,6,Wednesday,Q2,44,Male,Port Harcourt,Lawyer,Corporate,Mortgage,Branch,1527000,3169000,96,3,6,675,6.3,4600,No,No
CUST-04630,2024-07-31,July,7,Wednesday,Q3,25,Male,Enugu,Farmer,Retail,Credit Card,Agent Banking,190000,1608000,29,1,33,676,5.2,500,No,No
CUST-04631,2024-07-26,July,7,Friday,Q3,53,Female,Abuja,Farmer,Retail,Mobile Loan,Branch,53000,706000,69,3,41,712,3.8,200,No,No
CUST-04632,2024-03-03,March,3,Sunday,Q1,69,Male,Port Harcourt,Trader,SME,Mortgage,Mobile App,237000,3244000,40,2,19,760,7.1,200,Yes,No
CUST-04633,2024-04-13,April,4,Saturday,Q2,37,Female,Abuja,Lawyer,Corporate,Insurance Plan,Mobile App,1173000,4310000,9,5,40,715,7.8,1200,No,No
CUST-04634,2024-07-13,July,7,Saturday,Q3,18,Male,Kano,Student,Student,Current Account,Mobile App,47000,321000,39,1,12,522,4.7,0,Yes,No
CUST-04635,2024-07-18,July,7,Thursday,Q3,45,Male,Abuja,Teacher,Retail,Mortgage,Mobile App,57000,826000,78,2,31,611,7.0,100,Yes,No
CUST-04636,2024-01-07,January,1,Sunday,Q1,24,Female,Lagos,Entrepreneur,Student,Investment Fund,Mobile App,17000,70000,106,2,37,341,6.9,0,No,No
CUST-04637,2024-06-29,June,6,Saturday,Q2,18,Male,Kano,Civil Servant,Student,Investment Fund,Mobile App,7000,45000,79,1,37,329,10.0,0,No,No
CUST-04638,2024-04-06,April,4,Saturday,Q2,29,Female,Abuja,Doctor,Retail,Insurance Plan,Mobile App,228000,590000,69,3,7,558,9.9,200,Yes,No
CUST-04639,2024-08-19,August,8,Monday,Q3,26,Male,Port Harcourt,Doctor,Retail,Fixed Deposit,Mobile App,157000,2027000,88,5,27,491,5.8,200,No,No
CUST-04640,2024-01-30,January,1,Tuesday,Q1,47,Male,Ibadan,Student,Student,Insurance Plan,Mobile App,9000,83000,101,1,14,536,6.0,0,No,No
CUST-04641,2024-01-19,January,1,Friday,Q1,41,Female,Port Harcourt,Accountant,Premium,Current Account,Mobile App,921000,3559000,81,2,8,568,9.2,900,No,No
CUST-04642,2024-10-26,October,10,Saturday,Q4,56,Female,Abuja,Lawyer,Corporate,Fixed Deposit,Branch,4834000,12000000,12,1,34,713,8.0,14500,No,No
CUST-04643,2024-03-27,March,3,Wednesday,Q1,35,Male,Ibadan,Entrepreneur,SME,Fixed Deposit,USSD,456000,5436000,80,3,32,747,7.7,900,No,No
CUST-04644,2024-08-18,August,8,Sunday,Q3,33,Female,Abuja,Trader,SME,Investment Fund,Mobile App,238000,1261000,95,1,35,779,6.4,200,No,No
CUST-04645,2024-07-31,July,7,Wednesday,Q3,48,Male,Lagos,Lawyer,Corporate,Mortgage,Mobile App,603000,1956000,76,1,45,713,6.6,600,No,No
CUST-04646,2024-11-21,November,11,Thursday,Q4,27,Male,Abuja,Trader,SME,Mobile Loan,Mobile App,291000,3717000,46,1,27,458,8.5,300,No,No
CUST-04647,2024-06-14,June,6,Friday,Q2,18,Female,Ibadan,Doctor,Student,Mobile Loan,USSD,29000,418000,7,3,21,470,8.9,100,No,No
CUST-04648,2024-03-15,March,3,Friday,Q1,48,Male,Ibadan,Teacher,Retail,Investment Fund,Web Portal,21000,102000,6,3,7,698,6.9,0,No,No
CUST-04649,2024-06-08,June,6,Saturday,Q2,58,Male,Abuja,Trader,SME,Investment Fund,Agent Banking,82000,525000,63,3,42,793,8.6,200,No,No
CUST-04650,2024-09-04,September,9,Wednesday,Q3,60,Male,Lagos,Teacher,Retail,Investment Fund,Branch,365000,2747000,16,3,29,610,4.4,1100,Yes,No
CUST-04651,2024-04-17,April,4,Wednesday,Q2,38,Male,Port Harcourt,Farmer,Retail,Investment Fund,Agent Banking,871000,5990000,103,1,22,465,7.0,2200,Yes,No
CUST-04652,2024-06-23,June,6,Sunday,Q2,51,Male,Kano,Lawyer,Corporate,Fixed Deposit,USSD,5490000,10706000,39,1,45,730,7.0,11000,Yes,No
CUST-04653,2024-10-23,October,10,Wednesday,Q4,43,Male,Abuja,Civil Servant,Retail,Current Account,Branch,243000,2145000,96,4,38,716,7.9,700,No,No
CUST-04654,2024-10-13,October,10,Sunday,Q4,33,Female,Abuja,Engineer,Premium,Credit Card,USSD,328000,824000,33,1,27,656,4.7,700,Yes,No
CUST-04655,2024-07-08,July,7,Monday,Q3,34,Male,Enugu,Civil Servant,Retail,Investment Fund,Web Portal,153000,2106000,101,1,23,775,8.1,200,No,No
CUST-04656,2024-09-08,September,9,Sunday,Q3,43,Male,Port Harcourt,Teacher,Retail,Credit Card,Web Portal,630000,5496000,35,4,9,651,7.0,900,No,No
CUST-04657,2024-07-25,July,7,Thursday,Q3,25,Female,Lagos,Accountant,Retail,Insurance Plan,USSD,193000,1242000,7,2,29,640,8.2,400,No,No
CUST-04658,2024-11-15,November,11,Friday,Q4,32,Male,Port Harcourt,Lawyer,Corporate,Current Account,Agent Banking,17233000,232285000,5,4,7,821,9.4,43100,No,Yes
CUST-04659,2024-11-22,November,11,Friday,Q4,22,Female,Enugu,Lawyer,Student,Mortgage,Mobile App,8000,13000,46,3,13,603,5.3,0,No,No
CUST-04660,2024-01-12,January,1,Friday,Q1,34,Female,Kano,Teacher,Retail,Fixed Deposit,Mobile App,102000,927000,95,1,18,459,7.4,100,No,No
CUST-04661,2024-07-05,July,7,Friday,Q3,56,Female,Port Harcourt,Civil Servant,Retail,Savings Account,Mobile App,385000,1158000,30,2,28,441,10.0,400,No,No
CUST-04662,2024-02-20,February,2,Tuesday,Q1,40,Male,Ibadan,Accountant,Premium,Current Account,Web Portal,557000,3792000,113,2,26,544,6.3,800,No,No
CUST-04663,2024-07-05,July,7,Friday,Q3,18,Female,Port Harcourt,Lawyer,Student,Insurance Plan,USSD,33000,433000,114,1,39,405,6.7,100,No,No
CUST-04664,2024-12-05,December,12,Thursday,Q4,18,Female,Ibadan,Engineer,Student,Fixed Deposit,Mobile App,10000,86000,18,5,8,529,6.9,0,No,No
CUST-04665,2024-12-12,December,12,Thursday,Q4,36,Female,Ibadan,Civil Servant,Retail,Fixed Deposit,Mobile App,43000,123000,51,2,20,458,6.9,0,No,No
CUST-04666,2024-12-18,December,12,Wednesday,Q4,41,Female,Lagos,Entrepreneur,SME,Mobile Loan,USSD,170000,1655000,3,4,29,786,7.5,300,No,No
CUST-04667,2024-02-12,February,2,Monday,Q1,36,Female,Abuja,Lawyer,Corporate,Mortgage,Mobile App,992000,10670000,51,3,13,829,9.2,1000,No,No
CUST-04668,2024-11-16,November,11,Saturday,Q4,19,Female,Kano,Civil Servant,Student,Credit Card,Agent Banking,21000,161000,109,1,21,547,6.5,100,No,No
CUST-04669,2024-02-27,February,2,Tuesday,Q1,24,Male,Port Harcourt,Entrepreneur,Student,Savings Account,USSD,83000,380000,119,2,31,532,7.2,200,No,No
CUST-04670,2024-10-31,October,10,Thursday,Q4,33,Male,Kano,Trader,SME,Insurance Plan,USSD,185000,397000,46,1,44,595,8.4,400,No,No
CUST-04671,2024-11-08,November,11,Friday,Q4,46,Male,Ibadan,Teacher,Retail,Investment Fund,Mobile App,113000,1074000,100,3,32,567,6.1,100,No,No
CUST-04672,2024-07-27,July,7,Saturday,Q3,37,Male,Ibadan,Student,Student,Investment Fund,Mobile App,16000,79000,88,5,5,509,9.2,0,No,No
CUST-04673,2024-04-13,April,4,Saturday,Q2,25,Female,Lagos,Student,Student,Fixed Deposit,Branch,7000,103000,84,5,30,454,9.7,0,No,No
CUST-04674,2024-09-09,September,9,Monday,Q3,39,Male,Abuja,Lawyer,Premium,Fixed Deposit,Branch,580000,5321000,117,1,42,620,8.7,1700,No,No
CUST-04675,2024-06-14,June,6,Friday,Q2,41,Female,Lagos,Engineer,Corporate,Savings Account,Web Portal,1480000,17723000,75,3,9,709,9.2,2200,No,No
CUST-04676,2024-01-12,January,1,Friday,Q1,54,Female,Enugu,Teacher,Retail,Credit Card,Web Portal,99000,214000,65,1,7,461,4.5,100,No,No
CUST-04677,2024-12-20,December,12,Friday,Q4,31,Female,Ibadan,Engineer,Corporate,Current Account,Branch,1168000,5529000,61,3,36,649,3.4,3500,No,No
CUST-04678,2024-05-12,May,5,Sunday,Q2,18,Male,Lagos,Trader,Student,Savings Account,Agent Banking,12000,120000,43,1,24,461,4.2,0,No,No
CUST-04679,2024-01-07,January,1,Sunday,Q1,52,Male,Ibadan,Lawyer,Corporate,Savings Account,Web Portal,4288000,6733000,107,5,34,813,4.8,6400,No,No
CUST-04680,2024-12-07,December,12,Saturday,Q4,58,Male,Enugu,Accountant,Premium,Savings Account,USSD,3408000,48808000,73,2,38,655,6.8,6800,No,No
CUST-04681,2024-09-30,September,9,Monday,Q3,21,Male,Port Harcourt,Engineer,Student,Insurance Plan,USSD,17000,136000,86,5,20,497,8.0,0,No,No
CUST-04682,2024-12-17,December,12,Tuesday,Q4,41,Female,Kano,Doctor,Corporate,Investment Fund,USSD,546000,7553000,50,4,26,758,5.1,1100,No,No
CUST-04683,2024-01-21,January,1,Sunday,Q1,57,Female,Lagos,Teacher,Retail,Mobile Loan,USSD,26000,80000,83,1,21,552,8.6,100,No,No
CUST-04684,2024-06-18,June,6,Tuesday,Q2,21,Female,Kano,Lawyer,Student,Mobile Loan,Mobile App,30000,116000,13,2,4,566,3.9,0,No,No
CUST-04685,2024-07-09,July,7,Tuesday,Q3,22,Female,Ibadan,Trader,Student,Mobile Loan,Mobile App,7000,49000,67,1,40,516,9.1,0,No,No
CUST-04686,2024-05-01,May,5,Wednesday,Q2,40,Female,Kano,Entrepreneur,SME,Fixed Deposit,Web Portal,199000,2323000,37,3,14,480,6.5,300,No,No
CUST-04687,2024-01-22,January,1,Monday,Q1,19,Female,Ibadan,Civil Servant,Student,Current Account,USSD,11000,44000,94,3,35,535,7.3,0,No,No
CUST-04688,2024-03-19,March,3,Tuesday,Q1,37,Female,Enugu,Farmer,Retail,Savings Account,Web Portal,28000,42000,71,1,11,569,8.7,0,No,No
CUST-04689,2024-09-09,September,9,Monday,Q3,39,Male,Abuja,Entrepreneur,SME,Current Account,USSD,195000,570000,44,2,23,654,8.0,400,No,No
CUST-04690,2024-12-03,December,12,Tuesday,Q4,57,Female,Abuja,Lawyer,Premium,Current Account,Branch,1378000,7834000,36,3,31,739,8.3,4100,No,No
CUST-04691,2024-10-06,October,10,Sunday,Q4,30,Female,Ibadan,Farmer,Retail,Credit Card,Web Portal,89000,677000,34,2,16,503,5.2,100,No,No
CUST-04692,2024-08-03,August,8,Saturday,Q3,29,Female,Enugu,Teacher,Retail,Insurance Plan,USSD,162000,1022000,13,1,45,514,6.6,300,No,No
CUST-04693,2024-04-13,April,4,Saturday,Q2,41,Female,Kano,Teacher,Retail,Fixed Deposit,Branch,240000,2733000,44,5,36,603,8.5,700,Yes,No
CUST-04694,2024-06-04,June,6,Tuesday,Q2,58,Male,Abuja,Trader,SME,Mobile Loan,Mobile App,1842000,16321000,115,2,16,704,6.0,1800,Yes,No
CUST-04695,2024-11-19,November,11,Tuesday,Q4,35,Female,Port Harcourt,Accountant,Corporate,Mortgage,Mobile App,17191000,29028000,111,2,16,683,7.9,17200,No,No
CUST-04696,2024-05-07,May,5,Tuesday,Q2,20,Female,Kano,Civil Servant,Student,Current Account,Mobile App,11000,116000,49,1,40,531,4.7,0,Yes,No
CUST-04697,2024-09-09,September,9,Monday,Q3,37,Female,Port Harcourt,Entrepreneur,SME,Mortgage,USSD,573000,6655000,50,2,34,676,7.9,1100,No,No
CUST-04698,2024-11-29,November,11,Friday,Q4,30,Female,Kano,Lawyer,Retail,Fixed Deposit,USSD,42000,114000,51,2,3,457,6.7,100,Yes,No
CUST-04699,2024-12-17,December,12,Tuesday,Q4,35,Female,Enugu,Lawyer,Premium,Current Account,USSD,210000,2739000,100,5,26,739,8.7,400,No,No
CUST-04700,2024-04-03,April,4,Wednesday,Q2,18,Female,Lagos,Doctor,Student,Insurance Plan,Mobile App,26000,341000,61,1,36,438,8.2,0,Yes,No
CUST-04701,2024-10-31,October,10,Thursday,Q4,40,Male,Port Harcourt,Doctor,Corporate,Credit Card,Mobile App,934000,9690000,83,1,6,818,6.7,900,No,No
CUST-04702,2024-07-14,July,7,Sunday,Q3,24,Female,Ibadan,Engineer,Student,Insurance Plan,USSD,19000,18000,18,1,28,301,7.7,0,No,No
CUST-04703,2024-09-28,September,9,Saturday,Q3,34,Female,Ibadan,Student,Student,Mortgage,Web Portal,10000,100000,55,3,5,416,5.9,0,No,No
CUST-04704,2024-03-25,March,3,Monday,Q1,37,Female,Lagos,Accountant,Premium,Current Account,Branch,1020000,11659000,80,1,40,706,7.3,3100,No,No
CUST-04705,2024-06-27,June,6,Thursday,Q2,39,Female,Kano,Civil Servant,Retail,Fixed Deposit,Branch,154000,464000,90,3,31,690,7.3,500,Yes,No
CUST-04706,2024-10-11,October,10,Friday,Q4,30,Female,Ibadan,Doctor,Retail,Insurance Plan,Mobile App,132000,1177000,45,5,27,593,6.4,100,No,No
CUST-04707,2024-02-09,February,2,Friday,Q1,47,Male,Ibadan,Student,Student,Insurance Plan,Mobile App,21000,30000,112,1,10,555,6.6,0,No,No
CUST-04708,2024-02-08,February,2,Thursday,Q1,45,Male,Enugu,Teacher,Retail,Credit Card,Mobile App,265000,2595000,89,3,3,577,5.5,300,No,No
CUST-04709,2024-08-21,August,8,Wednesday,Q3,32,Male,Port Harcourt,Lawyer,Corporate,Fixed Deposit,Web Portal,1479000,21240000,119,2,11,624,8.3,2200,No,No
CUST-04710,2024-09-14,September,9,Saturday,Q3,33,Female,Ibadan,Student,Student,Mortgage,Agent Banking,18000,263000,70,1,30,327,4.0,0,No,No
CUST-04711,2024-10-27,October,10,Sunday,Q4,29,Female,Ibadan,Engineer,Retail,Current Account,Mobile App,78000,1095000,87,3,13,612,5.7,100,Yes,No
CUST-04712,2024-03-24,March,3,Sunday,Q1,48,Male,Enugu,Doctor,Corporate,Investment Fund,Mobile App,747000,4354000,11,4,33,643,8.4,700,Yes,No
CUST-04713,2024-04-17,April,4,Wednesday,Q2,26,Male,Ibadan,Accountant,Retail,Fixed Deposit,Branch,161000,668000,4,3,44,720,9.2,500,Yes,No
CUST-04714,2024-05-19,May,5,Sunday,Q2,48,Male,Port Harcourt,Entrepreneur,SME,Investment Fund,Branch,148000,916000,89,4,8,765,7.1,400,Yes,No
CUST-04715,2024-08-18,August,8,Sunday,Q3,50,Male,Port Harcourt,Accountant,Corporate,Savings Account,USSD,2031000,12891000,26,2,19,656,8.0,4100,No,No
CUST-04716,2024-08-19,August,8,Monday,Q3,35,Male,Abuja,Doctor,Corporate,Current Account,Branch,2339000,11704000,8,4,28,707,8.2,7000,Yes,No
CUST-04717,2024-08-12,August,8,Monday,Q3,20,Female,Ibadan,Trader,Student,Savings Account,Web Portal,20000,239000,35,1,6,443,5.0,0,No,No
CUST-04718,2024-07-02,July,7,Tuesday,Q3,36,Male,Enugu,Entrepreneur,SME,Savings Account,Branch,693000,5096000,106,2,44,506,9.4,2100,No,No
CUST-04719,2024-07-06,July,7,Saturday,Q3,29,Male,Port Harcourt,Accountant,Retail,Fixed Deposit,Mobile App,463000,1976000,95,1,20,741,8.2,500,No,No
CUST-04720,2024-12-20,December,12,Friday,Q4,34,Male,Port Harcourt,Lawyer,Premium,Current Account,Web Portal,188000,1802000,42,1,27,511,5.3,300,No,No
CUST-04721,2024-02-22,February,2,Thursday,Q1,42,Female,Lagos,Lawyer,Corporate,Investment Fund,Mobile App,2867000,23257000,17,5,22,823,7.8,2900,No,No
CUST-04722,2024-11-14,November,11,Thursday,Q4,26,Male,Abuja,Doctor,Retail,Mortgage,Mobile App,172000,1677000,61,2,10,516,6.4,200,No,No
CUST-04723,2024-03-29,March,3,Friday,Q1,44,Male,Lagos,Teacher,Retail,Mobile Loan,Web Portal,182000,1168000,10,1,28,713,6.1,300,No,No
CUST-04724,2024-04-21,April,4,Sunday,Q2,32,Male,Lagos,Student,Student,Fixed Deposit,Web Portal,8000,86000,97,2,10,520,4.8,0,No,No
CUST-04725,2024-01-24,January,1,Wednesday,Q1,45,Female,Ibadan,Engineer,Premium,Savings Account,USSD,466000,1601000,30,3,14,746,7.8,900,Yes,No
CUST-04726,2024-03-15,March,3,Friday,Q1,42,Male,Port Harcourt,Teacher,Retail,Mobile Loan,USSD,39000,80000,11,3,15,503,5.5,100,No,No
CUST-04727,2024-04-02,April,4,Tuesday,Q2,22,Male,Enugu,Doctor,Student,Mortgage,Mobile App,4000,16000,102,2,12,483,5.9,0,No,No
CUST-04728,2024-09-15,September,9,Sunday,Q3,45,Female,Port Harcourt,Accountant,Premium,Mobile Loan,USSD,696000,4429000,34,3,38,584,4.4,1400,No,No
CUST-04729,2024-09-05,September,9,Thursday,Q3,40,Female,Abuja,Engineer,Corporate,Mortgage,Branch,2044000,16285000,103,5,43,660,6.9,6100,No,No
CUST-04730,2024-09-29,September,9,Sunday,Q3,30,Male,Kano,Civil Servant,Retail,Mobile Loan,USSD,112000,993000,64,1,29,567,10.0,200,No,No
CUST-04731,2024-06-18,June,6,Tuesday,Q2,39,Male,Lagos,Lawyer,Corporate,Fixed Deposit,Mobile App,274000,2888000,51,2,10,805,6.4,300,No,No
CUST-04732,2024-10-29,October,10,Tuesday,Q4,34,Female,Ibadan,Trader,SME,Mortgage,Branch,796000,752000,67,1,6,601,7.7,2400,Yes,No
CUST-04733,2024-08-05,August,8,Monday,Q3,44,Male,Kano,Farmer,Retail,Fixed Deposit,Web Portal,45000,256000,94,1,7,423,7.6,100,Yes,No
CUST-04734,2024-03-15,March,3,Friday,Q1,39,Male,Port Harcourt,Trader,SME,Current Account,Mobile App,534000,7049000,60,3,39,463,6.3,500,Yes,No
CUST-04735,2024-12-25,December,12,Wednesday,Q4,38,Male,Abuja,Entrepreneur,SME,Mobile Loan,Mobile App,3100000,19206000,53,4,42,724,7.5,3100,Yes,No
CUST-04736,2024-04-22,April,4,Monday,Q2,47,Male,Enugu,Engineer,Premium,Fixed Deposit,Web Portal,1734000,13802000,103,2,22,596,9.4,2600,No,No
CUST-04737,2024-08-12,August,8,Monday,Q3,48,Female,Port Harcourt,Lawyer,Corporate,Investment Fund,Branch,3417000,10886000,94,2,18,654,8.4,10300,No,No
CUST-04738,2024-01-01,January,1,Monday,Q1,35,Female,Port Harcourt,Civil Servant,Retail,Savings Account,USSD,122000,189000,82,3,28,481,6.8,200,No,No
CUST-04739,2024-07-22,July,7,Monday,Q3,29,Male,Enugu,Lawyer,Retail,Current Account,Mobile App,212000,2234000,15,5,38,674,10.0,200,No,No
CUST-04740,2024-10-03,October,10,Thursday,Q4,23,Male,Port Harcourt,Entrepreneur,Student,Current Account,Mobile App,9000,70000,32,3,20,503,7.3,0,No,No
CUST-04741,2024-05-07,May,5,Tuesday,Q2,18,Male,Enugu,Teacher,Student,Current Account,Mobile App,9000,72000,117,3,12,559,7.1,0,No,No
CUST-04742,2024-10-06,October,10,Sunday,Q4,52,Male,Ibadan,Trader,SME,Savings Account,Branch,214000,2928000,24,3,34,728,5.3,600,No,No
CUST-04743,2024-03-27,March,3,Wednesday,Q1,42,Female,Kano,Accountant,Corporate,Savings Account,USSD,925000,12568000,28,3,4,809,7.7,1800,No,No
CUST-04744,2024-09-22,September,9,Sunday,Q3,47,Female,Abuja,Accountant,Corporate,Mortgage,USSD,7078000,38863000,34,1,43,822,10.0,14200,No,No
CUST-04745,2024-02-14,February,2,Wednesday,Q1,42,Male,Enugu,Engineer,Corporate,Insurance Plan,USSD,1525000,6413000,7,1,32,683,10.0,3000,No,No
CUST-04746,2024-10-27,October,10,Sunday,Q4,50,Male,Abuja,Lawyer,Corporate,Investment Fund,Web Portal,5024000,40620000,7,4,28,845,9.3,7500,No,No
CUST-04747,2024-10-09,October,10,Wednesday,Q4,37,Male,Ibadan,Trader,SME,Fixed Deposit,Branch,498000,6723000,22,1,44,574,6.9,1500,Yes,No
CUST-04748,2024-11-18,November,11,Monday,Q4,25,Male,Enugu,Trader,SME,Mobile Loan,USSD,88000,698000,109,1,29,576,4.4,200,No,No
CUST-04749,2024-05-21,May,5,Tuesday,Q2,39,Female,Kano,Engineer,Corporate,Savings Account,Mobile App,567000,6076000,48,1,37,786,6.0,600,Yes,No
CUST-04750,2024-04-08,April,4,Monday,Q2,44,Female,Lagos,Lawyer,Corporate,Investment Fund,Mobile App,9199000,45668000,73,1,24,643,10.0,9200,Yes,No
CUST-04751,2024-06-11,June,6,Tuesday,Q2,63,Male,Enugu,Accountant,Corporate,Savings Account,Mobile App,534000,1358000,118,2,8,623,10.0,500,No,No
CUST-04752,2024-05-02,May,5,Thursday,Q2,36,Female,Kano,Farmer,Retail,Insurance Plan,Web Portal,1585000,10257000,56,5,8,538,6.5,2400,No,No
CUST-04753,2024-07-05,July,7,Friday,Q3,37,Female,Ibadan,Entrepreneur,SME,Insurance Plan,Mobile App,2278000,11577000,108,3,20,625,8.9,2300,Yes,No
CUST-04754,2024-11-12,November,11,Tuesday,Q4,31,Female,Enugu,Engineer,Premium,Current Account,USSD,387000,1324000,92,1,41,625,6.7,800,Yes,No
CUST-04755,2024-05-23,May,5,Thursday,Q2,38,Female,Lagos,Accountant,Corporate,Mortgage,Mobile App,738000,8914000,10,2,42,737,4.5,700,Yes,No
CUST-04756,2024-03-01,March,3,Friday,Q1,29,Male,Port Harcourt,Trader,SME,Mobile Loan,Web Portal,170000,2170000,115,3,11,720,10.0,300,Yes,No
CUST-04757,2024-02-19,February,2,Monday,Q1,18,Male,Kano,Teacher,Student,Credit Card,Mobile App,8000,8000,50,2,3,374,7.0,0,No,No
CUST-04758,2024-01-18,January,1,Thursday,Q1,23,Female,Enugu,Trader,Student,Savings Account,Mobile App,3000,38000,99,4,32,484,6.9,0,No,No
CUST-04759,2024-01-25,January,1,Thursday,Q1,18,Female,Port Harcourt,Accountant,Student,Insurance Plan,USSD,21000,183000,3,2,32,342,9.7,0,No,No
CUST-04760,2024-05-16,May,5,Thursday,Q2,41,Female,Kano,Civil Servant,Retail,Investment Fund,Mobile App,54000,375000,13,1,21,434,10.0,100,No,No
CUST-04761,2024-02-14,February,2,Wednesday,Q1,39,Female,Abuja,Farmer,Retail,Investment Fund,USSD,106000,1364000,60,2,29,685,7.7,200,No,No
CUST-04762,2024-04-12,April,4,Friday,Q2,28,Female,Ibadan,Entrepreneur,SME,Mortgage,Branch,233000,2423000,73,2,32,524,7.1,700,Yes,No
CUST-04763,2024-06-11,June,6,Tuesday,Q2,56,Male,Ibadan,Civil Servant,Retail,Mobile Loan,Mobile App,70000,180000,90,4,29,540,4.1,100,No,No
CUST-04764,2024-06-22,June,6,Saturday,Q2,48,Female,Enugu,Entrepreneur,SME,Mortgage,USSD,703000,2154000,98,2,2,521,9.8,1400,No,No
CUST-04765,2024-09-06,September,9,Friday,Q3,19,Male,Kano,Engineer,Student,Savings Account,Mobile App,31000,448000,118,2,34,550,10.0,0,No,No
CUST-04766,2024-03-15,March,3,Friday,Q1,42,Female,Abuja,Engineer,Corporate,Mobile Loan,Agent Banking,589000,4755000,88,1,14,767,7.6,1500,No,No
CUST-04767,2024-11-05,November,11,Tuesday,Q4,36,Male,Ibadan,Teacher,Retail,Insurance Plan,Branch,153000,1445000,104,2,9,455,7.1,500,No,No
CUST-04768,2024-04-20,April,4,Saturday,Q2,48,Male,Kano,Accountant,Corporate,Mortgage,USSD,1171000,17428000,24,3,17,642,9.1,2300,No,No
CUST-04769,2024-05-24,May,5,Friday,Q2,26,Female,Lagos,Teacher,Retail,Credit Card,USSD,152000,1516000,99,1,33,650,4.3,300,Yes,No
CUST-04770,2024-06-02,June,6,Sunday,Q2,30,Male,Kano,Farmer,Retail,Insurance Plan,Agent Banking,61000,169000,53,3,15,768,10.0,200,No,No
CUST-04771,2024-01-23,January,1,Tuesday,Q1,30,Female,Port Harcourt,Student,Student,Investment Fund,Web Portal,8000,62000,59,2,13,539,5.5,0,Yes,No
CUST-04772,2024-04-19,April,4,Friday,Q2,46,Female,Lagos,Student,Student,Insurance Plan,Branch,6000,28000,20,2,17,349,5.1,0,No,No
CUST-04773,2024-05-07,May,5,Tuesday,Q2,52,Male,Kano,Accountant,Premium,Credit Card,Branch,669000,8999000,104,1,19,441,8.1,2000,No,No
CUST-04774,2024-08-22,August,8,Thursday,Q3,27,Male,Enugu,Accountant,Retail,Mobile Loan,Mobile App,478000,3874000,94,3,43,763,4.1,500,No,No
CUST-04775,2024-05-10,May,5,Friday,Q2,35,Male,Abuja,Lawyer,Corporate,Savings Account,Web Portal,2709000,12194000,116,4,16,841,9.5,4100,No,No
CUST-04776,2024-12-25,December,12,Wednesday,Q4,51,Male,Enugu,Lawyer,Premium,Mortgage,Mobile App,179000,2381000,59,1,33,736,6.7,200,No,No
CUST-04777,2024-06-06,June,6,Thursday,Q2,53,Male,Enugu,Entrepreneur,SME,Savings Account,USSD,879000,7190000,54,1,21,495,7.4,1800,No,No
CUST-04778,2024-01-25,January,1,Thursday,Q1,18,Female,Kano,Engineer,Student,Mobile Loan,Web Portal,25000,52000,119,2,33,355,8.7,0,Yes,No
CUST-04779,2024-02-17,February,2,Saturday,Q1,38,Male,Ibadan,Doctor,Premium,Insurance Plan,Branch,400000,3221000,62,4,3,715,9.6,1200,No,No
CUST-04780,2024-09-11,September,9,Wednesday,Q3,23,Female,Enugu,Student,Student,Fixed Deposit,Mobile App,43000,505000,52,1,22,308,7.6,0,No,No
CUST-04781,2024-03-26,March,3,Tuesday,Q1,51,Male,Ibadan,Civil Servant,Retail,Insurance Plan,USSD,104000,888000,41,2,30,733,7.2,200,No,No
CUST-04782,2024-04-18,April,4,Thursday,Q2,45,Male,Ibadan,Teacher,Retail,Investment Fund,Web Portal,53000,251000,108,1,10,617,2.9,100,Yes,No
CUST-04783,2024-11-18,November,11,Monday,Q4,38,Female,Kano,Entrepreneur,SME,Mobile Loan,Branch,324000,1407000,54,3,4,481,7.5,1000,No,No
CUST-04784,2024-06-22,June,6,Saturday,Q2,42,Female,Lagos,Student,Student,Fixed Deposit,Web Portal,4000,32000,65,2,22,584,10.0,0,No,No
CUST-04785,2024-11-21,November,11,Thursday,Q4,55,Male,Port Harcourt,Student,Student,Insurance Plan,Branch,20000,77000,55,1,40,459,7.3,100,No,No
CUST-04786,2024-09-06,September,9,Friday,Q3,25,Female,Port Harcourt,Civil Servant,Retail,Insurance Plan,Mobile App,194000,1302000,41,2,40,643,7.9,200,No,No
CUST-04787,2024-12-12,December,12,Thursday,Q4,27,Female,Lagos,Lawyer,Retail,Savings Account,Mobile App,41000,73000,57,3,45,601,5.1,0,Yes,No
CUST-04788,2024-11-24,November,11,Sunday,Q4,35,Female,Kano,Doctor,Premium,Investment Fund,Web Portal,412000,4541000,24,3,14,795,7.3,600,No,No
CUST-04789,2024-02-15,February,2,Thursday,Q1,55,Male,Abuja,Accountant,Premium,Mortgage,Web Portal,1443000,3743000,91,3,30,530,6.0,2200,No,No
CUST-04790,2024-09-21,September,9,Saturday,Q3,38,Male,Enugu,Student,Student,Current Account,Mobile App,8000,113000,92,2,8,601,4.1,0,Yes,No
CUST-04791,2024-10-15,October,10,Tuesday,Q4,37,Female,Port Harcourt,Trader,SME,Current Account,Web Portal,228000,1382000,83,3,6,541,5.9,300,No,No
CUST-04792,2024-08-15,August,8,Thursday,Q3,44,Female,Ibadan,Entrepreneur,SME,Credit Card,Branch,1088000,1432000,120,4,34,746,9.3,3300,No,No
CUST-04793,2024-06-15,June,6,Saturday,Q2,32,Female,Ibadan,Civil Servant,Retail,Mobile Loan,Branch,63000,752000,33,2,42,552,8.9,200,No,No
CUST-04794,2024-05-25,May,5,Saturday,Q2,49,Male,Ibadan,Engineer,Premium,Insurance Plan,Web Portal,64000,708000,17,3,19,537,5.2,100,No,No
CUST-04795,2024-01-25,January,1,Thursday,Q1,32,Female,Ibadan,Doctor,Corporate,Current Account,USSD,7356000,54308000,71,1,21,789,5.3,14700,No,No
CUST-04796,2024-10-25,October,10,Friday,Q4,21,Male,Port Harcourt,Trader,Student,Savings Account,Mobile App,9000,124000,83,4,30,367,5.8,0,No,No
CUST-04797,2024-12-17,December,12,Tuesday,Q4,50,Female,Abuja,Engineer,Corporate,Investment Fund,Web Portal,4354000,29288000,58,3,38,760,5.0,6500,No,No
CUST-04798,2024-04-09,April,4,Tuesday,Q2,38,Female,Kano,Farmer,Retail,Mobile Loan,Agent Banking,301000,1300000,118,3,16,604,2.0,800,Yes,No
CUST-04799,2024-11-26,November,11,Tuesday,Q4,39,Male,Lagos,Farmer,Retail,Investment Fund,Mobile App,196000,2744000,91,2,41,737,3.6,200,No,No
CUST-04800,2024-01-09,January,1,Tuesday,Q1,24,Male,Enugu,Accountant,Student,Credit Card,Web Portal,7000,52000,82,3,21,440,9.7,0,No,No
CUST-04801,2024-02-01,February,2,Thursday,Q1,33,Male,Kano,Trader,SME,Investment Fund,Agent Banking,406000,2031000,20,4,5,544,8.1,1000,No,No
CUST-04802,2024-05-14,May,5,Tuesday,Q2,41,Female,Kano,Student,Student,Insurance Plan,USSD,5000,28000,35,1,1,464,6.4,0,No,No
CUST-04803,2024-06-30,June,6,Sunday,Q2,30,Male,Lagos,Trader,SME,Fixed Deposit,Mobile App,367000,4032000,38,1,35,613,10.0,400,Yes,No
CUST-04804,2024-01-12,January,1,Friday,Q1,34,Female,Abuja,Student,Student,Mortgage,USSD,9000,73000,63,4,36,383,6.7,0,No,No
CUST-04805,2024-05-13,May,5,Monday,Q2,50,Female,Ibadan,Engineer,Premium,Investment Fund,Mobile App,874000,1507000,109,1,3,638,7.3,900,No,No
CUST-04806,2024-02-27,February,2,Tuesday,Q1,36,Male,Abuja,Trader,SME,Investment Fund,Mobile App,595000,1973000,11,2,5,761,7.5,600,No,No
CUST-04807,2024-04-01,April,4,Monday,Q2,32,Female,Port Harcourt,Entrepreneur,SME,Investment Fund,Branch,242000,383000,90,1,40,492,5.4,700,No,No
CUST-04808,2024-12-01,December,12,Sunday,Q4,50,Male,Abuja,Engineer,Corporate,Savings Account,Branch,11285000,16625000,119,2,40,741,5.0,33900,No,No
CUST-04809,2024-04-01,April,4,Monday,Q2,31,Female,Enugu,Trader,SME,Credit Card,Mobile App,103000,600000,92,3,41,696,5.1,100,No,No
CUST-04810,2024-05-27,May,5,Monday,Q2,23,Female,Ibadan,Trader,Student,Savings Account,Mobile App,10000,104000,68,1,25,521,5.0,0,No,No
CUST-04811,2024-06-28,June,6,Friday,Q2,18,Male,Abuja,Farmer,Student,Current Account,USSD,10000,149000,70,4,34,372,7.6,0,No,No
CUST-04812,2024-05-07,May,5,Tuesday,Q2,32,Female,Enugu,Doctor,Premium,Savings Account,Web Portal,2586000,28458000,64,3,39,687,9.2,3900,No,No
CUST-04813,2024-10-28,October,10,Monday,Q4,66,Male,Lagos,Lawyer,Corporate,Current Account,Mobile App,7822000,59181000,91,1,13,661,8.9,7800,No,No
CUST-04814,2024-05-24,May,5,Friday,Q2,67,Female,Port Harcourt,Teacher,Retail,Current Account,Mobile App,727000,3963000,54,3,33,719,6.3,700,No,No
CUST-04815,2024-01-15,January,1,Monday,Q1,32,Female,Abuja,Teacher,Retail,Current Account,Web Portal,173000,2220000,109,4,25,632,8.7,300,No,No
CUST-04816,2024-05-12,May,5,Sunday,Q2,55,Female,Kano,Lawyer,Corporate,Savings Account,Mobile App,11812000,147877000,73,3,36,769,5.7,11800,No,No
CUST-04817,2024-03-19,March,3,Tuesday,Q1,46,Female,Abuja,Entrepreneur,SME,Mortgage,Mobile App,268000,1889000,92,2,44,516,4.8,300,Yes,No
CUST-04818,2024-03-21,March,3,Thursday,Q1,21,Female,Ibadan,Entrepreneur,Student,Mortgage,USSD,13000,111000,92,1,4,531,6.7,0,No,No
CUST-04819,2024-01-22,January,1,Monday,Q1,54,Male,Abuja,Accountant,Premium,Insurance Plan,Web Portal,442000,6118000,60,3,28,597,9.6,700,No,No
CUST-04820,2024-07-31,July,7,Wednesday,Q3,42,Female,Enugu,Doctor,Corporate,Fixed Deposit,Agent Banking,3530000,40413000,83,5,33,676,7.8,8800,No,No
CUST-04821,2024-08-13,August,8,Tuesday,Q3,42,Male,Kano,Trader,SME,Insurance Plan,USSD,1423000,12666000,41,3,42,611,7.9,2800,Yes,No
CUST-04822,2024-08-06,August,8,Tuesday,Q3,36,Male,Ibadan,Accountant,Corporate,Fixed Deposit,Branch,3427000,18215000,110,1,36,806,4.9,10300,Yes,No
CUST-04823,2024-08-28,August,8,Wednesday,Q3,27,Female,Enugu,Doctor,Retail,Credit Card,Mobile App,58000,116000,108,4,22,719,9.9,100,No,No
CUST-04824,2024-12-15,December,12,Sunday,Q4,43,Female,Ibadan,Engineer,Corporate,Credit Card,Web Portal,929000,12636000,64,1,1,745,8.3,1400,Yes,No
CUST-04825,2024-01-15,January,1,Monday,Q1,41,Female,Abuja,Civil Servant,Retail,Credit Card,Web Portal,536000,4742000,13,5,43,560,9.0,800,No,No
CUST-04826,2024-06-30,June,6,Sunday,Q2,22,Male,Port Harcourt,Teacher,Student,Investment Fund,Web Portal,8000,120000,6,4,19,618,4.1,0,No,No
CUST-04827,2024-04-02,April,4,Tuesday,Q2,55,Male,Ibadan,Civil Servant,Retail,Current Account,Branch,39000,478000,80,2,22,701,5.9,100,Yes,No
CUST-04828,2024-03-16,March,3,Saturday,Q1,24,Male,Ibadan,Accountant,Student,Mortgage,Agent Banking,26000,328000,17,3,28,421,7.7,100,No,No
CUST-04829,2024-05-19,May,5,Sunday,Q2,62,Male,Ibadan,Entrepreneur,SME,Investment Fund,Branch,417000,1040000,51,1,10,497,6.0,1300,Yes,No
CUST-04830,2024-04-13,April,4,Saturday,Q2,33,Male,Lagos,Farmer,Retail,Current Account,Mobile App,76000,776000,92,3,19,725,8.5,100,No,No
CUST-04831,2024-03-15,March,3,Friday,Q1,26,Male,Kano,Civil Servant,Retail,Insurance Plan,Mobile App,236000,2767000,73,1,8,646,7.4,200,No,No
CUST-04832,2024-02-19,February,2,Monday,Q1,47,Female,Lagos,Farmer,Retail,Current Account,Web Portal,134000,1340000,62,3,13,602,6.0,200,No,No
CUST-04833,2024-01-13,January,1,Saturday,Q1,40,Female,Abuja,Accountant,Corporate,Credit Card,Web Portal,2268000,25170000,61,1,5,797,5.2,3400,No,No
CUST-04834,2024-12-20,December,12,Friday,Q4,30,Female,Abuja,Civil Servant,Retail,Current Account,Mobile App,163000,2349000,87,2,29,682,9.0,200,No,No
CUST-04835,2024-12-05,December,12,Thursday,Q4,50,Male,Port Harcourt,Trader,SME,Mobile Loan,USSD,70000,673000,41,4,12,600,8.1,100,Yes,No
CUST-04836,2024-01-11,January,1,Thursday,Q1,33,Female,Abuja,Accountant,Corporate,Credit Card,USSD,16626000,177970000,4,4,31,673,4.0,33300,No,Yes
CUST-04837,2024-08-13,August,8,Tuesday,Q3,43,Male,Port Harcourt,Doctor,Premium,Fixed Deposit,Mobile App,608000,4397000,8,1,28,565,6.4,600,Yes,No
CUST-04838,2024-06-23,June,6,Sunday,Q2,58,Female,Abuja,Trader,SME,Insurance Plan,Mobile App,460000,4955000,46,2,30,630,6.5,500,Yes,No
CUST-04839,2024-01-04,January,1,Thursday,Q1,40,Female,Ibadan,Doctor,Corporate,Savings Account,Mobile App,1086000,6439000,40,4,11,693,4.3,1100,Yes,No
CUST-04840,2024-06-02,June,6,Sunday,Q2,22,Male,Enugu,Doctor,Student,Mobile Loan,USSD,17000,102000,15,1,44,356,7.1,0,Yes,No
CUST-04841,2024-10-29,October,10,Tuesday,Q4,27,Male,Kano,Engineer,Retail,Current Account,USSD,10000,127000,72,2,34,652,10.0,0,No,No
CUST-04842,2024-06-16,June,6,Sunday,Q2,33,Male,Enugu,Doctor,Premium,Mobile Loan,Web Portal,1608000,4316000,65,1,21,462,9.0,2400,Yes,No
CUST-04843,2024-11-06,November,11,Wednesday,Q4,39,Female,Ibadan,Accountant,Corporate,Mortgage,Agent Banking,3778000,8975000,35,2,24,730,7.5,9400,No,No
CUST-04844,2024-10-02,October,10,Wednesday,Q4,30,Female,Kano,Accountant,Retail,Insurance Plan,Agent Banking,237000,1440000,40,1,17,443,7.2,600,No,No
CUST-04845,2024-02-17,February,2,Saturday,Q1,29,Male,Port Harcourt,Accountant,Retail,Savings Account,Mobile App,157000,187000,20,2,17,499,6.0,200,No,No
CUST-04846,2024-01-08,January,1,Monday,Q1,41,Female,Port Harcourt,Trader,SME,Insurance Plan,Web Portal,427000,5203000,64,2,41,502,7.2,600,No,No
CUST-04847,2024-08-22,August,8,Thursday,Q3,29,Male,Port Harcourt,Farmer,Retail,Investment Fund,Mobile App,707000,3780000,54,3,25,484,8.0,700,No,No
CUST-04848,2024-01-31,January,1,Wednesday,Q1,38,Male,Ibadan,Lawyer,Corporate,Insurance Plan,Branch,11467000,61626000,56,3,10,697,4.8,34400,Yes,No
CUST-04849,2024-06-10,June,6,Monday,Q2,45,Male,Port Harcourt,Civil Servant,Retail,Fixed Deposit,Branch,321000,516000,50,1,34,736,2.7,1000,Yes,No
CUST-04850,2024-12-06,December,12,Friday,Q4,40,Female,Ibadan,Doctor,Premium,Savings Account,Mobile App,242000,1849000,95,3,17,728,8.6,200,No,No
CUST-04851,2024-09-18,September,9,Wednesday,Q3,35,Female,Abuja,Civil Servant,Retail,Current Account,Web Portal,680000,822000,116,4,10,427,6.9,1000,No,No
CUST-04852,2024-08-25,August,8,Sunday,Q3,44,Male,Ibadan,Teacher,Retail,Mortgage,Agent Banking,161000,737000,9,5,45,575,3.2,400,Yes,No
CUST-04853,2024-09-30,September,9,Monday,Q3,29,Female,Ibadan,Engineer,Retail,Investment Fund,USSD,32000,51000,12,4,13,573,8.2,100,No,No
CUST-04854,2024-01-16,January,1,Tuesday,Q1,27,Female,Kano,Trader,SME,Investment Fund,Mobile App,61000,799000,112,2,14,520,6.9,100,No,No
CUST-04855,2024-09-18,September,9,Wednesday,Q3,60,Male,Lagos,Entrepreneur,SME,Mobile Loan,Agent Banking,182000,1026000,49,2,16,489,4.9,500,Yes,No
CUST-04856,2024-06-29,June,6,Saturday,Q2,27,Male,Lagos,Civil Servant,Retail,Current Account,Mobile App,247000,1607000,92,3,44,538,5.3,200,No,No
CUST-04857,2024-08-22,August,8,Thursday,Q3,26,Male,Lagos,Lawyer,Retail,Mortgage,Mobile App,92000,1155000,85,2,6,511,6.8,100,No,No
CUST-04858,2024-08-15,August,8,Thursday,Q3,21,Female,Abuja,Engineer,Student,Insurance Plan,USSD,37000,361000,10,3,36,547,7.1,100,No,No
CUST-04859,2024-11-08,November,11,Friday,Q4,34,Female,Lagos,Teacher,Retail,Current Account,Web Portal,38000,232000,28,2,7,672,6.9,100,No,No
CUST-04860,2024-03-21,March,3,Thursday,Q1,46,Female,Ibadan,Entrepreneur,SME,Savings Account,Web Portal,139000,1696000,19,2,18,693,5.0,200,No,No
CUST-04861,2024-05-11,May,5,Saturday,Q2,60,Female,Enugu,Entrepreneur,SME,Insurance Plan,Agent Banking,38000,171000,120,2,41,615,9.4,100,No,No
CUST-04862,2024-08-28,August,8,Wednesday,Q3,30,Male,Enugu,Trader,SME,Fixed Deposit,Mobile App,758000,7381000,35,1,20,639,8.2,800,No,No
CUST-04863,2024-08-26,August,8,Monday,Q3,37,Male,Port Harcourt,Trader,SME,Fixed Deposit,USSD,425000,2940000,76,1,3,676,5.9,800,No,No
CUST-04864,2024-01-16,January,1,Tuesday,Q1,34,Male,Ibadan,Student,Student,Investment Fund,Mobile App,28000,29000,79,1,39,302,7.6,0,No,No
CUST-04865,2024-11-21,November,11,Thursday,Q4,32,Male,Enugu,Entrepreneur,SME,Mortgage,Mobile App,82000,1019000,29,1,20,547,8.6,100,No,No
CUST-04866,2024-02-05,February,2,Monday,Q1,38,Male,Ibadan,Entrepreneur,SME,Credit Card,USSD,142000,614000,28,2,7,436,6.2,300,No,No
CUST-04867,2024-03-23,March,3,Saturday,Q1,33,Male,Port Harcourt,Teacher,Retail,Fixed Deposit,Branch,131000,501000,5,2,34,594,6.7,400,Yes,No
CUST-04868,2024-05-16,May,5,Thursday,Q2,53,Male,Lagos,Doctor,Premium,Insurance Plan,USSD,8195000,120701000,64,1,34,735,8.3,16400,No,No
CUST-04869,2024-05-14,May,5,Tuesday,Q2,45,Female,Port Harcourt,Farmer,Retail,Mobile Loan,Web Portal,252000,1962000,12,5,3,562,5.2,400,No,No
CUST-04870,2024-01-17,January,1,Wednesday,Q1,32,Female,Ibadan,Engineer,Premium,Investment Fund,Web Portal,1340000,9470000,68,2,20,671,8.2,2000,Yes,No
CUST-04871,2024-02-29,February,2,Thursday,Q1,23,Female,Enugu,Teacher,Student,Insurance Plan,Mobile App,16000,181000,51,2,32,324,8.2,0,No,No
CUST-04872,2024-08-05,August,8,Monday,Q3,20,Female,Port Harcourt,Farmer,Student,Savings Account,USSD,11000,26000,5,5,34,569,5.9,0,No,No
CUST-04873,2024-06-01,June,6,Saturday,Q2,18,Male,Lagos,Doctor,Student,Mortgage,Mobile App,11000,76000,58,2,28,328,10.0,0,Yes,No
CUST-04874,2024-03-24,March,3,Sunday,Q1,28,Male,Kano,Engineer,Retail,Credit Card,Mobile App,580000,2999000,32,4,3,631,10.0,600,Yes,No
CUST-04875,2024-08-19,August,8,Monday,Q3,50,Female,Kano,Doctor,Corporate,Savings Account,Branch,386000,2019000,15,1,33,629,6.6,1200,No,No
CUST-04876,2024-12-15,December,12,Sunday,Q4,27,Male,Lagos,Accountant,Retail,Mortgage,Mobile App,30000,179000,84,3,5,437,7.0,0,No,No
CUST-04877,2024-03-30,March,3,Saturday,Q1,41,Male,Kano,Entrepreneur,SME,Current Account,USSD,120000,979000,17,3,19,635,8.4,200,Yes,No
CUST-04878,2024-06-01,June,6,Saturday,Q2,40,Male,Enugu,Entrepreneur,SME,Mortgage,Agent Banking,269000,1833000,12,3,27,618,6.3,700,No,No
CUST-04879,2024-06-04,June,6,Tuesday,Q2,19,Male,Ibadan,Accountant,Student,Mobile Loan,USSD,12000,120000,16,2,2,372,6.2,0,No,No
CUST-04880,2024-08-21,August,8,Wednesday,Q3,56,Male,Ibadan,Lawyer,Premium,Credit Card,Branch,885000,2795000,88,5,3,727,8.8,2700,No,No
CUST-04881,2024-05-16,May,5,Thursday,Q2,19,Female,Enugu,Lawyer,Student,Insurance Plan,Mobile App,4000,15000,109,2,17,568,6.8,0,No,No
CUST-04882,2024-12-11,December,12,Wednesday,Q4,35,Female,Kano,Accountant,Premium,Savings Account,Branch,1721000,13188000,91,1,32,632,8.3,5200,No,No
CUST-04883,2024-11-05,November,11,Tuesday,Q4,25,Female,Enugu,Trader,SME,Investment Fund,Mobile App,63000,799000,61,3,28,437,3.9,100,Yes,No
CUST-04884,2024-08-22,August,8,Thursday,Q3,45,Female,Lagos,Accountant,Corporate,Current Account,Mobile App,537000,1313000,31,4,13,644,5.4,500,No,No
CUST-04885,2024-01-07,January,1,Sunday,Q1,21,Female,Lagos,Teacher,Student,Current Account,Web Portal,9000,52000,91,1,39,528,6.8,0,No,No
CUST-04886,2024-04-12,April,4,Friday,Q2,50,Female,Abuja,Civil Servant,Retail,Mortgage,Branch,73000,109000,48,5,35,447,8.2,200,No,No
CUST-04887,2024-07-08,July,7,Monday,Q3,47,Female,Kano,Student,Student,Investment Fund,USSD,63000,206000,105,5,20,354,6.7,100,No,No
CUST-04888,2024-03-12,March,3,Tuesday,Q1,20,Female,Enugu,Civil Servant,Student,Mortgage,Web Portal,5000,12000,17,1,13,610,4.2,0,No,No
CUST-04889,2024-05-12,May,5,Sunday,Q2,44,Male,Port Harcourt,Accountant,Premium,Savings Account,Mobile App,981000,12768000,5,4,44,766,7.9,1000,Yes,No
CUST-04890,2024-03-30,March,3,Saturday,Q1,67,Male,Ibadan,Entrepreneur,SME,Current Account,Branch,525000,7682000,71,1,7,452,6.7,1600,Yes,No
CUST-04891,2024-08-11,August,8,Sunday,Q3,37,Male,Abuja,Farmer,Retail,Insurance Plan,Mobile App,81000,959000,56,1,38,719,8.7,100,No,No
CUST-04892,2024-04-23,April,4,Tuesday,Q2,60,Male,Lagos,Accountant,Premium,Current Account,USSD,300000,3690000,5,1,1,486,4.4,600,Yes,No
CUST-04893,2024-03-15,March,3,Friday,Q1,31,Male,Abuja,Trader,SME,Savings Account,Agent Banking,298000,1360000,59,4,21,746,4.9,700,No,No
CUST-04894,2024-09-15,September,9,Sunday,Q3,19,Female,Port Harcourt,Accountant,Student,Mobile Loan,Web Portal,31000,294000,87,1,11,598,7.8,0,No,No
CUST-04895,2024-01-25,January,1,Thursday,Q1,32,Female,Lagos,Doctor,Premium,Investment Fund,Agent Banking,378000,3606000,67,4,39,704,7.3,900,Yes,No
CUST-04896,2024-02-02,February,2,Friday,Q1,54,Male,Lagos,Engineer,Premium,Fixed Deposit,Branch,456000,6378000,15,3,16,591,6.1,1400,No,No
CUST-04897,2024-03-23,March,3,Saturday,Q1,45,Female,Lagos,Accountant,Corporate,Credit Card,Branch,1222000,13415000,26,1,1,765,5.9,3700,Yes,No
CUST-04898,2024-02-13,February,2,Tuesday,Q1,35,Male,Lagos,Accountant,Premium,Insurance Plan,Branch,953000,11173000,40,2,34,703,7.5,2900,No,No
CUST-04899,2024-12-18,December,12,Wednesday,Q4,41,Male,Port Harcourt,Civil Servant,Retail,Investment Fund,USSD,23000,270000,33,4,4,576,9.5,0,No,No
CUST-04900,2024-08-26,August,8,Monday,Q3,22,Male,Lagos,Doctor,Student,Mobile Loan,Mobile App,31000,446000,28,1,8,478,5.1,0,No,No
CUST-04901,2024-07-03,July,7,Wednesday,Q3,39,Female,Port Harcourt,Teacher,Retail,Investment Fund,Agent Banking,123000,555000,89,1,11,793,8.0,300,Yes,No
CUST-04902,2024-05-19,May,5,Sunday,Q2,54,Female,Kano,Civil Servant,Retail,Mortgage,USSD,120000,1373000,59,3,20,776,6.8,200,No,No
CUST-04903,2024-02-18,February,2,Sunday,Q1,43,Male,Lagos,Student,Student,Current Account,Web Portal,21000,266000,118,1,1,584,7.8,0,No,No
CUST-04904,2024-05-19,May,5,Sunday,Q2,43,Female,Kano,Accountant,Premium,Insurance Plan,USSD,1427000,1444000,65,1,12,722,8.7,2900,No,No
CUST-04905,2024-12-18,December,12,Wednesday,Q4,24,Male,Enugu,Trader,Student,Credit Card,USSD,4000,8000,9,1,17,332,5.2,0,No,No
CUST-04906,2024-10-03,October,10,Thursday,Q4,21,Male,Kano,Farmer,Student,Credit Card,Mobile App,8000,116000,115,3,15,317,6.6,0,No,No
CUST-04907,2024-10-31,October,10,Thursday,Q4,18,Female,Enugu,Student,Student,Investment Fund,Mobile App,7000,87000,24,1,30,537,7.3,0,No,No
CUST-04908,2024-09-27,September,9,Friday,Q3,47,Female,Kano,Farmer,Retail,Current Account,Web Portal,237000,381000,103,2,26,592,5.8,400,No,No
CUST-04909,2024-06-16,June,6,Sunday,Q2,24,Male,Abuja,Engineer,Student,Mortgage,USSD,35000,161000,46,1,44,592,10.0,100,No,No
CUST-04910,2024-03-18,March,3,Monday,Q1,47,Male,Enugu,Engineer,Premium,Investment Fund,Web Portal,1733000,25071000,50,1,34,659,4.8,2600,Yes,No
CUST-04911,2024-12-09,December,12,Monday,Q4,53,Female,Lagos,Civil Servant,Retail,Insurance Plan,Branch,194000,2358000,65,1,39,662,7.0,600,Yes,No
CUST-04912,2024-08-23,August,8,Friday,Q3,18,Male,Ibadan,Farmer,Student,Insurance Plan,Mobile App,44000,293000,32,2,15,361,6.5,0,Yes,No
CUST-04913,2024-06-20,June,6,Thursday,Q2,41,Male,Lagos,Engineer,Premium,Fixed Deposit,Mobile App,444000,2825000,86,2,7,685,4.3,400,Yes,No
CUST-04914,2024-10-06,October,10,Sunday,Q4,43,Male,Abuja,Lawyer,Corporate,Current Account,Branch,28825000,253216000,74,5,37,765,5.9,86500,Yes,No
CUST-04915,2024-10-13,October,10,Sunday,Q4,50,Female,Abuja,Lawyer,Corporate,Fixed Deposit,Mobile App,1031000,11145000,10,2,34,681,8.5,1000,No,No
CUST-04916,2024-08-07,August,8,Wednesday,Q3,21,Female,Enugu,Accountant,Student,Mortgage,Mobile App,5000,49000,73,2,33,542,4.6,0,No,No
CUST-04917,2024-10-25,October,10,Friday,Q4,33,Male,Port Harcourt,Farmer,Retail,Savings Account,Branch,27000,77000,64,1,9,634,9.3,100,Yes,No
CUST-04918,2024-06-14,June,6,Friday,Q2,49,Female,Kano,Doctor,Corporate,Investment Fund,Branch,17661000,143305000,5,4,28,827,8.0,53000,No,No
CUST-04919,2024-09-13,September,9,Friday,Q3,18,Male,Enugu,Civil Servant,Student,Credit Card,Web Portal,30000,39000,61,4,5,489,7.6,0,Yes,No
CUST-04920,2024-05-12,May,5,Sunday,Q2,27,Male,Kano,Civil Servant,Retail,Mortgage,Mobile App,119000,798000,83,5,38,607,5.8,100,No,No
CUST-04921,2024-07-10,July,7,Wednesday,Q3,30,Female,Ibadan,Entrepreneur,SME,Current Account,Agent Banking,289000,1860000,97,3,6,692,8.8,700,No,No
CUST-04922,2024-11-21,November,11,Thursday,Q4,41,Male,Ibadan,Doctor,Corporate,Credit Card,Mobile App,1121000,2791000,96,3,24,822,6.9,1100,No,No
CUST-04923,2024-02-04,February,2,Sunday,Q1,45,Female,Port Harcourt,Entrepreneur,SME,Savings Account,Mobile App,134000,1966000,117,5,12,743,9.4,100,No,No
CUST-04924,2024-01-28,January,1,Sunday,Q1,54,Male,Ibadan,Trader,SME,Current Account,Agent Banking,109000,143000,109,1,35,517,6.9,300,No,No
CUST-04925,2024-10-25,October,10,Friday,Q4,59,Male,Port Harcourt,Farmer,Retail,Insurance Plan,USSD,422000,444000,113,4,45,642,9.1,800,No,No
CUST-04926,2024-11-03,November,11,Sunday,Q4,33,Female,Lagos,Teacher,Retail,Mortgage,Agent Banking,263000,1049000,58,3,5,608,6.1,700,No,No
CUST-04927,2024-01-08,January,1,Monday,Q1,32,Female,Kano,Lawyer,Corporate,Mortgage,USSD,1809000,10454000,23,2,35,782,6.3,3600,No,No
CUST-04928,2024-06-27,June,6,Thursday,Q2,36,Male,Port Harcourt,Farmer,Retail,Current Account,Branch,141000,1216000,36,3,42,554,5.8,400,No,No
CUST-04929,2024-06-07,June,6,Friday,Q2,49,Male,Kano,Teacher,Retail,Mortgage,Branch,198000,887000,119,3,25,444,7.6,600,No,No
CUST-04930,2024-07-26,July,7,Friday,Q3,23,Female,Abuja,Doctor,Student,Fixed Deposit,Branch,10000,37000,3,5,38,487,7.2,0,Yes,No
CUST-04931,2024-08-21,August,8,Wednesday,Q3,40,Female,Kano,Doctor,Premium,Mobile Loan,Web Portal,443000,6160000,107,1,8,504,4.0,700,No,No
CUST-04932,2024-08-05,August,8,Monday,Q3,46,Male,Ibadan,Teacher,Retail,Mortgage,Web Portal,534000,5357000,39,4,15,567,2.6,800,No,No
CUST-04933,2024-01-04,January,1,Thursday,Q1,34,Female,Ibadan,Doctor,Corporate,Mobile Loan,Branch,992000,9989000,63,1,33,720,8.5,3000,No,No
CUST-04934,2024-04-10,April,4,Wednesday,Q2,30,Female,Port Harcourt,Trader,SME,Mobile Loan,Web Portal,313000,4365000,83,3,24,516,9.3,500,Yes,No
CUST-04935,2024-01-05,January,1,Friday,Q1,45,Male,Port Harcourt,Trader,SME,Savings Account,Branch,327000,327000,41,2,5,608,4.4,1000,Yes,No
CUST-04936,2024-10-17,October,10,Thursday,Q4,45,Female,Port Harcourt,Doctor,Corporate,Current Account,Branch,1515000,9016000,15,4,37,744,6.9,4500,No,No
CUST-04937,2024-10-01,October,10,Tuesday,Q4,24,Male,Kano,Engineer,Student,Current Account,Mobile App,8000,14000,90,3,36,335,8.9,0,No,No
CUST-04938,2024-01-21,January,1,Sunday,Q1,29,Male,Lagos,Civil Servant,Retail,Investment Fund,Mobile App,2274000,6821000,118,5,22,585,4.2,2300,Yes,No
CUST-04939,2024-04-07,April,4,Sunday,Q2,25,Female,Abuja,Civil Servant,Retail,Mobile Loan,Mobile App,191000,1498000,2,4,30,721,8.9,200,No,No
CUST-04940,2024-11-15,November,11,Friday,Q4,40,Male,Lagos,Farmer,Retail,Mortgage,USSD,147000,464000,12,3,40,435,7.5,300,No,No
CUST-04941,2024-12-30,December,12,Monday,Q4,39,Female,Enugu,Doctor,Corporate,Investment Fund,Web Portal,5026000,38835000,12,1,45,829,7.9,7500,No,No
CUST-04942,2024-04-13,April,4,Saturday,Q2,35,Male,Abuja,Teacher,Retail,Current Account,Agent Banking,82000,988000,67,2,1,693,7.3,200,No,No
CUST-04943,2024-11-30,November,11,Saturday,Q4,33,Female,Enugu,Teacher,Retail,Investment Fund,Branch,282000,1811000,42,2,12,631,6.4,800,No,No
CUST-04944,2024-05-03,May,5,Friday,Q2,32,Female,Enugu,Trader,SME,Savings Account,Branch,264000,312000,78,2,27,528,4.8,800,No,No
CUST-04945,2024-01-25,January,1,Thursday,Q1,56,Female,Lagos,Accountant,Premium,Investment Fund,Agent Banking,927000,7937000,87,1,39,750,8.3,2300,No,No
CUST-04946,2024-02-15,February,2,Thursday,Q1,36,Female,Abuja,Trader,SME,Mortgage,Web Portal,2524000,18882000,35,1,16,614,7.4,3800,No,No
CUST-04947,2024-04-11,April,4,Thursday,Q2,31,Female,Abuja,Lawyer,Premium,Fixed Deposit,Mobile App,3685000,17119000,64,4,24,685,6.6,3700,No,No
CUST-04948,2024-10-25,October,10,Friday,Q4,55,Female,Lagos,Farmer,Retail,Investment Fund,Mobile App,49000,419000,65,2,3,729,6.5,0,No,No
CUST-04949,2024-10-30,October,10,Wednesday,Q4,40,Male,Lagos,Teacher,Retail,Investment Fund,Mobile App,99000,1444000,20,2,35,666,8.0,100,No,No
CUST-04950,2024-10-27,October,10,Sunday,Q4,31,Male,Enugu,Trader,SME,Fixed Deposit,Branch,129000,1183000,58,5,35,430,8.7,400,No,No
CUST-04951,2024-09-04,September,9,Wednesday,Q3,23,Male,Kano,Civil Servant,Student,Current Account,Web Portal,33000,144000,23,1,18,456,6.6,0,No,No
CUST-04952,2024-09-18,September,9,Wednesday,Q3,21,Male,Ibadan,Civil Servant,Student,Current Account,Branch,16000,17000,72,2,7,434,4.2,0,No,No
CUST-04953,2024-03-26,March,3,Tuesday,Q1,53,Female,Enugu,Doctor,Premium,Mobile Loan,Mobile App,1173000,14297000,93,1,25,677,5.4,1200,No,No
CUST-04954,2024-05-21,May,5,Tuesday,Q2,40,Female,Abuja,Doctor,Premium,Mobile Loan,Agent Banking,407000,5673000,11,3,42,611,9.0,1000,Yes,No
CUST-04955,2024-06-06,June,6,Thursday,Q2,31,Female,Abuja,Civil Servant,Retail,Insurance Plan,Web Portal,316000,1707000,78,3,21,606,7.1,500,No,No
CUST-04956,2024-12-16,December,12,Monday,Q4,40,Male,Abuja,Entrepreneur,SME,Mortgage,Branch,384000,4216000,102,4,39,558,9.7,1200,No,No
CUST-04957,2024-08-26,August,8,Monday,Q3,42,Female,Enugu,Lawyer,Premium,Mortgage,USSD,119000,629000,76,1,43,527,5.6,200,No,No
CUST-04958,2024-04-16,April,4,Tuesday,Q2,39,Female,Lagos,Teacher,Retail,Insurance Plan,USSD,381000,663000,85,1,14,630,5.0,800,No,No
CUST-04959,2024-10-21,October,10,Monday,Q4,18,Male,Enugu,Engineer,Student,Insurance Plan,USSD,23000,302000,59,2,7,543,5.6,0,No,No
CUST-04960,2024-08-27,August,8,Tuesday,Q3,43,Male,Kano,Civil Servant,Retail,Fixed Deposit,Branch,41000,501000,67,3,8,450,6.9,100,No,No
CUST-04961,2024-08-20,August,8,Tuesday,Q3,43,Male,Abuja,Civil Servant,Retail,Mortgage,Agent Banking,194000,670000,83,2,5,644,9.4,500,Yes,No
CUST-04962,2024-01-31,January,1,Wednesday,Q1,26,Male,Lagos,Doctor,Retail,Credit Card,USSD,82000,852000,34,4,3,717,8.8,200,No,No
CUST-04963,2024-01-29,January,1,Monday,Q1,20,Female,Kano,Farmer,Student,Mobile Loan,Mobile App,67000,442000,75,2,8,304,9.5,100,Yes,No
CUST-04964,2024-08-05,August,8,Monday,Q3,53,Female,Port Harcourt,Lawyer,Corporate,Savings Account,Mobile App,4490000,18360000,12,1,22,644,7.9,4500,No,No
CUST-04965,2024-12-18,December,12,Wednesday,Q4,66,Male,Kano,Accountant,Premium,Credit Card,USSD,1988000,27820000,21,5,29,439,4.0,4000,No,No
CUST-04966,2024-06-12,June,6,Wednesday,Q2,28,Male,Kano,Engineer,Retail,Fixed Deposit,USSD,460000,1318000,19,1,18,668,8.3,900,No,No
CUST-04967,2024-02-14,February,2,Wednesday,Q1,30,Male,Abuja,Engineer,Retail,Mobile Loan,USSD,79000,506000,60,1,44,791,4.4,200,Yes,No
CUST-04968,2024-09-29,September,9,Sunday,Q3,44,Female,Lagos,Engineer,Premium,Savings Account,Web Portal,407000,4696000,102,1,13,472,6.7,600,No,No
CUST-04969,2024-06-20,June,6,Thursday,Q2,36,Female,Port Harcourt,Teacher,Retail,Current Account,Branch,175000,972000,72,2,33,481,9.6,500,Yes,No
CUST-04970,2024-11-21,November,11,Thursday,Q4,41,Male,Ibadan,Teacher,Retail,Mobile Loan,Mobile App,153000,525000,19,1,2,487,7.1,200,No,No
CUST-04971,2024-06-04,June,6,Tuesday,Q2,26,Male,Kano,Lawyer,Retail,Investment Fund,USSD,207000,408000,58,3,11,790,8.9,400,Yes,No
CUST-04972,2024-09-19,September,9,Thursday,Q3,41,Female,Enugu,Doctor,Corporate,Fixed Deposit,USSD,1403000,18056000,54,1,30,850,8.5,2800,No,No
CUST-04973,2024-04-26,April,4,Friday,Q2,19,Male,Ibadan,Civil Servant,Student,Insurance Plan,Mobile App,10000,10000,107,1,38,365,6.1,0,No,No
CUST-04974,2024-05-25,May,5,Saturday,Q2,29,Male,Enugu,Doctor,Retail,Investment Fund,USSD,49000,552000,17,2,23,550,6.9,100,No,No
CUST-04975,2024-08-13,August,8,Tuesday,Q3,56,Male,Kano,Trader,SME,Investment Fund,USSD,106000,793000,47,4,4,662,6.8,200,No,No
CUST-04976,2024-12-28,December,12,Saturday,Q4,28,Male,Ibadan,Teacher,Retail,Mortgage,Mobile App,194000,1310000,46,1,25,566,8.8,200,No,No
CUST-04977,2024-06-16,June,6,Sunday,Q2,34,Female,Enugu,Doctor,Premium,Insurance Plan,USSD,454000,464000,83,1,34,456,8.4,900,No,No
CUST-04978,2024-08-11,August,8,Sunday,Q3,31,Female,Enugu,Accountant,Premium,Mobile Loan,USSD,208000,1451000,43,2,36,542,8.9,400,Yes,No
CUST-04979,2024-07-30,July,7,Tuesday,Q3,29,Female,Port Harcourt,Student,Student,Credit Card,Web Portal,15000,131000,34,1,19,533,8.5,0,No,No
CUST-04980,2024-01-15,January,1,Monday,Q1,26,Female,Lagos,Accountant,Retail,Mobile Loan,USSD,44000,356000,24,4,33,457,5.7,100,No,No
CUST-04981,2024-04-16,April,4,Tuesday,Q2,43,Male,Enugu,Farmer,Retail,Mobile Loan,Branch,136000,1818000,112,1,18,573,9.0,400,No,No
CUST-04982,2024-01-10,January,1,Wednesday,Q1,31,Female,Port Harcourt,Teacher,Retail,Credit Card,Web Portal,42000,574000,3,1,32,654,6.0,100,No,No
CUST-04983,2024-08-04,August,8,Sunday,Q3,45,Female,Lagos,Entrepreneur,SME,Mobile Loan,Branch,1379000,19867000,41,1,21,550,8.5,4100,No,No
CUST-04984,2024-04-20,April,4,Saturday,Q2,39,Male,Kano,Accountant,Corporate,Insurance Plan,Branch,1755000,20092000,85,4,29,632,10.0,5300,No,No
CUST-04985,2024-09-24,September,9,Tuesday,Q3,25,Male,Enugu,Civil Servant,Retail,Insurance Plan,Web Portal,249000,516000,77,4,1,535,7.8,400,Yes,No
CUST-04986,2024-10-19,October,10,Saturday,Q4,54,Male,Ibadan,Student,Student,Credit Card,USSD,12000,19000,1,4,10,429,5.4,0,Yes,No
CUST-04987,2024-12-03,December,12,Tuesday,Q4,23,Male,Ibadan,Trader,Student,Fixed Deposit,USSD,16000,83000,88,2,19,603,6.7,0,Yes,No
CUST-04988,2024-03-14,March,3,Thursday,Q1,41,Male,Port Harcourt,Accountant,Corporate,Credit Card,Mobile App,651000,564000,24,3,40,776,7.0,700,No,No
CUST-04989,2024-03-24,March,3,Sunday,Q1,26,Female,Ibadan,Teacher,Retail,Mortgage,USSD,68000,684000,16,1,22,529,6.9,100,No,No
CUST-04990,2024-12-19,December,12,Thursday,Q4,55,Female,Abuja,Engineer,Premium,Insurance Plan,Agent Banking,3723000,29591000,71,4,21,527,4.9,9300,No,No
CUST-04991,2024-04-08,April,4,Monday,Q2,28,Male,Enugu,Engineer,Retail,Fixed Deposit,USSD,141000,2054000,40,3,29,720,4.5,300,Yes,No
CUST-04992,2024-12-12,December,12,Thursday,Q4,38,Female,Enugu,Accountant,Corporate,Fixed Deposit,Branch,6980000,87420000,70,3,32,804,6.1,20900,Yes,No
CUST-04993,2024-04-20,April,4,Saturday,Q2,23,Male,Port Harcourt,Student,Student,Mortgage,Mobile App,13000,29000,3,2,23,416,7.0,0,Yes,No
CUST-04994,2024-07-25,July,7,Thursday,Q3,45,Male,Port Harcourt,Doctor,Premium,Fixed Deposit,Mobile App,429000,3843000,21,1,36,771,6.8,400,No,No
CUST-04995,2024-03-17,March,3,Sunday,Q1,53,Female,Abuja,Accountant,Premium,Insurance Plan,Web Portal,641000,3245000,115,5,44,732,6.0,1000,No,No
CUST-04996,2024-10-09,October,10,Wednesday,Q4,63,Male,Lagos,Accountant,Premium,Fixed Deposit,Mobile App,960000,5337000,90,3,38,558,6.9,1000,No,No
CUST-04997,2024-06-19,June,6,Wednesday,Q2,39,Male,Kano,Civil Servant,Retail,Mortgage,Web Portal,51000,366000,39,2,2,563,6.8,100,No,No
CUST-04998,2024-09-24,September,9,Tuesday,Q3,35,Female,Kano,Trader,SME,Insurance Plan,Agent Banking,531000,6892000,115,3,26,655,4.9,1300,Yes,No
CUST-04999,2024-03-07,March,3,Thursday,Q1,34,Male,Enugu,Trader,SME,Investment Fund,Branch,541000,7372000,29,3,14,596,7.7,1600,No,No
CUST-05000,2024-12-19,December,12,Thursday,Q4,39,Female,Enugu,Entrepreneur,SME,Fixed Deposit,Web Portal,517000,5144000,55,1,33,649,9.0,800,No,No
CUST-05001,2024-09-14,September,9,Saturday,Q3,27,Male,Port Harcourt,Accountant,Retail,Mobile Loan,Mobile App,113000,1155000,118,2,14,585,7.4,100,No,No
CUST-05002,2024-07-27,July,7,Saturday,Q3,41,Male,Lagos,Civil Servant,Retail,Investment Fund,Web Portal,150000,726000,102,1,3,442,7.9,200,Yes,No
CUST-05003,2024-11-17,November,11,Sunday,Q4,30,Male,Kano,Civil Servant,Retail,Fixed Deposit,Web Portal,413000,3301000,113,3,6,759,9.0,600,No,No
CUST-05004,2024-07-23,July,7,Tuesday,Q3,22,Male,Ibadan,Entrepreneur,Student,Current Account,Branch,18000,201000,17,3,10,485,7.6,100,No,No
CUST-05005,2024-10-17,October,10,Thursday,Q4,46,Male,Abuja,Teacher,Retail,Credit Card,USSD,367000,4053000,51,2,9,762,6.9,700,No,No
CUST-05006,2024-10-26,October,10,Saturday,Q4,32,Male,Ibadan,Entrepreneur,SME,Mobile Loan,Mobile App,131000,1287000,56,1,9,756,7.8,100,No,No
CUST-05007,2024-03-11,March,3,Monday,Q1,33,Male,Kano,Engineer,Premium,Credit Card,USSD,1012000,11939000,56,2,41,694,7.2,2000,No,No
CUST-05008,2024-01-23,January,1,Tuesday,Q1,53,Male,Port Harcourt,Accountant,Corporate,Investment Fund,Branch,8746000,99849000,34,2,31,766,7.2,26200,No,No
CUST-05009,2024-10-03,October,10,Thursday,Q4,18,Male,Abuja,Farmer,Student,Fixed Deposit,Mobile App,23000,103000,105,3,26,567,5.9,0,No,No
CUST-05010,2024-08-14,August,8,Wednesday,Q3,31,Female,Abuja,Engineer,Premium,Current Account,Mobile App,464000,6806000,24,4,13,578,7.5,500,No,No
CUST-05011,2024-09-19,September,9,Thursday,Q3,49,Male,Kano,Entrepreneur,SME,Credit Card,Agent Banking,1512000,12616000,88,1,8,661,2.9,3800,No,No
CUST-05012,2024-10-31,October,10,Thursday,Q4,27,Female,Lagos,Farmer,Retail,Insurance Plan,Branch,742000,1310000,8,2,24,687,5.2,2200,No,No
CUST-05013,2024-05-09,May,5,Thursday,Q2,22,Male,Port Harcourt,Entrepreneur,Student,Mobile Loan,Agent Banking,5000,58000,53,2,37,302,6.9,0,No,No
CUST-05014,2024-02-24,February,2,Saturday,Q1,51,Female,Lagos,Doctor,Premium,Savings Account,Mobile App,2222000,21917000,24,1,13,770,5.3,2200,No,No
CUST-05015,2024-11-27,November,11,Wednesday,Q4,51,Female,Kano,Doctor,Premium,Investment Fund,Web Portal,418000,1778000,105,1,15,568,4.7,600,Yes,No
CUST-05016,2024-06-17,June,6,Monday,Q2,23,Female,Kano,Civil Servant,Student,Investment Fund,Mobile App,10000,66000,89,4,29,319,3.7,0,Yes,No
CUST-05017,2024-12-05,December,12,Thursday,Q4,27,Male,Lagos,Entrepreneur,SME,Mortgage,Mobile App,279000,2642000,77,4,27,639,4.7,300,No,No
CUST-05018,2024-12-14,December,12,Saturday,Q4,39,Female,Port Harcourt,Student,Student,Savings Account,Branch,22000,120000,81,3,38,581,6.1,100,Yes,No
CUST-05019,2024-08-27,August,8,Tuesday,Q3,40,Male,Abuja,Civil Servant,Retail,Mobile Loan,Mobile App,65000,772000,25,1,15,725,8.4,100,Yes,No
CUST-05020,2024-06-07,June,6,Friday,Q2,31,Male,Kano,Teacher,Retail,Investment Fund,Branch,119000,1492000,59,2,14,690,10.0,400,No,No
CUST-05021,2024-02-28,February,2,Wednesday,Q1,35,Female,Ibadan,Student,Student,Fixed Deposit,USSD,10000,81000,55,2,19,496,7.4,0,No,No
CUST-05022,2024-08-23,August,8,Friday,Q3,41,Female,Kano,Trader,SME,Mortgage,Web Portal,146000,1210000,120,5,33,614,9.6,200,No,No
CUST-05023,2024-05-08,May,5,Wednesday,Q2,36,Male,Kano,Student,Student,Fixed Deposit,Web Portal,5000,18000,59,3,3,561,4.8,0,Yes,No
CUST-05024,2024-05-11,May,5,Saturday,Q2,45,Female,Abuja,Lawyer,Premium,Savings Account,Web Portal,1373000,10472000,10,1,16,446,8.7,2100,No,No
CUST-05025,2024-10-21,October,10,Monday,Q4,28,Female,Enugu,Engineer,Retail,Mobile Loan,Mobile App,88000,82000,81,1,23,783,6.7,100,Yes,No
CUST-05026,2024-07-26,July,7,Friday,Q3,49,Female,Port Harcourt,Trader,SME,Mobile Loan,Web Portal,118000,454000,64,1,15,742,8.0,200,No,No
CUST-05027,2024-10-13,October,10,Sunday,Q4,39,Male,Lagos,Civil Servant,Retail,Savings Account,Branch,188000,1494000,11,2,34,796,8.5,600,No,No
CUST-05028,2024-03-26,March,3,Tuesday,Q1,36,Male,Abuja,Teacher,Retail,Investment Fund,Agent Banking,24000,316000,81,3,3,427,8.6,100,No,No
CUST-05029,2024-03-10,March,3,Sunday,Q1,44,Male,Ibadan,Trader,SME,Investment Fund,USSD,222000,370000,48,1,41,655,6.9,400,No,No
CUST-05030,2024-05-18,May,5,Saturday,Q2,30,Female,Lagos,Entrepreneur,SME,Mobile Loan,Branch,317000,2130000,92,5,10,589,4.2,1000,Yes,No
CUST-05031,2024-07-17,July,7,Wednesday,Q3,38,Male,Ibadan,Doctor,Corporate,Credit Card,Agent Banking,1156000,17202000,19,3,25,710,9.7,2900,No,No
CUST-05032,2024-10-26,October,10,Saturday,Q4,18,Male,Lagos,Lawyer,Student,Investment Fund,Web Portal,29000,100000,16,4,37,418,8.6,0,No,No
CUST-05033,2024-08-29,August,8,Thursday,Q3,38,Male,Ibadan,Engineer,Corporate,Credit Card,Mobile App,5117000,64801000,107,3,30,701,7.4,5100,No,No
CUST-05034,2024-01-04,January,1,Thursday,Q1,46,Female,Ibadan,Civil Servant,Retail,Current Account,Branch,218000,3224000,33,4,10,634,1.9,700,No,No
CUST-05035,2024-07-18,July,7,Thursday,Q3,28,Female,Abuja,Engineer,Retail,Current Account,Mobile App,43000,139000,12,4,38,659,7.6,0,No,No
CUST-05036,2024-12-30,December,12,Monday,Q4,53,Male,Lagos,Civil Servant,Retail,Current Account,Web Portal,24000,166000,6,1,19,610,8.9,0,No,No
CUST-05037,2024-01-23,January,1,Tuesday,Q1,21,Female,Abuja,Accountant,Student,Mortgage,Mobile App,18000,181000,82,2,15,493,7.5,0,Yes,No
CUST-05038,2024-11-05,November,11,Tuesday,Q4,36,Female,Kano,Trader,SME,Fixed Deposit,Agent Banking,145000,1114000,47,4,5,747,7.1,400,No,No
CUST-05039,2024-10-03,October,10,Thursday,Q4,52,Female,Kano,Lawyer,Premium,Mobile Loan,Web Portal,2878000,34052000,15,5,24,800,4.7,4300,No,No
CUST-05040,2024-04-03,April,4,Wednesday,Q2,55,Female,Enugu,Entrepreneur,SME,Fixed Deposit,Mobile App,497000,3038000,111,3,21,534,4.6,500,No,No
CUST-05041,2024-05-16,May,5,Thursday,Q2,24,Male,Lagos,Doctor,Student,Mobile Loan,USSD,13000,161000,22,2,34,538,6.9,0,No,No
CUST-05042,2024-07-18,July,7,Thursday,Q3,56,Male,Kano,Entrepreneur,SME,Savings Account,Mobile App,456000,3839000,27,1,9,580,9.9,500,No,No
CUST-05043,2024-01-30,January,1,Tuesday,Q1,36,Female,Ibadan,Engineer,Premium,Savings Account,USSD,225000,725000,15,1,2,563,4.5,400,Yes,No
CUST-05044,2024-09-29,September,9,Sunday,Q3,50,Female,Abuja,Teacher,Retail,Investment Fund,Web Portal,237000,2964000,92,1,32,481,9.3,400,No,No
CUST-05045,2024-03-15,March,3,Friday,Q1,33,Male,Enugu,Teacher,Retail,Savings Account,Web Portal,113000,129000,94,3,16,595,7.9,200,No,No
CUST-05046,2024-07-13,July,7,Saturday,Q3,35,Male,Lagos,Engineer,Corporate,Investment Fund,Web Portal,2430000,26178000,47,3,18,661,4.5,3600,No,No
CUST-05047,2024-08-18,August,8,Sunday,Q3,43,Male,Enugu,Farmer,Retail,Current Account,USSD,21000,112000,82,4,40,669,6.8,0,No,No
CUST-05048,2024-07-02,July,7,Tuesday,Q3,32,Female,Lagos,Entrepreneur,SME,Mortgage,Mobile App,510000,5780000,98,2,12,632,8.2,500,No,No
CUST-05049,2024-04-30,April,4,Tuesday,Q2,34,Male,Kano,Farmer,Retail,Fixed Deposit,Mobile App,210000,1321000,20,4,18,535,7.1,200,No,No
CUST-05050,2024-04-20,April,4,Saturday,Q2,26,Female,Port Harcourt,Farmer,Retail,Current Account,Mobile App,77000,252000,68,2,19,472,5.9,100,No,No
CUST-05051,2024-09-14,September,9,Saturday,Q3,25,Female,Abuja,Farmer,Retail,Insurance Plan,USSD,76000,1007000,67,2,31,515,7.7,200,No,No
CUST-05052,2024-01-30,January,1,Tuesday,Q1,43,Male,Kano,Student,Student,Fixed Deposit,Branch,17000,147000,42,3,34,590,7.8,100,Yes,No
CUST-05053,2024-02-20,February,2,Tuesday,Q1,23,Male,Kano,Lawyer,Student,Mobile Loan,Mobile App,25000,163000,40,3,37,503,6.8,0,No,No
CUST-05054,2024-05-10,May,5,Friday,Q2,38,Male,Enugu,Lawyer,Corporate,Current Account,Web Portal,749000,6413000,29,1,31,643,6.0,1100,No,No
CUST-05055,2024-01-18,January,1,Thursday,Q1,53,Male,Lagos,Doctor,Corporate,Current Account,Branch,8900000,34118000,50,1,1,636,8.2,26700,No,No
CUST-05056,2024-09-28,September,9,Saturday,Q3,28,Male,Kano,Teacher,Retail,Savings Account,USSD,107000,1273000,39,3,23,642,9.0,200,No,No
CUST-05057,2024-07-02,July,7,Tuesday,Q3,21,Female,Ibadan,Doctor,Student,Insurance Plan,Mobile App,9000,23000,75,2,21,370,6.8,0,No,No
CUST-05058,2024-07-12,July,7,Friday,Q3,39,Female,Lagos,Student,Student,Mortgage,Branch,31000,370000,74,3,23,562,9.6,100,No,No
CUST-05059,2024-02-27,February,2,Tuesday,Q1,27,Female,Abuja,Farmer,Retail,Investment Fund,Web Portal,79000,632000,19,2,33,796,6.2,100,No,No
CUST-05060,2024-06-11,June,6,Tuesday,Q2,45,Female,Kano,Accountant,Corporate,Savings Account,Agent Banking,2085000,16027000,63,1,41,708,6.0,5200,No,No
CUST-05061,2024-07-07,July,7,Sunday,Q3,52,Female,Enugu,Accountant,Premium,Mortgage,Branch,1380000,18285000,71,1,19,764,8.3,4100,No,No
CUST-05062,2024-10-22,October,10,Tuesday,Q4,60,Male,Kano,Student,Student,Mortgage,Web Portal,18000,131000,92,3,9,530,9.4,0,No,No
CUST-05063,2024-09-24,September,9,Tuesday,Q3,36,Male,Ibadan,Trader,SME,Mobile Loan,Web Portal,203000,1808000,80,3,28,711,6.8,300,No,No
CUST-05064,2024-05-22,May,5,Wednesday,Q2,31,Male,Abuja,Teacher,Retail,Mortgage,Web Portal,544000,2125000,11,1,37,542,5.5,800,No,No
CUST-05065,2024-08-30,August,8,Friday,Q3,29,Female,Kano,Student,Student,Insurance Plan,Web Portal,37000,188000,28,4,5,617,9.7,100,No,No
CUST-05066,2024-04-14,April,4,Sunday,Q2,38,Female,Port Harcourt,Student,Student,Insurance Plan,Web Portal,18000,53000,1,1,1,512,7.2,0,Yes,No
CUST-05067,2024-08-04,August,8,Sunday,Q3,31,Female,Ibadan,Farmer,Retail,Current Account,Mobile App,468000,6419000,117,3,25,678,5.7,500,No,No
CUST-05068,2024-11-23,November,11,Saturday,Q4,42,Male,Ibadan,Engineer,Premium,Mobile Loan,USSD,590000,2294000,103,2,38,453,7.6,1200,No,No
CUST-05069,2024-06-17,June,6,Monday,Q2,43,Male,Port Harcourt,Farmer,Retail,Mobile Loan,Agent Banking,30000,256000,97,3,38,794,7.3,100,Yes,No
CUST-05070,2024-04-06,April,4,Saturday,Q2,32,Female,Enugu,Lawyer,Premium,Mobile Loan,Mobile App,98000,719000,73,2,19,735,8.9,100,No,No
CUST-05071,2024-10-16,October,10,Wednesday,Q4,30,Female,Enugu,Accountant,Retail,Fixed Deposit,Agent Banking,120000,1070000,77,2,18,465,8.2,300,No,No
CUST-05072,2024-01-07,January,1,Sunday,Q1,34,Female,Lagos,Accountant,Premium,Mortgage,Web Portal,1004000,2373000,93,4,45,783,6.9,1500,No,No
CUST-05073,2024-09-18,September,9,Wednesday,Q3,55,Female,Abuja,Engineer,Corporate,Investment Fund,Web Portal,2288000,27507000,23,4,40,649,7.8,3400,No,No
CUST-05074,2024-11-03,November,11,Sunday,Q4,25,Female,Abuja,Teacher,Retail,Insurance Plan,Web Portal,994000,6856000,28,1,36,537,10.0,1500,No,No
CUST-05075,2024-01-31,January,1,Wednesday,Q1,33,Male,Abuja,Trader,SME,Investment Fund,Mobile App,139000,811000,111,2,45,477,8.9,100,No,No
CUST-05076,2024-03-16,March,3,Saturday,Q1,42,Female,Lagos,Engineer,Corporate,Mortgage,Web Portal,10226000,46295000,64,3,19,745,8.0,15300,No,No
CUST-05077,2024-06-16,June,6,Sunday,Q2,65,Female,Kano,Teacher,Retail,Savings Account,Branch,47000,481000,44,2,19,459,8.7,100,Yes,No
CUST-05078,2024-01-26,January,1,Friday,Q1,48,Male,Enugu,Farmer,Retail,Fixed Deposit,USSD,127000,359000,93,2,9,599,7.0,300,No,No
CUST-05079,2024-11-04,November,11,Monday,Q4,33,Male,Ibadan,Lawyer,Corporate,Mortgage,Mobile App,10504000,144548000,34,1,29,666,5.4,10500,No,No
CUST-05080,2024-05-28,May,5,Tuesday,Q2,31,Female,Port Harcourt,Teacher,Retail,Mortgage,Mobile App,296000,3185000,13,1,8,486,10.0,300,No,No
CUST-05081,2024-05-04,May,5,Saturday,Q2,49,Male,Abuja,Accountant,Corporate,Savings Account,Branch,2693000,22391000,17,1,11,807,5.8,8100,No,No
CUST-05082,2024-02-02,February,2,Friday,Q1,31,Female,Kano,Accountant,Premium,Credit Card,Branch,606000,7487000,71,4,9,447,5.2,1800,No,No
CUST-05083,2024-05-20,May,5,Monday,Q2,38,Male,Port Harcourt,Lawyer,Premium,Fixed Deposit,Branch,1424000,10762000,48,3,10,573,5.9,4300,Yes,No
CUST-05084,2024-06-12,June,6,Wednesday,Q2,56,Female,Enugu,Lawyer,Premium,Fixed Deposit,Agent Banking,2147000,17895000,107,1,10,560,6.4,5400,No,No
CUST-05085,2024-06-29,June,6,Saturday,Q2,51,Female,Abuja,Trader,SME,Mortgage,USSD,129000,345000,33,5,36,692,5.8,300,No,No
CUST-05086,2024-02-07,February,2,Wednesday,Q1,37,Female,Ibadan,Civil Servant,Retail,Savings Account,Web Portal,26000,211000,45,1,26,442,6.6,0,Yes,No
CUST-05087,2024-04-15,April,4,Monday,Q2,34,Female,Enugu,Engineer,Corporate,Mortgage,Mobile App,743000,10913000,32,3,43,653,8.1,700,No,No
CUST-05088,2024-06-21,June,6,Friday,Q2,29,Male,Lagos,Farmer,Retail,Fixed Deposit,Mobile App,173000,2079000,14,3,1,467,8.6,200,No,No
CUST-05089,2024-02-24,February,2,Saturday,Q1,39,Female,Ibadan,Entrepreneur,SME,Fixed Deposit,Branch,116000,1234000,37,2,38,534,7.5,300,Yes,No
CUST-05090,2024-12-29,December,12,Sunday,Q4,53,Male,Port Harcourt,Farmer,Retail,Fixed Deposit,Branch,37000,158000,96,2,21,511,6.0,100,No,No
CUST-05091,2024-07-04,July,7,Thursday,Q3,36,Female,Port Harcourt,Accountant,Premium,Savings Account,Branch,518000,5021000,110,1,32,782,7.3,1600,No,No
CUST-05092,2024-04-11,April,4,Thursday,Q2,35,Male,Lagos,Accountant,Premium,Insurance Plan,Branch,433000,6374000,72,3,42,771,8.1,1300,No,No
CUST-05093,2024-10-03,October,10,Thursday,Q4,36,Female,Enugu,Farmer,Retail,Insurance Plan,Mobile App,180000,878000,112,4,7,711,5.8,200,No,No
CUST-05094,2024-12-05,December,12,Thursday,Q4,20,Male,Ibadan,Civil Servant,Student,Credit Card,Mobile App,33000,389000,106,1,45,422,7.9,0,No,No
CUST-05095,2024-08-22,August,8,Thursday,Q3,35,Male,Enugu,Entrepreneur,SME,Fixed Deposit,Agent Banking,418000,3288000,41,1,6,662,6.6,1000,No,No
CUST-05096,2024-10-12,October,10,Saturday,Q4,28,Female,Enugu,Lawyer,Retail,Mortgage,Mobile App,149000,1045000,47,3,5,565,9.1,100,No,No
CUST-05097,2024-05-10,May,5,Friday,Q2,43,Male,Lagos,Farmer,Retail,Investment Fund,Branch,345000,3435000,14,1,10,483,4.9,1000,No,No
CUST-05098,2024-04-23,April,4,Tuesday,Q2,29,Female,Abuja,Entrepreneur,SME,Mobile Loan,Branch,562000,2580000,4,2,23,474,8.2,1700,Yes,No
CUST-05099,2024-01-01,January,1,Monday,Q1,38,Male,Lagos,Farmer,Retail,Investment Fund,Branch,100000,102000,118,1,17,702,6.0,300,No,No
CUST-05100,2024-11-27,November,11,Wednesday,Q4,26,Male,Abuja,Engineer,Retail,Savings Account,Mobile App,125000,1604000,82,2,19,780,10.0,100,No,No
CUST-05101,2024-02-21,February,2,Wednesday,Q1,31,Female,Abuja,Student,Student,Fixed Deposit,Branch,9000,68000,47,1,20,458,6.7,0,Yes,No
CUST-05102,2024-11-30,November,11,Saturday,Q4,30,Female,Enugu,Civil Servant,Retail,Mortgage,Branch,73000,617000,78,3,33,696,2.8,200,Yes,No
CUST-05103,2024-10-26,October,10,Saturday,Q4,55,Female,Abuja,Civil Servant,Retail,Mortgage,Agent Banking,60000,186000,52,5,6,549,7.0,200,No,No
CUST-05104,2024-04-26,April,4,Friday,Q2,49,Female,Abuja,Entrepreneur,SME,Current Account,Web Portal,302000,2979000,115,4,17,650,7.3,500,No,No
CUST-05105,2024-04-02,April,4,Tuesday,Q2,51,Female,Enugu,Trader,SME,Mortgage,Mobile App,435000,6038000,102,2,41,696,7.9,400,Yes,No
CUST-05106,2024-12-12,December,12,Thursday,Q4,55,Female,Port Harcourt,Teacher,Retail,Credit Card,USSD,209000,1381000,19,3,21,691,6.5,400,Yes,No
CUST-05107,2024-02-13,February,2,Tuesday,Q1,35,Male,Kano,Teacher,Retail,Current Account,Web Portal,806000,1407000,66,4,12,755,7.8,1200,No,No
CUST-05108,2024-12-21,December,12,Saturday,Q4,18,Male,Ibadan,Accountant,Student,Mortgage,Web Portal,14000,44000,4,3,29,361,7.5,0,No,No
CUST-05109,2024-11-27,November,11,Wednesday,Q4,38,Male,Abuja,Accountant,Premium,Mobile Loan,Mobile App,1176000,1754000,80,3,24,647,9.4,1200,No,No
CUST-05110,2024-12-20,December,12,Friday,Q4,39,Female,Abuja,Engineer,Premium,Fixed Deposit,Branch,1710000,6846000,90,3,25,487,6.5,5100,No,No
CUST-05111,2024-10-29,October,10,Tuesday,Q4,23,Male,Abuja,Student,Student,Mortgage,Mobile App,14000,188000,19,3,38,406,6.2,0,No,No
CUST-05112,2024-05-26,May,5,Sunday,Q2,25,Female,Enugu,Accountant,Retail,Current Account,Agent Banking,22000,297000,21,2,11,598,6.5,100,No,No
CUST-05113,2024-04-01,April,4,Monday,Q2,50,Female,Lagos,Farmer,Retail,Fixed Deposit,Web Portal,250000,3723000,75,1,33,581,7.0,400,No,No
CUST-05114,2024-03-26,March,3,Tuesday,Q1,43,Female,Enugu,Lawyer,Premium,Current Account,Branch,2276000,25842000,8,1,3,585,8.7,6800,Yes,No
CUST-05115,2024-11-11,November,11,Monday,Q4,44,Male,Abuja,Entrepreneur,SME,Investment Fund,Mobile App,132000,560000,1,5,38,455,8.3,100,No,No
CUST-05116,2024-01-15,January,1,Monday,Q1,38,Male,Lagos,Farmer,Retail,Mobile Loan,Mobile App,442000,423000,22,3,34,470,7.9,400,No,No
CUST-05117,2024-10-31,October,10,Thursday,Q4,39,Female,Kano,Engineer,Corporate,Mobile Loan,Branch,1901000,11109000,65,2,31,749,6.3,5700,No,No
CUST-05118,2024-06-08,June,6,Saturday,Q2,29,Female,Kano,Farmer,Retail,Mortgage,Web Portal,49000,495000,14,1,37,626,10.0,100,Yes,No
CUST-05119,2024-01-19,January,1,Friday,Q1,49,Female,Port Harcourt,Lawyer,Premium,Mortgage,Branch,193000,183000,68,4,23,434,7.1,600,No,No
CUST-05120,2024-06-13,June,6,Thursday,Q2,43,Female,Abuja,Accountant,Corporate,Investment Fund,Mobile App,486000,5132000,111,5,16,770,9.7,500,No,No
CUST-05121,2024-02-16,February,2,Friday,Q1,45,Male,Kano,Student,Student,Savings Account,USSD,14000,70000,91,2,29,507,9.0,0,No,No
CUST-05122,2024-05-10,May,5,Friday,Q2,59,Female,Enugu,Doctor,Corporate,Fixed Deposit,Branch,678000,7155000,45,5,32,752,3.9,2000,No,No
CUST-05123,2024-02-17,February,2,Saturday,Q1,22,Male,Port Harcourt,Accountant,Student,Mobile Loan,Mobile App,21000,176000,47,2,9,300,5.7,0,No,No
CUST-05124,2024-06-26,June,6,Wednesday,Q2,31,Female,Ibadan,Doctor,Corporate,Savings Account,Branch,4641000,12540000,38,1,2,668,7.4,13900,No,No
CUST-05125,2024-01-03,January,1,Wednesday,Q1,22,Female,Port Harcourt,Civil Servant,Student,Credit Card,Web Portal,8000,93000,47,1,40,492,3.9,0,Yes,No
CUST-05126,2024-05-18,May,5,Saturday,Q2,25,Female,Lagos,Entrepreneur,SME,Investment Fund,USSD,343000,2537000,63,3,44,432,7.9,700,No,No
CUST-05127,2024-03-29,March,3,Friday,Q1,57,Female,Ibadan,Teacher,Retail,Mobile Loan,USSD,170000,244000,29,1,14,634,7.1,300,No,No
CUST-05128,2024-08-16,August,8,Friday,Q3,53,Male,Enugu,Accountant,Premium,Fixed Deposit,Branch,1680000,10298000,42,1,4,739,6.8,5000,No,No
CUST-05129,2024-12-11,December,12,Wednesday,Q4,41,Male,Lagos,Accountant,Premium,Mobile Loan,Mobile App,700000,7543000,115,3,34,471,7.3,700,Yes,No
CUST-05130,2024-12-07,December,12,Saturday,Q4,29,Female,Port Harcourt,Civil Servant,Retail,Mobile Loan,USSD,109000,880000,106,1,2,659,7.4,200,No,No
CUST-05131,2024-08-09,August,8,Friday,Q3,34,Male,Kano,Farmer,Retail,Mortgage,Web Portal,760000,5482000,103,3,26,610,7.3,1100,No,No
CUST-05132,2024-08-05,August,8,Monday,Q3,18,Female,Enugu,Teacher,Student,Investment Fund,Mobile App,17000,206000,90,1,35,370,5.4,0,Yes,No
CUST-05133,2024-07-02,July,7,Tuesday,Q3,31,Male,Enugu,Doctor,Corporate,Fixed Deposit,Web Portal,3147000,6559000,73,5,24,753,7.7,4700,No,No
CUST-05134,2024-04-11,April,4,Thursday,Q2,24,Male,Abuja,Civil Servant,Student,Investment Fund,Mobile App,36000,43000,117,2,41,480,4.7,0,No,No
CUST-05135,2024-03-08,March,3,Friday,Q1,42,Female,Lagos,Teacher,Retail,Mortgage,Mobile App,88000,909000,76,2,35,427,5.4,100,No,No
CUST-05136,2024-11-18,November,11,Monday,Q4,36,Female,Lagos,Engineer,Corporate,Current Account,Mobile App,4244000,29661000,16,1,21,687,4.2,4200,Yes,No
CUST-05137,2024-07-30,July,7,Tuesday,Q3,47,Male,Enugu,Student,Student,Insurance Plan,USSD,26000,230000,77,1,22,558,9.2,100,No,No
CUST-05138,2024-10-14,October,10,Monday,Q4,37,Male,Kano,Engineer,Premium,Mobile Loan,Mobile App,2518000,18968000,50,2,1,793,5.9,2500,No,No
CUST-05139,2024-06-27,June,6,Thursday,Q2,54,Female,Port Harcourt,Lawyer,Premium,Investment Fund,Mobile App,297000,3277000,91,1,44,753,9.5,300,No,No
CUST-05140,2024-07-22,July,7,Monday,Q3,70,Male,Enugu,Civil Servant,Retail,Investment Fund,Web Portal,39000,249000,86,1,37,472,7.5,100,Yes,No
CUST-05141,2024-04-07,April,4,Sunday,Q2,27,Male,Lagos,Civil Servant,Retail,Mobile Loan,Mobile App,135000,1529000,110,1,25,658,10.0,100,No,No
CUST-05142,2024-04-20,April,4,Saturday,Q2,22,Male,Abuja,Doctor,Student,Mortgage,Mobile App,6000,21000,68,4,37,322,7.7,0,No,No
CUST-05143,2024-12-11,December,12,Wednesday,Q4,35,Male,Kano,Civil Servant,Retail,Investment Fund,Mobile App,124000,1238000,104,3,6,750,4.8,100,No,No
CUST-05144,2024-07-24,July,7,Wednesday,Q3,48,Female,Port Harcourt,Trader,SME,Current Account,Mobile App,629000,8982000,49,2,15,662,6.1,600,No,No
CUST-05145,2024-01-18,January,1,Thursday,Q1,32,Male,Enugu,Civil Servant,Retail,Current Account,Web Portal,95000,866000,29,3,26,543,5.0,100,No,No
CUST-05146,2024-07-13,July,7,Saturday,Q3,41,Female,Enugu,Doctor,Corporate,Savings Account,Mobile App,5869000,41290000,9,3,29,839,5.2,5900,No,No
CUST-05147,2024-12-30,December,12,Monday,Q4,60,Female,Kano,Teacher,Retail,Insurance Plan,Branch,170000,936000,11,4,13,483,6.8,500,Yes,No
CUST-05148,2024-05-08,May,5,Wednesday,Q2,46,Female,Lagos,Accountant,Corporate,Mobile Loan,Web Portal,1082000,15593000,88,1,17,704,7.7,1600,Yes,No
CUST-05149,2024-12-26,December,12,Thursday,Q4,60,Male,Abuja,Teacher,Retail,Credit Card,Agent Banking,147000,1808000,79,3,36,526,8.5,400,No,No
CUST-05150,2024-04-01,April,4,Monday,Q2,48,Male,Abuja,Lawyer,Premium,Savings Account,Mobile App,620000,8311000,7,3,11,448,7.3,600,Yes,No
CUST-05151,2024-09-03,September,9,Tuesday,Q3,53,Male,Kano,Civil Servant,Retail,Investment Fund,Branch,119000,1121000,89,1,10,537,3.4,400,Yes,No
CUST-05152,2024-10-06,October,10,Sunday,Q4,30,Male,Kano,Civil Servant,Retail,Credit Card,Agent Banking,73000,330000,39,4,31,438,4.2,200,Yes,No
CUST-05153,2024-07-29,July,7,Monday,Q3,38,Male,Port Harcourt,Accountant,Corporate,Current Account,Mobile App,3361000,12829000,51,2,2,624,8.9,3400,Yes,No
CUST-05154,2024-09-21,September,9,Saturday,Q3,33,Male,Lagos,Entrepreneur,SME,Mortgage,Mobile App,693000,2007000,95,4,3,731,4.9,700,Yes,No
CUST-05155,2024-02-19,February,2,Monday,Q1,20,Male,Lagos,Farmer,Student,Fixed Deposit,Web Portal,10000,93000,83,3,7,326,8.5,0,No,No
CUST-05156,2024-05-08,May,5,Wednesday,Q2,40,Female,Kano,Doctor,Corporate,Credit Card,Web Portal,2329000,27504000,91,1,33,736,6.8,3500,No,No
CUST-05157,2024-05-05,May,5,Sunday,Q2,42,Male,Enugu,Civil Servant,Retail,Investment Fund,Mobile App,281000,916000,100,3,5,544,8.7,300,No,No
CUST-05158,2024-04-15,April,4,Monday,Q2,37,Male,Abuja,Accountant,Premium,Fixed Deposit,USSD,202000,1449000,101,2,14,478,8.9,400,No,No
CUST-05159,2024-11-28,November,11,Thursday,Q4,33,Female,Ibadan,Student,Student,Insurance Plan,Mobile App,38000,272000,26,1,43,577,9.4,0,No,No
CUST-05160,2024-06-30,June,6,Sunday,Q2,43,Female,Kano,Engineer,Corporate,Savings Account,Agent Banking,7538000,12144000,66,1,22,833,6.3,18800,Yes,No
CUST-05161,2024-09-03,September,9,Tuesday,Q3,33,Female,Port Harcourt,Lawyer,Premium,Insurance Plan,Web Portal,238000,2585000,87,1,13,611,7.0,400,No,No
CUST-05162,2024-02-16,February,2,Friday,Q1,28,Female,Lagos,Doctor,Retail,Mobile Loan,USSD,148000,175000,89,2,8,662,7.0,300,No,No
CUST-05163,2024-09-20,September,9,Friday,Q3,31,Female,Kano,Lawyer,Premium,Current Account,Mobile App,1190000,13028000,119,2,37,521,8.2,1200,No,No
CUST-05164,2024-03-23,March,3,Saturday,Q1,18,Male,Lagos,Farmer,Student,Insurance Plan,Mobile App,18000,138000,79,1,39,376,7.5,0,No,No
CUST-05165,2024-08-29,August,8,Thursday,Q3,36,Female,Kano,Engineer,Corporate,Current Account,Branch,569000,4690000,15,1,20,743,8.7,1700,No,No
CUST-05166,2024-06-07,June,6,Friday,Q2,25,Male,Lagos,Student,Student,Fixed Deposit,Mobile App,30000,216000,107,2,2,613,5.5,0,No,No
CUST-05167,2024-05-27,May,5,Monday,Q2,42,Female,Ibadan,Trader,SME,Mortgage,Web Portal,769000,6294000,104,1,6,473,5.9,1200,No,No
CUST-05168,2024-12-13,December,12,Friday,Q4,26,Male,Ibadan,Entrepreneur,SME,Credit Card,Mobile App,216000,1344000,26,4,2,692,10.0,200,No,No
CUST-05169,2024-03-20,March,3,Wednesday,Q1,36,Female,Ibadan,Doctor,Corporate,Credit Card,Agent Banking,1424000,21270000,20,2,2,727,8.2,3600,No,No
CUST-05170,2024-12-17,December,12,Tuesday,Q4,28,Female,Lagos,Trader,SME,Fixed Deposit,Mobile App,253000,1922000,30,2,28,613,5.5,300,No,No
CUST-05171,2024-10-05,October,10,Saturday,Q4,49,Female,Kano,Entrepreneur,SME,Current Account,Mobile App,245000,2600000,69,5,19,607,8.4,200,No,No
CUST-05172,2024-08-03,August,8,Saturday,Q3,41,Male,Abuja,Student,Student,Insurance Plan,Mobile App,9000,105000,91,1,11,578,5.8,0,No,No
CUST-05173,2024-12-24,December,12,Tuesday,Q4,62,Female,Abuja,Lawyer,Corporate,Investment Fund,Branch,713000,8830000,11,3,26,766,5.9,2100,Yes,No
CUST-05174,2024-05-03,May,5,Friday,Q2,27,Female,Enugu,Accountant,Retail,Current Account,Mobile App,72000,712000,83,1,4,718,8.0,100,No,No
CUST-05175,2024-11-01,November,11,Friday,Q4,37,Female,Enugu,Accountant,Premium,Investment Fund,Web Portal,462000,6370000,90,1,22,628,8.8,700,No,No
CUST-05176,2024-05-07,May,5,Tuesday,Q2,31,Male,Kano,Civil Servant,Retail,Mortgage,Web Portal,419000,2860000,107,5,24,607,6.1,600,No,No
CUST-05177,2024-07-12,July,7,Friday,Q3,58,Male,Abuja,Civil Servant,Retail,Fixed Deposit,Mobile App,139000,1337000,47,2,15,449,9.3,100,No,No
CUST-05178,2024-11-22,November,11,Friday,Q4,38,Male,Ibadan,Civil Servant,Retail,Fixed Deposit,Web Portal,127000,410000,45,3,3,430,6.0,200,No,No
CUST-05179,2024-09-18,September,9,Wednesday,Q3,46,Male,Ibadan,Farmer,Retail,Investment Fund,Branch,109000,449000,94,3,10,594,5.8,300,No,No
CUST-05180,2024-07-27,July,7,Saturday,Q3,35,Male,Port Harcourt,Engineer,Premium,Credit Card,Mobile App,546000,2306000,54,2,4,757,7.2,500,No,No
CUST-05181,2024-11-25,November,11,Monday,Q4,42,Female,Abuja,Farmer,Retail,Credit Card,Web Portal,49000,389000,110,4,33,603,6.8,100,No,No
CUST-05182,2024-10-27,October,10,Sunday,Q4,70,Male,Kano,Doctor,Premium,Insurance Plan,Mobile App,413000,4357000,89,4,28,580,8.1,400,No,No
CUST-05183,2024-07-14,July,7,Sunday,Q3,36,Female,Lagos,Teacher,Retail,Savings Account,Mobile App,107000,292000,83,2,22,798,7.4,100,Yes,No
CUST-05184,2024-02-29,February,2,Thursday,Q1,33,Female,Ibadan,Civil Servant,Retail,Savings Account,Mobile App,62000,67000,55,2,44,586,4.1,100,No,No
CUST-05185,2024-09-18,September,9,Wednesday,Q3,44,Male,Ibadan,Teacher,Retail,Mobile Loan,Mobile App,518000,3440000,51,1,15,599,8.6,500,Yes,No
CUST-05186,2024-05-25,May,5,Saturday,Q2,55,Male,Kano,Accountant,Premium,Mortgage,Mobile App,831000,3560000,6,3,28,466,7.0,800,No,No
CUST-05187,2024-11-20,November,11,Wednesday,Q4,52,Male,Kano,Farmer,Retail,Savings Account,Branch,310000,672000,37,2,40,694,7.9,900,No,No
CUST-05188,2024-02-14,February,2,Wednesday,Q1,44,Male,Lagos,Doctor,Corporate,Savings Account,Branch,1903000,19507000,80,1,38,641,7.1,5700,No,No
CUST-05189,2024-03-27,March,3,Wednesday,Q1,43,Male,Enugu,Accountant,Corporate,Mortgage,Agent Banking,2387000,24307000,69,1,7,762,6.4,6000,No,No
CUST-05190,2024-05-28,May,5,Tuesday,Q2,23,Female,Enugu,Student,Student,Mobile Loan,Web Portal,17000,69000,6,3,4,309,7.4,0,No,No
CUST-05191,2024-07-05,July,7,Friday,Q3,38,Female,Enugu,Entrepreneur,SME,Mortgage,Mobile App,63000,238000,4,1,29,528,7.0,100,No,No
CUST-05192,2024-04-27,April,4,Saturday,Q2,57,Female,Kano,Student,Student,Credit Card,Branch,13000,76000,90,2,36,383,10.0,0,Yes,No
CUST-05193,2024-01-15,January,1,Monday,Q1,23,Female,Ibadan,Trader,Student,Credit Card,Mobile App,7000,74000,25,1,39,488,5.3,0,No,No
CUST-05194,2024-06-05,June,6,Wednesday,Q2,67,Male,Kano,Farmer,Retail,Savings Account,Branch,123000,320000,84,4,22,758,7.5,400,No,No
CUST-05195,2024-06-21,June,6,Friday,Q2,49,Male,Port Harcourt,Entrepreneur,SME,Credit Card,Branch,1003000,12451000,89,2,19,534,6.9,3000,No,No
CUST-05196,2024-11-12,November,11,Tuesday,Q4,31,Male,Kano,Engineer,Corporate,Insurance Plan,Mobile App,3204000,5905000,55,1,26,761,6.3,3200,No,No
CUST-05197,2024-03-01,March,3,Friday,Q1,46,Male,Abuja,Lawyer,Corporate,Credit Card,Web Portal,3964000,43493000,44,2,2,686,7.3,5900,Yes,No
CUST-05198,2024-11-09,November,11,Saturday,Q4,42,Female,Abuja,Student,Student,Fixed Deposit,Branch,13000,29000,26,3,25,585,6.2,0,Yes,No
CUST-05199,2024-06-12,June,6,Wednesday,Q2,47,Female,Kano,Farmer,Retail,Current Account,Mobile App,45000,482000,16,2,16,505,8.6,0,No,No
CUST-05200,2024-09-19,September,9,Thursday,Q3,33,Male,Lagos,Lawyer,Corporate,Fixed Deposit,Web Portal,50000000,585743000,34,4,24,702,10.0,75000,Yes,No
CUST-05201,2024-11-22,November,11,Friday,Q4,33,Female,Abuja,Farmer,Retail,Fixed Deposit,USSD,327000,4518000,42,5,9,445,8.7,700,No,No
CUST-05202,2024-09-17,September,9,Tuesday,Q3,51,Female,Lagos,Entrepreneur,SME,Insurance Plan,USSD,214000,2567000,67,4,8,763,5.0,400,No,No
CUST-05203,2024-07-22,July,7,Monday,Q3,44,Male,Port Harcourt,Engineer,Premium,Investment Fund,USSD,405000,2078000,59,3,45,773,5.1,800,No,No
CUST-05204,2024-03-31,March,3,Sunday,Q1,38,Male,Enugu,Accountant,Premium,Investment Fund,Branch,398000,1156000,51,5,23,691,8.6,1200,No,No
CUST-05205,2024-08-14,August,8,Wednesday,Q3,42,Female,Abuja,Engineer,Corporate,Fixed Deposit,USSD,1189000,8147000,83,1,13,791,9.2,2400,No,No
CUST-05206,2024-12-21,December,12,Saturday,Q4,32,Female,Port Harcourt,Accountant,Premium,Mortgage,Mobile App,623000,6142000,24,2,34,543,7.4,600,No,No
CUST-05207,2024-09-04,September,9,Wednesday,Q3,43,Male,Abuja,Lawyer,Corporate,Insurance Plan,Agent Banking,3185000,10731000,41,3,11,821,6.4,8000,Yes,No
CUST-05208,2024-09-22,September,9,Sunday,Q3,44,Female,Ibadan,Entrepreneur,SME,Insurance Plan,Web Portal,129000,1851000,4,2,3,593,9.4,200,Yes,No
CUST-05209,2024-10-11,October,10,Friday,Q4,38,Male,Ibadan,Entrepreneur,SME,Insurance Plan,Branch,235000,317000,51,1,23,670,4.6,700,Yes,No
CUST-05210,2024-10-22,October,10,Tuesday,Q4,50,Female,Abuja,Entrepreneur,SME,Savings Account,Mobile App,204000,2806000,16,5,30,508,10.0,200,No,No
CUST-05211,2024-05-09,May,5,Thursday,Q2,34,Male,Ibadan,Doctor,Corporate,Mobile Loan,Mobile App,1509000,2381000,81,3,44,703,4.8,1500,No,No
CUST-05212,2024-01-13,January,1,Saturday,Q1,45,Male,Abuja,Doctor,Premium,Savings Account,Mobile App,367000,1452000,68,5,17,555,5.2,400,Yes,No
CUST-05213,2024-03-03,March,3,Sunday,Q1,43,Male,Ibadan,Lawyer,Corporate,Savings Account,Mobile App,411000,2102000,73,3,39,833,8.0,400,No,No
CUST-05214,2024-09-25,September,9,Wednesday,Q3,42,Male,Kano,Civil Servant,Retail,Current Account,Web Portal,191000,2626000,78,4,6,728,8.7,300,Yes,No
CUST-05215,2024-02-29,February,2,Thursday,Q1,50,Male,Abuja,Doctor,Premium,Credit Card,Mobile App,44522000,403488000,87,4,34,500,8.6,44500,Yes,No
CUST-05216,2024-06-21,June,6,Friday,Q2,43,Male,Lagos,Engineer,Premium,Insurance Plan,Branch,531000,6958000,65,2,32,730,8.3,1600,No,No
CUST-05217,2024-10-02,October,10,Wednesday,Q4,54,Male,Abuja,Lawyer,Corporate,Investment Fund,Mobile App,788000,7054000,49,2,1,677,4.7,800,Yes,No
CUST-05218,2024-08-15,August,8,Thursday,Q3,55,Female,Lagos,Engineer,Premium,Mortgage,Web Portal,176000,1654000,111,3,29,770,8.8,300,No,No
CUST-05219,2024-04-28,April,4,Sunday,Q2,47,Female,Port Harcourt,Lawyer,Corporate,Mortgage,Web Portal,2256000,32244000,89,4,43,802,6.7,3400,No,No
CUST-05220,2024-10-02,October,10,Wednesday,Q4,38,Male,Enugu,Lawyer,Corporate,Investment Fund,Branch,664000,7623000,18,4,15,756,6.0,2000,Yes,No
CUST-05221,2024-02-09,February,2,Friday,Q1,55,Male,Ibadan,Student,Student,Mobile Loan,USSD,18000,150000,99,1,10,329,6.2,0,No,No
CUST-05222,2024-02-09,February,2,Friday,Q1,22,Male,Enugu,Student,Student,Insurance Plan,Web Portal,16000,168000,105,3,14,620,5.9,0,No,No
CUST-05223,2024-05-24,May,5,Friday,Q2,47,Male,Port Harcourt,Engineer,Premium,Fixed Deposit,USSD,357000,3465000,66,2,1,481,4.2,700,Yes,No
CUST-05224,2024-09-26,September,9,Thursday,Q3,35,Male,Abuja,Entrepreneur,SME,Savings Account,Web Portal,233000,1861000,100,1,28,717,6.9,300,No,No
CUST-05225,2024-08-27,August,8,Tuesday,Q3,71,Male,Abuja,Accountant,Corporate,Mobile Loan,Web Portal,360000,2125000,92,2,13,699,7.7,500,No,No
CUST-05226,2024-07-22,July,7,Monday,Q3,41,Male,Ibadan,Teacher,Retail,Mortgage,Mobile App,93000,1329000,43,1,25,725,6.1,100,No,No
CUST-05227,2024-05-01,May,5,Wednesday,Q2,37,Male,Kano,Student,Student,Investment Fund,Branch,21000,94000,114,2,23,567,7.8,100,No,No
CUST-05228,2024-08-18,August,8,Sunday,Q3,18,Female,Lagos,Student,Student,Credit Card,Mobile App,36000,232000,61,2,29,445,7.4,0,No,No
CUST-05229,2024-02-06,February,2,Tuesday,Q1,49,Male,Abuja,Lawyer,Premium,Current Account,Branch,1535000,18676000,48,2,3,670,9.2,4600,No,No
CUST-05230,2024-10-23,October,10,Wednesday,Q4,26,Male,Ibadan,Farmer,Retail,Credit Card,Mobile App,680000,6434000,109,2,27,440,7.7,700,No,No
CUST-05231,2024-01-06,January,1,Saturday,Q1,50,Male,Port Harcourt,Student,Student,Insurance Plan,Web Portal,61000,315000,57,4,36,424,5.0,100,No,No
CUST-05232,2024-06-08,June,6,Saturday,Q2,50,Male,Enugu,Accountant,Premium,Savings Account,Web Portal,84000,1047000,116,1,37,573,5.3,100,No,No
CUST-05233,2024-06-08,June,6,Saturday,Q2,33,Female,Ibadan,Farmer,Retail,Investment Fund,Agent Banking,161000,180000,14,1,25,547,6.7,400,No,No
CUST-05234,2024-12-03,December,12,Tuesday,Q4,23,Female,Port Harcourt,Teacher,Student,Credit Card,Mobile App,53000,83000,10,3,14,543,10.0,100,No,No
CUST-05235,2024-05-05,May,5,Sunday,Q2,42,Male,Ibadan,Doctor,Corporate,Mortgage,Agent Banking,1867000,19732000,8,3,33,625,7.9,4700,No,No
CUST-05236,2024-05-17,May,5,Friday,Q2,38,Female,Kano,Student,Student,Savings Account,USSD,15000,211000,55,2,13,333,6.2,0,No,No
CUST-05237,2024-10-12,October,10,Saturday,Q4,43,Female,Lagos,Engineer,Corporate,Investment Fund,Branch,2314000,25040000,111,1,34,830,4.2,6900,No,No
CUST-05238,2024-08-25,August,8,Sunday,Q3,27,Female,Kano,Doctor,Retail,Savings Account,USSD,72000,897000,94,1,34,506,6.7,100,No,No
CUST-05239,2024-02-17,February,2,Saturday,Q1,23,Female,Abuja,Civil Servant,Student,Mobile Loan,Mobile App,59000,780000,48,4,22,557,6.9,100,No,No
CUST-05240,2024-10-23,October,10,Wednesday,Q4,18,Male,Abuja,Farmer,Student,Savings Account,Web Portal,7000,6000,25,4,1,533,6.6,0,No,No
CUST-05241,2024-04-27,April,4,Saturday,Q2,18,Male,Kano,Student,Student,Fixed Deposit,Mobile App,16000,232000,74,5,2,460,6.2,0,No,No
CUST-05242,2024-12-18,December,12,Wednesday,Q4,34,Male,Kano,Doctor,Corporate,Current Account,Web Portal,50000000,218513000,15,3,42,693,7.4,75000,No,No
CUST-05243,2024-02-19,February,2,Monday,Q1,18,Female,Port Harcourt,Civil Servant,Student,Fixed Deposit,Mobile App,68000,480000,58,3,45,472,6.9,100,No,No
CUST-05244,2024-10-10,October,10,Thursday,Q4,53,Male,Kano,Teacher,Retail,Investment Fund,Mobile App,77000,362000,73,5,9,669,7.9,100,Yes,No
CUST-05245,2024-08-18,August,8,Sunday,Q3,37,Male,Abuja,Entrepreneur,SME,Fixed Deposit,Branch,765000,8845000,41,2,9,664,5.3,2300,Yes,No
CUST-05246,2024-09-30,September,9,Monday,Q3,47,Female,Ibadan,Trader,SME,Investment Fund,Branch,192000,1737000,33,3,8,799,4.9,600,No,No
CUST-05247,2024-05-08,May,5,Wednesday,Q2,36,Male,Lagos,Farmer,Retail,Current Account,Mobile App,324000,3688000,2,2,1,610,8.6,300,No,No
CUST-05248,2024-09-18,September,9,Wednesday,Q3,18,Male,Enugu,Farmer,Student,Mobile Loan,Mobile App,15000,153000,21,3,7,454,4.5,0,No,No
CUST-05249,2024-01-12,January,1,Friday,Q1,46,Male,Lagos,Engineer,Corporate,Savings Account,Mobile App,9967000,27737000,24,5,33,809,5.9,10000,No,No
CUST-05250,2024-03-02,March,3,Saturday,Q1,37,Male,Ibadan,Lawyer,Premium,Mortgage,USSD,790000,4752000,83,5,30,631,7.3,1600,No,No
CUST-05251,2024-02-19,February,2,Monday,Q1,63,Male,Enugu,Entrepreneur,SME,Savings Account,Mobile App,168000,1883000,68,2,44,571,8.7,200,No,No
CUST-05252,2024-06-17,June,6,Monday,Q2,39,Female,Port Harcourt,Farmer,Retail,Savings Account,Web Portal,50000,739000,42,1,6,723,10.0,100,No,No
CUST-05253,2024-10-14,October,10,Monday,Q4,30,Male,Abuja,Engineer,Retail,Savings Account,Branch,346000,3061000,58,2,43,741,4.6,1000,Yes,No
CUST-05254,2024-02-23,February,2,Friday,Q1,28,Male,Abuja,Teacher,Retail,Mortgage,Mobile App,413000,3080000,102,3,35,646,6.7,400,No,No
CUST-05255,2024-11-08,November,11,Friday,Q4,32,Male,Kano,Trader,SME,Investment Fund,Mobile App,105000,611000,71,1,37,736,8.1,100,Yes,No
CUST-05256,2024-12-01,December,12,Sunday,Q4,49,Female,Ibadan,Student,Student,Current Account,Branch,25000,132000,90,3,34,430,4.5,100,No,No
CUST-05257,2024-07-18,July,7,Thursday,Q3,36,Female,Port Harcourt,Accountant,Corporate,Mortgage,Mobile App,5101000,60537000,80,1,20,848,10.0,5100,No,Yes
CUST-05258,2024-08-15,August,8,Thursday,Q3,47,Female,Lagos,Lawyer,Corporate,Credit Card,Mobile App,6203000,44915000,21,1,42,793,5.8,6200,No,No
CUST-05259,2024-07-18,July,7,Thursday,Q3,59,Female,Abuja,Student,Student,Credit Card,Mobile App,16000,47000,20,1,26,568,4.5,0,No,No
CUST-05260,2024-07-26,July,7,Friday,Q3,48,Female,Abuja,Engineer,Premium,Savings Account,Web Portal,2712000,21011000,23,2,18,700,6.4,4100,No,No
CUST-05261,2024-10-09,October,10,Wednesday,Q4,21,Male,Port Harcourt,Farmer,Student,Fixed Deposit,Agent Banking,8000,70000,45,1,21,498,7.1,0,No,No
CUST-05262,2024-10-22,October,10,Tuesday,Q4,29,Female,Lagos,Farmer,Retail,Fixed Deposit,Agent Banking,176000,301000,78,4,1,628,7.2,400,No,No
CUST-05263,2024-03-20,March,3,Wednesday,Q1,31,Female,Lagos,Teacher,Retail,Investment Fund,Branch,260000,3312000,61,4,26,699,9.5,800,No,No
CUST-05264,2024-06-03,June,6,Monday,Q2,46,Female,Lagos,Farmer,Retail,Mobile Loan,Web Portal,140000,383000,60,1,43,572,5.6,200,No,No
CUST-05265,2024-07-14,July,7,Sunday,Q3,53,Female,Kano,Doctor,Premium,Fixed Deposit,Branch,672000,2906000,93,3,17,615,9.0,2000,No,No
CUST-05266,2024-11-11,November,11,Monday,Q4,27,Male,Enugu,Civil Servant,Retail,Current Account,USSD,138000,1502000,44,2,13,742,8.6,300,No,No
CUST-05267,2024-05-22,May,5,Wednesday,Q2,32,Female,Kano,Doctor,Corporate,Savings Account,Mobile App,40169000,111816000,52,1,33,825,7.8,40200,No,No
CUST-05268,2024-08-06,August,8,Tuesday,Q3,26,Male,Lagos,Entrepreneur,SME,Insurance Plan,Agent Banking,591000,5017000,50,4,8,694,6.1,1500,No,No
CUST-05269,2024-02-11,February,2,Sunday,Q1,66,Male,Abuja,Trader,SME,Current Account,Branch,1248000,1715000,108,1,40,573,6.1,3700,No,No
CUST-05270,2024-04-05,April,4,Friday,Q2,34,Male,Ibadan,Doctor,Corporate,Current Account,Branch,1082000,4336000,10,4,44,680,8.4,3200,No,No
CUST-05271,2024-03-27,March,3,Wednesday,Q1,30,Male,Abuja,Teacher,Retail,Mortgage,Branch,217000,1107000,1,3,25,741,6.6,700,No,No
CUST-05272,2024-05-16,May,5,Thursday,Q2,35,Male,Lagos,Trader,SME,Credit Card,Mobile App,294000,1118000,35,4,32,760,4.1,300,No,No
CUST-05273,2024-03-23,March,3,Saturday,Q1,57,Male,Port Harcourt,Lawyer,Corporate,Investment Fund,Mobile App,40928000,86624000,116,3,40,718,5.8,40900,No,No
CUST-05274,2024-09-21,September,9,Saturday,Q3,38,Female,Abuja,Teacher,Retail,Savings Account,USSD,40000,148000,60,3,26,726,6.5,100,No,No
CUST-05275,2024-06-22,June,6,Saturday,Q2,21,Female,Enugu,Trader,Student,Mobile Loan,USSD,5000,64000,8,1,18,449,7.8,0,No,No
CUST-05276,2024-04-18,April,4,Thursday,Q2,35,Male,Abuja,Accountant,Corporate,Fixed Deposit,Agent Banking,739000,8619000,39,1,16,806,9.7,1800,No,No
CUST-05277,2024-06-04,June,6,Tuesday,Q2,55,Female,Enugu,Accountant,Premium,Investment Fund,USSD,1861000,14464000,51,1,6,800,4.6,3700,Yes,No
CUST-05278,2024-02-12,February,2,Monday,Q1,55,Male,Lagos,Accountant,Corporate,Fixed Deposit,Agent Banking,670000,8175000,109,1,6,623,6.9,1700,No,No
CUST-05279,2024-04-03,April,4,Wednesday,Q2,43,Female,Lagos,Accountant,Corporate,Credit Card,Branch,560000,4893000,52,3,33,642,9.0,1700,No,No
CUST-05280,2024-02-23,February,2,Friday,Q1,24,Male,Lagos,Entrepreneur,Student,Mortgage,Web Portal,16000,169000,13,2,36,531,10.0,0,No,No
CUST-05281,2024-10-15,October,10,Tuesday,Q4,60,Female,Enugu,Accountant,Corporate,Fixed Deposit,Web Portal,2634000,12207000,10,3,11,727,3.9,4000,Yes,No
CUST-05282,2024-07-31,July,7,Wednesday,Q3,23,Female,Kano,Trader,Student,Fixed Deposit,USSD,18000,201000,69,5,43,360,7.3,0,No,No
CUST-05283,2024-09-14,September,9,Saturday,Q3,31,Female,Enugu,Entrepreneur,SME,Investment Fund,Web Portal,156000,134000,80,4,23,697,8.0,200,No,No
CUST-05284,2024-01-15,January,1,Monday,Q1,29,Female,Port Harcourt,Farmer,Retail,Current Account,Mobile App,90000,778000,65,1,21,483,7.0,100,Yes,No
CUST-05285,2024-10-16,October,10,Wednesday,Q4,26,Male,Lagos,Student,Student,Mortgage,Mobile App,3000,25000,49,2,19,346,8.8,0,No,No
CUST-05286,2024-04-13,April,4,Saturday,Q2,18,Female,Lagos,Teacher,Student,Credit Card,Mobile App,8000,31000,28,1,42,331,4.6,0,Yes,No
CUST-05287,2024-03-22,March,3,Friday,Q1,42,Female,Abuja,Doctor,Corporate,Mortgage,Branch,1962000,11078000,80,2,23,728,7.8,5900,No,No
CUST-05288,2024-04-08,April,4,Monday,Q2,45,Male,Lagos,Student,Student,Investment Fund,Mobile App,12000,134000,80,1,43,620,4.2,0,Yes,No
CUST-05289,2024-12-08,December,12,Sunday,Q4,40,Female,Port Harcourt,Accountant,Premium,Mobile Loan,Mobile App,1036000,9728000,77,2,20,786,7.8,1000,No,No
CUST-05290,2024-04-05,April,4,Friday,Q2,52,Female,Ibadan,Lawyer,Corporate,Investment Fund,Web Portal,555000,6998000,32,4,24,634,7.1,800,Yes,No
CUST-05291,2024-11-15,November,11,Friday,Q4,20,Female,Lagos,Doctor,Student,Current Account,Mobile App,4000,46000,23,1,21,584,9.1,0,Yes,No
CUST-05292,2024-08-07,August,8,Wednesday,Q3,45,Female,Port Harcourt,Doctor,Corporate,Investment Fund,Branch,5601000,45122000,93,1,14,775,5.8,16800,No,No
CUST-05293,2024-08-06,August,8,Tuesday,Q3,28,Male,Port Harcourt,Student,Student,Savings Account,USSD,14000,170000,88,2,38,349,8.3,0,No,No
CUST-05294,2024-09-05,September,9,Thursday,Q3,29,Male,Enugu,Lawyer,Retail,Mortgage,Mobile App,144000,1841000,104,3,1,707,5.2,100,No,No
CUST-05295,2024-07-17,July,7,Wednesday,Q3,29,Male,Enugu,Lawyer,Retail,Insurance Plan,USSD,95000,901000,44,1,18,666,6.6,200,No,No
CUST-05296,2024-03-26,March,3,Tuesday,Q1,42,Female,Lagos,Entrepreneur,SME,Investment Fund,Mobile App,675000,9877000,88,5,32,679,10.0,700,No,No
CUST-05297,2024-12-27,December,12,Friday,Q4,45,Male,Enugu,Engineer,Premium,Fixed Deposit,USSD,667000,2471000,55,1,24,453,7.5,1300,Yes,No
CUST-05298,2024-01-08,January,1,Monday,Q1,27,Male,Lagos,Doctor,Retail,Mobile Loan,Mobile App,16000,145000,23,1,39,661,7.2,0,No,No
CUST-05299,2024-02-05,February,2,Monday,Q1,48,Female,Ibadan,Farmer,Retail,Mortgage,Web Portal,60000,545000,20,3,39,730,6.0,100,No,No
CUST-05300,2024-06-09,June,6,Sunday,Q2,18,Male,Ibadan,Doctor,Student,Mobile Loan,Agent Banking,48000,182000,47,2,6,615,7.2,100,No,No
CUST-05301,2024-12-04,December,12,Wednesday,Q4,56,Male,Kano,Student,Student,Savings Account,Mobile App,17000,122000,76,2,43,404,9.5,0,No,No
CUST-05302,2024-07-19,July,7,Friday,Q3,18,Female,Kano,Civil Servant,Student,Mortgage,Mobile App,17000,164000,80,5,15,512,2.3,0,Yes,No
CUST-05303,2024-05-15,May,5,Wednesday,Q2,48,Female,Ibadan,Civil Servant,Retail,Current Account,Mobile App,231000,2312000,87,1,14,621,6.3,200,No,No
CUST-05304,2024-06-07,June,6,Friday,Q2,18,Male,Enugu,Engineer,Student,Investment Fund,Branch,13000,13000,78,1,6,573,6.5,0,Yes,No
CUST-05305,2024-05-16,May,5,Thursday,Q2,55,Male,Ibadan,Civil Servant,Retail,Savings Account,USSD,50000,517000,107,2,43,623,7.1,100,No,No
CUST-05306,2024-04-20,April,4,Saturday,Q2,57,Male,Enugu,Teacher,Retail,Mobile Loan,Mobile App,489000,4299000,15,3,26,591,6.2,500,No,No
CUST-05307,2024-02-10,February,2,Saturday,Q1,41,Female,Enugu,Civil Servant,Retail,Savings Account,Mobile App,39000,435000,63,3,41,480,5.6,0,No,No
CUST-05308,2024-08-28,August,8,Wednesday,Q3,38,Male,Abuja,Civil Servant,Retail,Credit Card,Mobile App,62000,914000,104,2,11,728,5.6,100,Yes,No
CUST-05309,2024-01-28,January,1,Sunday,Q1,43,Female,Port Harcourt,Engineer,Corporate,Fixed Deposit,USSD,450000,3372000,77,2,11,642,5.5,900,No,No
CUST-05310,2024-05-01,May,5,Wednesday,Q2,48,Female,Enugu,Student,Student,Insurance Plan,Branch,5000,24000,39,3,41,413,5.0,0,No,No
CUST-05311,2024-05-29,May,5,Wednesday,Q2,36,Female,Abuja,Farmer,Retail,Fixed Deposit,Web Portal,499000,2846000,77,3,41,582,6.5,700,No,No
CUST-05312,2024-01-15,January,1,Monday,Q1,47,Male,Ibadan,Student,Student,Mobile Loan,Mobile App,62000,670000,9,2,13,452,5.6,100,Yes,No
CUST-05313,2024-09-20,September,9,Friday,Q3,35,Male,Abuja,Doctor,Corporate,Current Account,Web Portal,9619000,59748000,68,1,43,806,8.8,14400,Yes,No
CUST-05314,2024-12-23,December,12,Monday,Q4,24,Female,Enugu,Student,Student,Savings Account,Agent Banking,16000,27000,48,3,8,342,7.0,0,No,No
CUST-05315,2024-05-22,May,5,Wednesday,Q2,36,Male,Abuja,Teacher,Retail,Mobile Loan,USSD,187000,444000,113,2,41,561,7.7,400,Yes,No
CUST-05316,2024-04-22,April,4,Monday,Q2,29,Female,Enugu,Trader,SME,Savings Account,Mobile App,57000,650000,47,3,13,670,4.2,100,No,No
CUST-05317,2024-11-13,November,11,Wednesday,Q4,34,Female,Enugu,Teacher,Retail,Mobile Loan,Web Portal,135000,1480000,21,2,35,548,8.5,200,No,No
CUST-05318,2024-02-21,February,2,Wednesday,Q1,43,Female,Abuja,Student,Student,Fixed Deposit,Branch,16000,143000,20,4,32,384,6.2,0,No,No
CUST-05319,2024-06-20,June,6,Thursday,Q2,59,Male,Kano,Trader,SME,Mobile Loan,Agent Banking,381000,2078000,73,1,9,516,8.6,1000,Yes,No
CUST-05320,2024-09-28,September,9,Saturday,Q3,33,Female,Enugu,Teacher,Retail,Current Account,Mobile App,82000,557000,106,1,17,571,9.0,100,Yes,No
CUST-05321,2024-07-16,July,7,Tuesday,Q3,31,Female,Port Harcourt,Student,Student,Savings Account,Agent Banking,7000,14000,96,4,7,495,8.7,0,Yes,No
CUST-05322,2024-09-01,September,9,Sunday,Q3,48,Male,Ibadan,Lawyer,Premium,Credit Card,Mobile App,815000,9432000,39,2,9,747,3.8,800,Yes,No
CUST-05323,2024-12-26,December,12,Thursday,Q4,30,Female,Port Harcourt,Lawyer,Retail,Mortgage,Agent Banking,15000,113000,86,3,24,507,7.4,0,No,No
CUST-05324,2024-01-12,January,1,Friday,Q1,40,Male,Abuja,Trader,SME,Current Account,Mobile App,97000,182000,16,4,7,527,6.4,100,No,No
CUST-05325,2024-06-04,June,6,Tuesday,Q2,44,Female,Ibadan,Entrepreneur,SME,Mortgage,Web Portal,598000,8649000,15,5,15,510,4.1,900,No,No
CUST-05326,2024-05-28,May,5,Tuesday,Q2,40,Female,Abuja,Civil Servant,Retail,Fixed Deposit,Mobile App,60000,566000,81,3,4,685,9.0,100,No,No
CUST-05327,2024-06-03,June,6,Monday,Q2,50,Female,Enugu,Civil Servant,Retail,Fixed Deposit,Mobile App,65000,500000,15,1,3,508,6.9,100,No,No
CUST-05328,2024-03-03,March,3,Sunday,Q1,45,Male,Ibadan,Engineer,Premium,Investment Fund,Mobile App,1429000,10802000,119,2,38,587,9.0,1400,Yes,No
CUST-05329,2024-01-21,January,1,Sunday,Q1,34,Male,Abuja,Lawyer,Premium,Mortgage,Branch,449000,993000,97,1,15,569,6.7,1300,No,No
CUST-05330,2024-01-29,January,1,Monday,Q1,57,Female,Kano,Entrepreneur,SME,Current Account,Agent Banking,273000,2726000,90,1,35,522,7.2,700,No,No
CUST-05331,2024-04-02,April,4,Tuesday,Q2,41,Female,Kano,Doctor,Corporate,Credit Card,Mobile App,2746000,20318000,75,2,25,739,3.1,2700,No,No
CUST-05332,2024-01-21,January,1,Sunday,Q1,40,Female,Enugu,Doctor,Premium,Credit Card,Agent Banking,686000,3492000,88,3,24,782,10.0,1700,Yes,No
CUST-05333,2024-03-07,March,3,Thursday,Q1,42,Female,Ibadan,Teacher,Retail,Savings Account,Agent Banking,61000,637000,35,1,7,449,9.6,200,No,No
CUST-05334,2024-10-31,October,10,Thursday,Q4,18,Male,Enugu,Accountant,Student,Fixed Deposit,Mobile App,18000,28000,104,5,28,577,2.9,0,Yes,No
CUST-05335,2024-10-08,October,10,Tuesday,Q4,54,Female,Port Harcourt,Student,Student,Credit Card,Branch,9000,103000,28,3,16,515,6.1,0,No,No
CUST-05336,2024-12-07,December,12,Saturday,Q4,35,Female,Port Harcourt,Entrepreneur,SME,Mobile Loan,Web Portal,212000,1401000,87,1,13,776,6.3,300,Yes,No
CUST-05337,2024-06-30,June,6,Sunday,Q2,25,Male,Port Harcourt,Civil Servant,Retail,Fixed Deposit,Mobile App,63000,435000,35,1,2,528,5.4,100,No,No
CUST-05338,2024-11-29,November,11,Friday,Q4,31,Male,Ibadan,Farmer,Retail,Current Account,USSD,173000,1849000,71,5,16,536,10.0,300,No,No
CUST-05339,2024-09-06,September,9,Friday,Q3,18,Male,Abuja,Accountant,Student,Mortgage,Mobile App,14000,78000,104,1,4,525,9.1,0,No,No
CUST-05340,2024-09-30,September,9,Monday,Q3,33,Male,Enugu,Accountant,Corporate,Mobile Loan,Web Portal,1698000,23223000,120,4,4,714,6.3,2500,No,No
CUST-05341,2024-02-14,February,2,Wednesday,Q1,35,Male,Kano,Doctor,Corporate,Fixed Deposit,Mobile App,9531000,132694000,36,3,43,681,5.3,9500,No,Yes
CUST-05342,2024-08-18,August,8,Sunday,Q3,41,Female,Port Harcourt,Lawyer,Premium,Mortgage,Web Portal,621000,7292000,87,1,15,757,4.3,900,No,No
CUST-05343,2024-05-10,May,5,Friday,Q2,34,Male,Ibadan,Doctor,Premium,Insurance Plan,Branch,2566000,13979000,67,3,32,477,6.1,7700,No,No
CUST-05344,2024-03-20,March,3,Wednesday,Q1,28,Male,Ibadan,Farmer,Retail,Insurance Plan,USSD,584000,5637000,9,1,4,714,5.9,1200,No,No
CUST-05345,2024-04-14,April,4,Sunday,Q2,32,Male,Abuja,Farmer,Retail,Savings Account,Web Portal,279000,1763000,18,2,12,781,5.7,400,No,No
CUST-05346,2024-07-10,July,7,Wednesday,Q3,44,Female,Port Harcourt,Doctor,Premium,Mobile Loan,Web Portal,112000,544000,40,3,8,467,9.5,200,No,No
CUST-05347,2024-09-08,September,9,Sunday,Q3,46,Male,Abuja,Trader,SME,Mobile Loan,Web Portal,363000,3432000,69,2,21,576,9.2,500,Yes,No
CUST-05348,2024-01-01,January,1,Monday,Q1,45,Male,Abuja,Lawyer,Premium,Mortgage,Web Portal,894000,2024000,55,2,26,746,7.4,1300,No,No
CUST-05349,2024-05-23,May,5,Thursday,Q2,37,Female,Kano,Teacher,Retail,Mobile Loan,Mobile App,92000,1122000,64,2,13,652,4.1,100,No,No
CUST-05350,2024-09-17,September,9,Tuesday,Q3,38,Female,Lagos,Student,Student,Mortgage,Mobile App,48000,544000,17,2,17,463,7.1,0,No,No
CUST-05351,2024-08-15,August,8,Thursday,Q3,34,Female,Lagos,Trader,SME,Credit Card,Branch,210000,996000,46,1,27,592,5.6,600,No,No
CUST-05352,2024-10-18,October,10,Friday,Q4,39,Female,Lagos,Entrepreneur,SME,Credit Card,Branch,145000,2119000,77,2,4,697,3.9,400,Yes,No
CUST-05353,2024-07-10,July,7,Wednesday,Q3,65,Female,Abuja,Trader,SME,Investment Fund,Mobile App,162000,1557000,77,4,3,632,6.1,200,No,No
CUST-05354,2024-08-02,August,8,Friday,Q3,37,Female,Abuja,Accountant,Premium,Insurance Plan,Mobile App,948000,12304000,7,3,15,599,6.4,900,No,No
CUST-05355,2024-04-05,April,4,Friday,Q2,28,Female,Abuja,Trader,SME,Credit Card,Mobile App,449000,6702000,30,2,14,646,7.3,400,No,No
CUST-05356,2024-11-02,November,11,Saturday,Q4,46,Male,Abuja,Doctor,Premium,Credit Card,Branch,106000,608000,5,1,2,563,7.0,300,Yes,No
CUST-05357,2024-12-14,December,12,Saturday,Q4,27,Female,Ibadan,Farmer,Retail,Fixed Deposit,Mobile App,338000,313000,79,4,42,495,7.7,300,No,No
CUST-05358,2024-11-24,November,11,Sunday,Q4,36,Female,Kano,Student,Student,Insurance Plan,Branch,5000,68000,96,3,36,338,7.8,0,No,No
CUST-05359,2024-04-30,April,4,Tuesday,Q2,18,Male,Lagos,Lawyer,Student,Investment Fund,USSD,4000,25000,104,3,13,402,10.0,0,No,No
CUST-05360,2024-12-11,December,12,Wednesday,Q4,23,Male,Ibadan,Farmer,Student,Mortgage,Web Portal,4000,36000,46,2,34,483,7.8,0,No,No
CUST-05361,2024-04-03,April,4,Wednesday,Q2,32,Male,Kano,Farmer,Retail,Insurance Plan,USSD,94000,1051000,36,1,3,625,3.9,200,No,No
CUST-05362,2024-09-15,September,9,Sunday,Q3,26,Female,Enugu,Entrepreneur,SME,Mortgage,Mobile App,130000,594000,29,2,12,454,7.5,100,No,No
CUST-05363,2024-09-09,September,9,Monday,Q3,72,Female,Abuja,Accountant,Premium,Credit Card,Mobile App,3100000,3186000,31,4,9,454,10.0,3100,No,No
CUST-05364,2024-10-12,October,10,Saturday,Q4,42,Male,Kano,Lawyer,Corporate,Savings Account,Branch,3075000,12954000,88,2,1,625,5.9,9200,No,No
CUST-05365,2024-10-15,October,10,Tuesday,Q4,27,Male,Enugu,Civil Servant,Retail,Savings Account,Agent Banking,336000,2894000,22,5,10,734,8.3,800,No,No
CUST-05366,2024-03-26,March,3,Tuesday,Q1,25,Female,Kano,Student,Student,Fixed Deposit,Mobile App,19000,165000,102,3,45,323,6.8,0,No,No
CUST-05367,2024-12-20,December,12,Friday,Q4,54,Female,Lagos,Trader,SME,Investment Fund,Mobile App,595000,3978000,100,2,29,483,6.4,600,No,No
CUST-05368,2024-09-20,September,9,Friday,Q3,36,Female,Abuja,Engineer,Premium,Mortgage,Web Portal,1401000,7723000,44,4,21,567,9.0,2100,No,No
CUST-05369,2024-01-31,January,1,Wednesday,Q1,21,Male,Lagos,Civil Servant,Student,Mortgage,Mobile App,28000,166000,111,5,27,402,7.4,0,No,No
CUST-05370,2024-09-07,September,9,Saturday,Q3,52,Female,Kano,Student,Student,Mortgage,Branch,21000,89000,96,3,25,452,6.8,100,No,No
CUST-05371,2024-10-18,October,10,Friday,Q4,23,Male,Abuja,Accountant,Student,Current Account,Web Portal,15000,79000,12,2,34,354,10.0,0,No,No
CUST-05372,2024-01-14,January,1,Sunday,Q1,36,Male,Enugu,Doctor,Corporate,Fixed Deposit,Mobile App,423000,5083000,93,2,30,760,6.9,400,Yes,No
CUST-05373,2024-08-10,August,8,Saturday,Q3,61,Male,Ibadan,Student,Student,Credit Card,Web Portal,16000,201000,16,5,25,561,5.3,0,Yes,No
CUST-05374,2024-03-20,March,3,Wednesday,Q1,46,Male,Port Harcourt,Entrepreneur,SME,Savings Account,Mobile App,306000,2282000,87,1,36,447,5.8,300,No,No
CUST-05375,2024-12-01,December,12,Sunday,Q4,51,Male,Abuja,Accountant,Premium,Insurance Plan,USSD,842000,6804000,52,2,2,634,6.5,1700,No,No
CUST-05376,2024-09-30,September,9,Monday,Q3,36,Female,Kano,Student,Student,Investment Fund,Mobile App,14000,58000,30,1,18,353,9.8,0,No,No
CUST-05377,2024-10-01,October,10,Tuesday,Q4,31,Female,Port Harcourt,Lawyer,Premium,Mortgage,Branch,2383000,17581000,13,3,15,520,7.5,7100,No,No
CUST-05378,2024-12-22,December,12,Sunday,Q4,21,Male,Ibadan,Doctor,Student,Savings Account,Mobile App,32000,297000,47,4,4,386,7.8,0,No,No
CUST-05379,2024-06-23,June,6,Sunday,Q2,32,Male,Enugu,Civil Servant,Retail,Fixed Deposit,Mobile App,110000,834000,10,1,41,777,5.5,100,No,No
CUST-05380,2024-08-23,August,8,Friday,Q3,31,Male,Kano,Accountant,Corporate,Credit Card,Web Portal,50000000,649482000,24,1,14,817,3.7,75000,Yes,No
CUST-05381,2024-12-09,December,12,Monday,Q4,27,Female,Abuja,Entrepreneur,SME,Current Account,Mobile App,338000,5064000,100,1,10,497,8.8,300,Yes,No
CUST-05382,2024-09-19,September,9,Thursday,Q3,23,Male,Kano,Doctor,Student,Savings Account,Mobile App,8000,99000,47,1,24,328,5.3,0,No,No
CUST-05383,2024-04-29,April,4,Monday,Q2,49,Male,Port Harcourt,Farmer,Retail,Savings Account,Agent Banking,123000,1735000,14,5,5,684,6.6,300,Yes,No
CUST-05384,2024-12-03,December,12,Tuesday,Q4,43,Male,Kano,Accountant,Premium,Investment Fund,Branch,685000,5491000,50,1,33,655,4.7,2100,Yes,No
CUST-05385,2024-01-14,January,1,Sunday,Q1,56,Female,Ibadan,Civil Servant,Retail,Mobile Loan,Web Portal,363000,4322000,11,2,23,576,5.2,500,No,No
CUST-05386,2024-01-26,January,1,Friday,Q1,19,Male,Port Harcourt,Lawyer,Student,Current Account,USSD,10000,9000,86,1,20,461,5.2,0,No,No
CUST-05387,2024-05-29,May,5,Wednesday,Q2,29,Male,Port Harcourt,Trader,SME,Investment Fund,Mobile App,411000,1847000,32,1,28,454,4.6,400,No,No
CUST-05388,2024-02-23,February,2,Friday,Q1,55,Female,Enugu,Civil Servant,Retail,Mobile Loan,Branch,553000,1284000,70,3,32,600,6.7,1700,Yes,No
CUST-05389,2024-03-22,March,3,Friday,Q1,47,Male,Port Harcourt,Farmer,Retail,Investment Fund,Mobile App,47000,423000,105,1,45,431,8.4,0,No,No
CUST-05390,2024-02-23,February,2,Friday,Q1,18,Male,Kano,Entrepreneur,Student,Current Account,USSD,21000,255000,103,3,30,401,6.0,0,No,No
CUST-05391,2024-07-08,July,7,Monday,Q3,34,Female,Ibadan,Entrepreneur,SME,Insurance Plan,Mobile App,552000,740000,28,1,15,526,9.1,600,No,No
CUST-05392,2024-08-07,August,8,Wednesday,Q3,25,Male,Abuja,Teacher,Retail,Insurance Plan,USSD,95000,1139000,87,4,13,787,3.4,200,Yes,No
CUST-05393,2024-03-11,March,3,Monday,Q1,39,Male,Kano,Entrepreneur,SME,Current Account,Branch,61000,191000,101,2,30,771,5.7,200,No,No
CUST-05394,2024-07-11,July,7,Thursday,Q3,30,Male,Abuja,Doctor,Retail,Current Account,Mobile App,384000,5529000,79,3,18,670,7.1,400,No,No
CUST-05395,2024-06-13,June,6,Thursday,Q2,37,Male,Abuja,Lawyer,Premium,Insurance Plan,Branch,452000,4914000,67,1,16,495,5.7,1400,Yes,No
CUST-05396,2024-11-29,November,11,Friday,Q4,35,Male,Kano,Engineer,Corporate,Insurance Plan,Web Portal,4243000,59027000,6,3,15,746,5.2,6400,No,No
CUST-05397,2024-06-03,June,6,Monday,Q2,29,Female,Enugu,Lawyer,Retail,Credit Card,Mobile App,257000,619000,119,5,12,443,8.6,300,No,No
CUST-05398,2024-03-29,March,3,Friday,Q1,44,Male,Lagos,Teacher,Retail,Investment Fund,Web Portal,36000,427000,55,3,39,612,7.4,100,No,No
CUST-05399,2024-11-17,November,11,Sunday,Q4,37,Female,Lagos,Farmer,Retail,Investment Fund,Branch,21000,96000,42,4,39,531,6.8,100,No,No
CUST-05400,2024-05-11,May,5,Saturday,Q2,29,Male,Enugu,Entrepreneur,SME,Fixed Deposit,Mobile App,89000,271000,89,2,17,569,6.1,100,No,No
CUST-05401,2024-03-07,March,3,Thursday,Q1,18,Male,Kano,Teacher,Student,Insurance Plan,Mobile App,13000,171000,13,3,9,559,4.8,0,No,No
CUST-05402,2024-09-28,September,9,Saturday,Q3,25,Male,Abuja,Civil Servant,Retail,Current Account,USSD,94000,1292000,47,4,37,536,7.7,200,No,No
CUST-05403,2024-04-11,April,4,Thursday,Q2,22,Male,Kano,Lawyer,Student,Investment Fund,Web Portal,21000,226000,7,4,14,512,8.1,0,Yes,No
CUST-05404,2024-09-12,September,9,Thursday,Q3,43,Male,Enugu,Entrepreneur,SME,Mortgage,Web Portal,936000,3187000,119,3,6,658,7.9,1400,No,No
CUST-05405,2024-02-08,February,2,Thursday,Q1,18,Female,Ibadan,Doctor,Student,Mortgage,Mobile App,35000,252000,88,1,7,533,5.8,0,No,No
CUST-05406,2024-07-04,July,7,Thursday,Q3,36,Male,Abuja,Entrepreneur,SME,Fixed Deposit,USSD,356000,622000,23,5,41,573,8.5,700,No,No
CUST-05407,2024-07-20,July,7,Saturday,Q3,18,Female,Ibadan,Doctor,Student,Mobile Loan,USSD,9000,45000,49,2,36,606,10.0,0,No,No
CUST-05408,2024-01-25,January,1,Thursday,Q1,41,Male,Ibadan,Doctor,Premium,Investment Fund,Web Portal,730000,6280000,65,1,6,458,10.0,1100,No,No
CUST-05409,2024-04-24,April,4,Wednesday,Q2,44,Female,Lagos,Entrepreneur,SME,Savings Account,Web Portal,244000,3580000,11,2,24,515,5.3,400,No,No
CUST-05410,2024-09-15,September,9,Sunday,Q3,46,Female,Kano,Doctor,Corporate,Current Account,Branch,6638000,8234000,69,3,28,794,7.3,19900,No,No
CUST-05411,2024-08-15,August,8,Thursday,Q3,26,Female,Enugu,Entrepreneur,SME,Mobile Loan,USSD,608000,6780000,37,2,2,736,9.0,1200,No,No
CUST-05412,2024-06-03,June,6,Monday,Q2,33,Female,Abuja,Student,Student,Fixed Deposit,Mobile App,23000,211000,31,5,11,583,3.5,0,No,No
CUST-05413,2024-07-05,July,7,Friday,Q3,33,Male,Abuja,Teacher,Retail,Savings Account,USSD,103000,1264000,86,3,37,562,4.6,200,No,No
CUST-05414,2024-11-23,November,11,Saturday,Q4,45,Male,Kano,Entrepreneur,SME,Insurance Plan,USSD,1693000,7924000,29,1,20,558,5.5,3400,No,No
CUST-05415,2024-01-08,January,1,Monday,Q1,32,Male,Abuja,Teacher,Retail,Mobile Loan,Agent Banking,76000,651000,77,4,44,786,5.2,200,No,No
CUST-05416,2024-10-16,October,10,Wednesday,Q4,36,Male,Abuja,Trader,SME,Savings Account,Mobile App,950000,4154000,20,1,36,779,7.2,1000,No,No
CUST-05417,2024-11-29,November,11,Friday,Q4,60,Female,Lagos,Farmer,Retail,Investment Fund,Branch,468000,4243000,84,4,5,564,5.6,1400,No,No
CUST-05418,2024-10-14,October,10,Monday,Q4,21,Male,Abuja,Civil Servant,Student,Current Account,USSD,7000,82000,90,1,40,335,9.8,0,No,No
CUST-05419,2024-10-04,October,10,Friday,Q4,62,Male,Abuja,Farmer,Retail,Mortgage,Branch,37000,402000,102,3,38,515,7.6,100,No,No
CUST-05420,2024-01-20,January,1,Saturday,Q1,53,Female,Port Harcourt,Accountant,Premium,Mobile Loan,Web Portal,1957000,24789000,91,1,31,666,8.4,2900,Yes,No
CUST-05421,2024-06-30,June,6,Sunday,Q2,51,Male,Kano,Entrepreneur,SME,Mobile Loan,Web Portal,1251000,17432000,21,3,38,771,6.5,1900,No,No
CUST-05422,2024-04-04,April,4,Thursday,Q2,36,Female,Lagos,Student,Student,Savings Account,Web Portal,6000,84000,28,4,43,559,10.0,0,Yes,No
CUST-05423,2024-08-17,August,8,Saturday,Q3,19,Male,Enugu,Lawyer,Student,Investment Fund,USSD,6000,79000,15,1,1,477,4.0,0,Yes,No
CUST-05424,2024-04-10,April,4,Wednesday,Q2,26,Female,Port Harcourt,Entrepreneur,SME,Investment Fund,Agent Banking,1795000,7937000,99,3,16,522,5.3,4500,Yes,No
CUST-05425,2024-12-01,December,12,Sunday,Q4,46,Female,Lagos,Engineer,Corporate,Fixed Deposit,Web Portal,466000,4639000,96,3,25,725,5.7,700,No,No
CUST-05426,2024-07-23,July,7,Tuesday,Q3,28,Female,Lagos,Lawyer,Retail,Current Account,Mobile App,314000,3512000,53,5,19,448,8.5,300,No,No
CUST-05427,2024-12-13,December,12,Friday,Q4,42,Female,Abuja,Engineer,Corporate,Mortgage,USSD,1475000,3866000,41,1,30,753,7.2,3000,No,No
CUST-05428,2024-05-08,May,5,Wednesday,Q2,20,Female,Kano,Teacher,Student,Mobile Loan,Web Portal,33000,38000,56,3,38,531,4.1,0,No,No
CUST-05429,2024-03-20,March,3,Wednesday,Q1,28,Female,Enugu,Civil Servant,Retail,Investment Fund,USSD,475000,7103000,54,2,18,625,10.0,1000,No,No
CUST-05430,2024-12-04,December,12,Wednesday,Q4,46,Female,Enugu,Doctor,Corporate,Mortgage,Web Portal,6490000,59900000,1,3,14,644,6.2,9700,No,No
CUST-05431,2024-01-08,January,1,Monday,Q1,36,Female,Lagos,Doctor,Corporate,Mobile Loan,Web Portal,13533000,72567000,111,1,29,622,6.8,20300,No,No
CUST-05432,2024-07-31,July,7,Wednesday,Q3,26,Male,Port Harcourt,Doctor,Retail,Credit Card,Mobile App,703000,3627000,113,5,9,429,6.9,700,Yes,No
CUST-05433,2024-07-07,July,7,Sunday,Q3,18,Male,Abuja,Accountant,Student,Investment Fund,Mobile App,35000,94000,18,3,23,429,8.5,0,Yes,No
CUST-05434,2024-01-16,January,1,Tuesday,Q1,19,Male,Ibadan,Civil Servant,Student,Investment Fund,Web Portal,34000,294000,97,1,3,496,6.0,100,Yes,No
CUST-05435,2024-01-28,January,1,Sunday,Q1,26,Female,Port Harcourt,Entrepreneur,SME,Insurance Plan,Mobile App,2433000,34809000,62,1,12,578,6.5,2400,No,No
CUST-05436,2024-06-17,June,6,Monday,Q2,26,Male,Abuja,Accountant,Retail,Fixed Deposit,Mobile App,173000,1905000,49,1,38,778,6.3,200,Yes,No
CUST-05437,2024-06-26,June,6,Wednesday,Q2,39,Female,Port Harcourt,Lawyer,Corporate,Credit Card,Mobile App,7808000,92176000,3,4,30,816,7.6,7800,No,No
CUST-05438,2024-08-31,August,8,Saturday,Q3,44,Female,Lagos,Trader,SME,Mortgage,Web Portal,929000,12947000,89,1,2,479,5.8,1400,Yes,No
CUST-05439,2024-04-14,April,4,Sunday,Q2,47,Female,Ibadan,Lawyer,Corporate,Mortgage,Branch,257000,3798000,30,2,9,750,8.8,800,No,No
CUST-05440,2024-08-01,August,8,Thursday,Q3,34,Female,Port Harcourt,Accountant,Corporate,Mobile Loan,USSD,1473000,8823000,78,2,27,830,5.5,2900,Yes,No
CUST-05441,2024-02-04,February,2,Sunday,Q1,37,Female,Lagos,Student,Student,Credit Card,Branch,17000,81000,8,5,18,577,5.1,100,No,No
CUST-05442,2024-10-09,October,10,Wednesday,Q4,37,Female,Kano,Doctor,Premium,Credit Card,Mobile App,921000,3429000,5,1,2,501,8.5,900,Yes,No
CUST-05443,2024-04-15,April,4,Monday,Q2,53,Female,Port Harcourt,Student,Student,Credit Card,USSD,19000,248000,32,1,30,339,9.1,0,Yes,No
CUST-05444,2024-04-20,April,4,Saturday,Q2,40,Male,Kano,Farmer,Retail,Mobile Loan,USSD,45000,338000,64,2,30,600,8.5,100,No,No
CUST-05445,2024-08-11,August,8,Sunday,Q3,47,Male,Lagos,Farmer,Retail,Insurance Plan,Branch,23000,58000,45,1,30,570,8.3,100,No,No
CUST-05446,2024-03-13,March,3,Wednesday,Q1,34,Male,Lagos,Doctor,Premium,Insurance Plan,Branch,3637000,18317000,48,3,6,773,7.0,10900,No,No
CUST-05447,2024-05-14,May,5,Tuesday,Q2,54,Female,Abuja,Civil Servant,Retail,Savings Account,Agent Banking,601000,6251000,115,1,25,595,7.0,1500,Yes,No
CUST-05448,2024-01-05,January,1,Friday,Q1,40,Male,Kano,Doctor,Premium,Current Account,Mobile App,1745000,5913000,30,2,5,753,9.5,1700,No,No
CUST-05449,2024-04-19,April,4,Friday,Q2,43,Female,Lagos,Teacher,Retail,Fixed Deposit,Branch,31000,81000,18,4,26,783,9.8,100,No,No
CUST-05450,2024-11-30,November,11,Saturday,Q4,20,Female,Port Harcourt,Trader,Student,Current Account,Mobile App,10000,93000,70,2,9,612,5.6,0,Yes,No
CUST-05451,2024-05-05,May,5,Sunday,Q2,26,Female,Kano,Doctor,Retail,Current Account,USSD,44000,280000,11,1,16,488,8.7,100,Yes,No
CUST-05452,2024-05-09,May,5,Thursday,Q2,28,Female,Abuja,Trader,SME,Fixed Deposit,Mobile App,407000,4087000,100,1,6,798,7.3,400,No,No
CUST-05453,2024-09-25,September,9,Wednesday,Q3,34,Male,Abuja,Doctor,Premium,Mobile Loan,Web Portal,397000,3723000,53,3,14,529,6.8,600,No,No
CUST-05454,2024-07-07,July,7,Sunday,Q3,72,Male,Enugu,Trader,SME,Savings Account,Web Portal,282000,3273000,87,2,34,459,9.6,400,No,No
CUST-05455,2024-07-31,July,7,Wednesday,Q3,33,Male,Ibadan,Engineer,Premium,Savings Account,Agent Banking,912000,12982000,93,3,14,713,8.1,2300,No,No
CUST-05456,2024-04-06,April,4,Saturday,Q2,36,Male,Lagos,Farmer,Retail,Savings Account,Mobile App,415000,2086000,80,3,12,659,9.9,400,No,No
CUST-05457,2024-07-26,July,7,Friday,Q3,33,Female,Port Harcourt,Engineer,Premium,Fixed Deposit,Mobile App,327000,3354000,40,1,9,591,8.5,300,Yes,No
CUST-05458,2024-11-09,November,11,Saturday,Q4,20,Female,Kano,Lawyer,Student,Fixed Deposit,Web Portal,22000,321000,65,5,39,496,3.2,0,No,No
CUST-05459,2024-10-19,October,10,Saturday,Q4,33,Male,Ibadan,Doctor,Premium,Fixed Deposit,Mobile App,2147000,29110000,26,4,23,545,7.1,2100,No,No
CUST-05460,2024-03-03,March,3,Sunday,Q1,18,Male,Ibadan,Farmer,Student,Current Account,Branch,8000,20000,55,4,23,606,8.6,0,No,No
CUST-05461,2024-06-05,June,6,Wednesday,Q2,54,Male,Lagos,Teacher,Retail,Investment Fund,Agent Banking,99000,262000,5,2,45,553,4.7,200,No,No
CUST-05462,2024-06-24,June,6,Monday,Q2,37,Female,Lagos,Entrepreneur,SME,Insurance Plan,Web Portal,917000,7304000,115,1,1,795,4.6,1400,No,No
CUST-05463,2024-04-02,April,4,Tuesday,Q2,31,Male,Enugu,Doctor,Premium,Credit Card,Branch,573000,1378000,74,1,22,518,8.5,1700,Yes,No
CUST-05464,2024-08-10,August,8,Saturday,Q3,29,Female,Kano,Entrepreneur,SME,Current Account,Mobile App,299000,3499000,111,4,8,620,8.3,300,Yes,No
CUST-05465,2024-07-10,July,7,Wednesday,Q3,72,Female,Kano,Entrepreneur,SME,Savings Account,Web Portal,305000,3128000,74,4,40,544,10.0,500,No,No
CUST-05466,2024-01-15,January,1,Monday,Q1,55,Male,Enugu,Trader,SME,Savings Account,Web Portal,342000,3497000,31,1,43,716,7.9,500,Yes,No
CUST-05467,2024-10-19,October,10,Saturday,Q4,43,Male,Kano,Teacher,Retail,Current Account,Mobile App,106000,1002000,93,1,25,492,8.1,100,No,No
CUST-05468,2024-05-20,May,5,Monday,Q2,46,Female,Kano,Entrepreneur,SME,Credit Card,Agent Banking,153000,2051000,23,3,7,608,6.0,400,No,No
CUST-05469,2024-09-16,September,9,Monday,Q3,36,Male,Port Harcourt,Student,Student,Savings Account,Mobile App,19000,281000,65,1,12,303,7.7,0,No,No
CUST-05470,2024-03-29,March,3,Friday,Q1,36,Female,Enugu,Accountant,Premium,Mobile Loan,Branch,891000,12965000,1,5,1,613,5.2,2700,No,No
CUST-05471,2024-09-07,September,9,Saturday,Q3,51,Male,Kano,Teacher,Retail,Credit Card,USSD,119000,726000,37,2,25,659,8.2,200,No,No
CUST-05472,2024-01-08,January,1,Monday,Q1,55,Male,Abuja,Engineer,Premium,Mortgage,Branch,1116000,1148000,86,2,13,460,7.8,3300,No,No
CUST-05473,2024-11-25,November,11,Monday,Q4,25,Female,Lagos,Engineer,Retail,Mobile Loan,Mobile App,350000,2210000,20,2,45,493,9.1,400,No,No
CUST-05474,2024-04-21,April,4,Sunday,Q2,36,Male,Lagos,Farmer,Retail,Investment Fund,Mobile App,197000,1148000,91,3,23,489,7.6,200,No,No
CUST-05475,2024-01-02,January,1,Tuesday,Q1,47,Female,Port Harcourt,Student,Student,Mobile Loan,Web Portal,9000,115000,68,3,29,448,6.2,0,No,No
CUST-05476,2024-10-22,October,10,Tuesday,Q4,36,Male,Abuja,Doctor,Corporate,Savings Account,Branch,795000,5266000,4,5,38,821,3.8,2400,Yes,No
CUST-05477,2024-05-21,May,5,Tuesday,Q2,25,Female,Port Harcourt,Student,Student,Savings Account,Web Portal,10000,91000,11,4,15,511,6.1,0,No,No
CUST-05478,2024-04-08,April,4,Monday,Q2,18,Female,Enugu,Lawyer,Student,Investment Fund,Mobile App,20000,212000,82,4,7,562,6.9,0,No,No
CUST-05479,2024-12-07,December,12,Saturday,Q4,53,Female,Abuja,Farmer,Retail,Current Account,Web Portal,88000,1120000,105,3,36,514,7.5,100,Yes,No
CUST-05480,2024-04-06,April,4,Saturday,Q2,47,Male,Port Harcourt,Teacher,Retail,Insurance Plan,Mobile App,113000,307000,29,1,7,500,5.6,100,No,No
CUST-05481,2024-12-19,December,12,Thursday,Q4,48,Female,Enugu,Teacher,Retail,Mortgage,Mobile App,287000,3963000,60,1,34,631,6.8,300,No,No
CUST-05482,2024-09-19,September,9,Thursday,Q3,35,Female,Kano,Civil Servant,Retail,Current Account,USSD,53000,617000,53,3,15,543,6.7,100,No,No
CUST-05483,2024-01-28,January,1,Sunday,Q1,26,Female,Kano,Trader,SME,Credit Card,USSD,324000,3372000,92,4,14,673,10.0,600,No,No
CUST-05484,2024-11-29,November,11,Friday,Q4,37,Female,Enugu,Doctor,Corporate,Fixed Deposit,Branch,2969000,6155000,56,1,45,630,6.0,8900,No,No
CUST-05485,2024-08-21,August,8,Wednesday,Q3,45,Female,Ibadan,Student,Student,Current Account,Web Portal,13000,169000,104,1,10,338,8.0,0,No,No
CUST-05486,2024-06-23,June,6,Sunday,Q2,46,Female,Ibadan,Accountant,Premium,Fixed Deposit,USSD,1423000,7906000,15,3,38,792,8.7,2800,No,No
CUST-05487,2024-02-14,February,2,Wednesday,Q1,34,Male,Enugu,Entrepreneur,SME,Insurance Plan,USSD,103000,701000,50,3,14,798,7.5,200,No,No
CUST-05488,2024-09-23,September,9,Monday,Q3,44,Female,Port Harcourt,Lawyer,Corporate,Credit Card,Web Portal,185000,2557000,32,1,16,838,5.7,300,No,No
CUST-05489,2024-03-28,March,3,Thursday,Q1,35,Male,Ibadan,Civil Servant,Retail,Mortgage,Web Portal,1733000,11080000,61,2,14,572,6.1,2600,No,No
CUST-05490,2024-08-24,August,8,Saturday,Q3,47,Female,Ibadan,Farmer,Retail,Credit Card,Mobile App,34000,508000,71,1,13,764,8.7,0,Yes,No
CUST-05491,2024-08-21,August,8,Wednesday,Q3,34,Male,Kano,Teacher,Retail,Mobile Loan,Web Portal,101000,1074000,88,3,30,730,6.1,200,No,No
CUST-05492,2024-06-12,June,6,Wednesday,Q2,30,Female,Kano,Doctor,Retail,Mobile Loan,Branch,40000,67000,111,2,34,613,6.4,100,Yes,No
CUST-05493,2024-11-09,November,11,Saturday,Q4,49,Male,Kano,Teacher,Retail,Mortgage,Web Portal,60000,635000,60,2,17,572,5.8,100,No,No
CUST-05494,2024-03-14,March,3,Thursday,Q1,23,Male,Ibadan,Civil Servant,Student,Savings Account,Mobile App,24000,137000,9,5,1,513,8.1,0,Yes,No
CUST-05495,2024-04-13,April,4,Saturday,Q2,42,Male,Ibadan,Teacher,Retail,Fixed Deposit,Mobile App,63000,130000,66,3,17,780,9.7,100,No,No
CUST-05496,2024-11-18,November,11,Monday,Q4,35,Male,Enugu,Lawyer,Premium,Insurance Plan,Branch,2926000,21752000,30,2,11,686,7.8,8800,No,No
CUST-05497,2024-04-17,April,4,Wednesday,Q2,29,Male,Kano,Lawyer,Retail,Insurance Plan,Mobile App,57000,634000,26,3,45,798,5.5,100,No,No
CUST-05498,2024-09-04,September,9,Wednesday,Q3,29,Male,Ibadan,Engineer,Retail,Credit Card,Web Portal,222000,2739000,5,1,4,691,7.1,300,No,No
CUST-05499,2024-02-20,February,2,Tuesday,Q1,56,Male,Abuja,Entrepreneur,SME,Insurance Plan,Mobile App,216000,1860000,61,5,38,535,7.5,200,No,No
CUST-05500,2024-02-25,February,2,Sunday,Q1,32,Male,Ibadan,Teacher,Retail,Credit Card,Agent Banking,21000,175000,98,1,36,755,9.2,100,No,No
CUST-05501,2024-12-19,December,12,Thursday,Q4,37,Male,Ibadan,Entrepreneur,SME,Mobile Loan,Mobile App,3761000,46527000,12,1,43,548,6.9,3800,No,No
CUST-05502,2024-06-07,June,6,Friday,Q2,63,Male,Lagos,Entrepreneur,SME,Current Account,Mobile App,281000,4085000,95,3,14,672,3.9,300,No,No
CUST-05503,2024-03-28,March,3,Thursday,Q1,41,Male,Abuja,Entrepreneur,SME,Current Account,Mobile App,260000,2157000,83,4,12,702,6.6,300,No,No
CUST-05504,2024-12-07,December,12,Saturday,Q4,40,Female,Port Harcourt,Lawyer,Corporate,Credit Card,Mobile App,1866000,8235000,86,4,3,824,9.4,1900,No,No
CUST-05505,2024-03-07,March,3,Thursday,Q1,27,Male,Lagos,Doctor,Retail,Fixed Deposit,USSD,37000,304000,28,3,8,504,7.8,100,No,No
CUST-05506,2024-12-20,December,12,Friday,Q4,39,Female,Enugu,Accountant,Premium,Current Account,Web Portal,201000,1427000,83,3,12,578,6.8,300,No,No
CUST-05507,2024-05-13,May,5,Monday,Q2,31,Female,Lagos,Teacher,Retail,Credit Card,Web Portal,227000,1139000,54,4,11,677,8.7,300,No,No
CUST-05508,2024-06-23,June,6,Sunday,Q2,37,Female,Kano,Civil Servant,Retail,Mortgage,Mobile App,40000,125000,59,2,43,752,6.9,0,No,No
CUST-05509,2024-11-11,November,11,Monday,Q4,22,Male,Enugu,Civil Servant,Student,Mortgage,USSD,8000,98000,118,1,27,366,7.1,0,No,No
CUST-05510,2024-11-06,November,11,Wednesday,Q4,72,Female,Ibadan,Accountant,Premium,Insurance Plan,USSD,644000,903000,76,4,42,560,7.8,1300,No,No
CUST-05511,2024-05-24,May,5,Friday,Q2,25,Male,Enugu,Engineer,Retail,Insurance Plan,USSD,70000,164000,70,4,9,766,5.2,100,Yes,No
CUST-05512,2024-02-20,February,2,Tuesday,Q1,35,Male,Ibadan,Farmer,Retail,Fixed Deposit,USSD,453000,1368000,11,1,30,524,10.0,900,Yes,No
CUST-05513,2024-01-28,January,1,Sunday,Q1,68,Male,Abuja,Civil Servant,Retail,Mobile Loan,Agent Banking,206000,1634000,81,3,34,756,6.7,500,Yes,No
CUST-05514,2024-07-12,July,7,Friday,Q3,54,Female,Abuja,Lawyer,Premium,Investment Fund,Agent Banking,2822000,34340000,70,4,8,707,10.0,7100,Yes,No
CUST-05515,2024-05-31,May,5,Friday,Q2,32,Female,Kano,Teacher,Retail,Savings Account,Branch,158000,1032000,45,1,1,766,4.6,500,Yes,No
CUST-05516,2024-12-08,December,12,Sunday,Q4,33,Male,Ibadan,Doctor,Corporate,Fixed Deposit,Branch,2479000,26765000,93,3,40,831,8.7,7400,Yes,No
CUST-05517,2024-09-19,September,9,Thursday,Q3,28,Female,Enugu,Farmer,Retail,Mortgage,Mobile App,54000,484000,54,3,39,785,7.6,100,No,No
CUST-05518,2024-12-17,December,12,Tuesday,Q4,39,Male,Enugu,Teacher,Retail,Credit Card,USSD,44000,128000,117,2,35,788,7.4,100,No,No
CUST-05519,2024-05-08,May,5,Wednesday,Q2,62,Female,Lagos,Civil Servant,Retail,Savings Account,USSD,129000,1628000,70,3,27,478,3.4,300,No,No
CUST-05520,2024-04-01,April,4,Monday,Q2,45,Female,Abuja,Engineer,Premium,Mortgage,USSD,1115000,7062000,59,2,34,692,7.8,2200,No,No
CUST-05521,2024-08-05,August,8,Monday,Q3,43,Female,Abuja,Teacher,Retail,Mortgage,Web Portal,142000,2111000,104,4,25,575,6.0,200,No,No
CUST-05522,2024-02-05,February,2,Monday,Q1,18,Male,Kano,Civil Servant,Student,Current Account,USSD,125000,573000,92,4,5,553,8.7,200,No,No
CUST-05523,2024-08-18,August,8,Sunday,Q3,43,Male,Enugu,Accountant,Corporate,Fixed Deposit,Branch,4757000,60950000,8,2,15,756,9.9,14300,No,No
CUST-05524,2024-06-24,June,6,Monday,Q2,50,Female,Port Harcourt,Civil Servant,Retail,Credit Card,USSD,492000,6146000,54,5,25,693,4.4,1000,No,No
CUST-05525,2024-10-25,October,10,Friday,Q4,46,Female,Enugu,Student,Student,Mobile Loan,USSD,33000,210000,45,3,45,353,8.4,100,Yes,No
CUST-05526,2024-10-14,October,10,Monday,Q4,40,Female,Lagos,Teacher,Retail,Fixed Deposit,USSD,78000,440000,34,1,38,688,4.3,200,Yes,No
CUST-05527,2024-07-27,July,7,Saturday,Q3,30,Male,Lagos,Doctor,Retail,Credit Card,Branch,87000,840000,112,1,7,780,9.2,300,No,No
CUST-05528,2024-02-18,February,2,Sunday,Q1,35,Female,Ibadan,Entrepreneur,SME,Investment Fund,Branch,660000,6291000,13,1,42,662,5.9,2000,Yes,No
CUST-05529,2024-08-26,August,8,Monday,Q3,22,Male,Ibadan,Teacher,Student,Mobile Loan,Mobile App,6000,39000,103,3,43,354,8.8,0,No,No
CUST-05530,2024-01-25,January,1,Thursday,Q1,56,Female,Enugu,Lawyer,Premium,Credit Card,Web Portal,522000,7179000,85,5,24,760,7.5,800,No,No
CUST-05531,2024-05-09,May,5,Thursday,Q2,34,Female,Port Harcourt,Entrepreneur,SME,Savings Account,Mobile App,63000,609000,86,3,37,693,5.6,100,Yes,No
CUST-05532,2024-06-06,June,6,Thursday,Q2,28,Male,Kano,Student,Student,Current Account,Web Portal,19000,19000,7,3,24,383,6.6,0,Yes,No
CUST-05533,2024-03-18,March,3,Monday,Q1,34,Male,Lagos,Teacher,Retail,Insurance Plan,Branch,24000,206000,26,4,37,634,3.3,100,No,No
CUST-05534,2024-12-22,December,12,Sunday,Q4,59,Female,Port Harcourt,Entrepreneur,SME,Insurance Plan,Mobile App,555000,5412000,83,1,4,610,8.4,600,No,No
CUST-05535,2024-11-16,November,11,Saturday,Q4,18,Male,Ibadan,Engineer,Student,Current Account,USSD,12000,116000,30,3,13,614,3.1,0,Yes,No
CUST-05536,2024-07-02,July,7,Tuesday,Q3,29,Male,Abuja,Civil Servant,Retail,Mortgage,Web Portal,111000,1361000,5,3,12,426,9.6,200,Yes,No
CUST-05537,2024-01-15,January,1,Monday,Q1,38,Male,Abuja,Doctor,Premium,Fixed Deposit,Branch,863000,2335000,79,5,30,601,5.3,2600,No,No
CUST-05538,2024-06-11,June,6,Tuesday,Q2,42,Female,Abuja,Lawyer,Corporate,Investment Fund,Branch,9000000,129529000,77,1,1,700,8.0,27000,No,No
CUST-05539,2024-03-31,March,3,Sunday,Q1,58,Female,Abuja,Farmer,Retail,Savings Account,Mobile App,137000,150000,68,1,17,771,6.4,100,No,No
CUST-05540,2024-11-27,November,11,Wednesday,Q4,50,Male,Kano,Lawyer,Corporate,Investment Fund,Branch,11676000,12179000,35,1,19,826,8.8,35000,No,No
CUST-05541,2024-02-20,February,2,Tuesday,Q1,29,Male,Port Harcourt,Student,Student,Mortgage,Web Portal,21000,75000,60,1,34,464,5.6,0,No,No
CUST-05542,2024-04-11,April,4,Thursday,Q2,32,Female,Kano,Student,Student,Investment Fund,Branch,12000,140000,24,3,38,426,7.5,0,No,No
CUST-05543,2024-12-19,December,12,Thursday,Q4,27,Male,Abuja,Lawyer,Retail,Credit Card,Mobile App,41000,201000,59,3,41,579,6.0,0,No,No
CUST-05544,2024-05-27,May,5,Monday,Q2,46,Female,Lagos,Farmer,Retail,Fixed Deposit,USSD,205000,3042000,23,3,23,442,7.9,400,Yes,No
CUST-05545,2024-04-03,April,4,Wednesday,Q2,18,Female,Lagos,Lawyer,Student,Mortgage,USSD,21000,78000,34,5,28,419,6.0,0,No,No
CUST-05546,2024-06-12,June,6,Wednesday,Q2,18,Female,Port Harcourt,Engineer,Student,Credit Card,USSD,47000,583000,75,1,40,302,6.9,100,No,No
CUST-05547,2024-09-14,September,9,Saturday,Q3,29,Male,Ibadan,Teacher,Retail,Current Account,Mobile App,47000,136000,98,1,19,478,8.9,0,No,No
CUST-05548,2024-02-01,February,2,Thursday,Q1,34,Female,Lagos,Civil Servant,Retail,Investment Fund,Mobile App,94000,851000,56,3,6,772,10.0,100,No,No
CUST-05549,2024-11-30,November,11,Saturday,Q4,36,Male,Ibadan,Trader,SME,Fixed Deposit,Web Portal,515000,7588000,119,3,15,585,8.1,800,No,No
CUST-05550,2024-01-28,January,1,Sunday,Q1,33,Female,Port Harcourt,Farmer,Retail,Current Account,Mobile App,182000,2315000,44,2,32,590,5.4,200,No,No
CUST-05551,2024-05-13,May,5,Monday,Q2,39,Male,Kano,Engineer,Premium,Mobile Loan,USSD,742000,4617000,107,3,22,559,5.7,1500,No,No
CUST-05552,2024-02-10,February,2,Saturday,Q1,52,Male,Abuja,Trader,SME,Mobile Loan,USSD,197000,1407000,5,4,8,560,4.1,400,No,No
CUST-05553,2024-03-14,March,3,Thursday,Q1,43,Male,Abuja,Farmer,Retail,Savings Account,Mobile App,72000,995000,19,4,22,438,6.8,100,No,No
CUST-05554,2024-04-24,April,4,Wednesday,Q2,49,Female,Enugu,Teacher,Retail,Investment Fund,Agent Banking,76000,830000,97,2,38,558,8.3,200,No,No
CUST-05555,2024-05-08,May,5,Wednesday,Q2,33,Male,Lagos,Doctor,Premium,Investment Fund,USSD,1330000,3483000,8,1,9,734,4.8,2700,Yes,No
CUST-05556,2024-10-18,October,10,Friday,Q4,39,Male,Kano,Farmer,Retail,Current Account,Branch,635000,762000,81,1,4,512,10.0,1900,No,No
CUST-05557,2024-03-26,March,3,Tuesday,Q1,29,Female,Enugu,Doctor,Retail,Mortgage,Mobile App,442000,5304000,58,2,42,729,7.4,400,No,No
CUST-05558,2024-03-28,March,3,Thursday,Q1,38,Male,Abuja,Engineer,Corporate,Insurance Plan,Mobile App,26044000,104284000,84,3,2,633,7.4,26000,Yes,No
CUST-05559,2024-12-12,December,12,Thursday,Q4,50,Female,Enugu,Accountant,Corporate,Credit Card,Mobile App,233000,1105000,102,3,42,753,4.6,200,No,No
CUST-05560,2024-09-27,September,9,Friday,Q3,52,Male,Enugu,Civil Servant,Retail,Current Account,Mobile App,340000,1018000,62,4,9,471,4.6,300,No,No
CUST-05561,2024-07-06,July,7,Saturday,Q3,36,Male,Abuja,Lawyer,Premium,Mortgage,Web Portal,1141000,13196000,68,1,43,622,6.5,1700,Yes,No
CUST-05562,2024-10-04,October,10,Friday,Q4,18,Male,Enugu,Farmer,Student,Fixed Deposit,USSD,31000,157000,115,3,33,457,7.7,100,No,No
CUST-05563,2024-06-23,June,6,Sunday,Q2,43,Male,Port Harcourt,Engineer,Premium,Credit Card,Mobile App,155000,2290000,4,3,21,430,7.8,200,Yes,No
CUST-05564,2024-12-13,December,12,Friday,Q4,30,Female,Enugu,Lawyer,Retail,Current Account,Web Portal,23000,196000,111,3,42,658,5.8,0,No,No
CUST-05565,2024-09-20,September,9,Friday,Q3,27,Female,Lagos,Farmer,Retail,Insurance Plan,USSD,100000,91000,57,5,32,461,7.9,200,No,No
CUST-05566,2024-05-14,May,5,Tuesday,Q2,68,Female,Abuja,Student,Student,Fixed Deposit,Mobile App,6000,17000,66,2,6,342,7.8,0,No,No
CUST-05567,2024-09-13,September,9,Friday,Q3,40,Male,Lagos,Lawyer,Premium,Fixed Deposit,Branch,354000,4854000,75,2,37,764,8.9,1100,No,No
CUST-05568,2024-12-02,December,12,Monday,Q4,50,Male,Ibadan,Entrepreneur,SME,Investment Fund,Mobile App,371000,3377000,62,4,27,504,6.7,400,No,No
CUST-05569,2024-03-31,March,3,Sunday,Q1,43,Female,Ibadan,Lawyer,Premium,Fixed Deposit,Mobile App,1252000,2926000,90,1,26,797,7.6,1300,Yes,No
CUST-05570,2024-04-05,April,4,Friday,Q2,48,Male,Enugu,Lawyer,Premium,Current Account,Web Portal,411000,3728000,81,2,43,614,5.6,600,No,No
CUST-05571,2024-03-01,March,3,Friday,Q1,44,Female,Ibadan,Farmer,Retail,Investment Fund,Mobile App,38000,146000,8,1,17,465,8.6,0,No,No
CUST-05572,2024-05-30,May,5,Thursday,Q2,40,Female,Lagos,Teacher,Retail,Mortgage,Mobile App,33000,370000,101,1,8,670,9.4,0,Yes,No
CUST-05573,2024-11-29,November,11,Friday,Q4,39,Female,Lagos,Accountant,Premium,Fixed Deposit,Mobile App,593000,7715000,73,1,32,771,5.1,600,Yes,No
CUST-05574,2024-10-12,October,10,Saturday,Q4,33,Male,Kano,Engineer,Corporate,Savings Account,Mobile App,648000,5907000,102,2,19,734,6.5,600,No,No
CUST-05575,2024-05-10,May,5,Friday,Q2,57,Male,Port Harcourt,Accountant,Premium,Mortgage,USSD,468000,5703000,29,5,5,475,10.0,900,No,No
CUST-05576,2024-03-16,March,3,Saturday,Q1,36,Female,Lagos,Civil Servant,Retail,Fixed Deposit,Branch,46000,237000,30,2,36,551,3.1,100,No,No
CUST-05577,2024-09-12,September,9,Thursday,Q3,42,Female,Kano,Doctor,Corporate,Insurance Plan,Agent Banking,1144000,6991000,120,4,37,687,5.9,2900,No,No
CUST-05578,2024-11-22,November,11,Friday,Q4,40,Male,Port Harcourt,Farmer,Retail,Mortgage,Agent Banking,62000,442000,104,3,11,566,6.3,200,No,No
CUST-05579,2024-04-07,April,4,Sunday,Q2,55,Male,Lagos,Farmer,Retail,Mobile Loan,Agent Banking,53000,336000,5,2,28,428,7.4,100,No,No
CUST-05580,2024-08-22,August,8,Thursday,Q3,33,Male,Abuja,Engineer,Corporate,Mobile Loan,Mobile App,2489000,29123000,26,2,15,743,7.6,2500,No,No
CUST-05581,2024-07-09,July,7,Tuesday,Q3,26,Female,Abuja,Entrepreneur,SME,Savings Account,Mobile App,3482000,8776000,95,2,22,459,6.3,3500,No,No
CUST-05582,2024-12-25,December,12,Wednesday,Q4,34,Female,Port Harcourt,Entrepreneur,SME,Mortgage,Branch,477000,2764000,104,1,20,772,6.6,1400,No,No
CUST-05583,2024-10-11,October,10,Friday,Q4,25,Female,Port Harcourt,Engineer,Retail,Investment Fund,Mobile App,707000,3466000,112,2,14,474,10.0,700,Yes,No
CUST-05584,2024-02-19,February,2,Monday,Q1,22,Female,Abuja,Teacher,Student,Insurance Plan,Mobile App,5000,42000,88,3,4,444,5.1,0,Yes,No
CUST-05585,2024-12-11,December,12,Wednesday,Q4,45,Male,Abuja,Accountant,Corporate,Insurance Plan,Branch,317000,2708000,97,2,10,707,8.6,1000,No,No
CUST-05586,2024-04-13,April,4,Saturday,Q2,35,Male,Enugu,Entrepreneur,SME,Current Account,Agent Banking,659000,5182000,25,2,4,660,8.9,1600,No,No
CUST-05587,2024-05-07,May,5,Tuesday,Q2,46,Female,Lagos,Accountant,Corporate,Investment Fund,Web Portal,3365000,49085000,101,2,16,845,3.6,5000,No,No
CUST-05588,2024-05-15,May,5,Wednesday,Q2,36,Male,Kano,Farmer,Retail,Current Account,Mobile App,70000,626000,106,2,19,656,6.6,100,No,No
CUST-05589,2024-01-27,January,1,Saturday,Q1,46,Male,Abuja,Student,Student,Investment Fund,Agent Banking,20000,146000,7,2,17,386,5.4,0,No,No
CUST-05590,2024-01-28,January,1,Sunday,Q1,59,Male,Lagos,Lawyer,Premium,Current Account,Branch,407000,1999000,109,1,7,487,5.2,1200,No,No
CUST-05591,2024-06-25,June,6,Tuesday,Q2,31,Male,Abuja,Teacher,Retail,Credit Card,Web Portal,416000,4534000,58,2,26,754,8.9,600,No,No
CUST-05592,2024-02-13,February,2,Tuesday,Q1,18,Male,Enugu,Farmer,Student,Investment Fund,Mobile App,5000,54000,112,3,34,373,8.8,0,No,No
CUST-05593,2024-02-07,February,2,Wednesday,Q1,40,Female,Lagos,Accountant,Corporate,Insurance Plan,Branch,14904000,194443000,112,2,1,680,10.0,44700,Yes,No
CUST-05594,2024-06-08,June,6,Saturday,Q2,40,Male,Ibadan,Entrepreneur,SME,Insurance Plan,Mobile App,312000,1554000,36,4,8,557,5.4,300,No,No
CUST-05595,2024-05-28,May,5,Tuesday,Q2,30,Male,Ibadan,Entrepreneur,SME,Investment Fund,Agent Banking,232000,928000,69,3,20,602,7.0,600,No,No
CUST-05596,2024-03-28,March,3,Thursday,Q1,19,Male,Abuja,Accountant,Student,Mortgage,USSD,42000,173000,92,1,23,491,4.5,100,Yes,No
CUST-05597,2024-11-15,November,11,Friday,Q4,29,Male,Enugu,Accountant,Retail,Current Account,Web Portal,279000,4052000,35,1,20,705,9.3,400,No,No
CUST-05598,2024-08-21,August,8,Wednesday,Q3,35,Male,Lagos,Civil Servant,Retail,Current Account,Agent Banking,30000,251000,68,3,1,705,9.5,100,No,No
CUST-05599,2024-02-23,February,2,Friday,Q1,47,Female,Kano,Doctor,Premium,Mortgage,Mobile App,825000,10617000,26,1,26,722,5.7,800,No,No
CUST-05600,2024-04-02,April,4,Tuesday,Q2,40,Female,Port Harcourt,Engineer,Corporate,Credit Card,Mobile App,2364000,2796000,118,1,10,764,6.4,2400,Yes,No
CUST-05601,2024-07-24,July,7,Wednesday,Q3,31,Female,Kano,Civil Servant,Retail,Credit Card,Mobile App,599000,5309000,5,3,9,646,3.3,600,No,No
CUST-05602,2024-02-03,February,2,Saturday,Q1,38,Female,Enugu,Farmer,Retail,Insurance Plan,Mobile App,117000,1754000,3,5,9,769,10.0,100,Yes,No
CUST-05603,2024-09-04,September,9,Wednesday,Q3,40,Female,Ibadan,Civil Servant,Retail,Insurance Plan,Branch,120000,1750000,46,1,11,503,9.0,400,No,No
CUST-05604,2024-06-24,June,6,Monday,Q2,39,Male,Kano,Teacher,Retail,Investment Fund,Web Portal,64000,184000,15,1,19,698,5.5,100,No,No
CUST-05605,2024-12-22,December,12,Sunday,Q4,72,Male,Port Harcourt,Lawyer,Premium,Current Account,Mobile App,10502000,29443000,81,1,3,612,7.9,10500,No,No
CUST-05606,2024-07-03,July,7,Wednesday,Q3,52,Female,Enugu,Civil Servant,Retail,Current Account,Web Portal,122000,846000,88,1,35,502,8.8,200,Yes,No
CUST-05607,2024-03-06,March,3,Wednesday,Q1,19,Male,Lagos,Entrepreneur,Student,Current Account,Mobile App,20000,30000,6,3,36,500,5.2,0,Yes,No
CUST-05608,2024-09-29,September,9,Sunday,Q3,34,Female,Kano,Farmer,Retail,Mortgage,Mobile App,22000,263000,106,2,17,736,3.3,0,Yes,No
CUST-05609,2024-06-01,June,6,Saturday,Q2,59,Male,Enugu,Student,Student,Insurance Plan,Agent Banking,33000,293000,19,5,27,466,2.7,100,Yes,No
CUST-05610,2024-09-02,September,9,Monday,Q3,29,Male,Lagos,Trader,SME,Savings Account,Agent Banking,396000,3255000,119,5,26,671,7.8,1000,No,No
CUST-05611,2024-09-15,September,9,Sunday,Q3,49,Female,Kano,Accountant,Corporate,Fixed Deposit,Agent Banking,10348000,77140000,74,1,35,650,7.3,25900,No,No
CUST-05612,2024-05-31,May,5,Friday,Q2,25,Male,Kano,Trader,SME,Mortgage,Mobile App,607000,8844000,3,1,27,730,4.3,600,Yes,No
CUST-05613,2024-03-27,March,3,Wednesday,Q1,18,Male,Port Harcourt,Teacher,Student,Fixed Deposit,USSD,13000,127000,8,4,2,620,5.6,0,No,No
CUST-05614,2024-07-10,July,7,Wednesday,Q3,18,Male,Ibadan,Engineer,Student,Mortgage,Web Portal,10000,17000,27,3,23,380,7.9,0,No,No
CUST-05615,2024-03-13,March,3,Wednesday,Q1,49,Male,Enugu,Accountant,Premium,Current Account,Mobile App,372000,1566000,9,2,20,516,3.3,400,Yes,No
CUST-05616,2024-02-08,February,2,Thursday,Q1,50,Female,Abuja,Doctor,Premium,Mortgage,Agent Banking,973000,7274000,91,1,45,786,8.1,2400,No,No
CUST-05617,2024-10-13,October,10,Sunday,Q4,41,Male,Lagos,Entrepreneur,SME,Savings Account,Branch,386000,3726000,16,1,26,481,4.0,1200,No,No
CUST-05618,2024-05-09,May,5,Thursday,Q2,43,Male,Ibadan,Doctor,Premium,Credit Card,USSD,2999000,23893000,10,1,32,638,8.1,6000,Yes,No
CUST-05619,2024-11-07,November,11,Thursday,Q4,30,Female,Kano,Trader,SME,Mobile Loan,USSD,568000,923000,2,2,6,617,9.2,1100,No,No
CUST-05620,2024-11-09,November,11,Saturday,Q4,21,Male,Enugu,Entrepreneur,Student,Investment Fund,Mobile App,29000,239000,58,1,45,567,5.4,0,No,No
CUST-05621,2024-11-30,November,11,Saturday,Q4,18,Male,Abuja,Farmer,Student,Insurance Plan,Mobile App,10000,68000,110,1,33,455,10.0,0,No,No
CUST-05622,2024-09-18,September,9,Wednesday,Q3,29,Male,Lagos,Civil Servant,Retail,Current Account,Mobile App,99000,890000,88,5,38,502,7.3,100,No,No
CUST-05623,2024-05-16,May,5,Thursday,Q2,28,Male,Kano,Entrepreneur,SME,Insurance Plan,Web Portal,291000,3715000,49,2,14,661,8.8,400,No,No
CUST-05624,2024-03-13,March,3,Wednesday,Q1,35,Male,Lagos,Civil Servant,Retail,Credit Card,Mobile App,143000,2103000,47,4,21,574,4.8,100,No,No
CUST-05625,2024-05-19,May,5,Sunday,Q2,51,Male,Abuja,Entrepreneur,SME,Savings Account,Web Portal,781000,3536000,45,1,16,512,10.0,1200,No,No
CUST-05626,2024-05-05,May,5,Sunday,Q2,48,Female,Port Harcourt,Teacher,Retail,Savings Account,Branch,53000,448000,77,5,11,779,7.5,200,No,No
CUST-05627,2024-06-15,June,6,Saturday,Q2,35,Male,Ibadan,Civil Servant,Retail,Insurance Plan,Branch,50000,723000,37,1,7,714,5.3,200,No,No
CUST-05628,2024-06-17,June,6,Monday,Q2,56,Female,Abuja,Teacher,Retail,Fixed Deposit,Web Portal,432000,5907000,83,2,22,735,7.8,600,No,No
CUST-05629,2024-12-02,December,12,Monday,Q4,32,Female,Abuja,Trader,SME,Investment Fund,Branch,313000,1334000,4,5,40,532,5.5,900,Yes,No
CUST-05630,2024-03-13,March,3,Wednesday,Q1,57,Female,Kano,Accountant,Premium,Insurance Plan,Branch,1002000,8241000,77,1,23,546,6.0,3000,No,No
CUST-05631,2024-10-22,October,10,Tuesday,Q4,36,Female,Ibadan,Lawyer,Corporate,Fixed Deposit,Mobile App,495000,5914000,7,2,32,822,4.8,500,Yes,No
CUST-05632,2024-11-16,November,11,Saturday,Q4,39,Male,Ibadan,Entrepreneur,SME,Mortgage,Mobile App,984000,9596000,88,1,35,748,6.3,1000,No,No
CUST-05633,2024-06-27,June,6,Thursday,Q2,39,Male,Kano,Student,Student,Mobile Loan,Mobile App,5000,57000,55,2,31,549,8.0,0,No,No
CUST-05634,2024-11-02,November,11,Saturday,Q4,33,Female,Kano,Doctor,Premium,Current Account,Agent Banking,956000,1852000,50,2,41,760,9.9,2400,No,No
CUST-05635,2024-02-29,February,2,Thursday,Q1,39,Female,Ibadan,Student,Student,Investment Fund,Web Portal,9000,104000,80,1,12,504,7.7,0,No,No
CUST-05636,2024-07-15,July,7,Monday,Q3,57,Female,Enugu,Farmer,Retail,Fixed Deposit,USSD,646000,3862000,97,1,39,672,7.4,1300,No,No
CUST-05637,2024-10-11,October,10,Friday,Q4,41,Female,Lagos,Engineer,Corporate,Fixed Deposit,Mobile App,2798000,9092000,30,1,38,814,8.0,2800,Yes,No
CUST-05638,2024-10-20,October,10,Sunday,Q4,37,Female,Kano,Accountant,Premium,Current Account,Mobile App,504000,3331000,81,1,14,725,5.3,500,No,No
CUST-05639,2024-03-07,March,3,Thursday,Q1,23,Female,Port Harcourt,Doctor,Student,Mortgage,Mobile App,23000,147000,24,1,33,543,9.8,0,No,No
CUST-05640,2024-01-30,January,1,Tuesday,Q1,37,Female,Ibadan,Teacher,Retail,Insurance Plan,Mobile App,62000,216000,114,5,22,707,7.7,100,No,No
CUST-05641,2024-09-22,September,9,Sunday,Q3,53,Female,Port Harcourt,Trader,SME,Mobile Loan,Mobile App,204000,636000,23,1,26,559,5.4,200,No,No
CUST-05642,2024-04-11,April,4,Thursday,Q2,18,Male,Enugu,Trader,Student,Investment Fund,Mobile App,17000,185000,90,2,29,537,4.9,0,Yes,No
CUST-05643,2024-02-14,February,2,Wednesday,Q1,29,Male,Kano,Trader,SME,Mobile Loan,Mobile App,401000,1524000,88,2,37,467,8.8,400,Yes,No
CUST-05644,2024-04-19,April,4,Friday,Q2,38,Male,Abuja,Teacher,Retail,Current Account,Mobile App,36000,225000,116,2,42,511,3.9,0,No,No
CUST-05645,2024-11-13,November,11,Wednesday,Q4,29,Male,Lagos,Entrepreneur,SME,Insurance Plan,USSD,409000,2260000,40,3,32,442,9.7,800,No,No
CUST-05646,2024-11-17,November,11,Sunday,Q4,18,Male,Lagos,Doctor,Student,Credit Card,USSD,9000,125000,75,1,38,354,8.2,0,Yes,No
CUST-05647,2024-07-12,July,7,Friday,Q3,54,Female,Enugu,Civil Servant,Retail,Investment Fund,Mobile App,66000,414000,45,3,36,747,3.9,100,Yes,No
CUST-05648,2024-10-09,October,10,Wednesday,Q4,34,Male,Enugu,Teacher,Retail,Insurance Plan,Mobile App,19000,209000,108,1,1,726,9.6,0,No,No
CUST-05649,2024-04-07,April,4,Sunday,Q2,33,Female,Port Harcourt,Farmer,Retail,Mortgage,Web Portal,48000,110000,17,3,18,540,6.8,100,No,No
CUST-05650,2024-06-05,June,6,Wednesday,Q2,41,Male,Ibadan,Engineer,Corporate,Mobile Loan,Branch,1972000,6781000,64,1,16,740,7.2,5900,No,No
CUST-05651,2024-01-28,January,1,Sunday,Q1,18,Female,Ibadan,Civil Servant,Student,Investment Fund,Mobile App,17000,36000,17,5,41,590,2.7,0,Yes,No
CUST-05652,2024-11-18,November,11,Monday,Q4,38,Male,Kano,Doctor,Corporate,Mortgage,USSD,10413000,39891000,67,1,2,824,6.4,20800,No,No
CUST-05653,2024-06-19,June,6,Wednesday,Q2,41,Male,Enugu,Teacher,Retail,Current Account,Mobile App,151000,1307000,108,4,8,505,7.3,200,Yes,No
CUST-05654,2024-12-07,December,12,Saturday,Q4,50,Female,Lagos,Accountant,Premium,Current Account,USSD,865000,6896000,31,2,34,557,7.9,1700,Yes,No
CUST-05655,2024-06-15,June,6,Saturday,Q2,36,Female,Abuja,Lawyer,Corporate,Investment Fund,USSD,4379000,18408000,14,1,32,833,6.6,8800,No,No
CUST-05656,2024-04-25,April,4,Thursday,Q2,18,Male,Enugu,Entrepreneur,Student,Fixed Deposit,Mobile App,11000,60000,44,3,14,362,10.0,0,No,No
CUST-05657,2024-10-31,October,10,Thursday,Q4,33,Male,Kano,Civil Servant,Retail,Fixed Deposit,Agent Banking,65000,217000,6,1,40,585,9.9,200,No,No
CUST-05658,2024-03-06,March,3,Wednesday,Q1,42,Female,Port Harcourt,Doctor,Premium,Insurance Plan,Web Portal,8250000,37217000,30,1,8,424,4.9,12400,Yes,No
CUST-05659,2024-07-27,July,7,Saturday,Q3,30,Male,Ibadan,Teacher,Retail,Current Account,Branch,176000,2093000,70,5,31,787,8.8,500,Yes,No
CUST-05660,2024-07-09,July,7,Tuesday,Q3,27,Male,Port Harcourt,Civil Servant,Retail,Credit Card,Branch,134000,182000,38,2,23,424,6.2,400,No,No
CUST-05661,2024-05-16,May,5,Thursday,Q2,54,Male,Abuja,Student,Student,Savings Account,Agent Banking,51000,241000,21,3,8,454,6.6,100,No,No
CUST-05662,2024-06-11,June,6,Tuesday,Q2,43,Male,Lagos,Teacher,Retail,Insurance Plan,Agent Banking,203000,559000,85,1,11,745,6.1,500,No,No
CUST-05663,2024-04-04,April,4,Thursday,Q2,39,Male,Ibadan,Trader,SME,Insurance Plan,USSD,1097000,3579000,26,3,22,524,7.3,2200,No,No
CUST-05664,2024-01-19,January,1,Friday,Q1,48,Female,Kano,Entrepreneur,SME,Mobile Loan,Branch,259000,2727000,31,4,18,479,5.8,800,Yes,No
CUST-05665,2024-07-01,July,7,Monday,Q3,37,Male,Lagos,Teacher,Retail,Mobile Loan,Branch,69000,826000,26,1,41,676,5.1,200,No,No
CUST-05666,2024-11-17,November,11,Sunday,Q4,55,Female,Kano,Accountant,Corporate,Mobile Loan,USSD,3220000,3708000,71,3,4,677,9.7,6400,No,No
CUST-05667,2024-04-07,April,4,Sunday,Q2,40,Female,Enugu,Teacher,Retail,Insurance Plan,Mobile App,60000,705000,73,4,17,495,7.7,100,No,No
CUST-05668,2024-12-04,December,12,Wednesday,Q4,41,Male,Lagos,Accountant,Premium,Insurance Plan,Branch,1893000,8803000,15,3,18,625,6.2,5700,No,No
CUST-05669,2024-06-24,June,6,Monday,Q2,36,Female,Abuja,Civil Servant,Retail,Mobile Loan,Mobile App,36000,495000,102,1,7,669,7.6,0,Yes,No
CUST-05670,2024-03-12,March,3,Tuesday,Q1,27,Male,Port Harcourt,Accountant,Retail,Investment Fund,USSD,279000,2332000,109,2,42,435,6.7,600,Yes,No
CUST-05671,2024-05-27,May,5,Monday,Q2,42,Male,Port Harcourt,Teacher,Retail,Savings Account,Mobile App,38000,70000,18,1,24,551,5.4,0,No,No
CUST-05672,2024-11-21,November,11,Thursday,Q4,41,Male,Kano,Trader,SME,Current Account,Mobile App,139000,539000,30,3,31,435,8.4,100,No,No
CUST-05673,2024-01-03,January,1,Wednesday,Q1,68,Male,Abuja,Engineer,Corporate,Insurance Plan,Web Portal,1820000,9739000,77,4,11,706,9.2,2700,No,No
CUST-05674,2024-08-21,August,8,Wednesday,Q3,49,Female,Enugu,Accountant,Premium,Insurance Plan,Web Portal,7364000,8180000,46,2,9,647,4.3,11000,Yes,No
CUST-05675,2024-05-28,May,5,Tuesday,Q2,39,Male,Port Harcourt,Teacher,Retail,Mobile Loan,Web Portal,79000,655000,51,1,39,430,5.7,100,No,No
CUST-05676,2024-03-30,March,3,Saturday,Q1,30,Female,Kano,Student,Student,Insurance Plan,Branch,12000,45000,110,3,13,332,8.8,0,No,No
CUST-05677,2024-04-07,April,4,Sunday,Q2,39,Female,Enugu,Accountant,Premium,Savings Account,Branch,497000,6366000,59,2,13,557,6.3,1500,Yes,No
CUST-05678,2024-02-03,February,2,Saturday,Q1,24,Female,Kano,Accountant,Student,Fixed Deposit,Mobile App,23000,329000,31,5,14,456,6.3,0,No,No
CUST-05679,2024-08-20,August,8,Tuesday,Q3,29,Female,Abuja,Engineer,Retail,Current Account,Mobile App,211000,1259000,1,1,17,792,7.9,200,Yes,No
CUST-05680,2024-03-17,March,3,Sunday,Q1,33,Female,Lagos,Student,Student,Current Account,Mobile App,11000,158000,85,1,34,378,7.9,0,No,No
CUST-05681,2024-12-30,December,12,Monday,Q4,36,Female,Kano,Engineer,Premium,Savings Account,Web Portal,413000,3461000,81,4,17,467,5.3,600,No,No
CUST-05682,2024-11-14,November,11,Thursday,Q4,46,Male,Ibadan,Farmer,Retail,Current Account,Branch,243000,1530000,1,3,19,577,5.7,700,Yes,No
CUST-05683,2024-04-24,April,4,Wednesday,Q2,42,Male,Ibadan,Accountant,Premium,Savings Account,Branch,695000,6567000,109,2,23,609,9.7,2100,Yes,No
CUST-05684,2024-02-06,February,2,Tuesday,Q1,35,Female,Enugu,Engineer,Premium,Insurance Plan,Web Portal,540000,2049000,93,1,43,645,7.1,800,No,No
CUST-05685,2024-07-11,July,7,Thursday,Q3,40,Male,Enugu,Lawyer,Premium,Mortgage,Web Portal,1233000,1777000,81,4,31,516,8.2,1800,Yes,No
CUST-05686,2024-11-05,November,11,Tuesday,Q4,36,Female,Lagos,Trader,SME,Investment Fund,Web Portal,816000,11396000,26,2,42,725,7.7,1200,No,No
CUST-05687,2024-06-26,June,6,Wednesday,Q2,40,Female,Port Harcourt,Engineer,Corporate,Mobile Loan,Web Portal,2514000,26993000,86,1,25,621,6.8,3800,No,No
CUST-05688,2024-04-29,April,4,Monday,Q2,27,Female,Enugu,Entrepreneur,SME,Current Account,Web Portal,909000,6448000,32,1,31,789,9.2,1400,No,No
CUST-05689,2024-06-26,June,6,Wednesday,Q2,46,Female,Port Harcourt,Teacher,Retail,Insurance Plan,Web Portal,145000,1647000,30,3,12,589,8.9,200,Yes,No
CUST-05690,2024-10-14,October,10,Monday,Q4,29,Female,Lagos,Teacher,Retail,Savings Account,USSD,29000,339000,54,4,6,688,5.1,100,No,No
CUST-05691,2024-11-17,November,11,Sunday,Q4,37,Female,Kano,Entrepreneur,SME,Mortgage,Mobile App,434000,2508000,114,3,11,575,7.5,400,No,No
CUST-05692,2024-03-22,March,3,Friday,Q1,40,Male,Lagos,Entrepreneur,SME,Insurance Plan,Branch,336000,511000,19,1,20,587,8.1,1000,No,No
CUST-05693,2024-12-08,December,12,Sunday,Q4,24,Male,Port Harcourt,Doctor,Student,Mortgage,Mobile App,12000,30000,113,1,33,523,6.5,0,No,No
CUST-05694,2024-10-29,October,10,Tuesday,Q4,38,Male,Kano,Student,Student,Current Account,Mobile App,8000,57000,5,4,41,563,5.4,0,No,No
CUST-05695,2024-03-06,March,3,Wednesday,Q1,18,Female,Ibadan,Trader,Student,Savings Account,Agent Banking,17000,138000,65,1,22,419,5.4,0,Yes,No
CUST-05696,2024-10-25,October,10,Friday,Q4,32,Male,Kano,Trader,SME,Mortgage,Web Portal,302000,4319000,4,1,20,494,8.2,500,No,No
CUST-05697,2024-07-13,July,7,Saturday,Q3,32,Male,Enugu,Farmer,Retail,Mobile Loan,USSD,241000,2276000,106,1,4,569,9.2,500,No,No
CUST-05698,2024-09-30,September,9,Monday,Q3,49,Male,Abuja,Teacher,Retail,Credit Card,Mobile App,258000,3439000,112,3,24,666,3.5,300,Yes,No
CUST-05699,2024-01-31,January,1,Wednesday,Q1,34,Male,Abuja,Student,Student,Investment Fund,Web Portal,17000,28000,20,1,31,539,6.0,0,Yes,No
CUST-05700,2024-04-21,April,4,Sunday,Q2,32,Female,Kano,Accountant,Premium,Investment Fund,Mobile App,8176000,70313000,82,3,31,685,6.3,8200,No,No
CUST-05701,2024-11-15,November,11,Friday,Q4,47,Male,Port Harcourt,Farmer,Retail,Credit Card,Branch,81000,587000,51,2,4,486,8.2,200,Yes,No
CUST-05702,2024-01-19,January,1,Friday,Q1,37,Female,Ibadan,Trader,SME,Current Account,Branch,591000,5383000,9,1,36,739,6.6,1800,No,No
CUST-05703,2024-10-01,October,10,Tuesday,Q4,26,Female,Abuja,Lawyer,Retail,Mobile Loan,Web Portal,42000,164000,110,3,25,541,6.6,100,No,No
CUST-05704,2024-06-26,June,6,Wednesday,Q2,30,Female,Port Harcourt,Doctor,Retail,Savings Account,Mobile App,77000,516000,58,5,40,799,3.9,100,Yes,No
CUST-05705,2024-03-15,March,3,Friday,Q1,42,Male,Lagos,Trader,SME,Current Account,Web Portal,1260000,1617000,105,1,11,720,8.0,1900,No,No
CUST-05706,2024-01-12,January,1,Friday,Q1,37,Male,Ibadan,Student,Student,Investment Fund,Branch,25000,248000,61,2,6,409,5.1,100,Yes,No
CUST-05707,2024-12-24,December,12,Tuesday,Q4,33,Male,Enugu,Teacher,Retail,Mortgage,Agent Banking,12000,144000,69,1,17,614,6.2,0,No,No
CUST-05708,2024-12-10,December,12,Tuesday,Q4,40,Female,Kano,Lawyer,Corporate,Insurance Plan,Mobile App,5372000,45900000,99,2,39,676,6.8,5400,No,No
CUST-05709,2024-09-12,September,9,Thursday,Q3,45,Female,Lagos,Engineer,Premium,Insurance Plan,Branch,1870000,24179000,59,3,16,779,7.0,5600,No,No
CUST-05710,2024-09-07,September,9,Saturday,Q3,42,Male,Kano,Teacher,Retail,Fixed Deposit,Mobile App,35000,269000,5,1,24,554,7.3,0,Yes,No
CUST-05711,2024-11-08,November,11,Friday,Q4,55,Male,Abuja,Lawyer,Corporate,Mobile Loan,Branch,162000,596000,81,2,44,847,10.0,500,No,No
CUST-05712,2024-01-24,January,1,Wednesday,Q1,45,Female,Ibadan,Lawyer,Corporate,Insurance Plan,Web Portal,6553000,41728000,84,4,18,786,7.1,9800,No,No
CUST-05713,2024-07-13,July,7,Saturday,Q3,32,Female,Port Harcourt,Entrepreneur,SME,Savings Account,Mobile App,1456000,15449000,76,3,32,622,8.0,1500,No,No
CUST-05714,2024-07-15,July,7,Monday,Q3,58,Male,Ibadan,Civil Servant,Retail,Credit Card,Web Portal,220000,385000,99,2,17,757,10.0,300,No,No
CUST-05715,2024-07-15,July,7,Monday,Q3,40,Female,Port Harcourt,Civil Servant,Retail,Insurance Plan,Mobile App,86000,499000,33,2,18,438,8.4,100,No,No
CUST-05716,2024-11-07,November,11,Thursday,Q4,25,Female,Enugu,Accountant,Retail,Credit Card,Mobile App,234000,1531000,5,4,26,676,7.1,200,Yes,No
CUST-05717,2024-02-18,February,2,Sunday,Q1,36,Female,Kano,Engineer,Premium,Fixed Deposit,Web Portal,1032000,7815000,66,2,22,528,8.4,1500,No,No
CUST-05718,2024-02-20,February,2,Tuesday,Q1,38,Male,Kano,Lawyer,Premium,Investment Fund,Mobile App,1625000,3506000,62,2,22,562,4.4,1600,No,No
CUST-05719,2024-05-04,May,5,Saturday,Q2,49,Female,Port Harcourt,Student,Student,Mobile Loan,Branch,8000,19000,110,3,42,577,4.7,0,No,No
CUST-05720,2024-04-05,April,4,Friday,Q2,45,Female,Abuja,Accountant,Corporate,Investment Fund,Mobile App,10414000,38078000,93,2,16,672,10.0,10400,No,No
CUST-05721,2024-10-14,October,10,Monday,Q4,49,Female,Port Harcourt,Engineer,Premium,Savings Account,Mobile App,166000,1802000,86,4,6,752,4.3,200,Yes,No
CUST-05722,2024-08-09,August,8,Friday,Q3,38,Female,Port Harcourt,Doctor,Premium,Mobile Loan,Branch,7285000,84080000,13,1,42,628,4.9,21900,Yes,No
CUST-05723,2024-08-26,August,8,Monday,Q3,37,Male,Ibadan,Engineer,Premium,Current Account,Web Portal,734000,7991000,87,2,7,772,6.8,1100,No,No
CUST-05724,2024-02-01,February,2,Thursday,Q1,28,Female,Ibadan,Student,Student,Insurance Plan,Mobile App,27000,162000,111,1,23,341,6.9,0,No,No
CUST-05725,2024-08-17,August,8,Saturday,Q3,34,Male,Ibadan,Farmer,Retail,Current Account,Branch,57000,578000,53,1,7,635,4.7,200,No,No
CUST-05726,2024-09-20,September,9,Friday,Q3,54,Female,Kano,Accountant,Premium,Mobile Loan,Branch,1968000,27212000,65,1,9,761,5.8,5900,No,No
CUST-05727,2024-12-27,December,12,Friday,Q4,28,Male,Ibadan,Lawyer,Retail,Credit Card,Web Portal,26000,79000,93,3,3,691,6.6,0,No,No
CUST-05728,2024-10-29,October,10,Tuesday,Q4,24,Female,Enugu,Doctor,Student,Credit Card,Web Portal,5000,12000,55,3,41,366,5.8,0,Yes,No
CUST-05729,2024-11-20,November,11,Wednesday,Q4,18,Female,Enugu,Lawyer,Student,Mortgage,Web Portal,36000,383000,101,5,17,400,6.8,100,No,No
CUST-05730,2024-07-29,July,7,Monday,Q3,31,Female,Kano,Doctor,Corporate,Savings Account,Branch,4551000,49275000,90,3,35,655,8.5,13700,No,No
CUST-05731,2024-02-27,February,2,Tuesday,Q1,68,Female,Port Harcourt,Accountant,Corporate,Mortgage,Branch,1602000,19233000,41,1,7,765,6.0,4800,Yes,No
CUST-05732,2024-12-10,December,12,Tuesday,Q4,38,Male,Abuja,Trader,SME,Mortgage,Branch,245000,2326000,10,4,33,659,9.8,700,Yes,No
CUST-05733,2024-05-22,May,5,Wednesday,Q2,36,Female,Ibadan,Student,Student,Fixed Deposit,Web Portal,5000,52000,42,3,16,408,6.5,0,No,No
CUST-05734,2024-03-11,March,3,Monday,Q1,55,Female,Ibadan,Farmer,Retail,Savings Account,Agent Banking,319000,2940000,40,2,16,784,9.2,800,No,No
CUST-05735,2024-02-17,February,2,Saturday,Q1,28,Female,Port Harcourt,Entrepreneur,SME,Mortgage,USSD,146000,1476000,88,1,11,661,8.4,300,No,No
CUST-05736,2024-06-27,June,6,Thursday,Q2,18,Female,Abuja,Accountant,Student,Mobile Loan,Mobile App,7000,12000,94,2,27,503,5.6,0,No,No
CUST-05737,2024-10-13,October,10,Sunday,Q4,46,Male,Enugu,Lawyer,Premium,Credit Card,Mobile App,675000,6961000,12,1,7,700,7.9,700,No,No
CUST-05738,2024-08-25,August,8,Sunday,Q3,31,Male,Kano,Doctor,Corporate,Savings Account,Branch,611000,7740000,17,3,37,792,8.2,1800,Yes,No
CUST-05739,2024-07-25,July,7,Thursday,Q3,53,Female,Port Harcourt,Farmer,Retail,Current Account,Branch,49000,106000,40,3,30,789,5.9,100,No,No
CUST-05740,2024-10-17,October,10,Thursday,Q4,53,Female,Kano,Farmer,Retail,Current Account,Mobile App,132000,1939000,49,1,8,769,8.4,100,Yes,No
CUST-05741,2024-07-29,July,7,Monday,Q3,48,Male,Enugu,Lawyer,Premium,Mortgage,Web Portal,722000,1386000,99,4,23,540,8.4,1100,No,No
CUST-05742,2024-12-06,December,12,Friday,Q4,23,Male,Ibadan,Student,Student,Fixed Deposit,USSD,26000,320000,44,2,43,335,7.4,100,No,No
CUST-05743,2024-12-27,December,12,Friday,Q4,55,Female,Ibadan,Farmer,Retail,Investment Fund,Web Portal,532000,5642000,104,5,44,494,5.4,800,No,No
CUST-05744,2024-11-13,November,11,Wednesday,Q4,48,Male,Port Harcourt,Engineer,Premium,Investment Fund,Branch,1224000,9632000,76,2,12,536,6.7,3700,No,No
CUST-05745,2024-07-16,July,7,Tuesday,Q3,41,Female,Kano,Engineer,Premium,Mortgage,Branch,100000,198000,35,3,6,533,8.0,300,Yes,No
CUST-05746,2024-01-08,January,1,Monday,Q1,31,Male,Ibadan,Farmer,Retail,Mortgage,Mobile App,438000,4062000,61,1,28,468,7.4,400,No,No
CUST-05747,2024-06-17,June,6,Monday,Q2,39,Male,Lagos,Engineer,Premium,Savings Account,Web Portal,655000,1793000,60,3,21,796,7.7,1000,No,No
CUST-05748,2024-07-23,July,7,Tuesday,Q3,18,Male,Port Harcourt,Teacher,Student,Current Account,Mobile App,24000,222000,34,1,22,444,6.6,0,Yes,No
CUST-05749,2024-06-23,June,6,Sunday,Q2,52,Female,Enugu,Teacher,Retail,Investment Fund,Branch,170000,620000,42,5,26,427,6.1,500,No,No
CUST-05750,2024-06-22,June,6,Saturday,Q2,30,Male,Ibadan,Lawyer,Retail,Mortgage,USSD,124000,1507000,113,1,8,526,4.7,200,Yes,No
CUST-05751,2024-11-15,November,11,Friday,Q4,50,Male,Abuja,Lawyer,Corporate,Credit Card,Branch,3621000,42072000,54,2,44,638,5.1,10900,No,No
CUST-05752,2024-03-18,March,3,Monday,Q1,41,Female,Kano,Student,Student,Fixed Deposit,Web Portal,11000,21000,109,2,7,597,9.1,0,No,No
CUST-05753,2024-07-22,July,7,Monday,Q3,24,Female,Lagos,Engineer,Student,Investment Fund,Web Portal,25000,327000,96,2,32,399,5.7,0,No,No
CUST-05754,2024-04-12,April,4,Friday,Q2,57,Female,Enugu,Engineer,Corporate,Savings Account,Agent Banking,513000,5613000,103,2,27,792,6.7,1300,No,No
CUST-05755,2024-11-21,November,11,Thursday,Q4,52,Male,Enugu,Trader,SME,Credit Card,Web Portal,353000,1279000,116,5,4,764,5.1,500,No,No
CUST-05756,2024-07-03,July,7,Wednesday,Q3,24,Female,Enugu,Teacher,Student,Savings Account,Branch,3000,36000,78,1,6,507,9.3,0,Yes,No
CUST-05757,2024-07-17,July,7,Wednesday,Q3,36,Female,Kano,Civil Servant,Retail,Mobile Loan,Mobile App,46000,440000,7,4,4,473,10.0,0,No,No
CUST-05758,2024-07-20,July,7,Saturday,Q3,28,Female,Ibadan,Accountant,Retail,Credit Card,Mobile App,272000,2369000,84,5,14,777,6.1,300,No,No
CUST-05759,2024-02-29,February,2,Thursday,Q1,18,Male,Enugu,Doctor,Student,Credit Card,USSD,21000,156000,55,1,15,423,7.2,0,Yes,No
CUST-05760,2024-12-02,December,12,Monday,Q4,25,Female,Kano,Trader,SME,Savings Account,Web Portal,230000,2205000,82,3,43,569,6.6,300,No,No
CUST-05761,2024-06-01,June,6,Saturday,Q2,29,Male,Port Harcourt,Lawyer,Retail,Fixed Deposit,USSD,127000,1333000,85,1,29,548,9.5,300,No,No
CUST-05762,2024-05-19,May,5,Sunday,Q2,35,Female,Enugu,Trader,SME,Investment Fund,Web Portal,940000,5698000,16,2,28,628,6.7,1400,No,No
CUST-05763,2024-12-13,December,12,Friday,Q4,41,Female,Abuja,Trader,SME,Mortgage,Mobile App,315000,2813000,67,1,36,711,6.6,300,No,No
CUST-05764,2024-10-23,October,10,Wednesday,Q4,45,Male,Lagos,Civil Servant,Retail,Mobile Loan,Branch,104000,1297000,63,1,23,540,3.6,300,No,No
CUST-05765,2024-03-31,March,3,Sunday,Q1,51,Male,Port Harcourt,Student,Student,Mobile Loan,USSD,13000,184000,25,3,39,363,5.9,0,No,No
CUST-05766,2024-05-22,May,5,Wednesday,Q2,45,Female,Abuja,Doctor,Corporate,Investment Fund,Web Portal,504000,1617000,111,2,31,667,7.1,800,No,No
CUST-05767,2024-11-30,November,11,Saturday,Q4,41,Female,Enugu,Engineer,Premium,Savings Account,Web Portal,738000,5729000,82,3,17,684,5.4,1100,No,No
CUST-05768,2024-03-29,March,3,Friday,Q1,55,Female,Port Harcourt,Farmer,Retail,Fixed Deposit,Agent Banking,652000,9002000,15,4,18,780,9.4,1600,No,No
CUST-05769,2024-12-27,December,12,Friday,Q4,28,Female,Kano,Farmer,Retail,Mortgage,Mobile App,111000,567000,83,1,12,782,6.6,100,Yes,No
CUST-05770,2024-08-17,August,8,Saturday,Q3,37,Male,Port Harcourt,Lawyer,Corporate,Investment Fund,Mobile App,4524000,37604000,54,3,13,801,6.3,4500,No,No
CUST-05771,2024-10-23,October,10,Wednesday,Q4,34,Female,Port Harcourt,Accountant,Premium,Investment Fund,Agent Banking,583000,3886000,55,2,7,625,6.2,1500,No,No
CUST-05772,2024-08-02,August,8,Friday,Q3,58,Male,Ibadan,Civil Servant,Retail,Savings Account,Mobile App,273000,2825000,118,1,16,573,8.4,300,No,No
CUST-05773,2024-05-11,May,5,Saturday,Q2,36,Male,Kano,Doctor,Premium,Savings Account,USSD,269000,1717000,6,3,19,460,5.0,500,No,No
CUST-05774,2024-05-10,May,5,Friday,Q2,54,Female,Kano,Student,Student,Current Account,Branch,2000,22000,95,2,11,403,4.9,0,No,No
CUST-05775,2024-04-09,April,4,Tuesday,Q2,26,Female,Kano,Farmer,Retail,Fixed Deposit,Web Portal,258000,337000,88,1,39,621,7.7,400,No,No
CUST-05776,2024-08-01,August,8,Thursday,Q3,18,Female,Port Harcourt,Lawyer,Student,Fixed Deposit,Mobile App,10000,147000,88,3,2,384,5.4,0,Yes,No
CUST-05777,2024-06-28,June,6,Friday,Q2,30,Female,Kano,Entrepreneur,SME,Fixed Deposit,Mobile App,334000,1842000,3,3,22,635,6.3,300,No,No
CUST-05778,2024-08-06,August,8,Tuesday,Q3,24,Male,Lagos,Farmer,Student,Mobile Loan,Agent Banking,26000,364000,113,2,31,578,6.1,100,No,No
CUST-05779,2024-03-02,March,3,Saturday,Q1,50,Male,Enugu,Teacher,Retail,Fixed Deposit,Mobile App,81000,1059000,75,1,16,430,6.4,100,No,No
CUST-05780,2024-03-27,March,3,Wednesday,Q1,20,Male,Enugu,Teacher,Student,Fixed Deposit,Mobile App,8000,11000,59,3,27,452,1.3,0,No,No
CUST-05781,2024-03-16,March,3,Saturday,Q1,18,Male,Enugu,Doctor,Student,Savings Account,Mobile App,2000,4000,3,1,43,540,7.9,0,Yes,No
CUST-05782,2024-02-01,February,2,Thursday,Q1,62,Male,Ibadan,Entrepreneur,SME,Current Account,Mobile App,134000,1828000,32,4,15,482,9.3,100,Yes,No
CUST-05783,2024-09-07,September,9,Saturday,Q3,23,Male,Abuja,Lawyer,Student,Insurance Plan,Mobile App,18000,17000,54,2,33,340,4.9,0,No,No
CUST-05784,2024-11-19,November,11,Tuesday,Q4,35,Female,Abuja,Farmer,Retail,Fixed Deposit,Web Portal,119000,828000,88,2,21,451,9.0,200,No,No
CUST-05785,2024-03-08,March,3,Friday,Q1,45,Female,Port Harcourt,Engineer,Premium,Credit Card,Web Portal,2170000,7320000,18,1,41,585,7.6,3300,No,No
CUST-05786,2024-12-06,December,12,Friday,Q4,39,Male,Lagos,Trader,SME,Fixed Deposit,Agent Banking,149000,1519000,9,1,23,774,10.0,400,Yes,No
CUST-05787,2024-11-05,November,11,Tuesday,Q4,52,Female,Ibadan,Teacher,Retail,Insurance Plan,Branch,341000,1562000,8,2,5,461,8.7,1000,No,No
CUST-05788,2024-09-10,September,9,Tuesday,Q3,45,Female,Ibadan,Trader,SME,Investment Fund,Branch,534000,1417000,93,1,2,491,3.0,1600,No,No
CUST-05789,2024-06-10,June,6,Monday,Q2,42,Female,Ibadan,Lawyer,Premium,Mobile Loan,Web Portal,1297000,2310000,18,3,41,614,8.0,1900,No,No
CUST-05790,2024-04-26,April,4,Friday,Q2,46,Female,Abuja,Farmer,Retail,Fixed Deposit,Mobile App,785000,865000,103,1,19,772,6.4,800,No,No
CUST-05791,2024-03-24,March,3,Sunday,Q1,20,Male,Enugu,Accountant,Student,Mobile Loan,USSD,34000,145000,67,2,2,433,7.1,100,No,No
CUST-05792,2024-04-26,April,4,Friday,Q2,54,Male,Port Harcourt,Entrepreneur,SME,Mobile Loan,Web Portal,703000,7404000,118,3,8,778,6.6,1100,Yes,No
CUST-05793,2024-06-16,June,6,Sunday,Q2,43,Female,Abuja,Accountant,Corporate,Current Account,Agent Banking,5428000,24856000,18,1,7,816,5.4,13600,No,Yes
CUST-05794,2024-05-13,May,5,Monday,Q2,49,Female,Lagos,Civil Servant,Retail,Mortgage,Mobile App,235000,1983000,119,1,27,741,9.3,200,No,No
CUST-05795,2024-12-16,December,12,Monday,Q4,64,Female,Port Harcourt,Entrepreneur,SME,Credit Card,Web Portal,495000,6695000,41,3,18,656,7.9,700,Yes,No
CUST-05796,2024-09-23,September,9,Monday,Q3,60,Male,Port Harcourt,Lawyer,Corporate,Credit Card,Agent Banking,2197000,15586000,68,3,19,787,6.2,5500,No,No
CUST-05797,2024-06-19,June,6,Wednesday,Q2,38,Female,Kano,Student,Student,Mobile Loan,Branch,15000,150000,87,1,12,596,6.4,0,No,No
CUST-05798,2024-09-24,September,9,Tuesday,Q3,31,Male,Enugu,Farmer,Retail,Insurance Plan,Branch,341000,4383000,52,2,11,772,6.6,1000,No,No
CUST-05799,2024-09-14,September,9,Saturday,Q3,52,Male,Kano,Lawyer,Corporate,Fixed Deposit,Mobile App,2106000,24559000,9,3,36,848,8.6,2100,Yes,No
CUST-05800,2024-12-27,December,12,Friday,Q4,20,Male,Port Harcourt,Teacher,Student,Current Account,USSD,33000,182000,5,4,38,436,5.5,100,No,No
CUST-05801,2024-12-16,December,12,Monday,Q4,39,Male,Abuja,Student,Student,Current Account,Agent Banking,17000,207000,22,2,31,338,9.5,0,No,No
CUST-05802,2024-04-28,April,4,Sunday,Q2,40,Male,Lagos,Doctor,Premium,Fixed Deposit,Mobile App,1441000,4301000,28,4,21,488,3.3,1400,No,No
CUST-05803,2024-04-22,April,4,Monday,Q2,33,Male,Enugu,Trader,SME,Current Account,Web Portal,415000,3949000,35,3,6,433,4.8,600,No,No
CUST-05804,2024-10-26,October,10,Saturday,Q4,24,Male,Enugu,Trader,Student,Credit Card,Mobile App,13000,50000,79,4,42,374,6.9,0,Yes,No
CUST-05805,2024-03-29,March,3,Friday,Q1,44,Female,Lagos,Student,Student,Insurance Plan,USSD,40000,580000,16,2,42,603,8.3,100,Yes,No
CUST-05806,2024-04-02,April,4,Tuesday,Q2,22,Male,Port Harcourt,Engineer,Student,Investment Fund,Mobile App,16000,37000,109,2,3,382,7.8,0,No,No
CUST-05807,2024-04-21,April,4,Sunday,Q2,41,Female,Enugu,Student,Student,Fixed Deposit,USSD,17000,158000,4,3,15,476,7.6,0,No,No
CUST-05808,2024-05-24,May,5,Friday,Q2,39,Male,Enugu,Accountant,Premium,Mobile Loan,Web Portal,443000,6365000,66,3,32,450,8.7,700,No,No
CUST-05809,2024-11-08,November,11,Friday,Q4,38,Male,Enugu,Entrepreneur,SME,Mobile Loan,Mobile App,503000,3285000,61,1,26,466,5.3,500,No,No
CUST-05810,2024-06-04,June,6,Tuesday,Q2,42,Male,Kano,Farmer,Retail,Mortgage,Web Portal,63000,708000,97,5,37,435,8.5,100,No,No
CUST-05811,2024-10-17,October,10,Thursday,Q4,34,Male,Kano,Engineer,Premium,Investment Fund,USSD,4033000,27562000,87,5,40,614,5.5,8100,No,No
CUST-05812,2024-03-02,March,3,Saturday,Q1,44,Female,Enugu,Doctor,Premium,Mobile Loan,Web Portal,778000,10523000,72,1,29,601,6.8,1200,Yes,No
CUST-05813,2024-04-11,April,4,Thursday,Q2,20,Male,Ibadan,Accountant,Student,Fixed Deposit,USSD,7000,73000,54,2,43,465,3.2,0,Yes,No
CUST-05814,2024-01-16,January,1,Tuesday,Q1,24,Male,Ibadan,Entrepreneur,Student,Fixed Deposit,USSD,16000,31000,65,4,37,570,9.0,0,No,No
CUST-05815,2024-04-24,April,4,Wednesday,Q2,30,Male,Abuja,Civil Servant,Retail,Insurance Plan,Branch,136000,151000,34,3,38,498,8.2,400,No,No
CUST-05816,2024-03-06,March,3,Wednesday,Q1,23,Male,Enugu,Civil Servant,Student,Credit Card,Mobile App,14000,165000,8,2,8,355,6.2,0,No,No
CUST-05817,2024-11-06,November,11,Wednesday,Q4,33,Male,Abuja,Teacher,Retail,Mortgage,Web Portal,184000,1736000,61,3,31,492,8.7,300,No,No
CUST-05818,2024-01-12,January,1,Friday,Q1,55,Female,Port Harcourt,Teacher,Retail,Insurance Plan,Mobile App,464000,5735000,33,1,3,671,5.0,500,No,No
CUST-05819,2024-12-15,December,12,Sunday,Q4,29,Female,Enugu,Trader,SME,Credit Card,Mobile App,113000,300000,18,3,18,786,8.5,100,No,No
CUST-05820,2024-05-26,May,5,Sunday,Q2,51,Female,Abuja,Civil Servant,Retail,Fixed Deposit,Web Portal,148000,1053000,4,2,42,482,9.9,200,No,No
CUST-05821,2024-09-06,September,9,Friday,Q3,31,Male,Kano,Entrepreneur,SME,Insurance Plan,Web Portal,1570000,18289000,48,2,10,525,7.1,2400,Yes,No
CUST-05822,2024-06-17,June,6,Monday,Q2,65,Male,Ibadan,Engineer,Premium,Current Account,Mobile App,3679000,52013000,80,1,9,461,5.6,3700,No,No
CUST-05823,2024-10-31,October,10,Thursday,Q4,45,Female,Abuja,Entrepreneur,SME,Investment Fund,Branch,594000,4244000,51,3,42,794,8.3,1800,Yes,No
CUST-05824,2024-11-19,November,11,Tuesday,Q4,32,Male,Enugu,Student,Student,Credit Card,Branch,19000,110000,56,2,39,539,7.4,100,No,No
CUST-05825,2024-12-04,December,12,Wednesday,Q4,35,Female,Abuja,Doctor,Premium,Investment Fund,Mobile App,51000,424000,82,3,10,690,7.1,100,No,No
CUST-05826,2024-03-26,March,3,Tuesday,Q1,44,Male,Kano,Doctor,Premium,Savings Account,Branch,1182000,4329000,73,3,31,719,5.7,3500,No,No
CUST-05827,2024-11-16,November,11,Saturday,Q4,43,Male,Ibadan,Entrepreneur,SME,Credit Card,Web Portal,1662000,16575000,54,3,12,653,6.4,2500,No,No
CUST-05828,2024-04-18,April,4,Thursday,Q2,29,Male,Kano,Engineer,Retail,Insurance Plan,Mobile App,98000,647000,79,1,26,772,7.9,100,No,No
CUST-05829,2024-02-04,February,2,Sunday,Q1,56,Female,Ibadan,Civil Servant,Retail,Credit Card,Web Portal,254000,3742000,2,3,40,474,7.1,400,No,No
CUST-05830,2024-11-21,November,11,Thursday,Q4,23,Male,Ibadan,Doctor,Student,Investment Fund,USSD,17000,66000,120,1,6,374,6.4,0,No,No
CUST-05831,2024-01-29,January,1,Monday,Q1,25,Female,Port Harcourt,Accountant,Retail,Current Account,Branch,649000,4341000,21,3,31,600,8.0,1900,No,No
CUST-05832,2024-06-30,June,6,Sunday,Q2,51,Male,Enugu,Accountant,Corporate,Insurance Plan,USSD,2758000,4492000,112,3,39,810,7.7,5500,No,No
CUST-05833,2024-12-30,December,12,Monday,Q4,22,Male,Abuja,Student,Student,Insurance Plan,Web Portal,28000,374000,79,3,40,514,9.7,0,No,No
CUST-05834,2024-11-11,November,11,Monday,Q4,35,Female,Kano,Entrepreneur,SME,Current Account,Mobile App,226000,1993000,65,1,19,540,10.0,200,No,No
CUST-05835,2024-11-15,November,11,Friday,Q4,25,Male,Ibadan,Lawyer,Retail,Current Account,Mobile App,338000,4071000,75,1,21,675,3.6,300,No,No
CUST-05836,2024-11-29,November,11,Friday,Q4,18,Male,Enugu,Engineer,Student,Fixed Deposit,Branch,4000,50000,98,1,32,552,8.2,0,No,No
CUST-05837,2024-09-14,September,9,Saturday,Q3,29,Male,Enugu,Doctor,Retail,Fixed Deposit,USSD,229000,3156000,120,1,36,739,9.1,500,No,No
CUST-05838,2024-01-03,January,1,Wednesday,Q1,37,Male,Port Harcourt,Teacher,Retail,Credit Card,Mobile App,1126000,9510000,91,4,20,571,6.5,1100,No,No
CUST-05839,2024-03-21,March,3,Thursday,Q1,30,Male,Enugu,Accountant,Retail,Savings Account,Web Portal,127000,1764000,22,1,27,546,8.6,200,Yes,No
CUST-05840,2024-04-28,April,4,Sunday,Q2,36,Male,Kano,Civil Servant,Retail,Savings Account,Web Portal,136000,816000,24,5,15,608,6.5,200,No,No
CUST-05841,2024-11-20,November,11,Wednesday,Q4,36,Male,Enugu,Student,Student,Investment Fund,Agent Banking,18000,244000,60,1,45,403,7.6,0,No,No
CUST-05842,2024-04-09,April,4,Tuesday,Q2,52,Male,Kano,Lawyer,Corporate,Mobile Loan,USSD,1196000,11901000,41,2,18,656,4.6,2400,No,No
CUST-05843,2024-04-04,April,4,Thursday,Q2,46,Male,Port Harcourt,Teacher,Retail,Credit Card,Web Portal,178000,1242000,38,2,41,421,5.9,300,No,No
CUST-05844,2024-06-12,June,6,Wednesday,Q2,35,Male,Kano,Civil Servant,Retail,Mobile Loan,Branch,237000,1824000,81,3,29,665,4.6,700,Yes,No
CUST-05845,2024-10-22,October,10,Tuesday,Q4,35,Female,Kano,Student,Student,Credit Card,Agent Banking,12000,108000,94,1,44,601,6.6,0,No,No
CUST-05846,2024-03-31,March,3,Sunday,Q1,24,Male,Lagos,Farmer,Student,Fixed Deposit,USSD,11000,38000,68,5,30,326,8.4,0,No,No
CUST-05847,2024-04-16,April,4,Tuesday,Q2,32,Male,Lagos,Teacher,Retail,Credit Card,Web Portal,75000,512000,112,3,12,637,5.6,100,No,No
CUST-05848,2024-07-13,July,7,Saturday,Q3,35,Male,Abuja,Farmer,Retail,Mobile Loan,Web Portal,440000,572000,24,2,16,510,9.1,700,No,No
CUST-05849,2024-04-29,April,4,Monday,Q2,34,Female,Abuja,Teacher,Retail,Mobile Loan,Branch,47000,456000,112,1,38,544,6.8,100,No,No
CUST-05850,2024-06-02,June,6,Sunday,Q2,48,Male,Lagos,Entrepreneur,SME,Insurance Plan,Web Portal,366000,589000,10,3,22,642,5.9,500,No,No
CUST-05851,2024-01-05,January,1,Friday,Q1,29,Female,Enugu,Student,Student,Mortgage,Web Portal,51000,469000,5,2,24,417,9.0,100,No,No
CUST-05852,2024-08-05,August,8,Monday,Q3,27,Female,Kano,Doctor,Retail,Investment Fund,USSD,74000,1097000,49,4,32,698,5.5,100,Yes,No
CUST-05853,2024-05-30,May,5,Thursday,Q2,33,Male,Lagos,Teacher,Retail,Credit Card,Web Portal,686000,553000,44,5,18,453,8.1,1000,No,No
CUST-05854,2024-06-06,June,6,Thursday,Q2,18,Male,Lagos,Student,Student,Savings Account,Mobile App,27000,297000,32,3,7,618,7.8,0,No,No
CUST-05855,2024-08-27,August,8,Tuesday,Q3,43,Male,Port Harcourt,Doctor,Premium,Savings Account,USSD,172000,1340000,24,1,2,656,6.8,300,No,No
CUST-05856,2024-01-06,January,1,Saturday,Q1,22,Female,Port Harcourt,Teacher,Student,Mortgage,Web Portal,28000,123000,81,2,13,512,5.8,0,No,No
CUST-05857,2024-07-29,July,7,Monday,Q3,26,Female,Enugu,Teacher,Retail,Mortgage,Mobile App,100000,308000,71,2,26,708,10.0,100,No,No
CUST-05858,2024-04-14,April,4,Sunday,Q2,42,Female,Port Harcourt,Student,Student,Credit Card,Agent Banking,12000,10000,91,1,12,608,6.8,0,No,No
CUST-05859,2024-09-10,September,9,Tuesday,Q3,30,Male,Lagos,Doctor,Retail,Fixed Deposit,Mobile App,182000,2616000,117,1,13,456,5.0,200,No,No
CUST-05860,2024-01-13,January,1,Saturday,Q1,37,Female,Ibadan,Entrepreneur,SME,Insurance Plan,Web Portal,86000,935000,29,3,10,778,5.3,100,No,No
CUST-05861,2024-08-17,August,8,Saturday,Q3,50,Male,Kano,Teacher,Retail,Mobile Loan,USSD,147000,514000,113,1,13,633,3.7,300,No,No
CUST-05862,2024-03-08,March,3,Friday,Q1,36,Female,Abuja,Accountant,Corporate,Mobile Loan,Mobile App,615000,7764000,49,1,26,706,8.4,600,No,No
CUST-05863,2024-02-16,February,2,Friday,Q1,48,Male,Kano,Entrepreneur,SME,Credit Card,Branch,360000,4761000,80,5,12,490,3.2,1100,Yes,No
CUST-05864,2024-08-09,August,8,Friday,Q3,26,Female,Port Harcourt,Farmer,Retail,Investment Fund,USSD,271000,3711000,53,5,5,586,7.5,500,Yes,No
CUST-05865,2024-07-31,July,7,Wednesday,Q3,38,Female,Port Harcourt,Engineer,Premium,Mobile Loan,Web Portal,6995000,19071000,35,1,13,796,9.1,10500,No,No
CUST-05866,2024-12-25,December,12,Wednesday,Q4,33,Female,Lagos,Entrepreneur,SME,Insurance Plan,USSD,353000,1898000,2,4,23,579,6.5,700,No,No
CUST-05867,2024-03-31,March,3,Sunday,Q1,48,Female,Ibadan,Doctor,Premium,Insurance Plan,Mobile App,3745000,21428000,89,4,38,731,9.8,3700,No,No
CUST-05868,2024-03-25,March,3,Monday,Q1,36,Female,Port Harcourt,Civil Servant,Retail,Mobile Loan,Mobile App,162000,2040000,12,5,42,497,6.7,200,No,No
CUST-05869,2024-06-07,June,6,Friday,Q2,40,Male,Port Harcourt,Farmer,Retail,Savings Account,USSD,78000,1130000,103,4,42,760,8.0,200,No,No
CUST-05870,2024-06-30,June,6,Sunday,Q2,31,Female,Abuja,Entrepreneur,SME,Mortgage,Mobile App,1831000,6519000,86,2,33,737,10.0,1800,No,No
CUST-05871,2024-03-11,March,3,Monday,Q1,41,Male,Enugu,Lawyer,Corporate,Savings Account,Web Portal,15124000,223259000,90,1,14,729,5.7,22700,Yes,No
CUST-05872,2024-02-12,February,2,Monday,Q1,55,Female,Kano,Farmer,Retail,Investment Fund,USSD,101000,355000,56,2,30,541,4.4,200,No,No
CUST-05873,2024-11-14,November,11,Thursday,Q4,39,Female,Enugu,Entrepreneur,SME,Fixed Deposit,Mobile App,229000,202000,101,2,38,464,5.1,200,No,No
CUST-05874,2024-08-01,August,8,Thursday,Q3,28,Male,Lagos,Civil Servant,Retail,Investment Fund,Mobile App,81000,176000,53,2,9,729,6.5,100,No,No
CUST-05875,2024-05-28,May,5,Tuesday,Q2,20,Male,Enugu,Student,Student,Insurance Plan,USSD,14000,112000,102,3,9,348,9.7,0,No,No
CUST-05876,2024-02-05,February,2,Monday,Q1,26,Female,Kano,Engineer,Retail,Mobile Loan,Web Portal,60000,533000,104,3,15,582,4.0,100,Yes,No
CUST-05877,2024-06-27,June,6,Thursday,Q2,34,Female,Ibadan,Trader,SME,Fixed Deposit,Mobile App,463000,946000,117,3,13,633,10.0,500,No,No
CUST-05878,2024-02-24,February,2,Saturday,Q1,43,Female,Lagos,Student,Student,Credit Card,Mobile App,16000,216000,7,2,25,507,9.0,0,No,No
CUST-05879,2024-10-03,October,10,Thursday,Q4,42,Male,Enugu,Accountant,Premium,Credit Card,Branch,521000,3757000,60,1,37,578,8.3,1600,Yes,No
CUST-05880,2024-04-30,April,4,Tuesday,Q2,33,Female,Enugu,Teacher,Retail,Insurance Plan,Branch,108000,1202000,78,2,42,711,3.2,300,No,No
CUST-05881,2024-04-12,April,4,Friday,Q2,38,Male,Port Harcourt,Doctor,Premium,Savings Account,USSD,99000,325000,115,2,45,484,8.2,200,No,No
CUST-05882,2024-07-28,July,7,Sunday,Q3,42,Male,Ibadan,Farmer,Retail,Mortgage,Mobile App,59000,851000,21,1,2,658,3.7,100,Yes,No
CUST-05883,2024-06-20,June,6,Thursday,Q2,47,Female,Port Harcourt,Teacher,Retail,Insurance Plan,Branch,275000,1170000,68,3,35,557,8.0,800,No,No
CUST-05884,2024-06-28,June,6,Friday,Q2,40,Female,Lagos,Trader,SME,Investment Fund,Mobile App,1140000,13095000,85,3,29,751,5.8,1100,Yes,No
CUST-05885,2024-08-06,August,8,Tuesday,Q3,47,Female,Abuja,Student,Student,Mortgage,Mobile App,19000,243000,80,1,1,550,7.7,0,No,No
CUST-05886,2024-04-07,April,4,Sunday,Q2,47,Male,Enugu,Entrepreneur,SME,Credit Card,Web Portal,34000,435000,17,1,9,696,8.4,100,No,No
CUST-05887,2024-06-22,June,6,Saturday,Q2,34,Female,Abuja,Accountant,Corporate,Mortgage,Mobile App,12168000,131124000,90,1,35,760,5.4,12200,No,No
CUST-05888,2024-12-04,December,12,Wednesday,Q4,34,Male,Lagos,Teacher,Retail,Insurance Plan,Mobile App,85000,170000,39,1,22,667,7.4,100,No,No
CUST-05889,2024-11-30,November,11,Saturday,Q4,29,Male,Enugu,Doctor,Retail,Fixed Deposit,Mobile App,46000,355000,100,1,39,641,6.6,0,No,No
CUST-05890,2024-06-14,June,6,Friday,Q2,47,Male,Lagos,Civil Servant,Retail,Savings Account,Mobile App,90000,1135000,78,5,31,799,6.9,100,No,No
CUST-05891,2024-05-26,May,5,Sunday,Q2,32,Female,Lagos,Entrepreneur,SME,Mobile Loan,Web Portal,796000,4115000,120,2,12,568,8.0,1200,No,No
CUST-05892,2024-09-17,September,9,Tuesday,Q3,53,Male,Enugu,Trader,SME,Savings Account,USSD,323000,4591000,34,1,9,484,6.6,600,Yes,No
CUST-05893,2024-01-26,January,1,Friday,Q1,27,Female,Enugu,Student,Student,Mortgage,Mobile App,29000,237000,18,2,36,458,6.7,0,No,No
CUST-05894,2024-02-18,February,2,Sunday,Q1,21,Male,Enugu,Civil Servant,Student,Current Account,Mobile App,8000,101000,88,4,10,557,10.0,0,No,No
CUST-05895,2024-01-30,January,1,Tuesday,Q1,37,Male,Kano,Student,Student,Mobile Loan,Branch,21000,279000,1,3,32,512,7.9,100,No,No
CUST-05896,2024-08-12,August,8,Monday,Q3,51,Male,Lagos,Civil Servant,Retail,Fixed Deposit,Agent Banking,96000,1224000,35,2,30,424,8.1,200,No,No
CUST-05897,2024-01-25,January,1,Thursday,Q1,22,Male,Port Harcourt,Farmer,Student,Credit Card,Agent Banking,14000,42000,24,2,28,580,5.3,0,No,No
CUST-05898,2024-01-02,January,1,Tuesday,Q1,42,Male,Lagos,Entrepreneur,SME,Mobile Loan,Web Portal,605000,3084000,113,1,10,462,6.6,900,No,No
CUST-05899,2024-06-18,June,6,Tuesday,Q2,34,Female,Kano,Student,Student,Investment Fund,Web Portal,12000,81000,32,3,8,450,8.3,0,No,No
CUST-05900,2024-07-31,July,7,Wednesday,Q3,47,Male,Lagos,Lawyer,Corporate,Credit Card,USSD,7008000,74210000,50,5,4,633,6.9,14000,No,No
CUST-05901,2024-11-08,November,11,Friday,Q4,27,Female,Port Harcourt,Teacher,Retail,Mobile Loan,Mobile App,66000,767000,79,2,44,649,6.7,100,No,No
CUST-05902,2024-09-24,September,9,Tuesday,Q3,37,Male,Port Harcourt,Civil Servant,Retail,Fixed Deposit,Mobile App,283000,1837000,61,3,40,421,8.0,300,No,No
CUST-05903,2024-12-03,December,12,Tuesday,Q4,37,Female,Ibadan,Doctor,Premium,Mobile Loan,Mobile App,183000,2426000,93,2,29,497,8.3,200,No,No
CUST-05904,2024-10-08,October,10,Tuesday,Q4,39,Male,Port Harcourt,Entrepreneur,SME,Savings Account,Agent Banking,271000,3813000,59,1,35,637,9.1,700,No,No
CUST-05905,2024-02-22,February,2,Thursday,Q1,36,Female,Kano,Entrepreneur,SME,Mortgage,Mobile App,90000,847000,48,1,15,450,5.0,100,No,No
CUST-05906,2024-08-27,August,8,Tuesday,Q3,43,Male,Enugu,Accountant,Premium,Fixed Deposit,Branch,623000,865000,58,3,39,580,4.4,1900,No,No
CUST-05907,2024-06-20,June,6,Thursday,Q2,37,Female,Abuja,Lawyer,Premium,Current Account,Web Portal,445000,4139000,99,2,28,615,4.2,700,Yes,No
CUST-05908,2024-04-07,April,4,Sunday,Q2,51,Female,Abuja,Student,Student,Savings Account,Branch,5000,14000,59,2,4,549,6.9,0,No,No
CUST-05909,2024-06-12,June,6,Wednesday,Q2,40,Male,Lagos,Lawyer,Corporate,Mobile Loan,Branch,10316000,24457000,32,3,9,752,6.9,30900,No,Yes
CUST-05910,2024-09-01,September,9,Sunday,Q3,59,Male,Kano,Doctor,Premium,Insurance Plan,Branch,1950000,1674000,116,5,30,462,10.0,5800,No,No
CUST-05911,2024-03-03,March,3,Sunday,Q1,60,Male,Enugu,Student,Student,Current Account,Branch,12000,122000,31,5,4,343,6.9,0,Yes,No
CUST-05912,2024-08-31,August,8,Saturday,Q3,62,Female,Lagos,Trader,SME,Mobile Loan,Mobile App,644000,8761000,77,4,41,782,5.7,600,No,No
CUST-05913,2024-11-08,November,11,Friday,Q4,39,Female,Ibadan,Trader,SME,Insurance Plan,Mobile App,303000,1440000,40,1,44,457,5.3,300,Yes,No
CUST-05914,2024-05-09,May,5,Thursday,Q2,40,Female,Ibadan,Student,Student,Mobile Loan,Branch,31000,357000,3,2,39,411,3.9,100,No,No
CUST-05915,2024-07-07,July,7,Sunday,Q3,37,Female,Ibadan,Farmer,Retail,Fixed Deposit,USSD,94000,464000,3,3,24,773,6.7,200,No,No
CUST-05916,2024-09-19,September,9,Thursday,Q3,57,Female,Abuja,Accountant,Corporate,Mortgage,Agent Banking,4478000,53699000,73,3,44,735,4.4,11200,No,No
CUST-05917,2024-10-03,October,10,Thursday,Q4,23,Male,Lagos,Trader,Student,Current Account,USSD,8000,93000,55,1,44,354,7.4,0,No,No
CUST-05918,2024-05-02,May,5,Thursday,Q2,55,Male,Kano,Engineer,Corporate,Mobile Loan,Agent Banking,1046000,8584000,108,1,1,681,5.6,2600,No,No
CUST-05919,2024-03-23,March,3,Saturday,Q1,52,Male,Port Harcourt,Student,Student,Insurance Plan,USSD,15000,22000,20,1,31,415,8.0,0,No,No
CUST-05920,2024-09-06,September,9,Friday,Q3,32,Male,Enugu,Trader,SME,Investment Fund,Branch,613000,2299000,109,1,19,646,8.2,1800,Yes,No
CUST-05921,2024-09-05,September,9,Thursday,Q3,41,Female,Port Harcourt,Civil Servant,Retail,Investment Fund,Branch,47000,474000,51,1,23,798,10.0,100,No,No
CUST-05922,2024-05-29,May,5,Wednesday,Q2,47,Male,Abuja,Entrepreneur,SME,Current Account,Branch,287000,615000,37,1,28,608,10.0,900,Yes,No
CUST-05923,2024-06-20,June,6,Thursday,Q2,41,Male,Ibadan,Doctor,Corporate,Current Account,Branch,16002000,190673000,112,2,25,667,5.7,48000,No,No
CUST-05924,2024-12-13,December,12,Friday,Q4,26,Female,Port Harcourt,Lawyer,Retail,Mortgage,USSD,30000,364000,17,2,41,697,5.8,100,No,No
CUST-05925,2024-11-26,November,11,Tuesday,Q4,18,Female,Lagos,Lawyer,Student,Investment Fund,USSD,19000,31000,101,4,12,606,8.2,0,Yes,No
CUST-05926,2024-07-06,July,7,Saturday,Q3,23,Female,Enugu,Trader,Student,Credit Card,Branch,6000,80000,86,4,13,605,6.9,0,No,No
CUST-05927,2024-12-15,December,12,Sunday,Q4,45,Male,Kano,Farmer,Retail,Insurance Plan,Branch,48000,380000,70,3,36,613,5.6,100,No,No
CUST-05928,2024-01-08,January,1,Monday,Q1,53,Female,Ibadan,Lawyer,Corporate,Mortgage,Mobile App,1212000,14373000,80,2,38,692,8.8,1200,No,No
CUST-05929,2024-09-05,September,9,Thursday,Q3,43,Male,Kano,Trader,SME,Insurance Plan,Web Portal,144000,543000,33,1,40,800,6.9,200,No,No
CUST-05930,2024-08-27,August,8,Tuesday,Q3,44,Female,Port Harcourt,Accountant,Premium,Credit Card,Branch,631000,5124000,58,4,23,800,6.5,1900,No,No
CUST-05931,2024-10-11,October,10,Friday,Q4,51,Male,Abuja,Civil Servant,Retail,Insurance Plan,Web Portal,43000,430000,38,1,28,683,8.7,100,No,No
CUST-05932,2024-11-16,November,11,Saturday,Q4,49,Female,Enugu,Doctor,Premium,Savings Account,Agent Banking,4095000,52391000,41,4,4,760,9.7,10200,No,No
CUST-05933,2024-07-20,July,7,Saturday,Q3,24,Male,Lagos,Entrepreneur,Student,Mobile Loan,Mobile App,38000,290000,107,1,21,342,5.7,0,No,No
CUST-05934,2024-05-20,May,5,Monday,Q2,21,Male,Enugu,Civil Servant,Student,Mobile Loan,Web Portal,88000,623000,48,1,28,317,5.4,100,Yes,No
CUST-05935,2024-01-22,January,1,Monday,Q1,53,Female,Ibadan,Lawyer,Premium,Investment Fund,Mobile App,757000,2330000,57,5,1,439,7.0,800,No,No
CUST-05936,2024-06-16,June,6,Sunday,Q2,33,Male,Port Harcourt,Entrepreneur,SME,Insurance Plan,Branch,221000,2700000,15,2,28,773,7.9,700,No,No
CUST-05937,2024-10-23,October,10,Wednesday,Q4,24,Male,Enugu,Teacher,Student,Savings Account,Mobile App,3000,30000,42,2,11,325,7.1,0,No,No
CUST-05938,2024-02-11,February,2,Sunday,Q1,27,Male,Kano,Student,Student,Current Account,USSD,29000,291000,112,1,16,599,6.1,100,No,No
CUST-05939,2024-08-07,August,8,Wednesday,Q3,36,Male,Ibadan,Civil Servant,Retail,Investment Fund,Mobile App,28000,304000,105,2,20,734,4.6,0,Yes,No
CUST-05940,2024-05-28,May,5,Tuesday,Q2,27,Female,Lagos,Farmer,Retail,Investment Fund,Branch,212000,1359000,54,2,15,666,7.3,600,Yes,No
CUST-05941,2024-09-29,September,9,Sunday,Q3,38,Female,Port Harcourt,Trader,SME,Current Account,Web Portal,105000,696000,29,2,3,496,5.3,200,No,No
CUST-05942,2024-10-20,October,10,Sunday,Q4,22,Male,Ibadan,Teacher,Student,Investment Fund,Mobile App,30000,136000,99,1,19,575,8.4,0,No,No
CUST-05943,2024-10-31,October,10,Thursday,Q4,36,Female,Enugu,Lawyer,Premium,Investment Fund,Mobile App,256000,2696000,52,3,15,490,8.8,300,No,No
CUST-05944,2024-10-27,October,10,Sunday,Q4,57,Female,Enugu,Lawyer,Corporate,Mobile Loan,Branch,556000,5528000,41,2,31,742,4.7,1700,No,No
CUST-05945,2024-01-31,January,1,Wednesday,Q1,61,Female,Enugu,Doctor,Corporate,Insurance Plan,Branch,320000,1153000,111,4,7,622,7.6,1000,No,No
CUST-05946,2024-04-30,April,4,Tuesday,Q2,34,Male,Abuja,Entrepreneur,SME,Savings Account,USSD,143000,1932000,15,3,36,479,6.4,300,No,No
CUST-05947,2024-05-11,May,5,Saturday,Q2,27,Male,Ibadan,Entrepreneur,SME,Current Account,USSD,70000,1036000,102,2,35,469,7.2,100,No,No
CUST-05948,2024-11-24,November,11,Sunday,Q4,46,Female,Abuja,Civil Servant,Retail,Investment Fund,USSD,358000,352000,111,2,19,441,5.8,700,Yes,No
CUST-05949,2024-03-18,March,3,Monday,Q1,44,Female,Lagos,Doctor,Corporate,Current Account,Agent Banking,4766000,50185000,70,5,23,622,8.8,11900,No,No
CUST-05950,2024-01-05,January,1,Friday,Q1,55,Female,Abuja,Student,Student,Insurance Plan,Branch,15000,219000,6,1,8,450,6.8,0,No,No
CUST-05951,2024-04-18,April,4,Thursday,Q2,52,Female,Lagos,Accountant,Corporate,Fixed Deposit,Mobile App,7661000,46397000,36,1,43,665,7.6,7700,No,No
CUST-05952,2024-01-15,January,1,Monday,Q1,18,Male,Kano,Trader,Student,Investment Fund,USSD,82000,459000,19,2,12,334,8.0,200,No,No
CUST-05953,2024-09-02,September,9,Monday,Q3,35,Female,Enugu,Farmer,Retail,Mortgage,USSD,152000,2149000,5,1,26,712,4.6,300,Yes,No
CUST-05954,2024-09-28,September,9,Saturday,Q3,35,Male,Kano,Lawyer,Corporate,Fixed Deposit,Web Portal,2575000,37038000,86,1,9,699,9.6,3900,Yes,No
CUST-05955,2024-08-19,August,8,Monday,Q3,45,Female,Enugu,Doctor,Premium,Investment Fund,Branch,3259000,34241000,59,2,19,590,7.7,9800,No,No
CUST-05956,2024-01-21,January,1,Sunday,Q1,57,Male,Kano,Teacher,Retail,Credit Card,Mobile App,369000,4812000,13,3,11,770,9.0,400,No,No
CUST-05957,2024-01-18,January,1,Thursday,Q1,48,Female,Kano,Farmer,Retail,Insurance Plan,Agent Banking,121000,1007000,31,2,12,751,6.6,300,No,No
CUST-05958,2024-07-06,July,7,Saturday,Q3,50,Male,Ibadan,Student,Student,Mortgage,USSD,11000,93000,119,2,7,607,8.6,0,No,No
CUST-05959,2024-03-23,March,3,Saturday,Q1,24,Female,Lagos,Entrepreneur,Student,Current Account,USSD,14000,135000,1,5,14,329,8.3,0,Yes,No
CUST-05960,2024-06-25,June,6,Tuesday,Q2,39,Female,Lagos,Entrepreneur,SME,Investment Fund,Mobile App,466000,2673000,54,4,38,602,5.7,500,No,No
CUST-05961,2024-03-13,March,3,Wednesday,Q1,47,Female,Ibadan,Accountant,Corporate,Insurance Plan,Branch,5730000,73593000,113,2,3,711,6.8,17200,Yes,No
CUST-05962,2024-06-23,June,6,Sunday,Q2,32,Female,Kano,Student,Student,Credit Card,Branch,43000,323000,84,1,18,608,5.0,100,Yes,No
CUST-05963,2024-06-26,June,6,Wednesday,Q2,43,Female,Enugu,Engineer,Premium,Savings Account,Web Portal,858000,7879000,78,4,11,490,8.5,1300,Yes,No
CUST-05964,2024-11-28,November,11,Thursday,Q4,44,Female,Kano,Engineer,Premium,Savings Account,Web Portal,2589000,26174000,39,2,7,628,5.3,3900,No,No
CUST-05965,2024-11-05,November,11,Tuesday,Q4,20,Female,Enugu,Doctor,Student,Mortgage,Agent Banking,35000,177000,34,1,7,328,1.5,100,No,No
CUST-05966,2024-07-27,July,7,Saturday,Q3,47,Female,Port Harcourt,Accountant,Corporate,Current Account,Branch,578000,3066000,82,2,44,693,5.9,1700,Yes,No
CUST-05967,2024-08-04,August,8,Sunday,Q3,47,Male,Ibadan,Teacher,Retail,Savings Account,Mobile App,32000,60000,109,3,23,729,6.2,0,No,No
CUST-05968,2024-01-09,January,1,Tuesday,Q1,38,Female,Port Harcourt,Farmer,Retail,Insurance Plan,Mobile App,46000,400000,106,2,13,432,8.3,0,No,No
CUST-05969,2024-08-10,August,8,Saturday,Q3,30,Male,Abuja,Student,Student,Investment Fund,USSD,20000,200000,43,3,23,561,5.6,0,Yes,No
CUST-05970,2024-11-09,November,11,Saturday,Q4,46,Male,Enugu,Engineer,Corporate,Current Account,Agent Banking,1073000,12687000,97,2,25,724,6.7,2700,No,No
CUST-05971,2024-03-15,March,3,Friday,Q1,56,Male,Enugu,Entrepreneur,SME,Fixed Deposit,Branch,169000,1227000,92,2,15,523,8.4,500,Yes,No
CUST-05972,2024-02-17,February,2,Saturday,Q1,35,Male,Lagos,Civil Servant,Retail,Credit Card,Agent Banking,54000,665000,120,1,42,705,10.0,100,No,No
CUST-05973,2024-10-09,October,10,Wednesday,Q4,51,Female,Lagos,Lawyer,Premium,Savings Account,Branch,1042000,1210000,60,1,45,621,7.9,3100,No,No
CUST-05974,2024-11-13,November,11,Wednesday,Q4,59,Female,Enugu,Lawyer,Premium,Savings Account,Agent Banking,4466000,15010000,79,1,36,774,7.7,11200,No,No
CUST-05975,2024-07-09,July,7,Tuesday,Q3,47,Female,Enugu,Trader,SME,Credit Card,Branch,53000,708000,55,5,24,798,3.4,200,Yes,No
CUST-05976,2024-11-14,November,11,Thursday,Q4,57,Male,Kano,Lawyer,Premium,Mortgage,Branch,1979000,2439000,9,3,44,798,4.9,5900,Yes,No
CUST-05977,2024-10-25,October,10,Friday,Q4,18,Male,Abuja,Accountant,Student,Investment Fund,USSD,27000,68000,33,1,26,518,6.8,100,Yes,No
CUST-05978,2024-10-08,October,10,Tuesday,Q4,46,Male,Kano,Civil Servant,Retail,Mobile Loan,Mobile App,840000,3028000,43,1,6,536,8.4,800,No,No
CUST-05979,2024-07-09,July,7,Tuesday,Q3,35,Female,Port Harcourt,Entrepreneur,SME,Mobile Loan,USSD,342000,2430000,106,5,6,714,5.9,700,Yes,No
CUST-05980,2024-03-07,March,3,Thursday,Q1,29,Male,Enugu,Trader,SME,Fixed Deposit,Mobile App,163000,721000,50,1,40,505,8.6,200,Yes,No
CUST-05981,2024-11-29,November,11,Friday,Q4,46,Female,Kano,Entrepreneur,SME,Mortgage,Mobile App,323000,1344000,33,3,22,634,4.9,300,No,No
CUST-05982,2024-02-24,February,2,Saturday,Q1,31,Male,Abuja,Civil Servant,Retail,Savings Account,Branch,63000,436000,29,3,1,584,6.1,200,Yes,No
CUST-05983,2024-03-24,March,3,Sunday,Q1,51,Female,Kano,Entrepreneur,SME,Savings Account,Branch,229000,1613000,71,1,34,782,10.0,700,No,No
CUST-05984,2024-08-31,August,8,Saturday,Q3,21,Male,Ibadan,Student,Student,Insurance Plan,Mobile App,25000,23000,92,4,41,612,7.8,0,No,No
CUST-05985,2024-02-18,February,2,Sunday,Q1,33,Female,Enugu,Accountant,Corporate,Savings Account,Branch,2742000,40891000,107,4,32,723,6.9,8200,Yes,No
CUST-05986,2024-12-02,December,12,Monday,Q4,55,Male,Kano,Entrepreneur,SME,Current Account,USSD,386000,3644000,43,1,1,644,5.7,800,No,No
CUST-05987,2024-11-11,November,11,Monday,Q4,55,Female,Enugu,Teacher,Retail,Savings Account,Mobile App,260000,3427000,39,1,45,716,7.0,300,No,No
CUST-05988,2024-05-26,May,5,Sunday,Q2,32,Female,Kano,Student,Student,Fixed Deposit,Branch,46000,347000,38,5,16,604,7.2,100,No,No
CUST-05989,2024-12-21,December,12,Saturday,Q4,28,Male,Abuja,Entrepreneur,SME,Current Account,Web Portal,161000,1658000,75,2,18,622,9.1,200,No,No
CUST-05990,2024-05-03,May,5,Friday,Q2,41,Female,Ibadan,Trader,SME,Insurance Plan,Branch,955000,6705000,111,2,15,688,4.7,2900,No,No
CUST-05991,2024-08-17,August,8,Saturday,Q3,25,Male,Ibadan,Accountant,Retail,Mortgage,Mobile App,50000,395000,72,1,25,762,6.2,0,No,No
CUST-05992,2024-08-31,August,8,Saturday,Q3,44,Female,Abuja,Farmer,Retail,Current Account,Branch,140000,141000,88,3,19,748,5.3,400,No,No
CUST-05993,2024-08-03,August,8,Saturday,Q3,35,Male,Abuja,Doctor,Premium,Mortgage,USSD,1380000,1953000,34,3,33,695,7.8,2800,Yes,No
CUST-05994,2024-04-14,April,4,Sunday,Q2,47,Male,Port Harcourt,Doctor,Premium,Insurance Plan,Web Portal,1192000,6021000,53,1,3,746,7.1,1800,No,No
CUST-05995,2024-11-30,November,11,Saturday,Q4,54,Male,Enugu,Civil Servant,Retail,Savings Account,Web Portal,152000,2129000,47,1,16,560,8.2,200,Yes,No
CUST-05996,2024-04-20,April,4,Saturday,Q2,39,Female,Port Harcourt,Engineer,Corporate,Fixed Deposit,Branch,4704000,65853000,4,1,42,844,10.0,14100,No,No
CUST-05997,2024-03-02,March,3,Saturday,Q1,21,Male,Abuja,Engineer,Student,Current Account,USSD,12000,143000,50,3,20,404,5.4,0,No,No
CUST-05998,2024-12-22,December,12,Sunday,Q4,32,Male,Enugu,Lawyer,Corporate,Investment Fund,Mobile App,1961000,12404000,101,2,24,827,8.9,2000,No,No
CUST-05999,2024-12-03,December,12,Tuesday,Q4,36,Female,Port Harcourt,Engineer,Premium,Mobile Loan,Branch,1903000,8013000,86,4,2,505,5.3,5700,No,No
CUST-06000,2024-11-29,November,11,Friday,Q4,51,Male,Lagos,Trader,SME,Mobile Loan,Mobile App,361000,2798000,13,5,28,682,6.2,400,No,No
