order_id,order_date,order_time,month,quarter,day_of_week,customer_id,state,city,category,product_name,brand,quantity,unit_price,discount_percent,selling_price,cost_price,shipping_fee,total_revenue,profit,gross_margin_pct,payment_method,order_status,delivery_days,sales_channel,customer_rating,is_return,is_repeat_customer
JO-2023-10402,2023-01-01,09:26:00,January,Q1,Sunday,JMC001194,Lagos,Surulere,Electronics,Phone Charger USB-C,Lenovo,1,238757.88,10,214882.09,182434.89,0,214882.09,32447.2,15.1,Bank Transfer,Delivered,1,Mobile App,5.0,0,0
JO-2023-10598,2023-01-01,15:10:00,January,Q1,Sunday,JMC000238,Niger,Bida,Electronics,Power Bank 20000mAh,Apple,2,37134.27,0,37134.27,31241.06,0,74268.54,11786.42,15.87,Cash on Delivery,Shipped,3,Mobile App,,0,0
JO-2023-10946,2023-01-01,08:34:00,January,Q1,Sunday,JMC000332,Abuja,Wuse,Electronics,Smart Watch,Samsung,2,363748.35,0,363748.35,288452.44,0,727496.7,150591.82,20.7,Bank Transfer,Processing,3,Mobile App,,0,0
JO-2023-11031,2023-01-01,16:48:00,January,Q1,Sunday,JMC001122,Rivers,Port Harcourt,Fashion,Sneakers Size 42,Nike,1,64130.01,0,64130.01,43685.36,0,64130.01,20444.65,31.88,Bank Transfer,Delivered,5,WhatsApp Store,3.9,0,0
JO-2023-11540,2023-01-01,12:31:00,January,Q1,Sunday,JMC000857,Abuja,Garki,Home & Kitchen,Iron Box Steam,Nasco,1,63755.64,25,47816.73,32744.9,0,47816.73,15071.83,31.52,Cash on Delivery,Delivered,3,Website Desktop,3.1,0,0
JO-2023-11657,2023-01-01,19:33:00,January,Q1,Sunday,JMC001016,Imo,Okigwe,Sports & Outdoor,Yoga Mat 6mm,Decathlon,3,48309.4,0,48309.4,33831.07,0,144928.2,43434.99,29.97,Bank Transfer,Shipped,3,Agent Network,,0,0
JO-2023-11958,2023-01-01,15:07:00,January,Q1,Sunday,JMC000911,Abuja,Garki,Sports & Outdoor,Football Size 5,Spalding,1,73390.52,15,62381.94,46331.07,0,62381.94,16050.87,25.73,Bank Transfer,Returned,8,Website Desktop,,1,0
JO-2023-12083,2023-01-01,10:25:00,January,Q1,Sunday,JMC000816,Oyo,Oyo,Groceries,Sugar 1kg,Nestle,1,5716.2,10,5144.58,4572.5,1500,5144.58,572.08,11.12,Card Payment,Delivered,1,WhatsApp Store,3.6,0,0
JO-2023-12801,2023-01-01,08:34:00,January,Q1,Sunday,JMC001498,Rivers,Port Harcourt,Electronics,Smart TV 43inch,Apple,1,140107.65,0,140107.65,104730.47,0,140107.65,35377.18,25.25,Card Payment,Delivered,4,Mobile App,4.5,0,0
JO-2023-10051,2023-01-02,18:19:00,January,Q1,Monday,JMC000675,Oyo,Oyo,Beauty & Health,Body Scrub,Nivea,1,7783.11,0,7783.11,4796.73,1000,7783.11,2986.38,38.37,Card Payment,Delivered,3,Mobile App,4.2,0,0
JO-2023-10182,2023-01-02,09:54:00,January,Q1,Monday,JMC000978,Imo,Owerri,Sports & Outdoor,Tennis Racket,Under Armour,1,29059.76,0,29059.76,18336.71,0,29059.76,10723.05,36.9,Bank Transfer,Delivered,1,Agent Network,3.0,0,0
JO-2023-10427,2023-01-02,18:45:00,January,Q1,Monday,JMC000379,Lagos,Lagos Island,Fashion,Handbag Brown,Ankara Palace,2,63294.85,0,63294.85,32444.94,0,126589.7,61699.82,48.74,Bank Transfer,Delivered,7,Mobile App,4.2,0,0
JO-2023-10943,2023-01-02,11:34:00,January,Q1,Monday,JMC001285,Rivers,Eleme,Sports & Outdoor,Dumbbell 5kg pair,Puma,2,47474.9,40,28484.94,20150.25,0,56969.88,16669.38,29.26,Cash on Delivery,Delivered,7,Mobile App,2.7,0,0
JO-2023-11118,2023-01-02,16:03:00,January,Q1,Monday,JMC000236,Abuja,Maitama,Home & Kitchen,Kitchen Towel Set,Bosch,1,172018.82,0,172018.82,105533.55,0,172018.82,66485.27,38.65,Bank Transfer,Delivered,1,Mobile App,4.9,0,0
JO-2023-11184,2023-01-02,16:04:00,January,Q1,Monday,JMC000495,Ondo,Akure,Computing,Laptop Bag 15inch,Acer,2,347768.06,0,347768.06,282422.44,0,695536.12,130691.24,18.79,Bank Transfer,Delivered,7,Mobile App,4.2,0,0
JO-2023-11462,2023-01-02,12:23:00,January,Q1,Monday,JMC000957,Abuja,Gwarinpa,Books & Education,Finance Fundamentals,Oxford,2,2795.81,50,1397.9,807.85,700,2795.8,1180.1,42.21,Card Payment,Shipped,2,Mobile App,,0,0
JO-2023-11743,2023-01-02,08:49:00,January,Q1,Monday,JMC000095,Nasarawa,Keffi,Beauty & Health,Hair Relaxer Kit,,1,9487.36,25,7115.52,3678.72,1200,7115.52,3436.8,48.3,Bank Transfer,Delivered,8,Mobile App,2.8,0,0
JO-2023-11977,2023-01-02,11:00:00,January,Q1,Monday,JMC000571,Abuja,Garki,Groceries,Biscuits Assorted,Unilever,2,22671.95,5,21538.35,19446.98,0,43076.7,4182.74,9.71,Cash on Delivery,Shipped,2,Mobile App,,0,0
JO-2023-12093,2023-01-02,22:30:00,January,Q1,Monday,JMC001261,Abuja,Maitama,Beauty & Health,Shampoo Anti-Dandruff,Black Seed,1,2016.51,0,2016.51,1234.1,1200,2016.51,782.41,38.8,Bank Transfer,Delivered,8,Mobile App,3.8,0,0
JO-2023-12555,2023-01-02,23:03:00,January,Q1,Monday,JMC000478,Delta,Oshimili,Electronics,Extension Socket,Sony,5,246489.03,0,246489.03,211167.15,0,1232445.15,176609.4,14.33,Bank Transfer,Delivered,1,Mobile App,3.0,0,0
JO-2023-12960,2023-01-02,14:14:00,January,Q1,Monday,JMC000694,Abuja,Maitama,Fashion,Sunglasses UV400,Lagos Styles,2,39261.69,0,39261.69,25983.39,0,78523.38,26556.6,33.82,Cash on Delivery,Cancelled,3,Mobile App,,0,0
JO-2023-10222,2023-01-03,11:40:00,January,Q1,Tuesday,JMC000817,Edo,Ikpoba-Okha,Fashion,Sneakers Size 42,Ankara Palace,1,47584.12,0,47584.12,31691.02,,47584.12,15893.1,33.4,Cash on Delivery,Delivered,1,Mobile App,3.2,0,0
JO-2023-10523,2023-01-03,14:39:00,January,Q1,Tuesday,JMC000820,Edo,Benin City,Electronics,Smart TV 43inch,Apple,2,307509.57,0,307509.57,232292.73,0,615019.14,150433.68,24.46,Jumia Pay Wallet,Delivered,3,Website Desktop,3.9,0,0
JO-2023-10556,2023-01-03,21:54:00,January,Q1,Tuesday,JMC001122,Lagos,Agege,Home & Kitchen,Pressure Cooker 5L,Nexus,1,85208.57,0,85208.57,64997.1,0,85208.57,20211.47,23.72,Cash on Delivery,Delivered,7,Mobile App,4.3,0,0
JO-2023-10924,2023-01-03,18:07:00,January,Q1,Tuesday,JMC000063,Kano,Nassarawa,Home & Kitchen,Kitchen Towel Set,Binatone,1,21880.57,0,21880.57,14152.35,0,21880.57,7728.22,35.32,Card Payment,Delivered,1,Website Desktop,3.9,0,0
JO-2023-11346,2023-01-03,20:24:00,January,Q1,Tuesday,JMC000483,Lagos,Surulere,Beauty & Health,Vitamin C Serum,Black Seed,2,29568.95,0,29568.95,14512.44,0,59137.9,30113.02,50.92,Card Payment,Delivered,2,Website Desktop,2.6,0,0
JO-2023-11814,2023-01-03,21:31:00,January,Q1,Tuesday,JMC001142,Ondo,Akure,Fashion,Men's Polo Shirt,Lagos Styles,1,19444.51,0,19444.51,12985.04,0,19444.51,6459.47,33.22,Jumia Pay Wallet,Delivered,3,USSD,3.3,0,0
JO-2023-11935,2023-01-03,14:22:00,January,Q1,Tuesday,JMC000912,Lagos,Ikeja,Sports & Outdoor,Jump Rope,Under Armour,2,42676.54,0,42676.54,30893.55,0,85353.08,23565.98,27.61,Cash on Delivery,Processing,6,Mobile App,,0,0
JO-2023-11937,2023-01-03,23:43:00,January,Q1,Tuesday,JMC000660,Enugu,Nkanu,Fashion,Wristwatch Classic,Lagos Styles,2,28748.59,50,14374.3,7980.61,0,28748.6,12787.38,44.48,Jumia Pay Wallet,Delivered,1,Website Desktop,2.8,0,0
JO-2023-12089,2023-01-03,23:10:00,January,Q1,Tuesday,JMC001215,Anambra,Nnewi,Books & Education,English Grammar,Farafina,1,14196.0,0,14196.0,8628.33,0,14196.0,5567.67,39.22,Bank Transfer,Delivered,3,Mobile App,2.9,0,0
JO-2023-10422,2023-01-04,17:33:00,January,Q1,Wednesday,JMC000149,Lagos,Lagos Island,Fashion,Handbag Brown,Nike,1,60475.45,0,60475.45,30328.44,0,60475.45,30147.01,49.85,Card Payment,Delivered,6,Agent Network,4.4,0,0
JO-2023-10597,2023-01-04,21:23:00,January,Q1,Wednesday,JMC001444,Benue,Gboko,Beauty & Health,Sunscreen SPF50,L'Oreal,1,6137.71,50,3068.86,1347.84,1000,3068.86,1721.02,56.08,Bank Transfer,Cancelled,4,Agent Network,,0,0
JO-2023-10634,2023-01-04,14:20:00,January,Q1,Wednesday,JMC000152,Ondo,Ikare,Computing,USB Hub 7-Port,Asus,2,609969.05,0,609969.05,516277.8,0,1219938.1,187382.5,15.36,Card Payment,Shipped,1,Mobile App,,0,0
JO-2023-10713,2023-01-04,21:16:00,January,Q1,Wednesday,JMC000854,Delta,Uvwie,Groceries,Milk Tin 400g,Dangote,1,3395.04,0,3395.04,2808.04,2000,3395.04,587.0,17.29,Bank Transfer,Delivered,4,Website Desktop,4.8,0,0
JO-2023-12343,2023-01-04,11:46:00,January,Q1,Wednesday,JMC000366,Lagos,Victoria Island,Fashion,Baseball Cap,Adidas,1,65334.15,0,65334.15,35816.18,0,65334.15,29517.97,45.18,Card Payment,Delivered,8,Website Desktop,3.3,0,0
JO-2023-12691,2023-01-04,23:27:00,January,Q1,Wednesday,JMC000688,Kwara,Omu-Aran,Books & Education,English Grammar,Farafina,1,17203.76,0,17203.76,10253.44,0,17203.76,6950.32,40.4,Bank Transfer,Delivered,2,Mobile App,4.3,0,0
JO-2023-12729,2023-01-04,12:53:00,January,Q1,Wednesday,JMC000254,Abuja,Kubwa,Computing,Mechanical Keyboard,Asus,3,422332.63,0,422332.63,336303.47,0,1266997.89,258087.48,20.37,Card Payment,Delivered,7,WhatsApp Store,3.6,0,0
JO-2023-12922,2023-01-04,09:15:00,January,Q1,Wednesday,JMC000971,Lagos,Lekki,Beauty & Health,Manicure Kit,Black Seed,1,17524.03,0,17524.03,11299.49,0,17524.03,6224.54,35.52,Bank Transfer,Processing,8,Agent Network,,0,0
JO-2023-12973,2023-01-04,16:37:00,January,Q1,Wednesday,JMC001269,Lagos,Lekki,Groceries,Noodles Instant 70g,Dangote,3,11677.38,50,5838.69,4983.32,0,17516.07,2566.11,14.65,Cash on Delivery,Delivered,2,Mobile App,3.0,0,0
JO-2023-10384,2023-01-05,10:45:00,January,Q1,Thursday,JMC001015,Rivers,Eleme,Home & Kitchen,Coffee Maker,Philips,3,81642.81,50,40821.4,30171.1,0,122464.2,31950.9,26.09,Cash on Delivery,Shipped,2,Mobile App,,0,0
JO-2023-10629,2023-01-05,16:39:00,January,Q1,Thursday,JMC000037,Abuja,Garki,Fashion,Sneakers Size 42,Adidas,1,39497.68,,33573.03,16017.69,0,33573.03,17555.34,52.29,Card Payment,Delivered,2,Website Desktop,3.6,0,0
JO-2023-11108,2023-01-05,07:02:00,January,Q1,Thursday,JMC001259,Oyo,Ibadan South,Groceries,Spaghetti 500g,Cadbury,1,12959.37,0,12959.37,10675.93,0,12959.37,2283.44,17.62,Card Payment,Delivered,7,Mobile App,3.3,0,0
JO-2023-11253,2023-01-05,20:52:00,January,Q1,Thursday,JMC001582,Rivers,Port Harcourt,Sports & Outdoor,Basketball Outdoor,Decathlon,2,55923.86,50,27961.93,16729.62,0,55923.86,22464.62,40.17,Card Payment,Delivered,1,Mobile App,,0,0
JO-2023-11411,2023-01-05,09:43:00,January,Q1,Thursday,JMC000226,Kano,Tarauni,Beauty & Health,Beard Oil 50ml,Nivea,1,16161.9,0,16161.9,10099.57,0,16161.9,6062.33,37.51,Bank Transfer,Cancelled,8,Mobile App,,0,0
JO-2023-11560,2023-01-05,14:55:00,January,Q1,Thursday,JMC000074,Ondo,Owo,Books & Education,Children Storybook,Kachifo,2,11347.53,0,11347.53,8438.02,0,22695.06,5819.02,25.64,Card Payment,Delivered,1,Mobile App,3.9,0,0
JO-2023-12466,2023-01-05,19:32:00,January,Q1,Thursday,JMC000300,Delta,Oshimili,Home & Kitchen,Coffee Maker,Nasco,2,34376.74,0,34376.74,23572.13,0,68753.48,21609.22,31.43,Card Payment,Delivered,2,USSD,4.7,0,0
JO-2023-12669,2023-01-05,11:02:00,January,Q1,Thursday,JMC000978,Plateau,Barkin Ladi,Electronics,Power Bank 20000mAh,HP,2,362481.43,,289985.14,229494.24,0,579970.28,120981.8,20.86,Cash on Delivery,Delivered,3,Mobile App,3.8,0,0
JO-2023-10064,2023-01-06,19:53:00,January,Q1,Friday,JMC000218,Lagos,Lekki,Electronics,Power Bank 20000mAh,Lenovo,1,49983.71,0,49983.71,38247.53,0,49983.71,11736.18,23.48,Cash on Delivery,Delivered,1,Website Desktop,3.5,0,0
JO-2023-10211,2023-01-06,15:38:00,January,Q1,Friday,JMC001353,Nasarawa,Akwanga,Fashion,Men's Jeans,Zara,2,80792.32,0,80792.32,48588.5,0,161584.64,64407.64,39.86,Card Payment,Delivered,5,Agent Network,3.5,0,0
JO-2023-10295,2023-01-06,07:37:00,January,Q1,Friday,JMC000796,Delta,Ethiope East,Home & Kitchen,Storage Containers,Bosch,1,100183.65,0,100183.65,79415.58,0,100183.65,20768.07,20.73,Jumia Pay Wallet,Delivered,4,Website Desktop,3.2,0,0
JO-2023-10563,2023-01-06,19:33:00,January,Q1,Friday,JMC000096,Enugu,Nkanu,Electronics,Table Lamp LED,Tecno,1,253616.49,0,253616.49,208650.29,,253616.49,44966.2,17.73,Card Payment,Processing,1,Website Desktop,,0,0
JO-2023-11223,2023-01-06,07:41:00,January,Q1,Friday,JMC000026,Lagos,Agege,Beauty & Health,Vitamin C Serum,Nivea,1,32154.96,40,19292.98,10358.4,0,19292.98,8934.58,46.31,Cash on Delivery,Delivered,4,Website Desktop,3.9,0,0
JO-2023-11703,2023-01-06,21:14:00,January,Q1,Friday,JMC001139,Benue,Gboko,Sports & Outdoor,Swimming Goggles,Wilson,5,24212.14,0,24212.14,16735.43,0,121060.7,37383.55,30.88,Cash on Delivery,Returned,7,Mobile App,,1,0
JO-2023-12194,2023-01-06,22:57:00,January,Q1,Friday,JMC001024,Ondo,Ikare,Home & Kitchen,Kitchen Towel Set,Philips,1,157348.33,0,157348.33,125737.05,0,157348.33,31611.28,20.09,Cash on Delivery,Delivered,8,Website Desktop,4.9,0,0
JO-2023-12333,2023-01-06,23:41:00,January,Q1,Friday,JMC001120,Lagos,Agege,Fashion,Women's Heels,Ankara Palace,2,23333.54,0,23333.54,16321.81,0,46667.08,14023.46,30.05,Card Payment,Delivered,1,WhatsApp Store,,0,0
JO-2023-12687,2023-01-06,07:50:00,January,Q1,Friday,JMC000458,Plateau,Shendam,Beauty & Health,Face Mask Set,Nivea,1,28944.52,10,26050.07,10552.88,0,26050.07,15497.19,59.49,Cash on Delivery,Processing,4,Agent Network,,0,0
JO-2023-12880,2023-01-06,17:56:00,January,Q1,Friday,JMC000819,Anambra,Nnewi,Books & Education,Law Reports,Kachifo,1,10031.77,0,10031.77,6646.05,0,10031.77,3385.72,33.75,Jumia Pay Wallet,Shipped,6,Mobile App,,0,0
JO-2023-10251,2023-01-07,08:42:00,January,Q1,Saturday,JMC000467,Delta,Uvwie,Books & Education,Medical Dictionary,Amazon KDP,5,17234.3,10,15510.87,9278.6,0,77554.35,31161.35,40.18,Cash on Delivery,Cancelled,8,Mobile App,,0,0
JO-2023-10275,2023-01-07,20:14:00,January,Q1,Saturday,JMC000026,Kano,Tarauni,Books & Education,Python Programming Basics,Oxford,1,7555.3,10,6799.77,4529.33,2000,6799.77,2270.44,33.39,Card Payment,Delivered,2,WhatsApp Store,3.4,0,0
JO-2023-10409,2023-01-07,22:07:00,January,Q1,Saturday,JMC001225,Kwara,Patigi,Beauty & Health,Vitamin C Serum,L'Oreal,2,24630.51,0,24630.51,12221.66,0,49261.02,24817.7,50.38,Card Payment,Delivered,1,Mobile App,2.9,0,0
JO-2023-11519,2023-01-07,08:40:00,January,Q1,Saturday,JMC000748,Anambra,Anambra East,Fashion,Men's Polo Shirt,Nike,4,17637.19,0,17637.19,11864.54,0,70548.76,23090.6,32.73,Jumia Pay Wallet,Shipped,1,Website Desktop,,0,0
JO-2023-11549,2023-01-07,07:57:00,January,Q1,Saturday,JMC001461,Lagos,Lagos Island,Electronics,Desk Fan,Lenovo,2,51851.04,0,51851.04,45566.69,0,103702.08,12568.7,12.12,Card Payment,Delivered,8,Mobile App,3.9,0,0
JO-2023-12503,2023-01-07,08:50:00,January,Q1,Saturday,JMC001096,Kaduna,Kaduna South,Home & Kitchen,Kitchen Towel Set,Philips,1,71050.81,0,71050.81,47383.79,0,71050.81,23667.02,33.31,Jumia Pay Wallet,Delivered,3,USSD,4.4,0,0
JO-2023-12619,2023-01-07,23:23:00,January,Q1,Saturday,JMC000665,Ogun,Ilaro,Books & Education,Mathematics Textbook,Oxford,1,2154.15,0,2154.15,1570.81,700,2154.15,583.34,27.08,Card Payment,Shipped,6,Mobile App,,0,0
JO-2023-10581,2023-01-08,20:46:00,January,Q1,Sunday,JMC001220,Lagos,Ikorodu,Home & Kitchen,Iron Box Steam,Scanfrost,1,28467.69,0,28467.69,17752.45,0,28467.69,10715.24,37.64,Jumia Pay Wallet,Shipped,5,Agent Network,,0,0
JO-2023-10679,2023-01-08,07:38:00,January,Q1,Sunday,JMC000780,Lagos,Ikeja,Groceries,Biscuits Assorted,Cadbury,1,17374.62,15,14768.43,13031.66,0,14768.43,1736.77,11.76,Card Payment,Delivered,4,Website Desktop,4.3,0,0
JO-2023-10726,2023-01-08,23:43:00,January,Q1,Sunday,JMC000013,Niger,Suleja,Groceries,Tin Tomato Carton,Unilever,2,3064.13,0,3064.13,2720.33,1000,6128.26,687.6,11.22,Bank Transfer,Delivered,1,Website Desktop,3.6,0,0
JO-2023-10754,2023-01-08,20:37:00,January,Q1,Sunday,JMC001333,Nasarawa,Keffi,Beauty & Health,Hair Relaxer Kit,L'Oreal,1,7762.42,0,7762.42,4154.45,1000,7762.42,3607.97,46.48,Card Payment,Delivered,3,Agent Network,2.8,0,0
JO-2023-11896,2023-01-08,18:27:00,January,Q1,Sunday,JMC000457,Anambra,Onitsha,Electronics,Smart Watch,Lenovo,1,209035.8,0,209035.8,166329.79,0,209035.8,42706.01,20.43,Card Payment,Delivered,2,Agent Network,3.6,0,0
JO-2023-12764,2023-01-08,11:58:00,January,Q1,Sunday,JMC001194,Edo,Benin City,Electronics,Power Bank 20000mAh,Tecno,2,211880.29,0,211880.29,181051.71,0,423760.58,61657.16,14.55,Card Payment,Shipped,5,Agent Network,,0,0
JO-2023-12991,2023-01-08,15:17:00,January,Q1,Sunday,JMC000160,Imo,Okigwe,Fashion,Men's Jeans,Nike,2,42173.54,20,33738.83,15580.59,0,67477.66,36316.48,53.82,USSD Payment,Delivered,4,Website Desktop,3.5,0,0
JO-2023-10383,2023-01-09,11:40:00,January,Q1,Monday,JMC000547,Anambra,Nnewi,Electronics,Electric Kettle,JBL,5,253459.49,0,253459.49,216733.21,,1267297.45,183631.4,14.49,Card Payment,Delivered,5,Website Desktop,4.0,0,0
JO-2023-10434,2023-01-09,14:51:00,January,Q1,Monday,JMC000529,Lagos,Ikeja,Beauty & Health,Vitamin C Serum,Black Seed,2,8128.61,0,8128.61,5129.15,0,16257.22,5998.92,36.9,Bank Transfer,Processing,3,USSD,,0,0
JO-2023-10816,2023-01-09,08:10:00,January,Q1,Monday,JMC001193,Lagos,Ikorodu,Groceries,Rice 5kg Bag,Unilever,2,21083.7,0,21083.7,18148.85,0,42167.4,5869.7,13.92,Card Payment,Delivered,3,Mobile App,2.9,0,0
JO-2023-10875,2023-01-09,11:26:00,January,Q1,Monday,JMC000383,Lagos,Surulere,Fashion,Men's Polo Shirt,H&M,4,33039.04,0,33039.04,19978.71,0,132156.16,52241.32,39.53,Bank Transfer,Cancelled,6,WhatsApp Store,,0,0
JO-2023-11291,2023-01-09,21:18:00,January,Q1,Monday,JMC000121,Lagos,Lagos Island,Groceries,Rice 5kg Bag,Unilever,2,16397.15,0,16397.15,14222.89,0,32794.3,4348.52,13.26,Jumia Pay Wallet,Returned,1,Mobile App,,1,0
JO-2023-11577,2023-01-09,07:41:00,January,Q1,Monday,JMC000620,Lagos,Lagos Island,Electronics,Smart Watch,Infinix,1,39169.67,0,39169.67,34030.61,0,39169.67,5139.06,13.12,Card Payment,Delivered,4,Website Desktop,3.2,0,0
JO-2023-12102,2023-01-09,10:51:00,January,Q1,Monday,JMC000862,Anambra,Anambra East,Beauty & Health,Perfume Floral 100ml,Olay,1,5920.26,50,2960.13,1791.17,700,2960.13,1168.96,39.49,Card Payment,Delivered,5,Agent Network,4.1,0,0
JO-2023-12190,2023-01-09,12:58:00,January,Q1,Monday,JMC000977,Enugu,Enugu South,Home & Kitchen,Blender 1.5L,Scanfrost,1,127348.88,0,127348.88,94161.76,0,127348.88,33187.12,26.06,Bank Transfer,Delivered,3,Mobile App,4.0,0,0
JO-2023-12318,2023-01-09,08:12:00,January,Q1,Monday,JMC001598,Enugu,Udi,Electronics,Bluetooth Speaker,Tecno,3,41434.84,0,41434.84,32886.83,0,124304.52,25644.03,20.63,Bank Transfer,Delivered,2,Website Desktop,2.6,0,0
JO-2023-12956,2023-01-09,19:01:00,January,Q1,Monday,JMC000056,Plateau,Barkin Ladi,Groceries,Rice 5kg Bag,Nestle,3,12952.03,0,12952.03,10856.39,0,38856.09,6286.92,16.18,Card Payment,Returned,6,Mobile App,,1,0
JO-2023-10691,2023-01-10,11:56:00,January,Q1,Tuesday,JMC000101,Rivers,Obio-Akpor,Books & Education,Mathematics Textbook,Pearson,3,5523.82,0,5523.82,3647.93,0,16571.46,5627.67,33.96,Bank Transfer,Delivered,7,Website Desktop,2.7,0,0
JO-2023-11448,2023-01-10,07:25:00,January,Q1,Tuesday,JMC000897,Anambra,Anambra East,Electronics,Phone Charger USB-C,Sony,1,187135.68,,130994.98,103617.03,0,130994.98,27377.95,20.9,Bank Transfer,Returned,5,Website Desktop,,1,0
JO-2023-11792,2023-01-10,17:59:00,January,Q1,Tuesday,JMC000948,Rivers,Obio-Akpor,Electronics,Smart TV 43inch,HP,1,208515.98,50,104257.99,85783.47,0,104257.99,18474.52,17.72,USSD Payment,Delivered,1,Website Desktop,4.8,0,0
JO-2023-12185,2023-01-10,21:37:00,January,Q1,Tuesday,JMC000766,Lagos,Victoria Island,Home & Kitchen,Dish Rack,Nasco,3,77142.24,0,77142.24,53035.29,0,231426.72,72320.85,31.25,Bank Transfer,Returned,7,WhatsApp Store,,1,0
JO-2023-12238,2023-01-10,07:18:00,January,Q1,Tuesday,JMC000358,Nasarawa,Lafia,Beauty & Health,Perfume Floral 100ml,L'Oreal,2,6178.55,0,6178.55,3469.26,0,12357.1,5418.58,43.85,Cash on Delivery,Delivered,2,Website Desktop,3.2,0,0
JO-2023-12746,2023-01-10,18:31:00,January,Q1,Tuesday,JMC001177,Oyo,Ogbomoso,Sports & Outdoor,Resistance Bands Set,Spalding,4,93273.54,0,93273.54,54359.82,0,373094.16,155654.88,41.72,Card Payment,Cancelled,4,Mobile App,,0,0
JO-2023-10276,2023-01-11,22:35:00,January,Q1,Wednesday,JMC000679,Lagos,Ikorodu,Fashion,Women's Heels,Adidas,2,17472.27,0,17472.27,8826.99,0,34944.54,17290.56,49.48,Cash on Delivery,Delivered,6,USSD,3.9,0,0
JO-2023-10588,2023-01-11,07:00:00,January,Q1,Wednesday,JMC000162,Lagos,Agege,Electronics,Power Bank 20000mAh,,1,367874.29,30,257512.0,199674.8,0,257512.0,57837.2,22.46,Jumia Pay Wallet,Shipped,3,Website Desktop,,0,0
JO-2023-10955,2023-01-11,19:18:00,January,Q1,Wednesday,JMC000180,Lagos,Ikeja,Electronics,Electric Kettle,Lenovo,1,307228.32,25,230421.24,191595.26,0,230421.24,38825.98,16.85,Jumia Pay Wallet,Shipped,2,Website Desktop,,0,0
JO-2023-11353,2023-01-11,16:17:00,January,Q1,Wednesday,JMC000087,Abuja,Maitama,Fashion,Sneakers Size 42,Adidas,1,49449.79,0,49449.79,33650.58,0,49449.79,15799.21,31.95,Cash on Delivery,Returned,8,Agent Network,,1,0
JO-2023-12382,2023-01-11,09:07:00,January,Q1,Wednesday,JMC001585,Abuja,Gwarinpa,Home & Kitchen,Blender 1.5L,Philips,2,67058.37,10,60352.53,48064.75,0,120705.06,24575.56,20.36,USSD Payment,Delivered,4,Website Desktop,4.5,0,0
JO-2023-12478,2023-01-11,19:40:00,January,Q1,Wednesday,JMC000095,Lagos,Yaba,Books & Education,Law Reports,Pearson,2,848.09,25,636.07,364.15,1000,1272.14,543.84,42.75,Card Payment,Delivered,2,Mobile App,4.7,0,0
JO-2023-12517,2023-01-11,14:22:00,January,Q1,Wednesday,JMC000842,Oyo,Oyo,Fashion,Leather Belt,Lagos Styles,1,5509.01,0,5509.01,3520.81,2000,5509.01,1988.2,36.09,Bank Transfer,Delivered,3,Website Desktop,3.2,0,0
JO-2023-10033,2023-01-12,13:31:00,January,Q1,Thursday,JMC001326,Kano,Gwale,Fashion,Women's Heels,Zara,2,20436.64,30,14305.65,8717.86,0,28611.3,11175.58,39.06,Jumia Pay Wallet,Delivered,7,Website Desktop,3.8,0,0
JO-2023-10860,2023-01-12,13:56:00,January,Q1,Thursday,JMC000406,Plateau,Bukuru,Groceries,Spaghetti 500g,Dangote,4,1864.98,0,1864.98,1581.13,2000,7459.92,1135.4,15.22,Bank Transfer,Delivered,8,Mobile App,4.1,0,0
JO-2023-10941,2023-01-12,15:09:00,January,Q1,Thursday,JMC001169,Lagos,Ikorodu,Fashion,Men's Polo Shirt,Lagos Styles,3,14783.01,10,13304.71,6778.75,0,39914.13,19577.88,49.05,Jumia Pay Wallet,Delivered,8,Mobile App,3.7,0,0
JO-2023-11321,2023-01-12,22:26:00,January,Q1,Thursday,JMC001156,Kano,Nassarawa,Groceries,Biscuits Assorted,Cadbury,1,21103.48,0,21103.48,17714.26,0,21103.48,3389.22,16.06,Card Payment,Delivered,4,WhatsApp Store,3.2,0,0
JO-2023-11375,2023-01-12,20:02:00,January,Q1,Thursday,JMC000471,Ogun,Ilaro,Beauty & Health,Moisturising Lotion 400ml,Nivea,1,24941.57,0,24941.57,11515.52,0,24941.57,13426.05,53.83,Bank Transfer,Delivered,5,Website Desktop,2.9,0,0
JO-2023-11621,2023-01-12,12:27:00,January,Q1,Thursday,JMC000544,Anambra,Onitsha,Groceries,Honey Natural 500g,Unilever,1,5759.57,50,2879.78,2463.36,1500,2879.78,416.42,14.46,Jumia Pay Wallet,Delivered,2,Mobile App,2.7,0,0
JO-2023-12197,2023-01-12,15:54:00,January,Q1,Thursday,JMC000232,Abuja,Garki,Fashion,Wristwatch Classic,Zara,1,80611.18,5,76580.62,38734.48,0,76580.62,37846.14,49.42,Bank Transfer,Cancelled,1,Agent Network,,0,0
JO-2023-12594,2023-01-12,16:13:00,January,Q1,Thursday,JMC001118,Lagos,Victoria Island,Electronics,Electric Kettle,Tecno,3,403466.25,0,403466.25,293925.16,0,1210398.75,328623.27,27.15,Jumia Pay Wallet,Shipped,1,Mobile App,,0,0
JO-2023-12798,2023-01-12,15:13:00,January,Q1,Thursday,JMC000276,Lagos,Lekki,Groceries,Tin Tomato Carton,Unilever,1,15837.56,25,11878.17,10554.94,0,11878.17,1323.23,11.14,Jumia Pay Wallet,Shipped,6,Mobile App,,0,0
JO-2023-10515,2023-01-13,09:45:00,January,Q1,Friday,JMC000792,Lagos,Ikorodu,Fashion,Men's Jeans,Zara,1,12397.72,20,9918.18,5824.95,700,9918.18,4093.23,41.27,Bank Transfer,Delivered,7,Mobile App,3.5,0,0
JO-2023-10857,2023-01-13,22:53:00,January,Q1,Friday,JMC000821,Lagos,Ikeja,Home & Kitchen,Pressure Cooker 5L,Nexus,1,9179.26,0,9179.26,6709.12,1500,9179.26,2470.14,26.91,Jumia Pay Wallet,Delivered,3,Agent Network,3.9,0,0
JO-2023-11242,2023-01-13,10:26:00,January,Q1,Friday,JMC001225,Lagos,Agege,Home & Kitchen,Pressure Cooker 5L,Binatone,2,43101.68,30,30171.18,23005.52,0,60342.36,14331.32,23.75,Bank Transfer,Delivered,6,Mobile App,2.6,0,0
JO-2023-11855,2023-01-13,21:20:00,January,Q1,Friday,JMC000564,Rivers,Port Harcourt,Electronics,Phone Charger USB-C,Samsung,1,55112.92,0,55112.92,47336.49,0,55112.92,7776.43,14.11,Jumia Pay Wallet,Delivered,2,USSD,4.0,0,0
JO-2023-12021,2023-01-13,08:58:00,January,Q1,Friday,JMC000009,Nasarawa,Akwanga,Beauty & Health,Face Mask Set,Olay,1,20293.21,0,20293.21,8340.51,0,20293.21,11952.7,58.9,Bank Transfer,Shipped,1,Website Desktop,,0,0
JO-2023-12338,2023-01-13,11:54:00,January,Q1,Friday,JMC001235,Benue,Otukpo,Fashion,Sneakers Size 42,Adidas,1,70323.29,0,70323.29,42988.63,,70323.29,27334.66,38.87,USSD Payment,Processing,4,Mobile App,,0,0
JO-2023-12484,2023-01-13,11:28:00,January,Q1,Friday,JMC000999,Oyo,Ibadan North,Fashion,Sunglasses UV400,Zara,5,3699.05,0,3699.05,2189.1,0,18495.25,7549.75,40.82,Cash on Delivery,Delivered,1,Mobile App,4.7,0,0
JO-2023-12637,2023-01-13,22:49:00,January,Q1,Friday,JMC000740,Abuja,Asokoro,Sports & Outdoor,Resistance Bands Set,Spalding,2,66883.17,0,66883.17,51974.91,0,133766.34,29816.52,22.29,Card Payment,Delivered,5,USSD,2.5,0,0
JO-2023-10403,2023-01-14,19:07:00,January,Q1,Saturday,JMC000991,Abuja,Wuse,Sports & Outdoor,Basketball Outdoor,Puma,1,25860.93,0,25860.93,18213.85,0,25860.93,7647.08,29.57,Bank Transfer,Delivered,7,WhatsApp Store,3.5,0,0
JO-2023-11006,2023-01-14,13:55:00,January,Q1,Saturday,JMC000340,Imo,Owerri,Sports & Outdoor,Resistance Bands Set,Puma,2,44872.14,0,44872.14,33564.36,0,89744.28,22615.56,25.2,Jumia Pay Wallet,Delivered,8,Mobile App,4.7,0,0
JO-2023-11058,2023-01-14,13:28:00,January,Q1,Saturday,JMC001223,Lagos,Surulere,Groceries,Tin Tomato Carton,Cadbury,2,18246.19,0,18246.19,16635.05,0,36492.38,3222.28,8.83,Card Payment,Delivered,6,Mobile App,4.6,0,0
JO-2023-11363,2023-01-14,13:00:00,January,Q1,Saturday,JMC001475,Anambra,Onitsha,Fashion,Handbag Brown,Zara,2,77374.92,40,46424.95,21374.05,0,92849.9,50101.8,53.96,Bank Transfer,Delivered,1,Mobile App,2.9,0,0
JO-2023-11733,2023-01-14,15:13:00,January,Q1,Saturday,JMC000705,Lagos,Victoria Island,Groceries,Sugar 1kg,Cadbury,2,14225.89,40,8535.53,7731.48,0,17071.06,1608.1,9.42,USSD Payment,Shipped,2,Agent Network,,0,0
JO-2023-11858,2023-01-14,09:19:00,January,Q1,Saturday,JMC001572,Rivers,Oyigbo,Computing,Printer Ink Cartridge,Dell,1,197966.01,0,197966.01,163262.57,0,197966.01,34703.44,17.53,Bank Transfer,Delivered,1,Mobile App,4.7,0,0
JO-2023-11971,2023-01-14,22:34:00,January,Q1,Saturday,JMC000035,Edo,Benin City,Beauty & Health,Moisturising Lotion 400ml,Black Seed,2,10693.78,0,10693.78,5730.8,0,21387.56,9925.96,46.41,Card Payment,Delivered,3,Mobile App,4.0,0,0
JO-2023-12277,2023-01-14,22:34:00,January,Q1,Saturday,JMC000867,Kano,Tarauni,Fashion,Sunglasses UV400,Lagos Styles,1,48500.06,10,43650.05,25819.0,0,43650.05,17831.05,40.85,Card Payment,Processing,8,Mobile App,,0,0
JO-2023-12286,2023-01-14,09:05:00,January,Q1,Saturday,JMC000835,Lagos,Surulere,Beauty & Health,Face Mask Set,Nivea,1,8907.42,0,8907.42,4778.83,1000,8907.42,4128.59,46.35,Jumia Pay Wallet,Cancelled,3,Mobile App,,0,0
JO-2023-12388,2023-01-14,10:07:00,January,Q1,Saturday,JMC000540,Lagos,Ikorodu,Sports & Outdoor,Tennis Racket,Spalding,1,19974.41,0,19974.41,12436.07,0,19974.41,7538.34,37.74,Card Payment,Delivered,1,Website Desktop,5.0,0,0
JO-2023-12410,2023-01-14,21:49:00,January,Q1,Saturday,JMC000451,Lagos,Surulere,Fashion,Baseball Cap,Lagos Styles,2,82992.73,0,82992.73,54086.36,0,165985.46,57812.74,34.83,Card Payment,Delivered,5,Mobile App,,0,0
JO-2023-10521,2023-01-15,13:26:00,January,Q1,Sunday,JMC000029,Kwara,Ilorin,Electronics,Wireless Earbuds,JBL,2,30194.83,0,30194.83,25798.46,0,60389.66,8792.74,14.56,Card Payment,Delivered,6,Agent Network,2.7,0,0
JO-2023-10527,2023-01-15,22:52:00,January,Q1,Sunday,JMC001079,Kano,Nassarawa,Fashion,Men's Polo Shirt,Zara,1,79741.96,30,55819.37,28830.7,0,55819.37,26988.67,48.35,Jumia Pay Wallet,Delivered,2,USSD,4.3,0,0
JO-2023-10565,2023-01-15,13:20:00,January,Q1,Sunday,JMC000927,Lagos,Ikorodu,Fashion,Handbag Brown,Zara,1,51395.21,10,46255.69,22110.22,0,46255.69,24145.47,52.2,Jumia Pay Wallet,Delivered,1,Mobile App,4.8,0,0
JO-2023-11157,2023-01-15,14:15:00,January,Q1,Sunday,JMC000719,Anambra,Nnewi,Beauty & Health,Vitamin C Serum,Black Seed,1,19716.66,0,19716.66,8385.5,0,19716.66,11331.16,57.47,Jumia Pay Wallet,Delivered,1,Mobile App,4.1,0,0
JO-2023-11239,2023-01-15,18:55:00,January,Q1,Sunday,JMC001554,Lagos,Ikeja,Books & Education,Mathematics Textbook,Oxford,1,10102.87,50,5051.44,3123.81,1500,5051.44,1927.63,38.16,Cash on Delivery,Delivered,5,USSD,4.3,0,0
JO-2023-11447,2023-01-15,13:37:00,January,Q1,Sunday,JMC000507,Niger,Bida,Fashion,Handbag Brown,H&M,2,6163.01,25,4622.26,2974.42,700,9244.52,3295.68,35.65,USSD Payment,Delivered,5,Mobile App,4.3,0,0
JO-2023-12005,2023-01-15,10:19:00,January,Q1,Sunday,JMC001127,Anambra,Nnewi,Fashion,Women's Ankara Gown,Adidas,1,24009.95,0,24009.95,14362.75,0,24009.95,9647.2,40.18,Jumia Pay Wallet,Delivered,6,Website Desktop,3.5,0,0
JO-2023-11019,2023-01-16,22:28:00,January,Q1,Monday,JMC001066,Abuja,Wuse,Computing,Webcam HD 1080p,HP,1,171009.41,0,171009.41,148470.37,0,171009.41,22539.04,13.18,Jumia Pay Wallet,Delivered,7,Mobile App,4.9,0,0
JO-2023-11612,2023-01-16,13:16:00,January,Q1,Monday,JMC001140,Lagos,Lagos Island,Electronics,Phone Charger USB-C,Apple,1,205736.54,0,205736.54,167325.53,0,205736.54,38411.01,18.67,Card Payment,Delivered,8,Website Desktop,2.7,0,0
JO-2023-11837,2023-01-16,22:21:00,January,Q1,Monday,JMC001562,Lagos,Victoria Island,Groceries,Sugar 1kg,Unilever,1,12149.03,0,12149.03,10860.02,0,12149.03,1289.01,10.61,Bank Transfer,Processing,3,USSD,,0,0
JO-2023-12026,2023-01-16,09:08:00,January,Q1,Monday,JMC001449,Lagos,Lekki,Electronics,Bluetooth Speaker,Sony,1,431480.76,30,302036.53,239968.02,0,302036.53,62068.51,20.55,Card Payment,Delivered,2,Mobile App,4.1,0,0
JO-2023-12172,2023-01-16,11:30:00,January,Q1,Monday,JMC001519,Nasarawa,Nasarawa,Home & Kitchen,Storage Containers,Bosch,1,84882.63,0,84882.63,66819.61,0,84882.63,18063.02,21.28,Jumia Pay Wallet,Processing,1,Mobile App,,0,0
JO-2023-12593,2023-01-16,18:26:00,January,Q1,Monday,JMC000727,Kaduna,Kaduna North,Home & Kitchen,Coffee Maker,Philips,2,61665.74,0,61665.74,48900.93,0,123331.48,25529.62,20.7,Card Payment,Delivered,7,Mobile App,3.7,0,0
JO-2023-12673,2023-01-16,12:06:00,January,Q1,Monday,JMC001031,Lagos,Ikorodu,Books & Education,Law Reports,Oxford,1,15224.1,0,15224.1,10416.33,0,15224.1,4807.77,31.58,Card Payment,Delivered,5,Website Desktop,4.2,0,0
JO-2023-12752,2023-01-16,07:02:00,January,Q1,Monday,JMC000715,Edo,Benin City,Electronics,Table Lamp LED,,3,392350.28,0,392350.28,334870.96,0,1177050.84,172437.96,14.65,Bank Transfer,Returned,1,Website Desktop,,1,0
JO-2023-12919,2023-01-16,12:49:00,January,Q1,Monday,JMC001487,Lagos,Lekki,Electronics,Bluetooth Speaker,,1,355712.87,0,355712.87,260061.68,0,355712.87,95651.19,26.89,Bank Transfer,Processing,7,Website Desktop,,0,0
JO-2023-12970,2023-01-16,19:56:00,January,Q1,Monday,JMC000034,Abuja,Asokoro,Sports & Outdoor,Football Size 5,Spalding,2,86446.45,5,82124.13,56977.72,0,164248.26,50292.82,30.62,Bank Transfer,Delivered,3,Website Desktop,3.2,0,0
JO-2023-10247,2023-01-17,20:38:00,January,Q1,Tuesday,JMC001373,Cross River,Ogoja,Groceries,Sugar 1kg,Unilever,1,8621.78,15,7328.51,6471.81,1200,7328.51,856.7,11.69,Card Payment,Delivered,8,Mobile App,3.6,0,0
JO-2023-11387,2023-01-17,08:23:00,January,Q1,Tuesday,JMC000857,Edo,Egor,Electronics,Smart TV 43inch,Infinix,2,15907.72,0,15907.72,12051.69,0,31815.44,7712.06,24.24,Jumia Pay Wallet,Processing,3,Agent Network,,0,0
JO-2023-11913,2023-01-17,23:26:00,January,Q1,Tuesday,JMC001253,Abuja,Wuse,Beauty & Health,Vitamin C Serum,Nivea,1,33993.72,0,33993.72,18835.92,0,33993.72,15157.8,44.59,USSD Payment,Cancelled,6,Website Desktop,,0,0
JO-2023-11967,2023-01-17,13:20:00,January,Q1,Tuesday,JMC001147,Kano,Nassarawa,Electronics,Extension Socket,Apple,5,189024.86,20,151219.89,110859.3,0,756099.45,201802.95,26.69,Cash on Delivery,Delivered,4,Website Desktop,3.4,0,0
JO-2023-11986,2023-01-17,08:52:00,January,Q1,Tuesday,JMC001062,Lagos,Yaba,Sports & Outdoor,Swimming Goggles,Under Armour,1,22580.58,0,22580.58,15921.57,0,22580.58,6659.01,29.49,Card Payment,Delivered,2,Agent Network,4.5,0,0
JO-2023-12584,2023-01-17,20:59:00,January,Q1,Tuesday,JMC001132,Lagos,Yaba,Beauty & Health,Hair Relaxer Kit,Black Seed,2,7563.36,,7563.36,3417.13,0,15126.72,8292.46,54.82,Card Payment,Delivered,6,Website Desktop,4.5,0,0
JO-2023-12622,2023-01-17,07:36:00,January,Q1,Tuesday,JMC000709,Kano,Gwale,Fashion,Leather Belt,Adidas,1,67284.04,0,67284.04,42166.91,0,67284.04,25117.13,37.33,USSD Payment,Processing,7,Mobile App,,0,0
JO-2023-12961,2023-01-17,23:02:00,January,Q1,Tuesday,JMC001125,Rivers,Obio-Akpor,Beauty & Health,Shampoo Anti-Dandruff,Dove,1,18296.06,20,14636.85,9101.19,0,14636.85,5535.66,37.82,Bank Transfer,Delivered,7,Website Desktop,4.0,0,0
JO-2023-10071,2023-01-18,13:45:00,January,Q1,Wednesday,JMC000260,Abuja,Kubwa,Fashion,Baseball Cap,Ankara Palace,1,47769.48,0,47769.48,29354.35,0,47769.48,18415.13,38.55,Cash on Delivery,Delivered,5,Mobile App,4.6,0,0
JO-2023-10094,2023-01-18,15:58:00,January,Q1,Wednesday,JMC000560,Delta,Warri,Beauty & Health,Sunscreen SPF50,L'Oreal,4,18594.43,0,18594.43,10749.44,0,74377.72,31379.96,42.19,Card Payment,Delivered,5,Mobile App,4.9,0,0
JO-2023-10305,2023-01-18,09:58:00,January,Q1,Wednesday,JMC001345,Kaduna,Kaduna South,Books & Education,Mathematics Textbook,Oxford,1,3006.69,0,3006.69,1972.39,700,3006.69,1034.3,34.4,Card Payment,Delivered,6,Mobile App,4.8,0,0
JO-2023-10821,2023-01-18,16:38:00,January,Q1,Wednesday,JMC000860,Rivers,Eleme,Home & Kitchen,Iron Box Steam,Nexus,2,83590.53,0,83590.53,51700.74,0,167181.06,63779.58,38.15,Card Payment,Delivered,4,Agent Network,3.7,0,0
JO-2023-11871,2023-01-18,10:26:00,January,Q1,Wednesday,JMC000136,Kano,Gwale,Groceries,Noodles Instant 70g,Nestle,2,10900.85,15,9265.72,7761.89,0,18531.44,3007.66,16.23,Cash on Delivery,Delivered,4,Website Desktop,2.8,0,0
JO-2023-11993,2023-01-18,14:47:00,January,Q1,Wednesday,JMC000584,Delta,Warri,Books & Education,Finance Fundamentals,Farafina,2,14415.45,0,14415.45,8571.43,0,28830.9,11688.04,40.54,Cash on Delivery,Cancelled,5,Mobile App,,0,0
JO-2023-12164,2023-01-18,11:35:00,January,Q1,Wednesday,JMC001190,Ogun,Sagamu,Fashion,Wristwatch Classic,Ankara Palace,2,79104.06,25,59328.04,39785.38,,118656.08,39085.32,32.94,Cash on Delivery,Shipped,3,Website Desktop,,0,0
JO-2023-12283,2023-01-18,17:56:00,January,Q1,Wednesday,JMC000628,Niger,Kontagora,Computing,External SSD 1TB,Microsoft,4,560867.67,0,560867.67,481280.55,0,2243470.68,318348.48,14.19,Jumia Pay Wallet,Delivered,8,Mobile App,2.8,0,0
JO-2023-12982,2023-01-18,18:49:00,January,Q1,Wednesday,JMC000778,Delta,Oshimili,Fashion,Leather Belt,Lagos Styles,3,16719.9,0,16719.9,9187.59,0,50159.7,22596.93,45.05,Bank Transfer,Delivered,2,Website Desktop,4.2,0,0
JO-2023-10760,2023-01-19,20:28:00,January,Q1,Thursday,JMC000163,Anambra,Nnewi,Computing,Wireless Mouse,Dell,1,713783.77,0,713783.77,619921.2,,713783.77,93862.57,13.15,Jumia Pay Wallet,Delivered,7,Website Desktop,4.5,0,0
JO-2023-10866,2023-01-19,16:06:00,January,Q1,Thursday,JMC000698,Lagos,Surulere,Beauty & Health,Hair Relaxer Kit,Dove,5,21193.02,0,21193.02,13052.78,0,105965.1,40701.2,38.41,Cash on Delivery,Delivered,5,Mobile App,4.1,0,0
JO-2023-11422,2023-01-19,11:36:00,January,Q1,Thursday,JMC000527,Lagos,Surulere,Beauty & Health,Sunscreen SPF50,Black Seed,1,22920.04,0,22920.04,11941.34,0,22920.04,10978.7,47.9,Cash on Delivery,Delivered,8,Agent Network,4.7,0,0
JO-2023-11590,2023-01-19,08:55:00,January,Q1,Thursday,JMC000176,Plateau,Barkin Ladi,Sports & Outdoor,Football Size 5,Puma,1,78401.47,0,78401.47,52238.9,0,78401.47,26162.57,33.37,Card Payment,Cancelled,1,Website Desktop,,0,0
JO-2023-12300,2023-01-19,20:56:00,January,Q1,Thursday,JMC001040,Abuja,Garki,Electronics,Table Lamp LED,Samsung,1,269690.15,0,269690.15,225946.41,0,269690.15,43743.74,16.22,Bank Transfer,Processing,7,Website Desktop,,0,0
JO-2023-12378,2023-01-19,08:26:00,January,Q1,Thursday,JMC000423,Lagos,Yaba,Books & Education,WAEC Past Questions,Farafina,1,7408.1,0,7408.1,4796.0,1000,7408.1,2612.1,35.26,Jumia Pay Wallet,Delivered,5,WhatsApp Store,2.6,0,0
JO-2023-12803,2023-01-19,14:59:00,January,Q1,Thursday,JMC000032,Delta,Oshimili,Home & Kitchen,Storage Containers,Philips,2,125920.17,0,125920.17,91468.41,0,251840.34,68903.52,27.36,Jumia Pay Wallet,Shipped,1,Website Desktop,,0,0
JO-2023-12899,2023-01-19,20:16:00,January,Q1,Thursday,JMC000326,Lagos,Lagos Island,Fashion,Men's Polo Shirt,Zara,1,44079.08,0,44079.08,21008.09,0,44079.08,23070.99,52.34,Cash on Delivery,Delivered,2,WhatsApp Store,2.6,0,0
JO-2023-10082,2023-01-20,17:12:00,January,Q1,Friday,JMC000775,Lagos,Lagos Island,Electronics,Smart Watch,JBL,3,221641.78,0,221641.78,164436.04,0,664925.34,171617.22,25.81,Jumia Pay Wallet,Cancelled,7,Mobile App,,0,0
JO-2023-10225,2023-01-20,09:03:00,January,Q1,Friday,JMC001353,Lagos,Surulere,Electronics,Wireless Earbuds,Apple,2,85511.22,0,85511.22,61987.08,0,171022.44,47048.28,27.51,Cash on Delivery,Delivered,6,Mobile App,3.5,0,0
JO-2023-10876,2023-01-20,20:41:00,January,Q1,Friday,JMC001426,Edo,Benin City,Electronics,Desk Fan,Samsung,2,34492.63,25,25869.47,18794.17,0,51738.94,14150.6,27.35,Card Payment,Delivered,4,Mobile App,3.7,0,0
JO-2023-11342,2023-01-20,17:52:00,January,Q1,Friday,JMC001403,Benue,Katsina-Ala,Sports & Outdoor,Running Shoes,Decathlon,1,38098.25,0,38098.25,22196.04,0,38098.25,15902.21,41.74,Bank Transfer,Cancelled,8,Website Desktop,,0,0
JO-2023-12058,2023-01-20,13:45:00,January,Q1,Friday,JMC000310,Lagos,Lekki,Books & Education,Atlas of Nigeria,Kachifo,2,7332.84,0,7332.84,4320.51,0,14665.68,6024.66,41.08,Cash on Delivery,Shipped,1,Mobile App,,0,0
JO-2023-12560,2023-01-20,15:18:00,January,Q1,Friday,JMC000556,Lagos,Agege,Fashion,Leather Belt,Nike,1,31065.64,0,31065.64,16933.88,0,31065.64,14131.76,45.49,Card Payment,Delivered,6,USSD,4.9,0,0
JO-2023-12602,2023-01-20,16:55:00,January,Q1,Friday,JMC000158,Lagos,Surulere,Computing,Laptop Bag 15inch,Microsoft,1,202979.55,0,202979.55,169244.35,0,202979.55,33735.2,16.62,Card Payment,Delivered,4,Mobile App,2.7,0,0
JO-2023-12836,2023-01-20,10:28:00,January,Q1,Friday,JMC000853,Kaduna,Kaduna South,Fashion,Wristwatch Classic,Lagos Styles,1,6233.9,10,5610.51,2697.53,1000,5610.51,2912.98,51.92,Card Payment,Delivered,8,Mobile App,4.4,0,0
JO-2023-10111,2023-01-21,16:40:00,January,Q1,Saturday,JMC000368,Oyo,Ibadan South,Beauty & Health,Manicure Kit,Dove,2,32458.7,0,32458.7,13506.07,0,64917.4,37905.26,58.39,Jumia Pay Wallet,Shipped,2,Mobile App,,0,0
JO-2023-10324,2023-01-21,10:29:00,January,Q1,Saturday,JMC000661,Lagos,Lagos Island,Groceries,Milk Tin 400g,Nestle,2,6005.28,0,6005.28,5163.34,0,12010.56,1683.88,14.02,Bank Transfer,Delivered,6,Mobile App,4.0,0,0
JO-2023-10442,2023-01-21,13:27:00,January,Q1,Saturday,JMC000220,Lagos,Lekki,Electronics,Electric Kettle,Sony,1,278996.43,50,139498.21,103382.12,0,139498.21,36116.09,25.89,Bank Transfer,Shipped,4,Agent Network,,0,0
JO-2023-10520,2023-01-21,17:35:00,January,Q1,Saturday,JMC000090,Niger,Kontagora,Fashion,Men's Polo Shirt,H&M,2,76638.08,0,76638.08,49607.83,0,153276.16,54060.5,35.27,Card Payment,Delivered,2,WhatsApp Store,4.2,0,0
JO-2023-10819,2023-01-21,09:53:00,January,Q1,Saturday,JMC000720,Benue,Gboko,Electronics,Extension Socket,JBL,1,408366.49,0,408366.49,333839.61,0,408366.49,74526.88,18.25,Jumia Pay Wallet,Returned,7,Mobile App,,1,0
JO-2023-10940,2023-01-21,19:13:00,January,Q1,Saturday,JMC000307,Abuja,Garki,Electronics,Desk Fan,HP,1,272022.25,0,272022.25,216638.52,0,272022.25,55383.73,20.36,Bank Transfer,Shipped,6,USSD,,0,0
JO-2023-11174,2023-01-21,08:27:00,January,Q1,Saturday,JMC001093,Kaduna,Chikun,Home & Kitchen,Kitchen Towel Set,Nexus,1,170740.49,0,170740.49,103468.74,0,170740.49,67271.75,39.4,Card Payment,Delivered,1,Mobile App,4.5,0,0
JO-2023-11808,2023-01-21,23:13:00,January,Q1,Saturday,JMC001116,Abuja,Wuse,Electronics,Wireless Earbuds,HP,4,171709.12,0,171709.12,140595.43,0,686836.48,124454.76,18.12,Bank Transfer,Delivered,5,Mobile App,2.8,0,0
JO-2023-11953,2023-01-21,10:12:00,January,Q1,Saturday,JMC000550,Lagos,Lekki,Groceries,Spaghetti 500g,Cadbury,3,22927.71,0,22927.71,19259.28,0,68783.13,11005.29,16.0,Card Payment,Shipped,1,Mobile App,,0,0
JO-2023-12048,2023-01-21,17:26:00,January,Q1,Saturday,JMC001292,Delta,Uvwie,Electronics,Bluetooth Speaker,HP,2,45390.15,15,38581.63,31127.66,0,77163.26,14907.94,19.32,Cash on Delivery,Delivered,5,Mobile App,3.2,0,0
JO-2023-12136,2023-01-21,23:35:00,January,Q1,Saturday,JMC001552,Kano,Tarauni,Beauty & Health,Sunscreen SPF50,L'Oreal,3,21142.17,5,20085.06,10239.36,0,60255.18,29537.1,49.02,USSD Payment,Processing,6,WhatsApp Store,,0,0
JO-2023-12334,2023-01-21,19:58:00,January,Q1,Saturday,JMC001025,Enugu,Udi,Fashion,Baseball Cap,Lagos Styles,1,79989.1,0,79989.1,54832.53,0,79989.1,25156.57,31.45,Card Payment,Delivered,4,Website Desktop,4.5,0,0
JO-2023-12544,2023-01-21,21:17:00,January,Q1,Saturday,JMC000973,Abuja,Maitama,Beauty & Health,Body Scrub,L'Oreal,1,7035.07,0,7035.07,4548.17,1500,7035.07,2486.9,35.35,Card Payment,Delivered,3,USSD,4.0,0,0
JO-2023-12722,2023-01-21,08:26:00,January,Q1,Saturday,JMC000956,Enugu,Udi,Beauty & Health,Perfume Floral 100ml,Dove,5,12351.63,30,8646.14,3864.82,0,43230.7,23906.6,55.3,Card Payment,Returned,8,Website Desktop,,1,0
JO-2023-12923,2023-01-21,20:23:00,January,Q1,Saturday,JMC001409,Kano,Nassarawa,Groceries,Tin Tomato Carton,Nestle,3,1597.33,0,1597.33,1463.63,700,4791.99,401.1,8.37,Card Payment,Delivered,3,Agent Network,3.4,0,0
JO-2023-10239,2023-01-22,14:42:00,January,Q1,Sunday,JMC000101,Kano,Nassarawa,Computing,Laptop Stand Aluminium,Asus,2,236634.4,30,165644.08,142337.96,0,331288.16,46612.24,14.07,Card Payment,Delivered,2,Website Desktop,4.8,0,0
JO-2023-10489,2023-01-22,12:33:00,January,Q1,Sunday,JMC000377,Lagos,Lagos Island,Electronics,Power Bank 20000mAh,Sony,1,280519.15,0,280519.15,231849.08,0,280519.15,48670.07,17.35,Jumia Pay Wallet,Delivered,5,WhatsApp Store,2.5,0,0
JO-2023-10799,2023-01-22,23:27:00,January,Q1,Sunday,JMC001347,Benue,Katsina-Ala,Fashion,Baseball Cap,Adidas,2,48953.03,0,48953.03,27129.77,0,97906.06,43646.52,44.58,Bank Transfer,Delivered,8,Agent Network,3.8,0,0
JO-2023-11306,2023-01-22,17:02:00,January,Q1,Sunday,JMC000584,Ogun,Sagamu,Electronics,Bluetooth Speaker,Infinix,1,99721.13,0,99721.13,85271.54,0,99721.13,14449.59,14.49,Card Payment,Cancelled,3,USSD,,0,0
JO-2023-11381,2023-01-22,11:30:00,January,Q1,Sunday,JMC001361,Niger,Suleja,Computing,Webcam HD 1080p,HP,2,286792.61,0,286792.61,252176.74,,573585.22,69231.74,12.07,Card Payment,Delivered,7,Mobile App,,0,0
JO-2023-11397,2023-01-22,18:24:00,January,Q1,Sunday,JMC000217,Kaduna,Kaduna North,Fashion,Sunglasses UV400,Lagos Styles,1,70464.86,,56371.89,38761.31,0,56371.89,17610.58,31.24,Card Payment,Shipped,4,Website Desktop,,0,0
JO-2023-11552,2023-01-22,08:38:00,January,Q1,Sunday,JMC000229,Imo,Mbaitoli,Home & Kitchen,Air Fryer 4L,Bosch,3,169726.15,0,169726.15,110610.53,,509178.45,177346.86,34.83,Card Payment,Cancelled,5,USSD,,0,0
JO-2023-12468,2023-01-22,12:27:00,January,Q1,Sunday,JMC000777,Delta,Uvwie,Books & Education,Finance Fundamentals,Amazon KDP,1,17063.4,0,17063.4,12585.96,0,17063.4,4477.44,26.24,Jumia Pay Wallet,Delivered,6,Agent Network,2.7,0,0
JO-2023-12502,2023-01-22,20:06:00,January,Q1,Sunday,JMC000469,Kano,Kano City,Computing,Laptop Stand Aluminium,HP,2,744333.7,50,372166.85,327655.69,0,744333.7,89022.32,11.96,Card Payment,Delivered,2,Mobile App,,0,0
JO-2023-12591,2023-01-22,13:14:00,January,Q1,Sunday,JMC000325,Imo,Mbaitoli,Sports & Outdoor,Yoga Mat 6mm,Wilson,1,45441.59,0,45441.59,34426.55,0,45441.59,11015.04,24.24,Cash on Delivery,Delivered,7,Mobile App,3.1,0,0
JO-2023-12815,2023-01-22,18:23:00,January,Q1,Sunday,JMC001017,Lagos,Lagos Island,Groceries,Milk Tin 400g,PZ Cussons,1,7253.37,25,5440.03,4677.34,700,5440.03,762.69,14.02,Cash on Delivery,Delivered,6,WhatsApp Store,4.5,0,0
JO-2023-12912,2023-01-22,16:28:00,January,Q1,Sunday,JMC001105,Abuja,Maitama,Home & Kitchen,Coffee Maker,Philips,2,101012.02,0,101012.02,72092.28,0,202024.04,57839.48,28.63,Card Payment,Delivered,5,Mobile App,3.8,0,0
JO-2023-10344,2023-01-23,21:31:00,January,Q1,Monday,JMC000054,Enugu,Enugu South,Beauty & Health,Sunscreen SPF50,Dove,1,4398.97,0,4398.97,2670.61,1500,4398.97,1728.36,39.29,Card Payment,Delivered,6,Mobile App,4.0,0,0
JO-2023-10474,2023-01-23,10:24:00,January,Q1,Monday,JMC000303,Anambra,Anambra East,Beauty & Health,Sunscreen SPF50,Dove,1,21600.99,0,21600.99,9327.31,0,21600.99,12273.68,56.82,Bank Transfer,Shipped,7,Mobile App,,0,0
JO-2023-10911,2023-01-23,07:48:00,January,Q1,Monday,JMC000936,Bauchi,Misau,Fashion,Sunglasses UV400,H&M,5,33833.7,0,33833.7,22452.04,0,169168.5,56908.3,33.64,Card Payment,Delivered,3,Mobile App,3.7,0,0
JO-2023-11504,2023-01-23,22:48:00,January,Q1,Monday,JMC000976,Abuja,Wuse,Electronics,Extension Socket,Samsung,5,214181.51,20,171345.21,150441.09,0,856726.05,104520.6,12.2,Card Payment,Cancelled,8,WhatsApp Store,,0,0
JO-2023-12390,2023-01-23,19:27:00,January,Q1,Monday,JMC001260,Imo,Okigwe,Books & Education,Python Programming Basics,Amazon KDP,3,13632.82,0,13632.82,8767.27,0,40898.46,14596.65,35.69,Bank Transfer,Delivered,4,Website Desktop,4.2,0,0
JO-2023-12460,2023-01-23,23:10:00,January,Q1,Monday,JMC001465,Lagos,Ikorodu,Fashion,Leather Belt,Ankara Palace,2,28791.17,0,28791.17,16888.9,0,57582.34,23804.54,41.34,Cash on Delivery,Delivered,6,Website Desktop,,0,0
JO-2023-10020,2023-01-24,21:11:00,January,Q1,Tuesday,JMC000056,Lagos,Yaba,Computing,Printer Ink Cartridge,Acer,1,272001.57,0,272001.57,233159.75,0,272001.57,38841.82,14.28,Card Payment,Delivered,1,Mobile App,4.1,0,0
JO-2023-10137,2023-01-24,21:11:00,January,Q1,Tuesday,JMC000287,Niger,Kontagora,Sports & Outdoor,Yoga Mat 6mm,Wilson,1,92613.29,25,69459.97,43954.27,0,69459.97,25505.7,36.72,Bank Transfer,Shipped,2,Mobile App,,0,0
JO-2023-10202,2023-01-24,13:57:00,January,Q1,Tuesday,JMC001374,Anambra,Nnewi,Electronics,Bluetooth Speaker,Infinix,1,43172.28,15,36696.44,30736.94,0,36696.44,5959.5,16.24,Card Payment,Delivered,4,WhatsApp Store,4.9,0,0
JO-2023-10795,2023-01-24,07:03:00,January,Q1,Tuesday,JMC001514,Anambra,Onitsha,Computing,Mechanical Keyboard,Asus,1,682119.56,5,648013.58,569863.14,0,648013.58,78150.44,12.06,Bank Transfer,Delivered,2,Website Desktop,3.0,0,0
JO-2023-11055,2023-01-24,16:18:00,January,Q1,Tuesday,JMC000978,Delta,Warri,Fashion,Men's Jeans,Lagos Styles,1,30625.08,0,30625.08,18047.36,0,30625.08,12577.72,41.07,Card Payment,Shipped,3,Mobile App,,0,0
JO-2023-11210,2023-01-24,23:18:00,January,Q1,Tuesday,JMC001400,Benue,Makurdi,Sports & Outdoor,Basketball Outdoor,Under Armour,1,7366.16,0,7366.16,5238.81,1500,7366.16,2127.35,28.88,Cash on Delivery,Processing,6,Mobile App,,0,0
JO-2023-11546,2023-01-24,20:35:00,January,Q1,Tuesday,JMC000676,Kano,Kano City,Sports & Outdoor,Tennis Racket,Decathlon,1,34261.76,0,34261.76,25853.92,0,34261.76,8407.84,24.54,Jumia Pay Wallet,Delivered,6,WhatsApp Store,3.3,0,0
JO-2023-11575,2023-01-24,10:06:00,January,Q1,Tuesday,JMC001080,Lagos,Victoria Island,Sports & Outdoor,Running Shoes,Under Armour,2,56679.83,0,56679.83,37493.71,0,113359.66,38372.24,33.85,Card Payment,Delivered,5,Mobile App,4.1,0,0
JO-2023-12117,2023-01-24,07:51:00,January,Q1,Tuesday,JMC001252,Rivers,Port Harcourt,Electronics,Phone Charger USB-C,Infinix,2,433209.58,0,433209.58,348647.07,0,866419.16,169125.02,19.52,Bank Transfer,Delivered,3,Mobile App,,0,0
JO-2023-12287,2023-01-24,23:58:00,January,Q1,Tuesday,JMC001224,Lagos,Ikorodu,Books & Education,WAEC Past Questions,Kachifo,2,2285.84,50,1142.92,643.58,1000,2285.84,998.68,43.69,USSD Payment,Delivered,7,Mobile App,4.7,0,0
JO-2023-10100,2023-01-25,15:36:00,January,Q1,Wednesday,JMC000615,Kwara,Omu-Aran,Beauty & Health,Shampoo Anti-Dandruff,Olay,1,29038.13,0,29038.13,15503.46,0,29038.13,13534.67,46.61,Bank Transfer,Delivered,1,WhatsApp Store,4.2,0,0
JO-2023-11217,2023-01-25,18:28:00,January,Q1,Wednesday,JMC000217,Ogun,Sagamu,Groceries,Tin Tomato Carton,Dangote,1,24667.64,50,12333.82,10726.72,0,12333.82,1607.1,13.03,USSD Payment,Delivered,3,WhatsApp Store,4.6,0,0
JO-2023-11647,2023-01-25,07:23:00,January,Q1,Wednesday,JMC000876,Abuja,Maitama,Computing,Laptop Stand Aluminium,Dell,2,707315.15,30,495120.6,433973.21,0,990241.2,122294.78,12.35,Jumia Pay Wallet,Processing,4,Website Desktop,,0,0
JO-2023-12119,2023-01-25,13:30:00,January,Q1,Wednesday,JMC000481,Rivers,Obio-Akpor,Electronics,Smart Watch,JBL,1,22430.08,20,17944.06,13958.68,0,17944.06,3985.38,22.21,Bank Transfer,Delivered,5,Mobile App,2.9,0,0
JO-2023-12462,2023-01-25,11:03:00,January,Q1,Wednesday,JMC000388,Abuja,Wuse,Fashion,Handbag Brown,Nike,1,33428.84,0,33428.84,16045.84,0,33428.84,17383.0,52.0,Bank Transfer,Cancelled,1,Mobile App,,0,0
JO-2023-12859,2023-01-25,13:26:00,January,Q1,Wednesday,JMC001259,Imo,Owerri,Beauty & Health,Perfume Floral 100ml,Neutrogena,1,12514.27,0,12514.27,7400.94,0,12514.27,5113.33,40.86,Card Payment,Returned,4,WhatsApp Store,,1,0
JO-2023-11407,2023-01-26,17:04:00,January,Q1,Thursday,JMC000026,Lagos,Victoria Island,Computing,Webcam HD 1080p,Asus,1,217952.65,0,217952.65,185543.09,0,217952.65,32409.56,14.87,Cash on Delivery,Processing,4,Website Desktop,,0,0
JO-2023-11734,2023-01-26,08:52:00,January,Q1,Thursday,JMC000624,Abuja,Asokoro,Beauty & Health,Manicure Kit,Olay,3,32111.38,30,22477.97,14109.42,0,67433.91,25105.65,37.23,Card Payment,Delivered,4,Mobile App,3.8,0,0
JO-2023-11822,2023-01-26,21:52:00,January,Q1,Thursday,JMC001361,Lagos,Ikeja,Groceries,Milk Tin 400g,,1,15492.66,15,13168.76,11882.17,0,13168.76,1286.59,9.77,Bank Transfer,Cancelled,6,Mobile App,,0,0
JO-2023-12282,2023-01-26,13:11:00,January,Q1,Thursday,JMC001086,Abuja,Wuse,Home & Kitchen,Blender 1.5L,Philips,1,5047.79,5,4795.4,3465.16,1200,4795.4,1330.24,27.74,Card Payment,Delivered,6,WhatsApp Store,3.6,0,0
JO-2023-12831,2023-01-26,23:51:00,January,Q1,Thursday,JMC000978,Kaduna,Zaria,Electronics,Bluetooth Speaker,HP,2,264169.79,15,224544.32,167757.06,0,449088.64,113574.52,25.29,Card Payment,Processing,3,Website Desktop,,0,0
JO-2023-10972,2023-01-27,15:23:00,January,Q1,Friday,JMC001272,Abuja,Wuse,Computing,Mechanical Keyboard,HP,1,572130.41,0,572130.41,460336.13,0,572130.41,111794.28,19.54,Jumia Pay Wallet,Delivered,3,Website Desktop,3.8,0,0
JO-2023-11211,2023-01-27,11:15:00,January,Q1,Friday,JMC000722,Abuja,Gwarinpa,Computing,External SSD 1TB,HP,3,762469.37,0,762469.37,659459.76,0,2287408.11,309028.83,13.51,Bank Transfer,Delivered,8,Website Desktop,4.3,0,0
JO-2023-11389,2023-01-27,18:07:00,January,Q1,Friday,JMC001192,Rivers,Port Harcourt,Beauty & Health,Manicure Kit,Olay,1,30003.97,0,30003.97,15566.06,0,30003.97,14437.91,48.12,Jumia Pay Wallet,Delivered,8,Mobile App,3.6,0,0
JO-2023-11410,2023-01-27,10:05:00,January,Q1,Friday,JMC000763,Kano,Nassarawa,Electronics,Power Bank 20000mAh,JBL,1,54424.7,0,54424.7,40628.04,0,54424.7,13796.66,25.35,Jumia Pay Wallet,Delivered,7,WhatsApp Store,3.0,0,0
JO-2023-12568,2023-01-27,14:23:00,January,Q1,Friday,JMC001288,Abuja,Gwarinpa,Groceries,Biscuits Assorted,PZ Cussons,1,17421.54,0,17421.54,15148.03,0,17421.54,2273.51,13.05,USSD Payment,Shipped,3,Mobile App,,0,0
JO-2023-12646,2023-01-27,17:20:00,January,Q1,Friday,JMC001595,Kwara,Omu-Aran,Electronics,Extension Socket,HP,1,187633.3,50,93816.65,70859.72,0,93816.65,22956.93,24.47,Cash on Delivery,Processing,8,USSD,,0,0
JO-2023-10444,2023-01-28,08:48:00,January,Q1,Saturday,JMC000833,Lagos,Victoria Island,Electronics,Smart Watch,Apple,2,169127.8,0,169127.8,130042.37,0,338255.6,78170.86,23.11,Jumia Pay Wallet,Cancelled,3,Mobile App,,0,0
JO-2023-11671,2023-01-28,19:27:00,January,Q1,Saturday,JMC000998,Abuja,Asokoro,Fashion,Women's Heels,Ankara Palace,1,26004.4,0,26004.4,12227.27,0,26004.4,13777.13,52.98,Bank Transfer,Cancelled,1,USSD,,0,0
JO-2023-12050,2023-01-28,18:31:00,January,Q1,Saturday,JMC001210,Abuja,Maitama,Beauty & Health,Hair Relaxer Kit,Nivea,1,8873.65,0,8873.65,3560.11,1000,8873.65,5313.54,59.88,Card Payment,Delivered,5,Mobile App,4.3,0,0
JO-2023-12805,2023-01-28,13:37:00,January,Q1,Saturday,JMC001002,Nasarawa,Keffi,Beauty & Health,Beard Oil 50ml,Nivea,1,9967.34,0,9967.34,6475.78,1500,9967.34,3491.56,35.03,USSD Payment,Delivered,8,USSD,4.4,0,0
JO-2023-10089,2023-01-29,23:51:00,January,Q1,Sunday,JMC000432,Benue,Katsina-Ala,Electronics,Desk Fan,JBL,1,64310.47,0,64310.47,50798.84,0,64310.47,13511.63,21.01,Jumia Pay Wallet,Delivered,6,Website Desktop,4.6,0,0
JO-2023-10650,2023-01-29,08:44:00,January,Q1,Sunday,JMC001001,Abuja,Gwarinpa,Home & Kitchen,Air Fryer 4L,Nasco,1,75379.31,0,75379.31,48340.75,0,75379.31,27038.56,35.87,Card Payment,Delivered,8,Mobile App,3.3,0,0
JO-2023-11025,2023-01-29,14:16:00,January,Q1,Sunday,JMC000979,Lagos,Ikeja,Beauty & Health,Perfume Floral 100ml,Neutrogena,2,20019.34,0,20019.34,9841.51,0,40038.68,20355.66,50.84,Jumia Pay Wallet,Shipped,5,WhatsApp Store,,0,0
JO-2023-11797,2023-01-29,17:58:00,January,Q1,Sunday,JMC001565,Oyo,Oyo,Computing,Monitor 24inch,Asus,1,350006.78,0,350006.78,275735.34,0,350006.78,74271.44,21.22,Card Payment,Delivered,7,Mobile App,5.0,0,0
JO-2023-12280,2023-01-29,07:31:00,January,Q1,Sunday,JMC000560,Lagos,Victoria Island,Books & Education,Business Management,Oxford,1,7009.72,0,7009.72,4855.63,1200,7009.72,2154.09,30.73,USSD Payment,Returned,5,Mobile App,,1,0
JO-2023-12872,2023-01-29,22:40:00,January,Q1,Sunday,JMC001361,Abuja,Asokoro,Electronics,Desk Fan,Tecno,3,68733.02,0,68733.02,49618.37,0,206199.06,57343.95,27.81,Card Payment,Delivered,7,Website Desktop,,0,0
JO-2023-10197,2023-01-30,12:14:00,January,Q1,Monday,JMC000165,Oyo,Oyo,Books & Education,Mathematics Textbook,Amazon KDP,4,12079.83,0,12079.83,8409.98,0,48319.32,14679.4,30.38,Bank Transfer,Delivered,7,USSD,4.9,0,0
JO-2023-10702,2023-01-30,23:00:00,January,Q1,Monday,JMC000672,Nasarawa,Lafia,Sports & Outdoor,Resistance Bands Set,Puma,2,29960.6,0,29960.6,20783.67,0,59921.2,18353.86,30.63,Card Payment,Delivered,6,Mobile App,4.6,0,0
JO-2023-11043,2023-01-30,22:00:00,January,Q1,Monday,JMC000119,Rivers,Obio-Akpor,Electronics,Smart TV 43inch,Lenovo,1,163811.0,10,147429.9,110985.23,0,147429.9,36444.67,24.72,Card Payment,Delivered,6,Website Desktop,4.0,0,0
JO-2023-11212,2023-01-30,14:00:00,January,Q1,Monday,JMC000738,Rivers,Oyigbo,Home & Kitchen,Kitchen Towel Set,Binatone,1,54406.96,0,54406.96,35348.2,0,54406.96,19058.76,35.03,Bank Transfer,Delivered,8,Website Desktop,3.3,0,0
JO-2023-11258,2023-01-30,12:21:00,January,Q1,Monday,JMC000762,Abuja,Kubwa,Electronics,Electric Kettle,Tecno,1,77132.04,25,57849.03,44682.59,0,57849.03,13166.44,22.76,USSD Payment,Delivered,7,USSD,4.5,0,0
JO-2023-11534,2023-01-30,11:37:00,January,Q1,Monday,JMC000989,Lagos,Agege,Electronics,Desk Fan,JBL,1,393124.83,30,275187.38,204244.07,,275187.38,70943.31,25.78,Jumia Pay Wallet,Delivered,7,Website Desktop,3.6,0,0
JO-2023-10674,2023-01-31,16:15:00,January,Q1,Tuesday,JMC001506,Imo,Mbaitoli,Electronics,Smart Watch,Tecno,4,376052.45,0,376052.45,278053.18,0,1504209.8,391997.08,26.06,Card Payment,Delivered,6,USSD,,0,0
JO-2023-10800,2023-01-31,15:56:00,January,Q1,Tuesday,JMC000308,Bauchi,Ningi,Sports & Outdoor,Yoga Mat 6mm,Puma,1,56769.89,0,56769.89,36031.85,0,56769.89,20738.04,36.53,Bank Transfer,Delivered,4,Mobile App,4.4,0,0
JO-2023-11260,2023-01-31,14:27:00,January,Q1,Tuesday,JMC000130,Rivers,Eleme,Groceries,Spaghetti 500g,Nestle,1,8948.42,0,8948.42,7641.06,700,8948.42,1307.36,14.61,Jumia Pay Wallet,Shipped,2,Website Desktop,,0,0
JO-2023-11759,2023-01-31,19:08:00,January,Q1,Tuesday,JMC000301,Cross River,Ikom,Beauty & Health,Hair Relaxer Kit,Dove,1,4221.58,0,4221.58,2103.19,700,4221.58,2118.39,50.18,Card Payment,Shipped,2,Mobile App,,0,0
JO-2023-11762,2023-01-31,22:02:00,January,Q1,Tuesday,JMC001518,Kaduna,Kaduna North,Sports & Outdoor,Yoga Mat 6mm,Puma,4,84903.68,0,84903.68,55977.0,0,339614.72,115706.72,34.07,USSD Payment,Delivered,8,Website Desktop,3.9,0,0
JO-2023-11799,2023-01-31,12:32:00,January,Q1,Tuesday,JMC000265,Cross River,Calabar,Beauty & Health,Moisturising Lotion 400ml,Neutrogena,1,10987.65,10,9888.89,5681.17,1000,9888.89,4207.72,42.55,Card Payment,Returned,1,Mobile App,,1,0
JO-2023-12659,2023-01-31,23:43:00,January,Q1,Tuesday,JMC000586,Lagos,Lagos Island,Groceries,Rice 5kg Bag,Dangote,1,15423.87,0,15423.87,14122.1,0,15423.87,1301.77,8.44,Card Payment,Cancelled,2,Mobile App,,0,0
JO-2023-12874,2023-01-31,15:44:00,January,Q1,Tuesday,JMC001428,Abuja,Gwarinpa,Electronics,Electric Kettle,Samsung,1,443292.99,5,421128.34,352737.1,0,421128.34,68391.24,16.24,Card Payment,Delivered,8,Mobile App,3.8,0,0
JO-2023-10030,2023-02-01,22:17:00,February,Q1,Wednesday,JMC000738,Lagos,Lekki,Electronics,Power Bank 20000mAh,Sony,4,182891.93,0,182891.93,136108.17,0,731567.72,187135.04,25.58,Bank Transfer,Delivered,1,USSD,4.5,0,0
JO-2023-10104,2023-02-01,07:43:00,February,Q1,Wednesday,JMC000662,Lagos,Lekki,Fashion,Sneakers Size 42,Nike,1,23761.94,10,21385.75,12564.13,0,21385.75,8821.62,41.25,Card Payment,Delivered,7,Mobile App,4.4,0,0
JO-2023-10723,2023-02-01,21:30:00,February,Q1,Wednesday,JMC000414,Lagos,Lagos Island,Home & Kitchen,Dish Rack,Scanfrost,1,18265.85,0,18265.85,13805.33,0,18265.85,4460.52,24.42,Cash on Delivery,Delivered,1,Mobile App,4.9,0,0
JO-2023-10957,2023-02-01,15:10:00,February,Q1,Wednesday,JMC001288,Lagos,Lekki,Home & Kitchen,Coffee Maker,,4,145024.62,0,145024.62,88102.46,0,580098.48,227688.64,39.25,Bank Transfer,Delivered,5,Mobile App,2.9,0,0
JO-2023-11155,2023-02-01,13:13:00,February,Q1,Wednesday,JMC001504,Delta,Warri,Home & Kitchen,Pressure Cooker 5L,Scanfrost,1,48615.27,40,29169.16,20704.27,0,29169.16,8464.89,29.02,Bank Transfer,Delivered,4,Mobile App,3.4,0,0
JO-2023-11175,2023-02-01,19:04:00,February,Q1,Wednesday,JMC001255,Abuja,Maitama,Books & Education,Law Reports,Farafina,2,4429.38,0,4429.38,2864.92,1000,8858.76,3128.92,35.32,Card Payment,Cancelled,4,Agent Network,,0,0
JO-2023-11749,2023-02-01,19:29:00,February,Q1,Wednesday,JMC001314,Rivers,Obio-Akpor,Beauty & Health,Body Scrub,Neutrogena,1,2813.43,0,2813.43,1316.97,2000,2813.43,1496.46,53.19,Card Payment,Delivered,2,USSD,3.9,0,0
JO-2023-12113,2023-02-01,12:17:00,February,Q1,Wednesday,JMC000540,Rivers,Port Harcourt,Electronics,Wireless Earbuds,HP,2,179780.73,0,179780.73,150746.14,0,359561.46,58069.18,16.15,Bank Transfer,Shipped,4,Mobile App,,0,0
JO-2023-12353,2023-02-01,14:08:00,February,Q1,Wednesday,JMC000809,Cross River,Ogoja,Beauty & Health,Vitamin C Serum,Dove,2,10864.65,0,10864.65,6162.43,0,21729.3,9404.44,43.28,Bank Transfer,Shipped,7,Mobile App,,0,0
JO-2023-12761,2023-02-01,21:29:00,February,Q1,Wednesday,JMC001142,Nasarawa,Akwanga,Books & Education,Atlas of Nigeria,Amazon KDP,1,889.33,0,889.33,515.9,1500,889.33,373.43,41.99,Card Payment,Delivered,1,Mobile App,3.1,0,0
JO-2023-12763,2023-02-01,17:22:00,February,Q1,Wednesday,JMC000850,Lagos,Lagos Island,Home & Kitchen,Pressure Cooker 5L,Bosch,3,4938.45,20,3950.76,2818.08,0,11852.28,3398.04,28.67,Cash on Delivery,Shipped,6,USSD,,0,0
JO-2023-10370,2023-02-02,18:19:00,February,Q1,Thursday,JMC001051,Niger,Minna,Fashion,Sneakers Size 42,Nike,4,58866.66,0,58866.66,27043.34,0,235466.64,127293.28,54.06,Cash on Delivery,Cancelled,8,Mobile App,,0,0
JO-2023-10782,2023-02-02,14:07:00,February,Q1,Thursday,JMC000017,Lagos,Victoria Island,Fashion,Handbag Brown,H&M,2,43381.02,0,43381.02,28280.09,0,86762.04,30201.86,34.81,Bank Transfer,Delivered,7,WhatsApp Store,3.4,0,0
JO-2023-10828,2023-02-02,09:44:00,February,Q1,Thursday,JMC000405,Lagos,Lekki,Groceries,Noodles Instant 70g,Unilever,2,23034.49,0,23034.49,20196.64,0,46068.98,5675.7,12.32,Bank Transfer,Delivered,4,WhatsApp Store,3.4,0,0
JO-2023-10853,2023-02-02,17:50:00,February,Q1,Thursday,JMC000817,Kwara,Patigi,Fashion,Men's Jeans,Nike,5,35608.03,0,35608.03,24626.51,0,178040.15,54907.6,30.84,Card Payment,Delivered,5,Agent Network,2.9,0,0
JO-2023-12418,2023-02-02,16:38:00,February,Q1,Thursday,JMC000359,Lagos,Lekki,Fashion,Handbag Brown,Zara,1,19140.88,0,19140.88,9832.67,0,19140.88,9308.21,48.63,Card Payment,Delivered,5,Mobile App,3.4,0,0
JO-2023-10630,2023-02-03,12:09:00,February,Q1,Friday,JMC000779,Abuja,Maitama,Home & Kitchen,Non-stick Frying Pan,Nasco,2,169778.07,0,169778.07,111663.04,0,339556.14,116230.06,34.23,USSD Payment,Processing,2,WhatsApp Store,,0,0
JO-2023-11606,2023-02-03,19:11:00,February,Q1,Friday,JMC001197,Lagos,Surulere,Home & Kitchen,Non-stick Frying Pan,Binatone,1,106786.44,15,90768.47,59761.96,0,90768.47,31006.51,34.16,Card Payment,Delivered,1,Mobile App,4.1,0,0
JO-2023-11916,2023-02-03,19:22:00,February,Q1,Friday,JMC001504,Rivers,Eleme,Books & Education,Python Programming Basics,Oxford,2,9574.89,0,9574.89,6411.35,0,19149.78,6327.08,33.04,Jumia Pay Wallet,Delivered,2,Mobile App,4.7,0,0
JO-2023-10346,2023-02-04,16:23:00,February,Q1,Saturday,JMC001004,Abuja,Asokoro,Fashion,Handbag Brown,Ankara Palace,1,76139.55,25,57104.66,29368.93,0,57104.66,27735.73,48.57,Bank Transfer,Cancelled,2,Agent Network,,0,0
JO-2023-11318,2023-02-04,16:08:00,February,Q1,Saturday,JMC001464,Lagos,Surulere,Home & Kitchen,Air Fryer 4L,Scanfrost,1,18768.27,0,18768.27,13192.22,0,18768.27,5576.05,29.71,Bank Transfer,Shipped,2,Website Desktop,,0,0
JO-2023-11398,2023-02-04,09:46:00,February,Q1,Saturday,JMC000702,Benue,Katsina-Ala,Computing,Laptop 15.6inch i5,Acer,1,575426.84,0,575426.84,487501.62,0,575426.84,87925.22,15.28,Cash on Delivery,Cancelled,8,Mobile App,,0,0
JO-2023-12067,2023-02-04,08:08:00,February,Q1,Saturday,JMC000116,Abuja,Maitama,Books & Education,Law Reports,Kachifo,1,7029.6,25,5272.2,3054.19,,5272.2,2218.01,42.07,Card Payment,Delivered,4,Mobile App,2.7,0,0
JO-2023-12141,2023-02-04,12:43:00,February,Q1,Saturday,JMC000408,Lagos,Ikeja,Fashion,Wristwatch Classic,,1,23775.48,0,23775.48,15454.06,0,23775.48,8321.42,35.0,Card Payment,Processing,8,Mobile App,,0,0
JO-2023-12347,2023-02-04,15:18:00,February,Q1,Saturday,JMC001528,Lagos,Yaba,Books & Education,Children Storybook,Oxford,1,5145.76,30,3602.03,2072.25,1200,3602.03,1529.78,42.47,Bank Transfer,Delivered,2,Agent Network,3.9,0,0
JO-2023-10170,2023-02-05,10:48:00,February,Q1,Sunday,JMC000846,Imo,Owerri,Computing,Mechanical Keyboard,HP,2,219960.17,0,219960.17,194862.71,0,439920.34,50194.92,11.41,Cash on Delivery,Delivered,7,Website Desktop,3.4,0,0
JO-2023-10729,2023-02-05,13:06:00,February,Q1,Sunday,JMC000398,Abuja,Wuse,Electronics,Power Bank 20000mAh,Samsung,1,64528.27,0,64528.27,46931.41,0,64528.27,17596.86,27.27,USSD Payment,Processing,1,Website Desktop,,0,0
JO-2023-11121,2023-02-05,13:37:00,February,Q1,Sunday,JMC001446,Kano,Tarauni,Electronics,Table Lamp LED,Tecno,1,182514.38,0,182514.38,132687.95,0,182514.38,49826.43,27.3,Bank Transfer,Delivered,6,Mobile App,4.8,0,0
JO-2023-11409,2023-02-05,18:52:00,February,Q1,Sunday,JMC000434,Abuja,Gwarinpa,Electronics,Power Bank 20000mAh,JBL,5,205550.79,0,205550.79,176115.92,,1027753.95,147174.35,14.32,Jumia Pay Wallet,Delivered,6,Website Desktop,5.0,0,0
JO-2023-12181,2023-02-05,22:50:00,February,Q1,Sunday,JMC000913,Lagos,Lagos Island,Home & Kitchen,Coffee Maker,Bosch,1,179137.96,30,125396.57,96755.99,0,125396.57,28640.58,22.84,Card Payment,Delivered,8,Agent Network,3.6,0,0
JO-2023-12664,2023-02-05,19:49:00,February,Q1,Sunday,JMC000112,Lagos,Agege,Fashion,Sunglasses UV400,Adidas,2,19933.9,5,18937.21,11087.74,0,37874.42,15698.94,41.45,Cash on Delivery,Delivered,3,Mobile App,4.1,0,0
JO-2023-10347,2023-02-06,10:49:00,February,Q1,Monday,JMC000732,Rivers,Obio-Akpor,Home & Kitchen,Kitchen Towel Set,Scanfrost,1,48260.79,50,24130.4,15296.26,0,24130.4,8834.14,36.61,Cash on Delivery,Delivered,4,Mobile App,3.7,0,0
JO-2023-10915,2023-02-06,18:35:00,February,Q1,Monday,JMC000475,Anambra,Anambra East,Computing,Laptop Bag 15inch,Microsoft,1,641968.84,0,641968.84,548241.39,0,641968.84,93727.45,14.6,Bank Transfer,Delivered,7,Mobile App,,0,0
JO-2023-11199,2023-02-06,16:33:00,February,Q1,Monday,JMC000640,Kaduna,Zaria,Electronics,Electric Kettle,Samsung,3,86446.65,0,86446.65,67558.06,0,259339.95,56665.77,21.85,Cash on Delivery,Delivered,6,WhatsApp Store,4.0,0,0
JO-2023-12552,2023-02-06,15:43:00,February,Q1,Monday,JMC000405,Abuja,Asokoro,Electronics,Electric Kettle,Sony,1,144635.09,0,144635.09,121189.74,0,144635.09,23445.35,16.21,Jumia Pay Wallet,Delivered,6,Mobile App,4.5,0,0
JO-2023-12689,2023-02-06,08:26:00,February,Q1,Monday,JMC001285,Cross River,Obanliku,Electronics,Desk Fan,Lenovo,2,433484.6,,390136.14,299429.49,0,780272.28,181413.3,23.25,Cash on Delivery,Delivered,2,Mobile App,3.8,0,0
JO-2023-10381,2023-02-07,08:44:00,February,Q1,Tuesday,JMC000331,Lagos,Victoria Island,Electronics,Smart TV 43inch,Tecno,1,164105.59,50,82052.79,66380.71,0,82052.79,15672.08,19.1,USSD Payment,Delivered,2,Agent Network,2.9,0,0
JO-2023-10692,2023-02-07,13:33:00,February,Q1,Tuesday,JMC001541,Edo,Ikpoba-Okha,Electronics,Smart TV 43inch,Samsung,2,278786.92,0,278786.92,244133.71,0,557573.84,69306.42,12.43,Cash on Delivery,Delivered,1,Mobile App,4.7,0,0
JO-2023-10817,2023-02-07,08:20:00,February,Q1,Tuesday,JMC001107,Ogun,Ijebu-Ode,Fashion,Sneakers Size 42,Zara,1,32437.27,0,32437.27,22024.91,0,32437.27,10412.36,32.1,Jumia Pay Wallet,Processing,4,Agent Network,,0,0
JO-2023-10976,2023-02-07,21:27:00,February,Q1,Tuesday,JMC000689,Cross River,Ikom,Fashion,Women's Ankara Gown,Zara,2,50206.77,10,45186.09,27486.7,0,90372.18,35398.78,39.17,USSD Payment,Cancelled,2,Mobile App,,0,0
JO-2023-11250,2023-02-07,17:44:00,February,Q1,Tuesday,JMC000988,Lagos,Ikorodu,Books & Education,Medical Dictionary,Amazon KDP,1,9637.91,0,9637.91,6636.66,2000,9637.91,3001.25,31.14,Bank Transfer,Delivered,7,Website Desktop,3.3,0,0
JO-2023-11532,2023-02-07,10:45:00,February,Q1,Tuesday,JMC000209,Kaduna,Chikun,Electronics,Extension Socket,Sony,1,45753.34,0,45753.34,37247.79,0,45753.34,8505.55,18.59,Bank Transfer,Delivered,4,Website Desktop,3.7,0,0
JO-2023-11629,2023-02-07,07:24:00,February,Q1,Tuesday,JMC000867,Kano,Tarauni,Sports & Outdoor,Cycling Helmet,Decathlon,1,44789.6,0,44789.6,28629.51,0,44789.6,16160.09,36.08,Jumia Pay Wallet,Delivered,3,Mobile App,,0,0
JO-2023-12321,2023-02-07,15:49:00,February,Q1,Tuesday,JMC001549,Abuja,Kubwa,Electronics,Extension Socket,Lenovo,2,359125.45,0,359125.45,313588.34,0,718250.9,91074.22,12.68,Card Payment,Delivered,6,Mobile App,3.4,0,0
JO-2023-12414,2023-02-07,12:05:00,February,Q1,Tuesday,JMC001130,Oyo,Ogbomoso,Computing,External SSD 1TB,MacBook,3,679256.42,0,679256.42,599443.79,0,2037769.26,239437.89,11.75,Bank Transfer,Delivered,2,Mobile App,3.1,0,0
JO-2023-12524,2023-02-07,08:50:00,February,Q1,Tuesday,JMC000356,Kano,Kano City,Electronics,Table Lamp LED,JBL,3,207324.97,0,207324.97,154913.22,0,621974.91,157235.25,25.28,Cash on Delivery,Delivered,6,Website Desktop,3.8,0,0
JO-2023-12726,2023-02-07,13:40:00,February,Q1,Tuesday,JMC000040,Edo,Orhionmwon,Groceries,Tomato Paste 400g,Cadbury,1,2842.56,0,2842.56,2378.65,1200,2842.56,463.91,16.32,Jumia Pay Wallet,Delivered,6,Agent Network,4.6,0,0
JO-2023-11243,2023-02-08,19:18:00,February,Q1,Wednesday,JMC000381,Lagos,Surulere,Fashion,Women's Heels,H&M,1,27997.81,0,27997.81,17218.65,0,27997.81,10779.16,38.5,Jumia Pay Wallet,Delivered,4,Mobile App,3.2,0,0
JO-2023-11269,2023-02-08,15:52:00,February,Q1,Wednesday,JMC000050,Anambra,Awka,Groceries,Spaghetti 500g,Cadbury,1,506.27,0,506.27,430.84,2000,506.27,75.43,14.9,Card Payment,Returned,4,Website Desktop,,1,0
JO-2023-11683,2023-02-08,10:28:00,February,Q1,Wednesday,JMC001456,Abuja,Maitama,Fashion,Women's Heels,Nike,2,69954.47,0,69954.47,38125.19,0,139908.94,63658.56,45.5,Bank Transfer,Delivered,8,Website Desktop,,0,0
JO-2023-10322,2023-02-09,09:36:00,February,Q1,Thursday,JMC000477,Abuja,Gwarinpa,Beauty & Health,Face Mask Set,Olay,1,29467.35,0,29467.35,16881.84,0,29467.35,12585.51,42.71,Cash on Delivery,Delivered,6,WhatsApp Store,3.0,0,0
JO-2023-10758,2023-02-09,19:23:00,February,Q1,Thursday,JMC001582,Abuja,Gwarinpa,Beauty & Health,Moisturising Lotion 400ml,L'Oreal,1,18644.94,0,18644.94,11755.63,0,18644.94,6889.31,36.95,USSD Payment,Delivered,8,Website Desktop,4.5,0,0
JO-2023-11224,2023-02-09,22:12:00,February,Q1,Thursday,JMC000832,Oyo,Ogbomoso,Groceries,Honey Natural 500g,Dangote,1,16295.55,0,16295.55,14382.45,0,16295.55,1913.1,11.74,Bank Transfer,Delivered,4,Website Desktop,4.0,0,0
JO-2023-11384,2023-02-09,19:53:00,February,Q1,Thursday,JMC000155,Rivers,Port Harcourt,Home & Kitchen,Iron Box Steam,Philips,1,64811.29,0,64811.29,43540.22,0,64811.29,21271.07,32.82,Cash on Delivery,Shipped,3,Mobile App,,0,0
JO-2023-11676,2023-02-09,23:15:00,February,Q1,Thursday,JMC001253,Abuja,Wuse,Electronics,Smart Watch,Lenovo,1,41405.68,5,39335.4,30512.47,0,39335.4,8822.93,22.43,Jumia Pay Wallet,Delivered,3,Mobile App,3.3,0,0
JO-2023-11951,2023-02-09,10:44:00,February,Q1,Thursday,JMC000925,Abuja,Kubwa,Beauty & Health,Beard Oil 50ml,Olay,3,28395.14,,28395.14,15424.24,0,85185.42,38912.7,45.68,Jumia Pay Wallet,Shipped,6,Agent Network,,0,0
JO-2023-12081,2023-02-09,13:43:00,February,Q1,Thursday,JMC000875,Oyo,Ogbomoso,Computing,Printer Ink Cartridge,Microsoft,2,467141.39,0,467141.39,390249.92,0,934282.78,153782.94,16.46,Card Payment,Cancelled,7,Mobile App,,0,0
JO-2023-12193,2023-02-09,19:16:00,February,Q1,Thursday,JMC000189,Anambra,Onitsha,Electronics,Wireless Earbuds,JBL,3,325010.45,50,162505.23,119376.34,0,487515.69,129386.67,26.54,Bank Transfer,Delivered,2,USSD,4.6,0,0
JO-2023-12308,2023-02-09,10:15:00,February,Q1,Thursday,JMC001565,Lagos,Victoria Island,Sports & Outdoor,Cycling Helmet,Decathlon,1,94330.48,0,94330.48,68210.37,0,94330.48,26120.11,27.69,Jumia Pay Wallet,Cancelled,4,Mobile App,,0,0
JO-2023-12513,2023-02-09,10:02:00,February,Q1,Thursday,JMC000698,Lagos,Surulere,Groceries,Noodles Instant 70g,Nestle,3,905.71,0,905.71,804.9,1000,2717.13,302.43,11.13,Bank Transfer,Delivered,2,Website Desktop,3.1,0,0
JO-2023-12841,2023-02-09,08:33:00,February,Q1,Thursday,JMC001205,Lagos,Victoria Island,Home & Kitchen,Storage Containers,Nasco,1,43409.03,0,43409.03,31519.3,0,43409.03,11889.73,27.39,Jumia Pay Wallet,Delivered,8,Website Desktop,4.5,0,0
JO-2023-12878,2023-02-09,18:57:00,February,Q1,Thursday,JMC000397,Enugu,Nkanu,Sports & Outdoor,Running Shoes,Wilson,1,33307.74,0,33307.74,20377.68,0,33307.74,12930.06,38.82,Bank Transfer,Delivered,5,Website Desktop,3.7,0,0
JO-2023-10293,2023-02-10,22:20:00,February,Q1,Friday,JMC000015,Delta,Ethiope East,Fashion,Leather Belt,Zara,4,17025.17,50,8512.58,4041.77,0,34050.32,17883.24,52.52,Jumia Pay Wallet,Delivered,3,Mobile App,3.9,0,0
JO-2023-10916,2023-02-10,11:09:00,February,Q1,Friday,JMC001015,Rivers,Port Harcourt,Electronics,Smart Watch,HP,2,23766.86,25,17825.15,14942.82,0,35650.3,5764.66,16.17,Jumia Pay Wallet,Delivered,5,Mobile App,3.4,0,0
JO-2023-10960,2023-02-10,23:29:00,February,Q1,Friday,JMC000416,Lagos,Surulere,Computing,Webcam HD 1080p,Microsoft,1,673250.94,0,673250.94,538062.15,0,673250.94,135188.79,20.08,Jumia Pay Wallet,Processing,7,WhatsApp Store,,0,0
JO-2023-10970,2023-02-10,16:29:00,February,Q1,Friday,JMC000536,Abuja,Asokoro,Home & Kitchen,Blender 1.5L,Nasco,2,116057.53,0,116057.53,70795.09,0,232115.06,90524.88,39.0,Bank Transfer,Delivered,1,Website Desktop,3.9,0,0
JO-2023-11094,2023-02-10,17:05:00,February,Q1,Friday,JMC001421,Kano,Gwale,Groceries,Rice 5kg Bag,Unilever,1,20772.35,0,20772.35,18231.89,0,20772.35,2540.46,12.23,Jumia Pay Wallet,Processing,5,Website Desktop,,0,0
JO-2023-11229,2023-02-10,14:44:00,February,Q1,Friday,JMC000051,Edo,Orhionmwon,Electronics,Smart TV 43inch,Apple,3,116999.06,0,116999.06,96758.22,0,350997.18,60722.52,17.3,Jumia Pay Wallet,Delivered,7,Agent Network,2.9,0,0
JO-2023-11244,2023-02-10,14:59:00,February,Q1,Friday,JMC000359,Rivers,Oyigbo,Electronics,Electric Kettle,Tecno,1,60165.59,15,51140.75,39577.83,0,51140.75,11562.92,22.61,Card Payment,Delivered,1,WhatsApp Store,3.3,0,0
JO-2023-12029,2023-02-10,21:16:00,February,Q1,Friday,JMC001534,Bauchi,Misau,Sports & Outdoor,Yoga Mat 6mm,Puma,1,54917.55,40,32950.53,25454.28,,32950.53,7496.25,22.75,Card Payment,Delivered,2,Mobile App,4.0,0,0
JO-2023-12512,2023-02-10,18:59:00,February,Q1,Friday,JMC000713,Nasarawa,Akwanga,Groceries,Tomato Paste 400g,Nestle,1,2648.06,0,2648.06,2210.07,2000,2648.06,437.99,16.54,Card Payment,Delivered,2,WhatsApp Store,4.0,0,0
JO-2023-10396,2023-02-11,16:55:00,February,Q1,Saturday,JMC001508,Lagos,Ikeja,Books & Education,English Grammar,Oxford,3,3645.08,5,3462.83,2095.7,0,10388.49,4101.39,39.48,Card Payment,Delivered,4,Agent Network,4.5,0,0
JO-2023-10635,2023-02-11,18:12:00,February,Q1,Saturday,JMC001218,Nasarawa,Nasarawa,Home & Kitchen,Air Fryer 4L,Binatone,2,100133.08,40,60079.85,36132.02,0,120159.7,47895.66,39.86,Card Payment,Cancelled,5,Website Desktop,,0,0
JO-2023-10974,2023-02-11,11:56:00,February,Q1,Saturday,JMC001457,Edo,Benin City,Sports & Outdoor,Dumbbell 5kg pair,Puma,1,74917.58,10,67425.82,40624.06,0,67425.82,26801.76,39.75,Jumia Pay Wallet,Shipped,2,Website Desktop,,0,0
JO-2023-10989,2023-02-11,23:09:00,February,Q1,Saturday,JMC000446,Enugu,Nkanu,Home & Kitchen,Dish Rack,Bosch,1,51922.13,0,51922.13,39128.52,0,51922.13,12793.61,24.64,Cash on Delivery,Delivered,4,WhatsApp Store,4.5,0,0
JO-2023-12213,2023-02-11,11:10:00,February,Q1,Saturday,JMC000087,Abuja,Asokoro,Home & Kitchen,Dish Rack,Scanfrost,1,102261.81,0,102261.81,67789.35,0,102261.81,34472.46,33.71,Bank Transfer,Delivered,4,Mobile App,3.8,0,0
JO-2023-10229,2023-02-12,20:58:00,February,Q1,Sunday,JMC000737,Kano,Kano City,Electronics,Wireless Earbuds,Apple,2,172519.2,0,172519.2,139792.31,0,345038.4,65453.78,18.97,Bank Transfer,Delivered,5,Mobile App,2.6,0,0
JO-2023-10350,2023-02-12,20:59:00,February,Q1,Sunday,JMC000210,Bauchi,Azare,Fashion,Men's Jeans,Nike,5,55994.09,0,55994.09,31905.43,0,279970.45,120443.3,43.02,Card Payment,Processing,2,Website Desktop,,0,0
JO-2023-11047,2023-02-12,21:37:00,February,Q1,Sunday,JMC001268,Anambra,Anambra East,Books & Education,Law Reports,Kachifo,2,6110.94,0,6110.94,4091.89,0,12221.88,4038.1,33.04,Cash on Delivery,Delivered,4,Mobile App,3.0,0,0
JO-2023-11382,2023-02-12,13:45:00,February,Q1,Sunday,JMC001309,Lagos,Ikorodu,Beauty & Health,Beard Oil 50ml,Olay,3,4562.26,0,4562.26,2386.97,,13686.78,6525.87,47.68,Bank Transfer,Delivered,3,Mobile App,3.9,0,0
JO-2023-11833,2023-02-12,22:02:00,February,Q1,Sunday,JMC000766,Imo,Okigwe,Electronics,Table Lamp LED,Lenovo,1,377512.54,20,302010.03,261933.3,0,302010.03,40076.73,13.27,Card Payment,Cancelled,3,Mobile App,,0,0
JO-2023-12074,2023-02-12,23:24:00,February,Q1,Sunday,JMC000021,Lagos,Ikorodu,Home & Kitchen,Dish Rack,Binatone,2,87699.02,0,87699.02,67221.3,0,175398.04,40955.44,23.35,Jumia Pay Wallet,Shipped,2,Website Desktop,,0,0
JO-2023-12757,2023-02-12,17:00:00,February,Q1,Sunday,JMC001084,Abuja,Gwarinpa,Groceries,Tomato Paste 400g,PZ Cussons,4,12885.35,0,12885.35,11112.33,0,51541.4,7092.08,13.76,Card Payment,Delivered,7,Mobile App,3.5,0,0
JO-2023-12997,2023-02-12,19:36:00,February,Q1,Sunday,JMC001025,Kano,Kano City,Computing,Monitor 24inch,MacBook,1,598709.95,25,449032.46,367084.04,0,449032.46,81948.42,18.25,Card Payment,Delivered,3,Mobile App,4.7,0,0
JO-2023-10263,2023-02-13,15:16:00,February,Q1,Monday,JMC000539,Rivers,Eleme,Electronics,Table Lamp LED,Tecno,2,170338.04,0,170338.04,146780.29,0,340676.08,47115.5,13.83,Card Payment,Shipped,4,Website Desktop,,0,0
JO-2023-10447,2023-02-13,22:21:00,February,Q1,Monday,JMC001586,Lagos,Yaba,Electronics,Extension Socket,Infinix,3,173015.54,0,173015.54,129294.51,0,519046.62,131163.09,25.27,USSD Payment,Delivered,4,USSD,3.2,0,0
JO-2023-10481,2023-02-13,12:43:00,February,Q1,Monday,JMC000087,Kwara,Offa,Computing,External SSD 1TB,Acer,3,87993.86,0,87993.86,78182.54,0,263981.58,29433.96,11.15,Cash on Delivery,Delivered,4,Mobile App,4.0,0,0
JO-2023-10984,2023-02-13,20:26:00,February,Q1,Monday,JMC000018,Abuja,Wuse,Computing,Webcam HD 1080p,Microsoft,3,115878.68,0,115878.68,99516.61,0,347636.04,49086.21,14.12,Card Payment,Processing,4,Mobile App,,0,0
JO-2023-11668,2023-02-13,12:01:00,February,Q1,Monday,JMC000002,Rivers,Eleme,Sports & Outdoor,Dumbbell 5kg pair,Wilson,1,28324.54,,14162.27,9660.08,0,14162.27,4502.19,31.79,Card Payment,Cancelled,7,USSD,,0,0
JO-2023-11686,2023-02-13,10:53:00,February,Q1,Monday,JMC000340,Lagos,Victoria Island,Home & Kitchen,Cutlery Set 24pcs,Nasco,4,71038.58,0,71038.58,51318.27,,284154.32,78881.24,27.76,Cash on Delivery,Delivered,5,Mobile App,3.4,0,0
JO-2023-11810,2023-02-13,20:12:00,February,Q1,Monday,JMC000555,Delta,Uvwie,Electronics,Extension Socket,Lenovo,1,317811.71,0,317811.71,229936.77,0,317811.71,87874.94,27.65,Card Payment,Delivered,4,Mobile App,3.1,0,0
JO-2023-12545,2023-02-13,14:17:00,February,Q1,Monday,JMC001128,Abuja,Kubwa,Fashion,Women's Ankara Gown,Adidas,1,41193.99,0,41193.99,18821.53,0,41193.99,22372.46,54.31,Card Payment,Delivered,5,Website Desktop,2.9,0,0
JO-2023-10141,2023-02-14,08:58:00,February,Q1,Tuesday,JMC000832,Kaduna,Zaria,Sports & Outdoor,Swimming Goggles,Under Armour,2,64125.2,0,64125.2,43945.0,0,128250.4,40360.4,31.47,Bank Transfer,Delivered,8,WhatsApp Store,3.1,0,0
JO-2023-10724,2023-02-14,13:01:00,February,Q1,Tuesday,JMC000739,Lagos,Surulere,Fashion,Baseball Cap,Adidas,5,26135.68,0,26135.68,13276.93,0,130678.4,64293.75,49.2,Bank Transfer,Shipped,4,Website Desktop,,0,0
JO-2023-10862,2023-02-14,16:12:00,February,Q1,Tuesday,JMC001479,Lagos,Surulere,Computing,Laptop 15.6inch i5,MacBook,2,300987.41,0,300987.41,253581.89,0,601974.82,94811.04,15.75,Bank Transfer,Processing,2,Mobile App,,0,0
JO-2023-11082,2023-02-14,09:56:00,February,Q1,Tuesday,JMC000272,Lagos,Surulere,Home & Kitchen,Blender 1.5L,Scanfrost,1,153513.7,0,153513.7,107920.13,0,153513.7,45593.57,29.7,Jumia Pay Wallet,Delivered,6,Mobile App,3.7,0,0
JO-2023-11538,2023-02-14,22:06:00,February,Q1,Tuesday,JMC001456,Lagos,Ikorodu,Beauty & Health,Sunscreen SPF50,,2,18700.2,15,15895.17,9271.65,0,31790.34,13247.04,41.67,Card Payment,Delivered,6,Website Desktop,2.7,0,0
JO-2023-11589,2023-02-14,21:03:00,February,Q1,Tuesday,JMC001571,Oyo,Ibadan North,Electronics,Smart TV 43inch,HP,2,50991.96,40,30595.18,24990.14,0,61190.36,11210.08,18.32,Card Payment,Shipped,3,Mobile App,,0,0
JO-2023-11895,2023-02-14,19:14:00,February,Q1,Tuesday,JMC000639,Lagos,Yaba,Beauty & Health,Shampoo Anti-Dandruff,Black Seed,1,8331.23,0,8331.23,3674.07,1500,8331.23,4657.16,55.9,Jumia Pay Wallet,Shipped,3,Mobile App,,0,0
JO-2023-12320,2023-02-14,08:04:00,February,Q1,Tuesday,JMC000038,Abuja,Maitama,Home & Kitchen,Non-stick Frying Pan,Philips,3,48704.4,40,29222.64,19453.51,0,87667.92,29307.39,33.43,Card Payment,Delivered,8,Website Desktop,2.7,0,0
JO-2023-12408,2023-02-14,07:25:00,February,Q1,Tuesday,JMC000600,Kaduna,Zaria,Groceries,Rice 5kg Bag,Unilever,2,9124.18,0,9124.18,7598.62,0,18248.36,3051.12,16.72,USSD Payment,Delivered,7,Mobile App,3.3,0,0
JO-2023-10145,2023-02-15,13:08:00,February,Q1,Wednesday,JMC000595,Delta,Ethiope East,Computing,Monitor 24inch,MacBook,1,365888.43,0,365888.43,311371.05,0,365888.43,54517.38,14.9,Bank Transfer,Delivered,5,Website Desktop,4.8,0,0
JO-2023-10159,2023-02-15,14:09:00,February,Q1,Wednesday,JMC001391,Lagos,Yaba,Books & Education,English Grammar,Oxford,2,16685.72,0,16685.72,12290.7,0,33371.44,8790.04,26.34,Bank Transfer,Shipped,1,Website Desktop,,0,0
JO-2023-10554,2023-02-15,13:14:00,February,Q1,Wednesday,JMC000800,Nasarawa,Akwanga,Electronics,Power Bank 20000mAh,Lenovo,1,117927.13,0,117927.13,84954.7,0,117927.13,32972.43,27.96,Card Payment,Shipped,7,Mobile App,,0,0
JO-2023-10751,2023-02-15,08:52:00,February,Q1,Wednesday,JMC001311,Abuja,Wuse,Beauty & Health,Moisturising Lotion 400ml,Olay,3,1676.04,0,1676.04,780.53,700,5028.12,2686.53,53.43,Jumia Pay Wallet,Delivered,2,Mobile App,3.0,0,0
JO-2023-11537,2023-02-15,07:58:00,February,Q1,Wednesday,JMC001094,Anambra,Onitsha,Books & Education,Finance Fundamentals,Kachifo,1,13726.9,0,13726.9,8248.49,0,13726.9,5478.41,39.91,Bank Transfer,Delivered,3,Mobile App,2.8,0,0
JO-2023-12356,2023-02-15,18:52:00,February,Q1,Wednesday,JMC000446,Lagos,Lekki,Groceries,Rice 5kg Bag,Cadbury,1,2787.76,0,2787.76,2294.88,1000,2787.76,492.88,17.68,USSD Payment,Delivered,2,Mobile App,3.2,0,0
JO-2023-10134,2023-02-16,07:39:00,February,Q1,Thursday,JMC000056,Oyo,Ibadan South,Beauty & Health,Hair Relaxer Kit,Dove,1,32939.36,0,32939.36,19948.08,0,32939.36,12991.28,39.44,Bank Transfer,Delivered,3,Website Desktop,3.6,0,0
JO-2023-10417,2023-02-16,16:13:00,February,Q1,Thursday,JMC000941,Abuja,Garki,Fashion,Men's Jeans,Lagos Styles,1,13872.44,15,11791.57,6589.13,0,11791.57,5202.44,44.12,Jumia Pay Wallet,Delivered,6,Website Desktop,2.7,0,0
JO-2023-10837,2023-02-16,13:13:00,February,Q1,Thursday,JMC001294,Lagos,Surulere,Home & Kitchen,Iron Box Steam,Binatone,1,71307.37,0,71307.37,51569.49,0,71307.37,19737.88,27.68,USSD Payment,Delivered,6,Mobile App,3.7,0,0
JO-2023-10894,2023-02-16,23:13:00,February,Q1,Thursday,JMC001338,Oyo,Ibadan North,Fashion,Women's Ankara Gown,Ankara Palace,2,36310.87,0,36310.87,17182.3,0,72621.74,38257.14,52.68,Cash on Delivery,Delivered,6,Website Desktop,4.3,0,0
JO-2023-10969,2023-02-16,07:39:00,February,Q1,Thursday,JMC000087,Rivers,Obio-Akpor,Beauty & Health,Beard Oil 50ml,Olay,2,6546.86,0,6546.86,3152.31,0,13093.72,6789.1,51.85,USSD Payment,Shipped,2,Website Desktop,,0,0
JO-2023-11165,2023-02-16,21:03:00,February,Q1,Thursday,JMC001081,Imo,Mbaitoli,Sports & Outdoor,Basketball Outdoor,Puma,4,77452.37,20,61961.9,41557.85,0,247847.6,81616.2,32.93,Card Payment,Delivered,4,Mobile App,2.9,0,0
JO-2023-11963,2023-02-16,07:06:00,February,Q1,Thursday,JMC000406,Benue,Gboko,Groceries,Groundnut Oil 5L,Nestle,3,10357.68,0,10357.68,9321.91,0,31073.04,3107.31,10.0,Card Payment,Shipped,4,WhatsApp Store,,0,0
JO-2023-12130,2023-02-16,17:13:00,February,Q1,Thursday,JMC000220,Edo,Benin City,Fashion,Leather Belt,Nike,2,78886.57,0,78886.57,37889.22,0,157773.14,81994.7,51.97,USSD Payment,Cancelled,6,Mobile App,,0,0
JO-2023-12329,2023-02-16,23:35:00,February,Q1,Thursday,JMC000303,Anambra,Awka,Sports & Outdoor,Yoga Mat 6mm,Puma,3,78439.86,0,78439.86,57292.47,0,235319.58,63442.17,26.96,Cash on Delivery,Cancelled,6,Mobile App,,0,0
JO-2023-12437,2023-02-16,08:17:00,February,Q1,Thursday,JMC000948,Lagos,Lekki,Electronics,Phone Charger USB-C,Sony,2,78908.63,0,78908.63,65431.04,0,157817.26,26955.18,17.08,Bank Transfer,Processing,4,USSD,,0,0
JO-2023-10154,2023-02-17,13:31:00,February,Q1,Friday,JMC001292,Delta,Warri,Fashion,Baseball Cap,Zara,4,65609.12,0,65609.12,36432.74,0,262436.48,116705.52,44.47,Bank Transfer,Delivered,5,WhatsApp Store,3.4,0,0
JO-2023-11126,2023-02-17,16:15:00,February,Q1,Friday,JMC000269,Enugu,Udi,Home & Kitchen,Pressure Cooker 5L,Binatone,1,145593.37,0,145593.37,98930.69,0,145593.37,46662.68,32.05,Cash on Delivery,Delivered,2,WhatsApp Store,2.5,0,0
JO-2023-11164,2023-02-17,16:33:00,February,Q1,Friday,JMC000553,Plateau,Bukuru,Electronics,Wireless Earbuds,JBL,2,137034.52,0,137034.52,118904.85,0,274069.04,36259.34,13.23,USSD Payment,Delivered,4,Agent Network,,0,0
JO-2023-11498,2023-02-17,11:01:00,February,Q1,Friday,JMC001363,Edo,Benin City,Electronics,Table Lamp LED,HP,5,401510.3,40,240906.18,180872.36,0,1204530.9,300169.1,24.92,Card Payment,Delivered,4,Mobile App,2.6,0,0
JO-2023-11598,2023-02-17,20:08:00,February,Q1,Friday,JMC000637,Lagos,Ikorodu,Electronics,Bluetooth Speaker,Infinix,3,395226.01,,395226.01,345980.85,0,1185678.03,147735.48,12.46,Bank Transfer,Delivered,4,Mobile App,4.8,0,0
JO-2023-11772,2023-02-17,10:44:00,February,Q1,Friday,JMC001218,Lagos,Ikeja,Sports & Outdoor,Jump Rope,Under Armour,1,80135.43,0,80135.43,59212.07,0,80135.43,20923.36,26.11,Jumia Pay Wallet,Cancelled,5,Mobile App,,0,0
JO-2023-10015,2023-02-18,19:56:00,February,Q1,Saturday,JMC001368,Imo,Orlu,Sports & Outdoor,Tennis Racket,Puma,1,33537.8,30,23476.46,16593.16,0,23476.46,6883.3,29.32,Bank Transfer,Delivered,6,Mobile App,3.3,0,0
JO-2023-10271,2023-02-18,23:31:00,February,Q1,Saturday,JMC001028,Lagos,Victoria Island,Sports & Outdoor,Cycling Helmet,Wilson,1,40338.45,0,40338.45,23549.59,0,40338.45,16788.86,41.62,Cash on Delivery,Returned,4,Mobile App,,1,0
JO-2023-10450,2023-02-18,13:26:00,February,Q1,Saturday,JMC000414,Bauchi,Misau,Groceries,Tin Tomato Carton,Nestle,2,2129.28,0,2129.28,1884.63,1500,4258.56,489.3,11.49,Jumia Pay Wallet,Delivered,6,Mobile App,3.3,0,0
JO-2023-11192,2023-02-18,14:39:00,February,Q1,Saturday,JMC000259,Kaduna,Zaria,Electronics,Table Lamp LED,Samsung,1,64152.96,0,64152.96,52637.5,0,64152.96,11515.46,17.95,Card Payment,Delivered,7,Mobile App,3.4,0,0
JO-2023-11209,2023-02-18,14:44:00,February,Q1,Saturday,JMC000464,Lagos,Ikorodu,Fashion,Women's Heels,Nike,1,8787.43,0,8787.43,5905.15,1000,8787.43,2882.28,32.8,Jumia Pay Wallet,Delivered,1,Website Desktop,3.4,0,0
JO-2023-11496,2023-02-18,10:55:00,February,Q1,Saturday,JMC000352,Imo,Mbaitoli,Electronics,Smart Watch,Lenovo,1,436928.37,0,436928.37,337439.78,0,436928.37,99488.59,22.77,Jumia Pay Wallet,Delivered,1,WhatsApp Store,3.1,0,0
JO-2023-11842,2023-02-18,17:11:00,February,Q1,Saturday,JMC000976,Abuja,Kubwa,Sports & Outdoor,Basketball Outdoor,Under Armour,1,92094.88,0,92094.88,69126.42,0,92094.88,22968.46,24.94,Jumia Pay Wallet,Processing,7,Agent Network,,0,0
JO-2023-12247,2023-02-18,13:12:00,February,Q1,Saturday,JMC000168,Rivers,Oyigbo,Beauty & Health,Body Scrub,Black Seed,1,10291.72,0,10291.72,5285.83,0,10291.72,5005.89,48.64,Bank Transfer,Shipped,4,Website Desktop,,0,0
JO-2023-12377,2023-02-18,22:44:00,February,Q1,Saturday,JMC001533,Ogun,Ilaro,Electronics,Extension Socket,Apple,1,253321.63,0,253321.63,213702.13,0,253321.63,39619.5,15.64,Card Payment,Delivered,8,Website Desktop,3.9,0,0
JO-2023-12907,2023-02-18,07:00:00,February,Q1,Saturday,JMC000034,Rivers,Eleme,Electronics,Table Lamp LED,HP,1,330581.19,0,330581.19,250547.48,0,330581.19,80033.71,24.21,Jumia Pay Wallet,Delivered,6,Agent Network,4.0,0,0
JO-2023-10091,2023-02-19,13:16:00,February,Q1,Sunday,JMC001292,Enugu,Nkanu,Home & Kitchen,Kitchen Towel Set,Nasco,1,64749.21,15,55036.83,42675.56,0,55036.83,12361.27,22.46,Jumia Pay Wallet,Delivered,8,Mobile App,2.8,0,0
JO-2023-10330,2023-02-19,21:35:00,February,Q1,Sunday,JMC000216,Lagos,Lekki,Beauty & Health,Perfume Floral 100ml,Nivea,1,3671.37,0,3671.37,1489.84,1500,3671.37,2181.53,59.42,Bank Transfer,Delivered,3,Mobile App,3.7,0,0
JO-2023-10376,2023-02-19,23:53:00,February,Q1,Sunday,JMC001353,Bauchi,Azare,Electronics,Smart Watch,Sony,4,356405.59,30,249483.91,199287.75,0,997935.64,200784.64,20.12,Bank Transfer,Delivered,7,Website Desktop,2.8,0,0
JO-2023-10659,2023-02-19,19:07:00,February,Q1,Sunday,JMC000609,Kano,Kano City,Home & Kitchen,Pressure Cooker 5L,Philips,3,170190.79,15,144662.17,115700.8,0,433986.51,86884.11,20.02,Jumia Pay Wallet,Delivered,2,Mobile App,4.4,0,0
JO-2023-10851,2023-02-19,15:12:00,February,Q1,Sunday,JMC000972,Ondo,Akure,Electronics,Table Lamp LED,Lenovo,3,441532.83,30,309072.98,242405.94,0,927218.94,200001.12,21.57,Jumia Pay Wallet,Delivered,5,Website Desktop,4.2,0,0
JO-2023-11033,2023-02-19,12:55:00,February,Q1,Sunday,JMC000074,Anambra,Awka,Electronics,Smart TV 43inch,Tecno,1,20521.81,0,20521.81,15816.16,0,20521.81,4705.65,22.93,Bank Transfer,Shipped,6,Agent Network,,0,0
JO-2023-11125,2023-02-19,22:49:00,February,Q1,Sunday,JMC000823,Abuja,Kubwa,Electronics,Table Lamp LED,Apple,3,376850.39,0,376850.39,294885.43,0,1130551.17,245894.88,21.75,Cash on Delivery,Delivered,6,Website Desktop,3.1,0,0
JO-2023-11678,2023-02-19,22:38:00,February,Q1,Sunday,JMC000084,Niger,Suleja,Fashion,Leather Belt,Zara,2,6645.98,0,6645.98,4180.32,,13291.96,4931.32,37.1,Card Payment,Delivered,8,Mobile App,4.5,0,0
JO-2023-12349,2023-02-19,21:23:00,February,Q1,Sunday,JMC000942,Kano,Kano City,Home & Kitchen,Cutlery Set 24pcs,Binatone,2,30391.58,25,22793.69,13860.84,0,45587.38,17865.7,39.19,Card Payment,Delivered,3,Website Desktop,4.1,0,0
JO-2023-12516,2023-02-19,20:29:00,February,Q1,Sunday,JMC000746,Enugu,Enugu North,Fashion,Women's Heels,Adidas,1,72996.82,0,72996.82,44243.37,0,72996.82,28753.45,39.39,Cash on Delivery,Delivered,7,Agent Network,3.2,0,0
JO-2023-12711,2023-02-19,15:50:00,February,Q1,Sunday,JMC000607,Abuja,Maitama,Groceries,Rice 5kg Bag,Dangote,1,3448.97,5,3276.52,2952.47,1000,3276.52,324.05,9.89,Card Payment,Cancelled,5,Mobile App,,0,0
JO-2023-12747,2023-02-19,18:59:00,February,Q1,Sunday,JMC000874,Enugu,Udi,Groceries,Biscuits Assorted,Cadbury,3,10031.79,0,10031.79,8370.53,0,30095.37,4983.78,16.56,Cash on Delivery,Delivered,7,Agent Network,3.8,0,0
JO-2023-10103,2023-02-20,07:42:00,February,Q1,Monday,JMC001148,Rivers,Eleme,Groceries,Honey Natural 500g,Cadbury,1,24928.61,0,24928.61,22630.19,0,24928.61,2298.42,9.22,Bank Transfer,Delivered,3,Mobile App,2.7,0,0
JO-2023-10906,2023-02-20,15:55:00,February,Q1,Monday,JMC000935,Lagos,Ikeja,Fashion,Wristwatch Classic,Lagos Styles,1,63532.57,0,63532.57,29402.87,0,63532.57,34129.7,53.72,Card Payment,Shipped,7,Website Desktop,,0,0
JO-2023-11301,2023-02-20,17:26:00,February,Q1,Monday,JMC000457,Imo,Okigwe,Books & Education,Medical Dictionary,Oxford,1,3464.12,0,3464.12,2394.05,2000,3464.12,1070.07,30.89,USSD Payment,Delivered,3,Agent Network,3.8,0,0
JO-2023-11322,2023-02-20,10:04:00,February,Q1,Monday,JMC000764,Lagos,Victoria Island,Books & Education,English Grammar,Pearson,3,17710.27,5,16824.76,12261.89,0,50474.28,13688.61,27.12,Bank Transfer,Delivered,8,Website Desktop,4.4,0,0
JO-2023-12065,2023-02-20,21:04:00,February,Q1,Monday,JMC001297,Abuja,Kubwa,Beauty & Health,Vitamin C Serum,Olay,1,8660.25,0,8660.25,4637.56,1500,8660.25,4022.69,46.45,Card Payment,Delivered,1,Website Desktop,2.7,0,0
JO-2023-12479,2023-02-20,20:47:00,February,Q1,Monday,JMC000252,Lagos,Victoria Island,Books & Education,Mathematics Textbook,Oxford,2,17393.96,10,15654.56,11567.15,0,31309.12,8174.82,26.11,Jumia Pay Wallet,Shipped,2,Mobile App,,0,0
JO-2023-12639,2023-02-20,20:25:00,February,Q1,Monday,JMC001530,Kaduna,Zaria,Groceries,Spaghetti 500g,Dangote,2,13900.84,0,13900.84,11737.87,0,27801.68,4325.94,15.56,Card Payment,Delivered,1,Website Desktop,4.5,0,0
JO-2023-10261,2023-02-21,11:26:00,February,Q1,Tuesday,JMC001292,Abuja,Kubwa,Groceries,Biscuits Assorted,Unilever,1,3978.14,20,3182.51,2741.41,1000,3182.51,441.1,13.86,Bank Transfer,Delivered,8,Mobile App,5.0,0,0
JO-2023-12781,2023-02-21,22:27:00,February,Q1,Tuesday,JMC001540,Imo,Owerri,Fashion,Wristwatch Classic,Adidas,2,16284.85,0,16284.85,8670.05,0,32569.7,15229.6,46.76,Cash on Delivery,Delivered,5,Mobile App,3.7,0,0
JO-2023-12913,2023-02-21,17:26:00,February,Q1,Tuesday,JMC000726,Ondo,Ondo City,Groceries,Rice 5kg Bag,Unilever,1,13171.57,0,13171.57,11720.06,0,13171.57,1451.51,11.02,Card Payment,Processing,5,USSD,,0,0
JO-2023-12987,2023-02-21,16:17:00,February,Q1,Tuesday,JMC001147,Enugu,Nkanu,Sports & Outdoor,Basketball Outdoor,Spalding,2,86990.92,0,86990.92,63981.82,0,173981.84,46018.2,26.45,Card Payment,Delivered,5,Website Desktop,3.2,0,0
JO-2023-10075,2023-02-22,09:41:00,February,Q1,Wednesday,JMC000311,Delta,Oshimili,Electronics,Smart TV 43inch,Apple,1,102119.12,50,51059.56,39055.46,0,51059.56,12004.1,23.51,Jumia Pay Wallet,Delivered,4,Agent Network,3.4,0,0
JO-2023-10262,2023-02-22,20:13:00,February,Q1,Wednesday,JMC000628,Delta,Uvwie,Computing,Mechanical Keyboard,HP,5,350270.15,10,315243.14,277760.73,0,1576215.7,187412.05,11.89,Bank Transfer,Delivered,5,Website Desktop,2.8,0,0
JO-2023-10658,2023-02-22,13:40:00,February,Q1,Wednesday,JMC001238,Oyo,Ibadan South,Fashion,Men's Jeans,Adidas,2,8411.98,0,8411.98,5128.78,0,16823.96,6566.4,39.03,USSD Payment,Delivered,5,Agent Network,4.7,0,0
JO-2023-10818,2023-02-22,18:29:00,February,Q1,Wednesday,JMC001281,Lagos,Agege,Beauty & Health,Vitamin C Serum,L'Oreal,2,12935.33,0,12935.33,5476.82,0,25870.66,14917.02,57.66,USSD Payment,Delivered,5,Mobile App,4.2,0,0
JO-2023-10954,2023-02-22,20:22:00,February,Q1,Wednesday,JMC000414,Plateau,Shendam,Electronics,Electric Kettle,Samsung,5,168433.02,0,168433.02,131394.6,0,842165.1,185192.1,21.99,Jumia Pay Wallet,Processing,7,Website Desktop,,0,0
JO-2023-12315,2023-02-22,20:46:00,February,Q1,Wednesday,JMC001008,Abuja,Wuse,Beauty & Health,Shampoo Anti-Dandruff,Black Seed,2,17647.49,0,17647.49,11063.21,0,35294.98,13168.56,37.31,Jumia Pay Wallet,Delivered,5,Mobile App,3.0,0,0
JO-2023-10697,2023-02-23,16:16:00,February,Q1,Thursday,JMC000259,Niger,Kontagora,Groceries,Noodles Instant 70g,Cadbury,1,21883.29,0,21883.29,18578.91,0,21883.29,3304.38,15.1,Card Payment,Delivered,5,Website Desktop,3.5,0,0
JO-2023-11176,2023-02-23,20:58:00,February,Q1,Thursday,JMC000999,Rivers,Obio-Akpor,Home & Kitchen,Air Fryer 4L,Nexus,4,37144.25,0,37144.25,24318.34,0,148577.0,51303.64,34.53,Jumia Pay Wallet,Shipped,2,Website Desktop,,0,0
JO-2023-11414,2023-02-23,09:39:00,February,Q1,Thursday,JMC001500,Kano,Tarauni,Beauty & Health,Perfume Floral 100ml,L'Oreal,1,21997.84,5,20897.95,13456.19,0,20897.95,7441.76,35.61,Bank Transfer,Delivered,3,Mobile App,3.2,0,0
JO-2023-11523,2023-02-23,21:19:00,February,Q1,Thursday,JMC001030,Delta,Oshimili,Fashion,Sneakers Size 42,Ankara Palace,4,22795.09,0,22795.09,14974.09,0,91180.36,31284.0,34.31,USSD Payment,Delivered,1,Agent Network,3.3,0,0
JO-2023-11741,2023-02-23,11:07:00,February,Q1,Thursday,JMC000333,Lagos,Ikeja,Fashion,Sneakers Size 42,H&M,1,8237.26,0,8237.26,5270.2,1500,8237.26,2967.06,36.02,Jumia Pay Wallet,Delivered,8,Website Desktop,4.8,0,0
JO-2023-12554,2023-02-23,10:57:00,February,Q1,Thursday,JMC000188,Kano,Kano City,Home & Kitchen,Dish Rack,Nasco,2,160185.95,0,160185.95,114372.77,0,320371.9,91626.36,28.6,Bank Transfer,Delivered,4,WhatsApp Store,3.7,0,0
JO-2023-12599,2023-02-23,13:04:00,February,Q1,Thursday,JMC000178,Abuja,Maitama,Beauty & Health,Beard Oil 50ml,Nivea,1,25580.85,0,25580.85,16405.0,0,25580.85,9175.85,35.87,Bank Transfer,Shipped,6,Mobile App,,0,0
JO-2023-12683,2023-02-23,19:08:00,February,Q1,Thursday,JMC000147,Kaduna,Kaduna South,Electronics,Desk Fan,JBL,2,392687.54,0,392687.54,321728.9,0,785375.08,141917.28,18.07,Card Payment,Shipped,8,Website Desktop,,0,0
JO-2023-12930,2023-02-23,07:14:00,February,Q1,Thursday,JMC000834,Anambra,Anambra East,Groceries,Honey Natural 500g,Unilever,1,12909.17,,12909.17,10998.61,0,12909.17,1910.56,14.8,Bank Transfer,Processing,2,Website Desktop,,0,0
JO-2023-10240,2023-02-24,23:27:00,February,Q1,Friday,JMC001203,Lagos,Ikeja,Computing,Mechanical Keyboard,HP,1,689489.55,,655015.07,581456.88,0,655015.07,73558.19,11.23,Card Payment,Delivered,4,Website Desktop,3.6,0,0
JO-2023-10329,2023-02-24,21:13:00,February,Q1,Friday,JMC001310,Kaduna,Kaduna North,Fashion,Women's Ankara Gown,H&M,1,50323.12,40,30193.87,17548.68,0,30193.87,12645.19,41.88,Bank Transfer,Shipped,3,Mobile App,,0,0
JO-2023-10387,2023-02-24,09:52:00,February,Q1,Friday,JMC001146,Nasarawa,Keffi,Books & Education,Children Storybook,Amazon KDP,1,16288.51,0,16288.51,11937.85,0,16288.51,4350.66,26.71,Card Payment,Processing,4,Mobile App,,0,0
JO-2023-10443,2023-02-24,21:45:00,February,Q1,Friday,JMC000128,Rivers,Oyigbo,Electronics,Desk Fan,Lenovo,1,92677.74,0,92677.74,76839.11,0,92677.74,15838.63,17.09,USSD Payment,Shipped,4,Website Desktop,,0,0
JO-2023-10491,2023-02-24,16:32:00,February,Q1,Friday,JMC001033,Lagos,Ikorodu,Home & Kitchen,Coffee Maker,Nexus,1,67022.69,0,67022.69,41848.97,0,67022.69,25173.72,37.56,Card Payment,Delivered,5,Agent Network,4.5,0,0
JO-2023-10687,2023-02-24,07:41:00,February,Q1,Friday,JMC000226,Rivers,Eleme,Electronics,Smart TV 43inch,Lenovo,1,236357.83,0,236357.83,194900.67,0,236357.83,41457.16,17.54,Cash on Delivery,Processing,6,WhatsApp Store,,0,0
JO-2023-11698,2023-02-24,16:38:00,February,Q1,Friday,JMC000569,Bauchi,Misau,Electronics,Smart TV 43inch,Infinix,3,157704.93,0,157704.93,115250.76,0,473114.79,127362.51,26.92,Bank Transfer,Delivered,6,Agent Network,3.9,0,0
JO-2023-11720,2023-02-24,11:33:00,February,Q1,Friday,JMC000247,Delta,Warri,Groceries,Spaghetti 500g,,2,15489.11,0,15489.11,13035.63,0,30978.22,4906.96,15.84,Card Payment,Cancelled,8,Website Desktop,,0,0
JO-2023-11812,2023-02-24,07:16:00,February,Q1,Friday,JMC000595,Kaduna,Kaduna South,Fashion,Leather Belt,H&M,1,79888.98,0,79888.98,41678.08,0,79888.98,38210.9,47.83,Card Payment,Delivered,2,Website Desktop,2.7,0,0
JO-2023-12031,2023-02-24,13:26:00,February,Q1,Friday,JMC000509,Abuja,Gwarinpa,Electronics,Bluetooth Speaker,,1,100998.87,0,100998.87,74991.66,,100998.87,26007.21,25.75,Card Payment,Processing,5,Agent Network,,0,0
JO-2023-12298,2023-02-24,10:54:00,February,Q1,Friday,JMC000439,Rivers,Oyigbo,Home & Kitchen,Air Fryer 4L,Philips,1,8566.94,0,8566.94,6190.47,700,8566.94,2376.47,27.74,Card Payment,Delivered,1,Website Desktop,4.9,0,0
JO-2023-10062,2023-02-25,10:17:00,February,Q1,Saturday,JMC001413,Rivers,Port Harcourt,Home & Kitchen,Storage Containers,Bosch,1,41985.26,0,41985.26,33403.47,0,41985.26,8581.79,20.44,Bank Transfer,Delivered,5,Website Desktop,4.8,0,0
JO-2023-10807,2023-02-25,07:28:00,February,Q1,Saturday,JMC000005,Bauchi,Bauchi City,Home & Kitchen,Coffee Maker,Nexus,1,37894.01,30,26525.81,18061.42,,26525.81,8464.39,31.91,Card Payment,Delivered,6,Mobile App,2.6,0,0
JO-2023-10897,2023-02-25,17:58:00,February,Q1,Saturday,JMC001047,Delta,Warri,Fashion,Baseball Cap,Ankara Palace,3,26916.58,0,26916.58,18591.28,0,80749.74,24975.9,30.93,Card Payment,Delivered,8,Website Desktop,4.3,0,0
JO-2023-11405,2023-02-25,19:25:00,February,Q1,Saturday,JMC000761,Imo,Orlu,Electronics,Bluetooth Speaker,Sony,2,254779.63,30,178345.74,135239.57,0,356691.48,86212.34,24.17,Cash on Delivery,Processing,5,USSD,,0,0
JO-2023-12273,2023-02-25,18:30:00,February,Q1,Saturday,JMC000704,Abuja,Garki,Electronics,Smart Watch,Lenovo,2,23717.7,0,23717.7,20729.27,0,47435.4,5976.86,12.6,Bank Transfer,Delivered,5,Website Desktop,3.7,0,0
JO-2023-12643,2023-02-25,08:53:00,February,Q1,Saturday,JMC000102,Ogun,Ilaro,Beauty & Health,Sunscreen SPF50,L'Oreal,2,15926.74,0,15926.74,9022.5,0,31853.48,13808.48,43.35,Jumia Pay Wallet,Delivered,6,Mobile App,4.4,0,0
JO-2023-10492,2023-02-26,09:14:00,February,Q1,Sunday,JMC001497,Delta,Warri,Home & Kitchen,Storage Containers,Bosch,1,114321.52,0,114321.52,87227.32,0,114321.52,27094.2,23.7,Card Payment,Delivered,6,Mobile App,3.3,0,0
JO-2023-11270,2023-02-26,20:28:00,February,Q1,Sunday,JMC000187,Imo,Mbaitoli,Groceries,Tomato Paste 400g,,2,11091.97,0,11091.97,10078.16,0,22183.94,2027.62,9.14,Card Payment,Delivered,7,Website Desktop,3.8,0,0
JO-2023-11365,2023-02-26,20:07:00,February,Q1,Sunday,JMC001241,Imo,Okigwe,Computing,Monitor 24inch,Acer,2,498795.5,,498795.5,442232.09,0,997591.0,113126.82,11.34,Jumia Pay Wallet,Shipped,2,USSD,,0,0
JO-2023-12598,2023-02-26,16:00:00,February,Q1,Sunday,JMC000342,Lagos,Lagos Island,Groceries,Tomato Paste 400g,Unilever,3,11575.8,0,11575.8,10189.02,0,34727.4,4160.34,11.98,Card Payment,Delivered,7,Mobile App,3.8,0,0
JO-2023-12879,2023-02-26,22:52:00,February,Q1,Sunday,JMC000823,Lagos,Surulere,Sports & Outdoor,Basketball Outdoor,Wilson,1,80575.75,0,80575.75,60907.21,0,80575.75,19668.54,24.41,Card Payment,Shipped,8,Website Desktop,,0,0
JO-2023-10234,2023-02-27,11:31:00,February,Q1,Monday,JMC000677,Kano,Nassarawa,Fashion,Men's Polo Shirt,Zara,1,18581.85,25,13936.39,8467.75,0,13936.39,5468.64,39.24,Cash on Delivery,Delivered,6,Mobile App,4.9,0,0
JO-2023-10564,2023-02-27,23:13:00,February,Q1,Monday,JMC000479,Oyo,Ibadan South,Books & Education,Law Reports,,2,9671.26,40,5802.76,3945.3,0,11605.52,3714.92,32.01,Cash on Delivery,Shipped,8,Mobile App,,0,0
JO-2023-10839,2023-02-27,14:22:00,February,Q1,Monday,JMC001303,Abuja,Kubwa,Groceries,Tomato Paste 400g,PZ Cussons,4,16182.67,15,13755.27,11751.13,0,55021.08,8016.56,14.57,Card Payment,Delivered,4,Mobile App,2.6,0,0
JO-2023-10869,2023-02-27,19:18:00,February,Q1,Monday,JMC001117,Plateau,Barkin Ladi,Fashion,Women's Ankara Gown,Lagos Styles,1,52105.88,40,31263.53,19127.03,0,31263.53,12136.5,38.82,Jumia Pay Wallet,Delivered,5,Website Desktop,3.0,0,0
JO-2023-10908,2023-02-27,20:20:00,February,Q1,Monday,JMC000676,Anambra,Anambra East,Fashion,Sneakers Size 42,,1,3334.4,0,3334.4,1617.18,700,3334.4,1717.22,51.5,Card Payment,Delivered,7,Mobile App,3.7,0,0
JO-2023-11773,2023-02-27,20:03:00,February,Q1,Monday,JMC000813,Nasarawa,Keffi,Computing,Webcam HD 1080p,HP,1,511154.8,40,306692.88,259799.54,0,306692.88,46893.34,15.29,Cash on Delivery,Delivered,2,Website Desktop,3.4,0,0
JO-2023-11904,2023-02-27,07:15:00,February,Q1,Monday,JMC000914,Imo,Okigwe,Home & Kitchen,Kitchen Towel Set,Nexus,1,172678.13,0,172678.13,120114.91,0,172678.13,52563.22,30.44,Jumia Pay Wallet,Delivered,8,Agent Network,4.0,0,0
JO-2023-11994,2023-02-27,11:13:00,February,Q1,Monday,JMC000988,Oyo,Ibadan South,Electronics,Power Bank 20000mAh,Lenovo,1,107546.93,0,107546.93,78541.52,0,107546.93,29005.41,26.97,Bank Transfer,Processing,1,WhatsApp Store,,0,0
JO-2023-12143,2023-02-27,11:24:00,February,Q1,Monday,JMC001059,Kaduna,Chikun,Fashion,Men's Polo Shirt,Zara,1,81031.94,0,81031.94,37777.09,0,81031.94,43254.85,53.38,Jumia Pay Wallet,Delivered,4,Website Desktop,4.6,0,0
JO-2023-12935,2023-02-27,15:51:00,February,Q1,Monday,JMC001027,Enugu,Nkanu,Home & Kitchen,Iron Box Steam,Bosch,3,7881.85,50,3940.93,2521.8,0,11822.79,4257.39,36.01,Bank Transfer,Delivered,4,Mobile App,4.2,0,0
JO-2023-10125,2023-02-28,07:31:00,February,Q1,Tuesday,JMC000909,Lagos,Victoria Island,Groceries,Biscuits Assorted,Nestle,4,14831.39,25,11123.54,10218.08,0,44494.16,3621.84,8.14,Bank Transfer,Returned,6,Website Desktop,,1,0
JO-2023-10457,2023-02-28,11:00:00,February,Q1,Tuesday,JMC000977,Rivers,Oyigbo,Fashion,Women's Ankara Gown,Lagos Styles,1,1550.46,0,1550.46,960.67,1500,1550.46,589.79,38.04,Card Payment,Delivered,1,Website Desktop,4.1,0,0
JO-2023-10525,2023-02-28,14:57:00,February,Q1,Tuesday,JMC000366,Lagos,Yaba,Fashion,Baseball Cap,Zara,2,43402.78,10,39062.5,25578.13,0,78125.0,26968.74,34.52,Bank Transfer,Delivered,3,Agent Network,4.3,0,0
JO-2023-10663,2023-02-28,22:25:00,February,Q1,Tuesday,JMC000778,Anambra,Awka,Electronics,Smart TV 43inch,Samsung,2,193962.45,25,145471.84,109205.71,0,290943.68,72532.26,24.93,Card Payment,Delivered,7,USSD,3.2,0,0
JO-2023-10813,2023-02-28,08:41:00,February,Q1,Tuesday,JMC001391,Abuja,Gwarinpa,Computing,Monitor 24inch,MacBook,2,434899.26,15,369664.37,317430.79,0,739328.74,104467.16,14.13,Bank Transfer,Delivered,1,Mobile App,4.5,0,0
JO-2023-10900,2023-02-28,08:51:00,February,Q1,Tuesday,JMC000775,Abuja,Garki,Books & Education,Python Programming Basics,Kachifo,1,10181.44,0,10181.44,6240.2,0,10181.44,3941.24,38.71,Cash on Delivery,Cancelled,4,Website Desktop,,0,0
JO-2023-11080,2023-02-28,17:06:00,February,Q1,Tuesday,JMC001518,Lagos,Lekki,Books & Education,Python Programming Basics,Amazon KDP,3,3345.12,0,3345.12,1911.74,0,10035.36,4300.14,42.85,Jumia Pay Wallet,Delivered,7,Mobile App,4.2,0,0
JO-2023-11186,2023-02-28,11:53:00,February,Q1,Tuesday,JMC000460,Lagos,Lekki,Fashion,Baseball Cap,Adidas,1,25496.68,40,15298.01,10257.32,0,15298.01,5040.69,32.95,Card Payment,Delivered,3,Website Desktop,5.0,0,0
JO-2023-11437,2023-02-28,23:49:00,February,Q1,Tuesday,JMC001126,Lagos,Victoria Island,Beauty & Health,Manicure Kit,Dove,3,28560.87,0,28560.87,15240.08,0,85682.61,39962.37,46.64,Card Payment,Delivered,8,Mobile App,4.5,0,0
JO-2023-11533,2023-02-28,23:11:00,February,Q1,Tuesday,JMC001115,Abuja,Gwarinpa,Electronics,Bluetooth Speaker,Sony,4,151345.15,0,151345.15,124844.61,0,605380.6,106002.16,17.51,Bank Transfer,Delivered,4,Website Desktop,4.6,0,0
JO-2023-11758,2023-02-28,14:30:00,February,Q1,Tuesday,JMC000395,Niger,Suleja,Beauty & Health,Beard Oil 50ml,Black Seed,1,34610.69,,34610.69,21309.8,0,34610.69,13300.89,38.43,Jumia Pay Wallet,Delivered,3,WhatsApp Store,4.5,0,0
JO-2023-12024,2023-02-28,17:13:00,February,Q1,Tuesday,JMC000012,Lagos,Lekki,Home & Kitchen,Dish Rack,Nasco,3,147401.16,25,110550.87,73903.26,,331652.61,109942.83,33.15,Cash on Delivery,Processing,6,Mobile App,,0,0
JO-2023-12114,2023-02-28,12:31:00,February,Q1,Tuesday,JMC000885,Anambra,Anambra East,Electronics,Extension Socket,HP,1,249835.01,50,124917.51,103281.8,0,124917.51,21635.71,17.32,Card Payment,Delivered,6,Mobile App,4.5,0,0
JO-2023-12527,2023-02-28,21:38:00,February,Q1,Tuesday,JMC000781,Kwara,Ilorin,Electronics,Wireless Earbuds,Sony,2,354659.72,0,354659.72,263405.77,0,709319.44,182507.9,25.73,Card Payment,Returned,5,Mobile App,,1,0
JO-2023-12807,2023-02-28,18:51:00,February,Q1,Tuesday,JMC000134,Lagos,Surulere,Home & Kitchen,Iron Box Steam,Scanfrost,1,134761.66,0,134761.66,96327.63,0,134761.66,38434.03,28.52,Cash on Delivery,Shipped,8,Agent Network,,0,0
JO-2023-12896,2023-02-28,14:40:00,February,Q1,Tuesday,JMC000239,Anambra,Nnewi,Beauty & Health,Face Mask Set,Black Seed,1,5217.5,0,5217.5,3114.33,1500,5217.5,2103.17,40.31,Jumia Pay Wallet,Delivered,3,Mobile App,3.5,0,0
JO-2023-10441,2023-03-01,18:12:00,March,Q1,Wednesday,JMC000936,Kaduna,Kaduna South,Electronics,Phone Charger USB-C,JBL,1,309545.48,0,309545.48,240114.43,0,309545.48,69431.05,22.43,Card Payment,Delivered,6,Mobile App,4.1,0,0
JO-2023-10561,2023-03-01,14:53:00,March,Q1,Wednesday,JMC001230,Lagos,Agege,Electronics,Extension Socket,Sony,1,426211.49,0,426211.49,325412.47,0,426211.49,100799.02,23.65,Card Payment,Delivered,8,Website Desktop,3.8,0,0
JO-2023-10626,2023-03-01,18:36:00,March,Q1,Wednesday,JMC000530,Lagos,Lagos Island,Computing,Monitor 24inch,MacBook,1,597445.6,0,597445.6,496059.08,0,597445.6,101386.52,16.97,Cash on Delivery,Delivered,4,USSD,4.0,0,0
JO-2023-10896,2023-03-01,07:03:00,March,Q1,Wednesday,JMC000251,Imo,Okigwe,Home & Kitchen,Kitchen Towel Set,Bosch,2,44698.97,5,42464.02,29639.89,0,84928.04,25648.26,30.2,Card Payment,Delivered,2,Mobile App,4.5,0,0
JO-2023-11205,2023-03-01,11:30:00,March,Q1,Wednesday,JMC001367,Rivers,Eleme,Electronics,Smart Watch,Sony,1,372813.04,0,372813.04,273532.93,0,372813.04,99280.11,26.63,Bank Transfer,Delivered,2,Mobile App,4.9,0,0
JO-2023-11226,2023-03-01,19:17:00,March,Q1,Wednesday,JMC000262,Niger,Suleja,Fashion,Wristwatch Classic,Adidas,2,21187.36,0,21187.36,10163.58,0,42374.72,22047.56,52.03,Jumia Pay Wallet,Processing,4,Mobile App,,0,0
JO-2023-11237,2023-03-01,11:00:00,March,Q1,Wednesday,JMC001030,Lagos,Yaba,Electronics,Wireless Earbuds,Samsung,1,436227.36,0,436227.36,336811.14,0,436227.36,99416.22,22.79,Card Payment,Delivered,2,Mobile App,4.0,0,0
JO-2023-11249,2023-03-01,18:08:00,March,Q1,Wednesday,JMC001464,Lagos,Lagos Island,Computing,Mechanical Keyboard,HP,1,249860.11,0,249860.11,196415.03,0,249860.11,53445.08,21.39,Cash on Delivery,Delivered,5,Mobile App,3.6,0,0
JO-2023-11285,2023-03-01,07:11:00,March,Q1,Wednesday,JMC000252,Kaduna,Kaduna North,Computing,Printer Ink Cartridge,Acer,1,191485.82,0,191485.82,156520.51,0,191485.82,34965.31,18.26,USSD Payment,Cancelled,2,Mobile App,,0,0
JO-2023-11434,2023-03-01,17:56:00,March,Q1,Wednesday,JMC000513,Abuja,Kubwa,Fashion,Wristwatch Classic,Zara,1,18106.59,15,15390.6,10761.11,0,15390.6,4629.49,30.08,Card Payment,Delivered,3,Mobile App,4.4,0,0
JO-2023-11944,2023-03-01,11:45:00,March,Q1,Wednesday,JMC000424,Enugu,Enugu South,Beauty & Health,Moisturising Lotion 400ml,Neutrogena,5,28162.28,25,21121.71,10457.36,0,105608.55,53321.75,50.49,Bank Transfer,Delivered,2,USSD,3.4,0,0
JO-2023-10314,2023-03-02,19:41:00,March,Q1,Thursday,JMC001133,Abuja,Garki,Sports & Outdoor,Basketball Outdoor,Decathlon,1,28235.22,10,25411.7,15861.98,0,25411.7,9549.72,37.58,Card Payment,Delivered,2,Mobile App,3.6,0,0
JO-2023-10477,2023-03-02,09:38:00,March,Q1,Thursday,JMC001502,Oyo,Ibadan North,Electronics,Smart Watch,HP,2,391219.7,20,312975.76,251632.51,0,625951.52,122686.5,19.6,USSD Payment,Delivered,2,Mobile App,4.8,0,0
JO-2023-10802,2023-03-02,12:48:00,March,Q1,Thursday,JMC000598,Ogun,Ijebu-Ode,Electronics,Table Lamp LED,Samsung,1,251022.86,0,251022.86,211988.81,0,251022.86,39034.05,15.55,Card Payment,Delivered,5,Mobile App,4.3,0,0
JO-2023-10888,2023-03-02,10:35:00,March,Q1,Thursday,JMC000467,Nasarawa,Nasarawa,Home & Kitchen,Storage Containers,Bosch,2,125306.39,0,125306.39,92977.34,0,250612.78,64658.1,25.8,Bank Transfer,Processing,8,Agent Network,,0,0
JO-2023-11010,2023-03-02,14:59:00,March,Q1,Thursday,JMC000028,Kano,Kano City,Electronics,Smart TV 43inch,Lenovo,1,399614.04,,399614.04,308581.96,0,399614.04,91032.08,22.78,Bank Transfer,Delivered,7,Mobile App,3.7,0,0
JO-2023-11597,2023-03-02,20:45:00,March,Q1,Thursday,JMC000692,Imo,Okigwe,Fashion,Women's Ankara Gown,Ankara Palace,1,23964.61,0,23964.61,12169.23,0,23964.61,11795.38,49.22,Card Payment,Delivered,8,Website Desktop,4.3,0,0
JO-2023-11656,2023-03-02,22:19:00,March,Q1,Thursday,JMC000315,Rivers,Port Harcourt,Electronics,Smart TV 43inch,JBL,1,265380.84,0,265380.84,229846.35,0,265380.84,35534.49,13.39,Card Payment,Delivered,2,USSD,,0,0
JO-2023-12258,2023-03-02,22:13:00,March,Q1,Thursday,JMC000094,Rivers,Eleme,Home & Kitchen,Storage Containers,Scanfrost,1,32142.23,10,28928.01,20940.99,0,28928.01,7987.02,27.61,Card Payment,Delivered,4,Website Desktop,4.3,0,0
JO-2023-12753,2023-03-02,18:09:00,March,Q1,Thursday,JMC000562,Abuja,Wuse,Beauty & Health,Vitamin C Serum,Dove,3,10993.28,0,10993.28,4987.65,0,32979.84,18016.89,54.63,Bank Transfer,Processing,7,Website Desktop,,0,0
JO-2023-12766,2023-03-02,17:43:00,March,Q1,Thursday,JMC000567,Anambra,Anambra East,Electronics,Smart Watch,JBL,1,188900.66,25,141675.49,107815.05,0,141675.49,33860.44,23.9,Cash on Delivery,Processing,6,WhatsApp Store,,0,0
JO-2023-10158,2023-03-03,09:42:00,March,Q1,Friday,JMC000480,Abuja,Asokoro,Sports & Outdoor,Football Size 5,Wilson,1,8793.95,0,8793.95,6481.14,1000,8793.95,2312.81,26.3,Cash on Delivery,Delivered,5,Website Desktop,,0,0
JO-2023-10257,2023-03-03,08:10:00,March,Q1,Friday,JMC001376,Abuja,Kubwa,Groceries,Sugar 1kg,PZ Cussons,2,15191.97,0,15191.97,13967.5,0,30383.94,2448.94,8.06,Card Payment,Processing,1,Mobile App,,0,0
JO-2023-10568,2023-03-03,09:26:00,March,Q1,Friday,JMC000464,Lagos,Ikorodu,Home & Kitchen,Air Fryer 4L,Binatone,2,67235.26,25,50426.44,35964.14,0,100852.88,28924.6,28.68,Bank Transfer,Processing,3,Mobile App,,0,0
JO-2023-10746,2023-03-03,11:49:00,March,Q1,Friday,JMC001220,Abuja,Asokoro,Groceries,Tin Tomato Carton,Nestle,3,9834.62,10,8851.16,7380.98,0,26553.48,4410.54,16.61,Jumia Pay Wallet,Delivered,7,WhatsApp Store,4.0,0,0
JO-2023-10756,2023-03-03,17:28:00,March,Q1,Friday,JMC000505,Kano,Gwale,Computing,USB Hub 7-Port,HP,1,398070.72,0,398070.72,343296.19,0,398070.72,54774.53,13.76,Card Payment,Delivered,3,Website Desktop,4.3,0,0
JO-2023-11794,2023-03-03,14:15:00,March,Q1,Friday,JMC000169,Oyo,Ibadan South,Fashion,Baseball Cap,Nike,1,30561.92,0,30561.92,17612.83,0,30561.92,12949.09,42.37,Card Payment,Delivered,6,Mobile App,3.1,0,0
JO-2023-12355,2023-03-03,14:58:00,March,Q1,Friday,JMC000495,Oyo,Ogbomoso,Books & Education,Law Reports,Kachifo,2,15074.05,0,15074.05,8577.13,0,30148.1,12993.84,43.1,Jumia Pay Wallet,Delivered,8,Agent Network,4.1,0,0
JO-2023-12950,2023-03-03,10:12:00,March,Q1,Friday,JMC000388,Abuja,Wuse,Home & Kitchen,Dish Rack,Binatone,1,62219.63,0,62219.63,47660.24,0,62219.63,14559.39,23.4,Bank Transfer,Delivered,2,Website Desktop,3.8,0,0
JO-2023-10065,2023-03-04,18:40:00,March,Q1,Saturday,JMC000995,Abuja,Garki,Electronics,Desk Fan,Sony,2,284711.32,0,284711.32,245563.51,0,569422.64,78295.62,13.75,Cash on Delivery,Processing,5,Website Desktop,,0,0
JO-2023-10577,2023-03-04,18:00:00,March,Q1,Saturday,JMC001513,Lagos,Agege,Electronics,Electric Kettle,Sony,1,72782.82,0,72782.82,62098.3,0,72782.82,10684.52,14.68,Cash on Delivery,Delivered,8,Mobile App,2.6,0,0
JO-2023-10822,2023-03-04,11:58:00,March,Q1,Saturday,JMC000303,Lagos,Ikeja,Sports & Outdoor,Swimming Goggles,Decathlon,1,25305.33,10,22774.8,15899.09,0,22774.8,6875.71,30.19,Card Payment,Returned,5,Website Desktop,,1,0
JO-2023-10871,2023-03-04,15:08:00,March,Q1,Saturday,JMC000622,Bauchi,Azare,Beauty & Health,Shampoo Anti-Dandruff,L'Oreal,1,11973.36,0,11973.36,7084.64,0,11973.36,4888.72,40.83,Cash on Delivery,Delivered,8,Website Desktop,3.4,0,0
JO-2023-10931,2023-03-04,07:56:00,March,Q1,Saturday,JMC001406,Oyo,Ibadan North,Electronics,Smart TV 43inch,Tecno,1,374206.74,15,318075.73,230095.98,0,318075.73,87979.75,27.66,Jumia Pay Wallet,Delivered,6,USSD,3.0,0,0
JO-2023-10951,2023-03-04,21:36:00,March,Q1,Saturday,JMC000112,Plateau,Shendam,Home & Kitchen,Pressure Cooker 5L,Binatone,2,127378.31,0,127378.31,97342.5,0,254756.62,60071.62,23.58,Bank Transfer,Delivered,1,Mobile App,3.5,0,0
JO-2023-11282,2023-03-04,09:53:00,March,Q1,Saturday,JMC000314,Lagos,Ikorodu,Groceries,Sugar 1kg,Dangote,2,22272.7,0,22272.7,20363.93,0,44545.4,3817.54,8.57,Card Payment,Shipped,6,USSD,,0,0
JO-2023-11314,2023-03-04,08:12:00,March,Q1,Saturday,JMC000389,Lagos,Ikeja,Home & Kitchen,Cutlery Set 24pcs,Bosch,3,119747.14,10,107772.43,71733.33,0,323317.29,108117.3,33.44,Bank Transfer,Delivered,1,Mobile App,4.5,0,0
JO-2023-11371,2023-03-04,15:05:00,March,Q1,Saturday,JMC000240,Lagos,Ikeja,Home & Kitchen,Dish Rack,Nasco,2,153262.8,0,153262.8,93597.59,0,306525.6,119330.42,38.93,Bank Transfer,Delivered,6,Website Desktop,3.7,0,0
JO-2023-11436,2023-03-04,09:34:00,March,Q1,Saturday,JMC000073,Kaduna,Kaduna South,Electronics,Smart TV 43inch,Tecno,1,133294.99,0,133294.99,102743.78,0,133294.99,30551.21,22.92,Jumia Pay Wallet,Delivered,2,Mobile App,3.9,0,0
JO-2023-11492,2023-03-04,09:51:00,March,Q1,Saturday,JMC001105,Lagos,Lekki,Groceries,Spaghetti 500g,Cadbury,1,20412.84,50,10206.42,9080.65,0,10206.42,1125.77,11.03,Card Payment,Delivered,2,Mobile App,2.7,0,0
JO-2023-11521,2023-03-04,12:43:00,March,Q1,Saturday,JMC000128,Abuja,Wuse,Fashion,Men's Jeans,Nike,1,34311.47,0,34311.47,19334.51,0,34311.47,14976.96,43.65,Bank Transfer,Delivered,5,Mobile App,3.1,0,0
JO-2023-11649,2023-03-04,17:31:00,March,Q1,Saturday,JMC000690,Anambra,Onitsha,Groceries,Noodles Instant 70g,Nestle,1,21535.08,40,12921.05,10646.95,0,12921.05,2274.1,17.6,Jumia Pay Wallet,Delivered,1,Website Desktop,3.6,0,0
JO-2023-11961,2023-03-04,12:45:00,March,Q1,Saturday,JMC001221,Abuja,Gwarinpa,Computing,Webcam HD 1080p,Dell,1,809337.17,0,809337.17,696677.44,0,809337.17,112659.73,13.92,Jumia Pay Wallet,Delivered,3,Mobile App,4.1,0,0
JO-2023-12012,2023-03-04,18:16:00,March,Q1,Saturday,JMC000740,Ondo,Owo,Fashion,Handbag Brown,Lagos Styles,1,63945.94,15,54354.05,33476.66,0,54354.05,20877.39,38.41,Card Payment,Cancelled,7,Mobile App,,0,0
JO-2023-12230,2023-03-04,20:53:00,March,Q1,Saturday,JMC001484,Lagos,Victoria Island,Fashion,Women's Heels,Zara,1,49444.2,0,49444.2,27189.37,0,49444.2,22254.83,45.01,Bank Transfer,Delivered,4,WhatsApp Store,3.8,0,0
JO-2023-12322,2023-03-04,10:34:00,March,Q1,Saturday,JMC000395,Delta,Uvwie,Electronics,Smart Watch,Infinix,1,256825.61,0,256825.61,211958.18,0,256825.61,44867.43,17.47,Card Payment,Shipped,2,Mobile App,,0,0
JO-2023-12717,2023-03-04,10:21:00,March,Q1,Saturday,JMC000464,Anambra,Awka,Fashion,Wristwatch Classic,Nike,2,50217.59,0,50217.59,23260.79,0,100435.18,53913.6,53.68,Bank Transfer,Delivered,3,WhatsApp Store,3.8,0,0
JO-2023-12985,2023-03-04,21:01:00,March,Q1,Saturday,JMC001112,Anambra,Anambra East,Fashion,Men's Polo Shirt,Zara,1,81457.17,30,57020.02,30488.6,0,57020.02,26531.42,46.53,Card Payment,Delivered,6,Mobile App,2.7,0,0
JO-2023-11327,2023-03-05,13:10:00,March,Q1,Sunday,JMC000954,Rivers,Obio-Akpor,Computing,USB Hub 7-Port,Dell,1,815295.51,5,774530.73,625046.3,0,774530.73,149484.43,19.3,Bank Transfer,Shipped,1,USSD,,0,0
JO-2023-11415,2023-03-05,10:26:00,March,Q1,Sunday,JMC000082,Abuja,Wuse,Sports & Outdoor,Swimming Goggles,Under Armour,4,93132.55,15,79162.67,53244.81,0,316650.68,103671.44,32.74,Card Payment,Cancelled,2,Mobile App,,0,0
JO-2023-12615,2023-03-05,13:34:00,March,Q1,Sunday,JMC000838,Kano,Nassarawa,Electronics,Smart TV 43inch,JBL,3,323431.13,0,323431.13,258259.76,0,970293.39,195514.11,20.15,Card Payment,Delivered,2,Mobile App,2.8,0,0
JO-2023-10518,2023-03-06,15:14:00,March,Q1,Monday,JMC000138,Lagos,Victoria Island,Computing,External SSD 1TB,Microsoft,4,597023.7,25,447767.77,363050.11,,1791071.08,338870.64,18.92,Bank Transfer,Delivered,1,Website Desktop,2.6,0,0
JO-2023-10608,2023-03-06,07:29:00,March,Q1,Monday,JMC001095,Ondo,Owo,Sports & Outdoor,Yoga Mat 6mm,Puma,1,81122.92,0,81122.92,60306.78,0,81122.92,20816.14,25.66,Cash on Delivery,Delivered,4,Website Desktop,2.8,0,0
JO-2023-10649,2023-03-06,17:43:00,March,Q1,Monday,JMC000029,Imo,Mbaitoli,Electronics,Extension Socket,Samsung,1,121187.13,0,121187.13,94077.57,0,121187.13,27109.56,22.37,Cash on Delivery,Cancelled,6,Website Desktop,,0,0
JO-2023-10753,2023-03-06,09:12:00,March,Q1,Monday,JMC001322,Bauchi,Misau,Sports & Outdoor,Cycling Helmet,Spalding,1,79930.38,0,79930.38,54080.9,0,79930.38,25849.48,32.34,Card Payment,Delivered,6,Mobile App,4.3,0,0
JO-2023-10881,2023-03-06,09:25:00,March,Q1,Monday,JMC000076,Lagos,Lekki,Groceries,Biscuits Assorted,Nestle,2,8223.67,20,6578.94,5582.89,0,13157.88,1992.1,15.14,Jumia Pay Wallet,Delivered,2,USSD,4.1,0,0
JO-2023-11682,2023-03-06,21:58:00,March,Q1,Monday,JMC001206,Abuja,Asokoro,Groceries,Rice 5kg Bag,Nestle,4,13379.29,0,13379.29,12038.69,0,53517.16,5362.4,10.02,Bank Transfer,Delivered,6,Agent Network,4.0,0,0
JO-2023-12340,2023-03-06,11:07:00,March,Q1,Monday,JMC000787,Lagos,Surulere,Sports & Outdoor,Tennis Racket,Under Armour,1,75409.63,5,71639.15,43227.06,0,71639.15,28412.09,39.66,Cash on Delivery,Returned,5,Mobile App,,1,0
JO-2023-12775,2023-03-06,19:35:00,March,Q1,Monday,JMC001160,Plateau,Shendam,Home & Kitchen,Dish Rack,Bosch,1,56166.29,5,53357.98,41848.66,0,53357.98,11509.32,21.57,Jumia Pay Wallet,Delivered,7,WhatsApp Store,2.5,0,0
JO-2023-12891,2023-03-06,18:43:00,March,Q1,Monday,JMC000781,Rivers,Oyigbo,Sports & Outdoor,Basketball Outdoor,Spalding,1,33198.38,0,33198.38,24775.95,0,33198.38,8422.43,25.37,Card Payment,Shipped,8,Mobile App,,0,0
JO-2023-10098,2023-03-07,20:55:00,March,Q1,Tuesday,JMC000810,Ondo,Akure,Home & Kitchen,Dish Rack,Nexus,3,76679.05,0,76679.05,52026.74,0,230037.15,73956.93,32.15,Jumia Pay Wallet,Shipped,7,Mobile App,,0,0
JO-2023-10157,2023-03-07,14:46:00,March,Q1,Tuesday,JMC001028,Lagos,Ikeja,Electronics,Bluetooth Speaker,JBL,1,357298.17,0,357298.17,271903.91,0,357298.17,85394.26,23.9,Card Payment,Shipped,2,Mobile App,,0,0
JO-2023-10533,2023-03-07,12:36:00,March,Q1,Tuesday,JMC000115,Ogun,Abeokuta,Home & Kitchen,Cutlery Set 24pcs,Binatone,1,143352.52,0,143352.52,101665.61,0,143352.52,41686.91,29.08,Card Payment,Delivered,8,Website Desktop,3.9,0,0
JO-2023-10550,2023-03-07,11:14:00,March,Q1,Tuesday,JMC000688,Kaduna,Kaduna North,Groceries,Tin Tomato Carton,PZ Cussons,2,17351.48,0,17351.48,15574.69,0,34702.96,3553.58,10.24,Bank Transfer,Shipped,8,Agent Network,,0,0
JO-2023-11099,2023-03-07,09:35:00,March,Q1,Tuesday,JMC000069,Kaduna,Kaduna South,Computing,Laptop Bag 15inch,Acer,1,715793.37,0,715793.37,604487.5,0,715793.37,111305.87,15.55,Cash on Delivery,Delivered,3,Mobile App,3.2,0,0
JO-2023-11424,2023-03-07,15:27:00,March,Q1,Tuesday,JMC000490,Delta,Uvwie,Sports & Outdoor,Tennis Racket,Puma,2,7755.71,0,7755.71,5093.95,0,15511.42,5323.52,34.32,Bank Transfer,Delivered,3,Website Desktop,2.9,0,0
JO-2023-11933,2023-03-07,16:09:00,March,Q1,Tuesday,JMC000197,Lagos,Agege,Electronics,Smart TV 43inch,JBL,1,231117.76,0,231117.76,169802.22,0,231117.76,61315.54,26.53,Jumia Pay Wallet,Delivered,3,Agent Network,4.3,0,0
JO-2023-11972,2023-03-07,19:45:00,March,Q1,Tuesday,JMC001084,Lagos,Lekki,Electronics,Phone Charger USB-C,Apple,1,338829.13,0,338829.13,294205.33,0,338829.13,44623.8,13.17,Card Payment,Shipped,7,Mobile App,,0,0
JO-2023-12285,2023-03-07,20:20:00,March,Q1,Tuesday,JMC000896,Ondo,Ondo City,Electronics,Smart Watch,Lenovo,1,35316.33,0,35316.33,27716.26,0,35316.33,7600.07,21.52,Cash on Delivery,Delivered,2,Mobile App,3.2,0,0
JO-2023-12679,2023-03-07,18:23:00,March,Q1,Tuesday,JMC001392,Cross River,Ikom,Groceries,Spaghetti 500g,Unilever,5,6539.77,0,6539.77,5843.94,0,32698.85,3479.15,10.64,Jumia Pay Wallet,Delivered,2,WhatsApp Store,4.5,0,0
JO-2023-10066,2023-03-08,09:51:00,March,Q1,Wednesday,JMC000396,Rivers,Obio-Akpor,Groceries,Groundnut Oil 5L,Unilever,2,16751.13,0,16751.13,14719.22,0,33502.26,4063.82,12.13,Jumia Pay Wallet,Shipped,5,USSD,,0,0
JO-2023-10131,2023-03-08,08:05:00,March,Q1,Wednesday,JMC001365,Abuja,Maitama,Electronics,Phone Charger USB-C,Samsung,1,289752.05,0,289752.05,239827.77,0,289752.05,49924.28,17.23,Bank Transfer,Delivered,1,Website Desktop,3.3,0,0
JO-2023-10208,2023-03-08,09:29:00,March,Q1,Wednesday,JMC000072,Abuja,Garki,Groceries,Tin Tomato Carton,PZ Cussons,2,13139.2,10,11825.28,10008.92,0,23650.56,3632.72,15.36,Jumia Pay Wallet,Delivered,1,Mobile App,2.8,0,0
JO-2023-10352,2023-03-08,07:39:00,March,Q1,Wednesday,JMC000918,Cross River,Calabar,Computing,Wireless Mouse,Asus,1,285557.31,10,257001.58,220918.56,0,257001.58,36083.02,14.04,Jumia Pay Wallet,Delivered,4,Mobile App,4.0,0,0
JO-2023-10365,2023-03-08,18:52:00,March,Q1,Wednesday,JMC000277,Plateau,Bukuru,Beauty & Health,Manicure Kit,Nivea,3,30469.99,50,15235.0,6925.83,0,45705.0,24927.51,54.54,Bank Transfer,Delivered,5,Mobile App,3.7,0,0
JO-2023-10512,2023-03-08,22:05:00,March,Q1,Wednesday,JMC001126,Abuja,Gwarinpa,Electronics,Phone Charger USB-C,Apple,2,427047.98,20,341638.38,256570.42,0,683276.76,170135.92,24.9,Card Payment,Delivered,8,Mobile App,3.4,0,0
JO-2023-11299,2023-03-08,23:22:00,March,Q1,Wednesday,JMC001144,Rivers,Port Harcourt,Groceries,Noodles Instant 70g,Cadbury,3,20969.94,0,20969.94,17660.88,0,62909.82,9927.18,15.78,Jumia Pay Wallet,Delivered,6,Mobile App,,0,0
JO-2023-11425,2023-03-08,23:27:00,March,Q1,Wednesday,JMC000755,Kano,Tarauni,Groceries,Sugar 1kg,Nestle,5,6892.27,0,6892.27,6127.92,0,34461.35,3821.75,11.09,Jumia Pay Wallet,Cancelled,8,Website Desktop,,0,0
JO-2023-11725,2023-03-08,08:57:00,March,Q1,Wednesday,JMC000727,Lagos,Victoria Island,Books & Education,Medical Dictionary,Amazon KDP,1,8781.44,50,4390.72,2703.81,1000,4390.72,1686.91,38.42,Jumia Pay Wallet,Delivered,8,Mobile App,2.5,0,0
JO-2023-12169,2023-03-08,14:29:00,March,Q1,Wednesday,JMC000502,Kano,Gwale,Home & Kitchen,Blender 1.5L,Scanfrost,1,72493.35,0,72493.35,56117.1,0,72493.35,16376.25,22.59,Card Payment,Delivered,3,WhatsApp Store,3.0,0,0
JO-2023-12202,2023-03-08,14:53:00,March,Q1,Wednesday,JMC000225,Anambra,Anambra East,Electronics,Smart TV 43inch,Sony,2,360224.5,0,360224.5,269952.24,0,720449.0,180544.52,25.06,Card Payment,Delivered,3,Mobile App,3.7,0,0
JO-2023-12542,2023-03-08,09:19:00,March,Q1,Wednesday,JMC000629,Rivers,Eleme,Sports & Outdoor,Jump Rope,Spalding,1,5580.04,0,5580.04,3452.37,1200,5580.04,2127.67,38.13,Card Payment,Processing,4,Mobile App,,0,0
JO-2023-12929,2023-03-08,22:03:00,March,Q1,Wednesday,JMC000677,Abuja,Kubwa,Computing,Wireless Mouse,Acer,3,358935.43,10,323041.89,269933.8,0,969125.67,159324.27,16.44,Card Payment,Delivered,6,Mobile App,2.7,0,0
JO-2023-10488,2023-03-09,23:41:00,March,Q1,Thursday,JMC001223,Kano,Kano City,Fashion,Leather Belt,Lagos Styles,3,36720.41,20,29376.33,17702.18,0,88128.99,35022.45,39.74,Bank Transfer,Delivered,1,Website Desktop,3.1,0,0
JO-2023-11066,2023-03-09,21:12:00,March,Q1,Thursday,JMC000551,Enugu,Nkanu,Computing,Laptop 15.6inch i5,MacBook,4,561659.14,15,477410.27,428189.27,0,1909641.08,196884.0,10.31,Jumia Pay Wallet,Delivered,6,Mobile App,3.4,0,0
JO-2023-11329,2023-03-09,10:07:00,March,Q1,Thursday,JMC000329,Abuja,Garki,Fashion,Baseball Cap,Nike,1,6964.79,0,6964.79,3683.68,1200,6964.79,3281.11,47.11,Bank Transfer,Delivered,8,Mobile App,3.8,0,0
JO-2023-11348,2023-03-09,14:49:00,March,Q1,Thursday,JMC000812,Bauchi,Bauchi City,Computing,Printer Ink Cartridge,MacBook,1,637251.76,0,637251.76,529365.04,0,637251.76,107886.72,16.93,USSD Payment,Delivered,4,USSD,3.3,0,0
JO-2023-11931,2023-03-09,20:44:00,March,Q1,Thursday,JMC000287,Bauchi,Ningi,Fashion,Women's Ankara Gown,Zara,1,19626.54,0,19626.54,11660.13,0,19626.54,7966.41,40.59,Card Payment,Delivered,1,Website Desktop,3.3,0,0
JO-2023-12482,2023-03-09,13:27:00,March,Q1,Thursday,JMC000665,Lagos,Lekki,Computing,Monitor 24inch,Asus,1,787342.09,0,787342.09,641998.74,0,787342.09,145343.35,18.46,Card Payment,Delivered,3,USSD,3.3,0,0
JO-2023-12765,2023-03-09,09:11:00,March,Q1,Thursday,JMC000916,Edo,Egor,Groceries,Honey Natural 500g,PZ Cussons,2,10509.24,10,9458.32,7811.63,0,18916.64,3293.38,17.41,Card Payment,Delivered,1,Website Desktop,2.8,0,0
JO-2023-10200,2023-03-10,14:23:00,March,Q1,Friday,JMC000737,Abuja,Gwarinpa,Books & Education,Business Management,Oxford,1,11696.46,0,11696.46,7579.31,0,11696.46,4117.15,35.2,Jumia Pay Wallet,Delivered,7,Website Desktop,3.6,0,0
JO-2023-10461,2023-03-10,14:03:00,March,Q1,Friday,JMC000396,Lagos,Victoria Island,Beauty & Health,Moisturising Lotion 400ml,Neutrogena,1,23210.06,0,23210.06,13399.17,0,23210.06,9810.89,42.27,Jumia Pay Wallet,Delivered,1,USSD,4.2,0,0
JO-2023-10836,2023-03-10,17:46:00,March,Q1,Friday,JMC001135,Lagos,Agege,Fashion,Women's Heels,Ankara Palace,2,15266.67,0,15266.67,9036.34,0,30533.34,12460.66,40.81,Bank Transfer,Delivered,3,Mobile App,2.9,0,0
JO-2023-10935,2023-03-10,19:07:00,March,Q1,Friday,JMC000710,Delta,Uvwie,Fashion,Men's Jeans,Nike,1,8386.41,15,7128.45,4061.79,1200,7128.45,3066.66,43.02,Card Payment,Processing,8,Website Desktop,,0,0
JO-2023-11550,2023-03-10,11:30:00,March,Q1,Friday,JMC000954,Cross River,Obanliku,Beauty & Health,Vitamin C Serum,Dove,4,29014.97,0,29014.97,15531.71,0,116059.88,53933.04,46.47,Jumia Pay Wallet,Processing,4,Mobile App,,0,0
JO-2023-12401,2023-03-10,19:40:00,March,Q1,Friday,JMC001586,Lagos,Lekki,Fashion,Men's Jeans,Nike,1,47503.73,0,47503.73,29428.56,0,47503.73,18075.17,38.05,Card Payment,Delivered,6,WhatsApp Store,4.5,0,0
JO-2023-10147,2023-03-11,23:48:00,March,Q1,Saturday,JMC001373,Lagos,Lekki,Home & Kitchen,Blender 1.5L,Bosch,1,54681.67,0,54681.67,38714.62,0,54681.67,15967.05,29.2,Card Payment,Delivered,2,USSD,2.8,0,0
JO-2023-10977,2023-03-11,23:31:00,March,Q1,Saturday,JMC001541,Enugu,Enugu South,Sports & Outdoor,Yoga Mat 6mm,Spalding,2,66618.92,0,66618.92,44847.86,0,133237.84,43542.12,32.68,Bank Transfer,Returned,7,Mobile App,,1,0
JO-2023-11016,2023-03-11,22:02:00,March,Q1,Saturday,JMC000858,Oyo,Ibadan South,Home & Kitchen,Air Fryer 4L,Binatone,1,5491.85,10,4942.67,3281.44,1200,4942.67,1661.23,33.61,USSD Payment,Processing,5,Mobile App,,0,0
JO-2023-11592,2023-03-11,21:55:00,March,Q1,Saturday,JMC000059,Lagos,Agege,Beauty & Health,Body Scrub,Neutrogena,1,5346.67,0,5346.67,2672.8,1500,5346.67,2673.87,50.01,Card Payment,Shipped,7,Website Desktop,,0,0
JO-2023-11715,2023-03-11,17:32:00,March,Q1,Saturday,JMC001310,Rivers,Port Harcourt,Books & Education,Python Programming Basics,Farafina,4,9752.1,0,9752.1,5385.11,0,39008.4,17467.96,44.78,Card Payment,Delivered,6,Website Desktop,4.2,0,0
JO-2023-11929,2023-03-11,20:05:00,March,Q1,Saturday,JMC000040,Niger,Kontagora,Electronics,Desk Fan,Tecno,1,49991.6,0,49991.6,36858.81,0,49991.6,13132.79,26.27,Bank Transfer,Delivered,7,Website Desktop,5.0,0,0
JO-2023-12077,2023-03-11,18:23:00,March,Q1,Saturday,JMC001436,Edo,Ikpoba-Okha,Computing,Laptop 15.6inch i5,Acer,1,486275.04,0,486275.04,387609.83,0,486275.04,98665.21,20.29,Jumia Pay Wallet,Delivered,1,USSD,3.6,0,0
JO-2023-12080,2023-03-11,22:14:00,March,Q1,Saturday,JMC001406,Lagos,Agege,Home & Kitchen,Blender 1.5L,Bosch,4,162231.35,0,162231.35,99009.79,0,648925.4,252886.24,38.97,Jumia Pay Wallet,Delivered,8,Mobile App,4.5,0,0
JO-2023-12082,2023-03-11,12:36:00,March,Q1,Saturday,JMC001025,Kaduna,Zaria,Fashion,Sunglasses UV400,Ankara Palace,2,4660.57,0,4660.57,2472.9,1500,9321.14,4375.34,46.94,Bank Transfer,Delivered,4,Agent Network,5.0,0,0
JO-2023-12413,2023-03-11,22:57:00,March,Q1,Saturday,JMC000713,Lagos,Yaba,Fashion,Men's Jeans,Ankara Palace,2,49720.48,0,49720.48,31652.06,0,99440.96,36136.84,36.34,Jumia Pay Wallet,Delivered,2,Website Desktop,2.6,0,0
JO-2023-12546,2023-03-11,11:52:00,March,Q1,Saturday,JMC000665,Imo,Mbaitoli,Electronics,Smart TV 43inch,JBL,2,132857.32,50,66428.66,54258.93,0,132857.32,24339.46,18.32,Card Payment,Delivered,2,Website Desktop,3.5,0,0
JO-2023-12605,2023-03-11,19:39:00,March,Q1,Saturday,JMC000532,Lagos,Lekki,Groceries,Honey Natural 500g,Dangote,1,14930.49,0,14930.49,12535.64,0,14930.49,2394.85,16.04,Cash on Delivery,Delivered,7,Mobile App,3.0,0,0
JO-2023-12745,2023-03-11,17:11:00,March,Q1,Saturday,JMC001060,Kaduna,Chikun,Beauty & Health,Vitamin C Serum,Olay,2,28847.51,0,28847.51,15387.26,0,57695.02,26920.5,46.66,Jumia Pay Wallet,Cancelled,8,Mobile App,,0,0
JO-2023-12936,2023-03-11,15:30:00,March,Q1,Saturday,JMC000990,Lagos,Victoria Island,Books & Education,Children Storybook,Kachifo,2,3119.59,20,2495.67,1503.64,1200,4991.34,1984.06,39.75,Card Payment,Delivered,3,Website Desktop,3.8,0,0
JO-2023-12988,2023-03-11,08:01:00,March,Q1,Saturday,JMC000087,Lagos,Ikeja,Fashion,Men's Polo Shirt,Nike,4,77679.22,0,77679.22,44455.82,0,310716.88,132893.6,42.77,Card Payment,Delivered,4,Website Desktop,2.9,0,0
JO-2023-10028,2023-03-12,16:31:00,March,Q1,Sunday,JMC000995,Lagos,Ikorodu,Home & Kitchen,Air Fryer 4L,Scanfrost,2,47894.34,0,47894.34,34426.45,0,95788.68,26935.78,28.12,Bank Transfer,Delivered,4,Mobile App,2.9,0,0
JO-2023-10198,2023-03-12,20:04:00,March,Q1,Sunday,JMC000615,Edo,Benin City,Home & Kitchen,Kitchen Towel Set,Bosch,1,96648.94,0,96648.94,67229.0,0,96648.94,29419.94,30.44,Bank Transfer,Delivered,4,Mobile App,3.5,0,0
JO-2023-10831,2023-03-12,12:35:00,March,Q1,Sunday,JMC000692,Lagos,Ikorodu,Electronics,Power Bank 20000mAh,Infinix,1,343936.38,0,343936.38,281167.99,0,343936.38,62768.39,18.25,USSD Payment,Delivered,6,Mobile App,2.6,0,0
JO-2023-12804,2023-03-12,15:06:00,March,Q1,Sunday,JMC001552,Abuja,Gwarinpa,Electronics,Electric Kettle,HP,4,86645.88,0,86645.88,71196.92,0,346583.52,61795.84,17.83,Jumia Pay Wallet,Delivered,2,Agent Network,4.3,0,0
JO-2023-10414,2023-03-13,22:58:00,March,Q1,Monday,JMC000028,Abuja,Gwarinpa,Beauty & Health,Hair Relaxer Kit,Olay,1,18582.71,10,16724.44,7285.17,0,16724.44,9439.27,56.44,Cash on Delivery,Delivered,1,Mobile App,3.2,0,0
JO-2023-11084,2023-03-13,11:07:00,March,Q1,Monday,JMC000954,Rivers,Port Harcourt,Groceries,Milk Tin 400g,Cadbury,1,16290.97,5,15476.42,12817.57,,15476.42,2658.85,17.18,Jumia Pay Wallet,Delivered,7,Website Desktop,4.9,0,0
JO-2023-11512,2023-03-13,07:04:00,March,Q1,Monday,JMC000681,Abuja,Wuse,Home & Kitchen,Air Fryer 4L,Nexus,3,98649.87,0,98649.87,75881.48,0,295949.61,68305.17,23.08,Jumia Pay Wallet,Delivered,7,USSD,3.8,0,0
JO-2023-11631,2023-03-13,10:41:00,March,Q1,Monday,JMC000867,Abuja,Gwarinpa,Computing,Webcam HD 1080p,Acer,3,141283.89,0,141283.89,122267.08,0,423851.67,57050.43,13.46,Bank Transfer,Delivered,3,Mobile App,4.8,0,0
JO-2023-12033,2023-03-13,07:58:00,March,Q1,Monday,JMC001006,Lagos,Yaba,Electronics,Table Lamp LED,Tecno,1,390977.95,0,390977.95,289597.37,0,390977.95,101380.58,25.93,Bank Transfer,Delivered,2,Mobile App,4.8,0,0
JO-2023-12399,2023-03-13,14:57:00,March,Q1,Monday,JMC001353,Benue,Gboko,Beauty & Health,Hair Relaxer Kit,Nivea,1,5920.99,0,5920.99,3726.67,2000,5920.99,2194.32,37.06,Card Payment,Delivered,3,Mobile App,2.7,0,0
JO-2023-12750,2023-03-13,18:24:00,March,Q1,Monday,JMC001243,Delta,Ethiope East,Beauty & Health,Manicure Kit,Olay,2,18918.34,0,18918.34,9322.96,0,37836.68,19190.76,50.72,Jumia Pay Wallet,Delivered,2,Mobile App,,0,0
JO-2023-12965,2023-03-13,13:35:00,March,Q1,Monday,JMC000338,Nasarawa,Keffi,Books & Education,Finance Fundamentals,Kachifo,4,13537.32,30,9476.12,5601.33,0,37904.48,15499.16,40.89,Bank Transfer,Delivered,4,Website Desktop,4.0,0,0
JO-2023-10669,2023-03-14,07:50:00,March,Q1,Tuesday,JMC001433,Kaduna,Chikun,Groceries,Tin Tomato Carton,Cadbury,1,19042.01,0,19042.01,16082.88,0,19042.01,2959.13,15.54,Cash on Delivery,Delivered,6,Mobile App,2.7,0,0
JO-2023-10693,2023-03-14,11:46:00,March,Q1,Tuesday,JMC000988,Imo,Orlu,Groceries,Honey Natural 500g,Unilever,1,22077.98,0,22077.98,19327.06,0,22077.98,2750.92,12.46,Cash on Delivery,Delivered,7,WhatsApp Store,2.5,0,0
JO-2023-12006,2023-03-14,13:10:00,March,Q1,Tuesday,JMC001147,Delta,Ethiope East,Electronics,Phone Charger USB-C,HP,2,231827.38,0,231827.38,176606.1,0,463654.76,110442.56,23.82,Cash on Delivery,Processing,5,Mobile App,,0,0
JO-2023-12260,2023-03-14,09:21:00,March,Q1,Tuesday,JMC000889,Plateau,Bukuru,Home & Kitchen,Pressure Cooker 5L,Nasco,1,135540.29,0,135540.29,91150.85,0,135540.29,44389.44,32.75,Cash on Delivery,Delivered,2,Mobile App,4.4,0,0
JO-2023-12719,2023-03-14,12:21:00,March,Q1,Tuesday,JMC000773,Abuja,Asokoro,Beauty & Health,Hair Relaxer Kit,Olay,1,23827.22,0,23827.22,10555.46,0,23827.22,13271.76,55.7,Card Payment,Delivered,7,Mobile App,4.4,0,0
JO-2023-12832,2023-03-14,08:15:00,March,Q1,Tuesday,JMC001198,Ogun,Ijebu-Ode,Fashion,Sneakers Size 42,H&M,4,41243.16,0,41243.16,28734.11,0,164972.64,50036.2,30.33,Jumia Pay Wallet,Cancelled,7,Mobile App,,0,0
JO-2023-10021,2023-03-15,19:37:00,March,Q1,Wednesday,JMC000149,Abuja,Kubwa,Fashion,Wristwatch Classic,Ankara Palace,2,72746.17,40,43647.7,22688.07,0,87295.4,41919.26,48.02,Jumia Pay Wallet,Delivered,8,Website Desktop,2.6,0,0
JO-2023-10171,2023-03-15,23:26:00,March,Q1,Wednesday,JMC000592,Lagos,Yaba,Sports & Outdoor,Running Shoes,Spalding,2,48698.58,0,48698.58,32355.34,0,97397.16,32686.48,33.56,Jumia Pay Wallet,Delivered,7,USSD,4.2,0,0
JO-2023-10258,2023-03-15,19:44:00,March,Q1,Wednesday,JMC000772,Edo,Orhionmwon,Groceries,Sugar 1kg,Unilever,1,6987.56,0,6987.56,6335.62,1200,6987.56,651.94,9.33,Card Payment,Delivered,7,Mobile App,4.5,0,0
JO-2023-10437,2023-03-15,20:58:00,March,Q1,Wednesday,JMC000554,Delta,Ethiope East,Electronics,Wireless Earbuds,Samsung,1,131319.04,,131319.04,94891.14,0,131319.04,36427.9,27.74,Cash on Delivery,Cancelled,5,Mobile App,,0,0
JO-2023-11075,2023-03-15,21:57:00,March,Q1,Wednesday,JMC001428,Abuja,Asokoro,Home & Kitchen,Storage Containers,Nexus,1,11754.01,0,11754.01,8100.86,0,11754.01,3653.15,31.08,Cash on Delivery,Delivered,7,Website Desktop,3.0,0,0
JO-2023-11102,2023-03-15,19:39:00,March,Q1,Wednesday,JMC000959,Delta,Uvwie,Fashion,Leather Belt,Lagos Styles,1,73163.97,0,73163.97,37957.47,0,73163.97,35206.5,48.12,USSD Payment,Shipped,2,Website Desktop,,0,0
JO-2023-11468,2023-03-15,20:45:00,March,Q1,Wednesday,JMC000131,Lagos,Ikorodu,Electronics,Wireless Earbuds,Apple,1,432925.02,50,216462.51,188235.8,0,216462.51,28226.71,13.04,Jumia Pay Wallet,Shipped,2,Agent Network,,0,0
JO-2023-11585,2023-03-15,22:21:00,March,Q1,Wednesday,JMC001027,Lagos,Victoria Island,Electronics,Wireless Earbuds,Tecno,2,109093.52,0,109093.52,83751.1,0,218187.04,50684.84,23.23,Card Payment,Cancelled,7,Mobile App,,0,0
JO-2023-11611,2023-03-15,10:28:00,March,Q1,Wednesday,JMC001211,Cross River,Obanliku,Fashion,Women's Heels,H&M,1,62073.94,0,62073.94,41713.69,0,62073.94,20360.25,32.8,USSD Payment,Shipped,2,Mobile App,,0,0
JO-2023-11658,2023-03-15,19:37:00,March,Q1,Wednesday,JMC000892,Lagos,Victoria Island,Fashion,Women's Heels,Ankara Palace,3,3618.78,25,2714.09,1328.55,1200,8142.27,4156.62,51.05,Jumia Pay Wallet,Delivered,1,WhatsApp Store,,0,0
JO-2023-12061,2023-03-15,19:59:00,March,Q1,Wednesday,JMC000583,Delta,Uvwie,Beauty & Health,Body Scrub,Neutrogena,2,33264.64,0,33264.64,20341.33,0,66529.28,25846.62,38.85,Card Payment,Delivered,5,Mobile App,3.2,0,0
JO-2023-12813,2023-03-15,13:22:00,March,Q1,Wednesday,JMC001482,Edo,Egor,Beauty & Health,Shampoo Anti-Dandruff,Neutrogena,1,25387.54,0,25387.54,16138.86,0,25387.54,9248.68,36.43,Card Payment,Delivered,6,Website Desktop,4.1,0,0
JO-2023-12974,2023-03-15,19:01:00,March,Q1,Wednesday,JMC000167,Lagos,Victoria Island,Fashion,Handbag Brown,Nike,4,42707.17,0,42707.17,24727.45,0,170828.68,71918.88,42.1,Jumia Pay Wallet,Delivered,7,Website Desktop,4.4,0,0
JO-2023-10084,2023-03-16,17:48:00,March,Q1,Thursday,JMC000854,Kaduna,Zaria,Beauty & Health,Face Mask Set,Black Seed,1,4405.36,0,4405.36,2726.92,1500,4405.36,1678.44,38.1,Card Payment,Delivered,7,Mobile App,,0,0
JO-2023-10282,2023-03-16,22:19:00,March,Q1,Thursday,JMC001093,Lagos,Victoria Island,Computing,Laptop 15.6inch i5,Asus,1,330093.87,0,330093.87,265791.58,0,330093.87,64302.29,19.48,Card Payment,Cancelled,1,Mobile App,,0,0
JO-2023-10407,2023-03-16,23:53:00,March,Q1,Thursday,JMC000405,Plateau,Shendam,Fashion,Women's Heels,Ankara Palace,1,29860.38,20,23888.3,13979.43,0,23888.3,9908.87,41.48,Cash on Delivery,Delivered,1,WhatsApp Store,4.3,0,0
JO-2023-10990,2023-03-16,08:44:00,March,Q1,Thursday,JMC000133,Abuja,Wuse,Beauty & Health,Shampoo Anti-Dandruff,L'Oreal,5,34868.0,0,34868.0,15059.49,0,174340.0,99042.55,56.81,Card Payment,Delivered,2,Mobile App,,0,0
JO-2023-11320,2023-03-16,18:22:00,March,Q1,Thursday,JMC000735,Abuja,Garki,Fashion,Handbag Brown,Lagos Styles,1,75899.69,0,75899.69,35392.03,0,75899.69,40507.66,53.37,Card Payment,Cancelled,6,Mobile App,,0,0
JO-2023-11469,2023-03-16,20:04:00,March,Q1,Thursday,JMC001156,Kwara,Omu-Aran,Fashion,Men's Polo Shirt,Adidas,1,15556.41,0,15556.41,7779.76,0,15556.41,7776.65,49.99,Jumia Pay Wallet,Delivered,8,Mobile App,4.2,0,0
JO-2023-11806,2023-03-16,12:03:00,March,Q1,Thursday,JMC001485,Kwara,Ilorin,Home & Kitchen,Blender 1.5L,Scanfrost,2,65070.15,0,65070.15,42041.82,0,130140.3,46056.66,35.39,Card Payment,Shipped,6,Website Desktop,,0,0
JO-2023-11864,2023-03-16,08:22:00,March,Q1,Thursday,JMC001222,Bauchi,Bauchi City,Electronics,Electric Kettle,Samsung,5,89096.47,0,89096.47,66679.8,0,445482.35,112083.35,25.16,Jumia Pay Wallet,Delivered,6,Website Desktop,4.6,0,0
JO-2023-12346,2023-03-16,15:40:00,March,Q1,Thursday,JMC001286,Kano,Kano City,Groceries,Rice 5kg Bag,PZ Cussons,1,1001.8,0,1001.8,911.44,1000,1001.8,90.36,9.02,Bank Transfer,Shipped,4,Mobile App,,0,0
JO-2023-12939,2023-03-16,17:34:00,March,Q1,Thursday,JMC000654,Kwara,Offa,Beauty & Health,Face Mask Set,Neutrogena,1,25521.93,0,25521.93,14902.25,0,25521.93,10619.68,41.61,Jumia Pay Wallet,Cancelled,3,Website Desktop,,0,0
JO-2023-10095,2023-03-17,21:07:00,March,Q1,Friday,JMC000602,Kwara,Omu-Aran,Fashion,Women's Ankara Gown,Lagos Styles,2,47117.27,0,47117.27,26267.88,0,94234.54,41698.78,44.25,Jumia Pay Wallet,Delivered,7,Website Desktop,3.9,0,0
JO-2023-10256,2023-03-17,15:51:00,March,Q1,Friday,JMC000363,Ogun,Abeokuta,Electronics,Power Bank 20000mAh,JBL,1,43683.57,0,43683.57,36772.83,0,43683.57,6910.74,15.82,Cash on Delivery,Delivered,3,Mobile App,2.6,0,0
JO-2023-10850,2023-03-17,09:31:00,March,Q1,Friday,JMC000998,Lagos,Yaba,Computing,Wireless Mouse,Microsoft,3,428824.78,0,428824.78,358411.75,0,1286474.34,211239.09,16.42,Jumia Pay Wallet,Delivered,7,WhatsApp Store,4.1,0,0
JO-2023-11427,2023-03-17,07:50:00,March,Q1,Friday,JMC000515,Edo,Orhionmwon,Home & Kitchen,Blender 1.5L,Philips,2,155983.35,0,155983.35,94323.13,0,311966.7,123320.44,39.53,Card Payment,Delivered,6,Mobile App,2.8,0,0
JO-2023-12384,2023-03-17,20:52:00,March,Q1,Friday,JMC001046,Abuja,Kubwa,Electronics,Wireless Earbuds,Samsung,3,115932.86,0,115932.86,100977.52,0,347798.58,44866.02,12.9,Card Payment,Delivered,6,Mobile App,3.6,0,0
JO-2023-12589,2023-03-17,16:13:00,March,Q1,Friday,JMC000440,Abuja,Wuse,Home & Kitchen,Dish Rack,Nasco,2,17414.94,10,15673.45,10982.39,0,31346.9,9382.12,29.93,Card Payment,Delivered,2,Agent Network,2.7,0,0
JO-2023-10086,2023-03-18,15:26:00,March,Q1,Saturday,JMC000319,Lagos,Victoria Island,Fashion,Sneakers Size 42,Zara,4,42499.08,0,42499.08,28538.13,0,169996.32,55843.8,32.85,Jumia Pay Wallet,Delivered,1,Agent Network,3.9,0,0
JO-2023-10345,2023-03-18,18:49:00,March,Q1,Saturday,JMC000131,Kano,Kano City,Electronics,Power Bank 20000mAh,Lenovo,1,105069.68,0,105069.68,82973.53,0,105069.68,22096.15,21.03,Bank Transfer,Delivered,1,USSD,,0,0
JO-2023-10886,2023-03-18,23:24:00,March,Q1,Saturday,JMC001561,Kano,Tarauni,Sports & Outdoor,Football Size 5,Spalding,2,54688.67,0,54688.67,39266.47,0,109377.34,30844.4,28.2,Cash on Delivery,Delivered,5,Mobile App,3.0,0,0
JO-2023-12279,2023-03-18,07:20:00,March,Q1,Saturday,JMC000916,Kaduna,Kaduna North,Electronics,Smart TV 43inch,Infinix,1,23787.15,0,23787.15,20311.85,0,23787.15,3475.3,14.61,Card Payment,Shipped,6,Website Desktop,,0,0
JO-2023-12330,2023-03-18,23:50:00,March,Q1,Saturday,JMC000761,Enugu,Udi,Groceries,Sugar 1kg,Dangote,1,23595.9,0,23595.9,20700.68,0,23595.9,2895.22,12.27,Cash on Delivery,Delivered,2,Website Desktop,2.6,0,0
JO-2023-12425,2023-03-18,14:53:00,March,Q1,Saturday,JMC001131,Kano,Nassarawa,Electronics,Extension Socket,HP,1,442453.09,0,442453.09,362855.78,0,442453.09,79597.31,17.99,Cash on Delivery,Delivered,5,Website Desktop,4.8,0,0
JO-2023-12464,2023-03-18,13:58:00,March,Q1,Saturday,JMC001000,Delta,Ethiope East,Electronics,Smart Watch,JBL,3,128622.48,0,128622.48,100441.29,,385867.44,84543.57,21.91,Card Payment,Shipped,8,WhatsApp Store,,0,0
JO-2023-12582,2023-03-18,16:05:00,March,Q1,Saturday,JMC000825,Kano,Nassarawa,Groceries,Biscuits Assorted,Dangote,1,954.52,15,811.34,704.49,700,811.34,106.85,13.17,Card Payment,Delivered,5,Mobile App,3.3,0,0
JO-2023-12624,2023-03-18,18:46:00,March,Q1,Saturday,JMC000195,Oyo,Ibadan North,Sports & Outdoor,Basketball Outdoor,Spalding,1,67393.23,0,67393.23,39930.49,0,67393.23,27462.74,40.75,Jumia Pay Wallet,Returned,2,Mobile App,,1,0
JO-2023-12903,2023-03-18,15:36:00,March,Q1,Saturday,JMC000275,Abuja,Wuse,Electronics,Extension Socket,Tecno,1,330493.93,0,330493.93,273648.97,0,330493.93,56844.96,17.2,Bank Transfer,Processing,7,Mobile App,,0,0
JO-2023-10078,2023-03-19,16:37:00,March,Q1,Sunday,JMC000505,Abuja,Kubwa,Fashion,Leather Belt,H&M,1,25156.33,25,18867.25,12465.59,0,18867.25,6401.66,33.93,Card Payment,Delivered,1,Agent Network,5.0,0,0
JO-2023-10420,2023-03-19,07:56:00,March,Q1,Sunday,JMC001527,Lagos,Lagos Island,Books & Education,Python Programming Basics,Amazon KDP,2,5664.54,25,4248.4,2912.7,700,8496.8,2671.4,31.44,USSD Payment,Processing,5,Website Desktop,,0,0
JO-2023-10643,2023-03-19,20:26:00,March,Q1,Sunday,JMC001279,Delta,Warri,Beauty & Health,Perfume Floral 100ml,Olay,3,4132.08,0,4132.08,2439.17,0,12396.24,5078.73,40.97,Bank Transfer,Cancelled,6,Mobile App,,0,0
JO-2023-10735,2023-03-19,07:58:00,March,Q1,Sunday,JMC000337,Lagos,Victoria Island,Books & Education,Children Storybook,Amazon KDP,1,6791.54,0,6791.54,4314.67,1500,6791.54,2476.87,36.47,Bank Transfer,Delivered,3,Agent Network,3.6,0,0
JO-2023-11470,2023-03-19,15:34:00,March,Q1,Sunday,JMC001131,Delta,Uvwie,Electronics,Table Lamp LED,HP,1,193103.65,0,193103.65,139440.15,0,193103.65,53663.5,27.79,Cash on Delivery,Processing,4,Website Desktop,,0,0
JO-2023-11506,2023-03-19,20:51:00,March,Q1,Sunday,JMC001173,Edo,Orhionmwon,Sports & Outdoor,Dumbbell 5kg pair,Wilson,1,27897.35,20,22317.88,16707.16,0,22317.88,5610.72,25.14,Bank Transfer,Delivered,7,Website Desktop,3.6,0,0
JO-2023-11756,2023-03-19,19:51:00,March,Q1,Sunday,JMC000695,Delta,Oshimili,Beauty & Health,Perfume Floral 100ml,Dove,2,18720.27,0,18720.27,10206.29,0,37440.54,17027.96,45.48,Card Payment,Delivered,7,Website Desktop,4.0,0,0
JO-2023-11883,2023-03-19,22:20:00,March,Q1,Sunday,JMC001424,Kano,Tarauni,Fashion,Sneakers Size 42,H&M,1,49827.06,5,47335.71,30148.11,0,47335.71,17187.6,36.31,Bank Transfer,Cancelled,5,Mobile App,,0,0
JO-2023-12981,2023-03-19,16:31:00,March,Q1,Sunday,JMC000744,Lagos,Surulere,Books & Education,Business Management,Oxford,2,10131.15,50,5065.57,3511.96,0,10131.14,3107.22,30.67,Bank Transfer,Delivered,6,Mobile App,3.7,0,0
JO-2023-10426,2023-03-20,20:13:00,March,Q1,Monday,JMC000125,Lagos,Ikeja,Books & Education,Law Reports,Amazon KDP,3,11739.03,15,9978.18,6721.3,0,29934.54,9770.64,32.64,Jumia Pay Wallet,Shipped,8,Mobile App,,0,0
JO-2023-10791,2023-03-20,23:13:00,March,Q1,Monday,JMC000671,Kano,Nassarawa,Groceries,Noodles Instant 70g,Cadbury,5,14677.86,0,14677.86,12593.6,0,73389.3,10421.3,14.2,Card Payment,Delivered,4,WhatsApp Store,3.1,0,0
JO-2023-11471,2023-03-20,09:13:00,March,Q1,Monday,JMC000690,Lagos,Lagos Island,Computing,Printer Ink Cartridge,HP,1,729515.55,0,729515.55,609729.1,0,729515.55,119786.45,16.42,Card Payment,Delivered,4,Mobile App,2.7,0,0
JO-2023-11642,2023-03-20,09:48:00,March,Q1,Monday,JMC001144,Abuja,Gwarinpa,Groceries,Milk Tin 400g,PZ Cussons,2,22005.27,0,22005.27,19016.95,0,44010.54,5976.64,13.58,Cash on Delivery,Delivered,4,Website Desktop,3.1,0,0
JO-2023-12469,2023-03-20,16:49:00,March,Q1,Monday,JMC000209,Bauchi,Misau,Groceries,Rice 5kg Bag,Cadbury,2,24454.87,0,24454.87,21224.38,0,48909.74,6460.98,13.21,Card Payment,Delivered,7,Mobile App,3.4,0,0
JO-2023-12611,2023-03-20,23:32:00,March,Q1,Monday,JMC001524,Oyo,Oyo,Electronics,Bluetooth Speaker,Lenovo,1,167752.64,0,167752.64,125227.35,,167752.64,42525.29,25.35,Jumia Pay Wallet,Shipped,5,Mobile App,,0,0
JO-2023-12682,2023-03-20,22:06:00,March,Q1,Monday,JMC000632,Lagos,Lagos Island,Fashion,Sneakers Size 42,H&M,1,24181.59,20,19345.27,9252.84,,19345.27,10092.43,52.17,Bank Transfer,Delivered,5,Website Desktop,3.3,0,0
JO-2023-10152,2023-03-21,08:59:00,March,Q1,Tuesday,JMC000086,Lagos,Ikorodu,Fashion,Leather Belt,Ankara Palace,2,68066.63,0,68066.63,42378.28,0,136133.26,51376.7,37.74,Cash on Delivery,Delivered,5,Mobile App,4.5,0,0
JO-2023-10823,2023-03-21,11:25:00,March,Q1,Tuesday,JMC000165,Enugu,Enugu North,Electronics,Bluetooth Speaker,Infinix,4,317159.42,0,317159.42,278370.82,0,1268637.68,155154.4,12.23,USSD Payment,Shipped,6,Mobile App,,0,0
JO-2023-11586,2023-03-21,17:01:00,March,Q1,Tuesday,JMC001434,Kano,Nassarawa,Electronics,Desk Fan,Infinix,1,88847.6,5,84405.22,72622.25,0,84405.22,11782.97,13.96,Card Payment,Delivered,3,Agent Network,2.5,0,0
JO-2023-12112,2023-03-21,15:43:00,March,Q1,Tuesday,JMC001091,Lagos,Lagos Island,Computing,Laptop 15.6inch i5,HP,1,840042.82,0,840042.82,663297.81,0,840042.82,176745.01,21.04,Card Payment,Delivered,5,Mobile App,3.0,0,0
JO-2023-12312,2023-03-21,20:47:00,March,Q1,Tuesday,JMC000364,Kano,Kano City,Electronics,Power Bank 20000mAh,Samsung,1,290885.03,0,290885.03,210018.99,0,290885.03,80866.04,27.8,Bank Transfer,Processing,8,Mobile App,,0,0
JO-2023-12943,2023-03-21,07:26:00,March,Q1,Tuesday,JMC001259,Abuja,Kubwa,Books & Education,English Grammar,Pearson,3,11025.43,0,11025.43,8116.92,0,33076.29,8725.53,26.38,Card Payment,Shipped,8,WhatsApp Store,,0,0
JO-2023-12971,2023-03-21,07:48:00,March,Q1,Tuesday,JMC001234,Rivers,Obio-Akpor,Computing,Wireless Mouse,,1,104781.44,20,83825.15,74202.02,0,83825.15,9623.13,11.48,Card Payment,Delivered,4,WhatsApp Store,4.5,0,0
JO-2023-11819,2023-03-22,09:51:00,March,Q1,Wednesday,JMC000747,Enugu,Nkanu,Fashion,Sunglasses UV400,Zara,3,47606.73,0,47606.73,24898.32,0,142820.19,68125.23,47.7,Bank Transfer,Cancelled,6,Mobile App,,0,0
JO-2023-11820,2023-03-22,10:03:00,March,Q1,Wednesday,JMC000449,Rivers,Oyigbo,Sports & Outdoor,Running Shoes,Spalding,1,24915.44,0,24915.44,15452.56,0,24915.44,9462.88,37.98,Card Payment,Delivered,4,Agent Network,3.8,0,0
JO-2023-12057,2023-03-22,11:30:00,March,Q1,Wednesday,JMC000306,Kano,Gwale,Groceries,Rice 5kg Bag,Nestle,3,15831.3,30,11081.91,10057.94,0,33245.73,3071.91,9.24,Card Payment,Delivered,7,WhatsApp Store,3.5,0,0
JO-2023-10105,2023-03-23,12:20:00,March,Q1,Thursday,JMC000560,Abuja,Asokoro,Fashion,Baseball Cap,Nike,2,21784.48,,21784.48,14044.45,0,43568.96,15480.06,35.53,Jumia Pay Wallet,Delivered,5,Mobile App,4.7,0,0
JO-2023-10238,2023-03-23,16:32:00,March,Q1,Thursday,JMC000197,Oyo,Oyo,Home & Kitchen,Blender 1.5L,Bosch,1,12811.6,0,12811.6,8309.6,0,12811.6,4502.0,35.14,Bank Transfer,Cancelled,4,USSD,,0,0
JO-2023-10592,2023-03-23,12:19:00,March,Q1,Thursday,JMC000146,Niger,Kontagora,Beauty & Health,Face Mask Set,Olay,2,7837.52,0,7837.52,5008.96,0,15675.04,5657.12,36.09,Bank Transfer,Delivered,3,Website Desktop,3.3,0,0
JO-2023-11234,2023-03-23,21:44:00,March,Q1,Thursday,JMC000303,Kano,Kano City,Computing,Monitor 24inch,HP,1,831705.83,50,415852.91,350730.34,0,415852.91,65122.57,15.66,Card Payment,Delivered,2,USSD,3.8,0,0
JO-2023-12000,2023-03-23,10:19:00,March,Q1,Thursday,JMC000407,Lagos,Ikorodu,Groceries,Spaghetti 500g,Dangote,2,19750.96,0,19750.96,18115.58,0,39501.92,3270.76,8.28,Bank Transfer,Cancelled,4,Mobile App,,0,0
JO-2023-12665,2023-03-23,23:57:00,March,Q1,Thursday,JMC001209,Lagos,Agege,Electronics,Wireless Earbuds,Infinix,1,420219.65,0,420219.65,352522.26,0,420219.65,67697.39,16.11,Jumia Pay Wallet,Delivered,6,Agent Network,3.4,0,0
JO-2023-10220,2023-03-24,13:28:00,March,Q1,Friday,JMC000505,Delta,Warri,Home & Kitchen,Pressure Cooker 5L,Binatone,5,87649.0,0,87649.0,61599.72,0,438245.0,130246.4,29.72,Card Payment,Delivered,5,Website Desktop,2.9,0,0
JO-2023-10706,2023-03-24,19:58:00,March,Q1,Friday,JMC000165,Kaduna,Zaria,Fashion,Women's Heels,Zara,1,77021.62,25,57766.21,38322.1,0,57766.21,19444.11,33.66,Card Payment,Delivered,8,Website Desktop,2.6,0,0
JO-2023-11699,2023-03-24,11:48:00,March,Q1,Friday,JMC000236,Lagos,Yaba,Computing,Laptop 15.6inch i5,Acer,3,826405.08,0,826405.08,709716.68,0,2479215.24,350065.2,14.12,Card Payment,Shipped,8,USSD,,0,0
JO-2023-11851,2023-03-24,12:24:00,March,Q1,Friday,JMC001123,Ogun,Ilaro,Beauty & Health,Perfume Floral 100ml,Nivea,1,28830.88,40,17298.53,7554.27,0,17298.53,9744.26,56.33,Jumia Pay Wallet,Processing,4,USSD,,0,0
JO-2023-12037,2023-03-24,17:13:00,March,Q1,Friday,JMC001132,Oyo,Ogbomoso,Fashion,Men's Jeans,Ankara Palace,2,2101.17,0,2101.17,975.99,2000,4202.34,2250.36,53.55,Cash on Delivery,Delivered,7,Website Desktop,3.6,0,0
JO-2023-12423,2023-03-24,12:44:00,March,Q1,Friday,JMC000961,Enugu,Nkanu,Fashion,Baseball Cap,H&M,3,3683.18,0,3683.18,2320.77,0,11049.54,4087.23,36.99,Card Payment,Delivered,1,Mobile App,2.7,0,0
JO-2023-12702,2023-03-24,18:19:00,March,Q1,Friday,JMC001199,Oyo,Ibadan South,Fashion,Women's Ankara Gown,Nike,1,57935.84,20,46348.67,25542.75,0,46348.67,20805.92,44.89,Bank Transfer,Processing,2,Mobile App,,0,0
JO-2023-12708,2023-03-24,23:44:00,March,Q1,Friday,JMC000400,Enugu,Enugu North,Electronics,Bluetooth Speaker,Sony,4,56176.68,0,56176.68,43267.28,0,224706.72,51637.6,22.98,Card Payment,Delivered,3,Mobile App,2.7,0,0
JO-2023-10586,2023-03-25,21:42:00,March,Q1,Saturday,JMC001169,Oyo,Ibadan North,Sports & Outdoor,Yoga Mat 6mm,Under Armour,5,68525.21,25,51393.91,32234.26,0,256969.55,95798.25,37.28,Bank Transfer,Delivered,6,Mobile App,4.6,0,0
JO-2023-11361,2023-03-25,09:11:00,March,Q1,Saturday,JMC000684,Lagos,Victoria Island,Beauty & Health,Perfume Floral 100ml,Neutrogena,1,15528.91,0,15528.91,6630.84,0,15528.91,8898.07,57.3,Bank Transfer,Shipped,6,Mobile App,,0,0
JO-2023-11829,2023-03-25,08:40:00,March,Q1,Saturday,JMC000262,Ogun,Sagamu,Fashion,Men's Jeans,Adidas,5,49097.5,0,49097.5,26625.57,0,245487.5,112359.65,45.77,Card Payment,Delivered,2,USSD,4.6,0,0
JO-2023-11888,2023-03-25,13:55:00,March,Q1,Saturday,JMC001560,Abuja,Wuse,Home & Kitchen,Dish Rack,Philips,1,17375.61,0,17375.61,12866.64,0,17375.61,4508.97,25.95,Card Payment,Shipped,5,Mobile App,,0,0
JO-2023-12756,2023-03-25,09:40:00,March,Q1,Saturday,JMC000841,Abuja,Kubwa,Fashion,Handbag Brown,H&M,3,35648.71,5,33866.27,21376.39,0,101598.81,37469.64,36.88,Cash on Delivery,Delivered,3,Agent Network,4.9,0,0
JO-2023-12983,2023-03-25,18:33:00,March,Q1,Saturday,JMC000185,Anambra,Onitsha,Beauty & Health,Face Mask Set,Black Seed,5,21607.12,0,21607.12,12583.99,0,108035.6,45115.65,41.76,Bank Transfer,Delivered,2,Website Desktop,4.8,0,0
JO-2023-10048,2023-03-26,14:04:00,March,Q1,Sunday,JMC001251,Ondo,Ondo City,Fashion,Wristwatch Classic,Zara,1,77072.69,0,77072.69,35368.66,0,77072.69,41704.03,54.11,Card Payment,Delivered,8,Website Desktop,,0,0
JO-2023-10546,2023-03-26,17:28:00,March,Q1,Sunday,JMC001331,Benue,Gboko,Books & Education,Children Storybook,Pearson,1,13403.96,20,10723.17,7290.68,0,10723.17,3432.49,32.01,Card Payment,Delivered,3,Agent Network,,0,0
JO-2023-11189,2023-03-26,22:47:00,March,Q1,Sunday,JMC000418,Lagos,Lekki,Beauty & Health,Beard Oil 50ml,L'Oreal,1,30598.11,0,30598.11,13683.47,0,30598.11,16914.64,55.28,Bank Transfer,Returned,6,Mobile App,,1,0
JO-2023-11751,2023-03-26,08:04:00,March,Q1,Sunday,JMC001538,Lagos,Victoria Island,Fashion,Women's Ankara Gown,H&M,2,21735.17,20,17388.14,8417.6,0,34776.28,17941.08,51.59,USSD Payment,Delivered,2,Mobile App,2.8,0,0
JO-2023-12241,2023-03-26,16:49:00,March,Q1,Sunday,JMC000254,Lagos,Victoria Island,Electronics,Table Lamp LED,JBL,3,268467.24,10,241620.52,174522.5,0,724861.56,201294.06,27.77,Jumia Pay Wallet,Delivered,6,Mobile App,3.7,0,0
JO-2023-12550,2023-03-26,16:12:00,March,Q1,Sunday,JMC000325,Rivers,Eleme,Groceries,Spaghetti 500g,PZ Cussons,1,13328.43,0,13328.43,11976.93,0,13328.43,1351.5,10.14,Jumia Pay Wallet,Delivered,1,Mobile App,2.5,0,0
JO-2023-12476,2023-03-27,21:27:00,March,Q1,Monday,JMC001322,Lagos,Lagos Island,Groceries,Biscuits Assorted,Dangote,1,380.67,25,285.5,253.04,1000,285.5,32.46,11.37,Card Payment,Processing,6,Website Desktop,,0,0
JO-2023-12670,2023-03-27,07:46:00,March,Q1,Monday,JMC000062,Abuja,Wuse,Groceries,Tomato Paste 400g,Nestle,1,3529.05,0,3529.05,2965.11,1200,3529.05,563.94,15.98,Jumia Pay Wallet,Delivered,6,Mobile App,3.7,0,0
JO-2023-10209,2023-03-28,14:11:00,March,Q1,Tuesday,JMC000873,Kaduna,Zaria,Electronics,Power Bank 20000mAh,JBL,4,437428.57,25,328071.43,239360.92,0,1312285.72,354842.04,27.04,USSD Payment,Delivered,7,Website Desktop,3.2,0,0
JO-2023-11029,2023-03-28,16:27:00,March,Q1,Tuesday,JMC001595,Anambra,Nnewi,Computing,Wireless Mouse,HP,1,819811.52,0,819811.52,714219.8,0,819811.52,105591.72,12.88,Card Payment,Returned,7,Mobile App,,1,0
JO-2023-11419,2023-03-28,10:18:00,March,Q1,Tuesday,JMC000719,Ogun,Ijebu-Ode,Fashion,Men's Polo Shirt,Lagos Styles,1,80779.56,0,80779.56,56367.98,0,80779.56,24411.58,30.22,Bank Transfer,Delivered,3,Mobile App,2.5,0,0
JO-2023-11984,2023-03-28,22:21:00,March,Q1,Tuesday,JMC001253,Lagos,Ikeja,Home & Kitchen,Blender 1.5L,Bosch,1,71931.81,25,53948.86,33076.05,0,53948.86,20872.81,38.69,Card Payment,Delivered,6,Mobile App,3.0,0,0
JO-2023-12059,2023-03-28,12:57:00,March,Q1,Tuesday,JMC001396,Lagos,Victoria Island,Fashion,Sunglasses UV400,H&M,4,12182.53,0,12182.53,6047.41,0,48730.12,24540.48,50.36,Card Payment,Delivered,6,Agent Network,2.9,0,0
JO-2023-12510,2023-03-28,14:57:00,March,Q1,Tuesday,JMC001034,Anambra,Anambra East,Fashion,Sunglasses UV400,Lagos Styles,1,16536.64,0,16536.64,10733.93,0,16536.64,5802.71,35.09,Bank Transfer,Shipped,8,Website Desktop,,0,0
JO-2023-10044,2023-03-29,11:22:00,March,Q1,Wednesday,JMC001528,Lagos,Ikeja,Electronics,Table Lamp LED,Tecno,1,139218.8,0,139218.8,102186.6,0,139218.8,37032.2,26.6,Cash on Delivery,Delivered,6,Mobile App,4.8,0,0
JO-2023-10382,2023-03-29,13:20:00,March,Q1,Wednesday,JMC000796,Lagos,Lagos Island,Fashion,Men's Jeans,Ankara Palace,1,79676.56,0,79676.56,50068.75,0,79676.56,29607.81,37.16,Card Payment,Delivered,6,Website Desktop,3.5,0,0
JO-2023-11531,2023-03-29,15:23:00,March,Q1,Wednesday,JMC001504,Abuja,Maitama,Beauty & Health,Shampoo Anti-Dandruff,Neutrogena,3,20183.59,0,20183.59,11649.97,0,60550.77,25600.86,42.28,Card Payment,Delivered,1,Mobile App,3.3,0,0
JO-2023-11571,2023-03-29,11:17:00,March,Q1,Wednesday,JMC000374,Abuja,Gwarinpa,Fashion,Sneakers Size 42,Ankara Palace,3,69136.83,0,69136.83,37091.91,0,207410.49,96134.76,46.35,Cash on Delivery,Processing,8,Mobile App,,0,0
JO-2023-12504,2023-03-29,23:20:00,March,Q1,Wednesday,JMC000171,Lagos,Ikorodu,Fashion,Men's Jeans,H&M,2,17205.63,0,17205.63,10424.89,0,34411.26,13561.48,39.41,Card Payment,Delivered,3,Agent Network,3.7,0,0
JO-2023-12736,2023-03-29,09:34:00,March,Q1,Wednesday,JMC001505,Kaduna,Zaria,Groceries,Honey Natural 500g,Dangote,1,11220.4,40,6732.24,5622.77,700,6732.24,1109.47,16.48,Cash on Delivery,Delivered,3,WhatsApp Store,3.7,0,0
JO-2023-12851,2023-03-29,14:30:00,March,Q1,Wednesday,JMC000222,Rivers,Eleme,Groceries,Biscuits Assorted,Unilever,1,11159.99,0,11159.99,9335.33,0,11159.99,1824.66,16.35,Card Payment,Processing,3,Website Desktop,,0,0
JO-2023-12883,2023-03-29,07:54:00,March,Q1,Wednesday,JMC000514,Nasarawa,Keffi,Groceries,Tomato Paste 400g,Cadbury,4,532.94,0,532.94,459.34,700,2131.76,294.4,13.81,Cash on Delivery,Delivered,8,Website Desktop,4.0,0,0
JO-2023-11107,2023-03-30,11:08:00,March,Q1,Thursday,JMC000488,Lagos,Lekki,Sports & Outdoor,Football Size 5,Decathlon,1,70301.46,0,70301.46,51678.6,0,70301.46,18622.86,26.49,Cash on Delivery,Delivered,3,Website Desktop,3.5,0,0
JO-2023-11556,2023-03-30,18:33:00,March,Q1,Thursday,JMC000628,Enugu,Enugu South,Electronics,Extension Socket,HP,1,48216.49,50,24108.24,20721.03,0,24108.24,3387.21,14.05,Jumia Pay Wallet,Cancelled,5,Website Desktop,,0,0
JO-2023-12429,2023-03-30,13:05:00,March,Q1,Thursday,JMC000118,Kaduna,Zaria,Beauty & Health,Vitamin C Serum,Olay,2,6907.27,5,6561.91,3328.86,0,13123.82,6466.1,49.27,Cash on Delivery,Delivered,1,Mobile App,4.6,0,0
JO-2023-12467,2023-03-30,10:42:00,March,Q1,Thursday,JMC001245,Enugu,Enugu North,Home & Kitchen,Air Fryer 4L,Nexus,1,16586.42,0,16586.42,12978.87,0,16586.42,3607.55,21.75,Jumia Pay Wallet,Processing,8,Mobile App,,0,0
JO-2023-10226,2023-03-31,12:11:00,March,Q1,Friday,JMC000719,Delta,Warri,Home & Kitchen,Dish Rack,Bosch,1,163217.48,0,163217.48,101700.81,0,163217.48,61516.67,37.69,Cash on Delivery,Delivered,1,Website Desktop,3.3,0,0
JO-2023-10310,2023-03-31,23:21:00,March,Q1,Friday,JMC000918,Lagos,Lekki,Electronics,Phone Charger USB-C,Infinix,1,405823.62,0,405823.62,319099.11,0,405823.62,86724.51,21.37,Jumia Pay Wallet,Delivered,5,Mobile App,4.3,0,0
JO-2023-10575,2023-03-31,07:57:00,March,Q1,Friday,JMC000895,Lagos,Yaba,Home & Kitchen,Cutlery Set 24pcs,Nexus,1,23706.62,25,17779.97,12449.53,,17779.97,5330.44,29.98,Bank Transfer,Shipped,1,Mobile App,,0,0
JO-2023-11529,2023-03-31,14:46:00,March,Q1,Friday,JMC000209,Oyo,Ibadan North,Books & Education,English Grammar,,1,4995.12,0,4995.12,3651.43,1500,4995.12,1343.69,26.9,Cash on Delivery,Delivered,4,WhatsApp Store,3.2,0,0
JO-2023-11604,2023-03-31,16:34:00,March,Q1,Friday,JMC000239,Niger,Bida,Electronics,Table Lamp LED,Samsung,1,329002.23,0,329002.23,273532.45,0,329002.23,55469.78,16.86,Bank Transfer,Delivered,4,Agent Network,4.8,0,0
JO-2023-11966,2023-03-31,21:27:00,March,Q1,Friday,JMC001079,Rivers,Port Harcourt,Groceries,Noodles Instant 70g,Nestle,1,5762.74,0,5762.74,4750.23,2000,5762.74,1012.51,17.57,Card Payment,Delivered,5,Website Desktop,3.6,0,0
JO-2023-12475,2023-03-31,22:09:00,March,Q1,Friday,JMC000711,Niger,Bida,Sports & Outdoor,Football Size 5,Puma,1,90557.17,50,45278.58,27615.41,0,45278.58,17663.17,39.01,Card Payment,Delivered,6,Website Desktop,,0,0
JO-2023-10395,2023-04-01,22:31:00,April,Q2,Saturday,JMC000844,Enugu,Enugu South,Fashion,Men's Polo Shirt,Zara,1,24587.33,0,24587.33,12807.54,0,24587.33,11779.79,47.91,Card Payment,Cancelled,5,Mobile App,,0,0
JO-2023-10425,2023-04-01,14:49:00,April,Q2,Saturday,JMC000844,Abuja,Kubwa,Electronics,Table Lamp LED,Apple,1,129719.15,5,123233.19,95702.9,0,123233.19,27530.29,22.34,Bank Transfer,Delivered,7,Mobile App,4.8,0,0
JO-2023-10580,2023-04-01,21:49:00,April,Q2,Saturday,JMC001481,Imo,Okigwe,Sports & Outdoor,Cycling Helmet,Decathlon,1,40531.9,0,40531.9,23848.97,0,40531.9,16682.93,41.16,Jumia Pay Wallet,Shipped,6,Mobile App,,0,0
JO-2023-10770,2023-04-01,07:35:00,April,Q2,Saturday,JMC001255,Kano,Nassarawa,Electronics,Electric Kettle,Sony,1,196473.38,0,196473.38,161972.65,0,196473.38,34500.73,17.56,Bank Transfer,Delivered,5,Mobile App,5.0,0,0
JO-2023-12091,2023-04-01,22:01:00,April,Q2,Saturday,JMC001389,Cross River,Ogoja,Fashion,Handbag Brown,Zara,1,77498.74,0,77498.74,48157.72,0,77498.74,29341.02,37.86,Bank Transfer,Delivered,1,Mobile App,4.7,0,0
JO-2023-12577,2023-04-01,07:22:00,April,Q2,Saturday,JMC000107,Lagos,Surulere,Groceries,Milk Tin 400g,PZ Cussons,3,779.1,0,779.1,674.0,1000,2337.3,315.3,13.49,Bank Transfer,Delivered,5,Mobile App,3.3,0,0
JO-2023-10676,2023-04-02,10:34:00,April,Q2,Sunday,JMC001220,Rivers,Obio-Akpor,Electronics,Wireless Earbuds,Samsung,5,24052.7,0,24052.7,20668.49,0,120263.5,16921.05,14.07,Cash on Delivery,Delivered,3,Mobile App,3.5,0,0
JO-2023-11005,2023-04-02,08:15:00,April,Q2,Sunday,JMC001580,Edo,Benin City,Computing,Laptop Bag 15inch,Acer,3,780364.25,0,780364.25,636309.01,0,2341092.75,432165.72,18.46,Cash on Delivery,Delivered,4,Website Desktop,3.0,0,0
JO-2023-11728,2023-04-02,15:10:00,April,Q2,Sunday,JMC001094,Rivers,Eleme,Home & Kitchen,Non-stick Frying Pan,Scanfrost,4,4986.73,10,4488.06,2777.21,0,17952.24,6843.4,38.12,Bank Transfer,Delivered,2,WhatsApp Store,2.7,0,0
JO-2023-11836,2023-04-02,07:18:00,April,Q2,Sunday,JMC000918,Kano,Nassarawa,Groceries,Milk Tin 400g,PZ Cussons,1,9788.11,0,9788.11,8588.09,700,9788.11,1200.02,12.26,Cash on Delivery,Delivered,5,Mobile App,3.9,0,0
JO-2023-12038,2023-04-02,08:55:00,April,Q2,Sunday,JMC000240,Kaduna,Kaduna South,Fashion,Baseball Cap,H&M,1,72707.71,40,43624.63,29237.23,0,43624.63,14387.4,32.98,Card Payment,Delivered,5,Website Desktop,,0,0
JO-2023-12128,2023-04-02,14:10:00,April,Q2,Sunday,JMC001185,Abuja,Wuse,Sports & Outdoor,Resistance Bands Set,Spalding,1,84492.44,0,84492.44,62515.96,0,84492.44,21976.48,26.01,Bank Transfer,Delivered,2,Mobile App,3.5,0,0
JO-2023-12951,2023-04-02,08:03:00,April,Q2,Sunday,JMC001126,Lagos,Lagos Island,Books & Education,WAEC Past Questions,Oxford,3,12147.1,0,12147.1,7380.58,0,36441.3,14299.56,39.24,Card Payment,Returned,1,WhatsApp Store,,1,0
JO-2023-12986,2023-04-02,15:32:00,April,Q2,Sunday,JMC001180,Kaduna,Kaduna North,Electronics,Table Lamp LED,Lenovo,1,311756.14,0,311756.14,236030.57,0,311756.14,75725.57,24.29,Card Payment,Delivered,4,Mobile App,3.3,0,0
JO-2023-10088,2023-04-03,11:53:00,April,Q2,Monday,JMC000505,Lagos,Surulere,Electronics,Smart TV 43inch,Apple,2,400749.76,0,400749.76,341398.72,0,801499.52,118702.08,14.81,Jumia Pay Wallet,Delivered,3,USSD,4.0,0,0
JO-2023-10368,2023-04-03,16:58:00,April,Q2,Monday,JMC000651,Oyo,Ibadan North,Fashion,Baseball Cap,H&M,1,54575.8,0,54575.8,30234.99,0,54575.8,24340.81,44.6,Jumia Pay Wallet,Processing,6,Mobile App,,0,0
JO-2023-10612,2023-04-03,12:23:00,April,Q2,Monday,JMC001289,Oyo,Ogbomoso,Groceries,Tin Tomato Carton,Cadbury,2,22877.24,0,22877.24,19452.52,0,45754.48,6849.44,14.97,Jumia Pay Wallet,Shipped,7,Mobile App,,0,0
JO-2023-10780,2023-04-03,23:32:00,April,Q2,Monday,JMC000672,Oyo,Ogbomoso,Fashion,Sneakers Size 42,Lagos Styles,1,16843.17,0,16843.17,7874.18,0,16843.17,8968.99,53.25,Card Payment,Shipped,4,USSD,,0,0
JO-2023-10901,2023-04-03,20:06:00,April,Q2,Monday,JMC001011,Enugu,Enugu South,Sports & Outdoor,Tennis Racket,Puma,1,41174.56,0,41174.56,27788.71,0,41174.56,13385.85,32.51,Jumia Pay Wallet,Delivered,2,Website Desktop,4.8,0,0
JO-2023-11115,2023-04-03,23:29:00,April,Q2,Monday,JMC000661,Nasarawa,Lafia,Sports & Outdoor,Running Shoes,Decathlon,1,10954.62,0,10954.62,6930.99,0,10954.62,4023.63,36.73,Jumia Pay Wallet,Cancelled,7,Mobile App,,0,0
JO-2023-11323,2023-04-03,14:06:00,April,Q2,Monday,JMC000914,Bauchi,Bauchi City,Electronics,Smart Watch,Lenovo,1,112477.37,25,84358.03,61885.05,0,84358.03,22472.98,26.64,Jumia Pay Wallet,Processing,3,Website Desktop,,0,0
JO-2023-11490,2023-04-03,07:35:00,April,Q2,Monday,JMC000406,Benue,Katsina-Ala,Electronics,Extension Socket,Samsung,1,105722.45,15,89864.08,72187.82,0,89864.08,17676.26,19.67,USSD Payment,Delivered,1,Website Desktop,3.2,0,0
JO-2023-11578,2023-04-03,09:30:00,April,Q2,Monday,JMC000037,Kwara,Omu-Aran,Fashion,Baseball Cap,Ankara Palace,1,72940.28,30,51058.2,33448.23,0,51058.2,17609.97,34.49,Card Payment,Delivered,8,Agent Network,4.5,0,0
JO-2023-10369,2023-04-04,17:14:00,April,Q2,Tuesday,JMC000480,Edo,Ikpoba-Okha,Home & Kitchen,Dish Rack,Scanfrost,1,17381.1,50,8690.55,5895.67,2000,8690.55,2794.88,32.16,Cash on Delivery,Processing,8,Website Desktop,,0,0
JO-2023-10757,2023-04-04,22:29:00,April,Q2,Tuesday,JMC001383,Niger,Minna,Electronics,Bluetooth Speaker,HP,1,225957.5,0,225957.5,175568.98,0,225957.5,50388.52,22.3,Cash on Delivery,Returned,5,Mobile App,,1,0
JO-2023-10934,2023-04-04,23:06:00,April,Q2,Tuesday,JMC000918,Kano,Kano City,Beauty & Health,Vitamin C Serum,Black Seed,2,27146.08,0,27146.08,16966.3,0,54292.16,20359.56,37.5,Bank Transfer,Shipped,2,Website Desktop,,0,0
JO-2023-10939,2023-04-04,22:02:00,April,Q2,Tuesday,JMC000826,Edo,Ikpoba-Okha,Electronics,Table Lamp LED,HP,3,445837.43,20,356669.94,268964.8,0,1070009.82,263115.42,24.59,Bank Transfer,Delivered,2,Mobile App,3.0,0,0
JO-2023-11373,2023-04-04,17:24:00,April,Q2,Tuesday,JMC000746,Oyo,Oyo,Beauty & Health,Shampoo Anti-Dandruff,Olay,2,11182.96,0,11182.96,6700.83,0,22365.92,8964.26,40.08,Jumia Pay Wallet,Delivered,8,Mobile App,3.1,0,0
JO-2023-11798,2023-04-04,13:03:00,April,Q2,Tuesday,JMC000427,Plateau,Barkin Ladi,Home & Kitchen,Kitchen Towel Set,Philips,1,43671.02,40,26202.61,17112.92,0,26202.61,9089.69,34.69,Bank Transfer,Shipped,6,Website Desktop,,0,0
JO-2023-12073,2023-04-04,08:12:00,April,Q2,Tuesday,JMC001267,Anambra,Nnewi,Electronics,Smart TV 43inch,Samsung,3,236816.76,50,118408.38,92358.54,0,355225.14,78149.52,22.0,Card Payment,Delivered,4,Website Desktop,3.0,0,0
JO-2023-12228,2023-04-04,20:18:00,April,Q2,Tuesday,JMC000278,Bauchi,Misau,Sports & Outdoor,Basketball Outdoor,Under Armour,1,9681.32,0,9681.32,7304.56,2000,9681.32,2376.76,24.55,Card Payment,Delivered,3,Mobile App,2.5,0,0
JO-2023-12337,2023-04-04,17:22:00,April,Q2,Tuesday,JMC001583,Kaduna,Zaria,Books & Education,English Grammar,Amazon KDP,2,16043.52,0,16043.52,8864.04,0,32087.04,14358.96,44.75,Card Payment,Delivered,2,Mobile App,4.5,0,0
JO-2023-12357,2023-04-04,21:22:00,April,Q2,Tuesday,JMC000710,Imo,Okigwe,Electronics,Smart Watch,Sony,1,270248.98,0,270248.98,229630.56,0,270248.98,40618.42,15.03,Bank Transfer,Delivered,4,Mobile App,2.8,0,0
JO-2023-12515,2023-04-04,18:17:00,April,Q2,Tuesday,JMC000461,Abuja,Gwarinpa,Fashion,Women's Ankara Gown,Lagos Styles,4,15819.44,0,15819.44,10893.27,0,63277.76,19704.68,31.14,Bank Transfer,Delivered,7,Mobile App,3.8,0,0
JO-2023-12696,2023-04-04,17:48:00,April,Q2,Tuesday,JMC000385,Abuja,Garki,Beauty & Health,Shampoo Anti-Dandruff,Dove,1,19482.51,0,19482.51,8190.45,0,19482.51,11292.06,57.96,Bank Transfer,Cancelled,7,USSD,,0,0
JO-2023-12712,2023-04-04,18:11:00,April,Q2,Tuesday,JMC001528,Bauchi,Misau,Fashion,Sunglasses UV400,Lagos Styles,1,69055.47,0,69055.47,37987.41,0,69055.47,31068.06,44.99,Card Payment,Returned,5,USSD,,1,0
JO-2023-12932,2023-04-04,23:04:00,April,Q2,Tuesday,JMC000189,Lagos,Victoria Island,Beauty & Health,Manicure Kit,Dove,1,20758.37,0,20758.37,11894.55,0,20758.37,8863.82,42.7,Jumia Pay Wallet,Delivered,4,Mobile App,2.9,0,0
JO-2023-12962,2023-04-04,11:03:00,April,Q2,Tuesday,JMC000868,Niger,Minna,Sports & Outdoor,Basketball Outdoor,Decathlon,1,56898.78,0,56898.78,34127.89,,56898.78,22770.89,40.02,Card Payment,Delivered,7,WhatsApp Store,4.4,0,0
JO-2023-10252,2023-04-05,18:00:00,April,Q2,Wednesday,JMC001040,Kano,Gwale,Home & Kitchen,Pressure Cooker 5L,Nasco,1,93131.68,0,93131.68,58468.07,0,93131.68,34663.61,37.22,Bank Transfer,Delivered,4,Agent Network,4.0,0,0
JO-2023-10390,2023-04-05,10:34:00,April,Q2,Wednesday,JMC000493,Lagos,Yaba,Electronics,Electric Kettle,Lenovo,1,446672.41,0,446672.41,375249.49,0,446672.41,71422.92,15.99,Cash on Delivery,Delivered,1,Website Desktop,4.4,0,0
JO-2023-11230,2023-04-05,16:39:00,April,Q2,Wednesday,JMC000745,Niger,Bida,Sports & Outdoor,Jump Rope,Decathlon,2,59472.08,5,56498.48,34594.02,0,112996.96,43808.92,38.77,Bank Transfer,Delivered,2,Agent Network,4.2,0,0
JO-2023-11464,2023-04-05,23:04:00,April,Q2,Wednesday,JMC001312,Lagos,Lagos Island,Beauty & Health,Beard Oil 50ml,Neutrogena,3,5588.41,0,5588.41,3419.55,0,16765.23,6506.58,38.81,Cash on Delivery,Delivered,1,Website Desktop,3.5,0,0
JO-2023-11483,2023-04-05,12:55:00,April,Q2,Wednesday,JMC000238,Oyo,Ibadan South,Books & Education,Business Management,Kachifo,3,6514.28,20,5211.42,3202.42,0,15634.26,6027.0,38.55,Jumia Pay Wallet,Delivered,1,Mobile App,,0,0
JO-2023-11872,2023-04-05,17:59:00,April,Q2,Wednesday,JMC001060,Kaduna,Chikun,Beauty & Health,Manicure Kit,Black Seed,2,1643.06,0,1643.06,1040.71,700,3286.12,1204.7,36.66,Card Payment,Delivered,8,Agent Network,4.2,0,0
JO-2023-12293,2023-04-05,14:46:00,April,Q2,Wednesday,JMC000692,Enugu,Enugu South,Fashion,Baseball Cap,Zara,2,53105.02,0,53105.02,35713.13,0,106210.04,34783.78,32.75,Card Payment,Delivered,5,Agent Network,3.5,0,0
JO-2023-10670,2023-04-06,11:07:00,April,Q2,Thursday,JMC000282,Abuja,Kubwa,Home & Kitchen,Kitchen Towel Set,Binatone,1,84276.26,5,80062.45,55395.21,0,80062.45,24667.24,30.81,Cash on Delivery,Delivered,5,Mobile App,,0,0
JO-2023-10929,2023-04-06,17:19:00,April,Q2,Thursday,JMC001030,Lagos,Surulere,Fashion,Baseball Cap,Nike,1,31566.18,40,18939.71,10216.08,0,18939.71,8723.63,46.06,Cash on Delivery,Delivered,8,Mobile App,4.7,0,0
JO-2023-12088,2023-04-06,08:08:00,April,Q2,Thursday,JMC000140,Oyo,Ibadan South,Groceries,Spaghetti 500g,Cadbury,1,3064.3,0,3064.3,2766.76,1000,3064.3,297.54,9.71,Card Payment,Delivered,3,Mobile App,3.7,0,0
JO-2023-12576,2023-04-06,23:04:00,April,Q2,Thursday,JMC001199,Lagos,Yaba,Home & Kitchen,Pressure Cooker 5L,Nexus,2,111747.37,0,111747.37,89174.4,0,223494.74,45145.94,20.2,Jumia Pay Wallet,Delivered,5,Website Desktop,4.3,0,0
JO-2023-12881,2023-04-06,12:27:00,April,Q2,Thursday,JMC000617,Anambra,Awka,Home & Kitchen,Non-stick Frying Pan,Nexus,3,81266.88,0,81266.88,58520.28,0,243800.64,68239.8,27.99,Jumia Pay Wallet,Delivered,8,Agent Network,3.9,0,0
JO-2023-10405,2023-04-07,17:49:00,April,Q2,Friday,JMC000168,Lagos,Agege,Beauty & Health,Shampoo Anti-Dandruff,Nivea,1,34434.71,0,34434.71,20777.9,0,34434.71,13656.81,39.66,Jumia Pay Wallet,Returned,6,Mobile App,,1,0
JO-2023-10625,2023-04-07,21:01:00,April,Q2,Friday,JMC001220,Abuja,Gwarinpa,Fashion,Women's Heels,Lagos Styles,2,27488.47,0,27488.47,17815.28,0,54976.94,19346.38,35.19,USSD Payment,Delivered,5,Mobile App,3.3,0,0
JO-2023-10710,2023-04-07,10:24:00,April,Q2,Friday,JMC001540,Imo,Owerri,Sports & Outdoor,Dumbbell 5kg pair,Spalding,1,30671.77,30,21470.24,13914.86,0,21470.24,7555.38,35.19,Cash on Delivery,Cancelled,7,Agent Network,,0,0
JO-2023-10883,2023-04-07,11:47:00,April,Q2,Friday,JMC001135,Rivers,Oyigbo,Computing,Monitor 24inch,Acer,2,342004.56,0,342004.56,307667.3,0,684009.12,68674.52,10.04,Card Payment,Delivered,7,Agent Network,4.3,0,0
JO-2023-11143,2023-04-07,22:14:00,April,Q2,Friday,JMC001570,Edo,Benin City,Fashion,Sneakers Size 42,Ankara Palace,3,14118.28,0,14118.28,9438.07,0,42354.84,14040.63,33.15,Bank Transfer,Delivered,3,Website Desktop,3.7,0,0
JO-2023-11452,2023-04-07,22:44:00,April,Q2,Friday,JMC000333,Delta,Uvwie,Groceries,Biscuits Assorted,Cadbury,1,4900.3,0,4900.3,4025.11,1500,4900.3,875.19,17.86,Jumia Pay Wallet,Delivered,6,Mobile App,4.5,0,0
JO-2023-12853,2023-04-07,10:42:00,April,Q2,Friday,JMC001402,Ondo,Ondo City,Electronics,Phone Charger USB-C,Samsung,1,435721.01,0,435721.01,378685.13,0,435721.01,57035.88,13.09,Cash on Delivery,Delivered,6,USSD,3.6,0,0
JO-2023-10596,2023-04-08,16:38:00,April,Q2,Saturday,JMC000325,Delta,Oshimili,Fashion,Men's Polo Shirt,Lagos Styles,4,51614.88,0,51614.88,32661.9,0,206459.52,75811.92,36.72,Bank Transfer,Delivered,1,Agent Network,,0,0
JO-2023-11200,2023-04-08,19:37:00,April,Q2,Saturday,JMC000108,Delta,Warri,Computing,Laptop Bag 15inch,Asus,2,657206.59,0,657206.59,575910.13,0,1314413.18,162592.92,12.37,Jumia Pay Wallet,Delivered,3,Website Desktop,2.6,0,0
JO-2023-11455,2023-04-08,22:13:00,April,Q2,Saturday,JMC000854,Oyo,Ibadan South,Home & Kitchen,Coffee Maker,Philips,2,74398.58,0,74398.58,55545.98,0,148797.16,37705.2,25.34,USSD Payment,Delivered,3,Agent Network,3.7,0,0
JO-2023-11599,2023-04-08,14:21:00,April,Q2,Saturday,JMC001151,Kano,Tarauni,Home & Kitchen,Kitchen Towel Set,Nexus,2,176282.9,0,176282.9,119290.64,0,352565.8,113984.52,32.33,Jumia Pay Wallet,Delivered,3,Mobile App,4.2,0,0
JO-2023-11893,2023-04-08,19:18:00,April,Q2,Saturday,JMC001312,Enugu,Enugu North,Books & Education,English Grammar,Pearson,2,12690.83,,12690.83,9193.24,0,25381.66,6995.18,27.56,Bank Transfer,Delivered,7,Website Desktop,3.8,0,0
JO-2023-10061,2023-04-09,15:19:00,April,Q2,Sunday,JMC001265,Lagos,Surulere,Computing,External SSD 1TB,Microsoft,4,484466.75,30,339126.72,294701.12,0,1356506.88,177702.4,13.1,Jumia Pay Wallet,Delivered,2,Mobile App,2.9,0,0
JO-2023-10178,2023-04-09,15:52:00,April,Q2,Sunday,JMC000895,Ondo,Ikare,Electronics,Desk Fan,Infinix,1,66551.43,40,39930.86,29944.15,0,39930.86,9986.71,25.01,Card Payment,Delivered,2,Agent Network,3.8,0,0
JO-2023-10749,2023-04-09,09:53:00,April,Q2,Sunday,JMC000297,Oyo,Ogbomoso,Sports & Outdoor,Dumbbell 5kg pair,Decathlon,1,94057.06,0,94057.06,69291.84,0,94057.06,24765.22,26.33,Jumia Pay Wallet,Delivered,6,Agent Network,4.8,0,0
JO-2023-10890,2023-04-09,18:43:00,April,Q2,Sunday,JMC000418,Niger,Bida,Groceries,Sugar 1kg,Unilever,1,13041.58,0,13041.58,11785.68,0,13041.58,1255.9,9.63,Card Payment,Delivered,1,Website Desktop,3.2,0,0
JO-2023-11481,2023-04-09,15:42:00,April,Q2,Sunday,JMC001202,Abuja,Kubwa,Electronics,Phone Charger USB-C,Tecno,1,192016.74,0,192016.74,138328.86,0,192016.74,53687.88,27.96,Card Payment,Returned,1,Mobile App,,1,0
JO-2023-11957,2023-04-09,12:33:00,April,Q2,Sunday,JMC000152,Lagos,Surulere,Home & Kitchen,Kitchen Towel Set,Bosch,1,85288.32,0,85288.32,66746.64,0,85288.32,18541.68,21.74,Bank Transfer,Processing,8,Mobile App,,0,0
JO-2023-12094,2023-04-09,08:57:00,April,Q2,Sunday,JMC000662,Lagos,Lagos Island,Electronics,Table Lamp LED,HP,1,441794.58,0,441794.58,353656.56,0,441794.58,88138.02,19.95,Cash on Delivery,Delivered,5,Mobile App,3.6,0,0
JO-2023-12182,2023-04-09,22:20:00,April,Q2,Sunday,JMC001441,Niger,Bida,Home & Kitchen,Kitchen Towel Set,Binatone,1,52152.07,0,52152.07,36157.03,,52152.07,15995.04,30.67,Jumia Pay Wallet,Delivered,4,Mobile App,3.4,0,0
JO-2023-12383,2023-04-09,11:59:00,April,Q2,Sunday,JMC000200,Lagos,Surulere,Fashion,Sunglasses UV400,Ankara Palace,1,53266.08,10,47939.47,28231.55,0,47939.47,19707.92,41.11,Jumia Pay Wallet,Delivered,5,Mobile App,4.3,0,0
JO-2023-10210,2023-04-10,22:06:00,April,Q2,Monday,JMC001051,Abuja,Maitama,Electronics,Electric Kettle,JBL,5,367294.6,0,367294.6,287040.73,0,1836473.0,401269.35,21.85,Jumia Pay Wallet,Delivered,6,Mobile App,3.0,0,0
JO-2023-10794,2023-04-10,17:50:00,April,Q2,Monday,JMC001508,Abuja,Kubwa,Beauty & Health,Moisturising Lotion 400ml,Black Seed,1,26500.96,0,26500.96,10613.63,0,26500.96,15887.33,59.95,Jumia Pay Wallet,Delivered,5,Mobile App,4.1,0,0
JO-2023-10902,2023-04-10,09:21:00,April,Q2,Monday,JMC001325,Lagos,Lekki,Fashion,Men's Polo Shirt,Lagos Styles,5,2293.87,0,2293.87,1470.6,0,11469.35,4116.35,35.89,Card Payment,Shipped,3,WhatsApp Store,,0,0
JO-2023-11394,2023-04-10,19:38:00,April,Q2,Monday,JMC000889,Ondo,Akure,Groceries,Tomato Paste 400g,PZ Cussons,2,2177.36,0,2177.36,1973.12,1500,4354.72,408.48,9.38,Bank Transfer,Shipped,4,Mobile App,,0,0
JO-2023-11544,2023-04-10,12:38:00,April,Q2,Monday,JMC000401,Anambra,Onitsha,Beauty & Health,Manicure Kit,Black Seed,1,23160.92,0,23160.92,13067.39,0,23160.92,10093.53,43.58,Cash on Delivery,Delivered,5,Mobile App,4.0,0,0
JO-2023-12084,2023-04-10,12:26:00,April,Q2,Monday,JMC001288,Kano,Gwale,Fashion,Wristwatch Classic,Lagos Styles,1,13930.49,25,10447.87,7033.51,0,10447.87,3414.36,32.68,Card Payment,Delivered,2,Mobile App,4.4,0,0
JO-2023-12906,2023-04-10,23:44:00,April,Q2,Monday,JMC000466,Anambra,Anambra East,Home & Kitchen,Kitchen Towel Set,Nexus,1,108427.52,40,65056.51,39912.17,0,65056.51,25144.34,38.65,Jumia Pay Wallet,Processing,1,Website Desktop,,0,0
JO-2023-10539,2023-04-11,23:13:00,April,Q2,Tuesday,JMC001169,Abuja,Wuse,Groceries,Milk Tin 400g,PZ Cussons,1,17388.54,0,17388.54,14588.99,0,17388.54,2799.55,16.1,Bank Transfer,Returned,7,Website Desktop,,1,0
JO-2023-10645,2023-04-11,21:25:00,April,Q2,Tuesday,JMC001043,Kwara,Ilorin,Fashion,Handbag Brown,H&M,1,18250.67,25,13688.0,9139.48,,13688.0,4548.52,33.23,Card Payment,Shipped,1,Mobile App,,0,0
JO-2023-11826,2023-04-11,21:05:00,April,Q2,Tuesday,JMC001517,Delta,Ethiope East,Electronics,Electric Kettle,Sony,3,150744.77,0,150744.77,111837.54,0,452234.31,116721.69,25.81,Bank Transfer,Delivered,3,Website Desktop,3.1,0,0
JO-2023-11863,2023-04-11,20:40:00,April,Q2,Tuesday,JMC001507,Lagos,Lagos Island,Computing,Printer Ink Cartridge,Acer,5,353711.65,0,353711.65,311478.48,0,1768558.25,211165.85,11.94,Bank Transfer,Delivered,2,Mobile App,2.7,0,0
JO-2023-11956,2023-04-11,21:24:00,April,Q2,Tuesday,JMC000777,Ogun,Abeokuta,Home & Kitchen,Kitchen Towel Set,Bosch,1,59279.11,10,53351.2,37095.09,0,53351.2,16256.11,30.47,Card Payment,Cancelled,7,Mobile App,,0,0
JO-2023-12027,2023-04-11,09:56:00,April,Q2,Tuesday,JMC000015,Kaduna,Zaria,Beauty & Health,Body Scrub,Olay,3,8835.9,0,8835.9,4182.92,0,26507.7,13958.94,52.66,Jumia Pay Wallet,Shipped,3,Agent Network,,0,0
JO-2023-12526,2023-04-11,07:47:00,April,Q2,Tuesday,JMC001008,Edo,Ikpoba-Okha,Electronics,Desk Fan,HP,1,10278.97,0,10278.97,7510.84,0,10278.97,2768.13,26.93,Card Payment,Delivered,4,Mobile App,3.3,0,0
JO-2023-12585,2023-04-11,17:06:00,April,Q2,Tuesday,JMC001265,Kwara,Omu-Aran,Groceries,Rice 5kg Bag,Cadbury,1,14217.9,0,14217.9,12562.94,0,14217.9,1654.96,11.64,Card Payment,Delivered,3,USSD,2.7,0,0
JO-2023-10160,2023-04-12,08:54:00,April,Q2,Wednesday,JMC000843,Lagos,Yaba,Beauty & Health,Face Mask Set,Black Seed,1,27205.0,0,27205.0,12965.9,0,27205.0,14239.1,52.34,Jumia Pay Wallet,Cancelled,5,Agent Network,,0,0
JO-2023-10398,2023-04-12,15:02:00,April,Q2,Wednesday,JMC000742,Kaduna,Kaduna North,Electronics,Extension Socket,Lenovo,4,396430.29,40,237858.17,184601.73,0,951432.68,213025.76,22.39,Bank Transfer,Shipped,8,Mobile App,,0,0
JO-2023-10582,2023-04-12,21:48:00,April,Q2,Wednesday,JMC001001,Enugu,Nkanu,Electronics,Extension Socket,Tecno,2,151453.33,5,143880.66,121694.26,0,287761.32,44372.8,15.42,Card Payment,Delivered,2,Agent Network,4.8,0,0
JO-2023-10704,2023-04-12,19:37:00,April,Q2,Wednesday,JMC000895,Kwara,Patigi,Computing,External SSD 1TB,Dell,2,678844.34,0,678844.34,607972.99,0,1357688.68,141742.7,10.44,Cash on Delivery,Delivered,5,Mobile App,4.2,0,0
JO-2023-10765,2023-04-12,14:47:00,April,Q2,Wednesday,JMC000598,Lagos,Lagos Island,Fashion,Baseball Cap,Ankara Palace,1,20452.65,0,20452.65,11627.33,,20452.65,8825.32,43.15,Cash on Delivery,Delivered,8,Agent Network,3.0,0,0
JO-2023-11628,2023-04-12,08:45:00,April,Q2,Wednesday,JMC000387,Benue,Gboko,Fashion,Sneakers Size 42,H&M,2,48136.57,0,48136.57,23707.26,0,96273.14,48858.62,50.75,Jumia Pay Wallet,Delivered,4,Mobile App,3.3,0,0
JO-2023-11795,2023-04-12,12:39:00,April,Q2,Wednesday,JMC000820,Lagos,Yaba,Beauty & Health,Shampoo Anti-Dandruff,L'Oreal,1,2931.47,0,2931.47,1447.27,1000,2931.47,1484.2,50.63,Bank Transfer,Shipped,3,Mobile App,,0,0
JO-2023-11962,2023-04-12,13:09:00,April,Q2,Wednesday,JMC000082,Lagos,Yaba,Sports & Outdoor,Dumbbell 5kg pair,Decathlon,1,21599.18,50,10799.59,7754.11,0,10799.59,3045.48,28.2,Jumia Pay Wallet,Delivered,6,Mobile App,3.6,0,0
JO-2023-12875,2023-04-12,14:18:00,April,Q2,Wednesday,JMC001467,Enugu,Enugu North,Home & Kitchen,Non-stick Frying Pan,Binatone,2,119699.15,50,59849.57,40913.17,0,119699.14,37872.8,31.64,Jumia Pay Wallet,Delivered,8,Agent Network,3.3,0,0
JO-2023-10684,2023-04-13,19:31:00,April,Q2,Thursday,JMC001160,Rivers,Eleme,Electronics,Wireless Earbuds,Lenovo,1,27895.93,0,27895.93,22913.72,0,27895.93,4982.21,17.86,Bank Transfer,Shipped,5,Mobile App,,0,0
JO-2023-11551,2023-04-13,17:53:00,April,Q2,Thursday,JMC000402,Anambra,Awka,Home & Kitchen,Blender 1.5L,Nexus,1,92541.39,0,92541.39,62104.53,0,92541.39,30436.86,32.89,Bank Transfer,Delivered,3,Mobile App,4.7,0,0
JO-2023-11901,2023-04-13,13:25:00,April,Q2,Thursday,JMC000416,Kano,Nassarawa,Computing,Printer Ink Cartridge,Asus,1,334393.24,0,334393.24,296840.88,0,334393.24,37552.36,11.23,Bank Transfer,Shipped,8,WhatsApp Store,,0,0
JO-2023-12047,2023-04-13,11:41:00,April,Q2,Thursday,JMC000185,Rivers,Obio-Akpor,Fashion,Sunglasses UV400,Nike,2,64148.36,0,64148.36,35756.3,0,128296.72,56784.12,44.26,Card Payment,Shipped,8,Agent Network,,0,0
JO-2023-12471,2023-04-13,22:55:00,April,Q2,Thursday,JMC001288,Enugu,Udi,Electronics,Desk Fan,Samsung,1,399532.48,0,399532.48,314511.97,,399532.48,85020.51,21.28,Cash on Delivery,Delivered,1,Website Desktop,2.6,0,0
JO-2023-12495,2023-04-13,22:51:00,April,Q2,Thursday,JMC001361,Lagos,Lagos Island,Fashion,Men's Polo Shirt,Zara,1,34317.13,0,34317.13,20604.0,0,34317.13,13713.13,39.96,Card Payment,Delivered,4,USSD,4.8,0,0
JO-2023-10114,2023-04-14,16:08:00,April,Q2,Friday,JMC000615,Enugu,Enugu South,Sports & Outdoor,Football Size 5,Under Armour,2,66311.83,30,46418.28,34966.89,0,92836.56,22902.78,24.67,Card Payment,Delivered,3,Website Desktop,2.8,0,0
JO-2023-10268,2023-04-14,11:28:00,April,Q2,Friday,JMC001249,Abuja,Maitama,Beauty & Health,Hair Relaxer Kit,Neutrogena,1,5884.75,20,4707.8,3040.3,700,4707.8,1667.5,35.42,Jumia Pay Wallet,Delivered,1,USSD,4.8,0,0
JO-2023-10988,2023-04-14,08:45:00,April,Q2,Friday,JMC000102,Lagos,Victoria Island,Groceries,Honey Natural 500g,PZ Cussons,1,23303.6,0,23303.6,20882.36,0,23303.6,2421.24,10.39,Cash on Delivery,Shipped,3,Website Desktop,,0,0
JO-2023-11959,2023-04-14,07:16:00,April,Q2,Friday,JMC001380,Kano,Gwale,Electronics,Smart TV 43inch,Tecno,1,163643.68,0,163643.68,125858.35,0,163643.68,37785.33,23.09,Jumia Pay Wallet,Delivered,1,Mobile App,3.8,0,0
JO-2023-12362,2023-04-14,10:58:00,April,Q2,Friday,JMC001482,Delta,Ethiope East,Computing,Laptop Bag 15inch,Dell,4,668199.69,30,467739.78,404314.27,0,1870959.12,253702.04,13.56,Card Payment,Delivered,3,Website Desktop,4.5,0,0
JO-2023-10072,2023-04-15,22:50:00,April,Q2,Saturday,JMC000854,Abuja,Wuse,Electronics,Smart TV 43inch,Samsung,1,182500.86,0,182500.86,143847.18,0,182500.86,38653.68,21.18,Card Payment,Delivered,7,Mobile App,4.8,0,0
JO-2023-10529,2023-04-15,15:17:00,April,Q2,Saturday,JMC000414,Abuja,Asokoro,Beauty & Health,Beard Oil 50ml,Neutrogena,1,5301.9,0,5301.9,2854.01,1200,5301.9,2447.89,46.17,Cash on Delivery,Delivered,3,Mobile App,4.6,0,0
JO-2023-10535,2023-04-15,14:34:00,April,Q2,Saturday,JMC000846,Lagos,Agege,Electronics,Table Lamp LED,Infinix,1,111718.96,40,67031.38,55253.97,0,67031.38,11777.41,17.57,Card Payment,Delivered,6,Website Desktop,2.6,0,0
JO-2023-10615,2023-04-15,21:42:00,April,Q2,Saturday,JMC001497,Kaduna,Chikun,Electronics,Desk Fan,Infinix,1,415798.64,0,415798.64,333886.31,0,415798.64,81912.33,19.7,Bank Transfer,Delivered,4,Website Desktop,2.9,0,0
JO-2023-11072,2023-04-15,13:02:00,April,Q2,Saturday,JMC001449,Ondo,Owo,Sports & Outdoor,Dumbbell 5kg pair,Wilson,1,44344.58,0,44344.58,27493.64,0,44344.58,16850.94,38.0,Bank Transfer,Shipped,7,Website Desktop,,0,0
JO-2023-11085,2023-04-15,19:51:00,April,Q2,Saturday,JMC000561,Abuja,Asokoro,Fashion,Women's Ankara Gown,Lagos Styles,5,44187.02,0,44187.02,30886.73,0,220935.1,66501.45,30.1,Bank Transfer,Delivered,6,Website Desktop,4.4,0,0
JO-2023-11139,2023-04-15,21:02:00,April,Q2,Saturday,JMC000931,Lagos,Ikeja,Beauty & Health,Moisturising Lotion 400ml,Neutrogena,4,18022.62,0,18022.62,10278.3,0,72090.48,30977.28,42.97,Bank Transfer,Returned,6,Mobile App,,1,0
JO-2023-11298,2023-04-15,17:57:00,April,Q2,Saturday,JMC000844,Kaduna,Zaria,Sports & Outdoor,Jump Rope,Spalding,1,38320.76,0,38320.76,25655.75,0,38320.76,12665.01,33.05,Card Payment,Delivered,7,Website Desktop,3.5,0,0
JO-2023-12002,2023-04-15,23:07:00,April,Q2,Saturday,JMC000297,Kano,Tarauni,Beauty & Health,Body Scrub,Dove,1,10561.96,0,10561.96,6859.99,0,10561.96,3701.97,35.05,Cash on Delivery,Delivered,2,Website Desktop,4.7,0,0
JO-2023-12064,2023-04-15,19:36:00,April,Q2,Saturday,JMC000624,Lagos,Ikeja,Books & Education,Law Reports,Amazon KDP,1,7261.94,0,7261.94,4976.61,2000,7261.94,2285.33,31.47,Bank Transfer,Delivered,1,Website Desktop,3.2,0,0
JO-2023-12660,2023-04-15,17:48:00,April,Q2,Saturday,JMC000875,Plateau,Jos,Home & Kitchen,Coffee Maker,Binatone,2,30696.25,0,30696.25,22755.13,0,61392.5,15882.24,25.87,Cash on Delivery,Delivered,1,Agent Network,4.0,0,0
JO-2023-10973,2023-04-16,16:30:00,April,Q2,Sunday,JMC000362,Kano,Kano City,Books & Education,Atlas of Nigeria,Farafina,2,2477.58,0,2477.58,1390.67,1200,4955.16,2173.82,43.87,Card Payment,Processing,7,Website Desktop,,0,0
JO-2023-10981,2023-04-16,10:38:00,April,Q2,Sunday,JMC000875,Kano,Nassarawa,Home & Kitchen,Cutlery Set 24pcs,Binatone,2,134344.21,0,134344.21,104277.98,0,268688.42,60132.46,22.38,Jumia Pay Wallet,Delivered,8,WhatsApp Store,4.8,0,0
JO-2023-11138,2023-04-16,08:13:00,April,Q2,Sunday,JMC001264,Cross River,Calabar,Fashion,Sneakers Size 42,H&M,2,67234.19,0,67234.19,37832.68,0,134468.38,58803.02,43.73,Cash on Delivery,Cancelled,6,Mobile App,,0,0
JO-2023-11638,2023-04-16,19:50:00,April,Q2,Sunday,JMC000796,Lagos,Ikeja,Books & Education,Finance Fundamentals,Amazon KDP,2,14344.2,0,14344.2,8500.37,0,28688.4,11687.66,40.74,Jumia Pay Wallet,Delivered,2,Website Desktop,4.9,0,0
JO-2023-11761,2023-04-16,12:41:00,April,Q2,Sunday,JMC001378,Nasarawa,Nasarawa,Fashion,Baseball Cap,Zara,1,26020.01,0,26020.01,15536.55,0,26020.01,10483.46,40.29,Bank Transfer,Cancelled,1,Website Desktop,,0,0
JO-2023-12148,2023-04-16,17:32:00,April,Q2,Sunday,JMC000100,Lagos,Yaba,Fashion,Women's Ankara Gown,Zara,4,45273.21,0,45273.21,27512.53,0,181092.84,71042.72,39.23,Bank Transfer,Delivered,5,Agent Network,3.4,0,0
JO-2023-12481,2023-04-16,14:20:00,April,Q2,Sunday,JMC000728,Enugu,Udi,Sports & Outdoor,Tennis Racket,Under Armour,4,30578.62,0,30578.62,21524.29,0,122314.48,36217.32,29.61,Card Payment,Shipped,3,Mobile App,,0,0
JO-2023-12521,2023-04-16,08:34:00,April,Q2,Sunday,JMC000735,Lagos,Agege,Fashion,Wristwatch Classic,Zara,4,4165.7,0,4165.7,2825.59,0,16662.8,5360.44,32.17,Card Payment,Delivered,2,Website Desktop,,0,0
JO-2023-12666,2023-04-16,17:30:00,April,Q2,Sunday,JMC001100,Lagos,Surulere,Home & Kitchen,Air Fryer 4L,Bosch,1,126544.87,0,126544.87,86847.74,0,126544.87,39697.13,31.37,Jumia Pay Wallet,Delivered,2,Mobile App,3.4,0,0
JO-2023-10538,2023-04-17,11:50:00,April,Q2,Monday,JMC000879,Abuja,Maitama,Beauty & Health,Beard Oil 50ml,Black Seed,1,32937.21,0,32937.21,14627.41,0,32937.21,18309.8,55.59,Bank Transfer,Cancelled,8,Mobile App,,0,0
JO-2023-11653,2023-04-17,16:59:00,April,Q2,Monday,JMC001346,Lagos,Agege,Books & Education,English Grammar,Farafina,1,17635.98,50,8817.99,5923.04,1500,8817.99,2894.95,32.83,Bank Transfer,Delivered,5,Website Desktop,4.9,0,0
JO-2023-11923,2023-04-17,09:20:00,April,Q2,Monday,JMC001055,Edo,Egor,Fashion,Wristwatch Classic,H&M,3,38910.2,0,38910.2,27011.46,0,116730.6,35696.22,30.58,Jumia Pay Wallet,Returned,2,Mobile App,,1,0
JO-2023-12671,2023-04-17,15:02:00,April,Q2,Monday,JMC000657,Oyo,Ibadan South,Home & Kitchen,Pressure Cooker 5L,Bosch,1,151425.39,0,151425.39,101212.73,0,151425.39,50212.66,33.16,Card Payment,Delivered,2,Website Desktop,4.0,0,0
JO-2023-10303,2023-04-18,14:09:00,April,Q2,Tuesday,JMC001376,Enugu,Udi,Electronics,Desk Fan,Lenovo,2,426195.16,40,255717.1,204317.96,0,511434.2,102798.28,20.1,Bank Transfer,Delivered,2,Agent Network,4.7,0,0
JO-2023-10504,2023-04-18,19:35:00,April,Q2,Tuesday,JMC000499,Kano,Gwale,Computing,USB Hub 7-Port,Dell,1,731052.24,0,731052.24,609770.67,0,731052.24,121281.57,16.59,Cash on Delivery,Delivered,6,Mobile App,4.8,0,0
JO-2023-10958,2023-04-18,23:18:00,April,Q2,Tuesday,JMC001324,Kano,Kano City,Beauty & Health,Sunscreen SPF50,Black Seed,1,888.38,40,533.03,220.19,1500,533.03,312.84,58.69,Card Payment,Returned,6,Website Desktop,,1,0
JO-2023-11640,2023-04-18,08:17:00,April,Q2,Tuesday,JMC001185,Anambra,Onitsha,Fashion,Handbag Brown,Zara,1,7983.51,0,7983.51,3926.29,1500,7983.51,4057.22,50.82,Jumia Pay Wallet,Delivered,3,Website Desktop,2.6,0,0
JO-2023-12017,2023-04-18,18:37:00,April,Q2,Tuesday,JMC000965,Abuja,Maitama,Beauty & Health,Body Scrub,Neutrogena,4,26984.17,0,26984.17,13872.56,,107936.68,52446.44,48.59,Cash on Delivery,Delivered,5,USSD,3.9,0,0
JO-2023-12046,2023-04-18,18:17:00,April,Q2,Tuesday,JMC000867,Enugu,Enugu South,Home & Kitchen,Non-stick Frying Pan,Binatone,4,161089.74,,161089.74,104708.33,0,644358.96,225525.64,35.0,Cash on Delivery,Delivered,4,Website Desktop,3.3,0,0
JO-2023-12124,2023-04-18,15:29:00,April,Q2,Tuesday,JMC000518,Abuja,Gwarinpa,Home & Kitchen,Coffee Maker,Philips,1,99236.21,0,99236.21,64533.31,0,99236.21,34702.9,34.97,Card Payment,Processing,6,Mobile App,,0,0
JO-2023-12134,2023-04-18,22:21:00,April,Q2,Tuesday,JMC000940,Lagos,Victoria Island,Fashion,Leather Belt,Ankara Palace,1,35442.88,0,35442.88,23519.9,0,35442.88,11922.98,33.64,Card Payment,Delivered,5,Agent Network,3.6,0,0
JO-2023-12284,2023-04-18,21:53:00,April,Q2,Tuesday,JMC001080,Abuja,Asokoro,Fashion,Sunglasses UV400,H&M,1,20970.55,0,20970.55,9545.79,0,20970.55,11424.76,54.48,Cash on Delivery,Delivered,8,Website Desktop,4.7,0,0
JO-2023-12317,2023-04-18,13:21:00,April,Q2,Tuesday,JMC000296,Lagos,Lekki,Computing,Printer Ink Cartridge,MacBook,1,140848.3,0,140848.3,120636.57,0,140848.3,20211.73,14.35,Card Payment,Delivered,3,USSD,3.8,0,0
JO-2023-12834,2023-04-18,17:54:00,April,Q2,Tuesday,JMC000127,Oyo,Ibadan South,Computing,External SSD 1TB,Microsoft,1,249963.08,0,249963.08,210143.96,0,249963.08,39819.12,15.93,Card Payment,Delivered,3,Mobile App,3.7,0,0
JO-2023-12904,2023-04-18,23:52:00,April,Q2,Tuesday,JMC001239,Enugu,Enugu North,Fashion,Women's Heels,Nike,3,42434.03,0,42434.03,21357.05,0,127302.09,63230.94,49.67,Bank Transfer,Delivered,5,USSD,3.8,0,0
JO-2023-12993,2023-04-18,11:18:00,April,Q2,Tuesday,JMC001261,Anambra,Onitsha,Groceries,Spaghetti 500g,Dangote,2,3850.89,0,3850.89,3372.22,1200,7701.78,957.34,12.43,Card Payment,Shipped,2,Website Desktop,,0,0
JO-2023-11098,2023-04-19,19:38:00,April,Q2,Wednesday,JMC001123,Ogun,Sagamu,Books & Education,Python Programming Basics,Pearson,1,15537.82,0,15537.82,11163.92,0,15537.82,4373.9,28.15,Cash on Delivery,Cancelled,4,Mobile App,,0,0
JO-2023-11206,2023-04-19,09:25:00,April,Q2,Wednesday,JMC001028,Lagos,Victoria Island,Home & Kitchen,Storage Containers,Philips,2,162420.44,0,162420.44,113012.14,0,324840.88,98816.6,30.42,USSD Payment,Processing,2,Mobile App,,0,0
JO-2023-11328,2023-04-19,17:58:00,April,Q2,Wednesday,JMC000191,Kaduna,Zaria,Fashion,Leather Belt,Zara,5,40755.87,0,40755.87,20235.29,0,203779.35,102602.9,50.35,Card Payment,Delivered,7,Mobile App,4.7,0,0
JO-2023-11718,2023-04-19,16:24:00,April,Q2,Wednesday,JMC000813,Niger,Minna,Electronics,Desk Fan,Tecno,1,386813.29,0,386813.29,296956.56,0,386813.29,89856.73,23.23,USSD Payment,Delivered,4,Website Desktop,3.2,0,0
JO-2023-11800,2023-04-19,18:46:00,April,Q2,Wednesday,JMC001309,Enugu,Enugu North,Beauty & Health,Vitamin C Serum,Black Seed,1,32477.96,0,32477.96,18385.77,0,32477.96,14092.19,43.39,Jumia Pay Wallet,Cancelled,2,Mobile App,,0,0
JO-2023-12402,2023-04-19,22:07:00,April,Q2,Wednesday,JMC000147,Benue,Makurdi,Home & Kitchen,Cutlery Set 24pcs,Philips,1,46207.11,0,46207.11,34974.16,0,46207.11,11232.95,24.31,Card Payment,Delivered,4,Agent Network,4.4,0,0
JO-2023-10311,2023-04-20,17:11:00,April,Q2,Thursday,JMC001556,Abuja,Gwarinpa,Computing,Mechanical Keyboard,Acer,4,775935.32,0,775935.32,674986.13,0,3103741.28,403796.76,13.01,Bank Transfer,Processing,6,Mobile App,,0,0
JO-2023-10657,2023-04-20,21:02:00,April,Q2,Thursday,JMC000033,Abuja,Wuse,Beauty & Health,Face Mask Set,L'Oreal,1,18058.32,0,18058.32,8487.41,0,18058.32,9570.91,53.0,Jumia Pay Wallet,Delivered,5,Mobile App,3.2,0,0
JO-2023-10689,2023-04-20,20:17:00,April,Q2,Thursday,JMC001484,Lagos,Surulere,Electronics,Smart Watch,Infinix,3,78659.02,0,78659.02,58962.8,0,235977.06,59088.66,25.04,Bank Transfer,Delivered,6,Agent Network,3.7,0,0
JO-2023-11149,2023-04-20,23:13:00,April,Q2,Thursday,JMC000687,Kwara,Ilorin,Beauty & Health,Manicure Kit,Olay,3,14233.21,10,12809.89,6290.94,0,38429.67,19556.85,50.89,Jumia Pay Wallet,Shipped,2,WhatsApp Store,,0,0
JO-2023-11897,2023-04-20,09:56:00,April,Q2,Thursday,JMC000110,Kwara,Offa,Sports & Outdoor,Resistance Bands Set,Decathlon,2,22603.26,30,15822.28,11768.61,0,31644.56,8107.34,25.62,Jumia Pay Wallet,Delivered,7,Agent Network,4.7,0,0
JO-2023-12071,2023-04-20,22:08:00,April,Q2,Thursday,JMC000085,Abuja,Wuse,Fashion,Handbag Brown,Ankara Palace,2,71560.15,20,57248.12,30564.77,,114496.24,53366.7,46.61,Card Payment,Delivered,7,Website Desktop,3.0,0,0
JO-2023-12131,2023-04-20,17:45:00,April,Q2,Thursday,JMC001547,Ondo,Akure,Electronics,Smart Watch,Apple,1,163658.55,0,163658.55,136163.91,0,163658.55,27494.64,16.8,Jumia Pay Wallet,Shipped,5,Mobile App,,0,0
JO-2023-12406,2023-04-20,23:48:00,April,Q2,Thursday,JMC000267,Lagos,Surulere,Sports & Outdoor,Cycling Helmet,Wilson,3,16148.65,15,13726.35,8337.38,,41179.05,16166.91,39.26,Jumia Pay Wallet,Delivered,6,USSD,3.2,0,0
JO-2023-12628,2023-04-20,21:22:00,April,Q2,Thursday,JMC000660,Kaduna,Kaduna North,Computing,USB Hub 7-Port,HP,5,196743.35,0,196743.35,175278.65,0,983716.75,107323.5,10.91,Cash on Delivery,Shipped,1,Agent Network,,0,0
JO-2023-12692,2023-04-20,19:58:00,April,Q2,Thursday,JMC000957,Edo,Ikpoba-Okha,Groceries,Honey Natural 500g,Unilever,3,2749.47,10,2474.52,2029.6,1200,7423.56,1334.76,17.98,Card Payment,Delivered,7,Mobile App,2.8,0,0
JO-2023-12938,2023-04-20,10:18:00,April,Q2,Thursday,JMC000214,Oyo,Oyo,Home & Kitchen,Dish Rack,Nasco,2,176703.65,10,159033.29,98982.32,0,318066.58,120101.94,37.76,USSD Payment,Delivered,8,Mobile App,4.8,0,0
JO-2023-10787,2023-04-21,14:16:00,April,Q2,Friday,JMC001106,Kano,Gwale,Sports & Outdoor,Basketball Outdoor,Under Armour,1,65255.1,15,55466.83,40135.8,0,55466.83,15331.03,27.64,Jumia Pay Wallet,Processing,4,USSD,,0,0
JO-2023-10983,2023-04-21,09:56:00,April,Q2,Friday,JMC000151,Oyo,Ogbomoso,Home & Kitchen,Non-stick Frying Pan,Scanfrost,1,43721.07,0,43721.07,33446.62,0,43721.07,10274.45,23.5,Card Payment,Delivered,5,Mobile App,,0,0
JO-2023-11313,2023-04-21,18:45:00,April,Q2,Friday,JMC000229,Enugu,Nkanu,Sports & Outdoor,Cycling Helmet,Wilson,2,33017.96,5,31367.06,21527.21,0,62734.12,19679.7,31.37,Cash on Delivery,Shipped,4,Mobile App,,0,0
JO-2023-11480,2023-04-21,21:19:00,April,Q2,Friday,JMC001558,Kano,Nassarawa,Beauty & Health,Manicure Kit,L'Oreal,4,14583.14,30,10208.2,6111.65,0,40832.8,16386.2,40.13,Cash on Delivery,Delivered,8,Mobile App,3.5,0,0
JO-2023-12210,2023-04-21,14:07:00,April,Q2,Friday,JMC000556,Rivers,Obio-Akpor,Electronics,Table Lamp LED,Apple,1,12659.54,0,12659.54,10146.62,0,12659.54,2512.92,19.85,Card Payment,Delivered,3,WhatsApp Store,3.7,0,0
JO-2023-12370,2023-04-21,15:29:00,April,Q2,Friday,JMC001457,Benue,Gboko,Sports & Outdoor,Basketball Outdoor,Wilson,1,32172.23,15,27346.4,18426.0,,27346.4,8920.4,32.62,Jumia Pay Wallet,Cancelled,1,Agent Network,,0,0
JO-2023-12920,2023-04-21,15:25:00,April,Q2,Friday,JMC000999,Oyo,Ibadan North,Groceries,Honey Natural 500g,Unilever,3,16619.22,25,12464.42,11261.6,0,37393.26,3608.46,9.65,Card Payment,Delivered,8,Website Desktop,3.4,0,0
JO-2023-10174,2023-04-22,13:18:00,April,Q2,Saturday,JMC001183,Oyo,Ibadan North,Fashion,Sneakers Size 42,Nike,1,69199.79,30,48439.85,26278.62,0,48439.85,22161.23,45.75,Bank Transfer,Delivered,2,Website Desktop,4.0,0,0
JO-2023-10567,2023-04-22,13:07:00,April,Q2,Saturday,JMC001089,Abuja,Kubwa,Beauty & Health,Shampoo Anti-Dandruff,Black Seed,1,1158.33,0,1158.33,570.59,1000,1158.33,587.74,50.74,Bank Transfer,Delivered,6,Website Desktop,,0,0
JO-2023-11238,2023-04-22,19:19:00,April,Q2,Saturday,JMC001294,Kwara,Offa,Electronics,Electric Kettle,JBL,1,141376.41,0,141376.41,122417.83,0,141376.41,18958.58,13.41,Jumia Pay Wallet,Delivered,2,Mobile App,2.5,0,0
JO-2023-11271,2023-04-22,20:00:00,April,Q2,Saturday,JMC000459,Lagos,Surulere,Fashion,Women's Ankara Gown,Zara,1,24692.62,0,24692.62,13635.26,0,24692.62,11057.36,44.78,Cash on Delivery,Delivered,8,Mobile App,4.0,0,0
JO-2023-11283,2023-04-22,22:36:00,April,Q2,Saturday,JMC001125,Ondo,Owo,Home & Kitchen,Storage Containers,Philips,1,73444.12,0,73444.12,52997.28,0,73444.12,20446.84,27.84,Card Payment,Delivered,2,Website Desktop,4.8,0,0
JO-2023-11287,2023-04-22,09:17:00,April,Q2,Saturday,JMC000082,Anambra,Onitsha,Fashion,Women's Heels,Zara,2,68336.46,0,68336.46,35138.61,0,136672.92,66395.7,48.58,Bank Transfer,Delivered,5,Website Desktop,3.1,0,0
JO-2023-11672,2023-04-22,23:50:00,April,Q2,Saturday,JMC001567,Ondo,Owo,Home & Kitchen,Iron Box Steam,Bosch,1,124398.36,0,124398.36,81132.61,0,124398.36,43265.75,34.78,Jumia Pay Wallet,Delivered,1,USSD,2.9,0,0
JO-2023-11886,2023-04-22,23:09:00,April,Q2,Saturday,JMC000316,Cross River,Obanliku,Fashion,Women's Heels,Ankara Palace,1,6004.79,40,3602.87,2387.62,1500,3602.87,1215.25,33.73,Bank Transfer,Shipped,8,Website Desktop,,0,0
JO-2023-11899,2023-04-22,19:15:00,April,Q2,Saturday,JMC001418,Abuja,Wuse,Groceries,Honey Natural 500g,PZ Cussons,3,5310.88,0,5310.88,4710.75,0,15932.64,1800.39,11.3,Card Payment,Delivered,6,Mobile App,3.7,0,0
JO-2023-12075,2023-04-22,19:32:00,April,Q2,Saturday,JMC000435,Anambra,Anambra East,Home & Kitchen,Pressure Cooker 5L,Nexus,1,158490.81,0,158490.81,101354.87,0,158490.81,57135.94,36.05,Cash on Delivery,Delivered,5,Mobile App,3.0,0,0
JO-2023-12103,2023-04-22,23:06:00,April,Q2,Saturday,JMC000304,Bauchi,Bauchi City,Beauty & Health,Sunscreen SPF50,L'Oreal,1,32194.9,0,32194.9,18260.95,0,32194.9,13933.95,43.28,Cash on Delivery,Delivered,7,Mobile App,3.4,0,0
JO-2023-12634,2023-04-22,16:56:00,April,Q2,Saturday,JMC000902,Lagos,Lekki,Home & Kitchen,Pressure Cooker 5L,Binatone,2,126460.28,0,126460.28,89559.17,0,252920.56,73802.22,29.18,Bank Transfer,Delivered,7,Mobile App,2.9,0,0
JO-2023-12655,2023-04-22,15:08:00,April,Q2,Saturday,JMC001475,Niger,Kontagora,Home & Kitchen,Air Fryer 4L,Nexus,1,141404.58,0,141404.58,96975.26,0,141404.58,44429.32,31.42,Bank Transfer,Cancelled,1,Mobile App,,0,0
JO-2023-10029,2023-04-23,21:58:00,April,Q2,Sunday,JMC001377,Kano,Nassarawa,Fashion,Sneakers Size 42,Zara,1,47915.49,0,47915.49,23847.54,0,47915.49,24067.95,50.23,Jumia Pay Wallet,Cancelled,4,Mobile App,,0,0
JO-2023-10085,2023-04-23,09:59:00,April,Q2,Sunday,JMC000765,Bauchi,Azare,Books & Education,Python Programming Basics,Farafina,1,15239.36,0,15239.36,10393.24,0,15239.36,4846.12,31.8,Jumia Pay Wallet,Delivered,4,Mobile App,3.1,0,0
JO-2023-11020,2023-04-23,08:54:00,April,Q2,Sunday,JMC001294,Lagos,Ikeja,Home & Kitchen,Coffee Maker,Philips,1,4160.89,0,4160.89,2669.21,1500,4160.89,1491.68,35.85,Jumia Pay Wallet,Delivered,4,Website Desktop,3.5,0,0
JO-2023-11041,2023-04-23,15:57:00,April,Q2,Sunday,JMC000506,Lagos,Yaba,Books & Education,Medical Dictionary,Kachifo,1,9125.4,0,9125.4,5105.66,1500,9125.4,4019.74,44.05,Bank Transfer,Delivered,5,Website Desktop,3.6,0,0
JO-2023-11402,2023-04-23,23:16:00,April,Q2,Sunday,JMC000586,Lagos,Lekki,Electronics,Electric Kettle,Lenovo,1,67625.62,0,67625.62,55094.59,0,67625.62,12531.03,18.53,Jumia Pay Wallet,Delivered,1,Mobile App,3.3,0,0
JO-2023-11600,2023-04-23,23:30:00,April,Q2,Sunday,JMC001487,Delta,Ethiope East,Beauty & Health,Moisturising Lotion 400ml,Olay,1,28157.71,40,16894.63,8996.39,0,16894.63,7898.24,46.75,Jumia Pay Wallet,Cancelled,2,Website Desktop,,0,0
JO-2023-11619,2023-04-23,13:27:00,April,Q2,Sunday,JMC000709,Delta,Oshimili,Computing,Laptop 15.6inch i5,MacBook,1,543434.32,0,543434.32,473222.61,0,543434.32,70211.71,12.92,Jumia Pay Wallet,Delivered,3,Mobile App,3.9,0,0
JO-2023-11641,2023-04-23,17:30:00,April,Q2,Sunday,JMC000673,Lagos,Ikorodu,Electronics,Power Bank 20000mAh,Apple,2,92609.6,0,92609.6,75032.3,0,185219.2,35154.6,18.98,Card Payment,Delivered,3,Website Desktop,2.9,0,0
JO-2023-11663,2023-04-23,20:55:00,April,Q2,Sunday,JMC000461,Edo,Ikpoba-Okha,Groceries,Milk Tin 400g,Unilever,5,14121.2,0,14121.2,12785.33,0,70606.0,6679.35,9.46,Bank Transfer,Delivered,4,WhatsApp Store,4.3,0,0
JO-2023-11877,2023-04-23,13:57:00,April,Q2,Sunday,JMC000291,Niger,Bida,Fashion,Leather Belt,Ankara Palace,1,13691.91,0,13691.91,7782.48,0,13691.91,5909.43,43.16,Card Payment,Delivered,1,Mobile App,4.6,0,0
JO-2023-11878,2023-04-23,16:17:00,April,Q2,Sunday,JMC001373,Lagos,Victoria Island,Computing,Laptop 15.6inch i5,Asus,2,176924.25,0,176924.25,147802.52,0,353848.5,58243.46,16.46,Jumia Pay Wallet,Processing,8,Website Desktop,,0,0
JO-2023-12256,2023-04-23,15:07:00,April,Q2,Sunday,JMC001514,Kano,Kano City,Home & Kitchen,Kitchen Towel Set,Binatone,1,97097.11,0,97097.11,70259.47,0,97097.11,26837.64,27.64,Bank Transfer,Delivered,2,Mobile App,2.9,0,0
JO-2023-12796,2023-04-23,13:40:00,April,Q2,Sunday,JMC000630,Plateau,Shendam,Beauty & Health,Body Scrub,Black Seed,5,25959.67,0,25959.67,12159.51,0,129798.35,69000.8,53.16,Bank Transfer,Delivered,2,Mobile App,3.6,0,0
JO-2023-10002,2023-04-24,08:35:00,April,Q2,Monday,JMC000594,Kano,Kano City,Beauty & Health,Manicure Kit,Black Seed,2,6980.84,0,6980.84,3887.63,0,13961.68,6186.42,44.31,Jumia Pay Wallet,Delivered,2,Website Desktop,3.8,0,0
JO-2023-10045,2023-04-24,19:39:00,April,Q2,Monday,JMC000969,Lagos,Lekki,Electronics,Electric Kettle,Infinix,5,175691.49,20,140553.19,105344.62,0,702765.95,176042.85,25.05,Bank Transfer,Delivered,4,USSD,2.6,0,0
JO-2023-10096,2023-04-24,13:32:00,April,Q2,Monday,JMC001200,Kano,Gwale,Electronics,Power Bank 20000mAh,Lenovo,1,252710.67,0,252710.67,182457.1,0,252710.67,70253.57,27.8,Card Payment,Delivered,5,Website Desktop,4.0,0,0
JO-2023-10353,2023-04-24,12:41:00,April,Q2,Monday,JMC000210,Lagos,Victoria Island,Sports & Outdoor,Running Shoes,Under Armour,1,39101.44,0,39101.44,23378.75,0,39101.44,15722.69,40.21,Cash on Delivery,Delivered,2,Mobile App,3.6,0,0
JO-2023-10399,2023-04-24,16:51:00,April,Q2,Monday,JMC001391,Kano,Nassarawa,Electronics,Power Bank 20000mAh,Apple,1,352593.02,0,352593.02,256088.31,0,352593.02,96504.71,27.37,Card Payment,Processing,8,Mobile App,,0,0
JO-2023-10516,2023-04-24,15:26:00,April,Q2,Monday,JMC001583,Cross River,Ikom,Beauty & Health,Manicure Kit,Black Seed,2,1259.87,0,1259.87,590.38,1000,2519.74,1338.98,53.14,Jumia Pay Wallet,Delivered,8,Website Desktop,3.8,0,0
JO-2023-11572,2023-04-24,15:07:00,April,Q2,Monday,JMC001422,Enugu,Nkanu,Groceries,Tin Tomato Carton,Unilever,1,10780.93,0,10780.93,9687.74,0,10780.93,1093.19,10.14,Bank Transfer,Delivered,1,USSD,4.0,0,0
JO-2023-11616,2023-04-24,17:43:00,April,Q2,Monday,JMC000136,Niger,Minna,Beauty & Health,Vitamin C Serum,Nivea,1,12863.51,0,12863.51,7804.29,0,12863.51,5059.22,39.33,Jumia Pay Wallet,Cancelled,2,Website Desktop,,0,0
JO-2023-11692,2023-04-24,10:12:00,April,Q2,Monday,JMC000372,Edo,Egor,Fashion,Women's Heels,Lagos Styles,1,38430.28,40,23058.17,14298.37,0,23058.17,8759.8,37.99,Bank Transfer,Delivered,2,Website Desktop,2.6,0,0
JO-2023-12004,2023-04-24,09:03:00,April,Q2,Monday,JMC000543,Lagos,Ikorodu,Fashion,Sneakers Size 42,H&M,4,19480.5,,19480.5,11842.2,0,77922.0,30553.2,39.21,Card Payment,Cancelled,8,Website Desktop,,0,0
JO-2023-12063,2023-04-24,10:37:00,April,Q2,Monday,JMC000551,Enugu,Udi,Sports & Outdoor,Swimming Goggles,Wilson,1,20411.68,50,10205.84,6239.85,0,10205.84,3965.99,38.86,Bank Transfer,Delivered,7,WhatsApp Store,4.0,0,0
JO-2023-12420,2023-04-24,17:08:00,April,Q2,Monday,JMC000995,Rivers,Port Harcourt,Home & Kitchen,Dish Rack,Philips,3,61158.34,0,61158.34,41624.37,0,183475.02,58601.91,31.94,Card Payment,Delivered,2,Website Desktop,3.0,0,0
JO-2023-12887,2023-04-24,07:36:00,April,Q2,Monday,JMC000496,Niger,Suleja,Electronics,Power Bank 20000mAh,Samsung,1,192041.0,40,115224.6,87870.28,0,115224.6,27354.32,23.74,Jumia Pay Wallet,Delivered,6,Mobile App,2.9,0,0
JO-2023-10241,2023-04-25,19:06:00,April,Q2,Tuesday,JMC000675,Oyo,Ogbomoso,Computing,External SSD 1TB,Asus,1,288654.14,0,288654.14,245904.46,0,288654.14,42749.68,14.81,Card Payment,Delivered,7,Mobile App,3.0,0,0
JO-2023-10301,2023-04-25,10:21:00,April,Q2,Tuesday,JMC000210,Lagos,Yaba,Fashion,Women's Ankara Gown,H&M,1,10205.88,0,10205.88,5548.94,0,10205.88,4656.94,45.63,Cash on Delivery,Delivered,8,Mobile App,,0,0
JO-2023-10942,2023-04-25,21:19:00,April,Q2,Tuesday,JMC000395,Abuja,Asokoro,Computing,Laptop Bag 15inch,HP,1,331238.26,0,331238.26,286885.46,0,331238.26,44352.8,13.39,Card Payment,Delivered,8,Mobile App,4.4,0,0
JO-2023-11474,2023-04-25,13:29:00,April,Q2,Tuesday,JMC001004,Lagos,Ikeja,Books & Education,English Grammar,Oxford,2,14378.78,20,11503.02,7910.63,0,23006.04,7184.78,31.23,Jumia Pay Wallet,Delivered,1,Mobile App,3.9,0,0
JO-2023-11712,2023-04-25,22:25:00,April,Q2,Tuesday,JMC000689,Abuja,Kubwa,Home & Kitchen,Kitchen Towel Set,Binatone,1,3539.59,0,3539.59,2358.07,2000,3539.59,1181.52,33.38,Cash on Delivery,Delivered,4,Website Desktop,4.5,0,0
JO-2023-11779,2023-04-25,18:08:00,April,Q2,Tuesday,JMC000856,Benue,Otukpo,Fashion,Men's Jeans,Adidas,1,16057.71,10,14451.94,7327.13,0,14451.94,7124.81,49.3,Cash on Delivery,Delivered,8,WhatsApp Store,4.8,0,0
JO-2023-10189,2023-04-26,10:54:00,April,Q2,Wednesday,JMC001363,Enugu,Udi,Beauty & Health,Beard Oil 50ml,L'Oreal,2,31747.15,25,23810.36,14400.51,0,47620.72,18819.7,39.52,Cash on Delivery,Delivered,3,Mobile App,3.1,0,0
JO-2023-10291,2023-04-26,09:19:00,April,Q2,Wednesday,JMC001195,Anambra,Anambra East,Beauty & Health,Body Scrub,Neutrogena,1,22439.94,40,13463.96,7453.65,0,13463.96,6010.31,44.64,Card Payment,Processing,8,Website Desktop,,0,0
JO-2023-10497,2023-04-26,11:29:00,April,Q2,Wednesday,JMC001312,Rivers,Oyigbo,Electronics,Electric Kettle,Lenovo,1,120490.68,40,72294.41,56519.77,0,72294.41,15774.64,21.82,Jumia Pay Wallet,Delivered,8,USSD,2.8,0,0
JO-2023-10600,2023-04-26,15:30:00,April,Q2,Wednesday,JMC001288,Bauchi,Bauchi City,Beauty & Health,Hair Relaxer Kit,L'Oreal,2,9529.83,,9529.83,5195.66,0,19059.66,8668.34,45.48,Card Payment,Delivered,6,Mobile App,3.5,0,0
JO-2023-10673,2023-04-26,08:02:00,April,Q2,Wednesday,JMC001027,Edo,Ikpoba-Okha,Electronics,Power Bank 20000mAh,Lenovo,2,164059.14,0,164059.14,132887.9,0,328118.28,62342.48,19.0,Jumia Pay Wallet,Processing,8,Mobile App,,0,0
JO-2023-10830,2023-04-26,16:55:00,April,Q2,Wednesday,JMC000295,Lagos,Agege,Groceries,Milk Tin 400g,PZ Cussons,2,13732.29,0,13732.29,11364.84,0,27464.58,4734.9,17.24,Bank Transfer,Returned,6,Website Desktop,,1,0
JO-2023-11535,2023-04-26,19:19:00,April,Q2,Wednesday,JMC000920,Kano,Kano City,Fashion,Women's Heels,H&M,3,70645.08,0,70645.08,43672.79,0,211935.24,80916.87,38.18,Card Payment,Delivered,1,Website Desktop,4.0,0,0
JO-2023-12254,2023-04-26,07:14:00,April,Q2,Wednesday,JMC001452,Lagos,Surulere,Computing,Laptop 15.6inch i5,Dell,5,501648.85,0,501648.85,437337.47,0,2508244.25,321556.9,12.82,Cash on Delivery,Delivered,8,Website Desktop,3.1,0,0
JO-2023-12262,2023-04-26,12:32:00,April,Q2,Wednesday,JMC000687,Abuja,Maitama,Home & Kitchen,Pressure Cooker 5L,Bosch,2,26517.31,10,23865.58,16235.75,0,47731.16,15259.66,31.97,Card Payment,Delivered,3,Mobile App,3.6,0,0
JO-2023-12389,2023-04-26,14:49:00,April,Q2,Wednesday,JMC000810,Lagos,Ikeja,Electronics,Smart Watch,JBL,1,429597.12,0,429597.12,335644.23,0,429597.12,93952.89,21.87,Bank Transfer,Shipped,2,Mobile App,,0,0
JO-2023-12786,2023-04-26,21:59:00,April,Q2,Wednesday,JMC001323,Ondo,Akure,Groceries,Biscuits Assorted,Cadbury,1,16449.6,0,16449.6,14135.14,0,16449.6,2314.46,14.07,Bank Transfer,Delivered,4,Website Desktop,4.7,0,0
JO-2023-12901,2023-04-26,18:34:00,April,Q2,Wednesday,JMC000661,Kano,Gwale,Fashion,Men's Polo Shirt,H&M,1,56977.44,,34186.46,19154.67,0,34186.46,15031.79,43.97,Card Payment,Shipped,1,Website Desktop,,0,0
JO-2023-12941,2023-04-26,07:37:00,April,Q2,Wednesday,JMC000117,Nasarawa,Lafia,Fashion,Sneakers Size 42,Nike,3,21292.29,40,12775.37,6690.46,0,38326.11,18254.73,47.63,Card Payment,Delivered,7,Agent Network,4.3,0,0
JO-2023-10452,2023-04-27,07:47:00,April,Q2,Thursday,JMC000635,Bauchi,Bauchi City,Fashion,Wristwatch Classic,Ankara Palace,1,38166.39,,32441.43,18001.75,0,32441.43,14439.68,44.51,Jumia Pay Wallet,Delivered,5,Agent Network,3.6,0,0
JO-2023-10493,2023-04-27,08:12:00,April,Q2,Thursday,JMC000927,Plateau,Jos,Groceries,Tomato Paste 400g,Unilever,1,8667.78,0,8667.78,7272.27,1200,8667.78,1395.51,16.1,Cash on Delivery,Delivered,5,USSD,3.8,0,0
JO-2023-10695,2023-04-27,19:17:00,April,Q2,Thursday,JMC000702,Lagos,Lekki,Beauty & Health,Hair Relaxer Kit,Neutrogena,1,16769.34,20,13415.47,6042.33,0,13415.47,7373.14,54.96,Bank Transfer,Delivered,4,WhatsApp Store,3.9,0,0
JO-2023-10779,2023-04-27,11:44:00,April,Q2,Thursday,JMC000478,Enugu,Enugu North,Groceries,Tin Tomato Carton,Unilever,1,7329.93,0,7329.93,6359.45,1200,7329.93,970.48,13.24,Jumia Pay Wallet,Delivered,8,Mobile App,3.1,0,0
JO-2023-11420,2023-04-27,21:23:00,April,Q2,Thursday,JMC000977,Ogun,Sagamu,Groceries,Honey Natural 500g,Nestle,2,3354.76,40,2012.86,1766.69,2000,4025.72,492.34,12.23,Bank Transfer,Shipped,1,Website Desktop,,0,0
JO-2023-12146,2023-04-27,19:19:00,April,Q2,Thursday,JMC000093,Cross River,Ogoja,Electronics,Smart TV 43inch,Tecno,3,210603.46,0,210603.46,182066.69,0,631810.38,85610.31,13.55,Cash on Delivery,Delivered,7,Mobile App,2.9,0,0
JO-2023-12448,2023-04-27,20:17:00,April,Q2,Thursday,JMC001512,Kano,Kano City,Home & Kitchen,Coffee Maker,Bosch,2,112829.14,0,112829.14,85129.59,0,225658.28,55399.1,24.55,Jumia Pay Wallet,Shipped,8,Mobile App,,0,0
JO-2023-12688,2023-04-27,16:01:00,April,Q2,Thursday,JMC000282,Abuja,Asokoro,Groceries,Milk Tin 400g,Unilever,2,14456.23,0,14456.23,12722.93,0,28912.46,3466.6,11.99,Cash on Delivery,Delivered,6,WhatsApp Store,4.0,0,0
JO-2023-12768,2023-04-27,10:53:00,April,Q2,Thursday,JMC000654,Kano,Kano City,Home & Kitchen,Dish Rack,Nexus,1,92557.14,0,92557.14,73675.48,0,92557.14,18881.66,20.4,Card Payment,Delivered,5,Mobile App,4.9,0,0
JO-2023-12792,2023-04-27,11:35:00,April,Q2,Thursday,JMC000654,Oyo,Ibadan North,Beauty & Health,Moisturising Lotion 400ml,L'Oreal,1,13619.7,10,12257.73,7738.3,0,12257.73,4519.43,36.87,Bank Transfer,Delivered,1,USSD,3.1,0,0
JO-2023-10016,2023-04-28,10:05:00,April,Q2,Friday,JMC000149,Ogun,Sagamu,Fashion,Sneakers Size 42,H&M,4,72440.58,0,72440.58,43355.69,0,289762.32,116339.56,40.15,Card Payment,Processing,8,Mobile App,,0,0
JO-2023-10050,2023-04-28,12:39:00,April,Q2,Friday,JMC000099,Abuja,Asokoro,Fashion,Wristwatch Classic,Lagos Styles,2,76292.87,,76292.87,49178.38,0,152585.74,54228.98,35.54,Bank Transfer,Delivered,5,Website Desktop,4.7,0,0
JO-2023-10063,2023-04-28,14:43:00,April,Q2,Friday,JMC000056,Kano,Gwale,Fashion,Women's Ankara Gown,H&M,2,21740.08,0,21740.08,14368.02,0,43480.16,14744.12,33.91,Card Payment,Delivered,7,Agent Network,3.8,0,0
JO-2023-10541,2023-04-28,16:17:00,April,Q2,Friday,JMC000017,Cross River,Ikom,Books & Education,Mathematics Textbook,Pearson,2,3039.19,50,1519.6,1095.48,1500,3039.2,848.24,27.91,Card Payment,Cancelled,3,USSD,,0,0
JO-2023-11061,2023-04-28,13:18:00,April,Q2,Friday,JMC000494,Enugu,Enugu South,Fashion,Leather Belt,H&M,2,55189.24,5,52429.78,27541.36,,104859.56,49776.84,47.47,Cash on Delivery,Delivered,6,Website Desktop,2.8,0,0
JO-2023-11324,2023-04-28,22:57:00,April,Q2,Friday,JMC000743,Abuja,Wuse,Electronics,Wireless Earbuds,Tecno,2,339327.38,0,339327.38,254122.27,0,678654.76,170410.22,25.11,Card Payment,Delivered,8,Website Desktop,,0,0
JO-2023-11408,2023-04-28,13:04:00,April,Q2,Friday,JMC001479,Ogun,Ijebu-Ode,Beauty & Health,Manicure Kit,Olay,1,18304.43,0,18304.43,7711.66,0,18304.43,10592.77,57.87,Bank Transfer,Returned,3,Website Desktop,,1,0
JO-2023-11811,2023-04-28,21:41:00,April,Q2,Friday,JMC000549,Delta,Uvwie,Home & Kitchen,Blender 1.5L,Bosch,5,154648.66,0,154648.66,102501.13,0,773243.3,260737.65,33.72,Jumia Pay Wallet,Delivered,5,Website Desktop,,0,0
JO-2023-12755,2023-04-28,14:25:00,April,Q2,Friday,JMC000915,Kaduna,Kaduna North,Home & Kitchen,Non-stick Frying Pan,Nasco,3,15370.25,0,15370.25,10453.31,0,46110.75,14750.82,31.99,Card Payment,Delivered,4,Agent Network,3.4,0,0
JO-2023-12924,2023-04-28,11:35:00,April,Q2,Friday,JMC000316,Imo,Okigwe,Beauty & Health,Body Scrub,Black Seed,1,3202.98,0,3202.98,1463.44,1000,3202.98,1739.54,54.31,Bank Transfer,Processing,3,WhatsApp Store,,0,0
JO-2023-10034,2023-04-29,21:14:00,April,Q2,Saturday,JMC001353,Lagos,Ikorodu,Beauty & Health,Beard Oil 50ml,Neutrogena,4,15062.39,0,15062.39,9239.27,0,60249.56,23292.48,38.66,Card Payment,Delivered,7,Website Desktop,3.5,0,0
JO-2023-10619,2023-04-29,19:57:00,April,Q2,Saturday,JMC001555,Delta,Ethiope East,Fashion,Men's Jeans,Adidas,1,51285.61,0,51285.61,25791.53,0,51285.61,25494.08,49.71,Card Payment,Delivered,7,Website Desktop,3.7,0,0
JO-2023-10870,2023-04-29,08:11:00,April,Q2,Saturday,JMC000720,Abuja,Garki,Beauty & Health,Hair Relaxer Kit,Neutrogena,1,24073.58,0,24073.58,10183.12,0,24073.58,13890.46,57.7,Jumia Pay Wallet,Shipped,8,Mobile App,,0,0
JO-2023-10932,2023-04-29,09:03:00,April,Q2,Saturday,JMC001239,Lagos,Yaba,Books & Education,Medical Dictionary,Kachifo,2,11251.84,20,9001.47,6737.6,0,18002.94,4527.74,25.15,Card Payment,Delivered,3,Website Desktop,4.7,0,0
JO-2023-11673,2023-04-29,20:29:00,April,Q2,Saturday,JMC001585,Imo,Owerri,Electronics,Wireless Earbuds,Lenovo,1,419392.46,25,314544.35,253491.29,0,314544.35,61053.06,19.41,Bank Transfer,Shipped,2,Website Desktop,,0,0
JO-2023-10507,2023-04-30,15:10:00,April,Q2,Sunday,JMC001477,Edo,Egor,Electronics,Wireless Earbuds,JBL,1,326226.64,30,228358.65,167546.74,0,228358.65,60811.91,26.63,Card Payment,Delivered,6,Agent Network,4.5,0,0
JO-2023-10605,2023-04-30,19:36:00,April,Q2,Sunday,JMC001272,Kaduna,Kaduna North,Computing,Monitor 24inch,HP,1,582157.0,25,436617.75,343225.21,0,436617.75,93392.54,21.39,Card Payment,Returned,2,Mobile App,,1,0
JO-2023-11181,2023-04-30,23:22:00,April,Q2,Sunday,JMC000941,Ondo,Owo,Beauty & Health,Vitamin C Serum,L'Oreal,5,17649.98,0,17649.98,9169.16,0,88249.9,42404.1,48.05,Cash on Delivery,Shipped,5,Mobile App,,0,0
JO-2023-12171,2023-04-30,08:04:00,April,Q2,Sunday,JMC000630,Lagos,Victoria Island,Home & Kitchen,Storage Containers,Nexus,3,134084.2,10,120675.78,73310.54,0,362027.34,142095.72,39.25,Card Payment,Delivered,3,Mobile App,4.7,0,0
JO-2023-12439,2023-04-30,14:34:00,April,Q2,Sunday,JMC000674,Ondo,Ondo City,Fashion,Men's Jeans,H&M,1,79899.36,0,79899.36,47979.57,0,79899.36,31919.79,39.95,Card Payment,Returned,3,Website Desktop,,1,0
JO-2023-12536,2023-04-30,21:57:00,April,Q2,Sunday,JMC001320,Kaduna,Chikun,Beauty & Health,Manicure Kit,Black Seed,3,10392.47,0,10392.47,5850.96,0,31177.41,13624.53,43.7,Bank Transfer,Delivered,7,Mobile App,3.1,0,0
JO-2023-12672,2023-04-30,11:35:00,April,Q2,Sunday,JMC001370,Lagos,Ikorodu,Sports & Outdoor,Yoga Mat 6mm,Puma,1,77998.53,5,74098.6,47208.22,0,74098.6,26890.38,36.29,Jumia Pay Wallet,Cancelled,3,Mobile App,,0,0
JO-2023-12892,2023-04-30,11:08:00,April,Q2,Sunday,JMC001440,Rivers,Oyigbo,Beauty & Health,Moisturising Lotion 400ml,L'Oreal,1,8707.46,0,8707.46,4250.11,700,8707.46,4457.35,51.19,Bank Transfer,Cancelled,8,Agent Network,,0,0
JO-2023-10348,2023-05-01,23:54:00,May,Q2,Monday,JMC000218,Nasarawa,Lafia,Fashion,Sneakers Size 42,Adidas,4,55312.38,0,55312.38,25532.19,0,221249.52,119120.76,53.84,Card Payment,Delivered,3,Website Desktop,3.8,0,0
JO-2023-10621,2023-05-01,14:49:00,May,Q2,Monday,JMC000300,Lagos,Agege,Beauty & Health,Face Mask Set,Black Seed,1,13880.73,0,13880.73,7814.85,0,13880.73,6065.88,43.7,Card Payment,Returned,1,Website Desktop,,1,0
JO-2023-12155,2023-05-01,13:58:00,May,Q2,Monday,JMC001320,Kano,Tarauni,Sports & Outdoor,Football Size 5,Wilson,2,12477.95,15,10606.26,6608.76,0,21212.52,7995.0,37.69,Bank Transfer,Delivered,5,Website Desktop,4.4,0,0
JO-2023-12455,2023-05-01,09:01:00,May,Q2,Monday,JMC000987,Niger,Suleja,Sports & Outdoor,Cycling Helmet,Spalding,1,17425.27,0,17425.27,11091.18,0,17425.27,6334.09,36.35,Bank Transfer,Shipped,1,Mobile App,,0,0
JO-2023-12548,2023-05-01,19:23:00,May,Q2,Monday,JMC000450,Enugu,Nkanu,Computing,Laptop Stand Aluminium,Asus,4,749122.86,0,749122.86,586713.02,0,2996491.44,649639.36,21.68,Card Payment,Processing,4,Mobile App,,0,0
JO-2023-10468,2023-05-02,14:08:00,May,Q2,Tuesday,JMC000940,Lagos,Ikorodu,Fashion,Leather Belt,Ankara Palace,2,73521.91,20,58817.53,29585.22,0,117635.06,58464.62,49.7,Cash on Delivery,Delivered,6,WhatsApp Store,3.4,0,0
JO-2023-10469,2023-05-02,07:46:00,May,Q2,Tuesday,JMC000883,Delta,Oshimili,Computing,Webcam HD 1080p,Acer,1,391244.8,0,391244.8,347347.13,0,391244.8,43897.67,11.22,Card Payment,Delivered,6,WhatsApp Store,3.4,0,0
JO-2023-10987,2023-05-02,07:41:00,May,Q2,Tuesday,JMC000706,Edo,Benin City,Fashion,Handbag Brown,,3,33274.14,0,33274.14,21598.24,0,99822.42,35027.7,35.09,Card Payment,Returned,5,WhatsApp Store,,1,0
JO-2023-11401,2023-05-02,17:03:00,May,Q2,Tuesday,JMC000328,Lagos,Lekki,Computing,Laptop 15.6inch i5,Microsoft,2,87054.73,0,87054.73,73439.37,0,174109.46,27230.72,15.64,Bank Transfer,Delivered,4,Mobile App,3.3,0,0
JO-2023-12428,2023-05-02,10:04:00,May,Q2,Tuesday,JMC001548,Abuja,Wuse,Home & Kitchen,Dish Rack,Binatone,1,74352.03,10,66916.83,51345.28,0,66916.83,15571.55,23.27,Jumia Pay Wallet,Delivered,8,Website Desktop,3.8,0,0
JO-2023-12863,2023-05-02,13:25:00,May,Q2,Tuesday,JMC000856,Anambra,Awka,Computing,Printer Ink Cartridge,Microsoft,1,127047.02,0,127047.02,99960.6,0,127047.02,27086.42,21.32,Cash on Delivery,Delivered,7,Mobile App,,0,0
JO-2023-12882,2023-05-02,12:09:00,May,Q2,Tuesday,JMC000802,Imo,Orlu,Electronics,Phone Charger USB-C,Lenovo,3,421248.33,0,421248.33,346982.25,0,1263744.99,222798.24,17.63,Card Payment,Delivered,5,Mobile App,4.7,0,0
JO-2023-12948,2023-05-02,15:48:00,May,Q2,Tuesday,JMC000149,Imo,Mbaitoli,Home & Kitchen,Iron Box Steam,Binatone,1,13875.0,0,13875.0,9697.24,0,13875.0,4177.76,30.11,Card Payment,Returned,8,Mobile App,,1,0
JO-2023-12994,2023-05-02,12:24:00,May,Q2,Tuesday,JMC000947,Anambra,Onitsha,Groceries,Spaghetti 500g,Cadbury,5,3120.88,15,2652.75,2247.14,0,13263.75,2028.05,15.29,Jumia Pay Wallet,Delivered,8,Agent Network,2.7,0,0
JO-2023-10172,2023-05-03,23:07:00,May,Q2,Wednesday,JMC000069,Anambra,Anambra East,Groceries,Groundnut Oil 5L,PZ Cussons,2,15425.11,,13882.6,11932.09,0,27765.2,3901.02,14.05,Cash on Delivery,Delivered,5,Mobile App,3.4,0,0
JO-2023-10180,2023-05-03,22:44:00,May,Q2,Wednesday,JMC001241,Lagos,Ikorodu,Beauty & Health,Vitamin C Serum,Black Seed,1,8960.15,0,8960.15,4945.11,1000,8960.15,4015.04,44.81,Cash on Delivery,Delivered,1,Mobile App,2.5,0,0
JO-2023-12040,2023-05-03,22:51:00,May,Q2,Wednesday,JMC001296,Plateau,Barkin Ladi,Electronics,Electric Kettle,Apple,1,351712.7,5,334127.07,242375.78,0,334127.07,91751.29,27.46,Bank Transfer,Delivered,4,Mobile App,2.9,0,0
JO-2023-12060,2023-05-03,20:01:00,May,Q2,Wednesday,JMC001500,Benue,Katsina-Ala,Computing,Laptop Stand Aluminium,Acer,1,671109.46,0,671109.46,560309.29,0,671109.46,110800.17,16.51,Card Payment,Processing,1,Mobile App,,0,0
JO-2023-12295,2023-05-03,10:25:00,May,Q2,Wednesday,JMC000621,Kano,Nassarawa,Computing,USB Hub 7-Port,Microsoft,3,362502.81,5,344377.67,288140.8,0,1033133.01,168710.61,16.33,Card Payment,Returned,4,Mobile App,,1,0
JO-2023-12366,2023-05-03,15:12:00,May,Q2,Wednesday,JMC001098,Abuja,Kubwa,Computing,External SSD 1TB,Asus,2,430428.7,0,430428.7,368748.27,0,860857.4,123360.86,14.33,Bank Transfer,Delivered,7,Mobile App,3.8,0,0
JO-2023-12499,2023-05-03,13:35:00,May,Q2,Wednesday,JMC000530,Cross River,Ikom,Fashion,Women's Heels,H&M,2,53808.87,,53808.87,35180.24,0,107617.74,37257.26,34.62,Cash on Delivery,Delivered,3,Mobile App,2.6,0,0
JO-2023-12645,2023-05-03,13:17:00,May,Q2,Wednesday,JMC001055,Lagos,Ikeja,Home & Kitchen,Coffee Maker,Nasco,2,93654.29,0,93654.29,66925.36,0,187308.58,53457.86,28.54,Bank Transfer,Delivered,7,Mobile App,4.2,0,0
JO-2023-12911,2023-05-03,11:27:00,May,Q2,Wednesday,JMC000078,Ondo,Ikare,Home & Kitchen,Kitchen Towel Set,Bosch,2,60675.18,,60675.18,43625.45,0,121350.36,34099.46,28.1,Card Payment,Delivered,2,Website Desktop,2.6,0,0
JO-2023-10388,2023-05-04,22:05:00,May,Q2,Thursday,JMC001148,Lagos,Surulere,Fashion,Sneakers Size 42,Zara,1,64065.58,0,64065.58,36165.02,0,64065.58,27900.56,43.55,Bank Transfer,Delivered,1,WhatsApp Store,3.1,0,0
JO-2023-11974,2023-05-04,19:55:00,May,Q2,Thursday,JMC001440,Benue,Makurdi,Fashion,Women's Heels,Ankara Palace,1,76602.55,0,76602.55,50189.99,0,76602.55,26412.56,34.48,Card Payment,Delivered,7,Website Desktop,3.3,0,0
JO-2023-10777,2023-05-05,12:13:00,May,Q2,Friday,JMC001309,Abuja,Gwarinpa,Fashion,Sunglasses UV400,Lagos Styles,1,56799.38,0,56799.38,28712.09,0,56799.38,28087.29,49.45,Cash on Delivery,Delivered,8,Mobile App,3.6,0,0
JO-2023-11309,2023-05-05,07:01:00,May,Q2,Friday,JMC001148,Kwara,Offa,Electronics,Extension Socket,Lenovo,5,126391.86,0,126391.86,96487.55,0,631959.3,149521.55,23.66,USSD Payment,Shipped,1,USSD,,0,0
JO-2023-11553,2023-05-05,17:13:00,May,Q2,Friday,JMC001416,Anambra,Anambra East,Groceries,Sugar 1kg,PZ Cussons,2,7024.19,0,7024.19,6184.8,0,14048.38,1678.78,11.95,Bank Transfer,Processing,8,Website Desktop,,0,0
JO-2023-12115,2023-05-05,18:35:00,May,Q2,Friday,JMC001145,Lagos,Lekki,Groceries,Sugar 1kg,Unilever,1,9196.32,50,4598.16,3772.33,2000,4598.16,825.83,17.96,Bank Transfer,Delivered,8,WhatsApp Store,2.8,0,0
JO-2023-12227,2023-05-05,10:23:00,May,Q2,Friday,JMC000314,Enugu,Udi,Fashion,Leather Belt,Nike,2,48682.74,30,34077.92,15992.77,0,68155.84,36170.3,53.07,Bank Transfer,Shipped,3,Mobile App,,0,0
JO-2023-12363,2023-05-05,11:26:00,May,Q2,Friday,JMC000820,Abuja,Kubwa,Groceries,Tomato Paste 400g,PZ Cussons,1,2073.74,40,1244.24,1035.33,1200,1244.24,208.91,16.79,Jumia Pay Wallet,Delivered,6,Website Desktop,3.2,0,0
JO-2023-12528,2023-05-05,12:01:00,May,Q2,Friday,JMC000957,Lagos,Surulere,Home & Kitchen,Iron Box Steam,Binatone,1,119294.43,0,119294.43,84257.66,0,119294.43,35036.77,29.37,Jumia Pay Wallet,Shipped,5,Mobile App,,0,0
JO-2023-10040,2023-05-06,23:33:00,May,Q2,Saturday,JMC000553,Enugu,Enugu North,Electronics,Table Lamp LED,Tecno,1,379047.58,0,379047.58,315746.63,0,379047.58,63300.95,16.7,Jumia Pay Wallet,Delivered,2,USSD,3.0,0,0
JO-2023-10112,2023-05-06,10:02:00,May,Q2,Saturday,JMC000431,Ondo,Owo,Sports & Outdoor,Yoga Mat 6mm,Puma,2,66604.97,0,66604.97,40915.43,0,133209.94,51379.08,38.57,Card Payment,Delivered,5,WhatsApp Store,3.6,0,0
JO-2023-10265,2023-05-06,23:55:00,May,Q2,Saturday,JMC001028,Ogun,Ilaro,Computing,Laptop 15.6inch i5,Acer,3,564685.02,,564685.02,476368.28,0,1694055.06,264950.22,15.64,Bank Transfer,Cancelled,3,Website Desktop,,0,0
JO-2023-10664,2023-05-06,12:30:00,May,Q2,Saturday,JMC000536,Abuja,Wuse,Electronics,Power Bank 20000mAh,JBL,1,51407.2,0,51407.2,38904.97,0,51407.2,12502.23,24.32,Card Payment,Processing,3,Mobile App,,0,0
JO-2023-11278,2023-05-06,18:23:00,May,Q2,Saturday,JMC000278,Rivers,Eleme,Computing,USB Hub 7-Port,HP,3,485887.47,0,485887.47,422479.16,0,1457662.41,190224.93,13.05,Jumia Pay Wallet,Delivered,2,USSD,3.9,0,0
JO-2023-11569,2023-05-06,14:24:00,May,Q2,Saturday,JMC001392,Abuja,Garki,Fashion,Baseball Cap,Lagos Styles,2,38689.84,50,19344.92,12777.32,0,38689.84,13135.2,33.95,Bank Transfer,Cancelled,7,Mobile App,,0,0
JO-2023-11898,2023-05-06,11:07:00,May,Q2,Saturday,JMC001066,Kano,Kano City,Groceries,Groundnut Oil 5L,Unilever,4,23561.89,0,23561.89,20988.93,0,94247.56,10291.84,10.92,Jumia Pay Wallet,Shipped,5,Mobile App,,0,0
JO-2023-12162,2023-05-06,13:54:00,May,Q2,Saturday,JMC000918,Delta,Uvwie,Fashion,Sunglasses UV400,Lagos Styles,2,18676.79,0,18676.79,10780.24,0,37353.58,15793.1,42.28,Jumia Pay Wallet,Delivered,3,WhatsApp Store,3.2,0,0
JO-2023-12263,2023-05-06,15:55:00,May,Q2,Saturday,JMC000561,Lagos,Ikeja,Electronics,Table Lamp LED,Tecno,1,395856.44,,395856.44,329115.04,0,395856.44,66741.4,16.86,Jumia Pay Wallet,Shipped,7,WhatsApp Store,,0,0
JO-2023-12656,2023-05-06,23:12:00,May,Q2,Saturday,JMC000591,Edo,Egor,Computing,Monitor 24inch,Acer,1,198956.24,0,198956.24,162149.34,0,198956.24,36806.9,18.5,Jumia Pay Wallet,Delivered,7,Agent Network,3.7,0,0
JO-2023-12748,2023-05-06,08:51:00,May,Q2,Saturday,JMC000622,Oyo,Ibadan North,Electronics,Electric Kettle,Apple,2,354954.81,5,337207.07,285142.3,0,674414.14,104129.54,15.44,Card Payment,Delivered,8,Agent Network,3.4,0,0
JO-2023-12827,2023-05-06,19:18:00,May,Q2,Saturday,JMC001139,Kaduna,Kaduna South,Groceries,Groundnut Oil 5L,PZ Cussons,1,7094.5,20,5675.6,4678.4,1500,5675.6,997.2,17.57,Card Payment,Delivered,6,USSD,4.3,0,0
JO-2023-12842,2023-05-06,15:54:00,May,Q2,Saturday,JMC000164,Abuja,Asokoro,Beauty & Health,Hair Relaxer Kit,Neutrogena,1,14696.7,0,14696.7,9084.03,0,14696.7,5612.67,38.19,Bank Transfer,Delivered,1,Website Desktop,,0,0
JO-2023-10108,2023-05-07,19:38:00,May,Q2,Sunday,JMC000258,Cross River,Calabar,Sports & Outdoor,Yoga Mat 6mm,Under Armour,2,81222.75,0,81222.75,62890.78,0,162445.5,36663.94,22.57,Bank Transfer,Delivered,3,Mobile App,2.9,0,0
JO-2023-10287,2023-05-07,21:42:00,May,Q2,Sunday,JMC000405,Delta,Warri,Electronics,Smart Watch,Tecno,2,112714.32,0,112714.32,85042.95,0,225428.64,55342.74,24.55,Card Payment,Processing,6,Mobile App,,0,0
JO-2023-11202,2023-05-07,16:44:00,May,Q2,Sunday,JMC001142,Anambra,Anambra East,Fashion,Leather Belt,H&M,1,7086.36,0,7086.36,4640.86,1500,7086.36,2445.5,34.51,Card Payment,Delivered,3,Website Desktop,5.0,0,0
JO-2023-11573,2023-05-07,18:44:00,May,Q2,Sunday,JMC000541,Oyo,Oyo,Electronics,Table Lamp LED,JBL,1,394061.82,0,394061.82,330342.02,0,394061.82,63719.8,16.17,Card Payment,Delivered,4,Mobile App,2.8,0,0
JO-2023-11664,2023-05-07,14:20:00,May,Q2,Sunday,JMC001502,Abuja,Maitama,Books & Education,English Grammar,Oxford,4,9263.13,,9263.13,6788.02,0,37052.52,9900.44,26.72,Bank Transfer,Cancelled,2,Mobile App,,0,0
JO-2023-11955,2023-05-07,15:17:00,May,Q2,Sunday,JMC000866,Abuja,Maitama,Beauty & Health,Beard Oil 50ml,Neutrogena,1,29821.23,0,29821.23,13347.98,0,29821.23,16473.25,55.24,Card Payment,Delivered,7,Mobile App,2.7,0,0
JO-2023-12303,2023-05-07,12:29:00,May,Q2,Sunday,JMC001512,Lagos,Agege,Beauty & Health,Vitamin C Serum,Black Seed,1,1240.21,0,1240.21,618.24,1500,1240.21,621.97,50.15,Card Payment,Delivered,5,Mobile App,4.0,0,0
JO-2023-12376,2023-05-07,17:02:00,May,Q2,Sunday,JMC001592,Delta,Warri,Home & Kitchen,Pressure Cooker 5L,Binatone,1,102353.56,0,102353.56,61975.08,0,102353.56,40378.48,39.45,Card Payment,Delivered,5,Mobile App,3.6,0,0
JO-2023-10003,2023-05-08,12:44:00,May,Q2,Monday,JMC000168,Oyo,Oyo,Groceries,Milk Tin 400g,Unilever,1,15341.29,40,9204.77,8153.59,1500,9204.77,1051.18,11.42,Jumia Pay Wallet,Delivered,7,USSD,3.9,0,0
JO-2023-10545,2023-05-08,08:19:00,May,Q2,Monday,JMC000413,Lagos,Ikeja,Groceries,Groundnut Oil 5L,PZ Cussons,1,2006.52,50,1003.26,879.26,1000,1003.26,124.0,12.36,Bank Transfer,Delivered,6,Website Desktop,,0,0
JO-2023-10922,2023-05-08,17:43:00,May,Q2,Monday,JMC001091,Oyo,Ibadan South,Fashion,Sunglasses UV400,Zara,1,36313.34,0,36313.34,22655.89,0,36313.34,13657.45,37.61,Card Payment,Shipped,3,Website Desktop,,0,0
JO-2023-10967,2023-05-08,11:33:00,May,Q2,Monday,JMC001344,Lagos,Ikorodu,Computing,USB Hub 7-Port,HP,2,496627.67,0,496627.67,434648.54,0,993255.34,123958.26,12.48,Jumia Pay Wallet,Delivered,8,Mobile App,3.3,0,0
JO-2023-11114,2023-05-08,09:11:00,May,Q2,Monday,JMC001180,Abuja,Wuse,Books & Education,English Grammar,Kachifo,2,13599.18,20,10879.34,7063.96,0,21758.68,7630.76,35.07,Cash on Delivery,Delivered,2,Mobile App,4.7,0,0
JO-2023-11288,2023-05-08,12:51:00,May,Q2,Monday,JMC000323,Ondo,Owo,Fashion,Men's Polo Shirt,Adidas,1,7534.67,50,3767.34,2467.61,2000,3767.34,1299.73,34.5,Jumia Pay Wallet,Delivered,8,Website Desktop,3.6,0,0
JO-2023-11912,2023-05-08,17:31:00,May,Q2,Monday,JMC000667,Delta,Warri,Books & Education,Mathematics Textbook,Farafina,1,3871.06,25,2903.3,1758.53,1000,2903.3,1144.77,39.43,Bank Transfer,Delivered,5,Website Desktop,4.4,0,0
JO-2023-12944,2023-05-08,09:51:00,May,Q2,Monday,JMC001123,Enugu,Nkanu,Electronics,Extension Socket,Samsung,1,103893.3,0,103893.3,87966.46,0,103893.3,15926.84,15.33,Card Payment,Delivered,7,Mobile App,4.3,0,0
JO-2023-10298,2023-05-09,09:37:00,May,Q2,Tuesday,JMC001022,Abuja,Asokoro,Home & Kitchen,Blender 1.5L,Scanfrost,1,77180.65,0,77180.65,58942.86,0,77180.65,18237.79,23.63,Card Payment,Delivered,8,Agent Network,4.0,0,0
JO-2023-10486,2023-05-09,21:40:00,May,Q2,Tuesday,JMC001084,Lagos,Ikorodu,Beauty & Health,Face Mask Set,Neutrogena,1,29954.4,0,29954.4,12853.43,0,29954.4,17100.97,57.09,USSD Payment,Delivered,6,USSD,3.9,0,0
JO-2023-10824,2023-05-09,17:52:00,May,Q2,Tuesday,JMC000156,Kano,Tarauni,Electronics,Desk Fan,Tecno,1,393729.96,50,196864.98,169677.93,,196864.98,27187.05,13.81,Bank Transfer,Delivered,7,Website Desktop,4.2,0,0
JO-2023-10979,2023-05-09,09:13:00,May,Q2,Tuesday,JMC001461,Lagos,Victoria Island,Electronics,Wireless Earbuds,HP,1,323791.96,0,323791.96,279432.46,0,323791.96,44359.5,13.7,Bank Transfer,Shipped,2,Mobile App,,0,0
JO-2023-11180,2023-05-09,23:35:00,May,Q2,Tuesday,JMC001161,Abuja,Gwarinpa,Beauty & Health,Moisturising Lotion 400ml,L'Oreal,3,14316.53,0,14316.53,7294.27,0,42949.59,21066.78,49.05,Jumia Pay Wallet,Cancelled,1,Mobile App,,0,0
JO-2023-11509,2023-05-09,07:10:00,May,Q2,Tuesday,JMC000855,Kano,Nassarawa,Beauty & Health,Manicure Kit,Nivea,2,13148.59,0,13148.59,5465.87,0,26297.18,15365.44,58.43,Cash on Delivery,Delivered,7,Mobile App,4.0,0,0
JO-2023-11654,2023-05-09,23:40:00,May,Q2,Tuesday,JMC001280,Ondo,Ondo City,Groceries,Rice 5kg Bag,Dangote,2,3754.24,40,2252.54,1891.23,1000,4505.08,722.62,16.04,Bank Transfer,Delivered,7,Mobile App,2.8,0,0
JO-2023-11774,2023-05-09,23:52:00,May,Q2,Tuesday,JMC000293,Ogun,Sagamu,Sports & Outdoor,Tennis Racket,Spalding,4,27068.64,0,27068.64,17830.11,0,108274.56,36954.12,34.13,Bank Transfer,Delivered,3,WhatsApp Store,3.9,0,0
JO-2023-12156,2023-05-09,10:55:00,May,Q2,Tuesday,JMC001265,Ondo,Owo,Electronics,Table Lamp LED,Tecno,1,251277.78,50,125638.89,104079.26,0,125638.89,21559.63,17.16,Card Payment,Cancelled,6,Mobile App,,0,0
JO-2023-12361,2023-05-09,17:46:00,May,Q2,Tuesday,JMC000140,Lagos,Yaba,Beauty & Health,Sunscreen SPF50,Neutrogena,1,34984.36,40,20990.62,10052.41,0,20990.62,10938.21,52.11,Jumia Pay Wallet,Delivered,1,Website Desktop,3.0,0,0
JO-2023-10165,2023-05-10,20:04:00,May,Q2,Wednesday,JMC000679,Kano,Gwale,Fashion,Women's Heels,Ankara Palace,1,69024.45,50,34512.22,18191.39,0,34512.22,16320.83,47.29,Cash on Delivery,Delivered,1,Website Desktop,3.9,0,0
JO-2023-10242,2023-05-10,13:06:00,May,Q2,Wednesday,JMC001016,Oyo,Oyo,Fashion,Wristwatch Classic,H&M,1,12097.67,40,7258.6,3836.9,1000,7258.6,3421.7,47.14,Jumia Pay Wallet,Shipped,1,Mobile App,,0,0
JO-2023-10930,2023-05-10,22:22:00,May,Q2,Wednesday,JMC000881,Rivers,Eleme,Fashion,Sneakers Size 42,Zara,3,42518.18,0,42518.18,25498.15,0,127554.54,51060.09,40.03,Jumia Pay Wallet,Delivered,2,Mobile App,2.7,0,0
JO-2023-11064,2023-05-10,21:22:00,May,Q2,Wednesday,JMC001132,Abuja,Maitama,Electronics,Smart TV 43inch,Infinix,1,367893.88,0,367893.88,313666.32,0,367893.88,54227.56,14.74,Card Payment,Delivered,7,Agent Network,4.1,0,0
JO-2023-11091,2023-05-10,09:10:00,May,Q2,Wednesday,JMC000159,Lagos,Surulere,Sports & Outdoor,Tennis Racket,Spalding,3,4703.14,0,4703.14,2875.97,0,14109.42,5481.51,38.85,Card Payment,Delivered,1,Mobile App,4.7,0,0
JO-2023-11284,2023-05-10,22:14:00,May,Q2,Wednesday,JMC000039,Edo,Benin City,Groceries,Tin Tomato Carton,Cadbury,1,8933.45,0,8933.45,7367.42,1500,8933.45,1566.03,17.53,Cash on Delivery,Delivered,6,Mobile App,4.9,0,0
JO-2023-11659,2023-05-10,12:42:00,May,Q2,Wednesday,JMC001273,Oyo,Ibadan North,Beauty & Health,Hair Relaxer Kit,Neutrogena,2,21530.9,0,21530.9,9871.92,0,43061.8,23317.96,54.15,Card Payment,Returned,1,Mobile App,,1,0
JO-2023-10124,2023-05-11,10:15:00,May,Q2,Thursday,JMC001510,Rivers,Eleme,Sports & Outdoor,Football Size 5,Under Armour,1,34870.15,0,34870.15,22993.38,0,34870.15,11876.77,34.06,Jumia Pay Wallet,Cancelled,1,Mobile App,,0,0
JO-2023-10644,2023-05-11,09:52:00,May,Q2,Thursday,JMC001508,Kano,Gwale,Computing,Wireless Mouse,Asus,2,183510.38,0,183510.38,164535.41,0,367020.76,37949.94,10.34,Card Payment,Cancelled,7,Mobile App,,0,0
JO-2023-11591,2023-05-11,21:33:00,May,Q2,Thursday,JMC000026,Kaduna,Kaduna North,Electronics,Desk Fan,Lenovo,1,242983.2,0,242983.2,199197.63,0,242983.2,43785.57,18.02,Jumia Pay Wallet,Delivered,7,Website Desktop,4.5,0,0
JO-2023-12205,2023-05-11,20:54:00,May,Q2,Thursday,JMC000506,Anambra,Onitsha,Electronics,Electric Kettle,Samsung,1,190927.01,0,190927.01,162326.14,0,190927.01,28600.87,14.98,Card Payment,Delivered,6,Mobile App,3.4,0,0
JO-2023-12866,2023-05-11,21:40:00,May,Q2,Thursday,JMC000505,Lagos,Agege,Fashion,Women's Ankara Gown,Adidas,1,3016.54,20,2413.23,1211.92,1200,2413.23,1201.31,49.78,Card Payment,Delivered,1,WhatsApp Store,3.4,0,0
JO-2023-10449,2023-05-12,21:25:00,May,Q2,Friday,JMC000086,Abuja,Wuse,Home & Kitchen,Iron Box Steam,Binatone,1,49198.33,0,49198.33,37612.12,0,49198.33,11586.21,23.55,Bank Transfer,Delivered,1,Website Desktop,3.4,0,0
JO-2023-10540,2023-05-12,13:51:00,May,Q2,Friday,JMC000977,Lagos,Ikeja,Books & Education,Finance Fundamentals,Kachifo,1,14066.13,0,14066.13,8902.45,0,14066.13,5163.68,36.71,Card Payment,Delivered,2,Mobile App,3.1,0,0
JO-2023-11148,2023-05-12,18:40:00,May,Q2,Friday,JMC000329,Lagos,Ikorodu,Groceries,Spaghetti 500g,Cadbury,1,23896.08,0,23896.08,21492.13,0,23896.08,2403.95,10.06,Bank Transfer,Shipped,2,Website Desktop,,0,0
JO-2023-11372,2023-05-12,14:34:00,May,Q2,Friday,JMC001018,Abuja,Wuse,Computing,External SSD 1TB,Acer,4,257962.67,0,257962.67,225201.41,0,1031850.68,131045.04,12.7,Card Payment,Delivered,2,Website Desktop,4.2,0,0
JO-2023-12165,2023-05-12,17:24:00,May,Q2,Friday,JMC000360,Oyo,Oyo,Fashion,Leather Belt,Nike,1,19221.06,0,19221.06,11063.64,0,19221.06,8157.42,42.44,Bank Transfer,Delivered,6,Agent Network,3.1,0,0
JO-2023-12514,2023-05-12,21:32:00,May,Q2,Friday,JMC000514,Delta,Ethiope East,Electronics,Smart Watch,JBL,3,179246.47,25,134434.85,116272.7,0,403304.55,54486.45,13.51,Card Payment,Delivered,5,Website Desktop,3.6,0,0
JO-2023-10012,2023-05-13,20:53:00,May,Q2,Saturday,JMC000258,Ogun,Ilaro,Groceries,Honey Natural 500g,Nestle,1,13436.08,0,13436.08,11770.01,0,13436.08,1666.07,12.4,Jumia Pay Wallet,Delivered,3,Mobile App,2.9,0,0
JO-2023-10014,2023-05-13,13:53:00,May,Q2,Saturday,JMC000854,Lagos,Ikorodu,Fashion,Leather Belt,H&M,2,7605.58,0,7605.58,3617.97,0,15211.16,7975.22,52.43,Jumia Pay Wallet,Cancelled,3,Mobile App,,0,0
JO-2023-10285,2023-05-13,10:57:00,May,Q2,Saturday,JMC001584,Kano,Gwale,Computing,Mechanical Keyboard,Asus,2,324855.27,0,324855.27,259266.99,0,649710.54,131176.56,20.19,Card Payment,Delivered,8,Website Desktop,2.8,0,0
JO-2023-10653,2023-05-13,20:07:00,May,Q2,Saturday,JMC001586,Abuja,Maitama,Sports & Outdoor,Football Size 5,Under Armour,1,55378.47,30,38764.93,28891.5,0,38764.93,9873.43,25.47,Bank Transfer,Delivered,2,Mobile App,4.9,0,0
JO-2023-11530,2023-05-13,16:11:00,May,Q2,Saturday,JMC000227,Ondo,Owo,Groceries,Rice 5kg Bag,Unilever,1,22384.45,0,22384.45,18879.05,0,22384.45,3505.4,15.66,Jumia Pay Wallet,Delivered,6,Website Desktop,3.9,0,0
JO-2023-11723,2023-05-13,07:00:00,May,Q2,Saturday,JMC000579,Kano,Kano City,Sports & Outdoor,Football Size 5,Under Armour,1,77133.62,0,77133.62,54610.6,0,77133.62,22523.02,29.2,Jumia Pay Wallet,Returned,3,USSD,,1,0
JO-2023-11847,2023-05-13,09:41:00,May,Q2,Saturday,JMC000529,Abuja,Maitama,Fashion,Handbag Brown,H&M,1,83751.57,10,75376.41,37341.47,0,75376.41,38034.94,50.46,Bank Transfer,Returned,8,Mobile App,,1,0
JO-2023-12173,2023-05-13,17:29:00,May,Q2,Saturday,JMC001436,Anambra,Nnewi,Fashion,Sunglasses UV400,Zara,3,35443.27,0,35443.27,19373.29,0,106329.81,48209.94,45.34,Cash on Delivery,Shipped,6,Mobile App,,0,0
JO-2023-12275,2023-05-13,21:50:00,May,Q2,Saturday,JMC000065,Kano,Nassarawa,Computing,Printer Ink Cartridge,Acer,3,322452.04,0,322452.04,275374.04,0,967356.12,141234.0,14.6,Bank Transfer,Delivered,3,Website Desktop,4.3,0,0
JO-2023-12452,2023-05-13,22:55:00,May,Q2,Saturday,JMC001500,Bauchi,Bauchi City,Electronics,Extension Socket,Infinix,1,135496.34,30,94847.44,74265.55,0,94847.44,20581.89,21.7,Bank Transfer,Delivered,3,Mobile App,2.7,0,0
JO-2023-10059,2023-05-14,12:18:00,May,Q2,Sunday,JMC001433,Lagos,Surulere,Electronics,Smart TV 43inch,JBL,2,355621.76,0,355621.76,277207.16,0,711243.52,156829.2,22.05,Cash on Delivery,Delivered,6,Agent Network,4.4,0,0
JO-2023-10280,2023-05-14,20:39:00,May,Q2,Sunday,JMC001024,Oyo,Oyo,Electronics,Smart TV 43inch,Sony,1,298074.42,0,298074.42,238250.88,0,298074.42,59823.54,20.07,Bank Transfer,Delivered,1,Agent Network,5.0,0,0
JO-2023-10318,2023-05-14,17:03:00,May,Q2,Sunday,JMC000479,Abuja,Garki,Fashion,Men's Jeans,Lagos Styles,1,14330.88,0,14330.88,7122.45,0,14330.88,7208.43,50.3,Jumia Pay Wallet,Delivered,6,Mobile App,3.3,0,0
JO-2023-11002,2023-05-14,14:35:00,May,Q2,Sunday,JMC000039,Kano,Gwale,Fashion,Sunglasses UV400,H&M,1,43082.67,0,43082.67,26719.87,0,43082.67,16362.8,37.98,Bank Transfer,Delivered,1,WhatsApp Store,5.0,0,0
JO-2023-11454,2023-05-14,22:40:00,May,Q2,Sunday,JMC000984,Rivers,Obio-Akpor,Fashion,Handbag Brown,Ankara Palace,2,52304.42,40,31382.65,14658.84,0,62765.3,33447.62,53.29,Cash on Delivery,Shipped,3,Website Desktop,,0,0
JO-2023-11562,2023-05-14,09:03:00,May,Q2,Sunday,JMC000622,Lagos,Agege,Home & Kitchen,Iron Box Steam,Nasco,4,29632.25,0,29632.25,20446.25,0,118529.0,36744.0,31.0,Cash on Delivery,Delivered,8,Website Desktop,3.0,0,0
JO-2023-12214,2023-05-14,23:07:00,May,Q2,Sunday,JMC000332,Oyo,Ibadan South,Computing,Laptop Stand Aluminium,Acer,1,378440.99,0,378440.99,321334.24,0,378440.99,57106.75,15.09,Card Payment,Delivered,7,Mobile App,3.1,0,0
JO-2023-12817,2023-05-14,20:51:00,May,Q2,Sunday,JMC000895,Lagos,Lekki,Computing,USB Hub 7-Port,MacBook,1,173056.38,25,129792.29,102639.74,0,129792.29,27152.55,20.92,USSD Payment,Delivered,5,Website Desktop,2.6,0,0
JO-2023-12888,2023-05-14,07:59:00,May,Q2,Sunday,JMC001221,Benue,Katsina-Ala,Groceries,Noodles Instant 70g,PZ Cussons,3,13123.46,0,13123.46,10916.09,0,39370.38,6622.11,16.82,Cash on Delivery,Delivered,8,Website Desktop,3.5,0,0
JO-2023-10054,2023-05-15,08:17:00,May,Q2,Monday,JMC001392,Kano,Gwale,Fashion,Leather Belt,Nike,4,74983.77,25,56237.83,27534.04,0,224951.32,114815.16,51.04,Jumia Pay Wallet,Cancelled,4,Mobile App,,0,0
JO-2023-11536,2023-05-15,10:43:00,May,Q2,Monday,JMC000480,Ogun,Abeokuta,Books & Education,English Grammar,Farafina,1,13731.36,25,10298.52,7019.47,0,10298.52,3279.05,31.84,Card Payment,Delivered,2,Agent Network,4.6,0,0
JO-2023-11730,2023-05-15,12:12:00,May,Q2,Monday,JMC000811,Lagos,Agege,Fashion,Handbag Brown,Nike,2,35482.31,0,35482.31,17127.31,0,70964.62,36710.0,51.73,Card Payment,Delivered,1,Mobile App,3.6,0,0
JO-2023-11757,2023-05-15,21:44:00,May,Q2,Monday,JMC000784,Enugu,Enugu South,Electronics,Table Lamp LED,Samsung,1,229711.05,0,229711.05,177543.67,0,229711.05,52167.38,22.71,Card Payment,Delivered,2,Mobile App,2.7,0,0
JO-2023-11909,2023-05-15,08:55:00,May,Q2,Monday,JMC001210,Lagos,Yaba,Groceries,Groundnut Oil 5L,Nestle,2,395.5,10,355.95,315.34,2000,711.9,81.22,11.41,Card Payment,Shipped,7,Website Desktop,,0,0
JO-2023-12127,2023-05-15,23:47:00,May,Q2,Monday,JMC000190,Abuja,Maitama,Home & Kitchen,Blender 1.5L,Philips,2,74179.15,0,74179.15,58505.1,0,148358.3,31348.1,21.13,Cash on Delivery,Delivered,5,Mobile App,3.8,0,0
JO-2023-10193,2023-05-16,21:59:00,May,Q2,Tuesday,JMC001498,Lagos,Ikorodu,Beauty & Health,Vitamin C Serum,Nivea,1,10397.51,0,10397.51,4929.46,,10397.51,5468.05,52.59,Card Payment,Delivered,8,Mobile App,4.1,0,0
JO-2023-10484,2023-05-16,11:47:00,May,Q2,Tuesday,JMC000459,Abuja,Kubwa,Computing,Wireless Mouse,Acer,3,594338.7,,594338.7,513152.03,0,1783016.1,243560.01,13.66,Jumia Pay Wallet,Processing,6,WhatsApp Store,,0,0
JO-2023-10648,2023-05-16,09:15:00,May,Q2,Tuesday,JMC000073,Lagos,Agege,Fashion,Sunglasses UV400,Ankara Palace,2,7453.34,15,6335.34,3689.07,0,12670.68,5292.54,41.77,Card Payment,Delivered,5,Mobile App,4.8,0,0
JO-2023-10759,2023-05-16,09:44:00,May,Q2,Tuesday,JMC000771,Lagos,Victoria Island,Home & Kitchen,Iron Box Steam,Nexus,2,3356.87,25,2517.65,1790.55,1000,5035.3,1454.2,28.88,Jumia Pay Wallet,Delivered,1,Website Desktop,3.5,0,0
JO-2023-10852,2023-05-16,14:31:00,May,Q2,Tuesday,JMC000051,Abuja,Wuse,Computing,External SSD 1TB,Acer,1,537428.83,0,537428.83,425589.89,0,537428.83,111838.94,20.81,Card Payment,Delivered,1,Mobile App,3.3,0,0
JO-2023-11009,2023-05-16,10:34:00,May,Q2,Tuesday,JMC001446,Rivers,Eleme,Sports & Outdoor,Tennis Racket,Spalding,1,60700.66,0,60700.66,41173.26,0,60700.66,19527.4,32.17,Card Payment,Delivered,2,WhatsApp Store,3.3,0,0
JO-2023-11661,2023-05-16,19:32:00,May,Q2,Tuesday,JMC000480,Niger,Kontagora,Sports & Outdoor,Tennis Racket,Puma,1,70723.41,0,70723.41,51203.75,0,70723.41,19519.66,27.6,Card Payment,Cancelled,7,Website Desktop,,0,0
JO-2023-11874,2023-05-16,19:58:00,May,Q2,Tuesday,JMC000245,Cross River,Obanliku,Home & Kitchen,Dish Rack,Nasco,2,129896.02,0,129896.02,80301.72,0,259792.04,99188.6,38.18,Bank Transfer,Shipped,7,Website Desktop,,0,0
JO-2023-12132,2023-05-16,12:15:00,May,Q2,Tuesday,JMC000278,Lagos,Surulere,Groceries,Tin Tomato Carton,Dangote,1,5685.32,25,4263.99,3853.79,,4263.99,410.2,9.62,Bank Transfer,Delivered,4,Agent Network,4.2,0,0
JO-2023-12563,2023-05-16,19:29:00,May,Q2,Tuesday,JMC001178,Abuja,Maitama,Computing,Monitor 24inch,,4,244888.27,,244888.27,204236.82,0,979553.08,162605.8,16.6,Bank Transfer,Delivered,1,Website Desktop,3.2,0,0
JO-2023-12652,2023-05-16,17:01:00,May,Q2,Tuesday,JMC001504,Imo,Mbaitoli,Fashion,Wristwatch Classic,Lagos Styles,1,6557.8,0,6557.8,3046.75,1500,6557.8,3511.05,53.54,Bank Transfer,Delivered,3,Mobile App,3.3,0,0
JO-2023-10603,2023-05-17,07:40:00,May,Q2,Wednesday,JMC000276,Ogun,Ilaro,Fashion,Leather Belt,H&M,3,77953.06,0,77953.06,45368.68,0,233859.18,97753.14,41.8,Cash on Delivery,Delivered,1,Mobile App,3.6,0,0
JO-2023-10773,2023-05-17,12:11:00,May,Q2,Wednesday,JMC000927,Lagos,Lekki,Groceries,Tomato Paste 400g,Nestle,1,24555.73,50,12277.86,10072.76,0,12277.86,2205.1,17.96,Bank Transfer,Processing,1,Website Desktop,,0,0
JO-2023-10882,2023-05-17,22:10:00,May,Q2,Wednesday,JMC000879,Lagos,Yaba,Home & Kitchen,Storage Containers,Binatone,1,167463.59,0,167463.59,100846.57,0,167463.59,66617.02,39.78,Card Payment,Cancelled,2,Mobile App,,0,0
JO-2023-11136,2023-05-17,18:51:00,May,Q2,Wednesday,JMC000026,Lagos,Surulere,Groceries,Tomato Paste 400g,Unilever,2,17764.27,0,17764.27,14978.83,0,35528.54,5570.88,15.68,Bank Transfer,Shipped,4,Mobile App,,0,0
JO-2023-12237,2023-05-17,17:39:00,May,Q2,Wednesday,JMC000011,Kano,Gwale,Beauty & Health,Shampoo Anti-Dandruff,Nivea,2,15133.98,0,15133.98,9690.29,0,30267.96,10887.38,35.97,Card Payment,Delivered,6,USSD,2.6,0,0
JO-2023-12638,2023-05-17,07:31:00,May,Q2,Wednesday,JMC001072,Edo,Ikpoba-Okha,Books & Education,Mathematics Textbook,Kachifo,5,5837.34,,5837.34,3714.88,0,29186.7,10612.3,36.36,Jumia Pay Wallet,Delivered,4,Mobile App,4.6,0,0
JO-2023-10190,2023-05-18,11:59:00,May,Q2,Thursday,JMC000745,Oyo,Ibadan South,Electronics,Phone Charger USB-C,Lenovo,1,167972.41,0,167972.41,141147.22,0,167972.41,26825.19,15.97,Bank Transfer,Delivered,3,USSD,3.1,0,0
JO-2023-10243,2023-05-18,18:10:00,May,Q2,Thursday,JMC000752,Kano,Gwale,Electronics,Table Lamp LED,JBL,3,84944.47,40,50966.68,39657.17,0,152900.04,33928.53,22.19,Card Payment,Processing,3,Mobile App,,0,0
JO-2023-10485,2023-05-18,11:57:00,May,Q2,Thursday,JMC000165,Abuja,Asokoro,Home & Kitchen,Coffee Maker,Nasco,3,31840.22,0,31840.22,21718.21,0,95520.66,30366.03,31.79,Card Payment,Delivered,1,Website Desktop,3.4,0,0
JO-2023-10609,2023-05-18,19:19:00,May,Q2,Thursday,JMC000846,Delta,Uvwie,Fashion,Men's Jeans,Nike,1,39961.4,0,39961.4,27825.12,0,39961.4,12136.28,30.37,Jumia Pay Wallet,Delivered,1,Mobile App,4.3,0,0
JO-2023-10775,2023-05-18,08:43:00,May,Q2,Thursday,JMC001298,Kaduna,Kaduna South,Computing,Laptop Stand Aluminium,MacBook,1,599326.98,15,509427.93,415030.93,0,509427.93,94397.0,18.53,Card Payment,Returned,7,Website Desktop,,1,0
JO-2023-10842,2023-05-18,11:49:00,May,Q2,Thursday,JMC000628,Anambra,Onitsha,Computing,Mechanical Keyboard,Dell,1,720659.22,0,720659.22,588778.58,0,720659.22,131880.64,18.3,Bank Transfer,Cancelled,1,Website Desktop,,0,0
JO-2023-11380,2023-05-18,11:28:00,May,Q2,Thursday,JMC001036,Cross River,Ikom,Beauty & Health,Face Mask Set,Black Seed,1,5706.99,10,5136.29,2247.64,2000,5136.29,2888.65,56.24,Card Payment,Processing,1,Mobile App,,0,0
JO-2023-11517,2023-05-18,08:01:00,May,Q2,Thursday,JMC001002,Lagos,Lekki,Books & Education,Business Management,Pearson,1,12931.91,0,12931.91,9458.4,0,12931.91,3473.51,26.86,Card Payment,Delivered,2,Website Desktop,2.7,0,0
JO-2023-11518,2023-05-18,21:06:00,May,Q2,Thursday,JMC001491,Ogun,Abeokuta,Electronics,Desk Fan,HP,1,220957.31,15,187813.71,160937.57,0,187813.71,26876.14,14.31,Card Payment,Delivered,2,Agent Network,3.9,0,0
JO-2023-11920,2023-05-18,16:14:00,May,Q2,Thursday,JMC001019,Kano,Tarauni,Groceries,Biscuits Assorted,,1,16083.03,0,16083.03,13858.75,0,16083.03,2224.28,13.83,Bank Transfer,Delivered,5,Website Desktop,,0,0
JO-2023-12302,2023-05-18,15:56:00,May,Q2,Thursday,JMC000551,Delta,Warri,Computing,Printer Ink Cartridge,MacBook,3,439517.47,0,439517.47,389500.38,0,1318552.41,150051.27,11.38,Jumia Pay Wallet,Shipped,2,USSD,,0,0
JO-2023-12432,2023-05-18,09:07:00,May,Q2,Thursday,JMC000223,Lagos,Yaba,Beauty & Health,Vitamin C Serum,Dove,3,21778.12,0,21778.12,13502.43,0,65334.36,24827.07,38.0,Card Payment,Delivered,1,Website Desktop,4.1,0,0
JO-2023-12506,2023-05-18,20:01:00,May,Q2,Thursday,JMC000019,Anambra,Onitsha,Home & Kitchen,Kitchen Towel Set,Scanfrost,3,88074.51,0,88074.51,68425.09,0,264223.53,58948.26,22.31,Jumia Pay Wallet,Shipped,3,USSD,,0,0
JO-2023-12586,2023-05-18,17:00:00,May,Q2,Thursday,JMC000056,Abuja,Wuse,Home & Kitchen,Pressure Cooker 5L,Binatone,1,31041.44,10,27937.3,19631.54,0,27937.3,8305.76,29.73,Card Payment,Shipped,1,Website Desktop,,0,0
JO-2023-10107,2023-05-19,11:35:00,May,Q2,Friday,JMC000492,Lagos,Yaba,Fashion,Women's Heels,H&M,1,54050.2,0,54050.2,31403.17,0,54050.2,22647.03,41.9,Bank Transfer,Delivered,4,Mobile App,4.3,0,0
JO-2023-10163,2023-05-19,12:44:00,May,Q2,Friday,JMC000835,Enugu,Enugu South,Electronics,Bluetooth Speaker,Sony,1,371206.59,25,278404.94,238286.79,0,278404.94,40118.15,14.41,Cash on Delivery,Delivered,3,Website Desktop,4.7,0,0
JO-2023-10237,2023-05-19,23:09:00,May,Q2,Friday,JMC001356,Lagos,Lagos Island,Computing,Webcam HD 1080p,Microsoft,1,491479.83,0,491479.83,420755.88,0,491479.83,70723.95,14.39,Cash on Delivery,Delivered,3,Mobile App,2.9,0,0
JO-2023-10360,2023-05-19,22:03:00,May,Q2,Friday,JMC001556,Enugu,Enugu North,Electronics,Table Lamp LED,Infinix,1,391938.29,0,391938.29,300812.64,0,391938.29,91125.65,23.25,Jumia Pay Wallet,Delivered,7,Website Desktop,3.0,0,0
JO-2023-10455,2023-05-19,18:32:00,May,Q2,Friday,JMC001161,Abuja,Maitama,Beauty & Health,Beard Oil 50ml,Nivea,1,20173.15,0,20173.15,8918.55,0,20173.15,11254.6,55.79,Jumia Pay Wallet,Delivered,1,Website Desktop,3.3,0,0
JO-2023-11293,2023-05-19,23:32:00,May,Q2,Friday,JMC000461,Bauchi,Ningi,Beauty & Health,Sunscreen SPF50,Neutrogena,1,14136.18,0,14136.18,9095.22,0,14136.18,5040.96,35.66,Cash on Delivery,Cancelled,6,Agent Network,,0,0
JO-2023-11458,2023-05-19,20:25:00,May,Q2,Friday,JMC001345,Niger,Minna,Fashion,Leather Belt,H&M,2,31595.25,0,31595.25,19453.2,0,63190.5,24284.1,38.43,Cash on Delivery,Delivered,4,Website Desktop,2.5,0,0
JO-2023-11463,2023-05-19,07:16:00,May,Q2,Friday,JMC000206,Kaduna,Kaduna South,Sports & Outdoor,Running Shoes,Decathlon,1,57033.3,0,57033.3,34037.47,0,57033.3,22995.83,40.32,Cash on Delivery,Shipped,7,Website Desktop,,0,0
JO-2023-12727,2023-05-19,18:27:00,May,Q2,Friday,JMC001593,Lagos,Lagos Island,Electronics,Bluetooth Speaker,Tecno,1,433151.23,0,433151.23,375802.01,0,433151.23,57349.22,13.24,Card Payment,Delivered,8,Mobile App,3.9,0,0
JO-2023-12963,2023-05-19,19:03:00,May,Q2,Friday,JMC001353,Lagos,Surulere,Fashion,Men's Polo Shirt,H&M,1,48861.18,,48861.18,28950.25,0,48861.18,19910.93,40.75,Bank Transfer,Returned,4,USSD,,1,0
JO-2023-10168,2023-05-20,16:57:00,May,Q2,Saturday,JMC000405,Delta,Oshimili,Home & Kitchen,Air Fryer 4L,Scanfrost,5,72429.86,0,72429.86,54076.13,0,362149.3,91768.65,25.34,Jumia Pay Wallet,Cancelled,4,Website Desktop,,0,0
JO-2023-10995,2023-05-20,12:33:00,May,Q2,Saturday,JMC001069,Ogun,Sagamu,Fashion,Wristwatch Classic,Nike,4,32549.05,0,32549.05,15405.47,0,130196.2,68574.32,52.67,Card Payment,Delivered,5,Agent Network,4.4,0,0
JO-2023-11081,2023-05-20,18:40:00,May,Q2,Saturday,JMC000226,Abuja,Gwarinpa,Beauty & Health,Face Mask Set,Nivea,1,2164.0,0,2164.0,1229.15,700,2164.0,934.85,43.2,Cash on Delivery,Delivered,2,Mobile App,2.6,0,0
JO-2023-11267,2023-05-20,20:52:00,May,Q2,Saturday,JMC000672,Benue,Gboko,Electronics,Smart Watch,JBL,2,141289.79,5,134225.3,109393.62,0,268450.6,49663.36,18.5,Card Payment,Cancelled,3,Website Desktop,,0,0
JO-2023-11400,2023-05-20,08:26:00,May,Q2,Saturday,JMC000460,Lagos,Lagos Island,Beauty & Health,Vitamin C Serum,Olay,1,33983.17,0,33983.17,20192.8,0,33983.17,13790.37,40.58,Bank Transfer,Shipped,2,Website Desktop,,0,0
JO-2023-11561,2023-05-20,20:03:00,May,Q2,Saturday,JMC000240,Oyo,Oyo,Home & Kitchen,Coffee Maker,Scanfrost,1,164802.2,40,98881.32,68198.45,0,98881.32,30682.87,31.03,Card Payment,Delivered,8,Mobile App,2.7,0,0
JO-2023-11917,2023-05-20,18:40:00,May,Q2,Saturday,JMC000443,Abuja,Wuse,Beauty & Health,Shampoo Anti-Dandruff,Black Seed,3,29405.59,0,29405.59,11876.92,0,88216.77,52586.01,59.61,Cash on Delivery,Shipped,7,Website Desktop,,0,0
JO-2023-10290,2023-05-21,22:23:00,May,Q2,Sunday,JMC000438,Kano,Kano City,Home & Kitchen,Storage Containers,Bosch,2,37391.2,0,37391.2,29247.4,0,74782.4,16287.6,21.78,Card Payment,Delivered,4,Mobile App,4.2,0,0
JO-2023-10470,2023-05-21,20:58:00,May,Q2,Sunday,JMC000395,Lagos,Surulere,Home & Kitchen,Coffee Maker,Philips,1,68037.9,0,68037.9,46156.91,0,68037.9,21880.99,32.16,Jumia Pay Wallet,Delivered,7,Mobile App,4.1,0,0
JO-2023-11491,2023-05-21,23:47:00,May,Q2,Sunday,JMC000513,Lagos,Yaba,Computing,USB Hub 7-Port,Microsoft,1,346941.41,0,346941.41,284942.98,0,346941.41,61998.43,17.87,Card Payment,Delivered,3,Mobile App,3.2,0,0
JO-2023-12837,2023-05-21,07:14:00,May,Q2,Sunday,JMC000671,Oyo,Ibadan South,Home & Kitchen,Pressure Cooker 5L,Nasco,2,7864.99,0,7864.99,6015.14,0,15729.98,3699.7,23.52,Card Payment,Delivered,4,USSD,4.9,0,0
JO-2023-12870,2023-05-21,17:20:00,May,Q2,Sunday,JMC000760,Ondo,Akure,Electronics,Wireless Earbuds,Lenovo,3,330820.8,30,231574.56,186602.78,0,694723.68,134915.34,19.42,Card Payment,Delivered,3,Website Desktop,2.5,0,0
JO-2023-12897,2023-05-21,15:14:00,May,Q2,Sunday,JMC000583,Lagos,Surulere,Fashion,Women's Ankara Gown,Nike,5,20242.85,0,20242.85,11080.94,0,101214.25,45809.55,45.26,Card Payment,Delivered,6,Agent Network,4.6,0,0
JO-2023-10281,2023-05-22,07:52:00,May,Q2,Monday,JMC000507,Abuja,Gwarinpa,Fashion,Handbag Brown,Lagos Styles,1,65063.74,0,65063.74,36708.96,0,65063.74,28354.78,43.58,Bank Transfer,Cancelled,7,WhatsApp Store,,0,0
JO-2023-10721,2023-05-22,07:47:00,May,Q2,Monday,JMC000622,Lagos,Surulere,Electronics,Electric Kettle,Samsung,2,336659.36,0,336659.36,265523.24,0,673318.72,142272.24,21.13,Bank Transfer,Delivered,6,Agent Network,3.5,0,0
JO-2023-11113,2023-05-22,13:21:00,May,Q2,Monday,JMC001397,Kwara,Patigi,Computing,Laptop Bag 15inch,Microsoft,3,513470.52,10,462123.47,410827.76,0,1386370.41,153887.13,11.1,Card Payment,Processing,8,USSD,,0,0
JO-2023-11286,2023-05-22,15:06:00,May,Q2,Monday,JMC001103,Lagos,Lekki,Groceries,Tomato Paste 400g,Nestle,1,24731.27,30,17311.89,14734.15,0,17311.89,2577.74,14.89,Bank Transfer,Delivered,8,Mobile App,4.4,0,0
JO-2023-11610,2023-05-22,18:39:00,May,Q2,Monday,JMC001514,Lagos,Agege,Fashion,Women's Heels,,5,38734.96,0,38734.96,26696.13,0,193674.8,60194.15,31.08,Cash on Delivery,Delivered,2,Website Desktop,2.8,0,0
JO-2023-12427,2023-05-22,14:14:00,May,Q2,Monday,JMC001559,Benue,Makurdi,Computing,Laptop Bag 15inch,Dell,2,779908.03,0,779908.03,667835.25,0,1559816.06,224145.56,14.37,Jumia Pay Wallet,Shipped,4,Mobile App,,0,0
JO-2023-12587,2023-05-22,07:50:00,May,Q2,Monday,JMC000004,Kaduna,Kaduna North,Fashion,Wristwatch Classic,Adidas,2,65111.93,30,45578.35,27875.72,0,91156.7,35405.26,38.84,Jumia Pay Wallet,Delivered,8,Mobile App,4.1,0,0
JO-2023-12902,2023-05-22,11:07:00,May,Q2,Monday,JMC001245,Rivers,Port Harcourt,Electronics,Power Bank 20000mAh,Lenovo,1,331229.3,5,314667.83,231658.46,0,314667.83,83009.37,26.38,Bank Transfer,Delivered,5,Website Desktop,4.1,0,0
JO-2023-12908,2023-05-22,15:33:00,May,Q2,Monday,JMC001131,Oyo,Oyo,Beauty & Health,Moisturising Lotion 400ml,Dove,2,9816.59,0,9816.59,4920.07,0,19633.18,9793.04,49.88,Card Payment,Shipped,5,Mobile App,,0,0
JO-2023-10169,2023-05-23,22:42:00,May,Q2,Tuesday,JMC001374,Kano,Kano City,Fashion,Men's Jeans,Lagos Styles,1,78110.4,0,78110.4,42374.89,0,78110.4,35735.51,45.75,Card Payment,Delivered,5,Website Desktop,4.2,0,0
JO-2023-10607,2023-05-23,23:49:00,May,Q2,Tuesday,JMC001338,Delta,Ethiope East,Electronics,Smart TV 43inch,JBL,2,355687.04,0,355687.04,273132.08,0,711374.08,165109.92,23.21,Bank Transfer,Shipped,6,Website Desktop,,0,0
JO-2023-10616,2023-05-23,08:15:00,May,Q2,Tuesday,JMC000012,Delta,Warri,Groceries,Tin Tomato Carton,Nestle,4,8671.91,0,8671.91,7388.47,0,34687.64,5133.76,14.8,Card Payment,Delivered,7,Mobile App,3.1,0,0
JO-2023-10982,2023-05-23,16:32:00,May,Q2,Tuesday,JMC001197,Rivers,Oyigbo,Groceries,Milk Tin 400g,PZ Cussons,1,6358.04,0,6358.04,5803.62,2000,6358.04,554.42,8.72,Card Payment,Delivered,3,Mobile App,2.9,0,0
JO-2023-11049,2023-05-23,20:25:00,May,Q2,Tuesday,JMC000876,Niger,Bida,Beauty & Health,Moisturising Lotion 400ml,Black Seed,1,5288.21,40,3172.93,1476.05,1000,3172.93,1696.88,53.48,Bank Transfer,Delivered,8,Mobile App,3.8,0,0
JO-2023-11443,2023-05-23,09:23:00,May,Q2,Tuesday,JMC001593,Plateau,Barkin Ladi,Home & Kitchen,Blender 1.5L,Binatone,3,75574.82,0,75574.82,52396.02,0,226724.46,69536.4,30.67,Cash on Delivery,Cancelled,5,Mobile App,,0,0
JO-2023-11793,2023-05-23,13:47:00,May,Q2,Tuesday,JMC000311,Lagos,Lekki,Electronics,Smart Watch,Apple,1,168316.16,20,134652.93,104961.96,0,134652.93,29690.97,22.05,Card Payment,Delivered,3,Website Desktop,5.0,0,0
JO-2023-12034,2023-05-23,14:59:00,May,Q2,Tuesday,JMC000147,Oyo,Oyo,Electronics,Extension Socket,,3,216128.91,0,216128.91,169401.84,0,648386.73,140181.21,21.62,Card Payment,Delivered,6,Mobile App,3.9,0,0
JO-2023-12266,2023-05-23,19:34:00,May,Q2,Tuesday,JMC001255,Lagos,Yaba,Fashion,Sneakers Size 42,Adidas,1,80168.74,0,80168.74,40172.56,0,80168.74,39996.18,49.89,Cash on Delivery,Delivered,6,Mobile App,2.8,0,0
JO-2023-12430,2023-05-23,22:00:00,May,Q2,Tuesday,JMC000386,Bauchi,Azare,Computing,Webcam HD 1080p,Asus,1,807525.82,0,807525.82,711026.48,0,807525.82,96499.34,11.95,Bank Transfer,Shipped,1,Mobile App,,0,0
JO-2023-10406,2023-05-24,12:59:00,May,Q2,Wednesday,JMC000742,Oyo,Oyo,Beauty & Health,Face Mask Set,Neutrogena,1,9135.88,0,9135.88,4046.28,700,9135.88,5089.6,55.71,Card Payment,Delivered,7,Mobile App,3.9,0,0
JO-2023-10467,2023-05-24,23:49:00,May,Q2,Wednesday,JMC000047,Benue,Gboko,Fashion,Sunglasses UV400,Adidas,1,63382.03,10,57043.83,27951.48,0,57043.83,29092.35,51.0,Jumia Pay Wallet,Delivered,6,Website Desktop,3.4,0,0
JO-2023-10636,2023-05-24,20:31:00,May,Q2,Wednesday,JMC000480,Delta,Oshimili,Electronics,Smart Watch,JBL,1,211346.15,0,211346.15,157262.67,0,211346.15,54083.48,25.59,Bank Transfer,Delivered,4,Mobile App,4.7,0,0
JO-2023-10892,2023-05-24,07:35:00,May,Q2,Wednesday,JMC000916,Lagos,Victoria Island,Home & Kitchen,Pressure Cooker 5L,Scanfrost,2,127392.63,0,127392.63,91467.91,0,254785.26,71849.44,28.2,Cash on Delivery,Delivered,1,Website Desktop,4.0,0,0
JO-2023-11207,2023-05-24,23:42:00,May,Q2,Wednesday,JMC000398,Edo,Egor,Groceries,Tin Tomato Carton,Unilever,1,13853.9,0,13853.9,11475.19,0,13853.9,2378.71,17.17,Card Payment,Processing,3,WhatsApp Store,,0,0
JO-2023-11310,2023-05-24,10:22:00,May,Q2,Wednesday,JMC000055,Lagos,Ikeja,Groceries,Spaghetti 500g,Cadbury,4,18992.03,10,17092.83,14255.42,0,68371.32,11349.64,16.6,Cash on Delivery,Delivered,6,Website Desktop,3.0,0,0
JO-2023-11754,2023-05-24,15:30:00,May,Q2,Wednesday,JMC000414,Nasarawa,Akwanga,Groceries,Biscuits Assorted,PZ Cussons,3,11493.64,,11493.64,10231.64,0,34480.92,3786.0,10.98,Cash on Delivery,Processing,2,Agent Network,,0,0
JO-2023-11875,2023-05-24,21:16:00,May,Q2,Wednesday,JMC001585,Enugu,Nkanu,Electronics,Desk Fan,,2,349670.17,0,349670.17,267043.11,0,699340.34,165254.12,23.63,Bank Transfer,Delivered,2,Mobile App,3.3,0,0
JO-2023-12184,2023-05-24,13:09:00,May,Q2,Wednesday,JMC000540,Ondo,Owo,Electronics,Wireless Earbuds,HP,1,236731.83,25,177548.87,133907.36,0,177548.87,43641.51,24.58,Jumia Pay Wallet,Delivered,6,USSD,3.4,0,0
JO-2023-12261,2023-05-24,23:13:00,May,Q2,Wednesday,JMC000758,Rivers,Oyigbo,Fashion,Men's Polo Shirt,H&M,4,14678.91,,14678.91,8205.51,0,58715.64,25893.6,44.1,Cash on Delivery,Delivered,4,Mobile App,4.0,0,0
JO-2023-12421,2023-05-24,23:26:00,May,Q2,Wednesday,JMC001265,Ondo,Ikare,Beauty & Health,Perfume Floral 100ml,Black Seed,2,2299.78,40,1379.87,706.49,700,2759.74,1346.76,48.8,Card Payment,Returned,7,Mobile App,,1,0
JO-2023-12492,2023-05-24,14:50:00,May,Q2,Wednesday,JMC000367,Imo,Owerri,Fashion,Sneakers Size 42,Adidas,5,2625.9,0,2625.9,1365.21,0,13129.5,6303.45,48.01,Jumia Pay Wallet,Delivered,1,Mobile App,3.2,0,0
JO-2023-12820,2023-05-24,15:19:00,May,Q2,Wednesday,JMC000617,Benue,Katsina-Ala,Home & Kitchen,Kitchen Towel Set,Bosch,1,74758.07,0,74758.07,52098.9,0,74758.07,22659.17,30.31,Bank Transfer,Delivered,6,Mobile App,4.2,0,0
JO-2023-10140,2023-05-25,17:44:00,May,Q2,Thursday,JMC001527,Anambra,Anambra East,Home & Kitchen,Coffee Maker,Binatone,3,70478.18,40,42286.91,27029.79,0,126860.73,45771.36,36.08,Bank Transfer,Delivered,1,WhatsApp Store,4.2,0,0
JO-2023-10260,2023-05-25,19:37:00,May,Q2,Thursday,JMC000446,Abuja,Garki,Groceries,Spaghetti 500g,Unilever,2,19890.11,15,16906.59,15266.65,0,33813.18,3279.88,9.7,Jumia Pay Wallet,Shipped,2,USSD,,0,0
JO-2023-10904,2023-05-25,13:29:00,May,Q2,Thursday,JMC001528,Kano,Tarauni,Home & Kitchen,Coffee Maker,Philips,2,131175.32,0,131175.32,99981.83,0,262350.64,62386.98,23.78,Jumia Pay Wallet,Shipped,3,Mobile App,,0,0
JO-2023-10912,2023-05-25,15:17:00,May,Q2,Thursday,JMC000518,Rivers,Eleme,Beauty & Health,Shampoo Anti-Dandruff,Black Seed,4,33734.37,0,33734.37,17487.9,0,134937.48,64985.88,48.16,Bank Transfer,Delivered,2,USSD,3.7,0,0
JO-2023-10956,2023-05-25,23:20:00,May,Q2,Thursday,JMC000734,Kano,Nassarawa,Fashion,Sunglasses UV400,Adidas,1,7428.3,0,7428.3,3496.5,2000,7428.3,3931.8,52.93,Bank Transfer,Delivered,7,USSD,4.3,0,0
JO-2023-10985,2023-05-25,11:45:00,May,Q2,Thursday,JMC000958,Nasarawa,Lafia,Groceries,Rice 5kg Bag,Cadbury,3,20172.08,0,20172.08,17612.24,0,60516.24,7679.52,12.69,Jumia Pay Wallet,Cancelled,3,Mobile App,,0,0
JO-2023-11078,2023-05-25,17:55:00,May,Q2,Thursday,JMC000377,Kano,Tarauni,Electronics,Bluetooth Speaker,Lenovo,3,398138.52,5,378231.59,281177.36,,1134694.77,291162.69,25.66,Bank Transfer,Delivered,2,Mobile App,3.0,0,0
JO-2023-11406,2023-05-25,18:39:00,May,Q2,Thursday,JMC001410,Anambra,Awka,Fashion,Sneakers Size 42,H&M,1,23608.52,0,23608.52,12963.44,0,23608.52,10645.08,45.09,USSD Payment,Processing,5,Mobile App,,0,0
JO-2023-11943,2023-05-25,07:12:00,May,Q2,Thursday,JMC000882,Imo,Mbaitoli,Home & Kitchen,Blender 1.5L,Binatone,2,127874.17,0,127874.17,97427.33,0,255748.34,60893.68,23.81,Cash on Delivery,Delivered,2,Mobile App,4.2,0,0
JO-2023-12175,2023-05-25,22:22:00,May,Q2,Thursday,JMC000241,Abuja,Wuse,Groceries,Tin Tomato Carton,Unilever,1,20784.87,0,20784.87,18727.17,0,20784.87,2057.7,9.9,Card Payment,Cancelled,2,Mobile App,,0,0
JO-2023-10297,2023-05-26,17:16:00,May,Q2,Friday,JMC001493,Lagos,Yaba,Fashion,Leather Belt,H&M,2,23457.27,0,23457.27,12624.7,0,46914.54,21665.14,46.18,Cash on Delivery,Delivered,5,Mobile App,3.0,0,0
JO-2023-10431,2023-05-26,10:37:00,May,Q2,Friday,JMC000499,Lagos,Ikorodu,Beauty & Health,Beard Oil 50ml,Black Seed,1,22479.04,0,22479.04,11462.06,0,22479.04,11016.98,49.01,Cash on Delivery,Returned,6,WhatsApp Store,,1,0
JO-2023-11325,2023-05-26,23:20:00,May,Q2,Friday,JMC001187,Anambra,Onitsha,Sports & Outdoor,Swimming Goggles,Wilson,4,27448.54,0,27448.54,21360.45,0,109794.16,24352.36,22.18,Card Payment,Delivered,1,Website Desktop,3.2,0,0
JO-2023-11048,2023-05-27,11:30:00,May,Q2,Saturday,JMC000529,Oyo,Ibadan North,Groceries,Biscuits Assorted,Nestle,2,14125.65,20,11300.52,9948.98,0,22601.04,2703.08,11.96,Card Payment,Delivered,2,USSD,2.5,0,0
JO-2023-11194,2023-05-27,18:38:00,May,Q2,Saturday,JMC000604,Benue,Otukpo,Groceries,Groundnut Oil 5L,PZ Cussons,1,13275.82,20,10620.66,8884.18,0,10620.66,1736.48,16.35,Cash on Delivery,Delivered,4,Mobile App,4.7,0,0
JO-2023-11835,2023-05-27,18:56:00,May,Q2,Saturday,JMC000335,Lagos,Lekki,Home & Kitchen,Blender 1.5L,Nexus,2,8798.42,0,8798.42,5544.76,0,17596.84,6507.32,36.98,Jumia Pay Wallet,Delivered,6,Website Desktop,2.9,0,0
JO-2023-12480,2023-05-27,07:09:00,May,Q2,Saturday,JMC000545,Kano,Gwale,Computing,Laptop 15.6inch i5,MacBook,1,801128.1,15,680958.89,570984.03,0,680958.89,109974.86,16.15,Card Payment,Delivered,1,Mobile App,3.4,0,0
JO-2023-12567,2023-05-27,08:01:00,May,Q2,Saturday,JMC001462,Oyo,Ogbomoso,Home & Kitchen,Blender 1.5L,Nexus,1,127803.46,40,76682.08,47075.13,0,76682.08,29606.95,38.61,Card Payment,Processing,8,Agent Network,,0,0
JO-2023-12621,2023-05-27,09:31:00,May,Q2,Saturday,JMC000439,Delta,Oshimili,Groceries,Milk Tin 400g,Nestle,1,14154.48,0,14154.48,11942.13,0,14154.48,2212.35,15.63,Jumia Pay Wallet,Delivered,2,WhatsApp Store,,0,0
JO-2023-12847,2023-05-27,07:00:00,May,Q2,Saturday,JMC000530,Lagos,Ikeja,Beauty & Health,Sunscreen SPF50,L'Oreal,4,8314.5,0,8314.5,3835.48,0,33258.0,17916.08,53.87,Jumia Pay Wallet,Delivered,4,Mobile App,3.2,0,0
JO-2023-12900,2023-05-27,19:50:00,May,Q2,Saturday,JMC000678,Anambra,Anambra East,Home & Kitchen,Cutlery Set 24pcs,Bosch,2,29346.79,0,29346.79,19178.13,0,58693.58,20337.32,34.65,Bank Transfer,Delivered,5,Mobile App,4.8,0,0
JO-2023-10057,2023-05-28,22:06:00,May,Q2,Sunday,JMC001368,Abuja,Wuse,Home & Kitchen,Blender 1.5L,Scanfrost,4,48064.65,30,33645.25,21741.56,0,134581.0,47614.76,35.38,Jumia Pay Wallet,Shipped,8,Mobile App,,0,0
JO-2023-11067,2023-05-28,15:04:00,May,Q2,Sunday,JMC000778,Oyo,Ibadan South,Sports & Outdoor,Football Size 5,Wilson,1,65580.68,0,65580.68,38686.04,0,65580.68,26894.64,41.01,Bank Transfer,Shipped,2,Mobile App,,0,0
JO-2023-11185,2023-05-28,18:31:00,May,Q2,Sunday,JMC000867,Abuja,Wuse,Beauty & Health,Sunscreen SPF50,Black Seed,1,19500.76,0,19500.76,11899.36,0,19500.76,7601.4,38.98,Jumia Pay Wallet,Delivered,8,Agent Network,4.9,0,0
JO-2023-11596,2023-05-28,19:56:00,May,Q2,Sunday,JMC000888,Kwara,Omu-Aran,Sports & Outdoor,Football Size 5,Decathlon,4,67764.08,5,64375.88,38200.65,0,257503.52,104700.92,40.66,Card Payment,Delivered,1,Website Desktop,4.5,0,0
JO-2023-11714,2023-05-28,23:10:00,May,Q2,Sunday,JMC000772,Lagos,Victoria Island,Electronics,Power Bank 20000mAh,Tecno,1,394827.59,40,236896.55,206929.14,0,236896.55,29967.41,12.65,Card Payment,Delivered,3,WhatsApp Store,4.0,0,0
JO-2023-11856,2023-05-28,09:47:00,May,Q2,Sunday,JMC000941,Rivers,Eleme,Home & Kitchen,Blender 1.5L,Binatone,1,65216.51,0,65216.51,49010.21,0,65216.51,16206.3,24.85,Card Payment,Delivered,1,WhatsApp Store,3.0,0,0
JO-2023-10106,2023-05-29,19:35:00,May,Q2,Monday,JMC000687,Oyo,Oyo,Fashion,Women's Ankara Gown,Nike,2,36760.13,0,36760.13,22173.71,0,73520.26,29172.84,39.68,Card Payment,Delivered,8,Mobile App,4.2,0,0
JO-2023-10458,2023-05-29,14:13:00,May,Q2,Monday,JMC001383,Edo,Egor,Computing,Monitor 24inch,Asus,3,694132.96,5,659426.31,543433.22,0,1978278.93,347979.27,17.59,Card Payment,Delivered,7,Mobile App,3.3,0,0
JO-2023-11416,2023-05-29,12:09:00,May,Q2,Monday,JMC001295,Kaduna,Kaduna North,Computing,Webcam HD 1080p,HP,1,830623.43,0,830623.43,733689.68,0,830623.43,96933.75,11.67,Jumia Pay Wallet,Delivered,1,Mobile App,2.6,0,0
JO-2023-11566,2023-05-29,18:45:00,May,Q2,Monday,JMC000683,Niger,Bida,Home & Kitchen,Storage Containers,Bosch,3,149011.7,15,126659.95,82708.95,0,379979.85,131853.0,34.7,Card Payment,Delivered,5,Website Desktop,3.4,0,0
JO-2023-11679,2023-05-29,09:43:00,May,Q2,Monday,JMC000528,Nasarawa,Keffi,Fashion,Handbag Brown,Zara,3,71802.14,0,71802.14,39031.64,0,215406.42,98311.5,45.64,Card Payment,Delivered,6,Agent Network,4.8,0,0
JO-2023-12079,2023-05-29,22:34:00,May,Q2,Monday,JMC000254,Imo,Okigwe,Beauty & Health,Moisturising Lotion 400ml,Black Seed,1,20584.85,0,20584.85,11064.36,0,20584.85,9520.49,46.25,Jumia Pay Wallet,Delivered,8,Mobile App,4.1,0,0
JO-2023-12600,2023-05-29,12:09:00,May,Q2,Monday,JMC000066,Nasarawa,Keffi,Home & Kitchen,Air Fryer 4L,Nexus,2,147931.06,0,147931.06,113359.57,0,295862.12,69142.98,23.37,Jumia Pay Wallet,Delivered,2,Agent Network,4.0,0,0
JO-2023-11340,2023-05-30,18:44:00,May,Q2,Tuesday,JMC001546,Lagos,Yaba,Groceries,Tin Tomato Carton,PZ Cussons,1,9043.27,25,6782.45,6217.47,2000,6782.45,564.98,8.33,Jumia Pay Wallet,Shipped,8,Mobile App,,0,0
JO-2023-11426,2023-05-30,11:54:00,May,Q2,Tuesday,JMC001416,Kano,Gwale,Home & Kitchen,Non-stick Frying Pan,Scanfrost,1,176269.8,0,176269.8,132184.72,0,176269.8,44085.08,25.01,Bank Transfer,Delivered,8,Website Desktop,3.2,0,0
JO-2023-10076,2023-05-31,22:29:00,May,Q2,Wednesday,JMC000521,Kwara,Ilorin,Sports & Outdoor,Football Size 5,Spalding,3,3369.85,0,3369.85,2574.9,0,10109.55,2384.85,23.59,Jumia Pay Wallet,Delivered,5,WhatsApp Store,4.6,0,0
JO-2023-10235,2023-05-31,14:45:00,May,Q2,Wednesday,JMC000132,Kano,Nassarawa,Beauty & Health,Beard Oil 50ml,Olay,2,18155.26,20,14524.21,6955.64,0,29048.42,15137.14,52.11,Jumia Pay Wallet,Returned,2,Website Desktop,,1,0
JO-2023-10463,2023-05-31,12:28:00,May,Q2,Wednesday,JMC001009,Rivers,Obio-Akpor,Sports & Outdoor,Jump Rope,Under Armour,1,39352.83,40,23611.7,16778.47,0,23611.7,6833.23,28.94,Bank Transfer,Returned,3,WhatsApp Store,,1,0
JO-2023-10868,2023-05-31,18:06:00,May,Q2,Wednesday,JMC001324,Cross River,Ikom,Home & Kitchen,Kitchen Towel Set,Scanfrost,1,63712.59,0,63712.59,49587.51,0,63712.59,14125.08,22.17,Card Payment,Delivered,7,USSD,,0,0
JO-2023-10889,2023-05-31,11:47:00,May,Q2,Wednesday,JMC001484,Abuja,Maitama,Electronics,Bluetooth Speaker,Tecno,1,374994.93,0,374994.93,329995.54,0,374994.93,44999.39,12.0,Card Payment,Shipped,6,Website Desktop,,0,0
JO-2023-11627,2023-05-31,10:58:00,May,Q2,Wednesday,JMC001280,Rivers,Obio-Akpor,Beauty & Health,Sunscreen SPF50,Black Seed,1,12778.04,5,12139.14,5048.67,0,12139.14,7090.47,58.41,Cash on Delivery,Delivered,6,USSD,4.7,0,0
JO-2023-11688,2023-05-31,17:24:00,May,Q2,Wednesday,JMC000862,Nasarawa,Akwanga,Beauty & Health,Hair Relaxer Kit,L'Oreal,1,14077.19,30,9854.03,5770.52,2000,9854.03,4083.51,41.44,Jumia Pay Wallet,Delivered,3,Mobile App,3.2,0,0
JO-2023-11777,2023-05-31,22:57:00,May,Q2,Wednesday,JMC001378,Abuja,Maitama,Beauty & Health,Face Mask Set,Dove,1,28826.52,0,28826.52,17068.18,0,28826.52,11758.34,40.79,Card Payment,Delivered,4,Website Desktop,4.8,0,0
JO-2023-12019,2023-05-31,14:57:00,May,Q2,Wednesday,JMC001241,Plateau,Jos,Groceries,Rice 5kg Bag,PZ Cussons,2,15723.83,0,15723.83,13877.85,0,31447.66,3691.96,11.74,Card Payment,Delivered,3,Mobile App,4.8,0,0
JO-2023-12070,2023-05-31,07:40:00,May,Q2,Wednesday,JMC001101,Lagos,Lekki,Groceries,Groundnut Oil 5L,Dangote,1,15612.71,0,15612.71,13275.49,0,15612.71,2337.22,14.97,Cash on Delivery,Delivered,3,USSD,4.5,0,0
JO-2023-12533,2023-05-31,23:29:00,May,Q2,Wednesday,JMC000068,Enugu,Nkanu,Beauty & Health,Moisturising Lotion 400ml,Olay,4,847.53,0,847.53,534.03,2000,3390.12,1254.0,36.99,Jumia Pay Wallet,Processing,5,Website Desktop,,0,0
JO-2023-12583,2023-05-31,10:34:00,May,Q2,Wednesday,JMC000060,Oyo,Ogbomoso,Electronics,Phone Charger USB-C,HP,3,321944.11,0,321944.11,251052.02,0,965832.33,212676.27,22.02,Bank Transfer,Returned,4,Mobile App,,1,0
JO-2023-10266,2023-06-01,07:24:00,June,Q2,Thursday,JMC000666,Rivers,Obio-Akpor,Fashion,Sneakers Size 42,Nike,1,57474.14,25,43105.6,24290.01,0,43105.6,18815.59,43.65,Jumia Pay Wallet,Delivered,3,Mobile App,,0,0
JO-2023-10925,2023-06-01,20:03:00,June,Q2,Thursday,JMC000030,Kwara,Ilorin,Computing,Mechanical Keyboard,Acer,1,562649.16,10,506384.24,418678.49,0,506384.24,87705.75,17.32,Cash on Delivery,Shipped,1,Website Desktop,,0,0
JO-2023-11399,2023-06-01,21:33:00,June,Q2,Thursday,JMC000704,Lagos,Lagos Island,Beauty & Health,Hair Relaxer Kit,Dove,3,7528.06,15,6398.85,3092.56,0,19196.55,9918.87,51.67,Bank Transfer,Returned,3,Mobile App,,1,0
JO-2023-11580,2023-06-01,12:30:00,June,Q2,Thursday,JMC001383,Ondo,Akure,Fashion,Men's Polo Shirt,Adidas,1,27220.17,0,27220.17,17652.28,0,27220.17,9567.89,35.15,Jumia Pay Wallet,Delivered,2,Website Desktop,3.0,0,0
JO-2023-12324,2023-06-01,09:55:00,June,Q2,Thursday,JMC000105,Lagos,Yaba,Computing,Wireless Mouse,Dell,3,715188.38,25,536391.29,474491.74,0,1609173.87,185698.65,11.54,Card Payment,Processing,1,Mobile App,,0,0
JO-2023-12674,2023-06-01,10:48:00,June,Q2,Thursday,JMC000792,Lagos,Yaba,Beauty & Health,Manicure Kit,Neutrogena,1,25268.14,0,25268.14,11400.98,0,25268.14,13867.16,54.88,Card Payment,Delivered,3,Mobile App,4.2,0,0
JO-2023-12690,2023-06-01,21:36:00,June,Q2,Thursday,JMC001040,Kano,Nassarawa,Fashion,Baseball Cap,Zara,1,52175.75,0,52175.75,34597.74,0,52175.75,17578.01,33.69,USSD Payment,Delivered,3,Website Desktop,3.5,0,0
JO-2023-12800,2023-06-01,16:39:00,June,Q2,Thursday,JMC000366,Rivers,Eleme,Computing,Laptop Stand Aluminium,Microsoft,3,537665.58,0,537665.58,466747.49,0,1612996.74,212754.27,13.19,Card Payment,Delivered,6,USSD,2.8,0,0
JO-2023-10292,2023-06-02,09:56:00,June,Q2,Friday,JMC000165,Edo,Orhionmwon,Groceries,Biscuits Assorted,Cadbury,1,2196.17,0,2196.17,1975.02,700,2196.17,221.15,10.07,Bank Transfer,Delivered,7,Website Desktop,3.4,0,0
JO-2023-10440,2023-06-02,13:47:00,June,Q2,Friday,JMC000090,Kwara,Ilorin,Beauty & Health,Vitamin C Serum,Nivea,1,22797.39,0,22797.39,10128.88,0,22797.39,12668.51,55.57,Bank Transfer,Delivered,2,WhatsApp Store,4.8,0,0
JO-2023-10964,2023-06-02,13:45:00,June,Q2,Friday,JMC000311,Niger,Minna,Beauty & Health,Beard Oil 50ml,Olay,1,14699.19,0,14699.19,9344.28,0,14699.19,5354.91,36.43,Bank Transfer,Cancelled,5,Mobile App,,0,0
JO-2023-11339,2023-06-02,14:12:00,June,Q2,Friday,JMC000935,Enugu,Udi,Books & Education,Children Storybook,Kachifo,1,16192.54,0,16192.54,10487.91,0,16192.54,5704.63,35.23,Card Payment,Shipped,4,Website Desktop,,0,0
JO-2023-11595,2023-06-02,19:03:00,June,Q2,Friday,JMC001232,Kwara,Offa,Beauty & Health,Manicure Kit,Black Seed,2,5255.99,40,3153.59,1635.77,700,6307.18,3035.64,48.13,Jumia Pay Wallet,Delivered,6,USSD,2.7,0,0
JO-2023-12108,2023-06-02,13:25:00,June,Q2,Friday,JMC000678,Lagos,Victoria Island,Fashion,Wristwatch Classic,Adidas,1,36650.3,0,36650.3,23086.02,0,36650.3,13564.28,37.01,Bank Transfer,Delivered,8,Website Desktop,4.2,0,0
JO-2023-12145,2023-06-02,17:25:00,June,Q2,Friday,JMC000856,Kwara,Omu-Aran,Electronics,Wireless Earbuds,Infinix,1,439436.54,0,439436.54,334499.09,0,439436.54,104937.45,23.88,Card Payment,Delivered,5,Mobile App,2.8,0,0
JO-2023-12168,2023-06-02,14:55:00,June,Q2,Friday,JMC001347,Anambra,Nnewi,Computing,USB Hub 7-Port,HP,3,618750.7,50,309375.35,252017.16,0,928126.05,172074.57,18.54,USSD Payment,Processing,4,Website Desktop,,0,0
JO-2023-12518,2023-06-02,11:59:00,June,Q2,Friday,JMC000595,Nasarawa,Nasarawa,Books & Education,WAEC Past Questions,Farafina,4,12872.49,10,11585.24,6819.07,0,46340.96,19064.68,41.14,Card Payment,Delivered,1,USSD,3.8,0,0
JO-2023-12636,2023-06-02,19:47:00,June,Q2,Friday,JMC001553,Lagos,Yaba,Fashion,Baseball Cap,Nike,1,72314.44,0,72314.44,33944.4,0,72314.44,38370.04,53.06,Card Payment,Shipped,4,Website Desktop,,0,0
JO-2023-12703,2023-06-02,10:11:00,June,Q2,Friday,JMC001168,Lagos,Lagos Island,Fashion,Leather Belt,Lagos Styles,1,64362.88,0,64362.88,39396.52,0,64362.88,24966.36,38.79,USSD Payment,Processing,5,Mobile App,,0,0
JO-2023-12770,2023-06-02,16:30:00,June,Q2,Friday,JMC000399,Abuja,Asokoro,Fashion,Handbag Brown,Nike,2,46796.3,0,46796.3,23136.09,0,93592.6,47320.42,50.56,Jumia Pay Wallet,Delivered,6,Mobile App,4.0,0,0
JO-2023-10439,2023-06-03,08:41:00,June,Q2,Saturday,JMC000317,Delta,Ethiope East,Electronics,Smart TV 43inch,Lenovo,1,79967.29,0,79967.29,58384.12,0,79967.29,21583.17,26.99,Bank Transfer,Delivered,5,Website Desktop,2.6,0,0
JO-2023-11803,2023-06-03,14:34:00,June,Q2,Saturday,JMC000773,Enugu,Udi,Fashion,Men's Jeans,Zara,2,72034.11,0,72034.11,43472.59,0,144068.22,57123.04,39.65,USSD Payment,Delivered,6,Website Desktop,4.0,0,0
JO-2023-12020,2023-06-03,17:49:00,June,Q2,Saturday,JMC001402,Kano,Kano City,Groceries,Sugar 1kg,Cadbury,1,10978.59,0,10978.59,9763.26,0,10978.59,1215.33,11.07,Cash on Delivery,Cancelled,6,WhatsApp Store,,0,0
JO-2023-12255,2023-06-03,20:19:00,June,Q2,Saturday,JMC000439,Rivers,Eleme,Electronics,Phone Charger USB-C,Tecno,1,53512.12,0,53512.12,40556.84,0,53512.12,12955.28,24.21,Bank Transfer,Shipped,4,Agent Network,,0,0
JO-2023-12876,2023-06-03,15:46:00,June,Q2,Saturday,JMC001031,Rivers,Obio-Akpor,Beauty & Health,Sunscreen SPF50,,2,6937.51,0,6937.51,3043.49,0,13875.02,7788.04,56.13,Card Payment,Delivered,6,Website Desktop,4.2,0,0
JO-2023-10074,2023-06-04,12:26:00,June,Q2,Sunday,JMC000594,Kano,Kano City,Home & Kitchen,Coffee Maker,Nasco,1,148894.23,0,148894.23,98404.2,0,148894.23,50490.03,33.91,Card Payment,Delivered,7,Mobile App,4.0,0,0
JO-2023-10355,2023-06-04,18:15:00,June,Q2,Sunday,JMC001356,Delta,Warri,Electronics,Phone Charger USB-C,Lenovo,1,279585.42,25,209689.07,172280.54,0,209689.07,37408.53,17.84,Bank Transfer,Processing,2,Mobile App,,0,0
JO-2023-10462,2023-06-04,20:33:00,June,Q2,Sunday,JMC000708,Lagos,Agege,Computing,Laptop Bag 15inch,Acer,1,417100.99,0,417100.99,354369.0,0,417100.99,62731.99,15.04,Cash on Delivery,Delivered,4,Website Desktop,3.4,0,0
JO-2023-10479,2023-06-04,17:00:00,June,Q2,Sunday,JMC001227,Imo,Okigwe,Computing,Laptop Bag 15inch,Microsoft,1,801571.96,0,801571.96,634043.42,0,801571.96,167528.54,20.9,Card Payment,Delivered,5,Mobile App,3.2,0,0
JO-2023-10766,2023-06-04,10:42:00,June,Q2,Sunday,JMC000528,Kano,Gwale,Fashion,Men's Jeans,Nike,3,23624.03,10,21261.63,11793.83,0,63784.89,28403.4,44.53,Card Payment,Delivered,6,Mobile App,4.8,0,0
JO-2023-10927,2023-06-04,10:29:00,June,Q2,Sunday,JMC000924,Abuja,Kubwa,Fashion,Baseball Cap,Ankara Palace,2,67445.42,25,50584.07,26222.78,0,101168.14,48722.58,48.16,Card Payment,Shipped,7,Website Desktop,,0,0
JO-2023-10965,2023-06-04,13:39:00,June,Q2,Sunday,JMC000314,Edo,Ikpoba-Okha,Fashion,Women's Ankara Gown,Zara,2,43824.7,0,43824.7,30602.79,0,87649.4,26443.82,30.17,Jumia Pay Wallet,Delivered,6,Mobile App,4.3,0,0
JO-2023-11052,2023-06-04,14:21:00,June,Q2,Sunday,JMC000138,Lagos,Surulere,Fashion,Leather Belt,H&M,2,81427.08,0,81427.08,51356.06,,162854.16,60142.04,36.93,Cash on Delivery,Delivered,3,Website Desktop,3.5,0,0
JO-2023-11525,2023-06-04,14:12:00,June,Q2,Sunday,JMC000369,Kano,Gwale,Computing,Printer Ink Cartridge,MacBook,3,679754.97,0,679754.97,556039.57,0,2039264.91,371146.2,18.2,Cash on Delivery,Shipped,8,Mobile App,,0,0
JO-2023-11646,2023-06-04,10:45:00,June,Q2,Sunday,JMC001486,Abuja,Asokoro,Beauty & Health,Moisturising Lotion 400ml,Black Seed,1,24937.98,15,21197.28,10797.89,0,21197.28,10399.39,49.06,Cash on Delivery,Delivered,6,Mobile App,5.0,0,0
JO-2023-11882,2023-06-04,16:25:00,June,Q2,Sunday,JMC000367,Kano,Kano City,Beauty & Health,Hair Relaxer Kit,Black Seed,3,18231.42,0,18231.42,9009.97,0,54694.26,27664.35,50.58,Card Payment,Delivered,3,Mobile App,3.9,0,0
JO-2023-12069,2023-06-04,20:34:00,June,Q2,Sunday,JMC000929,Lagos,Lekki,Beauty & Health,Body Scrub,Nivea,3,17010.57,5,16160.04,6588.45,,48480.12,28714.77,59.23,Cash on Delivery,Processing,7,Mobile App,,0,0
JO-2023-12265,2023-06-04,16:54:00,June,Q2,Sunday,JMC000076,Kwara,Ilorin,Groceries,Biscuits Assorted,Unilever,2,8273.64,0,8273.64,7566.24,0,16547.28,1414.8,8.55,Card Payment,Returned,5,Mobile App,,1,0
JO-2023-12603,2023-06-04,20:52:00,June,Q2,Sunday,JMC000316,Abuja,Kubwa,Electronics,Bluetooth Speaker,Tecno,1,211372.14,15,179666.32,156363.6,0,179666.32,23302.72,12.97,Card Payment,Delivered,1,USSD,4.7,0,0
JO-2023-12869,2023-06-04,23:34:00,June,Q2,Sunday,JMC001311,Rivers,Port Harcourt,Groceries,Honey Natural 500g,PZ Cussons,1,5630.56,0,5630.56,4687.44,700,5630.56,943.12,16.75,Jumia Pay Wallet,Delivered,3,Website Desktop,3.7,0,0
JO-2023-10024,2023-06-05,11:00:00,June,Q2,Monday,JMC000995,Abuja,Kubwa,Electronics,Power Bank 20000mAh,JBL,1,134431.13,0,134431.13,108270.83,0,134431.13,26160.3,19.46,Bank Transfer,Returned,2,Mobile App,,1,0
JO-2023-10038,2023-06-05,11:38:00,June,Q2,Monday,JMC000972,Kano,Kano City,Home & Kitchen,Storage Containers,Nexus,1,46397.08,5,44077.23,30461.77,0,44077.23,13615.46,30.89,Cash on Delivery,Returned,3,WhatsApp Store,,1,0
JO-2023-10195,2023-06-05,17:37:00,June,Q2,Monday,JMC000729,Kano,Nassarawa,Electronics,Table Lamp LED,Tecno,3,34291.67,0,34291.67,26102.82,0,102875.01,24566.55,23.88,Card Payment,Delivered,4,Agent Network,3.0,0,0
JO-2023-10825,2023-06-05,11:15:00,June,Q2,Monday,JMC000592,Ogun,Ilaro,Fashion,Wristwatch Classic,Adidas,3,67337.47,0,67337.47,43284.53,0,202012.41,72158.82,35.72,Card Payment,Delivered,1,Mobile App,3.4,0,0
JO-2023-11276,2023-06-05,10:34:00,June,Q2,Monday,JMC000011,Lagos,Victoria Island,Fashion,Sunglasses UV400,Ankara Palace,2,37825.76,0,37825.76,24605.66,0,75651.52,26440.2,34.95,Bank Transfer,Delivered,3,USSD,3.0,0,0
JO-2023-11662,2023-06-05,14:19:00,June,Q2,Monday,JMC001107,Ondo,Ikare,Beauty & Health,Sunscreen SPF50,,1,3276.66,50,1638.33,949.74,1000,1638.33,688.59,42.03,Jumia Pay Wallet,Cancelled,2,Agent Network,,0,0
JO-2023-11784,2023-06-05,14:15:00,June,Q2,Monday,JMC000291,Imo,Mbaitoli,Fashion,Men's Jeans,Adidas,1,25117.29,0,25117.29,13166.48,0,25117.29,11950.81,47.58,Card Payment,Returned,3,Mobile App,,1,0
JO-2023-11818,2023-06-05,08:44:00,June,Q2,Monday,JMC001392,Oyo,Ibadan South,Electronics,Smart TV 43inch,JBL,1,228292.19,0,228292.19,184140.48,0,228292.19,44151.71,19.34,Card Payment,Delivered,3,USSD,4.4,0,0
JO-2023-12032,2023-06-05,21:29:00,June,Q2,Monday,JMC000523,Oyo,Ibadan North,Fashion,Women's Ankara Gown,Nike,1,17323.77,0,17323.77,9680.52,0,17323.77,7643.25,44.12,Cash on Delivery,Delivered,1,Mobile App,2.8,0,0
JO-2023-12039,2023-06-05,18:07:00,June,Q2,Monday,JMC000223,Delta,Warri,Fashion,Handbag Brown,Ankara Palace,1,65841.57,30,46089.1,21164.11,0,46089.1,24924.99,54.08,Card Payment,Delivered,6,Mobile App,4.2,0,0
JO-2023-10705,2023-06-06,19:31:00,June,Q2,Tuesday,JMC000021,Abuja,Gwarinpa,Home & Kitchen,Pressure Cooker 5L,Nasco,4,134218.54,15,114085.76,79437.91,0,456343.04,138591.4,30.37,Jumia Pay Wallet,Shipped,7,Agent Network,,0,0
JO-2023-10829,2023-06-06,16:05:00,June,Q2,Tuesday,JMC000325,Benue,Gboko,Sports & Outdoor,Jump Rope,Puma,1,17902.74,0,17902.74,12309.92,0,17902.74,5592.82,31.24,Card Payment,Delivered,6,Agent Network,4.6,0,0
JO-2023-11151,2023-06-06,12:31:00,June,Q2,Tuesday,JMC000175,Ondo,Ondo City,Computing,USB Hub 7-Port,HP,2,807848.76,40,484709.26,402066.33,0,969418.52,165285.86,17.05,Cash on Delivery,Shipped,6,Website Desktop,,0,0
JO-2023-11358,2023-06-06,09:05:00,June,Q2,Tuesday,JMC000359,Edo,Orhionmwon,Home & Kitchen,Dish Rack,Binatone,5,38452.01,0,38452.01,25147.61,0,192260.05,66522.0,34.6,Card Payment,Delivered,2,Website Desktop,4.1,0,0
JO-2023-11366,2023-06-06,09:08:00,June,Q2,Tuesday,JMC000177,Anambra,Anambra East,Groceries,Milk Tin 400g,PZ Cussons,2,16910.8,30,11837.56,10489.26,0,23675.12,2696.6,11.39,Bank Transfer,Cancelled,2,USSD,,0,0
JO-2023-11543,2023-06-06,19:25:00,June,Q2,Tuesday,JMC000985,Delta,Ethiope East,Beauty & Health,Perfume Floral 100ml,Nivea,2,6865.15,0,6865.15,3347.45,0,13730.3,7035.4,51.24,Cash on Delivery,Shipped,8,Website Desktop,,0,0
JO-2023-10699,2023-06-07,17:21:00,June,Q2,Wednesday,JMC001422,Imo,Mbaitoli,Electronics,Smart TV 43inch,Tecno,1,60221.19,0,60221.19,47671.09,0,60221.19,12550.1,20.84,Bank Transfer,Delivered,2,Agent Network,4.5,0,0
JO-2023-10898,2023-06-07,18:20:00,June,Q2,Wednesday,JMC000314,Oyo,Oyo,Fashion,Leather Belt,H&M,1,11418.13,0,11418.13,6727.56,0,11418.13,4690.57,41.08,Bank Transfer,Delivered,3,Mobile App,4.3,0,0
JO-2023-11193,2023-06-07,16:43:00,June,Q2,Wednesday,JMC001507,Ogun,Sagamu,Fashion,Women's Heels,Ankara Palace,1,29812.12,0,29812.12,16131.34,0,29812.12,13680.78,45.89,Card Payment,Returned,6,Mobile App,,1,0
JO-2023-11603,2023-06-07,09:54:00,June,Q2,Wednesday,JMC001144,Anambra,Onitsha,Fashion,Handbag Brown,Adidas,2,37940.97,0,37940.97,21971.62,0,75881.94,31938.7,42.09,Card Payment,Delivered,1,Mobile App,4.2,0,0
JO-2023-11880,2023-06-07,14:11:00,June,Q2,Wednesday,JMC000158,Enugu,Udi,Electronics,Bluetooth Speaker,Samsung,1,442268.49,0,442268.49,323784.76,0,442268.49,118483.73,26.79,Bank Transfer,Delivered,5,USSD,,0,0
JO-2023-12207,2023-06-07,11:33:00,June,Q2,Wednesday,JMC001599,Lagos,Lagos Island,Electronics,Table Lamp LED,Samsung,2,162315.59,0,162315.59,123716.94,0,324631.18,77197.3,23.78,Bank Transfer,Delivered,3,Website Desktop,4.7,0,0
JO-2023-12614,2023-06-07,07:40:00,June,Q2,Wednesday,JMC000236,Ogun,Ilaro,Groceries,Rice 5kg Bag,Nestle,4,24750.4,0,24750.4,20604.71,0,99001.6,16582.76,16.75,Bank Transfer,Shipped,8,Mobile App,,0,0
JO-2023-10364,2023-06-08,18:33:00,June,Q2,Thursday,JMC000748,Ogun,Ijebu-Ode,Fashion,Sunglasses UV400,Lagos Styles,1,62342.37,0,62342.37,40703.33,0,62342.37,21639.04,34.71,USSD Payment,Delivered,6,Mobile App,3.9,0,0
JO-2023-11023,2023-06-08,21:42:00,June,Q2,Thursday,JMC000747,Abuja,Maitama,Fashion,Leather Belt,H&M,2,42128.32,20,33702.66,18853.27,0,67405.32,29698.78,44.06,USSD Payment,Delivered,2,Agent Network,3.9,0,0
JO-2023-11374,2023-06-08,14:42:00,June,Q2,Thursday,JMC001409,Kano,Nassarawa,Electronics,Phone Charger USB-C,Tecno,1,87326.74,0,87326.74,68306.98,0,87326.74,19019.76,21.78,Cash on Delivery,Shipped,4,Website Desktop,,0,0
JO-2023-11716,2023-06-08,13:47:00,June,Q2,Thursday,JMC000365,Delta,Uvwie,Books & Education,Business Management,Farafina,2,12998.38,0,12998.38,8153.88,0,25996.76,9689.0,37.27,Cash on Delivery,Delivered,8,Website Desktop,3.5,0,0
JO-2023-10224,2023-06-09,14:14:00,June,Q2,Friday,JMC001350,Lagos,Ikeja,Computing,Printer Ink Cartridge,Microsoft,1,790291.02,15,671747.37,588988.09,0,671747.37,82759.28,12.32,Bank Transfer,Shipped,8,Mobile App,,0,0
JO-2023-10490,2023-06-09,19:54:00,June,Q2,Friday,JMC000659,Kano,Tarauni,Computing,Printer Ink Cartridge,Microsoft,4,459403.76,0,459403.76,389712.21,0,1837615.04,278766.2,15.17,Card Payment,Shipped,5,Mobile App,,0,0
JO-2023-10547,2023-06-09,12:06:00,June,Q2,Friday,JMC000963,Abuja,Maitama,Sports & Outdoor,Cycling Helmet,Wilson,2,18487.78,0,18487.78,11155.53,0,36975.56,14664.5,39.66,Card Payment,Delivered,3,USSD,2.8,0,0
JO-2023-10740,2023-06-09,17:25:00,June,Q2,Friday,JMC000151,Abuja,Garki,Electronics,Table Lamp LED,Infinix,3,17095.89,0,17095.89,14317.81,0,51287.67,8334.24,16.25,Jumia Pay Wallet,Delivered,7,Website Desktop,4.7,0,0
JO-2023-11168,2023-06-09,13:07:00,June,Q2,Friday,JMC001466,Kano,Gwale,Beauty & Health,Perfume Floral 100ml,Nivea,3,13246.85,0,13246.85,7616.94,0,39740.55,16889.73,42.5,Bank Transfer,Delivered,3,Mobile App,4.4,0,0
JO-2023-11651,2023-06-09,20:31:00,June,Q2,Friday,JMC001356,Ondo,Akure,Electronics,Phone Charger USB-C,JBL,1,290476.72,0,290476.72,228459.94,0,290476.72,62016.78,21.35,Jumia Pay Wallet,Delivered,1,WhatsApp Store,4.7,0,0
JO-2023-12281,2023-06-09,23:15:00,June,Q2,Friday,JMC001009,Kano,Kano City,Groceries,Milk Tin 400g,Cadbury,1,8365.64,30,5855.95,4880.35,2000,5855.95,975.6,16.66,Jumia Pay Wallet,Delivered,6,WhatsApp Store,3.0,0,0
JO-2023-10035,2023-06-10,10:05:00,June,Q2,Saturday,JMC000675,Lagos,Ikorodu,Electronics,Desk Fan,Lenovo,1,443317.38,0,443317.38,384577.83,0,443317.38,58739.55,13.25,USSD Payment,Delivered,2,Mobile App,4.9,0,0
JO-2023-10236,2023-06-10,07:32:00,June,Q2,Saturday,JMC001455,Delta,Uvwie,Electronics,Power Bank 20000mAh,Infinix,4,408241.43,20,326593.14,273423.78,0,1306372.56,212677.44,16.28,Bank Transfer,Processing,6,WhatsApp Store,,0,0
JO-2023-10446,2023-06-10,09:47:00,June,Q2,Saturday,JMC001365,Abuja,Gwarinpa,Fashion,Handbag Brown,H&M,1,12454.45,40,7472.67,4959.61,1000,7472.67,2513.06,33.63,Card Payment,Delivered,3,Website Desktop,4.1,0,0
JO-2023-10937,2023-06-10,22:46:00,June,Q2,Saturday,JMC000709,Kwara,Patigi,Groceries,Milk Tin 400g,Nestle,1,7958.14,30,5570.7,4986.33,700,5570.7,584.37,10.49,Card Payment,Delivered,1,Website Desktop,3.5,0,0
JO-2023-11153,2023-06-10,10:09:00,June,Q2,Saturday,JMC001350,Imo,Orlu,Sports & Outdoor,Yoga Mat 6mm,Spalding,5,21092.55,0,21092.55,12921.3,0,105462.75,40856.25,38.74,Cash on Delivery,Delivered,4,Mobile App,4.0,0,0
JO-2023-11252,2023-06-10,10:08:00,June,Q2,Saturday,JMC001325,Kaduna,Kaduna South,Beauty & Health,Moisturising Lotion 400ml,L'Oreal,1,27333.86,0,27333.86,17540.14,0,27333.86,9793.72,35.83,Bank Transfer,Delivered,2,Mobile App,,0,0
JO-2023-11275,2023-06-10,20:07:00,June,Q2,Saturday,JMC000506,Oyo,Ogbomoso,Computing,Laptop Stand Aluminium,Acer,1,622778.02,0,622778.02,551407.66,0,622778.02,71370.36,11.46,Bank Transfer,Delivered,2,USSD,2.6,0,0
JO-2023-11473,2023-06-10,18:42:00,June,Q2,Saturday,JMC000377,Ogun,Sagamu,Beauty & Health,Face Mask Set,Black Seed,1,19471.11,0,19471.11,8843.78,0,19471.11,10627.33,54.58,Cash on Delivery,Delivered,5,USSD,4.9,0,0
JO-2023-11903,2023-06-10,20:00:00,June,Q2,Saturday,JMC000314,Abuja,Garki,Home & Kitchen,Cutlery Set 24pcs,,1,18511.31,10,16660.18,11880.37,0,16660.18,4779.81,28.69,Bank Transfer,Delivered,8,Mobile App,4.7,0,0
JO-2023-12217,2023-06-10,22:49:00,June,Q2,Saturday,JMC000194,Bauchi,Bauchi City,Electronics,Phone Charger USB-C,Infinix,1,389032.9,30,272323.03,220527.19,0,272323.03,51795.84,19.02,Bank Transfer,Shipped,4,Agent Network,,0,0
JO-2023-12371,2023-06-10,07:23:00,June,Q2,Saturday,JMC000979,Lagos,Ikorodu,Electronics,Electric Kettle,Lenovo,1,390924.61,15,332285.92,245958.04,0,332285.92,86327.88,25.98,Card Payment,Delivered,5,Agent Network,2.7,0,0
JO-2023-12446,2023-06-10,09:54:00,June,Q2,Saturday,JMC000515,Lagos,Ikeja,Books & Education,Children Storybook,Kachifo,5,4106.75,0,4106.75,2290.33,0,20533.75,9082.1,44.23,Card Payment,Shipped,6,Mobile App,,0,0
JO-2023-12494,2023-06-10,20:54:00,June,Q2,Saturday,JMC000276,Abuja,Maitama,Electronics,Electric Kettle,Apple,1,383653.27,0,383653.27,325146.15,0,383653.27,58507.12,15.25,Card Payment,Delivered,5,Agent Network,3.1,0,0
JO-2023-12578,2023-06-10,12:44:00,June,Q2,Saturday,JMC000800,Abuja,Gwarinpa,Home & Kitchen,Cutlery Set 24pcs,Binatone,1,73005.98,0,73005.98,56353.32,0,73005.98,16652.66,22.81,Card Payment,Delivered,3,Website Desktop,5.0,0,0
JO-2023-12886,2023-06-10,10:41:00,June,Q2,Saturday,JMC000594,Nasarawa,Lafia,Home & Kitchen,Cutlery Set 24pcs,Nexus,1,25547.01,0,25547.01,19464.27,0,25547.01,6082.74,23.81,Card Payment,Delivered,7,Website Desktop,3.5,0,0
JO-2023-10201,2023-06-11,12:51:00,June,Q2,Sunday,JMC000037,Kaduna,Kaduna South,Home & Kitchen,Non-stick Frying Pan,Bosch,2,138603.11,0,138603.11,93293.75,0,277206.22,90618.72,32.69,Cash on Delivery,Delivered,4,Website Desktop,2.9,0,0
JO-2023-10555,2023-06-11,16:02:00,June,Q2,Sunday,JMC000431,Oyo,Oyo,Groceries,Biscuits Assorted,Nestle,1,21046.26,0,21046.26,17956.67,0,21046.26,3089.59,14.68,Bank Transfer,Delivered,3,Agent Network,4.4,0,0
JO-2023-11347,2023-06-11,22:39:00,June,Q2,Sunday,JMC000992,Plateau,Jos,Groceries,Tin Tomato Carton,Cadbury,1,3193.01,0,3193.01,2716.61,1000,3193.01,476.4,14.92,Cash on Delivery,Delivered,1,Mobile App,4.8,0,0
JO-2023-11367,2023-06-11,15:27:00,June,Q2,Sunday,JMC000572,Lagos,Surulere,Fashion,Sneakers Size 42,H&M,3,38412.5,20,30730.0,20638.27,0,92190.0,30275.19,32.84,Jumia Pay Wallet,Delivered,2,Website Desktop,3.6,0,0
JO-2023-11567,2023-06-11,17:34:00,June,Q2,Sunday,JMC000024,Lagos,Ikeja,Groceries,Rice 5kg Bag,Cadbury,2,3391.02,0,3391.02,2811.83,1500,6782.04,1158.38,17.08,Card Payment,Delivered,2,Mobile App,4.7,0,0
JO-2023-12125,2023-06-11,18:40:00,June,Q2,Sunday,JMC000790,Lagos,Yaba,Fashion,Sunglasses UV400,Adidas,3,2284.32,0,2284.32,1336.78,700,6852.96,2842.62,41.48,Cash on Delivery,Delivered,7,Agent Network,3.7,0,0
JO-2023-10401,2023-06-12,09:18:00,June,Q2,Monday,JMC001369,Lagos,Ikeja,Groceries,Noodles Instant 70g,Dangote,1,16001.74,0,16001.74,13878.31,0,16001.74,2123.43,13.27,Cash on Delivery,Delivered,3,Mobile App,3.4,0,0
JO-2023-10416,2023-06-12,19:19:00,June,Q2,Monday,JMC000031,Abuja,Asokoro,Beauty & Health,Shampoo Anti-Dandruff,Dove,2,26526.16,0,26526.16,14117.22,,53052.32,24817.88,46.78,Bank Transfer,Returned,6,Website Desktop,,1,0
JO-2023-11446,2023-06-12,07:58:00,June,Q2,Monday,JMC000492,Kaduna,Kaduna North,Beauty & Health,Hair Relaxer Kit,Neutrogena,3,21113.94,0,21113.94,11186.17,0,63341.82,29783.31,47.02,Card Payment,Delivered,8,Website Desktop,4.4,0,0
JO-2023-11459,2023-06-12,12:02:00,June,Q2,Monday,JMC001027,Lagos,Ikeja,Groceries,Spaghetti 500g,Cadbury,1,23898.61,5,22703.68,18891.73,0,22703.68,3811.95,16.79,Card Payment,Delivered,1,Website Desktop,4.6,0,0
JO-2023-11680,2023-06-12,13:28:00,June,Q2,Monday,JMC000814,Abuja,Wuse,Beauty & Health,Face Mask Set,Black Seed,3,5483.69,0,5483.69,3522.72,0,16451.07,5882.91,35.76,USSD Payment,Cancelled,7,WhatsApp Store,,0,0
JO-2023-11755,2023-06-12,08:02:00,June,Q2,Monday,JMC000681,Lagos,Ikeja,Beauty & Health,Moisturising Lotion 400ml,Black Seed,1,9506.64,0,9506.64,4798.0,1200,9506.64,4708.64,49.53,Cash on Delivery,Delivered,2,Website Desktop,4.1,0,0
JO-2023-12201,2023-06-12,14:27:00,June,Q2,Monday,JMC000583,Benue,Gboko,Sports & Outdoor,Swimming Goggles,Decathlon,1,5551.92,0,5551.92,3609.3,2000,5551.92,1942.62,34.99,Cash on Delivery,Delivered,4,USSD,2.6,0,0
JO-2023-12947,2023-06-12,10:29:00,June,Q2,Monday,JMC001013,Lagos,Victoria Island,Beauty & Health,Manicure Kit,L'Oreal,2,7971.68,0,7971.68,4150.06,,15943.36,7643.24,47.94,Card Payment,Delivered,4,Website Desktop,3.8,0,0
JO-2023-10610,2023-06-13,08:40:00,June,Q2,Tuesday,JMC000446,Lagos,Lekki,Home & Kitchen,Kitchen Towel Set,Scanfrost,1,109683.92,0,109683.92,76010.96,0,109683.92,33672.96,30.7,Jumia Pay Wallet,Cancelled,4,Agent Network,,0,0
JO-2023-10627,2023-06-13,07:00:00,June,Q2,Tuesday,JMC000722,Kano,Tarauni,Electronics,Desk Fan,Samsung,1,14139.98,30,9897.99,8357.86,1500,9897.99,1540.13,15.56,Card Payment,Delivered,3,Website Desktop,4.2,0,0
JO-2023-10672,2023-06-13,10:49:00,June,Q2,Tuesday,JMC000051,Delta,Warri,Sports & Outdoor,Cycling Helmet,Spalding,1,42756.32,0,42756.32,31451.55,0,42756.32,11304.77,26.44,Jumia Pay Wallet,Processing,1,Website Desktop,,0,0
JO-2023-10961,2023-06-13,10:31:00,June,Q2,Tuesday,JMC000630,Anambra,Awka,Groceries,Rice 5kg Bag,PZ Cussons,1,1602.63,0,1602.63,1390.12,1200,1602.63,212.51,13.26,Jumia Pay Wallet,Delivered,5,Website Desktop,3.9,0,0
JO-2023-11032,2023-06-13,17:38:00,June,Q2,Tuesday,JMC001084,Imo,Okigwe,Sports & Outdoor,Football Size 5,Puma,1,16284.67,30,11399.27,8045.6,,11399.27,3353.67,29.42,Card Payment,Delivered,4,Mobile App,3.1,0,0
JO-2023-11364,2023-06-13,21:56:00,June,Q2,Tuesday,JMC000935,Lagos,Victoria Island,Beauty & Health,Face Mask Set,Black Seed,1,34286.51,40,20571.91,8568.2,0,20571.91,12003.71,58.35,Cash on Delivery,Processing,3,WhatsApp Store,,0,0
JO-2023-11386,2023-06-13,16:08:00,June,Q2,Tuesday,JMC000379,Ondo,Ondo City,Groceries,Honey Natural 500g,Dangote,3,16737.54,50,8368.77,7340.25,0,25106.31,3085.56,12.29,Cash on Delivery,Delivered,7,Mobile App,2.6,0,0
JO-2023-11981,2023-06-13,22:19:00,June,Q2,Tuesday,JMC000828,Lagos,Lekki,Beauty & Health,Face Mask Set,Nivea,2,15916.02,0,15916.02,9153.3,0,31832.04,13525.44,42.49,Card Payment,Delivered,7,Website Desktop,4.7,0,0
JO-2023-12488,2023-06-13,17:29:00,June,Q2,Tuesday,JMC000348,Bauchi,Bauchi City,Fashion,Sneakers Size 42,Lagos Styles,2,64547.39,10,58092.65,27018.89,,116185.3,62147.52,53.49,Cash on Delivery,Delivered,2,Mobile App,4.1,0,0
JO-2023-10070,2023-06-14,21:44:00,June,Q2,Wednesday,JMC001363,Abuja,Gwarinpa,Fashion,Women's Heels,Lagos Styles,2,7795.59,0,7795.59,5401.56,0,15591.18,4788.06,30.71,Cash on Delivery,Processing,1,Mobile App,,0,0
JO-2023-10196,2023-06-14,08:26:00,June,Q2,Wednesday,JMC000328,Enugu,Enugu North,Beauty & Health,Hair Relaxer Kit,Nivea,2,29118.54,25,21838.9,11600.82,0,43677.8,20476.16,46.88,Card Payment,Delivered,7,Mobile App,4.9,0,0
JO-2023-10513,2023-06-14,12:47:00,June,Q2,Wednesday,JMC001342,Enugu,Udi,Electronics,Bluetooth Speaker,JBL,2,426612.46,40,255967.48,199117.1,0,511934.96,113700.76,22.21,Jumia Pay Wallet,Returned,4,USSD,,1,0
JO-2023-10572,2023-06-14,12:10:00,June,Q2,Wednesday,JMC000810,Lagos,Ikeja,Electronics,Smart TV 43inch,Tecno,1,379159.16,0,379159.16,324863.57,0,379159.16,54295.59,14.32,Card Payment,Delivered,1,WhatsApp Store,2.7,0,0
JO-2023-10661,2023-06-14,18:08:00,June,Q2,Wednesday,JMC000185,Anambra,Onitsha,Beauty & Health,Beard Oil 50ml,L'Oreal,1,6626.41,0,6626.41,3088.57,2000,6626.41,3537.84,53.39,Card Payment,Returned,1,WhatsApp Store,,1,0
JO-2023-10744,2023-06-14,12:01:00,June,Q2,Wednesday,JMC000259,Kano,Kano City,Fashion,Men's Jeans,Nike,2,60143.87,0,60143.87,35941.98,0,120287.74,48403.78,40.24,USSD Payment,Delivered,3,USSD,3.5,0,0
JO-2023-10952,2023-06-14,10:56:00,June,Q2,Wednesday,JMC001251,Abuja,Garki,Sports & Outdoor,Swimming Goggles,Spalding,1,7210.59,0,7210.59,5599.02,1000,7210.59,1611.57,22.35,Card Payment,Delivered,5,Mobile App,3.0,0,0
JO-2023-11060,2023-06-14,14:44:00,June,Q2,Wednesday,JMC001529,Kaduna,Chikun,Electronics,Wireless Earbuds,JBL,3,442699.59,0,442699.59,386255.39,0,1328098.77,169332.6,12.75,Bank Transfer,Delivered,3,Website Desktop,4.5,0,0
JO-2023-11476,2023-06-14,15:20:00,June,Q2,Wednesday,JMC000993,Oyo,Ogbomoso,Electronics,Extension Socket,Samsung,1,397447.6,0,397447.6,330000.74,0,397447.6,67446.86,16.97,Bank Transfer,Delivered,1,Mobile App,2.7,0,0
JO-2023-12561,2023-06-14,21:53:00,June,Q2,Wednesday,JMC000317,Benue,Otukpo,Home & Kitchen,Non-stick Frying Pan,Philips,1,37524.11,0,37524.11,23264.95,0,37524.11,14259.16,38.0,Cash on Delivery,Delivered,8,Website Desktop,,0,0
JO-2023-10001,2023-06-15,11:25:00,June,Q2,Thursday,JMC000149,Imo,Owerri,Fashion,Men's Polo Shirt,Ankara Palace,1,19427.3,40,11656.38,7894.87,0,11656.38,3761.51,32.27,Bank Transfer,Delivered,7,WhatsApp Store,4.1,0,0
JO-2023-11636,2023-06-15,07:24:00,June,Q2,Thursday,JMC000035,Lagos,Victoria Island,Home & Kitchen,Blender 1.5L,Philips,1,167429.38,0,167429.38,122441.11,0,167429.38,44988.27,26.87,Bank Transfer,Processing,4,Mobile App,,0,0
JO-2023-11639,2023-06-15,15:24:00,June,Q2,Thursday,JMC000550,Oyo,Ibadan South,Electronics,Extension Socket,Tecno,2,246835.96,0,246835.96,203763.08,0,493671.92,86145.76,17.45,Cash on Delivery,Delivered,7,Mobile App,2.7,0,0
JO-2023-11824,2023-06-15,19:24:00,June,Q2,Thursday,JMC000806,Abuja,Garki,Home & Kitchen,Coffee Maker,Binatone,1,68649.96,0,68649.96,44018.35,0,68649.96,24631.61,35.88,Card Payment,Cancelled,4,Agent Network,,0,0
JO-2023-11831,2023-06-15,11:40:00,June,Q2,Thursday,JMC001355,Niger,Kontagora,Groceries,Noodles Instant 70g,Dangote,1,5309.83,10,4778.85,4347.32,1200,4778.85,431.53,9.03,Card Payment,Delivered,8,Mobile App,4.5,0,0
JO-2023-11865,2023-06-15,10:54:00,June,Q2,Thursday,JMC000860,Lagos,Agege,Fashion,Men's Polo Shirt,H&M,5,62740.35,0,62740.35,40247.93,0,313701.75,112462.1,35.85,Cash on Delivery,Returned,1,Mobile App,,1,0
JO-2023-12641,2023-06-15,19:36:00,June,Q2,Thursday,JMC000197,Lagos,Victoria Island,Home & Kitchen,Iron Box Steam,Bosch,3,36620.6,10,32958.54,24132.24,0,98875.62,26478.9,26.78,Bank Transfer,Cancelled,5,Mobile App,,0,0
JO-2023-10223,2023-06-16,22:07:00,June,Q2,Friday,JMC000874,Delta,Ethiope East,Electronics,Desk Fan,Apple,1,166472.47,0,166472.47,139154.34,0,166472.47,27318.13,16.41,Bank Transfer,Delivered,6,WhatsApp Store,3.4,0,0
JO-2023-10288,2023-06-16,21:18:00,June,Q2,Friday,JMC000772,Edo,Egor,Fashion,Women's Ankara Gown,,3,39045.72,0,39045.72,24829.17,0,117137.16,42649.65,36.41,Card Payment,Delivered,5,Website Desktop,4.1,0,0
JO-2023-11008,2023-06-16,10:49:00,June,Q2,Friday,JMC001210,Lagos,Victoria Island,Groceries,Sugar 1kg,Cadbury,1,19348.41,0,19348.41,17260.72,0,19348.41,2087.69,10.79,Bank Transfer,Delivered,3,Website Desktop,2.9,0,0
JO-2023-11392,2023-06-16,08:05:00,June,Q2,Friday,JMC000764,Abuja,Maitama,Beauty & Health,Shampoo Anti-Dandruff,Neutrogena,1,1649.49,25,1237.12,654.68,,1237.12,582.44,47.08,Bank Transfer,Delivered,7,Mobile App,4.2,0,0
JO-2023-11461,2023-06-16,23:53:00,June,Q2,Friday,JMC000066,Plateau,Bukuru,Home & Kitchen,Cutlery Set 24pcs,Nexus,1,22147.54,10,19932.79,14367.56,0,19932.79,5565.23,27.92,Jumia Pay Wallet,Cancelled,8,Website Desktop,,0,0
JO-2023-12972,2023-06-16,07:56:00,June,Q2,Friday,JMC000379,Imo,Orlu,Home & Kitchen,Coffee Maker,Scanfrost,4,167770.9,40,100662.54,65309.86,0,402650.16,141410.72,35.12,Card Payment,Shipped,3,Mobile App,,0,0
JO-2023-10339,2023-06-17,17:09:00,June,Q2,Saturday,JMC000862,Abuja,Asokoro,Home & Kitchen,Blender 1.5L,Bosch,1,43906.71,0,43906.71,33320.8,0,43906.71,10585.91,24.11,Card Payment,Cancelled,8,Website Desktop,,0,0
JO-2023-10351,2023-06-17,09:53:00,June,Q2,Saturday,JMC000675,Lagos,Ikeja,Fashion,Leather Belt,Zara,1,51173.95,0,51173.95,31569.21,0,51173.95,19604.74,38.31,Jumia Pay Wallet,Delivered,6,USSD,3.7,0,0
JO-2023-11022,2023-06-17,12:43:00,June,Q2,Saturday,JMC000869,Ogun,Abeokuta,Fashion,Leather Belt,Ankara Palace,1,52436.28,10,47192.65,28853.59,0,47192.65,18339.06,38.86,Bank Transfer,Processing,2,Website Desktop,,0,0
JO-2023-11421,2023-06-17,23:00:00,June,Q2,Saturday,JMC000011,Abuja,Asokoro,Electronics,Power Bank 20000mAh,Infinix,2,216470.86,0,216470.86,189303.77,0,432941.72,54334.18,12.55,Jumia Pay Wallet,Delivered,4,Website Desktop,4.9,0,0
JO-2023-12066,2023-06-17,18:12:00,June,Q2,Saturday,JMC000848,Edo,Egor,Computing,Printer Ink Cartridge,HP,2,145244.88,0,145244.88,127190.94,0,290489.76,36107.88,12.43,Card Payment,Delivered,7,Website Desktop,3.6,0,0
JO-2023-12221,2023-06-17,15:58:00,June,Q2,Saturday,JMC001595,Plateau,Shendam,Computing,Mechanical Keyboard,Acer,1,199778.49,0,199778.49,170530.92,,199778.49,29247.57,14.64,Card Payment,Delivered,2,USSD,4.6,0,0
JO-2023-12530,2023-06-17,19:04:00,June,Q2,Saturday,JMC000598,Abuja,Asokoro,Fashion,Baseball Cap,H&M,5,77828.56,40,46697.14,28303.14,0,233485.7,91970.0,39.39,USSD Payment,Delivered,4,Website Desktop,3.2,0,0
JO-2023-12737,2023-06-17,09:31:00,June,Q2,Saturday,JMC001174,Lagos,Surulere,Fashion,Wristwatch Classic,H&M,1,77538.12,0,77538.12,51221.68,0,77538.12,26316.44,33.94,Card Payment,Delivered,8,Mobile App,2.8,0,0
JO-2023-10325,2023-06-18,16:09:00,June,Q2,Sunday,JMC000258,Delta,Warri,Home & Kitchen,Cutlery Set 24pcs,Nexus,1,168748.2,30,118123.74,84836.47,0,118123.74,33287.27,28.18,Card Payment,Returned,5,Mobile App,,1,0
JO-2023-10331,2023-06-18,18:14:00,June,Q2,Sunday,JMC001513,Lagos,Ikorodu,Sports & Outdoor,Running Shoes,Under Armour,2,89310.23,0,89310.23,54184.52,0,178620.46,70251.42,39.33,Cash on Delivery,Delivered,4,Mobile App,2.7,0,0
JO-2023-10410,2023-06-18,07:15:00,June,Q2,Sunday,JMC000819,Benue,Makurdi,Electronics,Extension Socket,Tecno,1,363673.01,50,181836.51,154742.87,0,181836.51,27093.64,14.9,Jumia Pay Wallet,Delivered,8,Website Desktop,2.8,0,0
JO-2023-10796,2023-06-18,22:28:00,June,Q2,Sunday,JMC001116,Rivers,Eleme,Home & Kitchen,Storage Containers,Nexus,3,115737.57,0,115737.57,83666.69,0,347212.71,96212.64,27.71,Card Payment,Delivered,1,Website Desktop,3.6,0,0
JO-2023-11412,2023-06-18,07:14:00,June,Q2,Sunday,JMC001141,Kwara,Patigi,Books & Education,Python Programming Basics,Oxford,3,2262.31,0,2262.31,1602.85,1500,6786.93,1978.38,29.15,Card Payment,Shipped,4,Website Desktop,,0,0
JO-2023-11510,2023-06-18,08:55:00,June,Q2,Sunday,JMC000636,Abuja,Garki,Sports & Outdoor,Football Size 5,Puma,5,32111.29,0,32111.29,22969.21,0,160556.45,45710.4,28.47,Bank Transfer,Returned,7,Website Desktop,,1,0
JO-2023-12054,2023-06-18,16:18:00,June,Q2,Sunday,JMC000666,Kaduna,Kaduna South,Electronics,Wireless Earbuds,Sony,2,72458.83,30,50721.18,39516.87,0,101442.36,22408.62,22.09,Jumia Pay Wallet,Delivered,2,Mobile App,4.0,0,0
JO-2023-12397,2023-06-18,11:03:00,June,Q2,Sunday,JMC000509,Bauchi,Bauchi City,Home & Kitchen,Pressure Cooker 5L,Nasco,2,178511.55,0,178511.55,123494.29,0,357023.1,110034.52,30.82,Bank Transfer,Delivered,4,Mobile App,2.9,0,0
JO-2023-12794,2023-06-18,15:57:00,June,Q2,Sunday,JMC000866,Cross River,Calabar,Beauty & Health,Vitamin C Serum,Black Seed,1,13967.4,30,9777.18,3917.72,1000,9777.18,5859.46,59.93,Card Payment,Shipped,5,Website Desktop,,0,0
JO-2023-12808,2023-06-18,10:26:00,June,Q2,Sunday,JMC000883,Lagos,Victoria Island,Fashion,Men's Polo Shirt,Adidas,3,7808.16,0,7808.16,4313.23,0,23424.48,10484.79,44.76,Cash on Delivery,Delivered,5,Agent Network,4.6,0,0
JO-2023-10116,2023-06-19,15:06:00,June,Q2,Monday,JMC000890,Rivers,Eleme,Electronics,Smart TV 43inch,HP,2,284346.2,0,284346.2,238793.94,0,568692.4,91104.52,16.02,Jumia Pay Wallet,Delivered,4,Mobile App,3.5,0,0
JO-2023-10683,2023-06-19,18:52:00,June,Q2,Monday,JMC000515,Abuja,Garki,Sports & Outdoor,Resistance Bands Set,Under Armour,2,54912.75,0,54912.75,33134.35,0,109825.5,43556.8,39.66,Cash on Delivery,Cancelled,8,Mobile App,,0,0
JO-2023-10841,2023-06-19,10:52:00,June,Q2,Monday,JMC001093,Lagos,Lekki,Electronics,Phone Charger USB-C,Apple,1,349157.96,10,314242.16,246648.67,0,314242.16,67593.49,21.51,Card Payment,Delivered,1,Website Desktop,5.0,0,0
JO-2023-11263,2023-06-19,14:42:00,June,Q2,Monday,JMC001202,Kaduna,Kaduna South,Home & Kitchen,Coffee Maker,Binatone,1,76660.37,0,76660.37,59243.13,0,76660.37,17417.24,22.72,Jumia Pay Wallet,Delivered,4,Mobile App,2.8,0,0
JO-2023-11303,2023-06-19,09:54:00,June,Q2,Monday,JMC000683,Cross River,Ikom,Beauty & Health,Sunscreen SPF50,Olay,3,20213.69,40,12128.21,7531.62,,36384.63,13789.77,37.9,Card Payment,Processing,2,Agent Network,,0,0
JO-2023-11345,2023-06-19,15:22:00,June,Q2,Monday,JMC000175,Lagos,Yaba,Electronics,Bluetooth Speaker,Tecno,1,84787.1,0,84787.1,62335.48,,84787.1,22451.62,26.48,USSD Payment,Delivered,4,Website Desktop,4.4,0,0
JO-2023-11938,2023-06-19,07:02:00,June,Q2,Monday,JMC000361,Enugu,Nkanu,Books & Education,Children Storybook,Kachifo,1,2471.61,0,2471.61,1756.08,1000,2471.61,715.53,28.95,Bank Transfer,Delivered,4,Agent Network,4.0,0,0
JO-2023-12163,2023-06-19,14:25:00,June,Q2,Monday,JMC000347,Kano,Nassarawa,Beauty & Health,Moisturising Lotion 400ml,Black Seed,1,9859.63,10,8873.67,3843.19,1200,8873.67,5030.48,56.69,Bank Transfer,Delivered,2,Mobile App,3.5,0,0
JO-2023-10277,2023-06-20,15:45:00,June,Q2,Tuesday,JMC001323,Abuja,Wuse,Computing,Printer Ink Cartridge,MacBook,2,428848.7,0,428848.7,338618.93,0,857697.4,180459.54,21.04,Card Payment,Shipped,3,Website Desktop,,0,0
JO-2023-10560,2023-06-20,16:12:00,June,Q2,Tuesday,JMC000759,Abuja,Asokoro,Beauty & Health,Vitamin C Serum,L'Oreal,1,11403.23,50,5701.61,3301.23,700,5701.61,2400.38,42.1,Cash on Delivery,Delivered,8,Website Desktop,3.2,0,0
JO-2023-10789,2023-06-20,08:55:00,June,Q2,Tuesday,JMC001560,Kaduna,Kaduna South,Beauty & Health,Manicure Kit,L'Oreal,2,13932.37,0,13932.37,7127.8,0,27864.74,13609.14,48.84,Card Payment,Returned,2,WhatsApp Store,,1,0
JO-2023-11430,2023-06-20,08:14:00,June,Q2,Tuesday,JMC001140,Abuja,Gwarinpa,Sports & Outdoor,Yoga Mat 6mm,Puma,3,21231.13,0,21231.13,12524.24,0,63693.39,26120.67,41.01,Card Payment,Delivered,8,Mobile App,4.7,0,0
JO-2023-11711,2023-06-20,07:16:00,June,Q2,Tuesday,JMC000137,Kano,Nassarawa,Electronics,Bluetooth Speaker,Infinix,1,144818.61,0,144818.61,126730.77,0,144818.61,18087.84,12.49,Bank Transfer,Cancelled,4,Mobile App,,0,0
JO-2023-12043,2023-06-20,20:44:00,June,Q2,Tuesday,JMC000329,Lagos,Ikeja,Home & Kitchen,Pressure Cooker 5L,Bosch,2,44119.46,10,39707.51,31090.98,0,79415.02,17233.06,21.7,Card Payment,Delivered,8,Mobile App,3.7,0,0
JO-2023-12086,2023-06-20,22:18:00,June,Q2,Tuesday,JMC000739,Kano,Tarauni,Groceries,Tomato Paste 400g,Cadbury,1,8289.33,0,8289.33,7521.74,1000,8289.33,767.59,9.26,Card Payment,Delivered,6,Mobile App,3.2,0,0
JO-2023-12310,2023-06-20,13:31:00,June,Q2,Tuesday,JMC001355,Nasarawa,Keffi,Books & Education,Business Management,Kachifo,1,7207.27,25,5405.45,3413.54,1000,5405.45,1991.91,36.85,Cash on Delivery,Delivered,7,WhatsApp Store,3.1,0,0
JO-2023-12531,2023-06-20,23:22:00,June,Q2,Tuesday,JMC000097,Delta,Ethiope East,Home & Kitchen,Cutlery Set 24pcs,Scanfrost,3,179267.92,,179267.92,111110.26,0,537803.76,204472.98,38.02,Jumia Pay Wallet,Shipped,1,Website Desktop,,0,0
JO-2023-12731,2023-06-20,12:15:00,June,Q2,Tuesday,JMC000049,Lagos,Surulere,Computing,Laptop 15.6inch i5,HP,2,731326.68,15,621627.68,532486.27,,1243255.36,178282.82,14.34,Card Payment,Delivered,8,Website Desktop,4.1,0,0
JO-2023-12785,2023-06-20,10:05:00,June,Q2,Tuesday,JMC001588,Imo,Orlu,Computing,USB Hub 7-Port,Asus,1,368645.8,0,368645.8,320463.79,0,368645.8,48182.01,13.07,Bank Transfer,Shipped,6,Mobile App,,0,0
JO-2023-12914,2023-06-20,19:36:00,June,Q2,Tuesday,JMC000729,Abuja,Kubwa,Groceries,Honey Natural 500g,Nestle,1,604.86,0,604.86,502.76,700,604.86,102.1,16.88,Bank Transfer,Shipped,7,Mobile App,,0,0
JO-2023-10037,2023-06-21,08:16:00,June,Q2,Wednesday,JMC001413,Abuja,Wuse,Fashion,Wristwatch Classic,Lagos Styles,1,80531.72,20,64425.38,33572.07,0,64425.38,30853.31,47.89,Bank Transfer,Returned,8,Mobile App,,1,0
JO-2023-10132,2023-06-21,22:38:00,June,Q2,Wednesday,JMC000949,Cross River,Calabar,Computing,Laptop Stand Aluminium,HP,1,840456.39,30,588319.47,528193.22,0,588319.47,60126.25,10.22,Jumia Pay Wallet,Delivered,4,Mobile App,4.5,0,0
JO-2023-10138,2023-06-21,08:37:00,June,Q2,Wednesday,JMC000949,Kaduna,Kaduna North,Electronics,Extension Socket,Tecno,2,260808.59,0,260808.59,227503.33,,521617.18,66610.52,12.77,Card Payment,Delivered,6,WhatsApp Store,4.9,0,0
JO-2023-10278,2023-06-21,13:21:00,June,Q2,Wednesday,JMC000913,Rivers,Port Harcourt,Beauty & Health,Hair Relaxer Kit,L'Oreal,1,6767.46,50,3383.73,1451.96,1500,3383.73,1931.77,57.09,Cash on Delivery,Delivered,2,USSD,4.0,0,0
JO-2023-10306,2023-06-21,23:49:00,June,Q2,Wednesday,JMC001186,Oyo,Ibadan North,Beauty & Health,Body Scrub,L'Oreal,2,17691.62,0,17691.62,10929.88,0,35383.24,13523.48,38.22,Card Payment,Delivered,7,Mobile App,3.8,0,0
JO-2023-10544,2023-06-21,17:15:00,June,Q2,Wednesday,JMC000915,Ogun,Ilaro,Beauty & Health,Hair Relaxer Kit,Dove,4,10591.24,5,10061.68,4096.11,0,40246.72,23862.28,59.29,Card Payment,Cancelled,2,WhatsApp Store,,0,0
JO-2023-10986,2023-06-21,15:54:00,June,Q2,Wednesday,JMC000692,Ogun,Ilaro,Groceries,Sugar 1kg,Dangote,1,1355.78,0,1355.78,1209.9,2000,1355.78,145.88,10.76,Bank Transfer,Delivered,8,Website Desktop,3.8,0,0
JO-2023-11315,2023-06-21,11:55:00,June,Q2,Wednesday,JMC000069,Lagos,Lagos Island,Computing,Webcam HD 1080p,Acer,1,848842.97,0,848842.97,747830.66,0,848842.97,101012.31,11.9,Card Payment,Delivered,6,Website Desktop,4.6,0,0
JO-2023-12161,2023-06-21,11:27:00,June,Q2,Wednesday,JMC000359,Enugu,Udi,Beauty & Health,Body Scrub,L'Oreal,1,18421.61,25,13816.21,6588.95,0,13816.21,7227.26,52.31,Bank Transfer,Delivered,3,Mobile App,3.9,0,0
JO-2023-12248,2023-06-21,21:38:00,June,Q2,Wednesday,JMC001152,Anambra,Anambra East,Groceries,Biscuits Assorted,Dangote,1,11997.7,0,11997.7,10225.64,0,11997.7,1772.06,14.77,Card Payment,Delivered,7,Mobile App,2.9,0,0
JO-2023-12268,2023-06-21,21:36:00,June,Q2,Wednesday,JMC000210,Lagos,Surulere,Computing,Webcam HD 1080p,,1,306416.48,0,306416.48,259350.91,0,306416.48,47065.57,15.36,Bank Transfer,Delivered,4,WhatsApp Store,3.5,0,0
JO-2023-12288,2023-06-21,20:38:00,June,Q2,Wednesday,JMC000032,Lagos,Agege,Electronics,Smart Watch,Lenovo,1,189602.08,0,189602.08,146126.32,0,189602.08,43475.76,22.93,Jumia Pay Wallet,Delivered,4,WhatsApp Store,4.6,0,0
JO-2023-10232,2023-06-22,12:10:00,June,Q2,Thursday,JMC000457,Rivers,Obio-Akpor,Fashion,Men's Polo Shirt,Adidas,1,14949.65,0,14949.65,6751.26,0,14949.65,8198.39,54.84,Bank Transfer,Delivered,2,Agent Network,3.6,0,0
JO-2023-11440,2023-06-22,15:50:00,June,Q2,Thursday,JMC001183,Abuja,Wuse,Electronics,Power Bank 20000mAh,Tecno,1,100293.92,,100293.92,79663.46,0,100293.92,20630.46,20.57,Bank Transfer,Processing,5,USSD,,0,0
JO-2023-12358,2023-06-22,14:44:00,June,Q2,Thursday,JMC001558,Abuja,Kubwa,Computing,Laptop Stand Aluminium,Dell,1,241671.92,10,217504.73,182834.48,0,217504.73,34670.25,15.94,Bank Transfer,Delivered,8,Mobile App,3.1,0,0
JO-2023-12642,2023-06-22,19:28:00,June,Q2,Thursday,JMC000459,Oyo,Ibadan North,Fashion,Baseball Cap,Ankara Palace,2,17580.98,0,17580.98,9861.17,0,35161.96,15439.62,43.91,Jumia Pay Wallet,Shipped,7,Mobile App,,0,0
JO-2023-12709,2023-06-22,20:45:00,June,Q2,Thursday,JMC001358,Lagos,Victoria Island,Electronics,Bluetooth Speaker,JBL,2,31449.59,20,25159.67,18245.79,0,50319.34,13827.76,27.48,USSD Payment,Delivered,8,Mobile App,3.2,0,0
JO-2023-12818,2023-06-22,20:25:00,June,Q2,Thursday,JMC000369,Abuja,Maitama,Electronics,Power Bank 20000mAh,Sony,1,145061.13,0,145061.13,106242.77,0,145061.13,38818.36,26.76,USSD Payment,Shipped,1,Mobile App,,0,0
JO-2023-12862,2023-06-22,21:49:00,June,Q2,Thursday,JMC001337,Delta,Warri,Electronics,Power Bank 20000mAh,Sony,3,322121.95,0,322121.95,270421.38,0,966365.85,155101.71,16.05,Card Payment,Delivered,5,Mobile App,4.8,0,0
JO-2023-10206,2023-06-23,16:25:00,June,Q2,Friday,JMC000488,Lagos,Yaba,Electronics,Bluetooth Speaker,Lenovo,1,233615.0,20,186892.0,158559.17,0,186892.0,28332.83,15.16,Jumia Pay Wallet,Shipped,2,Agent Network,,0,0
JO-2023-10840,2023-06-23,14:02:00,June,Q2,Friday,JMC001326,Ogun,Abeokuta,Groceries,Groundnut Oil 5L,Nestle,1,6284.25,0,6284.25,5435.25,1500,6284.25,849.0,13.51,Cash on Delivery,Delivered,5,Mobile App,4.3,0,0
JO-2023-11593,2023-06-23,14:25:00,June,Q2,Friday,JMC001010,Lagos,Agege,Fashion,Men's Jeans,Nike,1,58243.5,0,58243.5,35493.59,0,58243.5,22749.91,39.06,USSD Payment,Delivered,3,Mobile App,3.8,0,0
JO-2023-11821,2023-06-23,15:08:00,June,Q2,Friday,JMC000008,Lagos,Victoria Island,Sports & Outdoor,Football Size 5,Spalding,1,54443.15,0,54443.15,37059.45,0,54443.15,17383.7,31.93,Card Payment,Delivered,1,Mobile App,4.1,0,0
JO-2023-11828,2023-06-23,09:53:00,June,Q2,Friday,JMC001053,Lagos,Surulere,Sports & Outdoor,Football Size 5,Wilson,3,12541.52,0,12541.52,9236.83,0,37624.56,9914.07,26.35,Jumia Pay Wallet,Delivered,1,Mobile App,5.0,0,0
JO-2023-12160,2023-06-23,15:13:00,June,Q2,Friday,JMC000666,Anambra,Nnewi,Sports & Outdoor,Football Size 5,Wilson,2,62829.78,0,62829.78,42755.67,0,125659.56,40148.22,31.95,USSD Payment,Delivered,1,Website Desktop,4.1,0,0
JO-2023-12754,2023-06-23,18:37:00,June,Q2,Friday,JMC001267,Abuja,Maitama,Fashion,Sneakers Size 42,Ankara Palace,4,73185.6,0,73185.6,45638.54,0,292742.4,110188.24,37.64,Bank Transfer,Delivered,2,Mobile App,2.9,0,0
JO-2023-10435,2023-06-24,21:32:00,June,Q2,Saturday,JMC000737,Abuja,Garki,Electronics,Desk Fan,Infinix,1,449479.34,0,449479.34,358549.67,0,449479.34,90929.67,20.23,Cash on Delivery,Delivered,6,WhatsApp Store,2.9,0,0
JO-2023-10666,2023-06-24,07:18:00,June,Q2,Saturday,JMC000746,Abuja,Garki,Beauty & Health,Shampoo Anti-Dandruff,Dove,4,25717.83,20,20574.26,9373.63,0,82297.04,44802.52,54.44,Card Payment,Returned,4,Website Desktop,,1,0
JO-2023-12178,2023-06-24,21:08:00,June,Q2,Saturday,JMC000290,Rivers,Oyigbo,Books & Education,English Grammar,Amazon KDP,2,15279.06,0,15279.06,10979.53,0,30558.12,8599.06,28.14,Card Payment,Delivered,4,Website Desktop,3.8,0,0
JO-2023-12189,2023-06-24,20:38:00,June,Q2,Saturday,JMC001040,Lagos,Ikorodu,Fashion,Women's Ankara Gown,Ankara Palace,4,82721.26,0,82721.26,55423.24,0,330885.04,109192.08,33.0,Bank Transfer,Shipped,2,USSD,,0,0
JO-2023-10289,2023-06-25,19:41:00,June,Q2,Sunday,JMC001376,Anambra,Awka,Computing,Mechanical Keyboard,Acer,1,398787.4,30,279151.18,235547.77,,279151.18,43603.41,15.62,Jumia Pay Wallet,Delivered,8,Mobile App,3.1,0,0
JO-2023-10511,2023-06-25,11:23:00,June,Q2,Sunday,JMC000817,Kaduna,Chikun,Electronics,Power Bank 20000mAh,Sony,2,208719.47,0,208719.47,178079.45,0,417438.94,61280.04,14.68,Card Payment,Delivered,8,Mobile App,3.8,0,0
JO-2023-10579,2023-06-25,22:35:00,June,Q2,Sunday,JMC000363,Bauchi,Bauchi City,Sports & Outdoor,Resistance Bands Set,Spalding,1,79193.52,0,79193.52,60678.08,0,79193.52,18515.44,23.38,Card Payment,Delivered,2,Website Desktop,3.4,0,0
JO-2023-10790,2023-06-25,16:04:00,June,Q2,Sunday,JMC000983,Enugu,Udi,Fashion,Men's Polo Shirt,Adidas,4,79332.39,,79332.39,43101.29,0,317329.56,144924.4,45.67,Jumia Pay Wallet,Cancelled,2,Mobile App,,0,0
JO-2023-11007,2023-06-25,10:40:00,June,Q2,Sunday,JMC000177,Lagos,Lagos Island,Beauty & Health,Moisturising Lotion 400ml,Olay,1,27644.56,0,27644.56,11115.88,0,27644.56,16528.68,59.79,Card Payment,Delivered,2,Mobile App,4.5,0,0
JO-2023-11100,2023-06-25,07:22:00,June,Q2,Sunday,JMC001529,Lagos,Lagos Island,Sports & Outdoor,Swimming Goggles,Wilson,1,23215.95,0,23215.95,14890.71,0,23215.95,8325.24,35.86,Bank Transfer,Delivered,7,USSD,2.8,0,0
JO-2023-11460,2023-06-25,09:29:00,June,Q2,Sunday,JMC001143,Rivers,Obio-Akpor,Electronics,Power Bank 20000mAh,Infinix,1,91111.46,0,91111.46,74264.95,0,91111.46,16846.51,18.49,Cash on Delivery,Processing,1,Mobile App,,0,0
JO-2023-11667,2023-06-25,21:46:00,June,Q2,Sunday,JMC001033,Anambra,Anambra East,Beauty & Health,Perfume Floral 100ml,Olay,2,7020.47,0,7020.47,4217.9,0,14040.94,5605.14,39.92,Cash on Delivery,Delivered,4,Mobile App,3.7,0,0
JO-2023-12436,2023-06-25,20:08:00,June,Q2,Sunday,JMC000582,Lagos,Ikeja,Books & Education,Business Management,Amazon KDP,2,14836.2,0,14836.2,9027.83,0,29672.4,11616.74,39.15,Card Payment,Delivered,4,Mobile App,4.0,0,0
JO-2023-12779,2023-06-25,08:23:00,June,Q2,Sunday,JMC000376,Oyo,Ibadan North,Sports & Outdoor,Dumbbell 5kg pair,Wilson,1,94564.8,0,94564.8,61561.68,0,94564.8,33003.12,34.9,Jumia Pay Wallet,Processing,8,Website Desktop,,0,0
JO-2023-10068,2023-06-26,07:42:00,June,Q2,Monday,JMC001126,Enugu,Udi,Beauty & Health,Body Scrub,Nivea,1,30012.75,50,15006.38,9180.9,0,15006.38,5825.48,38.82,Card Payment,Shipped,7,Agent Network,,0,0
JO-2023-10662,2023-06-26,21:37:00,June,Q2,Monday,JMC001140,Anambra,Nnewi,Fashion,Wristwatch Classic,Lagos Styles,4,27622.81,40,16573.69,8595.12,0,66294.76,31914.28,48.14,Card Payment,Delivered,1,Mobile App,3.6,0,0
JO-2023-11776,2023-06-26,11:54:00,June,Q2,Monday,JMC000895,Abuja,Wuse,Groceries,Tin Tomato Carton,Nestle,1,20637.53,50,10318.76,8802.93,0,10318.76,1515.83,14.69,Card Payment,Delivered,3,Mobile App,2.5,0,0
JO-2023-12044,2023-06-26,20:11:00,June,Q2,Monday,JMC000935,Kano,Nassarawa,Fashion,Sunglasses UV400,Ankara Palace,1,35699.61,0,35699.61,22073.07,0,35699.61,13626.54,38.17,Cash on Delivery,Cancelled,2,Mobile App,,0,0
JO-2023-12306,2023-06-26,21:00:00,June,Q2,Monday,JMC000479,Lagos,Ikorodu,Fashion,Handbag Brown,Ankara Palace,2,45646.81,15,38799.79,21673.56,0,77599.58,34252.46,44.14,Cash on Delivery,Cancelled,8,Website Desktop,,0,0
JO-2023-12958,2023-06-26,09:06:00,June,Q2,Monday,JMC000499,Imo,Orlu,Sports & Outdoor,Cycling Helmet,Wilson,2,27981.48,0,27981.48,20040.34,0,55962.96,15882.28,28.38,Card Payment,Delivered,1,Website Desktop,3.3,0,0
JO-2023-10373,2023-06-27,08:18:00,June,Q2,Tuesday,JMC001583,Plateau,Shendam,Computing,Laptop 15.6inch i5,Microsoft,1,595438.96,0,595438.96,474683.94,0,595438.96,120755.02,20.28,Cash on Delivery,Delivered,1,Mobile App,4.9,0,0
JO-2023-10601,2023-06-27,12:18:00,June,Q2,Tuesday,JMC000732,Kaduna,Chikun,Computing,Webcam HD 1080p,HP,1,549437.76,0,549437.76,462626.59,0,549437.76,86811.17,15.8,Cash on Delivery,Delivered,4,Website Desktop,3.9,0,0
JO-2023-11074,2023-06-27,09:27:00,June,Q2,Tuesday,JMC001558,Oyo,Ogbomoso,Home & Kitchen,Dish Rack,,1,20183.62,0,20183.62,14047.8,0,20183.62,6135.82,30.4,Bank Transfer,Delivered,8,Mobile App,4.5,0,0
JO-2023-12120,2023-06-27,18:05:00,June,Q2,Tuesday,JMC000268,Kaduna,Kaduna South,Beauty & Health,Vitamin C Serum,Black Seed,2,33752.48,5,32064.86,14554.24,0,64129.72,35021.24,54.61,Cash on Delivery,Delivered,2,Website Desktop,2.8,0,0
JO-2023-12144,2023-06-27,23:09:00,June,Q2,Tuesday,JMC000557,Delta,Oshimili,Beauty & Health,Moisturising Lotion 400ml,Nivea,1,32951.98,0,32951.98,16472.69,0,32951.98,16479.29,50.01,Bank Transfer,Cancelled,8,Website Desktop,,0,0
JO-2023-10129,2023-06-28,11:08:00,June,Q2,Wednesday,JMC000560,Kano,Tarauni,Beauty & Health,Sunscreen SPF50,Nivea,1,20868.32,25,15651.24,7935.18,0,15651.24,7716.06,49.3,Card Payment,Delivered,6,Agent Network,4.0,0,0
JO-2023-11307,2023-06-28,19:52:00,June,Q2,Wednesday,JMC000416,Oyo,Oyo,Books & Education,Law Reports,Oxford,1,2855.09,0,2855.09,1858.66,2000,2855.09,996.43,34.9,Bank Transfer,Delivered,7,Mobile App,4.7,0,0
JO-2023-11554,2023-06-28,11:33:00,June,Q2,Wednesday,JMC000414,Lagos,Agege,Home & Kitchen,Blender 1.5L,Binatone,2,131147.05,0,131147.05,82596.41,0,262294.1,97101.28,37.02,Card Payment,Returned,1,Website Desktop,,1,0
JO-2023-11669,2023-06-28,23:33:00,June,Q2,Wednesday,JMC001373,Oyo,Ogbomoso,Groceries,Spaghetti 500g,Dangote,1,12860.15,10,11574.14,10390.11,0,11574.14,1184.03,10.23,Bank Transfer,Cancelled,2,Mobile App,,0,0
JO-2023-11735,2023-06-28,08:43:00,June,Q2,Wednesday,JMC000944,Lagos,Ikeja,Electronics,Desk Fan,Lenovo,1,17952.21,0,17952.21,14623.87,0,17952.21,3328.34,18.54,Cash on Delivery,Delivered,2,Mobile App,2.7,0,0
JO-2023-11742,2023-06-28,22:21:00,June,Q2,Wednesday,JMC000316,Abuja,Gwarinpa,Fashion,Women's Ankara Gown,,1,38798.81,0,38798.81,25234.75,0,38798.81,13564.06,34.96,Bank Transfer,Delivered,7,USSD,3.5,0,0
JO-2023-11769,2023-06-28,09:14:00,June,Q2,Wednesday,JMC000720,Plateau,Jos,Home & Kitchen,Coffee Maker,Nexus,2,34255.45,0,34255.45,21526.12,0,68510.9,25458.66,37.16,Bank Transfer,Delivered,5,Mobile App,4.4,0,0
JO-2023-12192,2023-06-28,16:51:00,June,Q2,Wednesday,JMC000316,Rivers,Port Harcourt,Electronics,Desk Fan,Tecno,1,340859.19,40,204515.51,154736.43,0,204515.51,49779.08,24.34,Bank Transfer,Delivered,5,Mobile App,5.0,0,0
JO-2023-12216,2023-06-28,21:20:00,June,Q2,Wednesday,JMC001310,Lagos,Lekki,Electronics,Power Bank 20000mAh,Tecno,1,111442.65,0,111442.65,91104.37,0,111442.65,20338.28,18.25,Card Payment,Delivered,5,Website Desktop,2.6,0,0
JO-2023-12616,2023-06-28,22:34:00,June,Q2,Wednesday,JMC000635,Enugu,Enugu North,Home & Kitchen,Iron Box Steam,Binatone,1,53190.07,0,53190.07,36360.73,0,53190.07,16829.34,31.64,Card Payment,Processing,3,Website Desktop,,0,0
JO-2023-10264,2023-06-29,08:20:00,June,Q2,Thursday,JMC000844,Enugu,Nkanu,Fashion,Women's Heels,Nike,2,53163.36,0,53163.36,28219.11,0,106326.72,49888.5,46.92,Cash on Delivery,Delivered,8,Agent Network,4.6,0,0
JO-2023-10677,2023-06-29,21:04:00,June,Q2,Thursday,JMC001323,Edo,Orhionmwon,Beauty & Health,Vitamin C Serum,Olay,1,10062.3,25,7546.72,4460.11,2000,7546.72,3086.61,40.9,Card Payment,Delivered,7,Website Desktop,4.2,0,0
JO-2023-11159,2023-06-29,10:57:00,June,Q2,Thursday,JMC001137,Lagos,Agege,Groceries,Rice 5kg Bag,PZ Cussons,2,6853.86,0,6853.86,5875.81,,13707.72,1956.1,14.27,Bank Transfer,Delivered,4,Website Desktop,4.1,0,0
JO-2023-11484,2023-06-29,09:33:00,June,Q2,Thursday,JMC001312,Lagos,Yaba,Home & Kitchen,Kitchen Towel Set,Binatone,4,86715.54,0,86715.54,56928.75,0,346862.16,119147.16,34.35,Card Payment,Processing,5,Website Desktop,,0,0
JO-2023-11579,2023-06-29,11:11:00,June,Q2,Thursday,JMC000721,Ogun,Ilaro,Sports & Outdoor,Cycling Helmet,Puma,1,74156.19,50,37078.1,25209.4,0,37078.1,11868.7,32.01,Jumia Pay Wallet,Delivered,8,Mobile App,4.0,0,0
JO-2023-12387,2023-06-29,18:55:00,June,Q2,Thursday,JMC001113,Lagos,Surulere,Electronics,Bluetooth Speaker,JBL,1,327936.5,0,327936.5,261726.12,0,327936.5,66210.38,20.19,Bank Transfer,Delivered,8,Website Desktop,3.6,0,0
JO-2023-12532,2023-06-29,17:08:00,June,Q2,Thursday,JMC000883,Oyo,Ibadan North,Beauty & Health,Perfume Floral 100ml,Nivea,2,29357.95,10,26422.16,12592.8,0,52844.32,27658.72,52.34,Bank Transfer,Cancelled,6,Mobile App,,0,0
JO-2023-12793,2023-06-29,18:37:00,June,Q2,Thursday,JMC001310,Nasarawa,Nasarawa,Beauty & Health,Perfume Floral 100ml,Dove,1,20731.14,0,20731.14,11650.9,0,20731.14,9080.24,43.8,Card Payment,Shipped,2,WhatsApp Store,,0,0
JO-2023-12937,2023-06-29,19:41:00,June,Q2,Thursday,JMC000581,Kano,Kano City,Electronics,Smart Watch,Apple,2,192850.92,0,192850.92,140626.89,0,385701.84,104448.06,27.08,Bank Transfer,Delivered,2,Website Desktop,4.9,0,0
JO-2023-12966,2023-06-29,18:26:00,June,Q2,Thursday,JMC001180,Niger,Minna,Fashion,Men's Polo Shirt,Ankara Palace,1,47544.94,0,47544.94,28355.8,0,47544.94,19189.14,40.36,Card Payment,Shipped,8,Website Desktop,,0,0
JO-2023-10231,2023-06-30,19:54:00,June,Q2,Friday,JMC000737,Lagos,Ikorodu,Electronics,Smart TV 43inch,Samsung,3,100857.92,0,100857.92,87453.9,0,302573.76,40212.06,13.29,Cash on Delivery,Delivered,5,Mobile App,2.8,0,0
JO-2023-10377,2023-06-30,18:06:00,June,Q2,Friday,JMC001080,Oyo,Ibadan South,Fashion,Baseball Cap,Adidas,1,41575.72,0,41575.72,25614.8,0,41575.72,15960.92,38.39,Card Payment,Delivered,4,Agent Network,3.5,0,0
JO-2023-10418,2023-06-30,07:14:00,June,Q2,Friday,JMC001258,Lagos,Surulere,Home & Kitchen,Kitchen Towel Set,Bosch,1,90831.45,0,90831.45,60094.09,0,90831.45,30737.36,33.84,Card Payment,Delivered,6,WhatsApp Store,3.2,0,0
JO-2023-10430,2023-06-30,08:58:00,June,Q2,Friday,JMC001306,Kano,Gwale,Home & Kitchen,Kitchen Towel Set,Binatone,3,167339.94,0,167339.94,115029.47,0,502019.82,156931.41,31.26,Bank Transfer,Delivered,6,Mobile App,3.0,0,0
JO-2023-10820,2023-06-30,07:56:00,June,Q2,Friday,JMC000119,Ondo,Ikare,Fashion,Wristwatch Classic,Ankara Palace,3,49384.02,0,49384.02,22588.25,0,148152.06,80387.31,54.26,Bank Transfer,Delivered,4,Mobile App,3.0,0,0
JO-2023-10918,2023-06-30,08:07:00,June,Q2,Friday,JMC000120,Abuja,Garki,Sports & Outdoor,Jump Rope,Spalding,1,49501.25,0,49501.25,32873.78,0,49501.25,16627.47,33.59,USSD Payment,Delivered,8,Website Desktop,4.3,0,0
JO-2023-11062,2023-06-30,20:05:00,June,Q2,Friday,JMC000171,Kano,Tarauni,Fashion,Men's Polo Shirt,,3,49615.39,0,49615.39,27114.81,0,148846.17,67501.74,45.35,USSD Payment,Delivered,5,WhatsApp Store,4.9,0,0
JO-2023-11130,2023-06-30,19:02:00,June,Q2,Friday,JMC001586,Abuja,Gwarinpa,Sports & Outdoor,Swimming Goggles,Under Armour,1,54326.14,0,54326.14,32563.09,0,54326.14,21763.05,40.06,Cash on Delivery,Cancelled,3,Mobile App,,0,0
JO-2023-11281,2023-06-30,07:06:00,June,Q2,Friday,JMC000190,Lagos,Ikorodu,Electronics,Desk Fan,JBL,1,72101.42,0,72101.42,52597.99,0,72101.42,19503.43,27.05,Jumia Pay Wallet,Delivered,3,Mobile App,3.6,0,0
JO-2023-11936,2023-06-30,23:40:00,June,Q2,Friday,JMC000922,Abuja,Gwarinpa,Home & Kitchen,Non-stick Frying Pan,Nasco,2,171759.19,0,171759.19,105116.62,0,343518.38,133285.14,38.8,Card Payment,Cancelled,8,Mobile App,,0,0
JO-2023-11950,2023-06-30,09:03:00,June,Q2,Friday,JMC000559,Lagos,Ikorodu,Beauty & Health,Sunscreen SPF50,L'Oreal,2,27613.22,0,27613.22,11509.19,0,55226.44,32208.06,58.32,Card Payment,Processing,3,Mobile App,,0,0
JO-2023-12196,2023-06-30,19:25:00,June,Q2,Friday,JMC000161,Lagos,Surulere,Fashion,Sneakers Size 42,Lagos Styles,1,61687.78,0,61687.78,33163.35,,61687.78,28524.43,46.24,Card Payment,Processing,1,Agent Network,,0,0
JO-2023-10097,2023-07-01,10:33:00,July,Q3,Saturday,JMC000437,Anambra,Onitsha,Home & Kitchen,Cutlery Set 24pcs,Nexus,3,122373.55,0,122373.55,77805.1,0,367120.65,133705.35,36.42,Jumia Pay Wallet,Processing,2,USSD,,0,0
JO-2023-10244,2023-07-01,09:55:00,July,Q3,Saturday,JMC000197,Abuja,Kubwa,Books & Education,Finance Fundamentals,Farafina,4,17463.61,0,17463.61,11120.83,0,69854.44,25371.12,36.32,Card Payment,Delivered,4,Website Desktop,2.8,0,0
JO-2023-11146,2023-07-01,14:06:00,July,Q3,Saturday,JMC000949,Anambra,Awka,Books & Education,Medical Dictionary,Kachifo,1,17045.98,0,17045.98,11995.26,0,17045.98,5050.72,29.63,Jumia Pay Wallet,Processing,1,Mobile App,,0,0
JO-2023-12003,2023-07-01,23:48:00,July,Q3,Saturday,JMC001548,Kano,Tarauni,Groceries,Sugar 1kg,Unilever,2,3529.75,0,3529.75,2957.93,1200,7059.5,1143.64,16.2,Card Payment,Delivered,5,Website Desktop,2.7,0,0
JO-2023-12453,2023-07-01,14:00:00,July,Q3,Saturday,JMC001243,Niger,Bida,Books & Education,English Grammar,Oxford,1,5965.69,15,5070.84,3056.2,2000,5070.84,2014.64,39.73,Jumia Pay Wallet,Delivered,8,WhatsApp Store,4.9,0,0
JO-2023-12969,2023-07-01,14:40:00,July,Q3,Saturday,JMC001521,Kwara,Patigi,Home & Kitchen,Non-stick Frying Pan,Bosch,1,147110.65,20,117688.52,78027.49,0,117688.52,39661.03,33.7,Bank Transfer,Delivered,4,Website Desktop,4.5,0,0
JO-2023-10090,2023-07-02,14:52:00,July,Q3,Sunday,JMC000658,Edo,Orhionmwon,Beauty & Health,Moisturising Lotion 400ml,Dove,1,30649.87,0,30649.87,15990.04,0,30649.87,14659.83,47.83,USSD Payment,Delivered,3,Mobile App,3.0,0,0
JO-2023-10319,2023-07-02,18:28:00,July,Q3,Sunday,JMC000432,Edo,Egor,Beauty & Health,Beard Oil 50ml,Black Seed,2,33776.19,25,25332.14,13048.59,0,50664.28,24567.1,48.49,Bank Transfer,Cancelled,7,Mobile App,,0,0
JO-2023-10968,2023-07-02,09:09:00,July,Q3,Sunday,JMC001159,Ondo,Akure,Electronics,Phone Charger USB-C,Samsung,1,22197.56,0,22197.56,16834.63,0,22197.56,5362.93,24.16,Cash on Delivery,Delivered,3,Mobile App,4.6,0,0
JO-2023-11070,2023-07-02,13:23:00,July,Q3,Sunday,JMC001493,Kaduna,Kaduna North,Beauty & Health,Hair Relaxer Kit,Black Seed,1,6208.58,0,6208.58,3305.45,1000,6208.58,2903.13,46.76,Card Payment,Processing,7,Website Desktop,,0,0
JO-2023-11236,2023-07-02,11:28:00,July,Q3,Sunday,JMC000882,Lagos,Ikorodu,Books & Education,Finance Fundamentals,Amazon KDP,1,10586.86,20,8469.49,6244.55,700,8469.49,2224.94,26.27,Bank Transfer,Processing,6,Agent Network,,0,0
JO-2023-11246,2023-07-02,16:19:00,July,Q3,Sunday,JMC001354,Abuja,Garki,Electronics,Wireless Earbuds,Apple,1,178640.92,30,125048.64,103990.45,0,125048.64,21058.19,16.84,Card Payment,Delivered,6,Mobile App,2.8,0,0
JO-2023-11248,2023-07-02,09:07:00,July,Q3,Sunday,JMC001571,Nasarawa,Nasarawa,Home & Kitchen,Iron Box Steam,Bosch,1,86059.73,0,86059.73,62875.24,0,86059.73,23184.49,26.94,Card Payment,Shipped,6,Agent Network,,0,0
JO-2023-11351,2023-07-02,23:59:00,July,Q3,Sunday,JMC000451,Oyo,Oyo,Beauty & Health,Hair Relaxer Kit,Dove,2,18337.45,0,18337.45,11572.76,0,36674.9,13529.38,36.89,Cash on Delivery,Returned,2,Mobile App,,1,0
JO-2023-11581,2023-07-02,16:11:00,July,Q3,Sunday,JMC000892,Lagos,Ikorodu,Fashion,Sneakers Size 42,H&M,2,83807.57,0,83807.57,45054.95,0,167615.14,77505.24,46.24,Cash on Delivery,Cancelled,2,Website Desktop,,0,0
JO-2023-11891,2023-07-02,12:40:00,July,Q3,Sunday,JMC000591,Ogun,Ilaro,Fashion,Sneakers Size 42,Adidas,1,44518.27,0,44518.27,24035.41,0,44518.27,20482.86,46.01,Bank Transfer,Processing,3,Mobile App,,0,0
JO-2023-12229,2023-07-02,13:49:00,July,Q3,Sunday,JMC000965,Lagos,Ikorodu,Fashion,Leather Belt,Adidas,1,11985.77,0,11985.77,7419.19,0,11985.77,4566.58,38.1,Card Payment,Delivered,6,Mobile App,3.7,0,0
JO-2023-12278,2023-07-02,12:19:00,July,Q3,Sunday,JMC000389,Kaduna,Zaria,Fashion,Handbag Brown,Ankara Palace,2,66095.94,0,66095.94,42638.49,0,132191.88,46914.9,35.49,Card Payment,Shipped,1,Website Desktop,,0,0
JO-2023-12459,2023-07-02,22:56:00,July,Q3,Sunday,JMC000193,Oyo,Ogbomoso,Sports & Outdoor,Cycling Helmet,Decathlon,3,3800.89,0,3800.89,2336.41,0,11402.67,4393.44,38.53,Bank Transfer,Delivered,2,USSD,2.8,0,0
JO-2023-12759,2023-07-02,09:11:00,July,Q3,Sunday,JMC001089,Rivers,Port Harcourt,Fashion,Handbag Brown,Nike,1,25615.36,0,25615.36,12948.56,0,25615.36,12666.8,49.45,Card Payment,Delivered,5,WhatsApp Store,,0,0
JO-2023-11915,2023-07-03,14:13:00,July,Q3,Monday,JMC000990,Abuja,Wuse,Electronics,Desk Fan,HP,3,92593.62,0,92593.62,68287.79,0,277780.86,72917.49,26.25,Cash on Delivery,Delivered,6,USSD,4.7,0,0
JO-2023-11964,2023-07-03,22:10:00,July,Q3,Monday,JMC000623,Lagos,Lekki,Beauty & Health,Hair Relaxer Kit,Neutrogena,1,30926.24,0,30926.24,13047.78,0,30926.24,17878.46,57.81,Card Payment,Cancelled,5,Mobile App,,0,0
JO-2023-11980,2023-07-03,09:21:00,July,Q3,Monday,JMC001288,Lagos,Lagos Island,Electronics,Power Bank 20000mAh,JBL,1,98162.66,0,98162.66,79933.85,0,98162.66,18228.81,18.57,Card Payment,Delivered,3,Mobile App,3.1,0,0
JO-2023-12072,2023-07-03,17:30:00,July,Q3,Monday,JMC001502,Anambra,Anambra East,Groceries,Spaghetti 500g,Nestle,2,4989.97,0,4989.97,4587.28,2000,9979.94,805.38,8.07,Cash on Delivery,Delivered,1,Website Desktop,4.9,0,0
JO-2023-12635,2023-07-03,21:19:00,July,Q3,Monday,JMC000187,Lagos,Ikorodu,Electronics,Phone Charger USB-C,Infinix,1,296221.29,,296221.29,257386.68,0,296221.29,38834.61,13.11,Bank Transfer,Delivered,3,Mobile App,4.4,0,0
JO-2023-10499,2023-07-04,19:29:00,July,Q3,Tuesday,JMC001137,Lagos,Yaba,Groceries,Spaghetti 500g,PZ Cussons,1,14244.46,0,14244.46,12059.36,0,14244.46,2185.1,15.34,Cash on Delivery,Returned,5,Agent Network,,1,0
JO-2023-11279,2023-07-04,14:20:00,July,Q3,Tuesday,JMC000055,Delta,Warri,Books & Education,Mathematics Textbook,Pearson,1,5526.92,0,5526.92,3083.47,1000,5526.92,2443.45,44.21,Card Payment,Delivered,6,Mobile App,4.4,0,0
JO-2023-11428,2023-07-04,18:14:00,July,Q3,Tuesday,JMC001067,Kano,Gwale,Fashion,Leather Belt,Adidas,1,83177.11,10,74859.4,50230.66,0,74859.4,24628.74,32.9,Bank Transfer,Processing,4,WhatsApp Store,,0,0
JO-2023-12742,2023-07-04,14:45:00,July,Q3,Tuesday,JMC000714,Oyo,Oyo,Fashion,Women's Ankara Gown,Zara,2,49724.45,0,49724.45,25235.16,0,99448.9,48978.58,49.25,Card Payment,Delivered,3,USSD,3.3,0,0
JO-2023-10188,2023-07-05,09:09:00,July,Q3,Wednesday,JMC001480,Rivers,Eleme,Computing,Monitor 24inch,Asus,1,773420.63,40,464052.38,379270.01,0,464052.38,84782.37,18.27,Cash on Delivery,Returned,8,Agent Network,,1,0
JO-2023-10378,2023-07-05,22:49:00,July,Q3,Wednesday,JMC000595,Abuja,Asokoro,Fashion,Sneakers Size 42,Adidas,1,79173.03,30,55421.12,27001.17,0,55421.12,28419.95,51.28,Card Payment,Delivered,3,Website Desktop,2.9,0,0
JO-2023-10573,2023-07-05,17:32:00,July,Q3,Wednesday,JMC000682,Oyo,Ibadan North,Beauty & Health,Shampoo Anti-Dandruff,Neutrogena,2,9523.61,0,9523.61,4038.96,0,19047.22,10969.3,57.59,Bank Transfer,Delivered,5,USSD,4.1,0,0
JO-2023-10694,2023-07-05,09:31:00,July,Q3,Wednesday,JMC000692,Rivers,Obio-Akpor,Sports & Outdoor,Football Size 5,Spalding,2,93839.18,0,93839.18,72781.67,0,187678.36,42115.02,22.44,USSD Payment,Delivered,1,Mobile App,3.4,0,0
JO-2023-10855,2023-07-05,14:28:00,July,Q3,Wednesday,JMC000112,Delta,Oshimili,Sports & Outdoor,Resistance Bands Set,Spalding,1,48535.68,0,48535.68,28655.47,0,48535.68,19880.21,40.96,Bank Transfer,Processing,4,Mobile App,,0,0
JO-2023-11707,2023-07-05,12:08:00,July,Q3,Wednesday,JMC000985,Edo,Orhionmwon,Beauty & Health,Body Scrub,L'Oreal,3,2675.79,0,2675.79,1098.68,700,8027.37,4731.33,58.94,Card Payment,Delivered,5,Website Desktop,3.7,0,0
JO-2023-12354,2023-07-05,17:15:00,July,Q3,Wednesday,JMC000600,Abuja,Kubwa,Home & Kitchen,Air Fryer 4L,Nexus,2,51933.02,0,51933.02,41255.59,0,103866.04,21354.86,20.56,Jumia Pay Wallet,Delivered,2,Mobile App,4.2,0,0
JO-2023-10007,2023-07-06,07:04:00,July,Q3,Thursday,JMC001258,Abuja,Kubwa,Fashion,Men's Jeans,Ankara Palace,5,31907.65,50,15953.83,9309.06,0,79769.15,33223.85,41.65,Card Payment,Delivered,8,Website Desktop,4.4,0,0
JO-2023-10043,2023-07-06,13:25:00,July,Q3,Thursday,JMC000418,Plateau,Shendam,Groceries,Biscuits Assorted,Dangote,3,20563.1,0,20563.1,17970.09,0,61689.3,7779.03,12.61,Card Payment,Delivered,3,Mobile App,4.5,0,0
JO-2023-10421,2023-07-06,14:12:00,July,Q3,Thursday,JMC000876,Delta,Oshimili,Fashion,Sneakers Size 42,H&M,1,19934.23,25,14950.67,7467.86,0,14950.67,7482.81,50.05,Jumia Pay Wallet,Shipped,6,USSD,,0,0
JO-2023-10465,2023-07-06,21:20:00,July,Q3,Thursday,JMC000940,Ondo,Ikare,Electronics,Bluetooth Speaker,Apple,1,251684.02,0,251684.02,192034.91,0,251684.02,59649.11,23.7,USSD Payment,Delivered,8,Agent Network,3.5,0,0
JO-2023-12152,2023-07-06,14:46:00,July,Q3,Thursday,JMC000369,Anambra,Onitsha,Electronics,Table Lamp LED,Lenovo,2,138396.08,0,138396.08,112197.7,0,276792.16,52396.76,18.93,Cash on Delivery,Delivered,7,Website Desktop,4.4,0,0
JO-2023-12393,2023-07-06,07:42:00,July,Q3,Thursday,JMC001352,Oyo,Ogbomoso,Electronics,Wireless Earbuds,Samsung,4,212839.18,0,212839.18,173314.94,0,851356.72,158096.96,18.57,Bank Transfer,Delivered,1,WhatsApp Store,4.9,0,0
JO-2023-10143,2023-07-07,14:43:00,July,Q3,Friday,JMC001017,Kano,Kano City,Fashion,Men's Jeans,H&M,1,11773.34,25,8830.01,5375.71,2000,8830.01,3454.3,39.12,Card Payment,Delivered,5,Mobile App,5.0,0,0
JO-2023-10216,2023-07-07,20:10:00,July,Q3,Friday,JMC001454,Lagos,Agege,Fashion,Handbag Brown,Zara,1,44547.67,0,44547.67,22808.41,0,44547.67,21739.26,48.8,Card Payment,Processing,1,WhatsApp Store,,0,0
JO-2023-10366,2023-07-07,09:34:00,July,Q3,Friday,JMC000748,Kano,Tarauni,Groceries,Honey Natural 500g,Unilever,5,16450.31,0,16450.31,14795.41,0,82251.55,8274.5,10.06,Bank Transfer,Shipped,2,Mobile App,,0,0
JO-2023-10602,2023-07-07,16:04:00,July,Q3,Friday,JMC001512,Oyo,Ibadan South,Computing,Laptop Stand Aluminium,Asus,3,838437.79,20,670750.23,557661.74,0,2012250.69,339265.47,16.86,Card Payment,Delivered,4,Website Desktop,4.5,0,0
JO-2023-11003,2023-07-07,19:58:00,July,Q3,Friday,JMC000692,Anambra,Nnewi,Electronics,Phone Charger USB-C,Lenovo,2,67637.85,0,67637.85,55104.56,0,135275.7,25066.58,18.53,Cash on Delivery,Shipped,8,Mobile App,,0,0
JO-2023-11092,2023-07-07,20:57:00,July,Q3,Friday,JMC000005,Kaduna,Zaria,Fashion,Leather Belt,H&M,2,62760.71,5,59622.67,34205.53,0,119245.34,50834.28,42.63,Bank Transfer,Processing,1,Website Desktop,,0,0
JO-2023-11970,2023-07-07,13:16:00,July,Q3,Friday,JMC000569,Oyo,Ibadan North,Electronics,Phone Charger USB-C,HP,1,94335.35,40,56601.21,43452.75,0,56601.21,13148.46,23.23,Bank Transfer,Shipped,4,Website Desktop,,0,0
JO-2023-12198,2023-07-07,13:21:00,July,Q3,Friday,JMC000873,Kaduna,Zaria,Home & Kitchen,Air Fryer 4L,Scanfrost,2,113134.11,10,101820.7,69197.35,0,203641.4,65246.7,32.04,Card Payment,Processing,4,Agent Network,,0,0
JO-2023-12487,2023-07-07,12:17:00,July,Q3,Friday,JMC001324,Oyo,Oyo,Fashion,Women's Heels,H&M,1,44313.48,0,44313.48,23060.73,0,44313.48,21252.75,47.96,Card Payment,Returned,7,Website Desktop,,1,0
JO-2023-12714,2023-07-07,20:35:00,July,Q3,Friday,JMC000210,Abuja,Garki,Fashion,Leather Belt,Ankara Palace,2,51655.12,0,51655.12,33875.43,0,103310.24,35559.38,34.42,Bank Transfer,Delivered,2,Mobile App,2.7,0,0
JO-2023-12857,2023-07-07,19:24:00,July,Q3,Friday,JMC000682,Cross River,Ogoja,Sports & Outdoor,Tennis Racket,Wilson,1,84817.69,25,63613.27,46596.72,0,63613.27,17016.55,26.75,Bank Transfer,Processing,3,Agent Network,,0,0
JO-2023-10445,2023-07-08,21:07:00,July,Q3,Saturday,JMC000197,Cross River,Obanliku,Fashion,Wristwatch Classic,Lagos Styles,2,40286.6,0,40286.6,19039.45,0,80573.2,42494.3,52.74,Cash on Delivery,Processing,3,Mobile App,,0,0
JO-2023-10480,2023-07-08,07:51:00,July,Q3,Saturday,JMC000395,Bauchi,Azare,Beauty & Health,Moisturising Lotion 400ml,Nivea,1,16851.34,0,16851.34,10043.4,0,16851.34,6807.94,40.4,Cash on Delivery,Returned,8,WhatsApp Store,,1,0
JO-2023-10797,2023-07-08,23:11:00,July,Q3,Saturday,JMC000705,Lagos,Agege,Fashion,Baseball Cap,Nike,1,78301.11,,62640.89,32736.13,,62640.89,29904.76,47.74,Cash on Delivery,Processing,5,WhatsApp Store,,0,0
JO-2023-10803,2023-07-08,14:42:00,July,Q3,Saturday,JMC001101,Lagos,Ikeja,Fashion,Wristwatch Classic,H&M,4,70314.46,40,42188.68,25216.17,,168754.72,67890.04,40.23,Bank Transfer,Shipped,2,Mobile App,,0,0
JO-2023-11565,2023-07-08,22:30:00,July,Q3,Saturday,JMC000566,Lagos,Lagos Island,Groceries,Milk Tin 400g,Cadbury,1,8078.28,40,4846.97,4287.14,700,4846.97,559.83,11.55,Jumia Pay Wallet,Delivered,7,Mobile App,4.8,0,0
JO-2023-11602,2023-07-08,09:48:00,July,Q3,Saturday,JMC000895,Abuja,Asokoro,Fashion,Men's Polo Shirt,Adidas,2,81833.5,0,81833.5,53134.49,0,163667.0,57398.02,35.07,Cash on Delivery,Delivered,2,Mobile App,4.6,0,0
JO-2023-12442,2023-07-08,11:41:00,July,Q3,Saturday,JMC000457,Lagos,Yaba,Fashion,Baseball Cap,Nike,2,14964.38,30,10475.07,5715.2,0,20950.14,9519.74,45.44,Bank Transfer,Delivered,8,Mobile App,,0,0
JO-2023-12799,2023-07-08,15:42:00,July,Q3,Saturday,JMC001450,Lagos,Victoria Island,Computing,Printer Ink Cartridge,MacBook,2,669137.57,0,669137.57,578670.17,0,1338275.14,180934.8,13.52,Bank Transfer,Delivered,8,WhatsApp Store,4.1,0,0
JO-2023-10230,2023-07-09,13:58:00,July,Q3,Sunday,JMC001026,Niger,Suleja,Books & Education,Mathematics Textbook,Farafina,2,11753.75,0,11753.75,7175.66,0,23507.5,9156.18,38.95,Cash on Delivery,Delivered,2,USSD,3.2,0,0
JO-2023-10253,2023-07-09,10:23:00,July,Q3,Sunday,JMC001090,Enugu,Enugu South,Fashion,Women's Ankara Gown,Zara,1,14976.66,30,10483.66,7329.13,0,10483.66,3154.53,30.09,Bank Transfer,Processing,4,Mobile App,,0,0
JO-2023-10730,2023-07-09,09:45:00,July,Q3,Sunday,JMC000712,Benue,Katsina-Ala,Beauty & Health,Vitamin C Serum,Nivea,4,29207.84,0,29207.84,16481.98,0,116831.36,50903.44,43.57,Jumia Pay Wallet,Shipped,5,Agent Network,,0,0
JO-2023-11195,2023-07-09,07:44:00,July,Q3,Sunday,JMC000661,Lagos,Surulere,Computing,Laptop Bag 15inch,HP,4,342533.77,0,342533.77,288344.93,0,1370135.08,216755.36,15.82,Card Payment,Delivered,8,Mobile App,,0,0
JO-2023-11568,2023-07-09,16:53:00,July,Q3,Sunday,JMC000157,Abuja,Wuse,Electronics,Desk Fan,JBL,2,297125.54,5,282269.26,215484.35,0,564538.52,133569.82,23.66,Card Payment,Delivered,2,Mobile App,2.5,0,0
JO-2023-11914,2023-07-09,11:16:00,July,Q3,Sunday,JMC000176,Lagos,Ikeja,Home & Kitchen,Iron Box Steam,Nexus,1,84411.57,0,84411.57,54698.7,0,84411.57,29712.87,35.2,Jumia Pay Wallet,Delivered,3,Website Desktop,3.3,0,0
JO-2023-12097,2023-07-09,16:21:00,July,Q3,Sunday,JMC001181,Kano,Kano City,Computing,Mechanical Keyboard,Acer,3,560203.59,0,560203.59,473988.26,0,1680610.77,258645.99,15.39,Bank Transfer,Delivered,6,Mobile App,3.0,0,0
JO-2023-12721,2023-07-09,18:04:00,July,Q3,Sunday,JMC000766,Plateau,Jos,Beauty & Health,Body Scrub,Black Seed,1,14206.82,,9944.77,5259.79,700,9944.77,4684.98,47.11,Bank Transfer,Delivered,1,Website Desktop,3.0,0,0
JO-2023-10249,2023-07-10,10:48:00,July,Q3,Monday,JMC000099,Kaduna,Kaduna South,Fashion,Wristwatch Classic,Lagos Styles,1,49321.46,10,44389.31,21582.08,0,44389.31,22807.23,51.38,Bank Transfer,Delivered,4,Website Desktop,,0,0
JO-2023-11053,2023-07-10,11:12:00,July,Q3,Monday,JMC000926,Nasarawa,Lafia,Fashion,Sneakers Size 42,Adidas,1,3490.88,0,3490.88,1850.17,1500,3490.88,1640.71,47.0,Card Payment,Delivered,3,Website Desktop,3.3,0,0
JO-2023-11197,2023-07-10,09:27:00,July,Q3,Monday,JMC001550,Ogun,Ijebu-Ode,Fashion,Women's Heels,Adidas,1,15668.25,20,12534.6,6881.5,0,12534.6,5653.1,45.1,Card Payment,Delivered,2,WhatsApp Store,4.1,0,0
JO-2023-11472,2023-07-10,20:34:00,July,Q3,Monday,JMC000955,Lagos,Yaba,Groceries,Tin Tomato Carton,Cadbury,1,22232.56,40,13339.54,11596.06,0,13339.54,1743.48,13.07,USSD Payment,Delivered,3,Website Desktop,4.7,0,0
JO-2023-11788,2023-07-10,14:49:00,July,Q3,Monday,JMC000195,Edo,Orhionmwon,Fashion,Handbag Brown,Ankara Palace,2,10705.09,0,10705.09,7362.96,0,21410.18,6684.26,31.22,Bank Transfer,Delivered,4,Mobile App,4.2,0,0
JO-2023-11889,2023-07-10,12:13:00,July,Q3,Monday,JMC001235,Lagos,Ikeja,Home & Kitchen,Dish Rack,Bosch,1,101950.33,0,101950.33,62852.38,0,101950.33,39097.95,38.35,Jumia Pay Wallet,Delivered,3,Mobile App,2.5,0,0
JO-2023-12569,2023-07-10,22:40:00,July,Q3,Monday,JMC000361,Abuja,Gwarinpa,Fashion,Men's Polo Shirt,H&M,1,8995.86,0,8995.86,5860.8,1500,8995.86,3135.06,34.85,Bank Transfer,Cancelled,8,Agent Network,,0,0
JO-2023-12812,2023-07-10,23:07:00,July,Q3,Monday,JMC000358,Lagos,Ikeja,Computing,Wireless Mouse,Asus,2,444983.38,30,311488.37,246916.83,0,622976.74,129143.08,20.73,Cash on Delivery,Processing,5,Mobile App,,0,0
JO-2023-10254,2023-07-11,08:01:00,July,Q3,Tuesday,JMC000657,Kaduna,Kaduna North,Home & Kitchen,Kitchen Towel Set,Nexus,2,98629.55,15,83835.12,62733.82,0,167670.24,42202.6,25.17,Jumia Pay Wallet,Processing,3,Website Desktop,,0,0
JO-2023-10273,2023-07-11,16:25:00,July,Q3,Tuesday,JMC000819,Rivers,Obio-Akpor,Home & Kitchen,Pressure Cooker 5L,Philips,1,140492.08,0,140492.08,88819.09,0,140492.08,51672.99,36.78,Card Payment,Processing,4,Website Desktop,,0,0
JO-2023-10478,2023-07-11,18:15:00,July,Q3,Tuesday,JMC000239,Abuja,Asokoro,Groceries,Sugar 1kg,PZ Cussons,1,11662.02,0,11662.02,9571.02,0,11662.02,2091.0,17.93,Card Payment,Delivered,6,Mobile App,4.7,0,0
JO-2023-10975,2023-07-11,22:39:00,July,Q3,Tuesday,JMC001422,Kaduna,Zaria,Computing,Printer Ink Cartridge,MacBook,1,385554.18,0,385554.18,312260.33,0,385554.18,73293.85,19.01,Bank Transfer,Delivered,3,Agent Network,4.7,0,0
JO-2023-11295,2023-07-11,20:42:00,July,Q3,Tuesday,JMC000927,Oyo,Ibadan North,Beauty & Health,Perfume Floral 100ml,Nivea,4,30759.35,0,30759.35,18461.76,0,123037.4,49190.36,39.98,Bank Transfer,Delivered,2,Website Desktop,3.9,0,0
JO-2023-11928,2023-07-11,08:19:00,July,Q3,Tuesday,JMC000539,Abuja,Garki,Home & Kitchen,Air Fryer 4L,Binatone,1,29859.59,0,29859.59,19823.78,0,29859.59,10035.81,33.61,Card Payment,Delivered,6,USSD,2.6,0,0
JO-2023-12023,2023-07-11,22:28:00,July,Q3,Tuesday,JMC000913,Kano,Nassarawa,Home & Kitchen,Storage Containers,Bosch,2,111711.98,0,111711.98,77840.91,,223423.96,67742.14,30.32,Jumia Pay Wallet,Delivered,7,Website Desktop,3.1,0,0
JO-2023-12219,2023-07-11,09:26:00,July,Q3,Tuesday,JMC000017,Benue,Otukpo,Books & Education,Mathematics Textbook,Oxford,1,7202.97,0,7202.97,5009.67,700,7202.97,2193.3,30.45,Jumia Pay Wallet,Delivered,2,Mobile App,3.4,0,0
JO-2023-12385,2023-07-11,07:17:00,July,Q3,Tuesday,JMC000050,Imo,Mbaitoli,Home & Kitchen,Iron Box Steam,Nexus,2,128661.02,0,128661.02,98322.75,0,257322.04,60676.54,23.58,Cash on Delivery,Delivered,7,USSD,2.8,0,0
JO-2023-12595,2023-07-11,23:14:00,July,Q3,Tuesday,JMC000520,Delta,Warri,Electronics,Desk Fan,Tecno,2,40687.71,0,40687.71,32704.78,0,81375.42,15965.86,19.62,Card Payment,Delivered,6,Mobile App,3.4,0,0
JO-2023-12632,2023-07-11,13:33:00,July,Q3,Tuesday,JMC001106,Lagos,Ikeja,Computing,Webcam HD 1080p,Acer,3,621426.64,0,621426.64,506089.86,0,1864279.92,346010.34,18.56,Jumia Pay Wallet,Returned,7,Mobile App,,1,0
JO-2023-10228,2023-07-12,13:17:00,July,Q3,Wednesday,JMC000433,Edo,Benin City,Computing,External SSD 1TB,Acer,3,576503.34,0,576503.34,495562.27,0,1729510.02,242823.21,14.04,Cash on Delivery,Returned,8,WhatsApp Store,,1,0
JO-2023-10748,2023-07-12,16:16:00,July,Q3,Wednesday,JMC000769,Abuja,Wuse,Books & Education,Finance Fundamentals,Amazon KDP,1,16458.32,25,12343.74,8551.74,0,12343.74,3792.0,30.72,Jumia Pay Wallet,Delivered,5,Agent Network,3.1,0,0
JO-2023-11046,2023-07-12,13:54:00,July,Q3,Wednesday,JMC001334,Lagos,Yaba,Groceries,Noodles Instant 70g,Cadbury,1,1454.33,0,1454.33,1332.46,1500,1454.33,121.87,8.38,Card Payment,Delivered,7,Mobile App,3.6,0,0
JO-2023-12016,2023-07-12,09:25:00,July,Q3,Wednesday,JMC000889,Lagos,Lekki,Fashion,Wristwatch Classic,Ankara Palace,1,30445.53,0,30445.53,14266.78,0,30445.53,16178.75,53.14,Jumia Pay Wallet,Processing,6,Mobile App,,0,0
JO-2023-12559,2023-07-12,19:18:00,July,Q3,Wednesday,JMC001469,Cross River,Obanliku,Fashion,Women's Heels,Ankara Palace,1,49692.48,0,49692.48,26505.97,0,49692.48,23186.51,46.66,Bank Transfer,Returned,2,Mobile App,,1,0
JO-2023-12658,2023-07-12,19:52:00,July,Q3,Wednesday,JMC000061,Delta,Ethiope East,Groceries,Honey Natural 500g,,4,21364.95,0,21364.95,18314.04,0,85459.8,12203.64,14.28,Jumia Pay Wallet,Delivered,6,WhatsApp Store,4.0,0,0
JO-2023-12885,2023-07-12,10:03:00,July,Q3,Wednesday,JMC000691,Lagos,Ikeja,Groceries,Sugar 1kg,Unilever,1,5549.78,0,5549.78,4835.52,700,5549.78,714.26,12.87,Card Payment,Processing,2,Mobile App,,0,0
JO-2023-10460,2023-07-13,12:44:00,July,Q3,Thursday,JMC001184,Kano,Tarauni,Electronics,Smart TV 43inch,Infinix,2,330690.76,0,330690.76,279301.42,0,661381.52,102778.68,15.54,Bank Transfer,Delivered,5,Mobile App,3.6,0,0
JO-2023-10971,2023-07-13,21:59:00,July,Q3,Thursday,JMC000620,Kwara,Omu-Aran,Beauty & Health,Face Mask Set,L'Oreal,1,24745.28,,23508.02,9454.93,0,23508.02,14053.09,59.78,Card Payment,Processing,1,Website Desktop,,0,0
JO-2023-11442,2023-07-13,10:21:00,July,Q3,Thursday,JMC000709,Edo,Ikpoba-Okha,Groceries,Groundnut Oil 5L,Nestle,3,7097.84,15,6033.16,5467.85,0,18099.48,1695.93,9.37,USSD Payment,Delivered,7,Mobile App,4.1,0,0
JO-2023-11508,2023-07-13,13:21:00,July,Q3,Thursday,JMC001333,Lagos,Lekki,Computing,External SSD 1TB,Asus,1,419427.73,0,419427.73,341078.63,0,419427.73,78349.1,18.68,Bank Transfer,Shipped,1,Mobile App,,0,0
JO-2023-11704,2023-07-13,08:48:00,July,Q3,Thursday,JMC001180,Delta,Ethiope East,Beauty & Health,Vitamin C Serum,L'Oreal,2,20789.15,0,20789.15,11280.19,0,41578.3,19017.92,45.74,USSD Payment,Delivered,6,USSD,2.5,0,0
JO-2023-11976,2023-07-13,09:49:00,July,Q3,Thursday,JMC001237,Abuja,Asokoro,Beauty & Health,Sunscreen SPF50,Nivea,1,31411.6,0,31411.6,13802.26,0,31411.6,17609.34,56.06,Bank Transfer,Delivered,2,Website Desktop,4.5,0,0
JO-2023-12741,2023-07-13,16:41:00,July,Q3,Thursday,JMC000922,Oyo,Oyo,Computing,Mechanical Keyboard,Asus,2,499791.83,25,374843.87,300437.36,0,749687.74,148813.02,19.85,Cash on Delivery,Shipped,4,Mobile App,,0,0
JO-2023-10501,2023-07-14,08:51:00,July,Q3,Friday,JMC001252,Lagos,Ikorodu,Fashion,Sneakers Size 42,Lagos Styles,1,62277.85,15,52936.17,24514.74,,52936.17,28421.43,53.69,USSD Payment,Shipped,1,Mobile App,,0,0
JO-2023-10905,2023-07-14,14:38:00,July,Q3,Friday,JMC000437,Kwara,Ilorin,Computing,Laptop Bag 15inch,Dell,2,805699.98,30,563989.99,494901.22,0,1127979.98,138177.54,12.25,Card Payment,Delivered,1,Website Desktop,,0,0
JO-2023-11695,2023-07-14,07:20:00,July,Q3,Friday,JMC001091,Cross River,Ikom,Electronics,Smart TV 43inch,Tecno,1,409079.68,0,409079.68,330740.92,0,409079.68,78338.76,19.15,Cash on Delivery,Delivered,7,Mobile App,3.2,0,0
JO-2023-11926,2023-07-14,22:09:00,July,Q3,Friday,JMC001422,Edo,Orhionmwon,Beauty & Health,Body Scrub,Dove,4,20665.49,0,20665.49,9826.44,0,82661.96,43356.2,52.45,USSD Payment,Cancelled,4,Mobile App,,0,0
JO-2023-12013,2023-07-14,20:09:00,July,Q3,Friday,JMC001330,Abuja,Asokoro,Fashion,Men's Jeans,Adidas,1,3359.06,10,3023.15,1409.39,1200,3023.15,1613.76,53.38,Bank Transfer,Delivered,3,Mobile App,2.9,0,0
JO-2023-12246,2023-07-14,20:56:00,July,Q3,Friday,JMC000406,Lagos,Agege,Computing,Laptop Stand Aluminium,HP,1,252545.09,0,252545.09,205849.5,0,252545.09,46695.59,18.49,Card Payment,Delivered,2,Mobile App,4.7,0,0
JO-2023-12537,2023-07-14,22:23:00,July,Q3,Friday,JMC000750,Abuja,Asokoro,Home & Kitchen,Air Fryer 4L,Binatone,1,26844.58,0,26844.58,19022.07,0,26844.58,7822.51,29.14,Bank Transfer,Delivered,7,Mobile App,3.9,0,0
JO-2023-12631,2023-07-14,11:44:00,July,Q3,Friday,JMC000054,Abuja,Asokoro,Books & Education,WAEC Past Questions,Pearson,2,13257.53,0,13257.53,9788.03,0,26515.06,6939.0,26.17,Card Payment,Processing,3,Mobile App,,0,0
JO-2023-12829,2023-07-14,21:59:00,July,Q3,Friday,JMC001444,Niger,Minna,Fashion,Men's Polo Shirt,Lagos Styles,3,66132.2,0,66132.2,35916.4,0,198396.6,90647.4,45.69,Jumia Pay Wallet,Delivered,3,Website Desktop,4.6,0,0
JO-2023-12877,2023-07-14,23:38:00,July,Q3,Friday,JMC001143,Abuja,Gwarinpa,Beauty & Health,Manicure Kit,Nivea,2,17236.61,0,17236.61,10490.2,0,34473.22,13492.82,39.14,Card Payment,Delivered,3,Mobile App,2.8,0,0
JO-2023-10397,2023-07-15,16:06:00,July,Q3,Saturday,JMC000004,Oyo,Ogbomoso,Sports & Outdoor,Football Size 5,Spalding,1,53158.69,20,42526.95,27310.81,0,42526.95,15216.14,35.78,Jumia Pay Wallet,Delivered,2,Mobile App,3.7,0,0
JO-2023-10404,2023-07-15,08:45:00,July,Q3,Saturday,JMC000500,Delta,Warri,Beauty & Health,Hair Relaxer Kit,Dove,1,12841.93,0,12841.93,5533.59,0,12841.93,7308.34,56.91,Bank Transfer,Delivered,2,WhatsApp Store,4.9,0,0
JO-2023-10604,2023-07-15,14:40:00,July,Q3,Saturday,JMC001347,Lagos,Yaba,Electronics,Wireless Earbuds,Apple,2,50135.73,0,50135.73,39025.65,0,100271.46,22220.16,22.16,Card Payment,Delivered,4,WhatsApp Store,4.1,0,0
JO-2023-10667,2023-07-15,22:58:00,July,Q3,Saturday,JMC000517,Lagos,Agege,Sports & Outdoor,Cycling Helmet,Decathlon,2,58121.87,0,58121.87,41528.08,0,116243.74,33187.58,28.55,Jumia Pay Wallet,Delivered,6,Mobile App,4.6,0,0
JO-2023-10944,2023-07-15,19:26:00,July,Q3,Saturday,JMC001120,Bauchi,Misau,Sports & Outdoor,Tennis Racket,Puma,3,64190.07,30,44933.05,32356.29,0,134799.15,37730.28,27.99,Jumia Pay Wallet,Delivered,8,Mobile App,4.6,0,0
JO-2023-10996,2023-07-15,22:40:00,July,Q3,Saturday,JMC001177,Anambra,Anambra East,Fashion,Baseball Cap,H&M,5,4034.3,0,4034.3,2084.93,0,20171.5,9746.85,48.32,Bank Transfer,Delivered,6,Mobile App,3.1,0,0
JO-2023-11231,2023-07-15,14:21:00,July,Q3,Saturday,JMC001494,Kaduna,Zaria,Beauty & Health,Body Scrub,Dove,2,17882.68,20,14306.14,6163.09,0,28612.28,16286.1,56.92,Card Payment,Delivered,1,Mobile App,2.7,0,0
JO-2023-11335,2023-07-15,19:54:00,July,Q3,Saturday,JMC001123,Lagos,Victoria Island,Computing,Mechanical Keyboard,MacBook,2,796889.21,0,796889.21,622131.41,,1593778.42,349515.6,21.93,Card Payment,Cancelled,5,Mobile App,,0,0
JO-2023-11854,2023-07-15,23:33:00,July,Q3,Saturday,JMC001514,Lagos,Agege,Electronics,Table Lamp LED,HP,1,273421.88,0,273421.88,207745.94,0,273421.88,65675.94,24.02,Card Payment,Delivered,8,Mobile App,3.2,0,0
JO-2023-11947,2023-07-15,21:34:00,July,Q3,Saturday,JMC001513,Lagos,Yaba,Fashion,Sneakers Size 42,Lagos Styles,3,39044.26,5,37092.05,24985.2,0,111276.15,36320.55,32.64,Card Payment,Delivered,4,Website Desktop,4.0,0,0
JO-2023-12140,2023-07-15,17:24:00,July,Q3,Saturday,JMC000266,Lagos,Surulere,Groceries,Tin Tomato Carton,PZ Cussons,1,5053.29,0,5053.29,4303.89,1200,5053.29,749.4,14.83,Jumia Pay Wallet,Delivered,5,Mobile App,4.6,0,0
JO-2023-12725,2023-07-15,15:16:00,July,Q3,Saturday,JMC000472,Lagos,Victoria Island,Groceries,Biscuits Assorted,Unilever,1,12586.98,50,6293.49,5725.19,2000,6293.49,568.3,9.03,Bank Transfer,Delivered,4,Mobile App,3.9,0,0
JO-2023-10233,2023-07-16,14:41:00,July,Q3,Sunday,JMC001086,Nasarawa,Akwanga,Electronics,Smart TV 43inch,Lenovo,3,185288.95,15,157495.61,126768.22,0,472486.83,92182.17,19.51,Card Payment,Delivered,5,Website Desktop,4.9,0,0
JO-2023-10628,2023-07-16,16:44:00,July,Q3,Sunday,JMC000720,Enugu,Udi,Computing,External SSD 1TB,Acer,2,147003.52,0,147003.52,132141.46,0,294007.04,29724.12,10.11,Bank Transfer,Delivered,2,Mobile App,4.9,0,0
JO-2023-10660,2023-07-16,23:28:00,July,Q3,Sunday,JMC000019,Abuja,Asokoro,Groceries,Tin Tomato Carton,Unilever,2,9049.71,0,9049.71,7811.71,0,18099.42,2476.0,13.68,Card Payment,Delivered,3,Mobile App,3.4,0,0
JO-2023-10910,2023-07-16,21:21:00,July,Q3,Sunday,JMC000771,Ondo,Owo,Groceries,Milk Tin 400g,PZ Cussons,2,23830.35,50,11915.17,10929.79,0,23830.34,1970.76,8.27,Jumia Pay Wallet,Delivered,2,Mobile App,4.1,0,0
JO-2023-11057,2023-07-16,23:12:00,July,Q3,Sunday,JMC000689,Abuja,Gwarinpa,Electronics,Electric Kettle,Apple,2,338404.54,0,338404.54,288625.23,0,676809.08,99558.62,14.71,Card Payment,Delivered,4,Agent Network,3.2,0,0
JO-2023-11073,2023-07-16,21:28:00,July,Q3,Sunday,JMC000549,Abuja,Garki,Home & Kitchen,Iron Box Steam,Scanfrost,1,146767.31,50,73383.65,47376.48,0,73383.65,26007.17,35.44,Jumia Pay Wallet,Delivered,5,Mobile App,4.4,0,0
JO-2023-11330,2023-07-16,19:01:00,July,Q3,Sunday,JMC001509,Kaduna,Kaduna South,Home & Kitchen,Storage Containers,Bosch,4,35329.46,0,35329.46,25779.91,0,141317.84,38198.2,27.03,Bank Transfer,Shipped,8,WhatsApp Store,,0,0
JO-2023-11696,2023-07-16,17:29:00,July,Q3,Sunday,JMC000040,Niger,Bida,Sports & Outdoor,Running Shoes,Decathlon,4,20993.21,40,12595.93,9027.5,0,50383.72,14273.72,28.33,Bank Transfer,Delivered,8,Mobile App,4.1,0,0
JO-2023-11729,2023-07-16,15:15:00,July,Q3,Sunday,JMC001471,Abuja,Gwarinpa,Home & Kitchen,Coffee Maker,Nasco,2,64755.29,0,64755.29,49175.17,0,129510.58,31160.24,24.06,Bank Transfer,Delivered,8,USSD,3.0,0,0
JO-2023-11732,2023-07-16,20:39:00,July,Q3,Sunday,JMC001459,Kano,Nassarawa,Groceries,Noodles Instant 70g,Dangote,2,795.25,5,755.49,621.54,700,1510.98,267.9,17.73,Cash on Delivery,Delivered,4,Agent Network,4.4,0,0
JO-2023-12581,2023-07-16,09:25:00,July,Q3,Sunday,JMC000971,Lagos,Victoria Island,Electronics,Bluetooth Speaker,HP,1,187077.61,40,112246.57,88001.31,0,112246.57,24245.26,21.6,Card Payment,Delivered,6,Agent Network,4.9,0,0
JO-2023-12871,2023-07-16,07:08:00,July,Q3,Sunday,JMC001074,Abuja,Kubwa,Fashion,Women's Ankara Gown,Lagos Styles,1,82792.54,0,82792.54,53583.33,0,82792.54,29209.21,35.28,Bank Transfer,Returned,2,Agent Network,,1,0
JO-2023-10204,2023-07-17,16:45:00,July,Q3,Monday,JMC000139,Edo,Orhionmwon,Electronics,Extension Socket,Infinix,3,90126.85,0,90126.85,67901.57,0,270380.55,66675.84,24.66,Cash on Delivery,Delivered,4,Website Desktop,,0,0
JO-2023-10864,2023-07-17,22:35:00,July,Q3,Monday,JMC000160,Edo,Benin City,Beauty & Health,Manicure Kit,L'Oreal,2,30700.36,0,30700.36,14822.13,0,61400.72,31756.46,51.72,Bank Transfer,Processing,6,Mobile App,,0,0
JO-2023-11383,2023-07-17,08:35:00,July,Q3,Monday,JMC001186,Delta,Oshimili,Home & Kitchen,Dish Rack,Nexus,3,77487.73,10,69738.96,43273.02,0,209216.88,79397.82,37.95,Bank Transfer,Delivered,4,Agent Network,4.9,0,0
JO-2023-11687,2023-07-17,19:03:00,July,Q3,Monday,JMC000722,Oyo,Ibadan North,Home & Kitchen,Cutlery Set 24pcs,Bosch,2,19414.96,0,19414.96,11716.93,0,38829.92,15396.06,39.65,Jumia Pay Wallet,Delivered,4,Website Desktop,4.6,0,0
JO-2023-12186,2023-07-17,20:33:00,July,Q3,Monday,JMC000653,Abuja,Asokoro,Fashion,Handbag Brown,H&M,2,29912.7,0,29912.7,16227.64,0,59825.4,27370.12,45.75,Bank Transfer,Processing,6,Mobile App,,0,0
JO-2023-12359,2023-07-17,19:11:00,July,Q3,Monday,JMC001190,Oyo,Oyo,Beauty & Health,Body Scrub,Neutrogena,2,4134.68,0,4134.68,2422.1,700,8269.36,3425.16,41.42,Card Payment,Delivered,2,Agent Network,4.9,0,0
JO-2023-12701,2023-07-17,21:01:00,July,Q3,Monday,JMC001574,Rivers,Eleme,Groceries,Milk Tin 400g,Cadbury,1,23886.36,0,23886.36,21870.35,0,23886.36,2016.01,8.44,USSD Payment,Processing,3,WhatsApp Store,,0,0
JO-2023-10743,2023-07-18,20:17:00,July,Q3,Tuesday,JMC001484,Oyo,Ogbomoso,Fashion,Women's Ankara Gown,Adidas,2,63273.0,0,63273.0,34989.97,0,126546.0,56566.06,44.7,Card Payment,Delivered,6,USSD,3.8,0,0
JO-2023-10771,2023-07-18,21:31:00,July,Q3,Tuesday,JMC000402,Lagos,Agege,Groceries,Noodles Instant 70g,PZ Cussons,1,4488.81,0,4488.81,3733.79,1000,4488.81,755.02,16.82,Bank Transfer,Delivered,3,Website Desktop,,0,0
JO-2023-11265,2023-07-18,16:40:00,July,Q3,Tuesday,JMC001159,Abuja,Gwarinpa,Beauty & Health,Face Mask Set,Black Seed,3,3448.19,0,3448.19,2043.4,0,10344.57,4214.37,40.74,Jumia Pay Wallet,Cancelled,2,Mobile App,,0,0
JO-2023-11750,2023-07-18,15:34:00,July,Q3,Tuesday,JMC000021,Cross River,Obanliku,Books & Education,WAEC Past Questions,Kachifo,1,7738.79,0,7738.79,4302.77,1000,7738.79,3436.02,44.4,Card Payment,Shipped,8,Mobile App,,0,0
JO-2023-12224,2023-07-18,17:14:00,July,Q3,Tuesday,JMC001466,Lagos,Ikeja,Fashion,Sunglasses UV400,Nike,4,17288.49,0,17288.49,11476.1,0,69153.96,23249.56,33.62,Bank Transfer,Delivered,8,Mobile App,4.7,0,0
JO-2023-12269,2023-07-18,07:52:00,July,Q3,Tuesday,JMC000465,Lagos,Ikorodu,Home & Kitchen,Kitchen Towel Set,Scanfrost,2,50737.61,,50737.61,34978.51,0,101475.22,31518.2,31.06,Jumia Pay Wallet,Cancelled,7,Website Desktop,,0,0
JO-2023-12396,2023-07-18,21:51:00,July,Q3,Tuesday,JMC001598,Benue,Katsina-Ala,Home & Kitchen,Iron Box Steam,Philips,2,77327.93,0,77327.93,53054.69,0,154655.86,48546.48,31.39,Bank Transfer,Delivered,8,Website Desktop,5.0,0,0
JO-2023-12738,2023-07-18,21:56:00,July,Q3,Tuesday,JMC001575,Lagos,Ikeja,Books & Education,Children Storybook,Farafina,1,2398.64,0,2398.64,1792.98,1500,2398.64,605.66,25.25,Cash on Delivery,Delivered,4,Mobile App,3.3,0,0
JO-2023-12758,2023-07-18,08:21:00,July,Q3,Tuesday,JMC000359,Oyo,Ogbomoso,Computing,Laptop Stand Aluminium,Dell,2,264636.19,0,264636.19,230683.37,0,529272.38,67905.64,12.83,Bank Transfer,Delivered,8,Mobile App,4.9,0,0
JO-2023-10135,2023-07-19,21:13:00,July,Q3,Wednesday,JMC000553,Lagos,Lagos Island,Electronics,Desk Fan,Lenovo,1,31693.56,0,31693.56,23228.21,0,31693.56,8465.35,26.71,Card Payment,Delivered,4,Website Desktop,3.1,0,0
JO-2023-10733,2023-07-19,20:52:00,July,Q3,Wednesday,JMC000252,Ondo,Akure,Beauty & Health,Hair Relaxer Kit,Nivea,1,6122.67,30,4285.87,2619.52,1000,4285.87,1666.35,38.88,Card Payment,Delivered,5,Agent Network,2.6,0,0
JO-2023-10903,2023-07-19,11:02:00,July,Q3,Wednesday,JMC000308,Lagos,Ikorodu,Home & Kitchen,Coffee Maker,Bosch,1,109927.05,25,82445.29,55939.13,0,82445.29,26506.16,32.15,Jumia Pay Wallet,Cancelled,7,Website Desktop,,0,0
JO-2023-11256,2023-07-19,14:38:00,July,Q3,Wednesday,JMC000254,Abuja,Asokoro,Groceries,Tomato Paste 400g,Dangote,1,23800.84,0,23800.84,20442.54,0,23800.84,3358.3,14.11,Jumia Pay Wallet,Delivered,7,USSD,2.9,0,0
JO-2023-11998,2023-07-19,10:26:00,July,Q3,Wednesday,JMC000332,Plateau,Bukuru,Beauty & Health,Perfume Floral 100ml,Nivea,2,28254.45,0,28254.45,12313.29,0,56508.9,31882.32,56.42,Bank Transfer,Delivered,8,Website Desktop,2.9,0,0
JO-2023-10793,2023-07-20,21:07:00,July,Q3,Thursday,JMC001331,Kano,Kano City,Groceries,Tin Tomato Carton,Unilever,1,12631.83,0,12631.83,10393.47,0,12631.83,2238.36,17.72,Bank Transfer,Processing,5,Mobile App,,0,0
JO-2023-11166,2023-07-20,21:35:00,July,Q3,Thursday,JMC001149,Abuja,Asokoro,Beauty & Health,Vitamin C Serum,Dove,1,14839.34,0,14839.34,7422.64,0,14839.34,7416.7,49.98,Card Payment,Delivered,1,Mobile App,3.0,0,0
JO-2023-11304,2023-07-20,17:36:00,July,Q3,Thursday,JMC000931,Niger,Bida,Sports & Outdoor,Jump Rope,Puma,2,86645.69,0,86645.69,52247.35,0,173291.38,68796.68,39.7,Cash on Delivery,Delivered,3,WhatsApp Store,4.2,0,0
JO-2023-11666,2023-07-20,18:38:00,July,Q3,Thursday,JMC000108,Kano,Gwale,Electronics,Electric Kettle,Samsung,3,416913.68,0,416913.68,305514.34,0,1250741.04,334198.02,26.72,USSD Payment,Delivered,2,USSD,2.7,0,0
JO-2023-11945,2023-07-20,18:01:00,July,Q3,Thursday,JMC000241,Edo,Ikpoba-Okha,Groceries,Biscuits Assorted,Unilever,1,20432.97,0,20432.97,17713.34,0,20432.97,2719.63,13.31,Card Payment,Processing,4,Website Desktop,,0,0
JO-2023-12159,2023-07-20,17:47:00,July,Q3,Thursday,JMC001175,Kano,Gwale,Computing,Mechanical Keyboard,Asus,4,378681.89,0,378681.89,331611.73,0,1514727.56,188280.64,12.43,Bank Transfer,Processing,7,USSD,,0,0
JO-2023-12663,2023-07-20,08:33:00,July,Q3,Thursday,JMC000439,Enugu,Udi,Books & Education,Business Management,Farafina,1,16385.04,0,16385.04,11428.57,0,16385.04,4956.47,30.25,Bank Transfer,Returned,1,Agent Network,,1,0
JO-2023-12990,2023-07-20,17:35:00,July,Q3,Thursday,JMC000435,Abuja,Gwarinpa,Groceries,Spaghetti 500g,Unilever,1,5580.4,,2790.2,2410.45,700,2790.2,379.75,13.61,Card Payment,Cancelled,8,Mobile App,,0,0
JO-2023-10142,2023-07-21,23:17:00,July,Q3,Friday,JMC001387,Imo,Owerri,Beauty & Health,Manicure Kit,Black Seed,1,8435.63,0,8435.63,3566.58,1500,8435.63,4869.05,57.72,Bank Transfer,Delivered,6,Mobile App,2.9,0,0
JO-2023-10495,2023-07-21,11:03:00,July,Q3,Friday,JMC000039,Abuja,Kubwa,Fashion,Women's Heels,Ankara Palace,1,14987.55,50,7493.77,3548.3,2000,7493.77,3945.47,52.65,Jumia Pay Wallet,Delivered,2,Mobile App,3.0,0,0
JO-2023-10622,2023-07-21,21:51:00,July,Q3,Friday,JMC001479,Delta,Oshimili,Home & Kitchen,Dish Rack,Nexus,1,139519.69,5,132543.71,104669.77,0,132543.71,27873.94,21.03,Cash on Delivery,Processing,5,Mobile App,,0,0
JO-2023-10769,2023-07-21,21:49:00,July,Q3,Friday,JMC000437,Anambra,Awka,Groceries,Biscuits Assorted,Dangote,1,9127.44,0,9127.44,7688.96,700,9127.44,1438.48,15.76,Jumia Pay Wallet,Processing,5,Mobile App,,0,0
JO-2023-10267,2023-07-22,23:47:00,July,Q3,Saturday,JMC000251,Lagos,Ikorodu,Fashion,Baseball Cap,H&M,1,10411.1,0,10411.1,6767.22,0,10411.1,3643.88,35.0,Cash on Delivery,Delivered,8,Mobile App,4.4,0,0
JO-2023-10419,2023-07-22,11:23:00,July,Q3,Saturday,JMC001387,Rivers,Eleme,Beauty & Health,Manicure Kit,L'Oreal,1,23979.73,40,14387.84,8870.1,0,14387.84,5517.74,38.35,Bank Transfer,Delivered,7,Website Desktop,4.2,0,0
JO-2023-10727,2023-07-22,16:35:00,July,Q3,Saturday,JMC001600,Nasarawa,Nasarawa,Home & Kitchen,Cutlery Set 24pcs,Nasco,2,157423.24,50,78711.62,59254.11,0,157423.24,38915.02,24.72,Card Payment,Delivered,8,Mobile App,2.6,0,0
JO-2023-11170,2023-07-22,16:34:00,July,Q3,Saturday,JMC000378,Niger,Kontagora,Electronics,Phone Charger USB-C,Apple,1,332775.93,10,299498.34,244839.89,0,299498.34,54658.45,18.25,Bank Transfer,Delivered,4,Mobile App,4.5,0,0
JO-2023-11376,2023-07-22,22:08:00,July,Q3,Saturday,JMC000975,Imo,Okigwe,Beauty & Health,Body Scrub,Dove,1,3909.52,0,3909.52,1981.74,2000,3909.52,1927.78,49.31,Bank Transfer,Delivered,3,Website Desktop,4.6,0,0
JO-2023-11545,2023-07-22,17:49:00,July,Q3,Saturday,JMC000088,Abuja,Wuse,Beauty & Health,Perfume Floral 100ml,Neutrogena,3,8441.05,0,8441.05,4477.98,0,25323.15,11889.21,46.95,Jumia Pay Wallet,Processing,2,Website Desktop,,0,0
JO-2023-13000,2023-07-22,13:25:00,July,Q3,Saturday,JMC001189,Ondo,Owo,Groceries,Biscuits Assorted,Dangote,3,513.65,0,513.65,463.93,700,1540.95,149.16,9.68,Card Payment,Delivered,4,Website Desktop,4.4,0,0
JO-2023-10284,2023-07-23,09:20:00,July,Q3,Sunday,JMC001265,Abuja,Wuse,Beauty & Health,Moisturising Lotion 400ml,Olay,1,30833.63,,30833.63,14254.39,0,30833.63,16579.24,53.77,Cash on Delivery,Shipped,8,Mobile App,,0,0
JO-2023-10718,2023-07-23,21:47:00,July,Q3,Sunday,JMC000792,Lagos,Agege,Fashion,Sunglasses UV400,Zara,1,65161.36,0,65161.36,32241.84,0,65161.36,32919.52,50.52,Cash on Delivery,Delivered,7,Mobile App,4.0,0,0
JO-2023-11104,2023-07-23,15:00:00,July,Q3,Sunday,JMC000147,Rivers,Oyigbo,Electronics,Smart Watch,Tecno,2,244499.72,5,232274.73,204378.53,0,464549.46,55792.4,12.01,Card Payment,Delivered,2,USSD,4.5,0,0
JO-2023-11439,2023-07-23,10:33:00,July,Q3,Sunday,JMC001033,Lagos,Lagos Island,Electronics,Smart TV 43inch,HP,1,237675.65,0,237675.65,171934.57,0,237675.65,65741.08,27.66,Jumia Pay Wallet,Processing,2,Website Desktop,,0,0
JO-2023-11526,2023-07-23,17:13:00,July,Q3,Sunday,JMC001010,Enugu,Nkanu,Fashion,Wristwatch Classic,Lagos Styles,1,13469.05,5,12795.6,7540.45,0,12795.6,5255.15,41.07,Bank Transfer,Shipped,2,Website Desktop,,0,0
JO-2023-10594,2023-07-24,22:23:00,July,Q3,Monday,JMC000265,Lagos,Lekki,Electronics,Table Lamp LED,JBL,4,120015.75,0,120015.75,101725.35,0,480063.0,73161.6,15.24,Cash on Delivery,Delivered,2,USSD,3.8,0,0
JO-2023-10599,2023-07-24,14:19:00,July,Q3,Monday,JMC000526,Enugu,Enugu South,Groceries,Tomato Paste 400g,PZ Cussons,2,20847.41,,20847.41,19152.52,0,41694.82,3389.78,8.13,USSD Payment,Delivered,3,USSD,3.6,0,0
JO-2023-11045,2023-07-24,15:21:00,July,Q3,Monday,JMC000764,Abuja,Maitama,Fashion,Sunglasses UV400,Adidas,1,38148.69,0,38148.69,17594.18,0,38148.69,20554.51,53.88,Card Payment,Delivered,4,Mobile App,3.4,0,0
JO-2023-11179,2023-07-24,23:35:00,July,Q3,Monday,JMC000535,Plateau,Bukuru,Computing,Printer Ink Cartridge,MacBook,1,745895.96,20,596716.77,519740.31,0,596716.77,76976.46,12.9,Bank Transfer,Delivered,3,Website Desktop,4.3,0,0
JO-2023-11700,2023-07-24,20:49:00,July,Q3,Monday,JMC001488,Lagos,Lagos Island,Beauty & Health,Body Scrub,Olay,2,8837.98,25,6628.48,3574.08,0,13256.96,6108.8,46.08,Jumia Pay Wallet,Shipped,5,Mobile App,,0,0
JO-2023-12142,2023-07-24,15:30:00,July,Q3,Monday,JMC000695,Kano,Gwale,Electronics,Phone Charger USB-C,Infinix,5,243768.83,0,243768.83,177219.94,0,1218844.15,332744.45,27.3,Cash on Delivery,Delivered,8,Website Desktop,2.8,0,0
JO-2023-12500,2023-07-24,07:58:00,July,Q3,Monday,JMC001374,Oyo,Ibadan North,Books & Education,Medical Dictionary,Pearson,2,10816.03,30,7571.22,4938.71,0,15142.44,5265.02,34.77,Cash on Delivery,Delivered,6,Mobile App,3.1,0,0
JO-2023-12570,2023-07-24,22:13:00,July,Q3,Monday,JMC001427,Anambra,Nnewi,Home & Kitchen,Storage Containers,Scanfrost,2,157049.29,0,157049.29,106086.8,0,314098.58,101924.98,32.45,Jumia Pay Wallet,Shipped,1,Mobile App,,0,0
JO-2023-10009,2023-07-25,14:12:00,July,Q3,Tuesday,JMC000729,Anambra,Awka,Books & Education,Medical Dictionary,Kachifo,1,3888.79,,3888.79,2287.78,1200,3888.79,1601.01,41.17,Card Payment,Delivered,6,Website Desktop,3.3,0,0
JO-2023-10536,2023-07-25,20:37:00,July,Q3,Tuesday,JMC000418,Abuja,Maitama,Electronics,Power Bank 20000mAh,Sony,1,152247.2,15,129410.12,103308.1,0,129410.12,26102.02,20.17,Bank Transfer,Processing,8,Mobile App,,0,0
JO-2023-10834,2023-07-25,14:54:00,July,Q3,Tuesday,JMC001144,Rivers,Oyigbo,Fashion,Handbag Brown,Zara,1,4943.5,0,4943.5,2245.83,1500,4943.5,2697.67,54.57,Cash on Delivery,Delivered,3,Mobile App,4.2,0,0
JO-2023-11547,2023-07-25,15:54:00,July,Q3,Tuesday,JMC000930,Anambra,Onitsha,Home & Kitchen,Iron Box Steam,Philips,2,113897.52,15,96812.89,64051.41,0,193625.78,65522.96,33.84,Bank Transfer,Delivered,8,Website Desktop,,0,0
JO-2023-11609,2023-07-25,14:16:00,July,Q3,Tuesday,JMC000329,Kaduna,Zaria,Computing,Wireless Mouse,Microsoft,1,292451.44,50,146225.72,119188.58,0,146225.72,27037.14,18.49,Card Payment,Shipped,1,Website Desktop,,0,0
JO-2023-12332,2023-07-25,16:34:00,July,Q3,Tuesday,JMC001003,Lagos,Victoria Island,Electronics,Electric Kettle,Apple,1,104533.44,0,104533.44,89041.58,0,104533.44,15491.86,14.82,Cash on Delivery,Delivered,2,WhatsApp Store,4.9,0,0
JO-2023-10221,2023-07-26,10:22:00,July,Q3,Wednesday,JMC000688,Abuja,Kubwa,Groceries,Groundnut Oil 5L,PZ Cussons,1,21649.22,0,21649.22,18079.26,0,21649.22,3569.96,16.49,Jumia Pay Wallet,Delivered,8,Agent Network,3.5,0,0
JO-2023-10317,2023-07-26,18:51:00,July,Q3,Wednesday,JMC001084,Abuja,Gwarinpa,Groceries,Tomato Paste 400g,Cadbury,3,13985.33,0,13985.33,12073.54,0,41955.99,5735.37,13.67,Card Payment,Delivered,2,Agent Network,2.5,0,0
JO-2023-11701,2023-07-26,17:13:00,July,Q3,Wednesday,JMC000892,Nasarawa,Lafia,Sports & Outdoor,Tennis Racket,Wilson,1,74139.07,0,74139.07,43645.67,0,74139.07,30493.4,41.13,Card Payment,Shipped,1,Website Desktop,,0,0
JO-2023-11919,2023-07-26,11:32:00,July,Q3,Wednesday,JMC001084,Imo,Orlu,Home & Kitchen,Cutlery Set 24pcs,Scanfrost,1,157180.03,0,157180.03,119582.57,0,157180.03,37597.46,23.92,Card Payment,Delivered,8,Mobile App,3.3,0,0
JO-2023-12101,2023-07-26,12:44:00,July,Q3,Wednesday,JMC000969,Lagos,Ikeja,Sports & Outdoor,Cycling Helmet,Decathlon,1,21251.37,0,21251.37,12725.32,0,21251.37,8526.05,40.12,Cash on Delivery,Shipped,4,Mobile App,,0,0
JO-2023-10269,2023-07-27,16:32:00,July,Q3,Thursday,JMC000040,Imo,Okigwe,Electronics,Table Lamp LED,Apple,2,12032.59,20,9626.07,7215.7,0,19252.14,4820.74,25.04,Card Payment,Delivered,4,Mobile App,4.9,0,0
JO-2023-10810,2023-07-27,23:45:00,July,Q3,Thursday,JMC000797,Rivers,Port Harcourt,Computing,External SSD 1TB,Acer,2,622025.04,0,622025.04,546822.21,0,1244050.08,150405.66,12.09,Jumia Pay Wallet,Shipped,8,Website Desktop,,0,0
JO-2023-11161,2023-07-27,09:08:00,July,Q3,Thursday,JMC000983,Rivers,Oyigbo,Books & Education,Python Programming Basics,Pearson,5,3669.15,0,3669.15,2046.65,0,18345.75,8112.5,44.22,Card Payment,Processing,7,Agent Network,,0,0
JO-2023-12431,2023-07-27,08:01:00,July,Q3,Thursday,JMC000838,Rivers,Port Harcourt,Electronics,Smart Watch,HP,1,402109.99,0,402109.99,307614.14,0,402109.99,94495.85,23.5,Card Payment,Delivered,7,Website Desktop,2.7,0,0
JO-2023-12491,2023-07-27,10:28:00,July,Q3,Thursday,JMC001357,Anambra,Awka,Beauty & Health,Face Mask Set,Black Seed,1,2431.27,0,2431.27,1191.08,1200,2431.27,1240.19,51.01,Card Payment,Delivered,3,USSD,3.1,0,0
JO-2023-12979,2023-07-27,15:51:00,July,Q3,Thursday,JMC000201,Abuja,Maitama,Electronics,Smart Watch,Sony,2,253494.26,15,215470.12,173949.03,0,430940.24,83042.18,19.27,Cash on Delivery,Delivered,8,Agent Network,4.1,0,0
JO-2023-12174,2023-07-28,19:10:00,July,Q3,Friday,JMC000019,Abuja,Gwarinpa,Electronics,Extension Socket,Samsung,1,437801.77,0,437801.77,354882.11,0,437801.77,82919.66,18.94,Card Payment,Shipped,3,Mobile App,,0,0
JO-2023-12232,2023-07-28,11:09:00,July,Q3,Friday,JMC000743,Rivers,Port Harcourt,Home & Kitchen,Coffee Maker,Binatone,2,143595.0,0,143595.0,112736.43,0,287190.0,61717.14,21.49,Cash on Delivery,Shipped,4,USSD,,0,0
JO-2023-12505,2023-07-28,07:36:00,July,Q3,Friday,JMC000401,Rivers,Eleme,Groceries,Tin Tomato Carton,Cadbury,2,995.83,0,995.83,892.16,1200,1991.66,207.34,10.41,Jumia Pay Wallet,Shipped,2,Website Desktop,,0,0
JO-2023-12556,2023-07-28,18:06:00,July,Q3,Friday,JMC000127,Abuja,Gwarinpa,Home & Kitchen,Coffee Maker,Binatone,1,19769.67,0,19769.67,14002.86,0,19769.67,5766.81,29.17,Bank Transfer,Delivered,1,Mobile App,4.8,0,0
JO-2023-10150,2023-07-29,17:02:00,July,Q3,Saturday,JMC000038,Abuja,Kubwa,Fashion,Wristwatch Classic,Ankara Palace,1,39460.5,,39460.5,18960.77,0,39460.5,20499.73,51.95,Cash on Delivery,Delivered,1,Mobile App,2.8,0,0
JO-2023-10328,2023-07-29,20:54:00,July,Q3,Saturday,JMC000879,Lagos,Ikeja,Groceries,Honey Natural 500g,Nestle,2,3461.82,0,3461.82,2949.82,1000,6923.64,1024.0,14.79,Card Payment,Returned,1,Agent Network,,1,0
JO-2023-10374,2023-07-29,22:55:00,July,Q3,Saturday,JMC000087,Lagos,Ikorodu,Electronics,Smart TV 43inch,Sony,1,357984.97,0,357984.97,312592.48,0,357984.97,45392.49,12.68,Jumia Pay Wallet,Delivered,8,Website Desktop,4.3,0,0
JO-2023-10736,2023-07-29,17:21:00,July,Q3,Saturday,JMC000245,Abuja,Gwarinpa,Electronics,Electric Kettle,HP,2,268869.64,0,268869.64,208105.1,0,537739.28,121529.08,22.6,Card Payment,Delivered,8,Mobile App,3.2,0,0
JO-2023-10806,2023-07-29,12:22:00,July,Q3,Saturday,JMC000769,Lagos,Surulere,Home & Kitchen,Cutlery Set 24pcs,Nasco,1,121727.55,10,109554.79,76414.47,0,109554.79,33140.32,30.25,Card Payment,Delivered,2,Website Desktop,3.6,0,0
JO-2023-10865,2023-07-29,20:36:00,July,Q3,Saturday,JMC000609,Rivers,Obio-Akpor,Fashion,Sunglasses UV400,Ankara Palace,5,60516.68,5,57490.85,37604.76,0,287454.25,99430.45,34.59,Card Payment,Returned,5,Mobile App,,1,0
JO-2023-11001,2023-07-29,12:28:00,July,Q3,Saturday,JMC001367,Oyo,Ogbomoso,Groceries,Honey Natural 500g,PZ Cussons,2,16590.22,0,16590.22,14106.66,0,33180.44,4967.12,14.97,Bank Transfer,Delivered,7,Mobile App,4.5,0,0
JO-2023-11843,2023-07-29,14:12:00,July,Q3,Saturday,JMC001002,Rivers,Port Harcourt,Sports & Outdoor,Dumbbell 5kg pair,Spalding,3,61283.05,,61283.05,42119.84,0,183849.15,57489.63,31.27,Card Payment,Delivered,1,Website Desktop,4.0,0,0
JO-2023-11879,2023-07-29,08:56:00,July,Q3,Saturday,JMC000197,Enugu,Nkanu,Books & Education,Python Programming Basics,Kachifo,2,616.6,40,369.96,216.35,1200,739.92,307.22,41.52,Card Payment,Delivered,8,Mobile App,4.0,0,0
JO-2023-11987,2023-07-29,22:12:00,July,Q3,Saturday,JMC000749,Lagos,Ikorodu,Groceries,Spaghetti 500g,Nestle,1,16277.68,0,16277.68,13793.71,0,16277.68,2483.97,15.26,Card Payment,Delivered,1,WhatsApp Store,3.4,0,0
JO-2023-12845,2023-07-29,21:09:00,July,Q3,Saturday,JMC000651,Kano,Gwale,Electronics,Wireless Earbuds,Samsung,1,255542.39,0,255542.39,211537.99,0,255542.39,44004.4,17.22,Jumia Pay Wallet,Cancelled,5,Website Desktop,,0,0
JO-2023-10358,2023-07-30,17:43:00,July,Q3,Sunday,JMC001461,Oyo,Ogbomoso,Electronics,Smart TV 43inch,JBL,1,394883.82,30,276418.67,228570.6,0,276418.67,47848.07,17.31,Jumia Pay Wallet,Cancelled,3,Agent Network,,0,0
JO-2023-10617,2023-07-30,18:01:00,July,Q3,Sunday,JMC000368,Enugu,Enugu North,Electronics,Table Lamp LED,HP,2,141733.29,0,141733.29,110637.01,0,283466.58,62192.56,21.94,Cash on Delivery,Delivered,8,Mobile App,3.8,0,0
JO-2023-11028,2023-07-30,20:57:00,July,Q3,Sunday,JMC000705,Delta,Warri,Home & Kitchen,Kitchen Towel Set,Philips,3,43865.65,5,41672.37,29558.21,0,125017.11,36342.48,29.07,Bank Transfer,Cancelled,2,Agent Network,,0,0
JO-2023-11097,2023-07-30,10:16:00,July,Q3,Sunday,JMC001218,Kano,Gwale,Computing,Laptop Stand Aluminium,Microsoft,2,828844.9,0,828844.9,717033.72,0,1657689.8,223622.36,13.49,Card Payment,Shipped,6,Mobile App,,0,0
JO-2023-11771,2023-07-30,13:42:00,July,Q3,Sunday,JMC000825,Niger,Kontagora,Home & Kitchen,Iron Box Steam,Binatone,5,56348.44,0,56348.44,37082.91,0,281742.2,96327.65,34.19,Card Payment,Returned,2,Website Desktop,,1,0
JO-2023-11796,2023-07-30,20:56:00,July,Q3,Sunday,JMC000105,Lagos,Ikeja,Electronics,Desk Fan,Lenovo,3,103874.4,0,103874.4,84719.96,0,311623.2,57463.32,18.44,Card Payment,Delivered,5,Website Desktop,5.0,0,0
JO-2023-11954,2023-07-30,21:35:00,July,Q3,Sunday,JMC000695,Imo,Okigwe,Beauty & Health,Body Scrub,Olay,1,6217.92,0,6217.92,2651.32,700,6217.92,3566.6,57.36,Bank Transfer,Delivered,1,Mobile App,5.0,0,0
JO-2023-12339,2023-07-30,20:37:00,July,Q3,Sunday,JMC000950,Kano,Kano City,Beauty & Health,Perfume Floral 100ml,Neutrogena,2,17473.9,0,17473.9,9056.72,0,34947.8,16834.36,48.17,Jumia Pay Wallet,Delivered,1,Website Desktop,3.1,0,0
JO-2023-12351,2023-07-30,21:13:00,July,Q3,Sunday,JMC000250,Anambra,Anambra East,Fashion,Sunglasses UV400,Nike,1,17741.45,0,17741.45,11290.66,0,17741.45,6450.79,36.36,Bank Transfer,Cancelled,1,WhatsApp Store,,0,0
JO-2023-12850,2023-07-30,18:07:00,July,Q3,Sunday,JMC001014,Abuja,Kubwa,Electronics,Phone Charger USB-C,Infinix,1,234933.16,0,234933.16,180969.01,0,234933.16,53964.15,22.97,Jumia Pay Wallet,Delivered,1,Website Desktop,5.0,0,0
JO-2023-10336,2023-07-31,13:47:00,July,Q3,Monday,JMC000476,Abuja,Wuse,Sports & Outdoor,Basketball Outdoor,Wilson,1,39955.72,0,39955.72,30390.32,0,39955.72,9565.4,23.94,Bank Transfer,Delivered,5,Agent Network,2.7,0,0
JO-2023-10737,2023-07-31,22:00:00,July,Q3,Monday,JMC000955,Ogun,Sagamu,Fashion,Handbag Brown,Zara,2,47766.2,0,47766.2,28339.69,0,95532.4,38853.02,40.67,USSD Payment,Delivered,4,Mobile App,3.3,0,0
JO-2023-11393,2023-07-31,16:16:00,July,Q3,Monday,JMC000046,Niger,Minna,Beauty & Health,Moisturising Lotion 400ml,Olay,4,20228.75,,20228.75,12353.7,0,80915.0,31500.2,38.93,Bank Transfer,Returned,3,WhatsApp Store,,1,0
JO-2023-12633,2023-07-31,20:49:00,July,Q3,Monday,JMC000203,Lagos,Surulere,Fashion,Sunglasses UV400,Lagos Styles,2,63136.46,10,56822.81,26172.59,0,113645.62,61300.44,53.94,Bank Transfer,Delivered,2,USSD,3.8,0,0
JO-2023-12810,2023-07-31,11:44:00,July,Q3,Monday,JMC000155,Anambra,Nnewi,Fashion,Baseball Cap,Nike,1,39348.95,40,23609.37,15709.67,0,23609.37,7899.7,33.46,Bank Transfer,Cancelled,7,Mobile App,,0,0
JO-2023-10519,2023-08-01,08:55:00,August,Q3,Tuesday,JMC001413,Nasarawa,Keffi,Sports & Outdoor,Jump Rope,Wilson,2,93715.31,15,79658.01,52494.63,0,159316.02,54326.76,34.1,Bank Transfer,Shipped,3,Website Desktop,,0,0
JO-2023-12245,2023-08-01,16:25:00,August,Q3,Tuesday,JMC000629,Lagos,Ikeja,Beauty & Health,Moisturising Lotion 400ml,L'Oreal,1,13878.96,0,13878.96,6328.81,0,13878.96,7550.15,54.4,Bank Transfer,Delivered,5,Website Desktop,2.8,0,0
JO-2023-12716,2023-08-01,10:33:00,August,Q3,Tuesday,JMC000876,Lagos,Victoria Island,Home & Kitchen,Dish Rack,Scanfrost,2,50675.56,40,30405.34,20812.46,0,60810.68,19185.76,31.55,Card Payment,Delivered,2,Mobile App,4.1,0,0
JO-2023-12740,2023-08-01,08:32:00,August,Q3,Tuesday,JMC000800,Ogun,Abeokuta,Beauty & Health,Body Scrub,Dove,3,31519.97,0,31519.97,15246.21,0,94559.91,48821.28,51.63,Cash on Delivery,Delivered,8,Mobile App,3.5,0,0
JO-2023-12749,2023-08-01,14:53:00,August,Q3,Tuesday,JMC001494,Imo,Owerri,Fashion,Women's Heels,,4,33890.17,15,28806.64,19576.99,0,115226.56,36918.6,32.04,Jumia Pay Wallet,Cancelled,3,Mobile App,,0,0
JO-2023-10026,2023-08-02,18:24:00,August,Q3,Wednesday,JMC000972,Lagos,Yaba,Groceries,Tomato Paste 400g,Nestle,1,17911.68,0,17911.68,15812.43,0,17911.68,2099.25,11.72,Cash on Delivery,Delivered,7,Mobile App,4.8,0,0
JO-2023-10121,2023-08-02,18:33:00,August,Q3,Wednesday,JMC000038,Kano,Kano City,Fashion,Leather Belt,Ankara Palace,2,64112.17,25,48084.13,31403.75,0,96168.26,33360.76,34.69,Card Payment,Processing,5,Website Desktop,,0,0
JO-2023-10203,2023-08-02,22:55:00,August,Q3,Wednesday,JMC001377,Kwara,Omu-Aran,Electronics,Smart TV 43inch,Apple,1,282703.59,0,282703.59,212960.61,0,282703.59,69742.98,24.67,Bank Transfer,Delivered,6,Mobile App,4.8,0,0
JO-2023-10341,2023-08-02,14:16:00,August,Q3,Wednesday,JMC000206,Kano,Nassarawa,Electronics,Phone Charger USB-C,Infinix,1,289908.85,0,289908.85,215518.24,0,289908.85,74390.61,25.66,USSD Payment,Delivered,4,Mobile App,3.0,0,0
JO-2023-10549,2023-08-02,08:27:00,August,Q3,Wednesday,JMC000829,Abuja,Gwarinpa,Fashion,Wristwatch Classic,Adidas,1,42986.4,0,42986.4,23277.14,0,42986.4,19709.26,45.85,Card Payment,Delivered,1,USSD,4.1,0,0
JO-2023-10994,2023-08-02,18:01:00,August,Q3,Wednesday,JMC001112,Ogun,Ilaro,Computing,Webcam HD 1080p,MacBook,1,94715.54,0,94715.54,85073.5,0,94715.54,9642.04,10.18,Bank Transfer,Delivered,6,Mobile App,4.1,0,0
JO-2023-11018,2023-08-02,15:00:00,August,Q3,Wednesday,JMC000517,Abuja,Wuse,Books & Education,English Grammar,Kachifo,1,10694.81,0,10694.81,7386.91,0,10694.81,3307.9,30.93,Bank Transfer,Delivered,4,Mobile App,4.0,0,0
JO-2023-11077,2023-08-02,14:36:00,August,Q3,Wednesday,JMC000480,Imo,Owerri,Computing,Laptop 15.6inch i5,Microsoft,2,810060.39,0,810060.39,702808.39,0,1620120.78,214504.0,13.24,Card Payment,Delivered,1,Mobile App,4.4,0,0
JO-2023-11133,2023-08-02,21:02:00,August,Q3,Wednesday,JMC000453,Lagos,Yaba,Books & Education,Finance Fundamentals,Kachifo,1,13742.51,0,13742.51,8569.83,0,13742.51,5172.68,37.64,Card Payment,Shipped,2,Mobile App,,0,0
JO-2023-11432,2023-08-02,18:32:00,August,Q3,Wednesday,JMC000737,Oyo,Oyo,Electronics,Electric Kettle,Samsung,1,336442.17,40,201865.3,170475.25,0,201865.3,31390.05,15.55,Card Payment,Delivered,6,Mobile App,4.7,0,0
JO-2023-12395,2023-08-02,10:19:00,August,Q3,Wednesday,JMC000222,Edo,Benin City,Electronics,Smart TV 43inch,,1,239860.33,5,227867.31,187193.0,0,227867.31,40674.31,17.85,Jumia Pay Wallet,Delivered,4,Mobile App,4.3,0,0
JO-2023-12723,2023-08-02,14:01:00,August,Q3,Wednesday,JMC000432,Lagos,Yaba,Electronics,Table Lamp LED,JBL,5,391154.95,0,391154.95,317304.9,0,1955774.75,369250.25,18.88,Bank Transfer,Delivered,6,Mobile App,2.5,0,0
JO-2023-12828,2023-08-02,11:05:00,August,Q3,Wednesday,JMC000038,Abuja,Kubwa,Electronics,Wireless Earbuds,Tecno,2,192722.37,0,192722.37,163814.01,0,385444.74,57816.72,15.0,Card Payment,Shipped,3,Website Desktop,,0,0
JO-2023-12945,2023-08-02,07:50:00,August,Q3,Wednesday,JMC000333,Niger,Bida,Home & Kitchen,Kitchen Towel Set,Nasco,2,131913.45,0,131913.45,88698.6,0,263826.9,86429.7,32.76,Card Payment,Processing,8,Agent Network,,0,0
JO-2023-10006,2023-08-03,18:39:00,August,Q3,Thursday,JMC000258,Kaduna,Kaduna North,Home & Kitchen,Coffee Maker,Binatone,1,73157.36,0,73157.36,52665.98,,73157.36,20491.38,28.01,Card Payment,Delivered,4,Mobile App,3.4,0,0
JO-2023-10593,2023-08-03,08:37:00,August,Q3,Thursday,JMC001513,Abuja,Gwarinpa,Beauty & Health,Perfume Floral 100ml,Neutrogena,1,22114.49,0,22114.49,12074.51,0,22114.49,10039.98,45.4,Card Payment,Shipped,5,Website Desktop,,0,0
JO-2023-10761,2023-08-03,07:44:00,August,Q3,Thursday,JMC000083,Benue,Otukpo,Electronics,Phone Charger USB-C,Lenovo,2,13955.53,25,10466.65,9054.7,0,20933.3,2823.9,13.49,Card Payment,Shipped,3,Website Desktop,,0,0
JO-2023-11395,2023-08-03,20:01:00,August,Q3,Thursday,JMC001598,Benue,Katsina-Ala,Home & Kitchen,Storage Containers,Scanfrost,1,27384.58,5,26015.35,15695.06,0,26015.35,10320.29,39.67,Card Payment,Delivered,7,Website Desktop,3.7,0,0
JO-2023-11467,2023-08-03,09:06:00,August,Q3,Thursday,JMC001472,Kano,Gwale,Books & Education,Python Programming Basics,Oxford,2,543.43,0,543.43,382.96,1200,1086.86,320.94,29.53,Jumia Pay Wallet,Shipped,1,Website Desktop,,0,0
JO-2023-12783,2023-08-03,11:31:00,August,Q3,Thursday,JMC001354,Rivers,Eleme,Computing,Wireless Mouse,HP,2,444971.19,0,444971.19,379782.91,0,889942.38,130376.56,14.65,Card Payment,Processing,7,USSD,,0,0
JO-2023-10119,2023-08-04,17:04:00,August,Q3,Friday,JMC001365,Nasarawa,Keffi,Groceries,Groundnut Oil 5L,PZ Cussons,2,7604.79,0,7604.79,6731.76,0,15209.58,1746.06,11.48,Bank Transfer,Delivered,4,Website Desktop,3.6,0,0
JO-2023-10149,2023-08-04,08:19:00,August,Q3,Friday,JMC000240,Edo,Egor,Fashion,Sneakers Size 42,Nike,4,18826.77,0,18826.77,10089.27,0,75307.08,34950.0,46.41,Cash on Delivery,Delivered,3,Mobile App,4.8,0,0
JO-2023-10177,2023-08-04,07:51:00,August,Q3,Friday,JMC001583,Lagos,Ikeja,Groceries,Tin Tomato Carton,PZ Cussons,2,12304.7,30,8613.29,7514.23,0,17226.58,2198.12,12.76,Bank Transfer,Shipped,3,Mobile App,,0,0
JO-2023-10309,2023-08-04,20:15:00,August,Q3,Friday,JMC001471,Anambra,Awka,Beauty & Health,Face Mask Set,Dove,1,8233.8,0,8233.8,4092.2,,8233.8,4141.6,50.3,Jumia Pay Wallet,Returned,6,Mobile App,,1,0
JO-2023-10891,2023-08-04,17:55:00,August,Q3,Friday,JMC000217,Abuja,Wuse,Home & Kitchen,Pressure Cooker 5L,Bosch,1,167571.62,0,167571.62,133068.62,0,167571.62,34503.0,20.59,Card Payment,Delivered,8,Mobile App,4.3,0,0
JO-2023-11011,2023-08-04,20:42:00,August,Q3,Friday,JMC000500,Kano,Tarauni,Beauty & Health,Manicure Kit,Black Seed,1,28151.41,0,28151.41,13262.13,0,28151.41,14889.28,52.89,Card Payment,Processing,3,Mobile App,,0,0
JO-2023-11035,2023-08-04,22:18:00,August,Q3,Friday,JMC000165,Lagos,Ikorodu,Beauty & Health,Body Scrub,L'Oreal,1,11806.94,0,11806.94,6061.68,0,11806.94,5745.26,48.66,Cash on Delivery,Delivered,1,Mobile App,4.6,0,0
JO-2023-11859,2023-08-04,23:54:00,August,Q3,Friday,JMC000499,Lagos,Ikorodu,Books & Education,Children Storybook,Amazon KDP,1,5787.47,0,5787.47,3657.68,1500,5787.47,2129.79,36.8,Card Payment,Delivered,1,WhatsApp Store,3.3,0,0
JO-2023-11900,2023-08-04,18:12:00,August,Q3,Friday,JMC000682,Abuja,Gwarinpa,Groceries,Milk Tin 400g,Cadbury,1,2722.69,25,2042.02,1827.4,1500,2042.02,214.62,10.51,Cash on Delivery,Delivered,5,Website Desktop,3.8,0,0
JO-2023-12294,2023-08-04,22:03:00,August,Q3,Friday,JMC000328,Lagos,Victoria Island,Electronics,Power Bank 20000mAh,Tecno,1,367607.62,0,367607.62,317723.27,0,367607.62,49884.35,13.57,Bank Transfer,Delivered,2,Website Desktop,4.6,0,0
JO-2023-12710,2023-08-04,23:46:00,August,Q3,Friday,JMC000230,Delta,Uvwie,Sports & Outdoor,Cycling Helmet,Wilson,3,90864.34,0,90864.34,60215.8,0,272593.02,91945.62,33.73,Card Payment,Processing,5,Mobile App,,0,0
JO-2023-10453,2023-08-05,10:14:00,August,Q3,Saturday,JMC000594,Abuja,Gwarinpa,Groceries,Tin Tomato Carton,Dangote,1,2838.17,25,2128.63,1944.08,1500,2128.63,184.55,8.67,Card Payment,Delivered,2,Mobile App,4.5,0,0
JO-2023-10522,2023-08-05,10:53:00,August,Q3,Saturday,JMC001445,Lagos,Lekki,Beauty & Health,Body Scrub,Black Seed,1,20758.66,0,20758.66,8791.29,0,20758.66,11967.37,57.65,Bank Transfer,Processing,1,Agent Network,,0,0
JO-2023-10747,2023-08-05,11:31:00,August,Q3,Saturday,JMC000934,Abuja,Garki,Fashion,Leather Belt,Adidas,1,74206.34,0,74206.34,46468.01,0,74206.34,27738.33,37.38,Bank Transfer,Cancelled,6,Mobile App,,0,0
JO-2023-11648,2023-08-05,11:32:00,August,Q3,Saturday,JMC000706,Lagos,Agege,Sports & Outdoor,Swimming Goggles,Under Armour,2,38750.33,,34875.3,22508.52,0,69750.6,24733.56,35.46,Cash on Delivery,Delivered,2,Mobile App,3.5,0,0
JO-2023-11844,2023-08-05,10:24:00,August,Q3,Saturday,JMC000745,Nasarawa,Keffi,Home & Kitchen,Cutlery Set 24pcs,Binatone,1,99541.44,0,99541.44,77572.64,0,99541.44,21968.8,22.07,Bank Transfer,Shipped,8,WhatsApp Store,,0,0
JO-2023-10186,2023-08-06,17:23:00,August,Q3,Sunday,JMC001033,Nasarawa,Keffi,Fashion,Men's Polo Shirt,Lagos Styles,4,56901.28,40,34140.77,19470.48,0,136563.08,58681.16,42.97,Card Payment,Delivered,2,USSD,4.7,0,0
JO-2023-10219,2023-08-06,23:03:00,August,Q3,Sunday,JMC000004,Kano,Kano City,Groceries,Honey Natural 500g,PZ Cussons,2,3810.05,0,3810.05,3125.0,1200,7620.1,1370.1,17.98,Card Payment,Shipped,7,Mobile App,,0,0
JO-2023-10591,2023-08-06,07:06:00,August,Q3,Sunday,JMC001185,Imo,Orlu,Groceries,Rice 5kg Bag,Cadbury,2,17636.1,0,17636.1,15334.59,0,35272.2,4603.02,13.05,Card Payment,Processing,6,Website Desktop,,0,0
JO-2023-10781,2023-08-06,09:57:00,August,Q3,Sunday,JMC000817,Kano,Kano City,Electronics,Wireless Earbuds,Infinix,1,159584.66,0,159584.66,125002.66,0,159584.66,34582.0,21.67,Cash on Delivery,Delivered,6,Website Desktop,2.6,0,0
JO-2023-11228,2023-08-06,15:37:00,August,Q3,Sunday,JMC000989,Lagos,Yaba,Books & Education,Children Storybook,Amazon KDP,4,8294.08,0,8294.08,5250.15,0,33176.32,12175.72,36.7,Card Payment,Delivered,2,USSD,3.9,0,0
JO-2023-11433,2023-08-06,13:00:00,August,Q3,Sunday,JMC000949,Lagos,Lekki,Groceries,Groundnut Oil 5L,Cadbury,1,8969.5,0,8969.5,7444.68,2000,8969.5,1524.82,17.0,USSD Payment,Delivered,4,Mobile App,3.3,0,0
JO-2023-11570,2023-08-06,23:28:00,August,Q3,Sunday,JMC001527,Rivers,Eleme,Home & Kitchen,Kitchen Towel Set,Bosch,1,85967.65,0,85967.65,64974.35,0,85967.65,20993.3,24.42,Cash on Delivery,Delivered,2,Mobile App,3.8,0,0
JO-2023-12259,2023-08-06,13:31:00,August,Q3,Sunday,JMC001320,Delta,Ethiope East,Electronics,Power Bank 20000mAh,JBL,1,148001.06,5,140601.01,123054.0,0,140601.01,17547.01,12.48,Bank Transfer,Delivered,5,Website Desktop,4.2,0,0
JO-2023-10696,2023-08-07,12:03:00,August,Q3,Monday,JMC001528,Abuja,Gwarinpa,Groceries,Spaghetti 500g,Unilever,2,8825.97,0,8825.97,7851.58,0,17651.94,1948.78,11.04,Bank Transfer,Cancelled,8,WhatsApp Store,,0,0
JO-2023-10854,2023-08-07,19:01:00,August,Q3,Monday,JMC000901,Lagos,Surulere,Beauty & Health,Body Scrub,Black Seed,2,1268.27,30,887.79,357.16,2000,1775.58,1061.26,59.77,Bank Transfer,Cancelled,6,Mobile App,,0,0
JO-2023-11128,2023-08-07,12:31:00,August,Q3,Monday,JMC000746,Abuja,Gwarinpa,Fashion,Wristwatch Classic,Lagos Styles,1,45656.28,0,45656.28,21307.79,0,45656.28,24348.49,53.33,Card Payment,Delivered,4,Website Desktop,2.7,0,0
JO-2023-11435,2023-08-07,19:03:00,August,Q3,Monday,JMC001190,Anambra,Anambra East,Electronics,Electric Kettle,HP,1,209740.77,0,209740.77,180293.17,0,209740.77,29447.6,14.04,USSD Payment,Delivered,1,Mobile App,4.8,0,0
JO-2023-11475,2023-08-07,13:59:00,August,Q3,Monday,JMC000260,Kano,Tarauni,Fashion,Men's Jeans,Ankara Palace,4,34274.29,40,20564.57,12478.58,0,82258.28,32343.96,39.32,Card Payment,Delivered,6,Mobile App,4.9,0,0
JO-2023-10060,2023-08-08,23:10:00,August,Q3,Tuesday,JMC001292,Lagos,Ikorodu,Electronics,Extension Socket,Samsung,1,160076.02,0,160076.02,119272.64,0,160076.02,40803.38,25.49,Bank Transfer,Delivered,6,USSD,3.9,0,0
JO-2023-10548,2023-08-08,11:37:00,August,Q3,Tuesday,JMC000918,Imo,Orlu,Electronics,Phone Charger USB-C,HP,1,360531.03,0,360531.03,293544.36,0,360531.03,66986.67,18.58,Bank Transfer,Processing,4,Agent Network,,0,0
JO-2023-10614,2023-08-08,15:24:00,August,Q3,Tuesday,JMC000257,Plateau,Barkin Ladi,Fashion,Men's Polo Shirt,Nike,1,29853.51,0,29853.51,19730.18,0,29853.51,10123.33,33.91,Jumia Pay Wallet,Delivered,2,Mobile App,4.3,0,0
JO-2023-11241,2023-08-08,19:22:00,August,Q3,Tuesday,JMC000225,Nasarawa,Akwanga,Beauty & Health,Shampoo Anti-Dandruff,Nivea,1,23994.57,25,17995.93,8175.55,0,17995.93,9820.38,54.57,Card Payment,Delivered,5,Mobile App,2.8,0,0
JO-2023-11869,2023-08-08,11:39:00,August,Q3,Tuesday,JMC001280,Plateau,Shendam,Beauty & Health,Vitamin C Serum,Dove,1,19280.3,0,19280.3,8207.62,0,19280.3,11072.68,57.43,Card Payment,Delivered,1,Mobile App,2.7,0,0
JO-2023-12122,2023-08-08,18:44:00,August,Q3,Tuesday,JMC000518,Oyo,Oyo,Fashion,Leather Belt,Ankara Palace,2,20661.88,0,20661.88,10849.55,0,41323.76,19624.66,47.49,Bank Transfer,Delivered,8,Mobile App,2.5,0,0
JO-2023-12252,2023-08-08,12:18:00,August,Q3,Tuesday,JMC001197,Lagos,Lagos Island,Electronics,Table Lamp LED,Sony,2,306458.16,30,214520.71,178996.08,0,429041.42,71049.26,16.56,Jumia Pay Wallet,Processing,4,Mobile App,,0,0
JO-2023-12644,2023-08-08,19:48:00,August,Q3,Tuesday,JMC001132,Kaduna,Chikun,Fashion,Handbag Brown,Ankara Palace,1,35652.12,0,35652.12,17990.06,0,35652.12,17662.06,49.54,Card Payment,Delivered,4,Mobile App,2.9,0,0
JO-2023-12680,2023-08-08,09:05:00,August,Q3,Tuesday,JMC001392,Rivers,Port Harcourt,Beauty & Health,Shampoo Anti-Dandruff,Black Seed,1,5677.51,0,5677.51,3428.65,1000,5677.51,2248.86,39.61,Bank Transfer,Cancelled,4,USSD,,0,0
JO-2023-12767,2023-08-08,20:49:00,August,Q3,Tuesday,JMC001013,Kaduna,Kaduna South,Computing,External SSD 1TB,MacBook,3,115607.86,0,115607.86,102821.63,0,346823.58,38358.69,11.06,Bank Transfer,Delivered,1,Website Desktop,4.2,0,0
JO-2023-10559,2023-08-09,08:40:00,August,Q3,Wednesday,JMC000584,Oyo,Ibadan North,Fashion,Sneakers Size 42,Ankara Palace,2,19885.67,0,19885.67,10734.28,0,39771.34,18302.78,46.02,Jumia Pay Wallet,Delivered,4,Mobile App,2.8,0,0
JO-2023-11331,2023-08-09,08:52:00,August,Q3,Wednesday,JMC001392,Abuja,Wuse,Groceries,Biscuits Assorted,Unilever,1,6981.27,0,6981.27,6345.97,700,6981.27,635.3,9.1,Card Payment,Shipped,5,Agent Network,,0,0
JO-2023-12068,2023-08-09,18:40:00,August,Q3,Wednesday,JMC000511,Rivers,Obio-Akpor,Electronics,Wireless Earbuds,Infinix,1,194984.66,0,194984.66,158503.03,0,194984.66,36481.63,18.71,Bank Transfer,Returned,6,Mobile App,,1,0
JO-2023-12456,2023-08-09,18:25:00,August,Q3,Wednesday,JMC000651,Ogun,Sagamu,Groceries,Honey Natural 500g,Dangote,1,1150.05,0,1150.05,980.07,1000,1150.05,169.98,14.78,Bank Transfer,Delivered,3,WhatsApp Store,4.5,0,0
JO-2023-10036,2023-08-10,09:03:00,August,Q3,Thursday,JMC000401,Abuja,Gwarinpa,Electronics,Smart Watch,JBL,3,18475.51,0,18475.51,13991.5,0,55426.53,13452.03,24.27,Bank Transfer,Delivered,1,USSD,2.7,0,0
JO-2023-10087,2023-08-10,15:15:00,August,Q3,Thursday,JMC000200,Kano,Tarauni,Groceries,Rice 5kg Bag,Unilever,1,3865.47,0,3865.47,3359.87,2000,3865.47,505.6,13.08,Jumia Pay Wallet,Delivered,3,WhatsApp Store,3.2,0,0
JO-2023-10487,2023-08-10,11:16:00,August,Q3,Thursday,JMC001151,Oyo,Ibadan North,Computing,USB Hub 7-Port,Asus,2,128846.29,5,122403.98,104116.83,0,244807.96,36574.3,14.94,Card Payment,Delivered,2,Mobile App,3.8,0,0
JO-2023-10587,2023-08-10,18:46:00,August,Q3,Thursday,JMC000752,Lagos,Victoria Island,Electronics,Power Bank 20000mAh,Infinix,1,318046.69,,286242.02,212448.83,0,286242.02,73793.19,25.78,Jumia Pay Wallet,Delivered,1,WhatsApp Store,2.7,0,0
JO-2023-10844,2023-08-10,09:44:00,August,Q3,Thursday,JMC001298,Lagos,Yaba,Sports & Outdoor,Swimming Goggles,Spalding,2,73003.6,0,73003.6,52993.31,0,146007.2,40020.58,27.41,Card Payment,Delivered,3,Mobile App,2.8,0,0
JO-2023-11079,2023-08-10,18:35:00,August,Q3,Thursday,JMC000060,Kwara,Patigi,Computing,Laptop Bag 15inch,Asus,1,803143.72,50,401571.86,355029.68,0,401571.86,46542.18,11.59,Bank Transfer,Delivered,7,Mobile App,4.1,0,0
JO-2023-11316,2023-08-10,08:33:00,August,Q3,Thursday,JMC000860,Rivers,Eleme,Books & Education,Law Reports,Oxford,2,2762.25,0,2762.25,2024.45,1200,5524.5,1475.6,26.71,Bank Transfer,Cancelled,1,Mobile App,,0,0
JO-2023-11768,2023-08-10,23:25:00,August,Q3,Thursday,JMC000235,Lagos,Ikeja,Electronics,Power Bank 20000mAh,Sony,1,421963.99,0,421963.99,324870.08,0,421963.99,97093.91,23.01,Jumia Pay Wallet,Processing,4,Mobile App,,0,0
JO-2023-12042,2023-08-10,07:50:00,August,Q3,Thursday,JMC000662,Rivers,Eleme,Beauty & Health,Vitamin C Serum,Olay,2,30462.03,40,18277.22,7725.78,0,36554.44,21102.88,57.73,Card Payment,Delivered,5,Mobile App,4.9,0,0
JO-2023-12239,2023-08-10,10:12:00,August,Q3,Thursday,JMC000884,Lagos,Yaba,Beauty & Health,Manicure Kit,L'Oreal,2,21594.45,0,21594.45,9162.53,0,43188.9,24863.84,57.57,Cash on Delivery,Processing,1,Mobile App,,0,0
JO-2023-12272,2023-08-10,22:29:00,August,Q3,Thursday,JMC000792,Lagos,Lagos Island,Sports & Outdoor,Yoga Mat 6mm,Under Armour,2,41622.29,0,41622.29,31603.8,0,83244.58,20036.98,24.07,Jumia Pay Wallet,Delivered,8,Agent Network,2.7,0,0
JO-2023-12326,2023-08-10,20:10:00,August,Q3,Thursday,JMC000022,Lagos,Yaba,Groceries,Sugar 1kg,Dangote,3,6834.66,0,6834.66,6091.73,0,20503.98,2228.79,10.87,Cash on Delivery,Delivered,3,Mobile App,4.1,0,0
JO-2023-12434,2023-08-10,17:57:00,August,Q3,Thursday,JMC001257,Abuja,Wuse,Computing,External SSD 1TB,MacBook,1,304853.19,0,304853.19,269337.79,0,304853.19,35515.4,11.65,Card Payment,Delivered,7,Website Desktop,3.2,0,0
JO-2023-11112,2023-08-11,19:17:00,August,Q3,Friday,JMC001376,Rivers,Port Harcourt,Books & Education,Children Storybook,Pearson,2,14190.87,0,14190.87,9597.29,0,28381.74,9187.16,32.37,Card Payment,Shipped,8,Mobile App,,0,0
JO-2023-11451,2023-08-11,08:14:00,August,Q3,Friday,JMC000751,Abuja,Asokoro,Electronics,Desk Fan,Sony,2,175555.88,30,122889.12,93285.13,0,245778.24,59207.98,24.09,Jumia Pay Wallet,Delivered,2,Mobile App,3.9,0,0
JO-2023-11563,2023-08-11,20:59:00,August,Q3,Friday,JMC000013,Niger,Suleja,Electronics,Table Lamp LED,JBL,4,180005.55,0,180005.55,152860.71,0,720022.2,108579.36,15.08,Card Payment,Cancelled,4,Mobile App,,0,0
JO-2023-11675,2023-08-11,19:38:00,August,Q3,Friday,JMC000415,Lagos,Ikeja,Beauty & Health,Body Scrub,Nivea,3,12364.11,0,12364.11,6619.74,0,37092.33,17233.11,46.46,Bank Transfer,Delivered,3,Mobile App,2.7,0,0
JO-2023-11887,2023-08-11,17:24:00,August,Q3,Friday,JMC000168,Lagos,Yaba,Beauty & Health,Face Mask Set,Olay,1,28442.29,0,28442.29,15338.93,0,28442.29,13103.36,46.07,Card Payment,Delivered,3,WhatsApp Store,4.0,0,0
JO-2023-11948,2023-08-11,14:29:00,August,Q3,Friday,JMC000796,Rivers,Obio-Akpor,Home & Kitchen,Storage Containers,Binatone,3,37705.38,5,35820.11,27072.84,0,107460.33,26241.81,24.42,Card Payment,Delivered,6,Mobile App,4.2,0,0
JO-2023-11952,2023-08-11,22:17:00,August,Q3,Friday,JMC001580,Kaduna,Kaduna North,Fashion,Sunglasses UV400,Nike,1,76491.27,0,76491.27,40157.92,0,76491.27,36333.35,47.5,Card Payment,Delivered,6,Website Desktop,4.1,0,0
JO-2023-12309,2023-08-11,19:55:00,August,Q3,Friday,JMC001111,Kwara,Patigi,Beauty & Health,Body Scrub,Neutrogena,1,23992.83,0,23992.83,12922.54,0,23992.83,11070.29,46.14,Card Payment,Delivered,1,Mobile App,4.0,0,0
JO-2023-12927,2023-08-11,12:39:00,August,Q3,Friday,JMC001374,Rivers,Oyigbo,Sports & Outdoor,Jump Rope,Wilson,1,16606.23,50,8303.11,5539.0,1200,8303.11,2764.11,33.29,Bank Transfer,Returned,2,Website Desktop,,1,0
JO-2023-10032,2023-08-12,10:06:00,August,Q3,Saturday,JMC001528,Plateau,Bukuru,Home & Kitchen,Iron Box Steam,Philips,5,2704.48,0,2704.48,2012.94,0,13522.4,3457.7,25.57,Cash on Delivery,Delivered,6,Website Desktop,3.1,0,0
JO-2023-10386,2023-08-12,13:22:00,August,Q3,Saturday,JMC000159,Abuja,Gwarinpa,Groceries,Rice 5kg Bag,,3,20030.86,0,20030.86,17913.6,0,60092.58,6351.78,10.57,Bank Transfer,Delivered,7,WhatsApp Store,3.9,0,0
JO-2023-10472,2023-08-12,20:47:00,August,Q3,Saturday,JMC000193,Lagos,Lekki,Fashion,Men's Polo Shirt,Lagos Styles,1,78372.18,40,47023.31,24000.7,0,47023.31,23022.61,48.96,Card Payment,Delivered,5,Website Desktop,3.9,0,0
JO-2023-10652,2023-08-12,20:07:00,August,Q3,Saturday,JMC000712,Imo,Owerri,Beauty & Health,Beard Oil 50ml,Black Seed,2,19823.62,0,19823.62,10760.26,0,39647.24,18126.72,45.72,Cash on Delivery,Delivered,8,Mobile App,2.9,0,0
JO-2023-11040,2023-08-12,13:49:00,August,Q3,Saturday,JMC000206,Abuja,Asokoro,Groceries,Rice 5kg Bag,Cadbury,2,7728.29,0,7728.29,6404.43,0,15456.58,2647.72,17.13,Jumia Pay Wallet,Processing,3,Website Desktop,,0,0
JO-2023-11101,2023-08-12,10:43:00,August,Q3,Saturday,JMC001527,Bauchi,Azare,Fashion,Wristwatch Classic,Zara,1,68134.43,0,68134.43,46624.39,0,68134.43,21510.04,31.57,Bank Transfer,Delivered,7,USSD,3.7,0,0
JO-2023-11254,2023-08-12,19:00:00,August,Q3,Saturday,JMC000118,Ondo,Akure,Electronics,Power Bank 20000mAh,Tecno,1,5139.58,0,5139.58,4026.35,1200,5139.58,1113.23,21.66,Card Payment,Delivered,1,Agent Network,4.2,0,0
JO-2023-12373,2023-08-12,19:00:00,August,Q3,Saturday,JMC001205,Lagos,Ikorodu,Groceries,Noodles Instant 70g,Dangote,2,13052.08,0,13052.08,11440.15,0,26104.16,3223.86,12.35,Jumia Pay Wallet,Delivered,5,Agent Network,3.7,0,0
JO-2023-12909,2023-08-12,17:12:00,August,Q3,Saturday,JMC001488,Oyo,Ogbomoso,Groceries,Honey Natural 500g,Cadbury,1,15430.2,5,14658.69,12684.16,0,14658.69,1974.53,13.47,Cash on Delivery,Cancelled,5,Agent Network,,0,0
JO-2023-12949,2023-08-12,16:34:00,August,Q3,Saturday,JMC000266,Lagos,Lagos Island,Electronics,Smart TV 43inch,Apple,1,215254.59,10,193729.13,168602.46,0,193729.13,25126.67,12.97,Jumia Pay Wallet,Shipped,3,WhatsApp Store,,0,0
JO-2023-11227,2023-08-13,16:15:00,August,Q3,Sunday,JMC000943,Niger,Suleja,Electronics,Table Lamp LED,Lenovo,3,259557.84,0,259557.84,226126.79,0,778673.52,100293.15,12.88,Jumia Pay Wallet,Returned,4,Website Desktop,,1,0
JO-2023-11360,2023-08-13,07:11:00,August,Q3,Sunday,JMC000768,Ogun,Ijebu-Ode,Beauty & Health,Moisturising Lotion 400ml,Neutrogena,2,27069.64,0,27069.64,11910.64,0,54139.28,30318.0,56.0,Jumia Pay Wallet,Processing,5,Website Desktop,,0,0
JO-2023-12342,2023-08-13,22:37:00,August,Q3,Sunday,JMC001018,Edo,Ikpoba-Okha,Beauty & Health,Beard Oil 50ml,Nivea,1,6273.54,10,5646.19,2937.71,1200,5646.19,2708.48,47.97,Bank Transfer,Delivered,3,Agent Network,2.8,0,0
JO-2023-12473,2023-08-13,09:54:00,August,Q3,Sunday,JMC000657,Lagos,Surulere,Groceries,Honey Natural 500g,Dangote,2,23296.61,50,11648.31,10009.39,0,23296.62,3277.84,14.07,Jumia Pay Wallet,Delivered,8,Website Desktop,2.9,0,0
JO-2023-12865,2023-08-13,12:18:00,August,Q3,Sunday,JMC001328,Enugu,Udi,Home & Kitchen,Dish Rack,Scanfrost,1,74037.7,30,51826.39,39844.13,0,51826.39,11982.26,23.12,Bank Transfer,Delivered,2,Website Desktop,3.7,0,0
JO-2023-12978,2023-08-13,14:03:00,August,Q3,Sunday,JMC001153,Abuja,Asokoro,Sports & Outdoor,Dumbbell 5kg pair,Wilson,1,77295.53,0,77295.53,56348.44,0,77295.53,20947.09,27.1,Bank Transfer,Shipped,6,Agent Network,,0,0
JO-2023-10711,2023-08-14,07:53:00,August,Q3,Monday,JMC001498,Lagos,Ikeja,Fashion,Women's Heels,Zara,1,47931.79,30,33552.25,17353.22,0,33552.25,16199.03,48.28,Bank Transfer,Delivered,4,Website Desktop,3.5,0,0
JO-2023-10745,2023-08-14,18:55:00,August,Q3,Monday,JMC001265,Cross River,Ogoja,Fashion,Women's Heels,Ankara Palace,2,19473.84,0,19473.84,10535.35,0,38947.68,17876.98,45.9,Card Payment,Processing,8,Mobile App,,0,0
JO-2023-11292,2023-08-14,19:59:00,August,Q3,Monday,JMC001558,Delta,Uvwie,Fashion,Leather Belt,H&M,4,26183.79,50,13091.9,8563.41,0,52367.6,18113.96,34.59,Card Payment,Processing,1,Website Desktop,,0,0
JO-2023-12253,2023-08-14,09:50:00,August,Q3,Monday,JMC000985,Delta,Oshimili,Electronics,Wireless Earbuds,Infinix,1,115931.12,0,115931.12,98321.18,0,115931.12,17609.94,15.19,Card Payment,Delivered,3,Website Desktop,,0,0
JO-2023-12668,2023-08-14,11:56:00,August,Q3,Monday,JMC000893,Rivers,Eleme,Fashion,Women's Ankara Gown,Zara,2,61728.18,0,61728.18,32864.08,0,123456.36,57728.2,46.76,Bank Transfer,Delivered,3,Mobile App,3.3,0,0
JO-2023-12684,2023-08-14,14:37:00,August,Q3,Monday,JMC000729,Oyo,Ogbomoso,Fashion,Men's Jeans,Nike,1,14210.63,20,11368.5,7623.72,0,11368.5,3744.78,32.94,Card Payment,Shipped,6,Mobile App,,0,0
JO-2023-10681,2023-08-15,19:08:00,August,Q3,Tuesday,JMC000517,Lagos,Ikeja,Groceries,Tin Tomato Carton,Nestle,2,6015.36,0,6015.36,5296.52,0,12030.72,1437.68,11.95,Jumia Pay Wallet,Shipped,1,WhatsApp Store,,0,0
JO-2023-10783,2023-08-15,12:49:00,August,Q3,Tuesday,JMC000101,Ondo,Ikare,Computing,Wireless Mouse,Acer,2,550835.53,0,550835.53,429706.8,0,1101671.06,242257.46,21.99,Card Payment,Delivered,7,Website Desktop,4.0,0,0
JO-2023-11614,2023-08-15,07:13:00,August,Q3,Tuesday,JMC001053,Ogun,Ilaro,Computing,Laptop 15.6inch i5,Dell,2,274209.02,0,274209.02,237931.17,0,548418.04,72555.7,13.23,Jumia Pay Wallet,Delivered,6,Website Desktop,3.6,0,0
JO-2023-11876,2023-08-15,14:26:00,August,Q3,Tuesday,JMC001127,Rivers,Port Harcourt,Home & Kitchen,Storage Containers,Nexus,3,90119.87,10,81107.88,55859.0,0,243323.64,75746.64,31.13,Card Payment,Cancelled,4,Mobile App,,0,0
JO-2023-12001,2023-08-15,12:23:00,August,Q3,Tuesday,JMC001086,Rivers,Obio-Akpor,Fashion,Wristwatch Classic,Nike,2,38596.39,0,38596.39,23898.88,0,77192.78,29395.02,38.08,Jumia Pay Wallet,Delivered,7,Mobile App,4.1,0,0
JO-2023-12617,2023-08-15,21:24:00,August,Q3,Tuesday,JMC000699,Rivers,Oyigbo,Electronics,Wireless Earbuds,Infinix,1,228457.97,0,228457.97,198118.75,0,228457.97,30339.22,13.28,Bank Transfer,Shipped,2,Mobile App,,0,0
JO-2023-12654,2023-08-15,20:41:00,August,Q3,Tuesday,JMC001260,Lagos,Surulere,Home & Kitchen,Cutlery Set 24pcs,Bosch,2,54804.72,10,49324.25,36115.22,0,98648.5,26418.06,26.78,USSD Payment,Delivered,1,Mobile App,4.3,0,0
JO-2023-10192,2023-08-16,22:15:00,August,Q3,Wednesday,JMC001137,Lagos,Lekki,Home & Kitchen,Iron Box Steam,Philips,4,110977.74,0,110977.74,80436.67,0,443910.96,122164.28,27.52,Bank Transfer,Cancelled,1,Mobile App,,0,0
JO-2023-10700,2023-08-16,16:19:00,August,Q3,Wednesday,JMC000534,Kwara,Patigi,Sports & Outdoor,Running Shoes,Puma,3,70775.63,25,53081.72,41048.09,0,159245.16,36100.89,22.67,Card Payment,Delivered,2,Website Desktop,3.3,0,0
JO-2023-11326,2023-08-16,12:39:00,August,Q3,Wednesday,JMC000298,Rivers,Eleme,Beauty & Health,Body Scrub,Black Seed,3,20453.83,30,14317.68,8709.44,0,42953.04,16824.72,39.17,Jumia Pay Wallet,Delivered,1,Mobile App,2.6,0,0
JO-2023-11457,2023-08-16,11:46:00,August,Q3,Wednesday,JMC000941,Kaduna,Zaria,Fashion,Men's Jeans,Ankara Palace,1,4031.78,15,3427.01,2258.4,700,3427.01,1168.61,34.1,Bank Transfer,Cancelled,5,Mobile App,,0,0
JO-2023-11633,2023-08-16,22:52:00,August,Q3,Wednesday,JMC000742,Rivers,Oyigbo,Computing,Laptop Stand Aluminium,HP,1,717739.61,0,717739.61,560267.54,0,717739.61,157472.07,21.94,USSD Payment,Cancelled,3,Mobile App,,0,0
JO-2023-12085,2023-08-16,12:27:00,August,Q3,Wednesday,JMC001158,Imo,Okigwe,Electronics,Electric Kettle,Infinix,1,262614.27,50,131307.14,99425.77,0,131307.14,31881.37,24.28,Card Payment,Delivered,7,Agent Network,4.6,0,0
JO-2023-12183,2023-08-16,07:48:00,August,Q3,Wednesday,JMC000022,Abuja,Maitama,Electronics,Smart Watch,Sony,2,433290.39,15,368296.83,265910.31,0,736593.66,204773.04,27.8,Jumia Pay Wallet,Delivered,6,Website Desktop,4.7,0,0
JO-2023-12212,2023-08-16,20:21:00,August,Q3,Wednesday,JMC001103,Enugu,Enugu North,Home & Kitchen,Dish Rack,Bosch,2,11786.21,30,8250.35,6299.14,0,16500.7,3902.42,23.65,Cash on Delivery,Delivered,6,Mobile App,3.8,0,0
JO-2023-11054,2023-08-17,14:43:00,August,Q3,Thursday,JMC000476,Kaduna,Kaduna North,Groceries,Tomato Paste 400g,Cadbury,2,15634.44,25,11725.83,10161.6,0,23451.66,3128.46,13.34,Card Payment,Shipped,5,Mobile App,,0,0
JO-2023-11169,2023-08-17,13:09:00,August,Q3,Thursday,JMC000927,Edo,Orhionmwon,Fashion,Wristwatch Classic,Ankara Palace,1,28241.1,15,24004.93,14544.59,0,24004.93,9460.34,39.41,Jumia Pay Wallet,Delivered,1,WhatsApp Store,2.7,0,0
JO-2023-11997,2023-08-17,13:13:00,August,Q3,Thursday,JMC001446,Kano,Kano City,Groceries,Rice 5kg Bag,Nestle,5,16171.83,0,16171.83,14135.8,0,80859.15,10180.15,12.59,Cash on Delivery,Shipped,1,Mobile App,,0,0
JO-2023-12325,2023-08-17,19:14:00,August,Q3,Thursday,JMC000069,Kwara,Omu-Aran,Sports & Outdoor,Running Shoes,Wilson,1,63068.42,0,63068.42,40389.02,0,63068.42,22679.4,35.96,Card Payment,Delivered,1,Mobile App,5.0,0,0
JO-2023-12868,2023-08-17,18:39:00,August,Q3,Thursday,JMC000259,Kaduna,Kaduna South,Electronics,Extension Socket,HP,1,314824.67,0,314824.67,254000.54,0,314824.67,60824.13,19.32,Card Payment,Shipped,7,WhatsApp Store,,0,0
JO-2023-10893,2023-08-18,13:58:00,August,Q3,Friday,JMC000416,Lagos,Lekki,Electronics,Power Bank 20000mAh,JBL,2,335772.38,20,268617.9,228862.45,0,537235.8,79510.9,14.8,Bank Transfer,Shipped,8,Agent Network,,0,0
JO-2023-11220,2023-08-18,10:26:00,August,Q3,Friday,JMC000602,Lagos,Victoria Island,Computing,Monitor 24inch,Acer,1,728264.26,25,546198.2,472352.2,0,546198.2,73846.0,13.52,Card Payment,Delivered,7,Mobile App,2.9,0,0
JO-2023-11352,2023-08-18,16:34:00,August,Q3,Friday,JMC001047,Enugu,Enugu South,Beauty & Health,Sunscreen SPF50,Neutrogena,1,25203.0,0,25203.0,15497.32,0,25203.0,9705.68,38.51,Bank Transfer,Delivered,3,Mobile App,4.6,0,0
JO-2023-12435,2023-08-18,11:37:00,August,Q3,Friday,JMC000515,Benue,Katsina-Ala,Electronics,Desk Fan,Apple,1,114400.16,0,114400.16,94780.53,0,114400.16,19619.63,17.15,Bank Transfer,Delivered,8,Agent Network,2.6,0,0
JO-2023-12811,2023-08-18,11:03:00,August,Q3,Friday,JMC000255,Kano,Nassarawa,Computing,Wireless Mouse,HP,1,697249.51,0,697249.51,588478.59,0,697249.51,108770.92,15.6,Card Payment,Returned,8,Mobile App,,1,0
JO-2023-12833,2023-08-18,19:51:00,August,Q3,Friday,JMC001238,Abuja,Asokoro,Electronics,Power Bank 20000mAh,Sony,2,115418.09,,115418.09,94573.58,0,230836.18,41689.02,18.06,Card Payment,Delivered,4,USSD,4.8,0,0
JO-2023-12946,2023-08-18,17:40:00,August,Q3,Friday,JMC000356,Abuja,Maitama,Electronics,Power Bank 20000mAh,Apple,2,438750.14,0,438750.14,354992.74,0,877500.28,167514.8,19.09,Card Payment,Delivered,6,Website Desktop,3.3,0,0
JO-2023-10155,2023-08-19,22:15:00,August,Q3,Saturday,JMC000311,Lagos,Victoria Island,Groceries,Honey Natural 500g,PZ Cussons,2,2663.02,0,2663.02,2291.26,1500,5326.04,743.52,13.96,Bank Transfer,Delivered,1,Mobile App,4.1,0,0
JO-2023-10566,2023-08-19,20:57:00,August,Q3,Saturday,JMC000554,Kano,Tarauni,Electronics,Smart Watch,Infinix,2,252036.32,0,252036.32,197470.46,0,504072.64,109131.72,21.65,Card Payment,Cancelled,7,Mobile App,,0,0
JO-2023-10611,2023-08-19,23:16:00,August,Q3,Saturday,JMC000639,Rivers,Oyigbo,Home & Kitchen,Blender 1.5L,Binatone,3,27170.06,0,27170.06,20893.78,0,81510.18,18828.84,23.1,Card Payment,Delivered,3,Mobile App,4.0,0,0
JO-2023-10907,2023-08-19,20:18:00,August,Q3,Saturday,JMC000175,Edo,Orhionmwon,Fashion,Women's Ankara Gown,Zara,1,20493.32,0,20493.32,9256.83,0,20493.32,11236.49,54.83,Bank Transfer,Delivered,5,Website Desktop,4.3,0,0
JO-2023-11369,2023-08-19,14:22:00,August,Q3,Saturday,JMC000333,Lagos,Yaba,Home & Kitchen,Storage Containers,Nasco,1,87957.95,0,87957.95,53592.78,0,87957.95,34365.17,39.07,Card Payment,Delivered,1,Mobile App,4.0,0,0
JO-2023-11775,2023-08-19,23:58:00,August,Q3,Saturday,JMC000689,Lagos,Victoria Island,Home & Kitchen,Storage Containers,Bosch,1,27666.91,0,27666.91,18368.06,0,27666.91,9298.85,33.61,Card Payment,Processing,4,WhatsApp Store,,0,0
JO-2023-12240,2023-08-19,08:14:00,August,Q3,Saturday,JMC000559,Rivers,Port Harcourt,Home & Kitchen,Non-stick Frying Pan,Scanfrost,3,39153.98,0,39153.98,29373.32,0,117461.94,29341.98,24.98,Jumia Pay Wallet,Delivered,8,Website Desktop,4.0,0,0
JO-2023-12244,2023-08-19,13:33:00,August,Q3,Saturday,JMC000421,Lagos,Lekki,Fashion,Sneakers Size 42,Zara,4,5401.16,0,5401.16,3761.91,0,21604.64,6557.0,30.35,Bank Transfer,Processing,3,USSD,,0,0
JO-2023-12771,2023-08-19,22:00:00,August,Q3,Saturday,JMC000301,Abuja,Wuse,Beauty & Health,Manicure Kit,L'Oreal,1,7548.91,0,7548.91,3828.81,1000,7548.91,3720.1,49.28,Jumia Pay Wallet,Delivered,4,Mobile App,3.0,0,0
JO-2023-12791,2023-08-19,22:52:00,August,Q3,Saturday,JMC001031,Abuja,Kubwa,Sports & Outdoor,Resistance Bands Set,Spalding,1,26520.88,0,26520.88,17331.4,0,26520.88,9189.48,34.65,Card Payment,Delivered,8,Website Desktop,2.8,0,0
JO-2023-10633,2023-08-20,19:16:00,August,Q3,Sunday,JMC001333,Niger,Suleja,Sports & Outdoor,Tennis Racket,Decathlon,2,91295.69,25,68471.77,40199.78,0,136943.54,56543.98,41.29,Bank Transfer,Cancelled,8,Mobile App,,0,0
JO-2023-11233,2023-08-20,20:44:00,August,Q3,Sunday,JMC000502,Lagos,Agege,Home & Kitchen,Air Fryer 4L,Nexus,1,73681.37,0,73681.37,47428.7,0,73681.37,26252.67,35.63,Card Payment,Delivered,2,Agent Network,2.8,0,0
JO-2023-11557,2023-08-20,16:20:00,August,Q3,Sunday,JMC001265,Lagos,Ikorodu,Books & Education,Mathematics Textbook,Pearson,1,3573.37,40,2144.02,1235.6,1000,2144.02,908.42,42.37,Cash on Delivery,Delivered,7,Mobile App,3.4,0,0
JO-2023-11607,2023-08-20,08:19:00,August,Q3,Sunday,JMC001273,Anambra,Nnewi,Fashion,Wristwatch Classic,Adidas,3,61937.07,0,61937.07,35997.83,0,185811.21,77817.72,41.88,Cash on Delivery,Delivered,7,Mobile App,3.5,0,0
JO-2023-11719,2023-08-20,15:22:00,August,Q3,Sunday,JMC001450,Abuja,Wuse,Books & Education,Children Storybook,Farafina,1,10018.4,0,10018.4,6228.44,0,10018.4,3789.96,37.83,Cash on Delivery,Shipped,3,Website Desktop,,0,0
JO-2023-12100,2023-08-20,08:05:00,August,Q3,Sunday,JMC000940,Rivers,Port Harcourt,Sports & Outdoor,Tennis Racket,Puma,1,28862.7,10,25976.43,16791.16,0,25976.43,9185.27,35.36,Bank Transfer,Delivered,7,Mobile App,4.8,0,0
JO-2023-12118,2023-08-20,12:19:00,August,Q3,Sunday,JMC000184,Kwara,Patigi,Beauty & Health,Sunscreen SPF50,Neutrogena,2,11405.61,0,11405.61,6443.03,0,22811.22,9925.16,43.51,Bank Transfer,Shipped,7,Mobile App,,0,0
JO-2023-12534,2023-08-20,08:15:00,August,Q3,Sunday,JMC001249,Niger,Bida,Fashion,Sunglasses UV400,Ankara Palace,2,35233.67,50,17616.83,10055.69,0,35233.66,15122.28,42.92,Jumia Pay Wallet,Delivered,1,Mobile App,,0,0
JO-2023-12540,2023-08-20,07:43:00,August,Q3,Sunday,JMC000972,Lagos,Lagos Island,Computing,Printer Ink Cartridge,Dell,1,711442.04,,711442.04,602662.55,0,711442.04,108779.49,15.29,Card Payment,Delivered,4,Website Desktop,2.9,0,0
JO-2023-10701,2023-08-21,19:34:00,August,Q3,Monday,JMC000963,Delta,Uvwie,Beauty & Health,Perfume Floral 100ml,L'Oreal,1,26608.67,30,18626.07,10108.37,0,18626.07,8517.7,45.73,Jumia Pay Wallet,Shipped,3,Website Desktop,,0,0
JO-2023-10945,2023-08-21,19:03:00,August,Q3,Monday,JMC000639,Abuja,Garki,Fashion,Leather Belt,Zara,1,10854.12,0,10854.12,5092.75,0,10854.12,5761.37,53.08,Cash on Delivery,Processing,2,Website Desktop,,0,0
JO-2023-11004,2023-08-21,21:38:00,August,Q3,Monday,JMC001122,Abuja,Asokoro,Beauty & Health,Vitamin C Serum,Olay,1,27614.03,25,20710.52,10096.38,0,20710.52,10614.14,51.25,Jumia Pay Wallet,Processing,4,Agent Network,,0,0
JO-2023-11141,2023-08-21,16:07:00,August,Q3,Monday,JMC000896,Ondo,Akure,Groceries,Rice 5kg Bag,Unilever,1,23587.14,0,23587.14,20558.55,0,23587.14,3028.59,12.84,Card Payment,Processing,7,WhatsApp Store,,0,0
JO-2023-11513,2023-08-21,23:41:00,August,Q3,Monday,JMC000420,Ondo,Ondo City,Electronics,Wireless Earbuds,Sony,4,285482.56,0,285482.56,205804.38,0,1141930.24,318712.72,27.91,Bank Transfer,Delivered,2,Mobile App,4.3,0,0
JO-2023-11516,2023-08-21,09:40:00,August,Q3,Monday,JMC001473,Kano,Nassarawa,Electronics,Smart TV 43inch,Samsung,1,165438.01,0,165438.01,129355.98,0,165438.01,36082.03,21.81,Card Payment,Delivered,2,Mobile App,3.0,0,0
JO-2023-11706,2023-08-21,07:53:00,August,Q3,Monday,JMC000382,Rivers,Oyigbo,Groceries,Rice 5kg Bag,Dangote,2,4178.29,0,4178.29,3679.82,1000,8356.58,996.94,11.93,Card Payment,Delivered,2,WhatsApp Store,3.5,0,0
JO-2023-12314,2023-08-21,11:27:00,August,Q3,Monday,JMC000021,Kwara,Ilorin,Home & Kitchen,Air Fryer 4L,Philips,3,73402.62,0,73402.62,51991.08,0,220207.86,64234.62,29.17,Card Payment,Delivered,2,Mobile App,3.7,0,0
JO-2023-12381,2023-08-21,16:30:00,August,Q3,Monday,JMC000464,Lagos,Surulere,Sports & Outdoor,Yoga Mat 6mm,Spalding,2,27623.1,0,27623.1,20764.28,0,55246.2,13717.64,24.83,Card Payment,Delivered,7,Website Desktop,4.3,0,0
JO-2023-12626,2023-08-21,10:14:00,August,Q3,Monday,JMC001337,Delta,Warri,Fashion,Leather Belt,Nike,1,65561.48,25,49171.11,24044.67,0,49171.11,25126.44,51.1,Bank Transfer,Processing,7,Website Desktop,,0,0
JO-2023-12915,2023-08-21,10:36:00,August,Q3,Monday,JMC000149,Kaduna,Chikun,Computing,Printer Ink Cartridge,MacBook,1,706797.24,10,636117.52,535229.28,0,636117.52,100888.24,15.86,Card Payment,Shipped,5,Website Desktop,,0,0
JO-2023-12933,2023-08-21,11:57:00,August,Q3,Monday,JMC000653,Delta,Uvwie,Fashion,Men's Jeans,H&M,2,43689.32,,43689.32,26222.33,0,87378.64,34933.98,39.98,Bank Transfer,Processing,3,WhatsApp Store,,0,0
JO-2023-10184,2023-08-22,20:59:00,August,Q3,Tuesday,JMC001329,Lagos,Ikeja,Groceries,Rice 5kg Bag,Dangote,3,16852.04,40,10111.22,9246.71,0,30333.66,2593.53,8.55,Jumia Pay Wallet,Delivered,5,Mobile App,3.3,0,0
JO-2023-11127,2023-08-22,07:13:00,August,Q3,Tuesday,JMC001181,Rivers,Eleme,Fashion,Wristwatch Classic,Lagos Styles,1,43070.79,50,21535.4,12708.04,0,21535.4,8827.36,40.99,Card Payment,Delivered,8,Agent Network,4.7,0,0
JO-2023-11261,2023-08-22,21:58:00,August,Q3,Tuesday,JMC000260,Lagos,Ikeja,Electronics,Smart Watch,Apple,3,433588.01,0,433588.01,348387.97,0,1300764.03,255600.12,19.65,Jumia Pay Wallet,Delivered,1,Mobile App,4.5,0,0
JO-2023-11832,2023-08-22,18:22:00,August,Q3,Tuesday,JMC001019,Anambra,Anambra East,Electronics,Bluetooth Speaker,Infinix,2,274995.93,0,274995.93,211334.37,0,549991.86,127323.12,23.15,Card Payment,Delivered,4,Mobile App,2.5,0,0
JO-2023-11892,2023-08-22,12:03:00,August,Q3,Tuesday,JMC001491,Lagos,Lagos Island,Beauty & Health,Sunscreen SPF50,Olay,2,31975.04,0,31975.04,20205.03,0,63950.08,23540.02,36.81,Card Payment,Returned,2,Website Desktop,,1,0
JO-2023-12010,2023-08-22,19:15:00,August,Q3,Tuesday,JMC000920,Enugu,Enugu South,Home & Kitchen,Blender 1.5L,Binatone,2,142981.01,0,142981.01,88762.61,0,285962.02,108436.8,37.92,USSD Payment,Delivered,7,Website Desktop,2.7,0,0
JO-2023-12305,2023-08-22,17:08:00,August,Q3,Tuesday,JMC000930,Delta,Oshimili,Sports & Outdoor,Yoga Mat 6mm,Puma,1,85347.32,0,85347.32,57225.38,0,85347.32,28121.94,32.95,Bank Transfer,Delivered,1,Agent Network,3.5,0,0
JO-2023-12678,2023-08-22,20:37:00,August,Q3,Tuesday,JMC000968,Lagos,Agege,Electronics,Smart Watch,Lenovo,2,240423.28,15,204359.79,151471.48,0,408719.58,105776.62,25.88,Cash on Delivery,Delivered,1,Website Desktop,4.9,0,0
JO-2023-10166,2023-08-23,08:20:00,August,Q3,Wednesday,JMC000015,Nasarawa,Akwanga,Electronics,Extension Socket,Samsung,2,448978.97,25,336734.23,283294.51,0,673468.46,106879.44,15.87,USSD Payment,Delivered,1,Website Desktop,4.5,0,0
JO-2023-10205,2023-08-23,14:48:00,August,Q3,Wednesday,JMC000069,Rivers,Eleme,Sports & Outdoor,Football Size 5,Wilson,1,69365.5,25,52024.12,33108.15,0,52024.12,18915.97,36.36,Cash on Delivery,Delivered,8,Mobile App,3.3,0,0
JO-2023-10327,2023-08-23,21:50:00,August,Q3,Wednesday,JMC000260,Kwara,Omu-Aran,Computing,External SSD 1TB,HP,1,447832.83,0,447832.83,369775.57,0,447832.83,78057.26,17.43,USSD Payment,Delivered,4,Website Desktop,4.6,0,0
JO-2023-11083,2023-08-23,14:28:00,August,Q3,Wednesday,JMC000826,Bauchi,Azare,Beauty & Health,Face Mask Set,Neutrogena,1,3831.5,0,3831.5,2210.78,1000,3831.5,1620.72,42.3,Bank Transfer,Delivered,7,Mobile App,3.1,0,0
JO-2023-12041,2023-08-23,08:30:00,August,Q3,Wednesday,JMC001178,Kwara,Offa,Groceries,Rice 5kg Bag,Unilever,4,914.13,50,457.06,403.22,1500,1828.24,215.36,11.78,Card Payment,Delivered,1,WhatsApp Store,4.3,0,0
JO-2023-12292,2023-08-23,19:04:00,August,Q3,Wednesday,JMC001573,Lagos,Surulere,Beauty & Health,Face Mask Set,Nivea,1,7906.9,0,7906.9,3600.8,700,7906.9,4306.1,54.46,Bank Transfer,Delivered,5,Agent Network,4.3,0,0
JO-2023-12657,2023-08-23,15:43:00,August,Q3,Wednesday,JMC000250,Oyo,Oyo,Electronics,Smart Watch,Lenovo,1,366611.91,0,366611.91,296882.32,0,366611.91,69729.59,19.02,Bank Transfer,Delivered,5,Mobile App,3.1,0,0
JO-2023-12676,2023-08-23,14:41:00,August,Q3,Wednesday,JMC001102,Abuja,Kubwa,Beauty & Health,Perfume Floral 100ml,L'Oreal,2,6499.34,0,6499.34,3088.49,0,12998.68,6821.7,52.48,Bank Transfer,Delivered,6,USSD,3.4,0,0
JO-2023-10274,2023-08-24,22:21:00,August,Q3,Thursday,JMC001028,Niger,Bida,Groceries,Groundnut Oil 5L,Nestle,1,2488.12,0,2488.12,2170.14,700,2488.12,317.98,12.78,Bank Transfer,Delivered,3,WhatsApp Store,4.5,0,0
JO-2023-10312,2023-08-24,23:33:00,August,Q3,Thursday,JMC000282,Lagos,Yaba,Computing,Printer Ink Cartridge,Acer,1,86818.45,0,86818.45,77416.01,0,86818.45,9402.44,10.83,Card Payment,Delivered,5,Mobile App,3.7,0,0
JO-2023-10532,2023-08-24,08:52:00,August,Q3,Thursday,JMC000125,Lagos,Ikorodu,Home & Kitchen,Kitchen Towel Set,Bosch,1,168211.84,0,168211.84,114451.34,0,168211.84,53760.5,31.96,Bank Transfer,Processing,1,USSD,,0,0
JO-2023-10708,2023-08-24,16:20:00,August,Q3,Thursday,JMC000881,Lagos,Ikorodu,Beauty & Health,Manicure Kit,Neutrogena,1,9849.47,0,9849.47,6388.37,1000,9849.47,3461.1,35.14,Card Payment,Shipped,7,Mobile App,,0,0
JO-2023-11122,2023-08-24,09:16:00,August,Q3,Thursday,JMC000323,Lagos,Victoria Island,Fashion,Leather Belt,Ankara Palace,2,69540.79,0,69540.79,46105.54,0,139081.58,46870.5,33.7,Cash on Delivery,Delivered,3,Website Desktop,4.9,0,0
JO-2023-11499,2023-08-24,17:24:00,August,Q3,Thursday,JMC001418,Edo,Ikpoba-Okha,Computing,USB Hub 7-Port,Acer,4,193079.77,0,193079.77,154154.89,0,772319.08,155699.52,20.16,Card Payment,Cancelled,6,Mobile App,,0,0
JO-2023-11748,2023-08-24,12:15:00,August,Q3,Thursday,JMC001387,Abuja,Maitama,Beauty & Health,Vitamin C Serum,Dove,1,31949.74,5,30352.25,13928.65,0,30352.25,16423.6,54.11,Card Payment,Cancelled,6,Mobile App,,0,0
JO-2023-12304,2023-08-24,21:06:00,August,Q3,Thursday,JMC001505,Nasarawa,Akwanga,Home & Kitchen,Non-stick Frying Pan,Philips,3,41752.13,0,41752.13,29648.19,,125256.39,36311.82,28.99,Card Payment,Delivered,8,Mobile App,2.8,0,0
JO-2023-12572,2023-08-24,20:06:00,August,Q3,Thursday,JMC000829,Plateau,Jos,Books & Education,Children Storybook,Pearson,1,13817.69,0,13817.69,8354.18,0,13817.69,5463.51,39.54,Jumia Pay Wallet,Delivered,1,Mobile App,4.3,0,0
JO-2023-12573,2023-08-24,18:01:00,August,Q3,Thursday,JMC001090,Imo,Okigwe,Fashion,Sneakers Size 42,Nike,2,65576.84,0,65576.84,37405.03,0,131153.68,56343.62,42.96,Card Payment,Delivered,2,Agent Network,3.9,0,0
JO-2023-12681,2023-08-24,07:58:00,August,Q3,Thursday,JMC001400,Rivers,Oyigbo,Electronics,Extension Socket,Apple,1,120825.24,50,60412.62,48759.03,0,60412.62,11653.59,19.29,Bank Transfer,Delivered,7,Mobile App,3.3,0,0
JO-2023-10115,2023-08-25,19:53:00,August,Q3,Friday,JMC001433,Lagos,Ikorodu,Fashion,Men's Polo Shirt,Zara,1,26875.95,25,20156.96,13541.45,0,20156.96,6615.51,32.82,Bank Transfer,Delivered,6,Mobile App,3.9,0,0
JO-2023-10214,2023-08-25,19:19:00,August,Q3,Friday,JMC000775,Abuja,Kubwa,Groceries,Noodles Instant 70g,PZ Cussons,3,8167.57,0,8167.57,6910.58,0,24502.71,3770.97,15.39,Card Payment,Delivered,6,Website Desktop,4.6,0,0
JO-2023-10846,2023-08-25,17:29:00,August,Q3,Friday,JMC000572,Ondo,Akure,Electronics,Electric Kettle,Tecno,1,64703.01,0,64703.01,53645.27,0,64703.01,11057.74,17.09,Jumia Pay Wallet,Delivered,5,Website Desktop,4.7,0,0
JO-2023-11802,2023-08-25,09:30:00,August,Q3,Friday,JMC000659,Lagos,Agege,Electronics,Table Lamp LED,JBL,1,404573.5,5,384344.82,327384.92,0,384344.82,56959.9,14.82,Bank Transfer,Delivered,1,Mobile App,,0,0
JO-2023-11940,2023-08-25,11:47:00,August,Q3,Friday,JMC000342,Rivers,Oyigbo,Fashion,Handbag Brown,Nike,1,9363.98,0,9363.98,6357.21,1500,9363.98,3006.77,32.11,Bank Transfer,Delivered,8,Website Desktop,3.9,0,0
JO-2023-12149,2023-08-25,14:07:00,August,Q3,Friday,JMC000890,Enugu,Nkanu,Computing,Laptop Stand Aluminium,Acer,2,646943.07,0,646943.07,581666.51,0,1293886.14,130553.12,10.09,Card Payment,Delivered,2,Website Desktop,4.2,0,0
JO-2023-10081,2023-08-26,09:09:00,August,Q3,Saturday,JMC000594,Abuja,Asokoro,Beauty & Health,Vitamin C Serum,L'Oreal,2,7798.82,0,7798.82,3925.15,0,15597.64,7747.34,49.67,Jumia Pay Wallet,Delivered,4,Mobile App,4.9,0,0
JO-2023-10349,2023-08-26,09:14:00,August,Q3,Saturday,JMC000922,Lagos,Ikeja,Electronics,Electric Kettle,Tecno,1,400493.12,0,400493.12,323197.95,,400493.12,77295.17,19.3,Card Payment,Shipped,7,Mobile App,,0,0
JO-2023-11069,2023-08-26,22:09:00,August,Q3,Saturday,JMC000080,Anambra,Onitsha,Computing,Mechanical Keyboard,Asus,1,581787.0,0,581787.0,482592.32,0,581787.0,99194.68,17.05,Jumia Pay Wallet,Delivered,8,Website Desktop,4.6,0,0
JO-2023-11093,2023-08-26,17:02:00,August,Q3,Saturday,JMC000914,Abuja,Gwarinpa,Fashion,Sneakers Size 42,Zara,1,50212.74,0,50212.74,34385.68,0,50212.74,15827.06,31.52,Jumia Pay Wallet,Shipped,7,Website Desktop,,0,0
JO-2023-11190,2023-08-26,22:09:00,August,Q3,Saturday,JMC001155,Rivers,Eleme,Groceries,Rice 5kg Bag,,1,7310.24,0,7310.24,6707.88,1000,7310.24,602.36,8.24,Bank Transfer,Delivered,1,Mobile App,3.7,0,0
JO-2023-11262,2023-08-26,17:33:00,August,Q3,Saturday,JMC001169,Rivers,Oyigbo,Home & Kitchen,Iron Box Steam,Nasco,1,64837.44,50,32418.72,24307.56,0,32418.72,8111.16,25.02,Bank Transfer,Cancelled,3,Mobile App,,0,0
JO-2023-11752,2023-08-26,20:04:00,August,Q3,Saturday,JMC000239,Rivers,Oyigbo,Computing,Laptop Bag 15inch,HP,1,548474.52,0,548474.52,458963.48,0,548474.52,89511.04,16.32,USSD Payment,Delivered,4,Mobile App,4.7,0,0
JO-2023-11991,2023-08-26,16:16:00,August,Q3,Saturday,JMC000128,Oyo,Ibadan South,Electronics,Wireless Earbuds,Tecno,1,229145.5,0,229145.5,193994.58,0,229145.5,35150.92,15.34,Bank Transfer,Delivered,4,Website Desktop,3.7,0,0
JO-2023-12052,2023-08-26,14:17:00,August,Q3,Saturday,JMC001149,Bauchi,Misau,Books & Education,English Grammar,Farafina,4,15663.49,0,15663.49,10436.58,0,62653.96,20907.64,33.37,Card Payment,Processing,7,Mobile App,,0,0
JO-2023-12098,2023-08-26,14:16:00,August,Q3,Saturday,JMC001134,Kano,Kano City,Groceries,Milk Tin 400g,Unilever,2,18854.59,40,11312.75,10402.07,,22625.5,1821.36,8.05,Bank Transfer,Shipped,5,Mobile App,,0,0
JO-2023-12905,2023-08-26,21:13:00,August,Q3,Saturday,JMC000895,Oyo,Ogbomoso,Sports & Outdoor,Swimming Goggles,Decathlon,1,20319.57,0,20319.57,12449.8,0,20319.57,7869.77,38.73,Card Payment,Delivered,5,USSD,4.3,0,0
JO-2023-10385,2023-08-27,19:57:00,August,Q3,Sunday,JMC000664,Oyo,Oyo,Beauty & Health,Manicure Kit,,1,19213.99,0,19213.99,11728.22,0,19213.99,7485.77,38.96,Jumia Pay Wallet,Processing,6,Website Desktop,,0,0
JO-2023-10510,2023-08-27,10:21:00,August,Q3,Sunday,JMC000941,Imo,Okigwe,Groceries,Honey Natural 500g,Nestle,1,12390.72,40,7434.43,6546.02,1000,7434.43,888.41,11.95,Card Payment,Delivered,3,Mobile App,5.0,0,0
JO-2023-11845,2023-08-27,10:54:00,August,Q3,Sunday,JMC001258,Nasarawa,Lafia,Sports & Outdoor,Tennis Racket,Wilson,3,72009.9,0,72009.9,55490.83,0,216029.7,49557.21,22.94,Bank Transfer,Delivered,7,Website Desktop,3.7,0,0
JO-2023-12179,2023-08-27,09:13:00,August,Q3,Sunday,JMC000772,Kano,Tarauni,Electronics,Desk Fan,Lenovo,1,81976.88,0,81976.88,65425.75,0,81976.88,16551.13,20.19,Card Payment,Delivered,2,Mobile App,4.2,0,0
JO-2023-12360,2023-08-27,12:48:00,August,Q3,Sunday,JMC001061,Kano,Tarauni,Sports & Outdoor,Basketball Outdoor,Puma,2,32163.94,0,32163.94,22994.0,0,64327.88,18339.88,28.51,Bank Transfer,Cancelled,6,Website Desktop,,0,0
JO-2023-12618,2023-08-27,17:26:00,August,Q3,Sunday,JMC001310,Imo,Mbaitoli,Groceries,Honey Natural 500g,Nestle,1,22012.32,0,22012.32,18736.89,0,22012.32,3275.43,14.88,Bank Transfer,Returned,2,USSD,,1,0
JO-2023-12728,2023-08-27,11:26:00,August,Q3,Sunday,JMC001052,Lagos,Surulere,Groceries,Groundnut Oil 5L,Cadbury,4,19521.76,0,19521.76,17151.82,0,78087.04,9479.76,12.14,Card Payment,Delivered,6,Agent Network,,0,0
JO-2023-10459,2023-08-28,07:00:00,August,Q3,Monday,JMC001188,Ondo,Ondo City,Groceries,Milk Tin 400g,Cadbury,1,10886.23,15,9253.3,7956.91,2000,9253.3,1296.39,14.01,Card Payment,Processing,5,WhatsApp Store,,0,0
JO-2023-10953,2023-08-28,23:33:00,August,Q3,Monday,JMC000928,Lagos,Ikeja,Electronics,Extension Socket,JBL,2,185051.97,0,185051.97,152316.28,0,370103.94,65471.38,17.69,Cash on Delivery,Delivered,2,USSD,4.7,0,0
JO-2023-11036,2023-08-28,08:56:00,August,Q3,Monday,JMC000659,Abuja,Asokoro,Groceries,Noodles Instant 70g,PZ Cussons,5,15326.95,50,7663.48,6946.94,0,38317.4,3582.7,9.35,Cash on Delivery,Delivered,3,Mobile App,2.5,0,0
JO-2023-11305,2023-08-28,20:32:00,August,Q3,Monday,JMC000024,Imo,Owerri,Beauty & Health,Shampoo Anti-Dandruff,Neutrogena,2,15969.02,0,15969.02,7141.35,0,31938.04,17655.34,55.28,Card Payment,Processing,3,Mobile App,,0,0
JO-2023-11332,2023-08-28,22:05:00,August,Q3,Monday,JMC000511,Oyo,Oyo,Computing,Printer Ink Cartridge,HP,1,652881.25,15,554949.06,467156.12,0,554949.06,87792.94,15.82,Card Payment,Delivered,7,Mobile App,4.4,0,0
JO-2023-11478,2023-08-28,23:36:00,August,Q3,Monday,JMC000055,Lagos,Ikeja,Books & Education,Atlas of Nigeria,Amazon KDP,1,3575.03,0,3575.03,2601.19,2000,3575.03,973.84,27.24,Cash on Delivery,Delivered,1,WhatsApp Store,4.4,0,0
JO-2023-11542,2023-08-28,13:37:00,August,Q3,Monday,JMC000818,Lagos,Lagos Island,Computing,Laptop Stand Aluminium,HP,4,110387.62,0,110387.62,96578.13,0,441550.48,55237.96,12.51,Cash on Delivery,Delivered,2,Website Desktop,3.2,0,0
JO-2023-11548,2023-08-28,11:22:00,August,Q3,Monday,JMC001492,Lagos,Agege,Home & Kitchen,Iron Box Steam,Nasco,3,101501.47,0,101501.47,74004.72,0,304504.41,82490.25,27.09,Card Payment,Delivered,4,WhatsApp Store,2.5,0,0
JO-2023-12369,2023-08-28,11:53:00,August,Q3,Monday,JMC000420,Kano,Kano City,Sports & Outdoor,Swimming Goggles,Wilson,2,88312.59,0,88312.59,64512.35,0,176625.18,47600.48,26.95,Bank Transfer,Delivered,1,Mobile App,3.3,0,0
JO-2023-12438,2023-08-28,14:53:00,August,Q3,Monday,JMC000015,Delta,Uvwie,Electronics,Phone Charger USB-C,Sony,1,212480.15,0,212480.15,157299.06,0,212480.15,55181.09,25.97,Bank Transfer,Delivered,4,Website Desktop,2.8,0,0
JO-2023-12720,2023-08-28,17:53:00,August,Q3,Monday,JMC000983,Ondo,Ikare,Beauty & Health,Moisturising Lotion 400ml,Olay,1,27351.99,0,27351.99,12653.03,0,27351.99,14698.96,53.74,Bank Transfer,Delivered,5,Website Desktop,3.4,0,0
JO-2023-10077,2023-08-29,12:09:00,August,Q3,Tuesday,JMC000240,Abuja,Kubwa,Electronics,Desk Fan,JBL,4,176653.18,0,176653.18,133284.82,0,706612.72,173473.44,24.55,Card Payment,Delivered,6,WhatsApp Store,4.3,0,0
JO-2023-10473,2023-08-29,17:26:00,August,Q3,Tuesday,JMC001002,Oyo,Ogbomoso,Sports & Outdoor,Yoga Mat 6mm,Under Armour,2,38831.56,0,38831.56,27061.71,0,77663.12,23539.7,30.31,Bank Transfer,Delivered,2,Mobile App,3.7,0,0
JO-2023-10638,2023-08-29,07:55:00,August,Q3,Tuesday,JMC001251,Lagos,Victoria Island,Books & Education,WAEC Past Questions,Kachifo,3,4447.72,0,4447.72,2856.33,0,13343.16,4774.17,35.78,Card Payment,Delivered,2,Website Desktop,2.5,0,0
JO-2023-12009,2023-08-29,12:04:00,August,Q3,Tuesday,JMC000271,Lagos,Yaba,Fashion,Women's Heels,Lagos Styles,3,66540.4,30,46578.28,23056.25,0,139734.84,70566.09,50.5,Bank Transfer,Delivered,5,Website Desktop,2.6,0,0
JO-2023-12917,2023-08-29,11:41:00,August,Q3,Tuesday,JMC000217,Kano,Kano City,Computing,External SSD 1TB,Asus,4,836631.61,0,836631.61,742510.55,0,3346526.44,376484.24,11.25,Cash on Delivery,Delivered,6,Website Desktop,3.0,0,0
JO-2023-10411,2023-08-30,07:09:00,August,Q3,Wednesday,JMC000424,Kaduna,Kaduna South,Fashion,Baseball Cap,Ankara Palace,1,80451.66,0,80451.66,55302.47,0,80451.66,25149.19,31.26,Bank Transfer,Delivered,1,Mobile App,4.4,0,0
JO-2023-10496,2023-08-30,14:48:00,August,Q3,Wednesday,JMC001224,Cross River,Obanliku,Beauty & Health,Face Mask Set,Nivea,1,10604.28,20,8483.42,4695.57,1500,8483.42,3787.85,44.65,Bank Transfer,Returned,5,Mobile App,,1,0
JO-2023-11302,2023-08-30,20:20:00,August,Q3,Wednesday,JMC000848,Kano,Gwale,Sports & Outdoor,Swimming Goggles,Wilson,2,53200.33,0,53200.33,39102.24,0,106400.66,28196.18,26.5,Jumia Pay Wallet,Delivered,8,WhatsApp Store,4.4,0,0
JO-2023-11737,2023-08-30,20:02:00,August,Q3,Wednesday,JMC000623,Lagos,Agege,Groceries,Biscuits Assorted,Nestle,1,22296.38,0,22296.38,19915.13,0,22296.38,2381.25,10.68,Card Payment,Delivered,7,Website Desktop,2.8,0,0
JO-2023-11804,2023-08-30,20:48:00,August,Q3,Wednesday,JMC001471,Niger,Minna,Electronics,Power Bank 20000mAh,Apple,2,132714.72,0,132714.72,106317.76,0,265429.44,52793.92,19.89,Cash on Delivery,Delivered,6,Mobile App,4.1,0,0
JO-2023-12519,2023-08-30,16:03:00,August,Q3,Wednesday,JMC000732,Ogun,Abeokuta,Books & Education,Law Reports,Farafina,1,14750.63,,14750.63,10434.6,0,14750.63,4316.03,29.26,Bank Transfer,Delivered,5,Mobile App,4.6,0,0
JO-2023-12975,2023-08-30,11:50:00,August,Q3,Wednesday,JMC000001,Lagos,Lagos Island,Books & Education,Finance Fundamentals,Farafina,1,17981.73,0,17981.73,12031.58,0,17981.73,5950.15,33.09,Card Payment,Delivered,7,Website Desktop,4.1,0,0
JO-2023-10739,2023-08-31,20:19:00,August,Q3,Thursday,JMC000900,Rivers,Obio-Akpor,Electronics,Extension Socket,Samsung,5,10152.38,0,10152.38,8003.12,0,50761.9,10746.3,21.17,Bank Transfer,Delivered,1,Mobile App,4.7,0,0
JO-2023-10947,2023-08-31,21:22:00,August,Q3,Thursday,JMC000400,Delta,Uvwie,Groceries,Milk Tin 400g,Dangote,1,10295.18,0,10295.18,9286.25,0,10295.18,1008.93,9.8,USSD Payment,Cancelled,2,Mobile App,,0,0
JO-2023-11564,2023-08-31,18:08:00,August,Q3,Thursday,JMC001427,Kano,Kano City,Sports & Outdoor,Basketball Outdoor,Wilson,1,4073.2,0,4073.2,3078.93,700,4073.2,994.27,24.41,Bank Transfer,Delivered,2,Website Desktop,4.8,0,0
JO-2023-11727,2023-08-31,14:56:00,August,Q3,Thursday,JMC000499,Abuja,Garki,Sports & Outdoor,Jump Rope,Spalding,1,73431.16,0,73431.16,46092.74,0,73431.16,27338.42,37.23,Cash on Delivery,Delivered,8,Mobile App,2.7,0,0
JO-2023-11825,2023-08-31,08:25:00,August,Q3,Thursday,JMC001374,Kwara,Patigi,Beauty & Health,Face Mask Set,Olay,1,32327.93,0,32327.93,15287.88,0,32327.93,17040.05,52.71,Card Payment,Delivered,7,Mobile App,3.1,0,0
JO-2023-11905,2023-08-31,12:29:00,August,Q3,Thursday,JMC000125,Edo,Orhionmwon,Home & Kitchen,Kitchen Towel Set,Binatone,1,157260.65,0,157260.65,102927.1,0,157260.65,54333.55,34.55,Jumia Pay Wallet,Delivered,8,Agent Network,3.7,0,0
JO-2023-12154,2023-08-31,13:40:00,August,Q3,Thursday,JMC000085,Abuja,Maitama,Electronics,Extension Socket,Lenovo,1,386419.62,,386419.62,302682.49,0,386419.62,83737.13,21.67,Cash on Delivery,Delivered,1,Mobile App,2.7,0,0
JO-2023-12788,2023-08-31,18:05:00,August,Q3,Thursday,JMC000523,Benue,Katsina-Ala,Home & Kitchen,Storage Containers,Philips,1,4341.21,0,4341.21,2765.78,2000,4341.21,1575.43,36.29,Bank Transfer,Delivered,2,Mobile App,2.6,0,0
JO-2023-10423,2023-09-01,22:43:00,September,Q3,Friday,JMC001507,Rivers,Obio-Akpor,Fashion,Women's Heels,Nike,2,76583.46,0,76583.46,46310.02,0,153166.92,60546.88,39.53,Cash on Delivery,Shipped,6,Website Desktop,,0,0
JO-2023-10685,2023-09-01,20:34:00,September,Q3,Friday,JMC000511,Abuja,Wuse,Home & Kitchen,Iron Box Steam,Philips,5,153129.38,50,76564.69,53174.18,0,382823.45,116952.55,30.55,Cash on Delivery,Delivered,8,Website Desktop,4.9,0,0
JO-2023-11219,2023-09-01,14:52:00,September,Q3,Friday,JMC001278,Imo,Orlu,Home & Kitchen,Dish Rack,Nasco,2,77546.0,40,46527.6,36752.15,0,93055.2,19550.9,21.01,Bank Transfer,Returned,4,USSD,,1,0
JO-2023-12025,2023-09-01,23:22:00,September,Q3,Friday,JMC000461,Anambra,Anambra East,Electronics,Bluetooth Speaker,Infinix,1,189894.52,0,189894.52,145136.38,0,189894.52,44758.14,23.57,Card Payment,Delivered,3,Mobile App,3.8,0,0
JO-2023-12507,2023-09-01,10:13:00,September,Q3,Friday,JMC000647,Oyo,Oyo,Computing,Laptop Stand Aluminium,Acer,1,338348.24,0,338348.24,267565.79,0,338348.24,70782.45,20.92,Cash on Delivery,Delivered,7,USSD,3.4,0,0
JO-2023-12699,2023-09-01,20:34:00,September,Q3,Friday,JMC000477,Lagos,Lekki,Groceries,Milk Tin 400g,Nestle,1,9923.88,0,9923.88,8861.03,700,9923.88,1062.85,10.71,Card Payment,Delivered,5,Website Desktop,4.0,0,0
JO-2023-12843,2023-09-01,15:01:00,September,Q3,Friday,JMC000522,Lagos,Ikorodu,Home & Kitchen,Coffee Maker,Nexus,2,161347.92,10,145213.13,112293.31,0,290426.26,65839.64,22.67,Jumia Pay Wallet,Delivered,5,Mobile App,3.1,0,0
JO-2023-11014,2023-09-02,19:04:00,September,Q3,Saturday,JMC001315,Enugu,Enugu North,Fashion,Men's Polo Shirt,Ankara Palace,1,74845.69,0,74845.69,45311.58,0,74845.69,29534.11,39.46,Card Payment,Cancelled,2,WhatsApp Store,,0,0
JO-2023-11090,2023-09-02,10:07:00,September,Q3,Saturday,JMC000812,Delta,Ethiope East,Fashion,Men's Polo Shirt,Adidas,1,81488.2,0,81488.2,54808.96,0,81488.2,26679.24,32.74,Bank Transfer,Delivered,7,Agent Network,2.8,0,0
JO-2023-11274,2023-09-02,15:52:00,September,Q3,Saturday,JMC001245,Oyo,Ibadan North,Home & Kitchen,Dish Rack,Nasco,1,75070.2,0,75070.2,54643.6,0,75070.2,20426.6,27.21,Jumia Pay Wallet,Shipped,1,Agent Network,,0,0
JO-2023-11388,2023-09-02,14:43:00,September,Q3,Saturday,JMC000355,Oyo,Oyo,Computing,Laptop 15.6inch i5,Microsoft,1,766041.1,40,459624.66,402906.98,0,459624.66,56717.68,12.34,Jumia Pay Wallet,Delivered,7,Website Desktop,2.6,0,0
JO-2023-11693,2023-09-02,20:30:00,September,Q3,Saturday,JMC000425,Imo,Owerri,Fashion,Sneakers Size 42,Lagos Styles,1,45849.83,0,45849.83,23887.76,0,45849.83,21962.07,47.9,Bank Transfer,Delivered,4,Website Desktop,,0,0
JO-2023-10558,2023-09-03,15:00:00,September,Q3,Sunday,JMC000120,Edo,Ikpoba-Okha,Computing,Laptop Bag 15inch,MacBook,1,483800.1,10,435420.09,374983.78,0,435420.09,60436.31,13.88,Card Payment,Delivered,2,Mobile App,3.5,0,0
JO-2023-11044,2023-09-03,21:03:00,September,Q3,Sunday,JMC000113,Lagos,Victoria Island,Electronics,Bluetooth Speaker,Apple,2,18074.87,0,18074.87,13086.21,0,36149.74,9977.32,27.6,Card Payment,Delivered,4,Mobile App,3.7,0,0
JO-2023-11995,2023-09-03,10:46:00,September,Q3,Sunday,JMC000399,Enugu,Nkanu,Fashion,Baseball Cap,Lagos Styles,2,24460.56,0,24460.56,12073.73,0,48921.12,24773.66,50.64,Card Payment,Delivered,3,Mobile App,3.5,0,0
JO-2023-12092,2023-09-03,21:00:00,September,Q3,Sunday,JMC001262,Abuja,Gwarinpa,Electronics,Extension Socket,Lenovo,1,122590.24,0,122590.24,94357.71,0,122590.24,28232.53,23.03,Jumia Pay Wallet,Delivered,4,WhatsApp Store,3.6,0,0
JO-2023-12274,2023-09-03,14:01:00,September,Q3,Sunday,JMC000763,Kano,Gwale,Groceries,Sugar 1kg,PZ Cussons,2,6698.53,0,6698.53,5881.98,0,13397.06,1633.1,12.19,Card Payment,Delivered,1,Website Desktop,4.6,0,0
JO-2023-12609,2023-09-03,22:42:00,September,Q3,Sunday,JMC000872,Abuja,Kubwa,Beauty & Health,Sunscreen SPF50,Black Seed,2,20251.43,0,20251.43,8246.38,0,40502.86,24010.1,59.28,Bank Transfer,Delivered,6,USSD,3.5,0,0
JO-2023-12667,2023-09-03,07:26:00,September,Q3,Sunday,JMC000089,Lagos,Agege,Beauty & Health,Manicure Kit,L'Oreal,1,24892.49,30,17424.74,10237.03,0,17424.74,7187.71,41.25,Bank Transfer,Delivered,3,Mobile App,2.6,0,0
JO-2023-12992,2023-09-03,13:22:00,September,Q3,Sunday,JMC000889,Lagos,Surulere,Electronics,Phone Charger USB-C,Tecno,1,53314.3,0,53314.3,41206.62,0,53314.3,12107.68,22.71,Bank Transfer,Delivered,4,Mobile App,3.5,0,0
JO-2023-10742,2023-09-04,13:44:00,September,Q3,Monday,JMC000565,Lagos,Victoria Island,Electronics,Smart TV 43inch,HP,1,230188.19,0,230188.19,170132.09,0,230188.19,60056.1,26.09,Cash on Delivery,Delivered,5,WhatsApp Store,4.9,0,0
JO-2023-10950,2023-09-04,21:19:00,September,Q3,Monday,JMC001059,Benue,Katsina-Ala,Sports & Outdoor,Yoga Mat 6mm,Under Armour,1,78067.79,0,78067.79,58386.9,0,78067.79,19680.89,25.21,Card Payment,Shipped,4,Mobile App,,0,0
JO-2023-11123,2023-09-04,09:02:00,September,Q3,Monday,JMC000493,Lagos,Victoria Island,Beauty & Health,Face Mask Set,L'Oreal,1,4560.16,50,2280.08,1407.95,700,2280.08,872.13,38.25,Bank Transfer,Processing,5,Website Desktop,,0,0
JO-2023-11559,2023-09-04,20:08:00,September,Q3,Monday,JMC000505,Kano,Gwale,Computing,Webcam HD 1080p,HP,3,685481.47,0,685481.47,545369.06,0,2056444.41,420337.23,20.44,Jumia Pay Wallet,Delivered,4,Website Desktop,2.7,0,0
JO-2023-11660,2023-09-04,11:48:00,September,Q3,Monday,JMC000563,Kano,Gwale,Beauty & Health,Shampoo Anti-Dandruff,,1,30784.28,25,23088.21,12977.88,0,23088.21,10110.33,43.79,Card Payment,Delivered,8,USSD,4.8,0,0
JO-2023-11746,2023-09-04,08:35:00,September,Q3,Monday,JMC000158,Enugu,Enugu North,Beauty & Health,Shampoo Anti-Dandruff,Neutrogena,1,20290.28,0,20290.28,9917.89,0,20290.28,10372.39,51.12,Jumia Pay Wallet,Delivered,6,Mobile App,,0,0
JO-2023-12380,2023-09-04,10:20:00,September,Q3,Monday,JMC000055,Lagos,Lekki,Electronics,Table Lamp LED,Samsung,3,87846.68,0,87846.68,68089.96,0,263540.04,59270.16,22.49,Bank Transfer,Delivered,6,Mobile App,3.7,0,0
JO-2023-10127,2023-09-05,17:14:00,September,Q3,Tuesday,JMC000560,Bauchi,Bauchi City,Beauty & Health,Hair Relaxer Kit,Dove,1,13947.55,25,10460.66,5299.37,0,10460.66,5161.29,49.34,Card Payment,Returned,3,Website Desktop,,1,0
JO-2023-10246,2023-09-05,17:46:00,September,Q3,Tuesday,JMC001494,Kano,Gwale,Sports & Outdoor,Swimming Goggles,Decathlon,2,10016.36,0,10016.36,6158.06,0,20032.72,7716.6,38.52,Jumia Pay Wallet,Processing,7,Website Desktop,,0,0
JO-2023-10526,2023-09-05,23:28:00,September,Q3,Tuesday,JMC000647,Delta,Uvwie,Groceries,Tin Tomato Carton,PZ Cussons,2,3541.46,20,2833.17,2408.48,1500,5666.34,849.38,14.99,Bank Transfer,Shipped,5,Website Desktop,,0,0
JO-2023-10778,2023-09-05,11:02:00,September,Q3,Tuesday,JMC000518,Abuja,Wuse,Fashion,Leather Belt,Zara,4,24896.43,40,14937.86,10165.21,0,59751.44,19090.6,31.95,Bank Transfer,Delivered,5,USSD,3.8,0,0
JO-2023-10835,2023-09-05,16:49:00,September,Q3,Tuesday,JMC000625,Edo,Benin City,Beauty & Health,Sunscreen SPF50,Neutrogena,1,33037.09,0,33037.09,19108.65,0,33037.09,13928.44,42.16,Bank Transfer,Delivered,2,Agent Network,4.8,0,0
JO-2023-11312,2023-09-05,18:47:00,September,Q3,Tuesday,JMC000684,Rivers,Port Harcourt,Electronics,Desk Fan,Samsung,1,287571.1,0,287571.1,212975.16,0,287571.1,74595.94,25.94,Jumia Pay Wallet,Returned,3,Mobile App,,1,0
JO-2023-11946,2023-09-05,10:49:00,September,Q3,Tuesday,JMC000606,Niger,Kontagora,Fashion,Wristwatch Classic,Adidas,1,66705.75,0,66705.75,41651.07,0,66705.75,25054.68,37.56,Jumia Pay Wallet,Delivered,8,Website Desktop,2.6,0,0
JO-2023-12187,2023-09-05,16:52:00,September,Q3,Tuesday,JMC001184,Kano,Tarauni,Computing,External SSD 1TB,Acer,1,382905.97,50,191452.98,150194.86,0,191452.98,41258.12,21.55,Jumia Pay Wallet,Processing,2,USSD,,0,0
JO-2023-12662,2023-09-05,21:55:00,September,Q3,Tuesday,JMC001074,Enugu,Udi,Fashion,Handbag Brown,Nike,3,73014.29,15,62062.15,34053.5,0,186186.45,84025.95,45.13,Bank Transfer,Cancelled,6,Mobile App,,0,0
JO-2023-12928,2023-09-05,21:22:00,September,Q3,Tuesday,JMC001554,Lagos,Yaba,Home & Kitchen,Dish Rack,Bosch,3,97335.92,0,97335.92,65740.68,0,292007.76,94785.72,32.46,Bank Transfer,Delivered,5,Agent Network,4.3,0,0
JO-2023-10179,2023-09-06,13:00:00,September,Q3,Wednesday,JMC000260,Abuja,Garki,Electronics,Wireless Earbuds,Tecno,4,200816.41,0,200816.41,154688.88,0,803265.64,184510.12,22.97,Bank Transfer,Shipped,8,Website Desktop,,0,0
JO-2023-10392,2023-09-06,14:25:00,September,Q3,Wednesday,JMC000435,Kano,Nassarawa,Electronics,Extension Socket,Tecno,2,267779.53,0,267779.53,212804.39,0,535559.06,109950.28,20.53,Cash on Delivery,Delivered,5,Website Desktop,3.5,0,0
JO-2023-10415,2023-09-06,09:25:00,September,Q3,Wednesday,JMC001041,Abuja,Maitama,Groceries,Groundnut Oil 5L,PZ Cussons,1,3175.75,0,3175.75,2629.2,1500,3175.75,546.55,17.21,Jumia Pay Wallet,Delivered,1,Mobile App,3.8,0,0
JO-2023-11778,2023-09-06,08:58:00,September,Q3,Wednesday,JMC000672,Niger,Bida,Electronics,Table Lamp LED,JBL,2,378302.25,0,378302.25,324545.5,0,756604.5,107513.5,14.21,Bank Transfer,Delivered,1,Mobile App,3.5,0,0
JO-2023-11791,2023-09-06,14:40:00,September,Q3,Wednesday,JMC001415,Lagos,Lekki,Groceries,Honey Natural 500g,Dangote,1,17434.4,0,17434.4,14815.75,0,17434.4,2618.65,15.02,Card Payment,Shipped,2,Website Desktop,,0,0
JO-2023-12579,2023-09-06,22:43:00,September,Q3,Wednesday,JMC000719,Edo,Benin City,Books & Education,Business Management,Pearson,3,1913.25,0,1913.25,1219.89,700,5739.75,2080.08,36.24,Bank Transfer,Delivered,4,USSD,4.3,0,0
JO-2023-10321,2023-09-07,08:23:00,September,Q3,Thursday,JMC000259,Kaduna,Chikun,Electronics,Extension Socket,Lenovo,2,432305.14,50,216152.57,171192.84,0,432305.14,89919.46,20.8,Jumia Pay Wallet,Delivered,1,USSD,3.4,0,0
JO-2023-10655,2023-09-07,23:11:00,September,Q3,Thursday,JMC000418,Lagos,Agege,Home & Kitchen,Storage Containers,Nasco,2,130151.78,50,65075.89,50876.33,0,130151.78,28399.12,21.82,Bank Transfer,Shipped,4,USSD,,0,0
JO-2023-11317,2023-09-07,14:41:00,September,Q3,Thursday,JMC000663,Niger,Minna,Fashion,Sunglasses UV400,Nike,3,13676.26,0,13676.26,7043.27,0,41028.78,19898.97,48.5,Bank Transfer,Shipped,5,Website Desktop,,0,0
JO-2023-11413,2023-09-07,13:29:00,September,Q3,Thursday,JMC001109,Plateau,Barkin Ladi,Groceries,Tin Tomato Carton,Dangote,1,8626.49,50,4313.24,3679.63,1000,4313.24,633.61,14.69,Card Payment,Delivered,5,Mobile App,4.1,0,0
JO-2023-11417,2023-09-07,15:37:00,September,Q3,Thursday,JMC000467,Enugu,Nkanu,Beauty & Health,Sunscreen SPF50,L'Oreal,2,29763.69,0,29763.69,18807.68,0,59527.38,21912.02,36.81,Bank Transfer,Delivered,1,Website Desktop,3.5,0,0
JO-2023-11582,2023-09-07,23:27:00,September,Q3,Thursday,JMC000917,Oyo,Ibadan North,Computing,USB Hub 7-Port,HP,2,406282.83,0,406282.83,352653.5,0,812565.66,107258.66,13.2,Bank Transfer,Shipped,6,Mobile App,,0,0
JO-2023-11623,2023-09-07,14:24:00,September,Q3,Thursday,JMC000344,Delta,Oshimili,Sports & Outdoor,Resistance Bands Set,Wilson,2,44766.54,0,44766.54,28713.26,0,89533.08,32106.56,35.86,Card Payment,Delivered,3,Mobile App,3.8,0,0
JO-2023-11885,2023-09-07,17:11:00,September,Q3,Thursday,JMC001151,Rivers,Port Harcourt,Electronics,Bluetooth Speaker,Sony,2,348144.34,0,348144.34,278167.33,0,696288.68,139954.02,20.1,Bank Transfer,Delivered,1,Mobile App,3.4,0,0
JO-2023-12215,2023-09-07,16:27:00,September,Q3,Thursday,JMC001429,Kaduna,Kaduna South,Computing,Wireless Mouse,Microsoft,1,708614.2,0,708614.2,628611.66,0,708614.2,80002.54,11.29,Bank Transfer,Delivered,6,Mobile App,3.3,0,0
JO-2023-12856,2023-09-07,16:28:00,September,Q3,Thursday,JMC000449,Lagos,Lagos Island,Groceries,Tin Tomato Carton,Unilever,3,20662.59,20,16530.07,14172.88,0,49590.21,7071.57,14.26,Cash on Delivery,Processing,3,Mobile App,,0,0
JO-2023-12121,2023-09-08,15:42:00,September,Q3,Friday,JMC000229,Lagos,Surulere,Sports & Outdoor,Jump Rope,Decathlon,1,57230.26,0,57230.26,34944.8,0,57230.26,22285.46,38.94,USSD Payment,Shipped,4,Website Desktop,,0,0
JO-2023-11838,2023-09-09,18:39:00,September,Q3,Saturday,JMC001042,Delta,Uvwie,Beauty & Health,Beard Oil 50ml,Black Seed,1,10865.03,0,10865.03,6250.65,0,10865.03,4614.38,42.47,Card Payment,Delivered,5,Mobile App,3.1,0,0
JO-2023-12007,2023-09-09,22:33:00,September,Q3,Saturday,JMC001356,Lagos,Lekki,Electronics,Bluetooth Speaker,Lenovo,5,283408.33,25,212556.25,155846.24,0,1062781.25,283550.05,26.68,Bank Transfer,Cancelled,3,Website Desktop,,0,0
JO-2023-12028,2023-09-09,21:13:00,September,Q3,Saturday,JMC001514,Lagos,Ikorodu,Books & Education,Business Management,Farafina,1,6135.35,0,6135.35,3976.93,700,6135.35,2158.42,35.18,Jumia Pay Wallet,Delivered,1,Website Desktop,4.0,0,0
JO-2023-12242,2023-09-09,22:42:00,September,Q3,Saturday,JMC000251,Lagos,Ikorodu,Groceries,Milk Tin 400g,PZ Cussons,1,22342.6,50,11171.3,9178.34,0,11171.3,1992.96,17.84,Card Payment,Returned,3,Mobile App,,1,0
JO-2023-12416,2023-09-09,22:49:00,September,Q3,Saturday,JMC000677,Anambra,Onitsha,Sports & Outdoor,Football Size 5,Puma,1,34676.49,0,34676.49,20864.84,0,34676.49,13811.65,39.83,Card Payment,Delivered,5,USSD,2.9,0,0
JO-2023-12493,2023-09-09,08:36:00,September,Q3,Saturday,JMC000565,Anambra,Nnewi,Sports & Outdoor,Basketball Outdoor,Puma,2,66013.26,0,66013.26,44473.13,0,132026.52,43080.26,32.63,Cash on Delivery,Delivered,2,Mobile App,4.4,0,0
JO-2023-12790,2023-09-09,11:56:00,September,Q3,Saturday,JMC000561,Lagos,Agege,Beauty & Health,Shampoo Anti-Dandruff,Olay,1,17192.28,30,12034.6,5214.59,0,12034.6,6820.01,56.67,Jumia Pay Wallet,Delivered,8,Website Desktop,3.1,0,0
JO-2023-10433,2023-09-10,18:58:00,September,Q3,Sunday,JMC001433,Lagos,Ikeja,Computing,Monitor 24inch,MacBook,3,399777.3,0,399777.3,344368.17,0,1199331.9,166227.39,13.86,Cash on Delivery,Delivered,2,Website Desktop,4.5,0,0
JO-2023-10707,2023-09-10,21:54:00,September,Q3,Sunday,JMC000560,Plateau,Jos,Beauty & Health,Shampoo Anti-Dandruff,Olay,3,33552.57,0,33552.57,20577.79,0,100657.71,38924.34,38.67,Cash on Delivery,Delivered,7,Mobile App,3.6,0,0
JO-2023-11124,2023-09-10,15:34:00,September,Q3,Sunday,JMC000037,Rivers,Eleme,Electronics,Wireless Earbuds,,1,377156.9,0,377156.9,310588.71,0,377156.9,66568.19,17.65,Bank Transfer,Cancelled,6,Mobile App,,0,0
JO-2023-11152,2023-09-10,13:09:00,September,Q3,Sunday,JMC001094,Lagos,Agege,Groceries,Spaghetti 500g,Nestle,3,21122.97,25,15842.23,13915.81,0,47526.69,5779.26,12.16,Bank Transfer,Delivered,4,WhatsApp Store,4.9,0,0
JO-2023-11601,2023-09-10,22:32:00,September,Q3,Sunday,JMC000352,Abuja,Kubwa,Home & Kitchen,Blender 1.5L,Nexus,4,154446.88,0,154446.88,102490.95,0,617787.52,207823.72,33.64,Bank Transfer,Delivered,8,Mobile App,2.5,0,0
JO-2023-11834,2023-09-10,13:20:00,September,Q3,Sunday,JMC000764,Rivers,Oyigbo,Beauty & Health,Face Mask Set,Black Seed,1,31874.76,0,31874.76,15755.69,0,31874.76,16119.07,50.57,Card Payment,Cancelled,7,Mobile App,,0,0
JO-2023-12195,2023-09-10,10:48:00,September,Q3,Sunday,JMC001390,Abuja,Gwarinpa,Home & Kitchen,Storage Containers,Philips,1,110175.73,0,110175.73,87314.27,0,110175.73,22861.46,20.75,Jumia Pay Wallet,Processing,6,WhatsApp Store,,0,0
JO-2023-10042,2023-09-11,22:04:00,September,Q3,Monday,JMC000810,Enugu,Enugu South,Beauty & Health,Vitamin C Serum,Black Seed,1,6398.17,0,6398.17,3705.82,1200,6398.17,2692.35,42.08,Card Payment,Returned,7,Website Desktop,,1,0
JO-2023-11501,2023-09-11,20:04:00,September,Q3,Monday,JMC001242,Bauchi,Misau,Fashion,Men's Jeans,Adidas,1,78245.94,40,46947.56,30234.23,0,46947.56,16713.33,35.6,Cash on Delivery,Delivered,3,Mobile App,3.8,0,0
JO-2023-12225,2023-09-11,08:56:00,September,Q3,Monday,JMC000808,Ondo,Ikare,Electronics,Phone Charger USB-C,Lenovo,2,136659.35,0,136659.35,109792.12,0,273318.7,53734.46,19.66,Card Payment,Delivered,7,Website Desktop,3.0,0,0
JO-2023-12685,2023-09-11,16:39:00,September,Q3,Monday,JMC000990,Lagos,Yaba,Computing,Printer Ink Cartridge,Microsoft,2,703244.08,0,703244.08,577152.42,0,1406488.16,252183.32,17.93,Card Payment,Delivered,4,Agent Network,4.5,0,0
JO-2023-12784,2023-09-11,08:45:00,September,Q3,Monday,JMC000461,Rivers,Eleme,Computing,Laptop Stand Aluminium,MacBook,1,674634.11,0,674634.11,553739.68,0,674634.11,120894.43,17.92,Cash on Delivery,Delivered,1,Mobile App,4.8,0,0
JO-2023-10005,2023-09-12,09:10:00,September,Q3,Tuesday,JMC001126,Abuja,Maitama,Groceries,Honey Natural 500g,Unilever,2,17748.0,,17748.0,15653.74,0,35496.0,4188.52,11.8,Card Payment,Delivered,4,Mobile App,3.1,0,0
JO-2023-10809,2023-09-12,12:03:00,September,Q3,Tuesday,JMC001444,Rivers,Obio-Akpor,Groceries,Noodles Instant 70g,Nestle,1,11135.18,0,11135.18,10042.82,0,11135.18,1092.36,9.81,Card Payment,Delivered,1,Mobile App,4.8,0,0
JO-2023-11178,2023-09-12,16:22:00,September,Q3,Tuesday,JMC001453,Abuja,Wuse,Electronics,Desk Fan,Infinix,1,382392.75,0,382392.75,280485.08,0,382392.75,101907.67,26.65,Cash on Delivery,Delivered,3,Mobile App,4.9,0,0
JO-2023-11738,2023-09-12,20:58:00,September,Q3,Tuesday,JMC000324,Abuja,Maitama,Beauty & Health,Beard Oil 50ml,Black Seed,1,15103.12,50,7551.56,3606.63,2000,7551.56,3944.93,52.24,Jumia Pay Wallet,Delivered,8,USSD,3.1,0,0
JO-2023-11870,2023-09-12,14:03:00,September,Q3,Tuesday,JMC000783,Abuja,Garki,Electronics,Smart TV 43inch,Lenovo,1,201469.56,0,201469.56,145199.11,0,201469.56,56270.45,27.93,Card Payment,Delivered,7,Mobile App,3.1,0,0
JO-2023-12311,2023-09-12,15:11:00,September,Q3,Tuesday,JMC001095,Plateau,Jos,Books & Education,Mathematics Textbook,Oxford,4,3299.79,30,2309.85,1439.73,700,9239.4,3480.48,37.67,Jumia Pay Wallet,Shipped,4,Mobile App,,0,0
JO-2023-10079,2023-09-13,18:34:00,September,Q3,Wednesday,JMC001429,Rivers,Oyigbo,Fashion,Leather Belt,Zara,1,52176.0,0,52176.0,33830.92,0,52176.0,18345.08,35.16,Card Payment,Delivered,5,Mobile App,3.9,0,0
JO-2023-10118,2023-09-13,12:19:00,September,Q3,Wednesday,JMC001284,Lagos,Lekki,Electronics,Table Lamp LED,Sony,1,44899.22,50,22449.61,18972.17,0,22449.61,3477.44,15.49,Cash on Delivery,Delivered,6,Agent Network,4.5,0,0
JO-2023-10136,2023-09-13,13:36:00,September,Q3,Wednesday,JMC000978,Cross River,Ogoja,Computing,Mechanical Keyboard,Acer,1,301162.95,0,301162.95,238852.34,0,301162.95,62310.61,20.69,Jumia Pay Wallet,Delivered,3,WhatsApp Store,3.0,0,0
JO-2023-10502,2023-09-13,21:42:00,September,Q3,Wednesday,JMC000167,Edo,Ikpoba-Okha,Electronics,Extension Socket,Sony,4,13214.04,0,13214.04,11044.29,0,52856.16,8679.0,16.42,Jumia Pay Wallet,Delivered,5,Website Desktop,3.6,0,0
JO-2023-10641,2023-09-13,22:03:00,September,Q3,Wednesday,JMC001481,Nasarawa,Akwanga,Sports & Outdoor,Dumbbell 5kg pair,Puma,1,34128.58,0,34128.58,24692.03,0,34128.58,9436.55,27.65,Bank Transfer,Returned,3,Website Desktop,,1,0
JO-2023-11357,2023-09-13,17:42:00,September,Q3,Wednesday,JMC000259,Enugu,Nkanu,Sports & Outdoor,Dumbbell 5kg pair,Spalding,4,68861.73,5,65418.64,41776.34,0,261674.56,94569.2,36.14,USSD Payment,Returned,8,WhatsApp Store,,1,0
JO-2023-11709,2023-09-13,14:49:00,September,Q3,Wednesday,JMC000582,Kano,Tarauni,Home & Kitchen,Storage Containers,Bosch,1,133510.77,30,93457.54,67242.7,0,93457.54,26214.84,28.05,Jumia Pay Wallet,Delivered,3,USSD,3.4,0,0
JO-2023-11790,2023-09-13,18:29:00,September,Q3,Wednesday,JMC000661,Niger,Kontagora,Beauty & Health,Sunscreen SPF50,Dove,1,29134.1,50,14567.05,8445.98,0,14567.05,6121.07,42.02,Card Payment,Delivered,5,Mobile App,4.3,0,0
JO-2023-12465,2023-09-13,22:59:00,September,Q3,Wednesday,JMC001083,Plateau,Shendam,Computing,Mechanical Keyboard,Asus,1,743096.49,0,743096.49,653404.74,0,743096.49,89691.75,12.07,Cash on Delivery,Processing,7,Website Desktop,,0,0
JO-2023-12825,2023-09-13,11:40:00,September,Q3,Wednesday,JMC000682,Lagos,Surulere,Electronics,Smart Watch,Infinix,2,127369.54,40,76421.72,61053.31,,152843.44,30736.82,20.11,Card Payment,Delivered,5,Mobile App,3.8,0,0
JO-2023-12849,2023-09-13,18:34:00,September,Q3,Wednesday,JMC001503,Lagos,Lagos Island,Sports & Outdoor,Dumbbell 5kg pair,Decathlon,1,55571.83,20,44457.46,27127.94,0,44457.46,17329.52,38.98,Cash on Delivery,Delivered,4,Mobile App,4.9,0,0
JO-2023-10333,2023-09-14,08:02:00,September,Q3,Thursday,JMC000029,Delta,Warri,Electronics,Desk Fan,Sony,3,337016.92,0,337016.92,295698.65,0,1011050.76,123954.81,12.26,Card Payment,Delivered,8,Agent Network,4.2,0,0
JO-2023-10375,2023-09-14,14:16:00,September,Q3,Thursday,JMC000128,Nasarawa,Keffi,Fashion,Men's Polo Shirt,,2,42061.45,0,42061.45,19651.11,0,84122.9,44820.68,53.28,Jumia Pay Wallet,Shipped,5,Website Desktop,,0,0
JO-2023-11245,2023-09-14,23:10:00,September,Q3,Thursday,JMC000040,Abuja,Asokoro,Groceries,Noodles Instant 70g,Dangote,1,21914.65,5,20818.92,18911.91,,20818.92,1907.01,9.16,Cash on Delivery,Delivered,5,WhatsApp Store,2.6,0,0
JO-2023-11816,2023-09-14,10:36:00,September,Q3,Thursday,JMC001402,Bauchi,Bauchi City,Electronics,Smart Watch,JBL,2,233123.2,0,233123.2,202980.37,0,466246.4,60285.66,12.93,Card Payment,Processing,3,Website Desktop,,0,0
JO-2023-11881,2023-09-14,08:57:00,September,Q3,Thursday,JMC001439,Ogun,Ijebu-Ode,Fashion,Women's Heels,Nike,1,26598.33,0,26598.33,12878.91,0,26598.33,13719.42,51.58,Bank Transfer,Processing,3,USSD,,0,0
JO-2023-12367,2023-09-14,14:24:00,September,Q3,Thursday,JMC000752,Rivers,Port Harcourt,Electronics,Wireless Earbuds,Apple,1,426150.84,20,340920.67,283236.89,0,340920.67,57683.78,16.92,Bank Transfer,Delivered,2,Website Desktop,4.0,0,0
JO-2023-12916,2023-09-14,16:46:00,September,Q3,Thursday,JMC000099,Lagos,Agege,Fashion,Women's Ankara Gown,Adidas,1,31687.92,0,31687.92,14706.36,0,31687.92,16981.56,53.59,Card Payment,Delivered,4,Website Desktop,3.8,0,0
JO-2023-10570,2023-09-15,23:51:00,September,Q3,Friday,JMC000846,Rivers,Port Harcourt,Electronics,Power Bank 20000mAh,HP,2,286728.54,20,229382.83,175753.12,0,458765.66,107259.42,23.38,Bank Transfer,Processing,6,Mobile App,,0,0
JO-2023-10646,2023-09-15,16:23:00,September,Q3,Friday,JMC001122,Kaduna,Chikun,Beauty & Health,Perfume Floral 100ml,,2,25561.96,0,25561.96,13230.87,0,51123.92,24662.18,48.24,Cash on Delivery,Delivered,8,Mobile App,2.7,0,0
JO-2023-10914,2023-09-15,19:20:00,September,Q3,Friday,JMC000162,Lagos,Yaba,Books & Education,Law Reports,Oxford,1,10375.36,0,10375.36,7499.31,0,10375.36,2876.05,27.72,Jumia Pay Wallet,Delivered,7,USSD,3.6,0,0
JO-2023-11103,2023-09-15,16:02:00,September,Q3,Friday,JMC001188,Imo,Owerri,Electronics,Smart Watch,Tecno,1,173645.42,30,121551.79,105981.01,0,121551.79,15570.78,12.81,Bank Transfer,Delivered,3,WhatsApp Store,2.7,0,0
JO-2023-12251,2023-09-15,10:11:00,September,Q3,Friday,JMC001450,Kano,Gwale,Beauty & Health,Body Scrub,Nivea,1,9987.66,0,9987.66,5338.4,700,9987.66,4649.26,46.55,Card Payment,Delivered,5,Mobile App,3.1,0,0
JO-2023-12640,2023-09-15,17:01:00,September,Q3,Friday,JMC000736,Lagos,Ikeja,Beauty & Health,Vitamin C Serum,Olay,3,12966.51,0,12966.51,7770.83,0,38899.53,15587.04,40.07,Bank Transfer,Delivered,7,Mobile App,3.4,0,0
JO-2023-12942,2023-09-15,21:39:00,September,Q3,Friday,JMC000766,Enugu,Nkanu,Computing,Laptop Stand Aluminium,Microsoft,2,593441.75,0,593441.75,530299.55,0,1186883.5,126284.4,10.64,Bank Transfer,Delivered,3,Mobile App,4.3,0,0
JO-2023-10022,2023-09-16,11:58:00,September,Q3,Saturday,JMC001033,Oyo,Ibadan North,Groceries,Noodles Instant 70g,Nestle,4,2401.77,30,1681.24,1483.36,1500,6724.96,791.52,11.77,Jumia Pay Wallet,Delivered,1,Website Desktop,,0,0
JO-2023-10047,2023-09-16,23:42:00,September,Q3,Saturday,JMC000738,Lagos,Yaba,Books & Education,Law Reports,Pearson,1,1449.64,0,1449.64,811.51,1000,1449.64,638.13,44.02,USSD Payment,Shipped,1,Website Desktop,,0,0
JO-2023-10464,2023-09-16,20:33:00,September,Q3,Saturday,JMC000269,Abuja,Gwarinpa,Computing,Wireless Mouse,Acer,1,484346.55,30,339042.58,290593.4,0,339042.58,48449.18,14.29,Bank Transfer,Shipped,6,Website Desktop,,0,0
JO-2023-10576,2023-09-16,13:59:00,September,Q3,Saturday,JMC001299,Lagos,Lekki,Home & Kitchen,Storage Containers,Bosch,1,34227.75,0,34227.75,22538.97,0,34227.75,11688.78,34.15,Bank Transfer,Delivered,6,Website Desktop,2.9,0,0
JO-2023-11753,2023-09-16,22:00:00,September,Q3,Saturday,JMC000977,Rivers,Eleme,Beauty & Health,Beard Oil 50ml,Nivea,3,21852.55,0,21852.55,14031.52,0,65557.65,23463.09,35.79,Card Payment,Returned,5,Mobile App,,1,0
JO-2023-12018,2023-09-16,22:30:00,September,Q3,Saturday,JMC000279,Oyo,Oyo,Sports & Outdoor,Jump Rope,Puma,2,74565.94,,74565.94,53240.08,0,149131.88,42651.72,28.6,Jumia Pay Wallet,Cancelled,3,Agent Network,,0,0
JO-2023-12151,2023-09-16,14:13:00,September,Q3,Saturday,JMC000189,Nasarawa,Keffi,Fashion,Handbag Brown,Adidas,3,41175.61,15,34999.27,17979.12,0,104997.81,51060.45,48.63,Card Payment,Cancelled,6,Website Desktop,,0,0
JO-2023-10019,2023-09-17,16:44:00,September,Q3,Sunday,JMC000553,Abuja,Kubwa,Sports & Outdoor,Resistance Bands Set,Puma,3,94017.74,0,94017.74,73061.19,0,282053.22,62869.65,22.29,Card Payment,Delivered,5,Website Desktop,3.5,0,0
JO-2023-10025,2023-09-17,21:17:00,September,Q3,Sunday,JMC000432,Lagos,Ikeja,Electronics,Electric Kettle,HP,3,428969.45,25,321727.09,246925.54,0,965181.27,224404.65,23.25,Cash on Delivery,Delivered,4,Mobile App,2.9,0,0
JO-2023-10083,2023-09-17,19:11:00,September,Q3,Sunday,JMC000328,Abuja,Maitama,Computing,USB Hub 7-Port,Asus,1,114553.23,30,80187.26,66852.12,0,80187.26,13335.14,16.63,Card Payment,Shipped,1,USSD,,0,0
JO-2023-10451,2023-09-17,21:07:00,September,Q3,Sunday,JMC001506,Abuja,Kubwa,Electronics,Table Lamp LED,Infinix,1,192147.12,0,192147.12,154332.57,0,192147.12,37814.55,19.68,Card Payment,Delivered,7,USSD,3.1,0,0
JO-2023-10665,2023-09-17,23:42:00,September,Q3,Sunday,JMC000940,Kano,Gwale,Electronics,Power Bank 20000mAh,Tecno,2,224769.84,5,213531.35,170846.43,0,427062.7,85369.84,19.99,Bank Transfer,Returned,3,Mobile App,,1,0
JO-2023-10913,2023-09-17,23:28:00,September,Q3,Sunday,JMC000432,Plateau,Shendam,Electronics,Smart TV 43inch,JBL,1,322827.49,0,322827.49,264202.02,0,322827.49,58625.47,18.16,Card Payment,Delivered,1,Mobile App,3.9,0,0
JO-2023-11670,2023-09-17,14:06:00,September,Q3,Sunday,JMC000337,Rivers,Port Harcourt,Books & Education,Medical Dictionary,Oxford,2,13701.52,0,13701.52,8645.66,0,27403.04,10111.72,36.9,Cash on Delivery,Delivered,5,Agent Network,4.4,0,0
JO-2023-11744,2023-09-17,15:35:00,September,Q3,Sunday,JMC001279,Kwara,Omu-Aran,Computing,Printer Ink Cartridge,Dell,1,423808.56,0,423808.56,365153.46,0,423808.56,58655.1,13.84,Card Payment,Delivered,1,Website Desktop,4.6,0,0
JO-2023-11918,2023-09-17,18:30:00,September,Q3,Sunday,JMC000740,Oyo,Ibadan South,Beauty & Health,Vitamin C Serum,Nivea,1,32796.24,0,32796.24,19838.45,0,32796.24,12957.79,39.51,Jumia Pay Wallet,Processing,3,Mobile App,,0,0
JO-2023-11949,2023-09-17,07:13:00,September,Q3,Sunday,JMC001224,Nasarawa,Akwanga,Groceries,Tin Tomato Carton,Cadbury,1,6302.1,0,6302.1,5257.21,700,6302.1,1044.89,16.58,Card Payment,Processing,2,Mobile App,,0,0
JO-2023-10102,2023-09-18,20:40:00,September,Q3,Monday,JMC000432,Imo,Orlu,Home & Kitchen,Iron Box Steam,Binatone,2,34877.76,0,34877.76,25439.84,0,69755.52,18875.84,27.06,Card Payment,Processing,1,Mobile App,,0,0
JO-2023-10895,2023-09-18,21:46:00,September,Q3,Monday,JMC000301,Nasarawa,Akwanga,Books & Education,Atlas of Nigeria,Oxford,1,3746.64,0,3746.64,2244.61,2000,3746.64,1502.03,40.09,Card Payment,Processing,6,Mobile App,,0,0
JO-2023-11030,2023-09-18,09:31:00,September,Q3,Monday,JMC000483,Rivers,Port Harcourt,Fashion,Sunglasses UV400,Nike,4,66366.39,25,49774.79,30671.23,0,199099.16,76414.24,38.38,Card Payment,Processing,3,Mobile App,,0,0
JO-2023-11129,2023-09-18,21:13:00,September,Q3,Monday,JMC000249,Oyo,Ogbomoso,Sports & Outdoor,Basketball Outdoor,Wilson,1,6566.56,10,5909.9,4353.23,1200,5909.9,1556.67,26.34,Bank Transfer,Shipped,7,Website Desktop,,0,0
JO-2023-11147,2023-09-18,19:15:00,September,Q3,Monday,JMC000405,Imo,Owerri,Fashion,Handbag Brown,H&M,5,45987.26,0,45987.26,22386.6,0,229936.3,118003.3,51.32,Bank Transfer,Processing,7,Mobile App,,0,0
JO-2023-11765,2023-09-18,17:10:00,September,Q3,Monday,JMC000755,Kano,Nassarawa,Beauty & Health,Body Scrub,Neutrogena,1,18247.45,0,18247.45,9506.92,0,18247.45,8740.53,47.9,Jumia Pay Wallet,Delivered,3,Website Desktop,3.6,0,0
JO-2023-12498,2023-09-18,18:14:00,September,Q3,Monday,JMC000175,Oyo,Ibadan North,Computing,External SSD 1TB,Microsoft,1,183111.14,0,183111.14,150425.8,0,183111.14,32685.34,17.85,Card Payment,Delivered,3,Website Desktop,2.7,0,0
JO-2023-12809,2023-09-18,21:57:00,September,Q3,Monday,JMC000324,Lagos,Surulere,Fashion,Men's Jeans,Nike,1,55175.96,0,55175.96,33690.44,0,55175.96,21485.52,38.94,Cash on Delivery,Delivered,1,Website Desktop,3.0,0,0
JO-2023-12838,2023-09-18,20:57:00,September,Q3,Monday,JMC001299,Edo,Egor,Beauty & Health,Face Mask Set,Nivea,2,17963.95,0,17963.95,8847.25,0,35927.9,18233.4,50.75,Bank Transfer,Returned,7,Website Desktop,,1,0
JO-2023-12848,2023-09-18,14:51:00,September,Q3,Monday,JMC000395,Lagos,Victoria Island,Sports & Outdoor,Tennis Racket,Puma,1,12529.4,0,12529.4,7710.59,0,12529.4,4818.81,38.46,Bank Transfer,Delivered,2,Website Desktop,4.6,0,0
JO-2023-12889,2023-09-18,22:39:00,September,Q3,Monday,JMC001125,Lagos,Yaba,Home & Kitchen,Kitchen Towel Set,Nasco,3,165971.01,0,165971.01,105507.77,0,497913.03,181389.72,36.43,Card Payment,Delivered,1,Website Desktop,3.3,0,0
JO-2023-10250,2023-09-19,21:07:00,September,Q3,Tuesday,JMC000047,Abuja,Gwarinpa,Groceries,Rice 5kg Bag,Nestle,1,3165.28,0,3165.28,2640.79,1000,3165.28,524.49,16.57,Bank Transfer,Delivered,6,Mobile App,4.5,0,0
JO-2023-10380,2023-09-19,07:48:00,September,Q3,Tuesday,JMC000141,Delta,Oshimili,Fashion,Women's Ankara Gown,Ankara Palace,3,60647.22,50,30323.61,20004.49,0,90970.83,30957.36,34.03,Jumia Pay Wallet,Processing,6,Website Desktop,,0,0
JO-2023-10574,2023-09-19,08:31:00,September,Q3,Tuesday,JMC000676,Ondo,Ikare,Groceries,Honey Natural 500g,Cadbury,1,19414.64,0,19414.64,17003.34,0,19414.64,2411.3,12.42,Card Payment,Returned,1,USSD,,1,0
JO-2023-10719,2023-09-19,20:33:00,September,Q3,Tuesday,JMC000363,Edo,Egor,Home & Kitchen,Kitchen Towel Set,Philips,1,18867.64,0,18867.64,14309.22,0,18867.64,4558.42,24.16,Card Payment,Cancelled,5,WhatsApp Store,,0,0
JO-2023-11095,2023-09-19,20:42:00,September,Q3,Tuesday,JMC001596,Lagos,Ikeja,Beauty & Health,Moisturising Lotion 400ml,L'Oreal,2,24758.03,0,24758.03,14020.47,0,49516.06,21475.12,43.37,Bank Transfer,Shipped,6,Mobile App,,0,0
JO-2023-11196,2023-09-19,12:18:00,September,Q3,Tuesday,JMC001050,Abuja,Maitama,Electronics,Extension Socket,Apple,1,26280.16,0,26280.16,21696.9,0,26280.16,4583.26,17.44,Bank Transfer,Delivered,3,Mobile App,3.1,0,0
JO-2023-11204,2023-09-19,15:58:00,September,Q3,Tuesday,JMC000850,Enugu,Nkanu,Beauty & Health,Vitamin C Serum,Nivea,4,32866.71,5,31223.37,17656.82,0,124893.48,54266.2,43.45,Card Payment,Delivered,6,Website Desktop,4.3,0,0
JO-2023-12167,2023-09-19,08:08:00,September,Q3,Tuesday,JMC000383,Lagos,Agege,Computing,Mechanical Keyboard,HP,1,122541.34,0,122541.34,101782.84,0,122541.34,20758.5,16.94,Card Payment,Delivered,6,USSD,4.7,0,0
JO-2023-12541,2023-09-19,11:12:00,September,Q3,Tuesday,JMC000415,Kaduna,Zaria,Books & Education,Mathematics Textbook,Oxford,1,10131.12,20,8104.9,5229.28,2000,8104.9,2875.62,35.48,Bank Transfer,Shipped,5,USSD,,0,0
JO-2023-12571,2023-09-19,07:33:00,September,Q3,Tuesday,JMC001215,Abuja,Maitama,Electronics,Smart Watch,Samsung,3,187912.38,,187912.38,140426.92,0,563737.14,142456.38,25.27,Card Payment,Delivered,8,Mobile App,2.7,0,0
JO-2023-12860,2023-09-19,20:18:00,September,Q3,Tuesday,JMC000959,Cross River,Calabar,Computing,Printer Ink Cartridge,HP,1,629739.54,0,629739.54,523565.45,0,629739.54,106174.09,16.86,USSD Payment,Cancelled,4,Website Desktop,,0,0
JO-2023-10161,2023-09-20,16:47:00,September,Q3,Wednesday,JMC001089,Enugu,Enugu North,Electronics,Phone Charger USB-C,Tecno,2,111847.18,0,111847.18,82722.17,0,223694.36,58250.02,26.04,Jumia Pay Wallet,Delivered,1,USSD,4.2,0,0
JO-2023-10218,2023-09-20,21:03:00,September,Q3,Wednesday,JMC000594,Edo,Ikpoba-Okha,Sports & Outdoor,Dumbbell 5kg pair,Under Armour,1,25772.85,0,25772.85,16994.62,0,25772.85,8778.23,34.06,Jumia Pay Wallet,Returned,4,Mobile App,,1,0
JO-2023-10304,2023-09-20,19:51:00,September,Q3,Wednesday,JMC001032,Bauchi,Ningi,Fashion,Women's Ankara Gown,Adidas,1,11124.24,0,11124.24,7514.42,0,11124.24,3609.82,32.45,Card Payment,Returned,3,Mobile App,,1,0
JO-2023-10571,2023-09-20,12:55:00,September,Q3,Wednesday,JMC001294,Kano,Tarauni,Home & Kitchen,Iron Box Steam,Philips,1,58386.24,0,58386.24,37443.1,0,58386.24,20943.14,35.87,Card Payment,Delivered,2,Mobile App,4.9,0,0
JO-2023-10878,2023-09-20,12:34:00,September,Q3,Wednesday,JMC000417,Cross River,Calabar,Sports & Outdoor,Football Size 5,Decathlon,1,65453.32,0,65453.32,42204.3,0,65453.32,23249.02,35.52,Card Payment,Shipped,3,Mobile App,,0,0
JO-2023-11576,2023-09-20,18:29:00,September,Q3,Wednesday,JMC001549,Lagos,Agege,Books & Education,Business Management,Amazon KDP,3,16063.0,20,12850.4,9279.27,0,38551.2,10713.39,27.79,Jumia Pay Wallet,Delivered,3,Agent Network,4.9,0,0
JO-2023-11635,2023-09-20,10:53:00,September,Q3,Wednesday,JMC000984,Abuja,Maitama,Computing,Monitor 24inch,Dell,3,846235.09,0,846235.09,740117.21,0,2538705.27,318353.64,12.54,Cash on Delivery,Returned,7,Mobile App,,1,0
JO-2023-12735,2023-09-20,22:21:00,September,Q3,Wednesday,JMC000944,Niger,Suleja,Fashion,Men's Jeans,Lagos Styles,5,64010.73,0,64010.73,40557.2,0,320053.65,117267.65,36.64,USSD Payment,Delivered,2,Website Desktop,2.9,0,0
JO-2023-10606,2023-09-21,19:44:00,September,Q3,Thursday,JMC000521,Cross River,Calabar,Electronics,Smart Watch,Tecno,2,95219.29,0,95219.29,71623.95,0,190438.58,47190.68,24.78,Jumia Pay Wallet,Processing,8,Mobile App,,0,0
JO-2023-10632,2023-09-21,12:43:00,September,Q3,Thursday,JMC001481,Anambra,Nnewi,Fashion,Wristwatch Classic,Nike,1,18394.53,10,16555.08,8039.15,0,16555.08,8515.93,51.44,Cash on Delivery,Delivered,2,Mobile App,3.5,0,0
JO-2023-10872,2023-09-21,13:17:00,September,Q3,Thursday,JMC001028,Edo,Ikpoba-Okha,Beauty & Health,Sunscreen SPF50,Nivea,2,16908.06,50,8454.03,3855.04,0,16908.06,9197.98,54.4,USSD Payment,Processing,6,Website Desktop,,0,0
JO-2023-10978,2023-09-21,22:11:00,September,Q3,Thursday,JMC000198,Rivers,Eleme,Groceries,Spaghetti 500g,PZ Cussons,1,7747.3,15,6585.2,5958.95,1500,6585.2,626.25,9.51,Card Payment,Delivered,6,Mobile App,2.7,0,0
JO-2023-11026,2023-09-21,17:39:00,September,Q3,Thursday,JMC000096,Enugu,Udi,Electronics,Smart Watch,Samsung,1,168090.44,0,168090.44,147751.5,0,168090.44,20338.94,12.1,Cash on Delivery,Cancelled,5,Website Desktop,,0,0
JO-2023-11086,2023-09-21,08:37:00,September,Q3,Thursday,JMC000418,Abuja,Wuse,Home & Kitchen,Iron Box Steam,Nexus,2,23553.6,5,22375.92,16005.5,0,44751.84,12740.84,28.47,Bank Transfer,Delivered,5,Mobile App,2.5,0,0
JO-2023-11466,2023-09-21,10:25:00,September,Q3,Thursday,JMC000419,Oyo,Ibadan South,Computing,Wireless Mouse,Asus,1,756927.55,0,756927.55,677904.31,0,756927.55,79023.24,10.44,Bank Transfer,Delivered,5,Mobile App,2.9,0,0
JO-2023-10144,2023-09-22,11:00:00,September,Q3,Friday,JMC000752,Rivers,Obio-Akpor,Beauty & Health,Manicure Kit,Dove,1,28213.24,20,22570.59,13206.05,0,22570.59,9364.54,41.49,Bank Transfer,Delivered,3,Agent Network,3.1,0,0
JO-2023-10173,2023-09-22,09:07:00,September,Q3,Friday,JMC000666,Lagos,Ikorodu,Beauty & Health,Hair Relaxer Kit,Neutrogena,2,10207.08,50,5103.54,2557.38,0,10207.08,5092.32,49.89,Cash on Delivery,Delivered,1,Mobile App,3.1,0,0
JO-2023-10466,2023-09-22,07:47:00,September,Q3,Friday,JMC000732,Anambra,Anambra East,Computing,USB Hub 7-Port,MacBook,3,433418.47,0,433418.47,355923.25,0,1300255.41,232485.66,17.88,Jumia Pay Wallet,Processing,2,Agent Network,,0,0
JO-2023-10762,2023-09-22,22:05:00,September,Q3,Friday,JMC000695,Lagos,Ikeja,Electronics,Desk Fan,Lenovo,2,340833.53,0,340833.53,251057.98,0,681667.06,179551.1,26.34,Jumia Pay Wallet,Delivered,8,Website Desktop,4.7,0,0
JO-2023-10812,2023-09-22,23:52:00,September,Q3,Friday,JMC001086,Niger,Suleja,Home & Kitchen,Non-stick Frying Pan,Scanfrost,2,48591.34,10,43732.21,31675.24,0,87464.42,24113.94,27.57,Card Payment,Shipped,8,Website Desktop,,0,0
JO-2023-11203,2023-09-22,14:53:00,September,Q3,Friday,JMC000372,Lagos,Ikeja,Groceries,Honey Natural 500g,Unilever,2,21849.8,25,16387.35,14989.51,0,32774.7,2795.68,8.53,Jumia Pay Wallet,Delivered,1,Website Desktop,3.4,0,0
JO-2023-11785,2023-09-22,10:17:00,September,Q3,Friday,JMC000388,Lagos,Lagos Island,Home & Kitchen,Coffee Maker,Nexus,1,147812.89,0,147812.89,95073.25,0,147812.89,52739.64,35.68,Card Payment,Delivered,7,USSD,2.6,0,0
JO-2023-11807,2023-09-22,16:00:00,September,Q3,Friday,JMC000543,Rivers,Port Harcourt,Electronics,Wireless Earbuds,Tecno,3,283940.69,0,283940.69,243734.69,0,851822.07,120618.0,14.16,USSD Payment,Delivered,1,Website Desktop,3.0,0,0
JO-2023-11849,2023-09-22,10:17:00,September,Q3,Friday,JMC001439,Abuja,Wuse,Electronics,Smart Watch,Infinix,2,379176.55,50,189588.27,141887.86,0,379176.54,95400.82,25.16,Bank Transfer,Delivered,6,USSD,3.2,0,0
JO-2023-12873,2023-09-22,14:56:00,September,Q3,Friday,JMC000702,Lagos,Ikeja,Groceries,Sugar 1kg,Cadbury,3,12292.86,0,12292.86,10645.62,0,36878.58,4941.72,13.4,Bank Transfer,Processing,8,USSD,,0,0
JO-2023-10557,2023-09-23,18:07:00,September,Q3,Saturday,JMC001220,Nasarawa,Akwanga,Beauty & Health,Body Scrub,Black Seed,4,27847.5,0,27847.5,14993.09,0,111390.0,51417.64,46.16,Card Payment,Delivered,6,Mobile App,4.3,0,0
JO-2023-10678,2023-09-23,22:48:00,September,Q3,Saturday,JMC001200,Lagos,Ikorodu,Electronics,Power Bank 20000mAh,Sony,1,371225.25,0,371225.25,305407.01,0,371225.25,65818.24,17.73,Card Payment,Delivered,5,Website Desktop,,0,0
JO-2023-11333,2023-09-23,13:02:00,September,Q3,Saturday,JMC000759,Enugu,Nkanu,Electronics,Bluetooth Speaker,Apple,1,325540.77,15,276709.65,224688.24,0,276709.65,52021.41,18.8,Cash on Delivery,Delivered,6,Website Desktop,4.4,0,0
JO-2023-11644,2023-09-23,11:46:00,September,Q3,Saturday,JMC001004,Kaduna,Zaria,Beauty & Health,Beard Oil 50ml,Olay,1,14987.01,5,14237.66,8603.82,0,14237.66,5633.84,39.57,Jumia Pay Wallet,Delivered,8,Website Desktop,4.8,0,0
JO-2023-11684,2023-09-23,13:32:00,September,Q3,Saturday,JMC000602,Ondo,Ondo City,Beauty & Health,Beard Oil 50ml,Nivea,1,33193.94,0,33193.94,17287.4,0,33193.94,15906.54,47.92,Jumia Pay Wallet,Shipped,2,Website Desktop,,0,0
JO-2023-12426,2023-09-23,20:05:00,September,Q3,Saturday,JMC000125,Lagos,Agege,Electronics,Bluetooth Speaker,Lenovo,1,165779.72,0,165779.72,131844.61,0,165779.72,33935.11,20.47,Jumia Pay Wallet,Processing,2,Website Desktop,,0,0
JO-2023-12989,2023-09-23,23:44:00,September,Q3,Saturday,JMC001479,Kano,Gwale,Electronics,Table Lamp LED,Samsung,1,111965.2,40,67179.12,51506.23,0,67179.12,15672.89,23.33,Card Payment,Delivered,6,Website Desktop,4.7,0,0
JO-2023-10080,2023-09-24,15:56:00,September,Q3,Sunday,JMC000658,Rivers,Obio-Akpor,Electronics,Power Bank 20000mAh,Apple,1,85408.51,0,85408.51,67447.1,0,85408.51,17961.41,21.03,Cash on Delivery,Shipped,7,Mobile App,,0,0
JO-2023-10494,2023-09-24,21:28:00,September,Q3,Sunday,JMC001161,Cross River,Ikom,Fashion,Sunglasses UV400,Nike,1,82094.99,0,82094.99,49363.72,0,82094.99,32731.27,39.87,Jumia Pay Wallet,Cancelled,4,Mobile App,,0,0
JO-2023-10909,2023-09-24,17:20:00,September,Q3,Sunday,JMC000435,Lagos,Lekki,Home & Kitchen,Cutlery Set 24pcs,Nasco,1,123338.14,40,74002.88,47250.84,0,74002.88,26752.04,36.15,Card Payment,Delivered,5,Agent Network,3.8,0,0
JO-2023-11017,2023-09-24,09:05:00,September,Q3,Sunday,JMC000800,Anambra,Nnewi,Home & Kitchen,Storage Containers,Nasco,1,15894.44,0,15894.44,12221.23,0,15894.44,3673.21,23.11,Card Payment,Delivered,4,Mobile App,3.9,0,0
JO-2023-11111,2023-09-24,20:04:00,September,Q3,Sunday,JMC000775,Benue,Otukpo,Beauty & Health,Face Mask Set,Black Seed,1,17391.04,0,17391.04,11112.87,0,17391.04,6278.17,36.1,Bank Transfer,Delivered,1,Website Desktop,2.8,0,0
JO-2023-11813,2023-09-24,12:56:00,September,Q3,Sunday,JMC000692,Delta,Uvwie,Home & Kitchen,Kitchen Towel Set,Philips,2,169436.83,0,169436.83,123061.97,0,338873.66,92749.72,27.37,Cash on Delivery,Delivered,2,WhatsApp Store,4.1,0,0
JO-2023-11823,2023-09-24,08:03:00,September,Q3,Sunday,JMC000500,Cross River,Calabar,Electronics,Desk Fan,,1,321594.46,50,160797.23,125807.75,0,160797.23,34989.48,21.76,Card Payment,Cancelled,2,Mobile App,,0,0
JO-2023-12529,2023-09-24,10:15:00,September,Q3,Sunday,JMC000138,Kwara,Patigi,Electronics,Electric Kettle,Infinix,2,245475.91,0,245475.91,213613.14,0,490951.82,63725.54,12.98,Card Payment,Cancelled,5,USSD,,0,0
JO-2023-12647,2023-09-24,07:08:00,September,Q3,Sunday,JMC000952,Lagos,Lekki,Home & Kitchen,Non-stick Frying Pan,Scanfrost,2,121739.74,30,85217.82,59541.69,0,170435.64,51352.26,30.13,Jumia Pay Wallet,Processing,7,Mobile App,,0,0
JO-2023-10768,2023-09-25,18:11:00,September,Q3,Monday,JMC000644,Plateau,Barkin Ladi,Beauty & Health,Sunscreen SPF50,Dove,2,26517.69,0,26517.69,12773.57,0,53035.38,27488.24,51.83,Cash on Delivery,Cancelled,5,Mobile App,,0,0
JO-2023-11438,2023-09-25,10:12:00,September,Q3,Monday,JMC000740,Cross River,Calabar,Fashion,Wristwatch Classic,Nike,2,66969.16,0,66969.16,34924.42,0,133938.32,64089.48,47.85,Card Payment,Delivered,6,Agent Network,2.8,0,0
JO-2023-11558,2023-09-25,10:50:00,September,Q3,Monday,JMC000905,Kano,Gwale,Home & Kitchen,Cutlery Set 24pcs,Scanfrost,1,43983.23,0,43983.23,33502.03,0,43983.23,10481.2,23.83,Jumia Pay Wallet,Delivered,6,Agent Network,3.8,0,0
JO-2023-11739,2023-09-25,11:02:00,September,Q3,Monday,JMC000060,Kano,Nassarawa,Electronics,Power Bank 20000mAh,Lenovo,1,412741.18,0,412741.18,318223.45,0,412741.18,94517.73,22.9,Card Payment,Shipped,7,Mobile App,,0,0
JO-2023-11839,2023-09-25,20:08:00,September,Q3,Monday,JMC000167,Cross River,Calabar,Electronics,Bluetooth Speaker,JBL,1,154115.02,20,123292.02,98769.24,0,123292.02,24522.78,19.89,Cash on Delivery,Delivered,5,Website Desktop,4.5,0,0
JO-2023-12368,2023-09-25,11:13:00,September,Q3,Monday,JMC000490,Oyo,Ibadan South,Beauty & Health,Hair Relaxer Kit,Dove,2,1509.26,40,905.56,460.75,1200,1811.12,889.62,49.12,Cash on Delivery,Delivered,5,USSD,4.8,0,0
JO-2023-12477,2023-09-25,08:33:00,September,Q3,Monday,JMC001042,Abuja,Maitama,Beauty & Health,Sunscreen SPF50,Black Seed,1,17613.05,0,17613.05,9197.53,0,17613.05,8415.52,47.78,Card Payment,Delivered,2,Mobile App,4.0,0,0
JO-2023-12489,2023-09-25,20:07:00,September,Q3,Monday,JMC000579,Rivers,Port Harcourt,Home & Kitchen,Cutlery Set 24pcs,Binatone,3,88414.21,0,88414.21,60095.14,0,265242.63,84957.21,32.03,Card Payment,Delivered,8,USSD,4.8,0,0
JO-2023-12686,2023-09-25,17:38:00,September,Q3,Monday,JMC000453,Kaduna,Chikun,Sports & Outdoor,Football Size 5,Spalding,2,58885.49,25,44164.12,30177.34,0,88328.24,27973.56,31.67,Bank Transfer,Returned,3,Website Desktop,,1,0
JO-2023-10199,2023-09-26,15:43:00,September,Q3,Tuesday,JMC001436,Anambra,Anambra East,Fashion,Men's Jeans,Nike,2,38648.89,0,38648.89,17817.14,0,77297.78,41663.5,53.9,Card Payment,Delivered,3,WhatsApp Store,4.9,0,0
JO-2023-11188,2023-09-26,07:21:00,September,Q3,Tuesday,JMC000001,Abuja,Wuse,Fashion,Baseball Cap,Lagos Styles,2,24464.6,50,12232.3,6171.2,0,24464.6,12122.2,49.55,Jumia Pay Wallet,Delivered,2,Mobile App,2.6,0,0
JO-2023-11615,2023-09-26,22:42:00,September,Q3,Tuesday,JMC000913,Abuja,Kubwa,Home & Kitchen,Dish Rack,Nexus,3,93506.12,0,93506.12,65678.7,0,280518.36,83482.26,29.76,Bank Transfer,Delivered,4,USSD,3.7,0,0
JO-2023-12208,2023-09-26,19:31:00,September,Q3,Tuesday,JMC000784,Kano,Kano City,Fashion,Women's Heels,Zara,2,61584.34,0,61584.34,37387.85,0,123168.68,48392.98,39.29,Bank Transfer,Delivered,7,WhatsApp Store,4.4,0,0
JO-2023-12695,2023-09-26,14:06:00,September,Q3,Tuesday,JMC001061,Ogun,Abeokuta,Fashion,Handbag Brown,Lagos Styles,1,29451.99,0,29451.99,18177.77,0,29451.99,11274.22,38.28,Card Payment,Shipped,1,WhatsApp Store,,0,0
JO-2023-12984,2023-09-26,18:36:00,September,Q3,Tuesday,JMC001011,Lagos,Ikorodu,Fashion,Wristwatch Classic,H&M,3,78310.51,5,74394.98,41735.58,0,223184.94,97978.2,43.9,Card Payment,Processing,4,Website Desktop,,0,0
JO-2023-10428,2023-09-27,20:39:00,September,Q3,Wednesday,JMC000722,Ogun,Ilaro,Beauty & Health,Moisturising Lotion 400ml,Olay,2,6247.15,0,6247.15,2742.5,0,12494.3,7009.3,56.1,Card Payment,Shipped,8,Mobile App,,0,0
JO-2023-10880,2023-09-27,14:49:00,September,Q3,Wednesday,JMC000331,Imo,Owerri,Fashion,Women's Ankara Gown,H&M,1,27778.35,30,19444.84,10574.1,0,19444.84,8870.74,45.62,Jumia Pay Wallet,Delivered,2,Mobile App,,0,0
JO-2023-11106,2023-09-27,14:47:00,September,Q3,Wednesday,JMC000847,Rivers,Obio-Akpor,Fashion,Sunglasses UV400,Lagos Styles,1,43846.38,15,37269.42,20013.68,0,37269.42,17255.74,46.3,Bank Transfer,Delivered,4,Website Desktop,4.5,0,0
JO-2023-11135,2023-09-27,19:28:00,September,Q3,Wednesday,JMC001101,Abuja,Garki,Electronics,Table Lamp LED,HP,2,166921.49,0,166921.49,141232.27,0,333842.98,51378.44,15.39,Card Payment,Delivered,4,Mobile App,2.6,0,0
JO-2023-11334,2023-09-27,15:04:00,September,Q3,Wednesday,JMC000205,Abuja,Gwarinpa,Beauty & Health,Body Scrub,Olay,1,7700.34,0,7700.34,4924.37,700,7700.34,2775.97,36.05,Bank Transfer,Delivered,5,Website Desktop,2.6,0,0
JO-2023-11861,2023-09-27,19:30:00,September,Q3,Wednesday,JMC000885,Delta,Oshimili,Fashion,Leather Belt,Ankara Palace,1,69576.34,15,59139.89,31243.6,0,59139.89,27896.29,47.17,Jumia Pay Wallet,Delivered,8,Website Desktop,3.0,0,0
JO-2023-12257,2023-09-27,08:13:00,September,Q3,Wednesday,JMC001204,Abuja,Asokoro,Beauty & Health,Face Mask Set,Dove,3,18538.48,0,18538.48,9675.23,0,55615.44,26589.75,47.81,Jumia Pay Wallet,Shipped,3,Mobile App,,0,0
JO-2023-10008,2023-09-28,18:09:00,September,Q3,Thursday,JMC000056,Ondo,Owo,Computing,Wireless Mouse,HP,4,731767.41,0,731767.41,627344.2,0,2927069.64,417692.84,14.27,Jumia Pay Wallet,Delivered,4,Mobile App,3.1,0,0
JO-2023-10031,2023-09-28,21:28:00,September,Q3,Thursday,JMC000553,Lagos,Surulere,Home & Kitchen,Non-stick Frying Pan,Bosch,3,126928.16,0,126928.16,99384.75,0,380784.48,82630.23,21.7,Card Payment,Delivered,1,Website Desktop,2.6,0,0
JO-2023-10731,2023-09-28,08:02:00,September,Q3,Thursday,JMC000402,Oyo,Ogbomoso,Electronics,Smart TV 43inch,Lenovo,2,200037.8,15,170032.13,136263.75,0,340064.26,67536.76,19.86,Cash on Delivery,Delivered,1,USSD,3.9,0,0
JO-2023-11626,2023-09-28,12:50:00,September,Q3,Thursday,JMC000629,Lagos,Yaba,Sports & Outdoor,Cycling Helmet,Under Armour,2,23235.66,0,23235.66,15823.48,0,46471.32,14824.36,31.9,Jumia Pay Wallet,Shipped,6,Mobile App,,0,0
JO-2023-12823,2023-09-28,08:03:00,September,Q3,Thursday,JMC000521,Lagos,Victoria Island,Fashion,Women's Heels,Zara,1,70805.39,0,70805.39,43361.22,0,70805.39,27444.17,38.76,Bank Transfer,Shipped,2,Mobile App,,0,0
JO-2023-10013,2023-09-29,22:50:00,September,Q3,Friday,JMC001148,Lagos,Lekki,Fashion,Women's Ankara Gown,Ankara Palace,1,39256.69,10,35331.02,19322.53,0,35331.02,16008.49,45.31,Bank Transfer,Processing,4,Website Desktop,,0,0
JO-2023-10018,2023-09-29,13:18:00,September,Q3,Friday,JMC001377,Lagos,Yaba,Groceries,Spaghetti 500g,Dangote,2,679.05,0,679.05,611.89,1500,1358.1,134.32,9.89,Card Payment,Cancelled,4,USSD,,0,0
JO-2023-10531,2023-09-29,19:45:00,September,Q3,Friday,JMC001151,Anambra,Awka,Sports & Outdoor,Dumbbell 5kg pair,Spalding,3,34497.5,30,24148.25,14544.49,0,72444.75,28811.28,39.77,Jumia Pay Wallet,Delivered,7,Agent Network,2.9,0,0
JO-2023-10583,2023-09-29,11:34:00,September,Q3,Friday,JMC001146,Nasarawa,Nasarawa,Fashion,Women's Ankara Gown,Ankara Palace,1,50165.08,0,50165.08,34518.59,0,50165.08,15646.49,31.19,Card Payment,Delivered,2,WhatsApp Store,3.1,0,0
JO-2023-10680,2023-09-29,07:26:00,September,Q3,Friday,JMC001484,Benue,Gboko,Computing,Wireless Mouse,MacBook,1,808882.89,0,808882.89,669674.14,0,808882.89,139208.75,17.21,Card Payment,Delivered,7,Agent Network,4.2,0,0
JO-2023-10792,2023-09-29,21:49:00,September,Q3,Friday,JMC000705,Kano,Tarauni,Fashion,Leather Belt,Zara,1,71989.72,0,71989.72,44849.6,0,71989.72,27140.12,37.7,Jumia Pay Wallet,Delivered,3,Mobile App,4.1,0,0
JO-2023-11251,2023-09-29,07:11:00,September,Q3,Friday,JMC001399,Enugu,Enugu North,Sports & Outdoor,Basketball Outdoor,Under Armour,1,19003.29,10,17102.96,10046.28,0,17102.96,7056.68,41.26,Card Payment,Shipped,7,Mobile App,,0,0
JO-2023-11584,2023-09-29,16:03:00,September,Q3,Friday,JMC000080,Kwara,Offa,Computing,External SSD 1TB,Acer,1,335199.82,0,335199.82,269232.5,0,335199.82,65967.32,19.68,Card Payment,Delivered,3,Mobile App,4.0,0,0
JO-2023-11867,2023-09-29,09:18:00,September,Q3,Friday,JMC000070,Nasarawa,Nasarawa,Computing,Webcam HD 1080p,MacBook,1,504884.42,50,252442.21,226364.93,0,252442.21,26077.28,10.33,Jumia Pay Wallet,Delivered,6,Agent Network,3.1,0,0
JO-2023-11973,2023-09-29,20:40:00,September,Q3,Friday,JMC000027,Kano,Gwale,Books & Education,Python Programming Basics,Oxford,4,2631.14,0,2631.14,1585.0,0,10524.56,4184.56,39.76,Card Payment,Delivered,8,Mobile App,2.5,0,0
JO-2023-12543,2023-09-29,11:09:00,September,Q3,Friday,JMC000867,Lagos,Ikorodu,Home & Kitchen,Non-stick Frying Pan,Binatone,1,68173.51,0,68173.51,43542.42,0,68173.51,24631.09,36.13,Bank Transfer,Delivered,6,Website Desktop,2.6,0,0
JO-2023-12649,2023-09-29,09:25:00,September,Q3,Friday,JMC000016,Abuja,Gwarinpa,Sports & Outdoor,Jump Rope,Under Armour,3,83357.42,,83357.42,49631.01,0,250072.26,101179.23,40.46,Cash on Delivery,Shipped,5,Website Desktop,,0,0
JO-2023-10175,2023-09-30,17:42:00,September,Q3,Saturday,JMC000147,Enugu,Enugu South,Home & Kitchen,Dish Rack,Binatone,1,36355.73,0,36355.73,27881.21,0,36355.73,8474.52,23.31,Cash on Delivery,Delivered,4,Mobile App,4.4,0,0
JO-2023-10334,2023-09-30,21:01:00,September,Q3,Saturday,JMC000595,Lagos,Ikeja,Groceries,Rice 5kg Bag,Cadbury,3,10612.31,50,5306.15,4463.0,0,15918.45,2529.45,15.89,Bank Transfer,Delivered,2,Agent Network,3.8,0,0
JO-2023-10530,2023-09-30,21:27:00,September,Q3,Saturday,JMC001345,Ogun,Ilaro,Home & Kitchen,Blender 1.5L,Nasco,1,128986.5,5,122537.17,90591.73,,122537.17,31945.44,26.07,Bank Transfer,Shipped,7,Mobile App,,0,0
JO-2023-10690,2023-09-30,19:34:00,September,Q3,Saturday,JMC000688,Delta,Warri,Fashion,Leather Belt,H&M,1,42522.97,0,42522.97,19632.86,0,42522.97,22890.11,53.83,Bank Transfer,Delivered,5,Website Desktop,4.4,0,0
JO-2023-11201,2023-09-30,13:12:00,September,Q3,Saturday,JMC000379,Kano,Nassarawa,Beauty & Health,Vitamin C Serum,L'Oreal,2,19952.73,0,19952.73,12037.48,0,39905.46,15830.5,39.67,Jumia Pay Wallet,Processing,7,Mobile App,,0,0
JO-2023-11215,2023-09-30,20:28:00,September,Q3,Saturday,JMC000726,Ondo,Ikare,Home & Kitchen,Air Fryer 4L,Scanfrost,4,149097.22,0,149097.22,104994.26,0,596388.88,176411.84,29.58,Bank Transfer,Delivered,2,WhatsApp Store,4.7,0,0
JO-2023-11985,2023-09-30,09:51:00,September,Q3,Saturday,JMC001378,Ogun,Abeokuta,Groceries,Groundnut Oil 5L,,3,10560.2,,10560.2,9041.64,,31680.6,4555.68,14.38,USSD Payment,Delivered,4,Mobile App,2.9,0,0
JO-2023-12188,2023-09-30,21:38:00,September,Q3,Saturday,JMC000669,Edo,Ikpoba-Okha,Home & Kitchen,Blender 1.5L,Philips,4,110568.67,0,110568.67,78758.06,0,442274.68,127242.44,28.77,Bank Transfer,Delivered,1,Mobile App,4.1,0,0
JO-2023-12220,2023-09-30,23:33:00,September,Q3,Saturday,JMC000235,Imo,Owerri,Sports & Outdoor,Dumbbell 5kg pair,Spalding,1,75437.52,0,75437.52,52730.83,0,75437.52,22706.69,30.1,Jumia Pay Wallet,Delivered,5,Website Desktop,,0,0
JO-2023-12235,2023-09-30,23:33:00,September,Q3,Saturday,JMC000370,Cross River,Obanliku,Home & Kitchen,Storage Containers,Binatone,1,95051.71,0,95051.71,72885.65,0,95051.71,22166.06,23.32,Cash on Delivery,Delivered,2,Mobile App,4.4,0,0
JO-2023-11110,2023-10-01,18:31:00,October,Q4,Sunday,JMC000241,Kaduna,Zaria,Beauty & Health,Vitamin C Serum,Olay,1,30177.44,,30177.44,12336.54,0,30177.44,17840.9,59.12,Card Payment,Delivered,7,USSD,3.5,0,0
JO-2023-11343,2023-10-01,20:23:00,October,Q4,Sunday,JMC000820,Rivers,Port Harcourt,Home & Kitchen,Iron Box Steam,Binatone,1,162845.57,0,162845.57,126970.69,0,162845.57,35874.88,22.03,Cash on Delivery,Shipped,4,Agent Network,,0,0
JO-2023-11717,2023-10-01,09:23:00,October,Q4,Sunday,JMC000727,Bauchi,Azare,Home & Kitchen,Cutlery Set 24pcs,Scanfrost,1,173578.64,0,173578.64,111038.26,0,173578.64,62540.38,36.03,Card Payment,Delivered,7,Mobile App,3.7,0,0
JO-2023-11740,2023-10-01,10:46:00,October,Q4,Sunday,JMC000729,Abuja,Asokoro,Electronics,Extension Socket,Samsung,2,245354.34,0,245354.34,186027.66,0,490708.68,118653.36,24.18,Card Payment,Shipped,7,Mobile App,,0,0
JO-2023-12030,2023-10-01,16:01:00,October,Q4,Sunday,JMC001270,Benue,Makurdi,Beauty & Health,Manicure Kit,Black Seed,1,4676.93,0,4676.93,1989.1,1000,4676.93,2687.83,57.47,Cash on Delivery,Processing,4,Mobile App,,0,0
JO-2023-12076,2023-10-01,20:57:00,October,Q4,Sunday,JMC000310,Oyo,Oyo,Fashion,Sneakers Size 42,Adidas,1,31230.15,0,31230.15,15918.01,0,31230.15,15312.14,49.03,Cash on Delivery,Delivered,2,Mobile App,3.1,0,0
JO-2023-12158,2023-10-01,23:07:00,October,Q4,Sunday,JMC000235,Lagos,Lagos Island,Fashion,Sneakers Size 42,Nike,1,74957.28,0,74957.28,39689.88,0,74957.28,35267.4,47.05,Cash on Delivery,Cancelled,6,Agent Network,,0,0
JO-2023-12345,2023-10-01,10:53:00,October,Q4,Sunday,JMC000379,Delta,Uvwie,Home & Kitchen,Blender 1.5L,Binatone,2,165142.31,15,140370.96,94539.84,0,280741.92,91662.24,32.65,Jumia Pay Wallet,Returned,1,Mobile App,,1,0
JO-2023-12445,2023-10-01,08:23:00,October,Q4,Sunday,JMC000594,Kano,Kano City,Home & Kitchen,Blender 1.5L,Nasco,1,84629.86,0,84629.86,51175.68,0,84629.86,33454.18,39.53,Card Payment,Delivered,4,USSD,4.7,0,0
JO-2023-12776,2023-10-01,13:51:00,October,Q4,Sunday,JMC000448,Nasarawa,Lafia,Beauty & Health,Shampoo Anti-Dandruff,Olay,2,1414.99,0,1414.99,828.34,700,2829.98,1173.3,41.46,Card Payment,Delivered,7,Website Desktop,2.9,0,0
JO-2023-12789,2023-10-01,09:18:00,October,Q4,Sunday,JMC000642,Kwara,Patigi,Electronics,Extension Socket,Tecno,3,25388.97,0,25388.97,21674.56,0,76166.91,11143.23,14.63,Card Payment,Delivered,6,Mobile App,4.1,0,0
JO-2023-12977,2023-10-01,08:21:00,October,Q4,Sunday,JMC000451,Ondo,Ikare,Computing,External SSD 1TB,Asus,2,558026.5,20,446421.2,386466.83,0,892842.4,119908.74,13.43,Jumia Pay Wallet,Delivered,1,Mobile App,3.2,0,0
JO-2023-10023,2023-10-02,09:42:00,October,Q4,Monday,JMC001528,Anambra,Nnewi,Groceries,Spaghetti 500g,Nestle,1,18314.58,50,9157.29,8073.98,1500,9157.29,1083.31,11.83,Jumia Pay Wallet,Shipped,5,Website Desktop,,0,0
JO-2023-10618,2023-10-02,20:06:00,October,Q4,Monday,JMC000165,Lagos,Surulere,Fashion,Men's Jeans,Adidas,1,57517.14,0,57517.14,38168.37,0,57517.14,19348.77,33.64,Jumia Pay Wallet,Delivered,4,Mobile App,4.2,0,0
JO-2023-10811,2023-10-02,15:19:00,October,Q4,Monday,JMC000874,Lagos,Ikorodu,Groceries,Tin Tomato Carton,Cadbury,4,23083.22,0,23083.22,19629.97,0,92332.88,13813.0,14.96,Card Payment,Shipped,4,Website Desktop,,0,0
JO-2023-11059,2023-10-02,18:11:00,October,Q4,Monday,JMC000539,Lagos,Ikorodu,Beauty & Health,Vitamin C Serum,Black Seed,1,4236.01,0,4236.01,2179.0,1500,4236.01,2057.01,48.56,Jumia Pay Wallet,Delivered,8,WhatsApp Store,4.7,0,0
JO-2023-11134,2023-10-02,12:13:00,October,Q4,Monday,JMC001306,Anambra,Onitsha,Books & Education,English Grammar,Farafina,5,1926.25,0,1926.25,1305.42,2000,9631.25,3104.15,32.23,Card Payment,Cancelled,5,Mobile App,,0,0
JO-2023-12011,2023-10-02,08:07:00,October,Q4,Monday,JMC000126,Plateau,Jos,Fashion,Sneakers Size 42,H&M,2,41664.21,0,41664.21,21819.55,0,83328.42,39689.32,47.63,Cash on Delivery,Shipped,1,Mobile App,,0,0
JO-2023-12511,2023-10-02,19:25:00,October,Q4,Monday,JMC001380,Ogun,Ilaro,Beauty & Health,Hair Relaxer Kit,Nivea,5,13868.09,0,13868.09,8545.52,0,69340.45,26612.85,38.38,Cash on Delivery,Delivered,3,Mobile App,2.9,0,0
JO-2023-12523,2023-10-02,11:33:00,October,Q4,Monday,JMC000327,Oyo,Oyo,Computing,Printer Ink Cartridge,HP,2,368162.95,15,312938.51,278890.8,0,625877.02,68095.42,10.88,Bank Transfer,Delivered,8,Website Desktop,3.3,0,0
JO-2023-12558,2023-10-02,09:08:00,October,Q4,Monday,JMC001219,Kano,Tarauni,Electronics,Smart TV 43inch,Samsung,3,303469.33,0,303469.33,250149.77,0,910407.99,159958.68,17.57,Bank Transfer,Processing,8,Agent Network,,0,0
JO-2023-12772,2023-10-02,19:31:00,October,Q4,Monday,JMC000046,Lagos,Yaba,Fashion,Women's Ankara Gown,Zara,2,14634.16,0,14634.16,9280.98,0,29268.32,10706.36,36.58,Card Payment,Delivered,7,Website Desktop,3.0,0,0
JO-2023-10194,2023-10-03,14:49:00,October,Q4,Tuesday,JMC001239,Lagos,Yaba,Electronics,Smart Watch,Samsung,4,386505.94,0,386505.94,328877.9,0,1546023.76,230512.16,14.91,Bank Transfer,Delivered,4,Website Desktop,3.6,0,0
JO-2023-11910,2023-10-03,17:24:00,October,Q4,Tuesday,JMC000478,Lagos,Ikeja,Home & Kitchen,Iron Box Steam,Binatone,3,53998.72,20,43198.98,26835.21,0,129596.94,49091.31,37.88,Cash on Delivery,Delivered,3,Website Desktop,3.5,0,0
JO-2023-12270,2023-10-03,11:52:00,October,Q4,Tuesday,JMC000538,Abuja,Gwarinpa,Fashion,Wristwatch Classic,Lagos Styles,1,34211.41,0,34211.41,16500.16,0,34211.41,17711.25,51.77,Card Payment,Delivered,1,Website Desktop,3.0,0,0
JO-2023-12773,2023-10-03,21:05:00,October,Q4,Tuesday,JMC001106,Ogun,Sagamu,Beauty & Health,Face Mask Set,Neutrogena,4,9256.13,15,7867.71,4427.16,0,31470.84,13762.2,43.73,Jumia Pay Wallet,Cancelled,1,Website Desktop,,0,0
JO-2023-12780,2023-10-03,11:20:00,October,Q4,Tuesday,JMC001466,Abuja,Asokoro,Books & Education,Mathematics Textbook,Kachifo,2,10759.47,20,8607.58,5953.0,0,17215.16,5309.16,30.84,Bank Transfer,Delivered,1,Mobile App,3.8,0,0
JO-2023-12839,2023-10-03,16:37:00,October,Q4,Tuesday,JMC000591,Plateau,Barkin Ladi,Electronics,Phone Charger USB-C,Infinix,4,383234.23,25,287425.67,232239.94,0,1149702.68,220742.92,19.2,Bank Transfer,Delivered,2,WhatsApp Store,3.1,0,0
JO-2023-12895,2023-10-03,21:11:00,October,Q4,Tuesday,JMC000773,Abuja,Asokoro,Beauty & Health,Hair Relaxer Kit,Neutrogena,1,10054.81,0,10054.81,4875.58,0,10054.81,5179.23,51.51,Cash on Delivery,Delivered,6,Mobile App,4.0,0,0
JO-2023-10543,2023-10-04,12:50:00,October,Q4,Wednesday,JMC000513,Abuja,Garki,Fashion,Women's Ankara Gown,,1,30015.95,0,30015.95,18693.93,0,30015.95,11322.02,37.72,Jumia Pay Wallet,Returned,3,Mobile App,,1,0
JO-2023-11015,2023-10-04,16:01:00,October,Q4,Wednesday,JMC001392,Kano,Gwale,Electronics,Smart TV 43inch,JBL,3,148279.13,0,148279.13,114441.83,0,444837.39,101511.9,22.82,USSD Payment,Delivered,5,Website Desktop,4.5,0,0
JO-2023-11907,2023-10-04,19:21:00,October,Q4,Wednesday,JMC001309,Abuja,Maitama,Books & Education,Atlas of Nigeria,Kachifo,3,16871.64,0,16871.64,10732.05,0,50614.92,18418.77,36.39,Cash on Delivery,Delivered,4,USSD,,0,0
JO-2023-12204,2023-10-04,16:42:00,October,Q4,Wednesday,JMC000908,Anambra,Anambra East,Electronics,Electric Kettle,JBL,1,60713.38,5,57677.71,46909.28,0,57677.71,10768.43,18.67,Jumia Pay Wallet,Delivered,6,Website Desktop,4.1,0,0
JO-2023-12307,2023-10-04,12:28:00,October,Q4,Wednesday,JMC000104,Abuja,Gwarinpa,Electronics,Phone Charger USB-C,Infinix,1,48475.18,0,48475.18,39812.67,0,48475.18,8662.51,17.87,Bank Transfer,Delivered,4,Mobile App,5.0,0,0
JO-2023-12840,2023-10-04,09:35:00,October,Q4,Wednesday,JMC000360,Cross River,Ogoja,Groceries,Noodles Instant 70g,Dangote,1,23764.77,15,20200.05,17866.94,0,20200.05,2333.11,11.55,Bank Transfer,Delivered,1,Agent Network,4.8,0,0
JO-2023-12931,2023-10-04,09:26:00,October,Q4,Wednesday,JMC001027,Kwara,Patigi,Electronics,Smart Watch,Infinix,2,222010.81,0,222010.81,170903.92,0,444021.62,102213.78,23.02,Bank Transfer,Cancelled,5,Website Desktop,,0,0
JO-2023-10323,2023-10-05,20:58:00,October,Q4,Thursday,JMC000428,Nasarawa,Keffi,Fashion,Men's Jeans,Nike,1,35009.59,5,33259.11,20783.62,0,33259.11,12475.49,37.51,Card Payment,Delivered,7,Website Desktop,4.2,0,0
JO-2023-10362,2023-10-05,14:16:00,October,Q4,Thursday,JMC001028,Abuja,Garki,Books & Education,Finance Fundamentals,Kachifo,3,9072.34,,9072.34,6677.24,0,27217.02,7185.3,26.4,Card Payment,Delivered,6,Mobile App,4.2,0,0
JO-2023-10776,2023-10-05,14:36:00,October,Q4,Thursday,JMC000028,Kano,Tarauni,Beauty & Health,Perfume Floral 100ml,Neutrogena,1,3486.62,30,2440.63,1133.67,1000,2440.63,1306.96,53.55,Cash on Delivery,Shipped,7,Mobile App,,0,0
JO-2023-10861,2023-10-05,19:40:00,October,Q4,Thursday,JMC000503,Abuja,Garki,Home & Kitchen,Iron Box Steam,Philips,1,81352.31,0,81352.31,62234.52,0,81352.31,19117.79,23.5,Card Payment,Delivered,1,Mobile App,4.0,0,0
JO-2023-10997,2023-10-05,20:38:00,October,Q4,Thursday,JMC000722,Kwara,Omu-Aran,Groceries,Milk Tin 400g,Unilever,1,2311.73,0,2311.73,1939.77,1500,2311.73,371.96,16.09,Jumia Pay Wallet,Shipped,3,WhatsApp Store,,0,0
JO-2023-11222,2023-10-05,18:33:00,October,Q4,Thursday,JMC000876,Lagos,Ikorodu,Computing,Laptop 15.6inch i5,Dell,1,688513.26,0,688513.26,599626.2,0,688513.26,88887.06,12.91,Bank Transfer,Processing,7,Mobile App,,0,0
JO-2023-11705,2023-10-05,21:07:00,October,Q4,Thursday,JMC000764,Bauchi,Ningi,Groceries,Noodles Instant 70g,Unilever,1,16450.69,0,16450.69,13812.0,0,16450.69,2638.69,16.04,Card Payment,Shipped,5,Mobile App,,0,0
JO-2023-11817,2023-10-05,10:38:00,October,Q4,Thursday,JMC000444,Lagos,Lagos Island,Beauty & Health,Shampoo Anti-Dandruff,Olay,2,33113.9,0,33113.9,13775.38,0,66227.8,38677.04,58.4,Jumia Pay Wallet,Shipped,6,Website Desktop,,0,0
JO-2023-12218,2023-10-05,17:20:00,October,Q4,Thursday,JMC001273,Imo,Okigwe,Home & Kitchen,Kitchen Towel Set,Nasco,3,17329.51,0,17329.51,13272.67,0,51988.53,12170.52,23.41,Card Payment,Delivered,7,Mobile App,,0,0
JO-2023-10534,2023-10-06,17:41:00,October,Q4,Friday,JMC000699,Kaduna,Chikun,Books & Education,Python Programming Basics,Oxford,2,16125.7,0,16125.7,11436.35,0,32251.4,9378.7,29.08,Cash on Delivery,Delivered,7,Mobile App,5.0,0,0
JO-2023-10642,2023-10-06,10:33:00,October,Q4,Friday,JMC000040,Lagos,Surulere,Fashion,Baseball Cap,Ankara Palace,2,84866.06,50,42433.03,26478.21,0,84866.06,31909.64,37.6,Cash on Delivery,Delivered,3,Website Desktop,3.6,0,0
JO-2023-10763,2023-10-06,21:20:00,October,Q4,Friday,JMC000139,Imo,Orlu,Home & Kitchen,Dish Rack,Bosch,1,79429.94,0,79429.94,47920.08,0,79429.94,31509.86,39.67,Card Payment,Cancelled,1,Mobile App,,0,0
JO-2023-10784,2023-10-06,13:02:00,October,Q4,Friday,JMC000486,Rivers,Oyigbo,Electronics,Electric Kettle,Infinix,2,37663.6,20,30130.88,25394.31,0,60261.76,9473.14,15.72,Card Payment,Delivered,3,Website Desktop,4.8,0,0
JO-2023-11109,2023-10-06,19:27:00,October,Q4,Friday,JMC001015,Edo,Ikpoba-Okha,Fashion,Men's Jeans,Lagos Styles,1,68332.67,0,68332.67,46650.71,0,68332.67,21681.96,31.73,Jumia Pay Wallet,Cancelled,6,Website Desktop,,0,0
JO-2023-11213,2023-10-06,08:41:00,October,Q4,Friday,JMC000021,Abuja,Wuse,Fashion,Men's Jeans,Nike,1,27698.05,25,20773.54,11149.16,0,20773.54,9624.38,46.33,Bank Transfer,Delivered,1,Website Desktop,3.3,0,0
JO-2023-11349,2023-10-06,15:43:00,October,Q4,Friday,JMC001392,Ondo,Akure,Computing,Laptop Bag 15inch,MacBook,1,464864.03,0,464864.03,408708.46,0,464864.03,56155.57,12.08,Jumia Pay Wallet,Delivered,8,Agent Network,4.2,0,0
JO-2023-11637,2023-10-06,21:14:00,October,Q4,Friday,JMC000644,Lagos,Lekki,Sports & Outdoor,Football Size 5,Wilson,2,81689.11,20,65351.29,39459.11,0,130702.58,51784.36,39.62,Bank Transfer,Delivered,4,USSD,4.6,0,0
JO-2023-12203,2023-10-06,08:04:00,October,Q4,Friday,JMC001106,Lagos,Yaba,Computing,External SSD 1TB,MacBook,1,229456.38,0,229456.38,199282.87,0,229456.38,30173.51,13.15,Jumia Pay Wallet,Shipped,6,Website Desktop,,0,0
JO-2023-12443,2023-10-06,21:08:00,October,Q4,Friday,JMC000092,Lagos,Victoria Island,Electronics,Power Bank 20000mAh,Infinix,5,414548.26,0,414548.26,336240.09,0,2072741.3,391540.85,18.89,Card Payment,Delivered,5,Mobile App,4.3,0,0
JO-2023-12998,2023-10-06,13:44:00,October,Q4,Friday,JMC000619,Edo,Egor,Electronics,Bluetooth Speaker,Lenovo,2,167108.63,50,83554.32,72216.0,0,167108.64,22676.64,13.57,Card Payment,Shipped,6,Mobile App,,0,0
JO-2023-10517,2023-10-07,11:19:00,October,Q4,Saturday,JMC000844,Bauchi,Bauchi City,Groceries,Honey Natural 500g,Nestle,1,19112.13,0,19112.13,16908.5,0,19112.13,2203.63,11.53,Card Payment,Delivered,6,Agent Network,3.0,0,0
JO-2023-10877,2023-10-07,09:16:00,October,Q4,Saturday,JMC000604,Delta,Uvwie,Computing,Laptop Stand Aluminium,Acer,3,170387.08,0,170387.08,146584.0,0,511161.24,71409.24,13.97,Jumia Pay Wallet,Delivered,1,Mobile App,4.0,0,0
JO-2023-11362,2023-10-07,22:22:00,October,Q4,Saturday,JMC000657,Abuja,Maitama,Fashion,Women's Ankara Gown,Zara,2,3381.61,0,3381.61,1972.15,700,6763.22,2818.92,41.68,Card Payment,Delivered,5,Website Desktop,4.1,0,0
JO-2023-11697,2023-10-07,07:40:00,October,Q4,Saturday,JMC000382,Lagos,Ikeja,Beauty & Health,Body Scrub,Nivea,2,31548.04,50,15774.02,7920.14,0,31548.04,15707.76,49.79,Card Payment,Cancelled,8,Mobile App,,0,0
JO-2023-11702,2023-10-07,13:50:00,October,Q4,Saturday,JMC000903,Delta,Ethiope East,Home & Kitchen,Pressure Cooker 5L,Scanfrost,1,80334.68,0,80334.68,49879.8,0,80334.68,30454.88,37.91,Jumia Pay Wallet,Returned,2,Website Desktop,,1,0
JO-2023-12109,2023-10-07,08:04:00,October,Q4,Saturday,JMC001406,Delta,Warri,Fashion,Wristwatch Classic,Adidas,4,67324.46,0,67324.46,38401.87,0,269297.84,115690.36,42.96,Bank Transfer,Shipped,2,Website Desktop,,0,0
JO-2023-12352,2023-10-07,20:54:00,October,Q4,Saturday,JMC000080,Edo,Egor,Fashion,Women's Ankara Gown,Adidas,2,63155.28,0,63155.28,28438.82,0,126310.56,69432.92,54.97,Jumia Pay Wallet,Delivered,1,WhatsApp Store,4.1,0,0
JO-2023-12565,2023-10-07,23:45:00,October,Q4,Saturday,JMC000101,Bauchi,Misau,Fashion,Men's Polo Shirt,H&M,1,73946.9,0,73946.9,34178.26,0,73946.9,39768.64,53.78,Bank Transfer,Delivered,8,Agent Network,4.3,0,0
JO-2023-12806,2023-10-07,21:51:00,October,Q4,Saturday,JMC001068,Lagos,Agege,Sports & Outdoor,Dumbbell 5kg pair,Spalding,1,17241.49,10,15517.34,11419.21,0,15517.34,4098.13,26.41,Jumia Pay Wallet,Delivered,8,Website Desktop,,0,0
JO-2023-10483,2023-10-08,22:52:00,October,Q4,Sunday,JMC001335,Rivers,Eleme,Electronics,Power Bank 20000mAh,Infinix,1,44734.21,5,42497.5,36807.08,0,42497.5,5690.42,13.39,Bank Transfer,Delivered,2,Mobile App,2.6,0,0
JO-2023-11076,2023-10-08,15:38:00,October,Q4,Sunday,JMC000194,Abuja,Kubwa,Electronics,Bluetooth Speaker,Infinix,1,374470.91,10,337023.82,277943.54,0,337023.82,59080.28,17.53,Jumia Pay Wallet,Delivered,3,Website Desktop,3.1,0,0
JO-2023-11505,2023-10-08,21:59:00,October,Q4,Sunday,JMC001143,Lagos,Lekki,Groceries,Milk Tin 400g,Dangote,1,19818.98,5,18828.03,16798.37,0,18828.03,2029.66,10.78,Card Payment,Delivered,6,Website Desktop,4.5,0,0
JO-2023-12107,2023-10-08,22:16:00,October,Q4,Sunday,JMC001032,Lagos,Ikeja,Books & Education,Mathematics Textbook,Farafina,2,7776.5,0,7776.5,5130.93,0,15553.0,5291.14,34.02,Card Payment,Delivered,8,WhatsApp Store,4.2,0,0
JO-2023-12444,2023-10-08,10:17:00,October,Q4,Sunday,JMC001526,Niger,Bida,Beauty & Health,Manicure Kit,Olay,2,26388.22,0,26388.22,13666.46,0,52776.44,25443.52,48.21,Bank Transfer,Delivered,4,Mobile App,2.8,0,0
JO-2023-12762,2023-10-08,22:12:00,October,Q4,Sunday,JMC000327,Abuja,Garki,Fashion,Handbag Brown,Lagos Styles,1,33550.46,0,33550.46,23341.06,0,33550.46,10209.4,30.43,Card Payment,Delivered,5,Website Desktop,5.0,0,0
JO-2023-10413,2023-10-09,20:16:00,October,Q4,Monday,JMC000885,Lagos,Yaba,Books & Education,Atlas of Nigeria,Kachifo,1,13934.97,0,13934.97,9966.29,0,13934.97,3968.68,28.48,Card Payment,Shipped,5,WhatsApp Store,,0,0
JO-2023-10728,2023-10-09,19:39:00,October,Q4,Monday,JMC001600,Abuja,Kubwa,Books & Education,Business Management,Oxford,5,10840.28,0,10840.28,6328.56,0,54201.4,22558.6,41.62,Jumia Pay Wallet,Processing,1,Website Desktop,,0,0
JO-2023-10921,2023-10-09,20:01:00,October,Q4,Monday,JMC000900,Lagos,Surulere,Computing,USB Hub 7-Port,Microsoft,1,406892.34,0,406892.34,322014.6,0,406892.34,84877.74,20.86,Jumia Pay Wallet,Returned,3,Website Desktop,,1,0
JO-2023-11198,2023-10-09,12:41:00,October,Q4,Monday,JMC000038,Kaduna,Chikun,Fashion,Sunglasses UV400,Lagos Styles,4,55657.58,0,55657.58,28468.85,0,222630.32,108754.92,48.85,Cash on Delivery,Processing,7,Mobile App,,0,0
JO-2023-11449,2023-10-09,18:58:00,October,Q4,Monday,JMC000300,Enugu,Enugu South,Fashion,Wristwatch Classic,Lagos Styles,1,45649.32,0,45649.32,26736.81,0,45649.32,18912.51,41.43,Bank Transfer,Processing,5,Mobile App,,0,0
JO-2023-11722,2023-10-09,09:05:00,October,Q4,Monday,JMC001066,Cross River,Obanliku,Fashion,Men's Jeans,Ankara Palace,1,69907.81,0,69907.81,39085.46,0,69907.81,30822.35,44.09,Bank Transfer,Delivered,4,Agent Network,,0,0
JO-2023-11786,2023-10-09,19:18:00,October,Q4,Monday,JMC000099,Anambra,Nnewi,Beauty & Health,Manicure Kit,Nivea,1,4645.08,0,4645.08,2516.7,1200,4645.08,2128.38,45.82,Bank Transfer,Delivered,7,Mobile App,2.9,0,0
JO-2023-11815,2023-10-09,08:23:00,October,Q4,Monday,JMC000690,Enugu,Udi,Fashion,Handbag Brown,Nike,2,83950.84,0,83950.84,50353.71,0,167901.68,67194.26,40.02,Jumia Pay Wallet,Processing,4,Mobile App,,0,0
JO-2023-11941,2023-10-09,21:31:00,October,Q4,Monday,JMC000457,Benue,Makurdi,Fashion,Leather Belt,Adidas,1,57243.26,0,57243.26,37156.6,0,57243.26,20086.66,35.09,Bank Transfer,Delivered,5,Website Desktop,4.0,0,0
JO-2023-12087,2023-10-09,17:01:00,October,Q4,Monday,JMC000237,Nasarawa,Keffi,Electronics,Bluetooth Speaker,Infinix,1,431719.61,0,431719.61,329445.23,0,431719.61,102274.38,23.69,Card Payment,Delivered,1,Website Desktop,3.7,0,0
JO-2023-12200,2023-10-09,16:09:00,October,Q4,Monday,JMC000744,Enugu,Enugu North,Home & Kitchen,Pressure Cooker 5L,Bosch,1,116369.82,,58184.91,38751.15,0,58184.91,19433.76,33.4,Cash on Delivery,Shipped,7,Mobile App,,0,0
JO-2023-12364,2023-10-09,12:28:00,October,Q4,Monday,JMC001526,Ogun,Ijebu-Ode,Home & Kitchen,Blender 1.5L,Nasco,1,145327.16,0,145327.16,104868.08,0,145327.16,40459.08,27.84,Bank Transfer,Delivered,5,Website Desktop,3.9,0,0
JO-2023-12486,2023-10-09,07:13:00,October,Q4,Monday,JMC001582,Rivers,Port Harcourt,Home & Kitchen,Blender 1.5L,Philips,1,91712.42,25,68784.32,49662.28,0,68784.32,19122.04,27.8,Card Payment,Delivered,7,WhatsApp Store,4.5,0,0
JO-2023-10338,2023-10-10,18:41:00,October,Q4,Tuesday,JMC000004,Edo,Ikpoba-Okha,Electronics,Power Bank 20000mAh,Infinix,1,381159.37,15,323985.46,271694.21,0,323985.46,52291.25,16.14,Bank Transfer,Shipped,7,USSD,,0,0
JO-2023-10400,2023-10-10,11:51:00,October,Q4,Tuesday,JMC001190,Oyo,Ibadan South,Electronics,Smart TV 43inch,HP,2,318853.47,0,318853.47,267581.83,0,637706.94,102543.28,16.08,Card Payment,Returned,8,Mobile App,,1,0
JO-2023-10569,2023-10-10,12:17:00,October,Q4,Tuesday,JMC000892,Rivers,Obio-Akpor,Beauty & Health,Beard Oil 50ml,Nivea,3,30995.9,,30995.9,14614.57,0,92987.7,49143.99,52.85,Card Payment,Delivered,3,Mobile App,2.8,0,0
JO-2023-10993,2023-10-10,21:59:00,October,Q4,Tuesday,JMC000496,Lagos,Yaba,Beauty & Health,Perfume Floral 100ml,Nivea,2,32825.1,0,32825.1,17348.07,,65650.2,30954.06,47.15,Card Payment,Delivered,1,Website Desktop,3.9,0,0
JO-2023-11429,2023-10-10,15:55:00,October,Q4,Tuesday,JMC001236,Oyo,Ogbomoso,Home & Kitchen,Coffee Maker,Scanfrost,1,68905.5,0,68905.5,49529.27,0,68905.5,19376.23,28.12,Bank Transfer,Delivered,7,Mobile App,2.6,0,0
JO-2023-12055,2023-10-10,09:35:00,October,Q4,Tuesday,JMC001455,Cross River,Ogoja,Home & Kitchen,Coffee Maker,Binatone,5,18744.72,0,18744.72,13863.59,0,93723.6,24405.65,26.04,USSD Payment,Cancelled,4,Website Desktop,,0,0
JO-2023-12249,2023-10-10,07:30:00,October,Q4,Tuesday,JMC000971,Lagos,Surulere,Beauty & Health,Manicure Kit,L'Oreal,5,23460.3,0,23460.3,11751.26,0,117301.5,58545.2,49.91,Jumia Pay Wallet,Delivered,5,Mobile App,4.5,0,0
JO-2023-12394,2023-10-10,18:04:00,October,Q4,Tuesday,JMC000440,Abuja,Garki,Sports & Outdoor,Resistance Bands Set,Under Armour,3,4247.56,0,4247.56,2849.26,0,12742.68,4194.9,32.92,Bank Transfer,Delivered,8,Website Desktop,2.8,0,0
JO-2023-12910,2023-10-10,11:06:00,October,Q4,Tuesday,JMC001492,Niger,Minna,Home & Kitchen,Dish Rack,Binatone,2,76208.68,50,38104.34,25884.28,0,76208.68,24440.12,32.07,Jumia Pay Wallet,Returned,5,Mobile App,,1,0
JO-2023-10698,2023-10-11,23:00:00,October,Q4,Wednesday,JMC000513,Lagos,Agege,Home & Kitchen,Iron Box Steam,Philips,3,128631.84,50,64315.92,42635.02,0,192947.76,65042.7,33.71,Card Payment,Delivered,6,Mobile App,4.0,0,0
JO-2023-10804,2023-10-11,11:24:00,October,Q4,Wednesday,JMC000901,Kwara,Ilorin,Groceries,Milk Tin 400g,Cadbury,1,7445.86,0,7445.86,6134.64,1500,7445.86,1311.22,17.61,USSD Payment,Delivered,2,Agent Network,3.4,0,0
JO-2023-11137,2023-10-11,10:05:00,October,Q4,Wednesday,JMC000019,Nasarawa,Lafia,Computing,Printer Ink Cartridge,Microsoft,1,818966.55,0,818966.55,732483.68,0,818966.55,86482.87,10.56,Cash on Delivery,Delivered,1,Agent Network,2.9,0,0
JO-2023-11308,2023-10-11,20:54:00,October,Q4,Wednesday,JMC001484,Benue,Makurdi,Electronics,Bluetooth Speaker,Tecno,1,348793.74,50,174396.87,134128.63,0,174396.87,40268.24,23.09,Bank Transfer,Processing,4,Website Desktop,,0,0
JO-2023-11423,2023-10-11,12:26:00,October,Q4,Wednesday,JMC001299,Lagos,Surulere,Home & Kitchen,Kitchen Towel Set,Nexus,3,124764.91,0,124764.91,82120.26,,374294.73,127933.95,34.18,Bank Transfer,Cancelled,8,Website Desktop,,0,0
JO-2023-11605,2023-10-11,07:13:00,October,Q4,Wednesday,JMC001459,Abuja,Kubwa,Books & Education,Atlas of Nigeria,Pearson,2,15316.31,5,14550.49,9048.95,0,29100.98,11003.08,37.81,Bank Transfer,Delivered,3,Mobile App,3.1,0,0
JO-2023-11846,2023-10-11,14:41:00,October,Q4,Wednesday,JMC000148,Lagos,Agege,Sports & Outdoor,Running Shoes,Decathlon,4,44259.76,0,44259.76,33110.73,0,177039.04,44596.12,25.19,Cash on Delivery,Delivered,7,USSD,3.6,0,0
JO-2023-12391,2023-10-11,18:48:00,October,Q4,Wednesday,JMC001292,Abuja,Kubwa,Fashion,Leather Belt,Lagos Styles,1,59359.78,0,59359.78,27311.43,0,59359.78,32048.35,53.99,Card Payment,Returned,8,Mobile App,,1,0
JO-2023-12441,2023-10-11,21:32:00,October,Q4,Wednesday,JMC001399,Enugu,Enugu North,Sports & Outdoor,Cycling Helmet,Spalding,1,68067.54,0,68067.54,40786.07,0,68067.54,27281.47,40.08,Card Payment,Delivered,7,Mobile App,,0,0
JO-2023-12557,2023-10-11,12:33:00,October,Q4,Wednesday,JMC000753,Rivers,Oyigbo,Fashion,Men's Jeans,Zara,1,57651.42,0,57651.42,32769.07,0,57651.42,24882.35,43.16,USSD Payment,Delivered,4,Agent Network,3.8,0,0
JO-2023-12575,2023-10-11,17:52:00,October,Q4,Wednesday,JMC001555,Lagos,Victoria Island,Beauty & Health,Face Mask Set,Dove,2,19421.62,0,19421.62,8568.82,0,38843.24,21705.6,55.88,Bank Transfer,Shipped,4,Agent Network,,0,0
JO-2023-11087,2023-10-12,20:46:00,October,Q4,Thursday,JMC001188,Cross River,Ogoja,Beauty & Health,Hair Relaxer Kit,Dove,2,9379.6,0,9379.6,5133.46,0,18759.2,8492.28,45.27,USSD Payment,Delivered,1,Website Desktop,3.4,0,0
JO-2023-11731,2023-10-12,12:39:00,October,Q4,Thursday,JMC001477,Abuja,Asokoro,Computing,Laptop 15.6inch i5,Acer,3,88255.19,0,88255.19,76693.76,0,264765.57,34684.29,13.1,USSD Payment,Shipped,3,Mobile App,,0,0
JO-2023-12412,2023-10-12,15:58:00,October,Q4,Thursday,JMC001129,Lagos,Ikorodu,Books & Education,English Grammar,Farafina,3,4433.81,50,2216.91,1535.43,1000,6650.73,2044.44,30.74,Jumia Pay Wallet,Delivered,2,Mobile App,4.9,0,0
JO-2023-12440,2023-10-12,13:21:00,October,Q4,Thursday,JMC000020,Abuja,Kubwa,Home & Kitchen,Dish Rack,Bosch,1,33589.78,0,33589.78,25051.26,0,33589.78,8538.52,25.42,Card Payment,Returned,1,Mobile App,,1,0
JO-2023-12509,2023-10-12,16:01:00,October,Q4,Thursday,JMC000564,Anambra,Onitsha,Fashion,Men's Jeans,Nike,3,79618.12,40,47770.87,22433.2,0,143312.61,76013.01,53.04,Bank Transfer,Delivered,7,Website Desktop,4.0,0,0
JO-2023-12698,2023-10-12,20:01:00,October,Q4,Thursday,JMC001524,Oyo,Oyo,Beauty & Health,Face Mask Set,Neutrogena,4,24732.26,0,24732.26,15121.3,0,98929.04,38443.84,38.86,Jumia Pay Wallet,Delivered,3,Website Desktop,2.9,0,0
JO-2023-12715,2023-10-12,11:34:00,October,Q4,Thursday,JMC000464,Lagos,Lekki,Fashion,Women's Ankara Gown,Lagos Styles,3,4099.99,0,4099.99,2690.41,0,12299.97,4228.74,34.38,Card Payment,Delivered,5,Mobile App,3.0,0,0
JO-2023-12824,2023-10-12,16:11:00,October,Q4,Thursday,JMC000195,Lagos,Victoria Island,Sports & Outdoor,Football Size 5,Decathlon,2,81015.31,15,68863.01,53217.33,0,137726.02,31291.36,22.72,Bank Transfer,Delivered,8,Website Desktop,3.1,0,0
JO-2023-11520,2023-10-13,22:55:00,October,Q4,Friday,JMC000062,Delta,Uvwie,Groceries,Spaghetti 500g,PZ Cussons,1,7086.3,50,3543.15,2921.68,1500,3543.15,621.47,17.54,Jumia Pay Wallet,Delivered,6,Mobile App,4.8,0,0
JO-2023-11630,2023-10-13,18:46:00,October,Q4,Friday,JMC001500,Abuja,Maitama,Beauty & Health,Body Scrub,L'Oreal,5,2451.73,10,2206.56,1374.25,0,11032.8,4161.55,37.72,Jumia Pay Wallet,Delivered,3,Mobile App,3.9,0,0
JO-2023-12008,2023-10-13,15:33:00,October,Q4,Friday,JMC000221,Kano,Kano City,Electronics,Electric Kettle,Samsung,1,318288.62,,318288.62,248615.24,0,318288.62,69673.38,21.89,USSD Payment,Delivered,6,WhatsApp Store,3.6,0,0
JO-2023-12485,2023-10-13,11:44:00,October,Q4,Friday,JMC001550,Enugu,Udi,Home & Kitchen,Storage Containers,,1,19662.37,0,19662.37,12662.57,0,19662.37,6999.8,35.6,Bank Transfer,Delivered,3,USSD,4.4,0,0
JO-2023-12604,2023-10-13,13:23:00,October,Q4,Friday,JMC001346,Bauchi,Misau,Electronics,Extension Socket,HP,1,358127.87,25,268595.9,227312.71,0,268595.9,41283.19,15.37,Bank Transfer,Shipped,2,Mobile App,,0,0
JO-2023-12955,2023-10-13,12:16:00,October,Q4,Friday,JMC000189,Lagos,Lekki,Home & Kitchen,Iron Box Steam,Philips,1,54806.58,20,43845.26,31954.43,0,43845.26,11890.83,27.12,Card Payment,Processing,5,Website Desktop,,0,0
JO-2023-10551,2023-10-14,12:56:00,October,Q4,Saturday,JMC000032,Delta,Warri,Computing,USB Hub 7-Port,MacBook,1,411486.58,25,308614.93,260594.45,0,308614.93,48020.48,15.56,Jumia Pay Wallet,Shipped,4,Mobile App,,0,0
JO-2023-11071,2023-10-14,07:37:00,October,Q4,Saturday,JMC000495,Kaduna,Kaduna South,Sports & Outdoor,Swimming Goggles,Decathlon,2,5124.37,10,4611.93,3118.13,1500,9223.86,2987.6,32.39,Card Payment,Cancelled,3,Mobile App,,0,0
JO-2023-11418,2023-10-14,08:20:00,October,Q4,Saturday,JMC000338,Benue,Katsina-Ala,Electronics,Wireless Earbuds,Apple,4,156638.19,30,109646.73,87169.15,0,438586.92,89910.32,20.5,Jumia Pay Wallet,Delivered,6,Mobile App,3.7,0,0
JO-2023-11655,2023-10-14,12:42:00,October,Q4,Saturday,JMC000932,Kwara,Offa,Electronics,Wireless Earbuds,JBL,1,294176.3,15,250049.85,199064.69,0,250049.85,50985.16,20.39,Card Payment,Processing,7,Website Desktop,,0,0
JO-2023-11989,2023-10-14,18:40:00,October,Q4,Saturday,JMC001083,Lagos,Agege,Beauty & Health,Moisturising Lotion 400ml,L'Oreal,3,17094.75,0,17094.75,8848.24,0,51284.25,24739.53,48.24,Card Payment,Returned,8,Website Desktop,,1,0
JO-2023-12597,2023-10-14,17:07:00,October,Q4,Saturday,JMC001552,Anambra,Awka,Home & Kitchen,Non-stick Frying Pan,Binatone,1,10699.84,0,10699.84,7565.86,0,10699.84,3133.98,29.29,Card Payment,Cancelled,7,Website Desktop,,0,0
JO-2023-12713,2023-10-14,12:56:00,October,Q4,Saturday,JMC001567,Lagos,Ikorodu,Sports & Outdoor,Football Size 5,Under Armour,2,3070.39,0,3070.39,1860.66,1500,6140.78,2419.46,39.4,Cash on Delivery,Delivered,1,Website Desktop,5.0,0,0
JO-2023-10052,2023-10-15,18:38:00,October,Q4,Sunday,JMC000909,Delta,Oshimili,Fashion,Men's Polo Shirt,Nike,1,6637.63,15,5641.99,3867.02,700,5641.99,1774.97,31.46,Jumia Pay Wallet,Delivered,1,Mobile App,3.5,0,0
JO-2023-10093,2023-10-15,08:20:00,October,Q4,Sunday,JMC001393,Plateau,Bukuru,Groceries,Rice 5kg Bag,Unilever,1,2992.93,30,2095.05,1821.65,700,2095.05,273.4,13.05,USSD Payment,Delivered,4,USSD,4.8,0,0
JO-2023-10101,2023-10-15,11:56:00,October,Q4,Sunday,JMC000810,Rivers,Oyigbo,Books & Education,Finance Fundamentals,Kachifo,1,12602.62,0,12602.62,8538.28,0,12602.62,4064.34,32.25,Cash on Delivery,Returned,6,Website Desktop,,1,0
JO-2023-10109,2023-10-15,18:51:00,October,Q4,Sunday,JMC000609,Lagos,Victoria Island,Electronics,Phone Charger USB-C,Infinix,1,368489.71,0,368489.71,274487.98,0,368489.71,94001.73,25.51,Cash on Delivery,Shipped,8,Agent Network,,0,0
JO-2023-10151,2023-10-15,12:31:00,October,Q4,Sunday,JMC000832,Anambra,Onitsha,Beauty & Health,Hair Relaxer Kit,Nivea,1,27392.06,0,27392.06,14616.4,0,27392.06,12775.66,46.64,USSD Payment,Shipped,4,Mobile App,,0,0
JO-2023-10227,2023-10-15,23:09:00,October,Q4,Sunday,JMC001410,Abuja,Kubwa,Beauty & Health,Manicure Kit,Black Seed,1,18407.39,30,12885.17,6219.67,0,12885.17,6665.5,51.73,Bank Transfer,Processing,7,WhatsApp Store,,0,0
JO-2023-10639,2023-10-15,17:34:00,October,Q4,Sunday,JMC001426,Niger,Kontagora,Electronics,Power Bank 20000mAh,Apple,1,157992.29,0,157992.29,131149.4,0,157992.29,26842.89,16.99,Jumia Pay Wallet,Delivered,6,Mobile App,3.4,0,0
JO-2023-10928,2023-10-15,14:01:00,October,Q4,Sunday,JMC000131,Anambra,Anambra East,Sports & Outdoor,Tennis Racket,Under Armour,3,48158.2,0,48158.2,35126.59,0,144474.6,39094.83,27.06,Bank Transfer,Delivered,2,WhatsApp Store,4.2,0,0
JO-2023-11132,2023-10-15,14:32:00,October,Q4,Sunday,JMC001492,Oyo,Ibadan South,Home & Kitchen,Non-stick Frying Pan,Binatone,1,67851.79,20,54281.43,37177.35,0,54281.43,17104.08,31.51,Jumia Pay Wallet,Delivered,7,Website Desktop,4.9,0,0
JO-2023-11182,2023-10-15,23:28:00,October,Q4,Sunday,JMC000461,Lagos,Lekki,Groceries,Milk Tin 400g,Unilever,1,1987.47,0,1987.47,1682.59,1000,1987.47,304.88,15.34,Jumia Pay Wallet,Delivered,5,Mobile App,3.6,0,0
JO-2023-11503,2023-10-15,20:11:00,October,Q4,Sunday,JMC000932,Rivers,Oyigbo,Electronics,Power Bank 20000mAh,JBL,2,247885.6,0,247885.6,213181.62,0,495771.2,69407.96,14.0,Card Payment,Delivered,7,Mobile App,4.3,0,0
JO-2023-11583,2023-10-15,13:36:00,October,Q4,Sunday,JMC000496,Lagos,Agege,Electronics,Smart Watch,JBL,1,397623.83,0,397623.83,329590.39,0,397623.83,68033.44,17.11,Cash on Delivery,Delivered,1,Mobile App,4.5,0,0
JO-2023-12206,2023-10-15,13:49:00,October,Q4,Sunday,JMC000362,Delta,Uvwie,Electronics,Power Bank 20000mAh,Samsung,1,92284.44,0,92284.44,69314.84,0,92284.44,22969.6,24.89,Bank Transfer,Returned,7,Agent Network,,1,0
JO-2023-12341,2023-10-15,07:17:00,October,Q4,Sunday,JMC001061,Kano,Gwale,Fashion,Men's Jeans,Lagos Styles,1,71477.93,25,53608.45,26863.19,0,53608.45,26745.26,49.89,Card Payment,Delivered,2,Agent Network,3.0,0,0
JO-2023-12976,2023-10-15,11:32:00,October,Q4,Sunday,JMC000602,Abuja,Kubwa,Computing,Printer Ink Cartridge,Asus,2,89387.66,30,62571.36,48818.18,0,125142.72,27506.36,21.98,USSD Payment,Delivered,3,Website Desktop,3.1,0,0
JO-2023-10270,2023-10-16,10:34:00,October,Q4,Monday,JMC000837,Abuja,Garki,Groceries,Tomato Paste 400g,PZ Cussons,2,1881.05,0,1881.05,1594.94,1200,3762.1,572.22,15.21,Bank Transfer,Delivered,8,Mobile App,3.6,0,0
JO-2023-11120,2023-10-16,21:33:00,October,Q4,Monday,JMC000255,Delta,Oshimili,Fashion,Women's Heels,Adidas,1,13897.02,40,8338.21,4289.18,1000,8338.21,4049.03,48.56,Card Payment,Delivered,5,Agent Network,,0,0
JO-2023-11173,2023-10-16,23:00:00,October,Q4,Monday,JMC000823,Niger,Minna,Beauty & Health,Face Mask Set,Black Seed,1,8191.61,0,8191.61,5261.47,2000,8191.61,2930.14,35.77,Bank Transfer,Delivered,1,USSD,4.2,0,0
JO-2023-11588,2023-10-16,13:58:00,October,Q4,Monday,JMC001326,Nasarawa,Akwanga,Groceries,Tomato Paste 400g,PZ Cussons,1,23079.4,0,23079.4,19082.05,0,23079.4,3997.35,17.32,Card Payment,Delivered,1,Mobile App,3.4,0,0
JO-2023-12375,2023-10-16,14:42:00,October,Q4,Monday,JMC001095,Niger,Bida,Beauty & Health,Body Scrub,Dove,1,18641.64,25,13981.23,7818.3,0,13981.23,6162.93,44.08,Bank Transfer,Processing,2,Agent Network,,0,0
JO-2023-12449,2023-10-16,17:57:00,October,Q4,Monday,JMC000262,Lagos,Ikorodu,Fashion,Handbag Brown,Zara,1,28476.74,0,28476.74,14685.45,0,28476.74,13791.29,48.43,Bank Transfer,Returned,3,Mobile App,,1,0
JO-2023-12677,2023-10-16,08:11:00,October,Q4,Monday,JMC000155,Kaduna,Chikun,Sports & Outdoor,Football Size 5,Under Armour,1,71685.77,0,71685.77,43964.88,0,71685.77,27720.89,38.67,Card Payment,Delivered,7,Mobile App,4.1,0,0
JO-2023-12826,2023-10-16,07:10:00,October,Q4,Monday,JMC000180,Cross River,Ikom,Beauty & Health,Sunscreen SPF50,Dove,2,27630.43,0,27630.43,11571.62,0,55260.86,32117.62,58.12,Jumia Pay Wallet,Delivered,6,Mobile App,2.9,0,0
JO-2023-12861,2023-10-16,18:19:00,October,Q4,Monday,JMC000991,Plateau,Bukuru,Beauty & Health,Face Mask Set,Olay,2,28400.17,0,28400.17,13262.88,0,56800.34,30274.58,53.3,Card Payment,Delivered,8,Mobile App,4.2,0,0
JO-2023-12890,2023-10-16,15:57:00,October,Q4,Monday,JMC001475,Rivers,Eleme,Beauty & Health,Face Mask Set,Nivea,3,31239.99,0,31239.99,19703.06,,93719.97,34610.79,36.93,Bank Transfer,Delivered,5,WhatsApp Store,4.8,0,0
JO-2023-11477,2023-10-17,14:53:00,October,Q4,Tuesday,JMC001504,Abuja,Asokoro,Beauty & Health,Perfume Floral 100ml,Olay,1,2480.84,0,2480.84,1093.31,,2480.84,1387.53,55.93,Card Payment,Shipped,7,Website Desktop,,0,0
JO-2023-11487,2023-10-17,12:51:00,October,Q4,Tuesday,JMC000480,Rivers,Port Harcourt,Beauty & Health,Body Scrub,Black Seed,1,6726.51,40,4035.91,2287.15,2000,4035.91,1748.76,43.33,Card Payment,Cancelled,4,Mobile App,,0,0
JO-2023-11488,2023-10-17,12:00:00,October,Q4,Tuesday,JMC001344,Abuja,Maitama,Electronics,Smart Watch,Apple,1,114337.38,0,114337.38,97472.62,0,114337.38,16864.76,14.75,Bank Transfer,Cancelled,1,WhatsApp Store,,0,0
JO-2023-11724,2023-10-17,13:44:00,October,Q4,Tuesday,JMC001121,Rivers,Oyigbo,Electronics,Wireless Earbuds,Tecno,1,156296.01,0,156296.01,130882.28,0,156296.01,25413.73,16.26,Jumia Pay Wallet,Delivered,7,Website Desktop,2.9,0,0
JO-2023-12090,2023-10-17,21:07:00,October,Q4,Tuesday,JMC000867,Ondo,Owo,Groceries,Milk Tin 400g,Dangote,3,24407.14,15,20746.07,17538.73,0,62238.21,9622.02,15.46,Card Payment,Delivered,7,Website Desktop,2.8,0,0
JO-2023-10122,2023-10-18,09:54:00,October,Q4,Wednesday,JMC000151,Edo,Ikpoba-Okha,Groceries,Honey Natural 500g,Cadbury,1,17950.75,0,17950.75,14735.77,0,17950.75,3214.98,17.91,Jumia Pay Wallet,Delivered,2,Website Desktop,4.9,0,0
JO-2023-10361,2023-10-18,23:53:00,October,Q4,Wednesday,JMC001009,Lagos,Lagos Island,Sports & Outdoor,Running Shoes,Spalding,1,25860.29,0,25860.29,18259.95,0,25860.29,7600.34,29.39,Card Payment,Shipped,8,USSD,,0,0
JO-2023-10703,2023-10-18,14:26:00,October,Q4,Wednesday,JMC001091,Oyo,Ogbomoso,Fashion,Women's Heels,Adidas,1,74215.86,0,74215.86,40432.8,0,74215.86,33783.06,45.52,Card Payment,Delivered,8,Mobile App,2.6,0,0
JO-2023-10732,2023-10-18,08:43:00,October,Q4,Wednesday,JMC000171,Delta,Warri,Electronics,Wireless Earbuds,Infinix,1,185492.67,0,185492.67,151065.23,0,185492.67,34427.44,18.56,Jumia Pay Wallet,Delivered,1,Website Desktop,4.3,0,0
JO-2023-11056,2023-10-18,20:50:00,October,Q4,Wednesday,JMC000535,Enugu,Enugu South,Computing,Webcam HD 1080p,Acer,3,545340.59,0,545340.59,430764.53,0,1636021.77,343728.18,21.01,Card Payment,Shipped,1,Mobile App,,0,0
JO-2023-11524,2023-10-18,12:30:00,October,Q4,Wednesday,JMC000062,Oyo,Oyo,Beauty & Health,Manicure Kit,Black Seed,1,28681.93,0,28681.93,14647.86,,28681.93,14034.07,48.93,Bank Transfer,Shipped,3,Website Desktop,,0,0
JO-2023-11613,2023-10-18,14:38:00,October,Q4,Wednesday,JMC001453,Lagos,Ikorodu,Groceries,Tin Tomato Carton,Nestle,1,13473.87,0,13473.87,11258.77,0,13473.87,2215.1,16.44,Bank Transfer,Delivered,7,Mobile App,2.6,0,0
JO-2023-11805,2023-10-18,08:01:00,October,Q4,Wednesday,JMC000257,Ondo,Owo,Beauty & Health,Perfume Floral 100ml,Black Seed,1,27728.78,0,27728.78,11460.3,0,27728.78,16268.48,58.67,Card Payment,Delivered,7,Website Desktop,3.1,0,0
JO-2023-11902,2023-10-18,15:54:00,October,Q4,Wednesday,JMC000407,Ondo,Ikare,Groceries,Tin Tomato Carton,Nestle,2,16762.64,0,16762.64,15103.14,0,33525.28,3319.0,9.9,USSD Payment,Delivered,3,USSD,4.0,0,0
JO-2023-12133,2023-10-18,14:06:00,October,Q4,Wednesday,JMC000126,Lagos,Agege,Electronics,Electric Kettle,Tecno,1,152881.63,0,152881.63,123115.58,,152881.63,29766.05,19.47,Bank Transfer,Delivered,1,Website Desktop,4.9,0,0
JO-2023-11431,2023-10-19,21:19:00,October,Q4,Thursday,JMC001465,Delta,Warri,Computing,Wireless Mouse,Dell,1,818270.61,0,818270.61,720569.1,0,818270.61,97701.51,11.94,Jumia Pay Wallet,Cancelled,3,Mobile App,,0,0
JO-2023-11541,2023-10-19,14:20:00,October,Q4,Thursday,JMC000519,Abuja,Wuse,Computing,Printer Ink Cartridge,,1,342459.31,5,325336.34,284213.83,0,325336.34,41122.51,12.64,Jumia Pay Wallet,Delivered,2,Agent Network,2.8,0,0
JO-2023-11809,2023-10-19,23:59:00,October,Q4,Thursday,JMC000609,Rivers,Oyigbo,Computing,Mechanical Keyboard,Dell,1,622718.93,0,622718.93,487215.29,0,622718.93,135503.64,21.76,Jumia Pay Wallet,Delivered,2,Mobile App,4.9,0,0
JO-2023-11990,2023-10-19,21:54:00,October,Q4,Thursday,JMC000164,Niger,Minna,Computing,USB Hub 7-Port,Acer,2,137674.15,5,130790.44,114493.95,0,261580.88,32592.98,12.46,USSD Payment,Delivered,7,Website Desktop,3.0,0,0
JO-2023-12135,2023-10-19,12:46:00,October,Q4,Thursday,JMC000938,Oyo,Oyo,Home & Kitchen,Storage Containers,Nexus,1,4708.3,0,4708.3,3054.75,1000,4708.3,1653.55,35.12,Card Payment,Delivered,8,Mobile App,3.4,0,0
JO-2023-12535,2023-10-19,23:13:00,October,Q4,Thursday,JMC000768,Abuja,Wuse,Books & Education,Atlas of Nigeria,Farafina,4,17381.99,0,17381.99,11498.19,0,69527.96,23535.2,33.85,Card Payment,Cancelled,4,Mobile App,,0,0
JO-2023-12819,2023-10-19,18:45:00,October,Q4,Thursday,JMC001101,Rivers,Oyigbo,Sports & Outdoor,Football Size 5,Under Armour,1,74103.97,0,74103.97,48167.58,0,74103.97,25936.39,35.0,Card Payment,Returned,5,Mobile App,,1,0
JO-2023-12858,2023-10-19,08:55:00,October,Q4,Thursday,JMC000357,Delta,Ethiope East,Sports & Outdoor,Dumbbell 5kg pair,,3,7435.48,0,7435.48,4762.42,0,22306.44,8019.18,35.95,Jumia Pay Wallet,Delivered,3,Website Desktop,3.3,0,0
JO-2023-10424,2023-10-20,13:23:00,October,Q4,Friday,JMC001473,Lagos,Ikorodu,Home & Kitchen,Non-stick Frying Pan,Nexus,2,154214.21,0,154214.21,116663.05,0,308428.42,75102.32,24.35,USSD Payment,Delivered,8,USSD,4.5,0,0
JO-2023-10767,2023-10-20,23:07:00,October,Q4,Friday,JMC001486,Imo,Mbaitoli,Electronics,Smart TV 43inch,Infinix,3,432457.69,0,432457.69,317856.4,0,1297373.07,343803.87,26.5,Cash on Delivery,Cancelled,6,Mobile App,,0,0
JO-2023-11160,2023-10-20,11:11:00,October,Q4,Friday,JMC000782,Lagos,Yaba,Home & Kitchen,Storage Containers,Binatone,1,42350.21,0,42350.21,31457.74,0,42350.21,10892.47,25.72,Card Payment,Delivered,2,Mobile App,4.6,0,0
JO-2023-11273,2023-10-20,17:58:00,October,Q4,Friday,JMC000369,Abuja,Garki,Electronics,Electric Kettle,Tecno,1,189036.71,0,189036.71,151872.09,0,189036.71,37164.62,19.66,Card Payment,Delivered,3,Website Desktop,3.3,0,0
JO-2023-12350,2023-10-20,11:07:00,October,Q4,Friday,JMC000347,Abuja,Kubwa,Groceries,Honey Natural 500g,Dangote,1,5903.39,0,5903.39,5044.45,700,5903.39,858.94,14.55,Card Payment,Processing,8,USSD,,0,0
JO-2023-12734,2023-10-20,18:31:00,October,Q4,Friday,JMC000475,Niger,Suleja,Home & Kitchen,Kitchen Towel Set,Nexus,2,45160.65,0,45160.65,32804.7,0,90321.3,24711.9,27.36,Card Payment,Delivered,8,Mobile App,4.9,0,0
JO-2023-10356,2023-10-21,22:59:00,October,Q4,Saturday,JMC001437,Kwara,Patigi,Electronics,Smart Watch,HP,1,19090.34,50,9545.17,7908.17,1000,9545.17,1637.0,17.15,Bank Transfer,Delivered,2,Website Desktop,4.8,0,0
JO-2023-10651,2023-10-21,19:51:00,October,Q4,Saturday,JMC000791,Ondo,Akure,Home & Kitchen,Non-stick Frying Pan,Philips,1,149848.4,30,104893.88,66450.27,0,104893.88,38443.61,36.65,Jumia Pay Wallet,Delivered,3,Agent Network,4.1,0,0
JO-2023-11522,2023-10-21,16:49:00,October,Q4,Saturday,JMC000139,Imo,Owerri,Books & Education,Children Storybook,Pearson,2,9088.94,20,7271.15,4822.95,0,14542.3,4896.4,33.67,Jumia Pay Wallet,Delivered,4,Mobile App,2.6,0,0
JO-2023-11721,2023-10-21,21:58:00,October,Q4,Saturday,JMC001002,Imo,Mbaitoli,Computing,Monitor 24inch,Acer,4,624588.83,0,624588.83,541580.97,0,2498355.32,332031.44,13.29,Bank Transfer,Delivered,1,Website Desktop,3.8,0,0
JO-2023-12129,2023-10-21,23:43:00,October,Q4,Saturday,JMC001279,Ogun,Abeokuta,Fashion,Women's Ankara Gown,H&M,1,21611.3,0,21611.3,14189.98,0,21611.3,7421.32,34.34,Card Payment,Processing,2,USSD,,0,0
JO-2023-12921,2023-10-21,21:49:00,October,Q4,Saturday,JMC000644,Benue,Otukpo,Computing,Monitor 24inch,HP,4,193197.87,50,96598.93,83915.49,0,386395.72,50733.76,13.13,Card Payment,Shipped,6,Agent Network,,0,0
JO-2023-11158,2023-10-22,10:29:00,October,Q4,Sunday,JMC001312,Niger,Minna,Groceries,Milk Tin 400g,Dangote,1,18013.1,0,18013.1,15285.92,0,18013.1,2727.18,15.14,Bank Transfer,Delivered,4,Website Desktop,4.6,0,0
JO-2023-11255,2023-10-22,10:33:00,October,Q4,Sunday,JMC000400,Lagos,Ikeja,Fashion,Handbag Brown,Lagos Styles,1,33045.23,0,33045.23,19612.34,0,33045.23,13432.89,40.65,USSD Payment,Delivered,1,USSD,2.8,0,0
JO-2023-11338,2023-10-22,12:21:00,October,Q4,Sunday,JMC000308,Lagos,Yaba,Books & Education,Children Storybook,Kachifo,1,12315.42,0,12315.42,7187.28,0,12315.42,5128.14,41.64,Cash on Delivery,Cancelled,6,Website Desktop,,0,0
JO-2023-11500,2023-10-22,13:22:00,October,Q4,Sunday,JMC000435,Lagos,Ikorodu,Home & Kitchen,Iron Box Steam,Bosch,2,45908.02,50,22954.01,14667.61,0,45908.02,16572.8,36.1,Card Payment,Delivered,7,Website Desktop,3.7,0,0
JO-2023-11982,2023-10-22,11:46:00,October,Q4,Sunday,JMC001125,Ondo,Ondo City,Fashion,Sunglasses UV400,Lagos Styles,2,52003.7,0,52003.7,30026.94,0,104007.4,43953.52,42.26,Bank Transfer,Cancelled,2,Website Desktop,,0,0
JO-2023-10326,2023-10-23,19:56:00,October,Q4,Monday,JMC001552,Lagos,Agege,Electronics,Phone Charger USB-C,HP,1,12247.59,5,11635.21,8920.72,0,11635.21,2714.49,23.33,Cash on Delivery,Delivered,8,Mobile App,4.2,0,0
JO-2023-10509,2023-10-23,22:36:00,October,Q4,Monday,JMC000024,Abuja,Kubwa,Beauty & Health,Vitamin C Serum,Dove,5,27736.1,0,27736.1,11751.79,0,138680.5,79921.55,57.63,Bank Transfer,Delivered,3,WhatsApp Store,4.7,0,0
JO-2023-10856,2023-10-23,14:29:00,October,Q4,Monday,JMC001493,Lagos,Yaba,Fashion,Sneakers Size 42,Zara,2,35494.09,0,35494.09,17708.0,0,70988.18,35572.18,50.11,Card Payment,Delivered,1,Website Desktop,4.0,0,0
JO-2023-11232,2023-10-23,21:48:00,October,Q4,Monday,JMC000584,Nasarawa,Lafia,Electronics,Electric Kettle,Tecno,2,309370.69,25,232028.02,202583.66,0,464056.04,58888.72,12.69,Card Payment,Cancelled,3,WhatsApp Store,,0,0
JO-2023-11691,2023-10-23,07:34:00,October,Q4,Monday,JMC001149,Delta,Warri,Home & Kitchen,Pressure Cooker 5L,Nasco,1,141336.2,0,141336.2,86356.42,0,141336.2,54979.78,38.9,Card Payment,Cancelled,4,Website Desktop,,0,0
JO-2023-12199,2023-10-23,13:00:00,October,Q4,Monday,JMC000322,Lagos,Lekki,Electronics,Phone Charger USB-C,Infinix,1,343732.88,50,171866.44,129948.22,0,171866.44,41918.22,24.39,Bank Transfer,Delivered,1,Website Desktop,3.1,0,0
JO-2023-12316,2023-10-23,09:00:00,October,Q4,Monday,JMC000748,Abuja,Wuse,Electronics,Smart TV 43inch,Lenovo,1,65988.47,0,65988.47,52216.68,0,65988.47,13771.79,20.87,Jumia Pay Wallet,Delivered,8,Mobile App,2.9,0,0
JO-2023-12392,2023-10-23,21:34:00,October,Q4,Monday,JMC000377,Kano,Kano City,Groceries,Milk Tin 400g,Cadbury,1,18830.82,0,18830.82,17209.49,0,18830.82,1621.33,8.61,USSD Payment,Delivered,6,Website Desktop,2.6,0,0
JO-2023-12490,2023-10-23,09:28:00,October,Q4,Monday,JMC001344,Anambra,Anambra East,Fashion,Baseball Cap,Nike,1,55762.52,,55762.52,37210.33,0,55762.52,18552.19,33.27,Card Payment,Delivered,7,Website Desktop,2.6,0,0
JO-2023-12551,2023-10-23,10:26:00,October,Q4,Monday,JMC001422,Rivers,Eleme,Sports & Outdoor,Dumbbell 5kg pair,Spalding,2,5180.35,0,5180.35,3363.08,0,10360.7,3634.54,35.08,Card Payment,Delivered,6,Mobile App,2.6,0,0
JO-2023-12612,2023-10-23,19:23:00,October,Q4,Monday,JMC000935,Plateau,Jos,Books & Education,Mathematics Textbook,Oxford,2,6655.16,20,5324.13,3969.67,0,10648.26,2708.92,25.44,Cash on Delivery,Delivered,5,Mobile App,3.1,0,0
JO-2023-10004,2023-10-24,21:04:00,October,Q4,Tuesday,JMC000553,Rivers,Port Harcourt,Electronics,Phone Charger USB-C,JBL,2,131645.01,0,131645.01,115373.69,0,263290.02,32542.64,12.36,Jumia Pay Wallet,Delivered,8,Website Desktop,3.0,0,0
JO-2023-10412,2023-10-24,22:51:00,October,Q4,Tuesday,JMC000708,Lagos,Yaba,Electronics,Bluetooth Speaker,Tecno,1,336897.3,0,336897.3,292224.72,0,336897.3,44672.58,13.26,Card Payment,Delivered,5,Website Desktop,3.2,0,0
JO-2023-10752,2023-10-24,17:13:00,October,Q4,Tuesday,JMC001160,Abuja,Asokoro,Home & Kitchen,Coffee Maker,Bosch,1,94973.3,25,71229.98,53073.46,0,71229.98,18156.52,25.49,Jumia Pay Wallet,Delivered,2,Website Desktop,4.3,0,0
JO-2023-11336,2023-10-24,19:32:00,October,Q4,Tuesday,JMC000366,Kano,Tarauni,Beauty & Health,Hair Relaxer Kit,Black Seed,1,29227.79,0,29227.79,12246.44,0,29227.79,16981.35,58.1,Cash on Delivery,Delivered,3,Website Desktop,4.5,0,0
JO-2023-12123,2023-10-24,21:11:00,October,Q4,Tuesday,JMC000646,Rivers,Eleme,Groceries,Milk Tin 400g,PZ Cussons,1,7583.17,10,6824.85,6268.62,700,6824.85,556.23,8.15,Jumia Pay Wallet,Delivered,7,Mobile App,3.7,0,0
JO-2023-12802,2023-10-24,12:19:00,October,Q4,Tuesday,JMC000544,Imo,Okigwe,Beauty & Health,Shampoo Anti-Dandruff,Neutrogena,1,16656.66,25,12492.49,5812.76,0,12492.49,6679.73,53.47,Card Payment,Delivered,2,USSD,5.0,0,0
JO-2023-12816,2023-10-24,09:05:00,October,Q4,Tuesday,JMC000499,Delta,Warri,Electronics,Power Bank 20000mAh,Infinix,3,425002.83,0,425002.83,336857.24,0,1275008.49,264436.77,20.74,Card Payment,Delivered,8,Mobile App,4.0,0,0
JO-2023-10359,2023-10-25,19:59:00,October,Q4,Wednesday,JMC000167,Abuja,Maitama,Books & Education,Law Reports,Oxford,2,9119.84,0,9119.84,5544.86,0,18239.68,7149.96,39.2,Cash on Delivery,Delivered,8,Mobile App,3.8,0,0
JO-2023-11021,2023-10-25,17:31:00,October,Q4,Wednesday,JMC000796,Edo,Benin City,Sports & Outdoor,Jump Rope,Wilson,1,46880.3,0,46880.3,33824.14,,46880.3,13056.16,27.85,Card Payment,Cancelled,3,Website Desktop,,0,0
JO-2023-11038,2023-10-25,22:14:00,October,Q4,Wednesday,JMC001393,Anambra,Awka,Electronics,Electric Kettle,Sony,3,311378.54,10,280240.69,210656.93,0,840722.07,208751.28,24.83,Card Payment,Returned,3,Agent Network,,1,0
JO-2023-11594,2023-10-25,15:04:00,October,Q4,Wednesday,JMC001198,Edo,Ikpoba-Okha,Home & Kitchen,Air Fryer 4L,Bosch,1,32584.01,0,32584.01,25301.48,0,32584.01,7282.53,22.35,Jumia Pay Wallet,Cancelled,6,Mobile App,,0,0
JO-2023-11965,2023-10-25,07:13:00,October,Q4,Wednesday,JMC001405,Enugu,Udi,Groceries,Tin Tomato Carton,Dangote,1,9960.37,25,7470.28,6128.62,2000,7470.28,1341.66,17.96,Bank Transfer,Delivered,4,Website Desktop,3.5,0,0
JO-2023-12138,2023-10-25,18:44:00,October,Q4,Wednesday,JMC000569,Abuja,Wuse,Groceries,Tomato Paste 400g,Cadbury,1,6905.53,20,5524.42,4668.13,2000,5524.42,856.29,15.5,Bank Transfer,Processing,3,Agent Network,,0,0
JO-2023-12365,2023-10-25,11:14:00,October,Q4,Wednesday,JMC000852,Enugu,Udi,Electronics,Extension Socket,HP,1,89019.81,0,89019.81,69417.65,0,89019.81,19602.16,22.02,Card Payment,Delivered,4,Mobile App,2.8,0,0
JO-2023-12417,2023-10-25,10:48:00,October,Q4,Wednesday,JMC001524,Abuja,Wuse,Beauty & Health,Face Mask Set,Neutrogena,2,18306.78,50,9153.39,5845.35,0,18306.78,6616.08,36.14,Cash on Delivery,Delivered,1,USSD,4.5,0,0
JO-2023-12508,2023-10-25,12:15:00,October,Q4,Wednesday,JMC000933,Rivers,Port Harcourt,Computing,Wireless Mouse,Asus,1,518617.38,0,518617.38,439631.95,0,518617.38,78985.43,15.23,Cash on Delivery,Delivered,3,Agent Network,4.8,0,0
JO-2023-12795,2023-10-25,23:30:00,October,Q4,Wednesday,JMC001083,Lagos,Surulere,Computing,Printer Ink Cartridge,Acer,1,583432.11,0,583432.11,489907.94,0,583432.11,93524.17,16.03,Jumia Pay Wallet,Delivered,4,Mobile App,4.5,0,0
JO-2023-10354,2023-10-26,17:37:00,October,Q4,Thursday,JMC001461,Lagos,Victoria Island,Fashion,Wristwatch Classic,H&M,2,70026.33,0,70026.33,43962.53,0,140052.66,52127.6,37.22,Card Payment,Delivered,5,Agent Network,3.5,0,0
JO-2023-10475,2023-10-26,23:22:00,October,Q4,Thursday,JMC000039,Oyo,Oyo,Books & Education,English Grammar,Amazon KDP,1,941.81,0,941.81,545.87,2000,941.81,395.94,42.04,Bank Transfer,Delivered,6,USSD,3.1,0,0
JO-2023-10585,2023-10-26,15:37:00,October,Q4,Thursday,JMC001169,Lagos,Ikorodu,Computing,Wireless Mouse,Dell,5,536286.66,25,402214.99,324185.28,0,2011074.95,390148.55,19.4,Bank Transfer,Delivered,7,Mobile App,2.8,0,0
JO-2023-10686,2023-10-26,17:32:00,October,Q4,Thursday,JMC001192,Lagos,Ikorodu,Groceries,Noodles Instant 70g,Cadbury,1,2150.74,0,2150.74,1904.27,1200,2150.74,246.47,11.46,Card Payment,Cancelled,1,Website Desktop,,0,0
JO-2023-10722,2023-10-26,21:03:00,October,Q4,Thursday,JMC001109,Lagos,Victoria Island,Beauty & Health,Hair Relaxer Kit,Neutrogena,1,34538.05,0,34538.05,14547.43,0,34538.05,19990.62,57.88,Bank Transfer,Processing,3,Mobile App,,0,0
JO-2023-10959,2023-10-26,14:09:00,October,Q4,Thursday,JMC001208,Bauchi,Azare,Fashion,Handbag Brown,Nike,1,78499.47,40,47099.68,21373.83,,47099.68,25725.85,54.62,Card Payment,Cancelled,3,Mobile App,,0,0
JO-2023-11866,2023-10-26,11:58:00,October,Q4,Thursday,JMC000452,Lagos,Victoria Island,Electronics,Smart Watch,HP,1,188165.4,0,188165.4,146035.17,0,188165.4,42130.23,22.39,Bank Transfer,Processing,8,Website Desktop,,0,0
JO-2023-12461,2023-10-26,17:52:00,October,Q4,Thursday,JMC000226,Niger,Bida,Fashion,Women's Heels,Lagos Styles,1,2197.94,50,1098.97,656.85,1500,1098.97,442.12,40.23,Card Payment,Delivered,3,Website Desktop,2.7,0,0
JO-2023-12693,2023-10-26,22:05:00,October,Q4,Thursday,JMC000768,Kano,Tarauni,Fashion,Handbag Brown,Adidas,1,49789.03,0,49789.03,29858.48,0,49789.03,19930.55,40.03,Card Payment,Delivered,3,Mobile App,2.9,0,0
JO-2023-12694,2023-10-26,21:14:00,October,Q4,Thursday,JMC000868,Oyo,Ogbomoso,Beauty & Health,Perfume Floral 100ml,Olay,1,22489.07,0,22489.07,13169.6,0,22489.07,9319.47,41.44,Cash on Delivery,Delivered,7,USSD,3.5,0,0
JO-2023-12774,2023-10-26,14:33:00,October,Q4,Thursday,JMC000431,Oyo,Ibadan South,Fashion,Wristwatch Classic,H&M,2,2327.53,15,1978.4,1316.23,,3956.8,1324.34,33.47,Cash on Delivery,Delivered,3,Mobile App,3.7,0,0
JO-2023-12952,2023-10-26,13:30:00,October,Q4,Thursday,JMC000171,Rivers,Oyigbo,Fashion,Leather Belt,Zara,1,60221.39,0,60221.39,33796.24,0,60221.39,26425.15,43.88,Jumia Pay Wallet,Delivered,1,Mobile App,3.0,0,0
JO-2023-11063,2023-10-27,12:36:00,October,Q4,Friday,JMC001471,Ondo,Ikare,Fashion,Leather Belt,H&M,1,49428.31,0,49428.31,24580.7,0,49428.31,24847.61,50.27,Card Payment,Returned,5,Website Desktop,,1,0
JO-2023-11187,2023-10-27,15:49:00,October,Q4,Friday,JMC000963,Lagos,Lekki,Beauty & Health,Face Mask Set,L'Oreal,1,32523.22,0,32523.22,17286.09,0,32523.22,15237.13,46.85,Card Payment,Shipped,8,Mobile App,,0,0
JO-2023-11390,2023-10-27,10:11:00,October,Q4,Friday,JMC000080,Rivers,Port Harcourt,Electronics,Bluetooth Speaker,Samsung,1,299531.89,0,299531.89,222642.05,0,299531.89,76889.84,25.67,Cash on Delivery,Delivered,6,Website Desktop,4.7,0,0
JO-2023-11862,2023-10-27,11:09:00,October,Q4,Friday,JMC000045,Ogun,Sagamu,Beauty & Health,Sunscreen SPF50,Nivea,1,5008.17,25,3756.13,2318.28,700,3756.13,1437.85,38.28,Card Payment,Delivered,5,USSD,4.6,0,0
JO-2023-12590,2023-10-27,23:22:00,October,Q4,Friday,JMC000949,Enugu,Udi,Home & Kitchen,Dish Rack,Nasco,1,161160.02,10,145044.02,96976.43,0,145044.02,48067.59,33.14,USSD Payment,Delivered,8,Website Desktop,4.0,0,0
JO-2023-10738,2023-10-28,14:05:00,October,Q4,Saturday,JMC001534,Abuja,Garki,Beauty & Health,Sunscreen SPF50,Olay,4,20070.98,0,20070.98,8080.58,0,80283.92,47961.6,59.74,Card Payment,Delivered,1,Agent Network,,0,0
JO-2023-10992,2023-10-28,16:14:00,October,Q4,Saturday,JMC001428,Delta,Warri,Home & Kitchen,Non-stick Frying Pan,Nasco,1,75655.31,0,75655.31,48222.69,0,75655.31,27432.62,36.26,Jumia Pay Wallet,Delivered,2,Website Desktop,3.9,0,0
JO-2023-11479,2023-10-28,21:50:00,October,Q4,Saturday,JMC000658,Ondo,Ikare,Sports & Outdoor,Basketball Outdoor,Puma,1,30137.77,50,15068.89,11666.33,0,15068.89,3402.56,22.58,Cash on Delivery,Cancelled,5,Mobile App,,0,0
JO-2023-12111,2023-10-28,22:29:00,October,Q4,Saturday,JMC000165,Kano,Tarauni,Books & Education,English Grammar,Pearson,3,1116.47,10,1004.82,734.42,1000,3014.46,811.2,26.91,Jumia Pay Wallet,Delivered,1,Mobile App,3.5,0,0
JO-2023-12150,2023-10-28,19:50:00,October,Q4,Saturday,JMC001384,Kano,Tarauni,Electronics,Smart TV 43inch,Tecno,1,108510.94,0,108510.94,80786.39,0,108510.94,27724.55,25.55,Card Payment,Delivered,5,Mobile App,3.4,0,0
JO-2023-12328,2023-10-28,14:39:00,October,Q4,Saturday,JMC001407,Rivers,Obio-Akpor,Electronics,Phone Charger USB-C,HP,2,82881.18,0,82881.18,68062.03,0,165762.36,29638.3,17.88,USSD Payment,Delivered,6,WhatsApp Store,2.7,0,0
JO-2023-12419,2023-10-28,08:11:00,October,Q4,Saturday,JMC000595,Ondo,Ikare,Fashion,Sneakers Size 42,H&M,1,68827.56,0,68827.56,42156.88,0,68827.56,26670.68,38.75,Cash on Delivery,Delivered,5,Website Desktop,3.9,0,0
JO-2023-12457,2023-10-28,09:43:00,October,Q4,Saturday,JMC000873,Anambra,Onitsha,Home & Kitchen,Cutlery Set 24pcs,Philips,2,174434.46,5,165712.74,120605.73,0,331425.48,90214.02,27.22,Card Payment,Delivered,4,WhatsApp Store,3.4,0,0
JO-2023-10725,2023-10-29,14:46:00,October,Q4,Sunday,JMC000950,Niger,Minna,Home & Kitchen,Kitchen Towel Set,Scanfrost,4,140245.97,0,140245.97,94469.69,0,560983.88,183105.12,32.64,Card Payment,Delivered,1,USSD,3.3,0,0
JO-2023-10873,2023-10-29,23:08:00,October,Q4,Sunday,JMC000028,Rivers,Oyigbo,Computing,Mechanical Keyboard,Acer,1,301484.58,0,301484.58,269798.55,0,301484.58,31686.03,10.51,Card Payment,Delivered,4,Agent Network,2.6,0,0
JO-2023-10938,2023-10-29,17:42:00,October,Q4,Sunday,JMC000521,Anambra,Anambra East,Electronics,Bluetooth Speaker,Infinix,1,219904.87,0,219904.87,173768.83,0,219904.87,46136.04,20.98,Card Payment,Delivered,7,USSD,4.3,0,0
JO-2023-11359,2023-10-29,10:46:00,October,Q4,Sunday,JMC000702,Oyo,Ibadan North,Home & Kitchen,Pressure Cooker 5L,Binatone,2,79877.78,0,79877.78,54708.29,0,159755.56,50338.98,31.51,Jumia Pay Wallet,Delivered,2,USSD,3.4,0,0
JO-2023-11482,2023-10-29,10:57:00,October,Q4,Sunday,JMC000664,Kaduna,Kaduna South,Home & Kitchen,Blender 1.5L,Bosch,1,79672.75,0,79672.75,63068.95,0,79672.75,16603.8,20.84,Card Payment,Delivered,6,Agent Network,4.9,0,0
JO-2023-11495,2023-10-29,11:22:00,October,Q4,Sunday,JMC001219,Abuja,Gwarinpa,Books & Education,WAEC Past Questions,Oxford,3,4541.18,0,4541.18,2769.67,0,13623.54,5314.53,39.01,Jumia Pay Wallet,Delivered,3,Mobile App,3.6,0,0
JO-2023-12296,2023-10-29,19:15:00,October,Q4,Sunday,JMC000912,Delta,Oshimili,Home & Kitchen,Blender 1.5L,Nasco,1,9444.23,0,9444.23,5962.14,1200,9444.23,3482.09,36.87,Bank Transfer,Processing,3,Mobile App,,0,0
JO-2023-12335,2023-10-29,22:33:00,October,Q4,Sunday,JMC001388,Enugu,Nkanu,Groceries,Tin Tomato Carton,Unilever,1,16986.59,0,16986.59,15464.59,0,16986.59,1522.0,8.96,Jumia Pay Wallet,Delivered,7,USSD,4.0,0,0
JO-2023-12980,2023-10-29,07:41:00,October,Q4,Sunday,JMC001498,Abuja,Kubwa,Fashion,Leather Belt,H&M,1,4789.06,40,2873.44,1740.73,700,2873.44,1132.71,39.42,Bank Transfer,Shipped,3,USSD,,0,0
JO-2023-10408,2023-10-30,13:15:00,October,Q4,Monday,JMC000028,Oyo,Ibadan North,Home & Kitchen,Storage Containers,Scanfrost,1,4473.54,0,4473.54,3278.66,1200,4473.54,1194.88,26.71,Jumia Pay Wallet,Shipped,3,Website Desktop,,0,0
JO-2023-10528,2023-10-30,12:28:00,October,Q4,Monday,JMC001353,Abuja,Maitama,Home & Kitchen,Air Fryer 4L,Nexus,2,167547.44,20,134037.95,96359.88,0,268075.9,75356.14,28.11,USSD Payment,Delivered,2,Website Desktop,3.7,0,0
JO-2023-11377,2023-10-30,16:02:00,October,Q4,Monday,JMC000943,Rivers,Oyigbo,Home & Kitchen,Blender 1.5L,Nexus,3,162062.83,0,162062.83,100316.89,0,486188.49,185237.82,38.1,Card Payment,Delivered,2,Website Desktop,4.2,0,0
JO-2023-11378,2023-10-30,22:33:00,October,Q4,Monday,JMC000357,Kano,Kano City,Beauty & Health,Manicure Kit,L'Oreal,1,20028.44,0,20028.44,12411.62,0,20028.44,7616.82,38.03,Card Payment,Delivered,7,Website Desktop,3.6,0,0
JO-2023-12400,2023-10-30,09:49:00,October,Q4,Monday,JMC000265,Lagos,Lagos Island,Fashion,Women's Heels,Lagos Styles,2,31386.01,20,25108.81,14181.46,0,50217.62,21854.7,43.52,Jumia Pay Wallet,Processing,3,WhatsApp Store,,0,0
JO-2023-12893,2023-10-30,19:14:00,October,Q4,Monday,JMC000893,Oyo,Ibadan South,Computing,External SSD 1TB,HP,1,476704.33,0,476704.33,413445.67,0,476704.33,63258.66,13.27,Jumia Pay Wallet,Shipped,5,Mobile App,,0,0
JO-2023-10764,2023-10-31,17:46:00,October,Q4,Tuesday,JMC001471,Kwara,Offa,Electronics,Power Bank 20000mAh,Infinix,1,250402.09,0,250402.09,209461.35,0,250402.09,40940.74,16.35,Cash on Delivery,Delivered,2,Website Desktop,3.9,0,0
JO-2023-10785,2023-10-31,16:45:00,October,Q4,Tuesday,JMC001249,Imo,Owerri,Sports & Outdoor,Football Size 5,Wilson,1,46797.43,0,46797.43,30025.23,0,46797.43,16772.2,35.84,Card Payment,Delivered,2,Mobile App,4.2,0,0
JO-2023-10885,2023-10-31,12:02:00,October,Q4,Tuesday,JMC000540,Lagos,Ikorodu,Electronics,Smart TV 43inch,JBL,2,321236.31,0,321236.31,255158.0,0,642472.62,132156.62,20.57,USSD Payment,Delivered,1,Mobile App,4.1,0,0
JO-2023-10948,2023-10-31,22:38:00,October,Q4,Tuesday,JMC000609,Rivers,Oyigbo,Groceries,Honey Natural 500g,Cadbury,1,20829.65,0,20829.65,18353.0,0,20829.65,2476.65,11.89,Card Payment,Shipped,7,Mobile App,,0,0
JO-2023-11497,2023-10-31,17:01:00,October,Q4,Tuesday,JMC000429,Delta,Uvwie,Fashion,Leather Belt,H&M,1,61603.26,0,61603.26,29908.38,0,61603.26,31694.88,51.45,Bank Transfer,Cancelled,5,Mobile App,,0,0
JO-2023-11783,2023-10-31,11:38:00,October,Q4,Tuesday,JMC000265,Kano,Nassarawa,Electronics,Table Lamp LED,Infinix,1,77563.29,0,77563.29,67402.5,0,77563.29,10160.79,13.1,Card Payment,Delivered,2,Agent Network,3.6,0,0
JO-2023-11801,2023-10-31,18:40:00,October,Q4,Tuesday,JMC000348,Lagos,Ikeja,Electronics,Table Lamp LED,HP,1,114055.15,0,114055.15,96422.22,0,114055.15,17632.93,15.46,Card Payment,Delivered,2,Mobile App,,0,0
JO-2023-11894,2023-10-31,16:39:00,October,Q4,Tuesday,JMC000297,Abuja,Kubwa,Electronics,Extension Socket,JBL,1,39909.38,0,39909.38,34497.67,0,39909.38,5411.71,13.56,Card Payment,Cancelled,7,Mobile App,,0,0
JO-2023-12299,2023-10-31,13:05:00,October,Q4,Tuesday,JMC000316,Bauchi,Misau,Electronics,Phone Charger USB-C,Sony,2,374245.62,0,374245.62,276193.27,0,748491.24,196104.7,26.2,Cash on Delivery,Shipped,7,Agent Network,,0,0
JO-2023-12344,2023-10-31,10:31:00,October,Q4,Tuesday,JMC000419,Kano,Tarauni,Electronics,Table Lamp LED,Apple,2,89501.43,0,89501.43,67555.68,0,179002.86,43891.5,24.52,Card Payment,Cancelled,1,Mobile App,,0,0
JO-2023-12433,2023-10-31,18:41:00,October,Q4,Tuesday,JMC000765,Ondo,Ondo City,Home & Kitchen,Pressure Cooker 5L,Nexus,1,135514.8,25,101636.1,70931.83,0,101636.1,30704.27,30.21,Card Payment,Delivered,7,WhatsApp Store,4.0,0,0
JO-2023-12483,2023-10-31,16:14:00,October,Q4,Tuesday,JMC000191,Lagos,Surulere,Fashion,Sneakers Size 42,Adidas,5,49860.37,0,49860.37,26595.52,0,249301.85,116324.25,46.66,Card Payment,Delivered,2,Website Desktop,3.3,0,0
JO-2023-12574,2023-10-31,11:24:00,October,Q4,Tuesday,JMC000456,Plateau,Jos,Electronics,Smart TV 43inch,Infinix,2,398399.57,20,318719.66,252011.64,0,637439.32,133416.04,20.93,Card Payment,Delivered,8,Mobile App,2.7,0,0
JO-2023-10962,2023-11-01,08:13:00,November,Q4,Wednesday,JMC000731,Oyo,Oyo,Sports & Outdoor,Resistance Bands Set,Spalding,1,86756.37,0,86756.37,56270.18,0,86756.37,30486.19,35.14,Card Payment,Cancelled,5,Mobile App,,0,0
JO-2023-11456,2023-11-01,23:09:00,November,Q4,Wednesday,JMC000848,Abuja,Garki,Home & Kitchen,Blender 1.5L,Nexus,2,163527.36,0,163527.36,128221.8,0,327054.72,70611.12,21.59,Jumia Pay Wallet,Delivered,6,Website Desktop,4.7,0,0
JO-2023-11924,2023-11-01,19:37:00,November,Q4,Wednesday,JMC001529,Benue,Makurdi,Home & Kitchen,Air Fryer 4L,Nasco,2,105485.45,20,84388.36,67460.05,0,168776.72,33856.62,20.06,Bank Transfer,Delivered,8,Website Desktop,2.8,0,0
JO-2023-12372,2023-11-01,19:33:00,November,Q4,Wednesday,JMC001587,Lagos,Agege,Electronics,Bluetooth Speaker,,4,342483.87,0,342483.87,292172.99,0,1369935.48,201243.52,14.69,Jumia Pay Wallet,Delivered,3,Website Desktop,4.8,0,0
JO-2023-12454,2023-11-01,12:42:00,November,Q4,Wednesday,JMC000360,Lagos,Ikeja,Books & Education,Mathematics Textbook,Oxford,1,8340.11,0,8340.11,4977.38,1000,8340.11,3362.73,40.32,Card Payment,Delivered,1,Agent Network,5.0,0,0
JO-2023-12522,2023-11-01,22:27:00,November,Q4,Wednesday,JMC000015,Rivers,Obio-Akpor,Electronics,Extension Socket,Infinix,1,63995.13,15,54395.86,41395.25,0,54395.86,13000.61,23.9,Cash on Delivery,Delivered,4,Mobile App,4.5,0,0
JO-2023-12733,2023-11-01,17:22:00,November,Q4,Wednesday,JMC000748,Delta,Warri,Home & Kitchen,Kitchen Towel Set,Bosch,1,123323.82,5,117157.63,74594.26,0,117157.63,42563.37,36.33,Cash on Delivery,Cancelled,4,Mobile App,,0,0
JO-2023-12787,2023-11-01,19:43:00,November,Q4,Wednesday,JMC001484,Lagos,Lekki,Electronics,Power Bank 20000mAh,Samsung,4,306434.57,0,306434.57,241041.43,0,1225738.28,261572.56,21.34,Jumia Pay Wallet,Shipped,6,WhatsApp Store,,0,0
JO-2023-12854,2023-11-01,19:43:00,November,Q4,Wednesday,JMC000870,Oyo,Ibadan South,Sports & Outdoor,Basketball Outdoor,Decathlon,4,47427.32,20,37941.86,22970.0,0,151767.44,59887.44,39.46,Card Payment,Returned,5,WhatsApp Store,,1,0
JO-2023-12864,2023-11-01,08:18:00,November,Q4,Wednesday,JMC001330,Enugu,Nkanu,Electronics,Wireless Earbuds,HP,1,133756.4,0,133756.4,107633.78,0,133756.4,26122.62,19.53,Card Payment,Delivered,4,Website Desktop,4.0,0,0
JO-2023-10357,2023-11-02,10:41:00,November,Q4,Thursday,JMC000089,Lagos,Ikorodu,Home & Kitchen,Blender 1.5L,Philips,2,28549.62,0,28549.62,22331.51,0,57099.24,12436.22,21.78,Cash on Delivery,Delivered,3,WhatsApp Store,4.8,0,0
JO-2023-10379,2023-11-02,10:07:00,November,Q4,Thursday,JMC000021,Enugu,Enugu North,Groceries,Milk Tin 400g,Unilever,1,13885.51,0,13885.51,11695.77,0,13885.51,2189.74,15.77,Card Payment,Delivered,3,Website Desktop,2.9,0,0
JO-2023-10448,2023-11-02,10:37:00,November,Q4,Thursday,JMC001471,Delta,Oshimili,Home & Kitchen,Dish Rack,,1,171225.07,0,171225.07,132048.77,0,171225.07,39176.3,22.88,Card Payment,Delivered,2,Mobile App,3.6,0,0
JO-2023-10471,2023-11-02,11:20:00,November,Q4,Thursday,JMC000760,Lagos,Lagos Island,Fashion,Handbag Brown,H&M,1,15112.28,0,15112.28,10002.82,0,15112.28,5109.46,33.81,Card Payment,Delivered,3,Agent Network,3.7,0,0
JO-2023-12157,2023-11-02,23:30:00,November,Q4,Thursday,JMC000322,Kwara,Ilorin,Home & Kitchen,Cutlery Set 24pcs,Philips,1,159261.31,,159261.31,120321.92,0,159261.31,38939.39,24.45,Card Payment,Delivered,2,Mobile App,3.3,0,0
JO-2023-10716,2023-11-03,19:36:00,November,Q4,Friday,JMC001415,Rivers,Oyigbo,Books & Education,Atlas of Nigeria,Amazon KDP,2,11161.76,0,11161.76,8157.01,0,22323.52,6009.5,26.92,Card Payment,Delivered,3,Mobile App,3.8,0,0
JO-2023-10826,2023-11-03,18:13:00,November,Q4,Friday,JMC000099,Delta,Warri,Home & Kitchen,Non-stick Frying Pan,Philips,1,47508.16,0,47508.16,30058.41,0,47508.16,17449.75,36.73,Card Payment,Delivered,6,Website Desktop,2.9,0,0
JO-2023-11942,2023-11-03,21:13:00,November,Q4,Friday,JMC000427,Abuja,Wuse,Beauty & Health,Manicure Kit,Nivea,1,33244.01,0,33244.01,19218.36,0,33244.01,14025.65,42.19,Jumia Pay Wallet,Delivered,5,Website Desktop,5.0,0,0
JO-2023-12623,2023-11-03,16:34:00,November,Q4,Friday,JMC001457,Lagos,Yaba,Books & Education,Atlas of Nigeria,Pearson,1,8987.83,0,8987.83,6446.07,1000,8987.83,2541.76,28.28,Card Payment,Delivered,7,Mobile App,3.4,0,0
JO-2023-10436,2023-11-04,10:57:00,November,Q4,Saturday,JMC000089,Lagos,Ikorodu,Groceries,Biscuits Assorted,Dangote,1,6604.33,20,5283.46,4364.67,1000,5283.46,918.79,17.39,Jumia Pay Wallet,Delivered,5,Mobile App,2.7,0,0
JO-2023-10542,2023-11-04,19:20:00,November,Q4,Saturday,JMC000210,Ondo,Akure,Fashion,Handbag Brown,Lagos Styles,2,20041.47,0,20041.47,13906.78,0,40082.94,12269.38,30.61,Jumia Pay Wallet,Delivered,7,Mobile App,4.7,0,0
JO-2023-10858,2023-11-04,18:55:00,November,Q4,Saturday,JMC000988,Lagos,Ikorodu,Home & Kitchen,Non-stick Frying Pan,Scanfrost,2,103925.44,,103925.44,83057.21,0,207850.88,41736.46,20.08,Card Payment,Delivered,7,Mobile App,,0,0
JO-2023-11857,2023-11-04,13:17:00,November,Q4,Saturday,JMC000052,Abuja,Garki,Home & Kitchen,Coffee Maker,Nexus,1,73090.52,0,73090.52,57690.35,0,73090.52,15400.17,21.07,Jumia Pay Wallet,Delivered,7,Mobile App,3.1,0,0
JO-2023-12126,2023-11-04,11:36:00,November,Q4,Saturday,JMC000437,Rivers,Eleme,Home & Kitchen,Dish Rack,Philips,1,162859.7,0,162859.7,114099.51,0,162859.7,48760.19,29.94,Jumia Pay Wallet,Delivered,6,Mobile App,3.5,0,0
JO-2023-12496,2023-11-04,10:10:00,November,Q4,Saturday,JMC000461,Imo,Okigwe,Home & Kitchen,Dish Rack,Nexus,1,18439.8,0,18439.8,12885.73,0,18439.8,5554.07,30.12,Card Payment,Processing,4,Mobile App,,0,0
JO-2023-12724,2023-11-04,15:58:00,November,Q4,Saturday,JMC000737,Lagos,Lekki,Home & Kitchen,Coffee Maker,Nexus,3,61340.46,40,36804.28,27985.97,0,110412.84,26454.93,23.96,Card Payment,Delivered,3,Mobile App,3.5,0,0
JO-2023-10316,2023-11-05,08:50:00,November,Q4,Sunday,JMC000325,Abuja,Kubwa,Computing,Printer Ink Cartridge,HP,2,205800.23,0,205800.23,171822.61,0,411600.46,67955.24,16.51,Card Payment,Delivered,5,Mobile App,3.5,0,0
JO-2023-10584,2023-11-05,22:17:00,November,Q4,Sunday,JMC000500,Kano,Tarauni,Beauty & Health,Body Scrub,Dove,1,25123.25,25,18842.44,10218.26,0,18842.44,8624.18,45.77,Card Payment,Delivered,5,Website Desktop,4.2,0,0
JO-2023-11183,2023-11-05,23:56:00,November,Q4,Sunday,JMC001393,Lagos,Ikeja,Electronics,Wireless Earbuds,HP,2,417461.32,5,396588.25,287962.73,0,793176.5,217251.04,27.39,Jumia Pay Wallet,Processing,5,WhatsApp Store,,0,0
JO-2023-11445,2023-11-05,21:46:00,November,Q4,Sunday,JMC001466,Ogun,Ilaro,Fashion,Men's Polo Shirt,Zara,1,83230.78,0,83230.78,46734.08,0,83230.78,36496.7,43.85,Bank Transfer,Delivered,4,Website Desktop,3.8,0,0
JO-2023-11840,2023-11-05,11:26:00,November,Q4,Sunday,JMC001365,Kano,Tarauni,Electronics,Smart Watch,Lenovo,1,322711.67,0,322711.67,232933.28,0,322711.67,89778.39,27.82,Bank Transfer,Processing,6,Agent Network,,0,0
JO-2023-12096,2023-11-05,07:54:00,November,Q4,Sunday,JMC000627,Delta,Oshimili,Books & Education,Python Programming Basics,Kachifo,1,11588.14,0,11588.14,8630.85,0,11588.14,2957.29,25.52,Jumia Pay Wallet,Shipped,5,Mobile App,,0,0
JO-2023-12472,2023-11-05,16:06:00,November,Q4,Sunday,JMC000177,Abuja,Maitama,Electronics,Wireless Earbuds,HP,2,292962.68,0,292962.68,216323.64,0,585925.36,153278.08,26.16,Bank Transfer,Delivered,2,Mobile App,,0,0
JO-2023-12501,2023-11-05,17:00:00,November,Q4,Sunday,JMC000504,Nasarawa,Lafia,Groceries,Biscuits Assorted,Cadbury,2,20049.16,15,17041.79,14298.06,0,34083.58,5487.46,16.1,Jumia Pay Wallet,Shipped,8,Mobile App,,0,0
JO-2023-12588,2023-11-05,15:28:00,November,Q4,Sunday,JMC001193,Kano,Gwale,Electronics,Phone Charger USB-C,Sony,2,232062.22,0,232062.22,181704.72,0,464124.44,100715.0,21.7,Jumia Pay Wallet,Delivered,3,Mobile App,2.8,0,0
JO-2023-11042,2023-11-06,12:08:00,November,Q4,Monday,JMC001392,Lagos,Victoria Island,Electronics,Smart Watch,Sony,2,348532.94,,313679.65,259758.12,0,627359.3,107843.06,17.19,Card Payment,Delivered,4,Mobile App,2.7,0,0
JO-2023-11988,2023-11-06,18:18:00,November,Q4,Monday,JMC000489,Rivers,Port Harcourt,Groceries,Biscuits Assorted,Nestle,2,17202.37,0,17202.37,14396.66,0,34404.74,5611.42,16.31,Card Payment,Delivered,3,Agent Network,4.5,0,0
JO-2023-12153,2023-11-06,11:00:00,November,Q4,Monday,JMC000469,Kano,Tarauni,Electronics,Bluetooth Speaker,HP,4,374880.05,0,374880.05,307026.76,0,1499520.2,271413.16,18.1,Bank Transfer,Delivered,1,Agent Network,4.0,0,0
JO-2023-12209,2023-11-06,10:45:00,November,Q4,Monday,JMC000131,Ondo,Akure,Sports & Outdoor,Dumbbell 5kg pair,Decathlon,2,80934.75,25,60701.06,40426.91,0,121402.12,40548.3,33.4,Card Payment,Delivered,4,Website Desktop,4.9,0,0
JO-2023-12606,2023-11-06,14:23:00,November,Q4,Monday,JMC001133,Abuja,Asokoro,Fashion,Handbag Brown,Zara,1,82079.66,0,82079.66,46457.09,0,82079.66,35622.57,43.4,Bank Transfer,Delivered,8,Agent Network,4.9,0,0
JO-2023-12884,2023-11-06,11:52:00,November,Q4,Monday,JMC000943,Niger,Minna,Beauty & Health,Beard Oil 50ml,Dove,1,28705.27,,28705.27,13861.77,0,28705.27,14843.5,51.71,Bank Transfer,Delivered,5,Website Desktop,3.8,0,0
JO-2023-10164,2023-11-07,13:54:00,November,Q4,Tuesday,JMC000333,Kano,Kano City,Electronics,Wireless Earbuds,Apple,3,425527.2,0,425527.2,357400.3,0,1276581.6,204380.7,16.01,USSD Payment,Processing,6,Website Desktop,,0,0
JO-2023-10283,2023-11-07,17:39:00,November,Q4,Tuesday,JMC001596,Imo,Owerri,Fashion,Sunglasses UV400,H&M,1,80970.97,50,40485.49,22688.07,0,40485.49,17797.42,43.96,Card Payment,Cancelled,5,Mobile App,,0,0
JO-2023-10671,2023-11-07,18:33:00,November,Q4,Tuesday,JMC001077,Abuja,Gwarinpa,Beauty & Health,Hair Relaxer Kit,Black Seed,1,13473.81,0,13473.81,7727.23,0,13473.81,5746.58,42.65,Card Payment,Delivered,7,Website Desktop,,0,0
JO-2023-10688,2023-11-07,12:35:00,November,Q4,Tuesday,JMC000500,Kano,Kano City,Computing,External SSD 1TB,Asus,2,470342.44,0,470342.44,403083.47,0,940684.88,134517.94,14.3,Jumia Pay Wallet,Shipped,5,Website Desktop,,0,0
JO-2023-11354,2023-11-07,08:59:00,November,Q4,Tuesday,JMC000028,Nasarawa,Lafia,Groceries,Spaghetti 500g,Nestle,1,12680.66,0,12680.66,11093.04,0,12680.66,1587.62,12.52,Bank Transfer,Delivered,7,Website Desktop,3.7,0,0
JO-2023-12327,2023-11-07,22:46:00,November,Q4,Tuesday,JMC000227,Oyo,Ibadan North,Home & Kitchen,Coffee Maker,Scanfrost,1,144115.68,0,144115.68,109037.92,0,144115.68,35077.76,24.34,Jumia Pay Wallet,Delivered,4,Mobile App,4.8,0,0
JO-2023-10120,2023-11-08,09:51:00,November,Q4,Wednesday,JMC001481,Kaduna,Zaria,Beauty & Health,Shampoo Anti-Dandruff,Dove,1,17241.04,0,17241.04,9725.67,0,17241.04,7515.37,43.59,Card Payment,Shipped,1,Website Desktop,,0,0
JO-2023-10307,2023-11-08,09:28:00,November,Q4,Wednesday,JMC000796,Lagos,Ikorodu,Home & Kitchen,Dish Rack,Nasco,1,67642.32,5,64260.2,50746.28,0,64260.2,13513.92,21.03,Jumia Pay Wallet,Cancelled,5,Agent Network,,0,0
JO-2023-10734,2023-11-08,10:23:00,November,Q4,Wednesday,JMC000723,Oyo,Ibadan South,Electronics,Power Bank 20000mAh,JBL,1,357738.25,0,357738.25,299534.24,0,357738.25,58204.01,16.27,Jumia Pay Wallet,Shipped,2,Website Desktop,,0,0
JO-2023-11012,2023-11-08,15:27:00,November,Q4,Wednesday,JMC000477,Abuja,Wuse,Fashion,Sunglasses UV400,H&M,5,81289.12,0,81289.12,40945.33,0,406445.6,201718.95,49.63,Card Payment,Delivered,2,Mobile App,3.4,0,0
JO-2023-11140,2023-11-08,12:03:00,November,Q4,Wednesday,JMC000050,Anambra,Nnewi,Electronics,Smart Watch,HP,2,307015.45,25,230261.59,171959.36,0,460523.18,116604.46,25.32,Card Payment,Delivered,5,Agent Network,3.4,0,0
JO-2023-11290,2023-11-08,13:27:00,November,Q4,Wednesday,JMC000037,Lagos,Ikorodu,Beauty & Health,Hair Relaxer Kit,L'Oreal,2,22955.16,0,22955.16,9358.82,0,45910.32,27192.68,59.23,Cash on Delivery,Delivered,7,Mobile App,4.8,0,0
JO-2023-11827,2023-11-08,08:24:00,November,Q4,Wednesday,JMC000718,Kano,Nassarawa,Groceries,Groundnut Oil 5L,Cadbury,1,2902.26,0,2902.26,2571.98,1500,2902.26,330.28,11.38,Bank Transfer,Delivered,3,USSD,3.3,0,0
JO-2023-11968,2023-11-08,14:38:00,November,Q4,Wednesday,JMC001280,Lagos,Lagos Island,Electronics,Extension Socket,Samsung,2,69657.15,20,55725.72,40284.12,0,111451.44,30883.2,27.71,Card Payment,Delivered,3,Mobile App,4.6,0,0
JO-2023-11969,2023-11-08,23:18:00,November,Q4,Wednesday,JMC000982,Niger,Bida,Electronics,Extension Socket,JBL,1,400429.95,15,340365.46,272530.62,0,340365.46,67834.84,19.93,Bank Transfer,Shipped,2,Mobile App,,0,0
JO-2023-12564,2023-11-08,22:55:00,November,Q4,Wednesday,JMC001014,Lagos,Lekki,Computing,Wireless Mouse,Asus,1,773463.58,0,773463.58,667112.34,0,773463.58,106351.24,13.75,Card Payment,Shipped,7,Mobile App,,0,0
JO-2023-12596,2023-11-08,15:52:00,November,Q4,Wednesday,JMC000110,Kaduna,Kaduna North,Beauty & Health,Hair Relaxer Kit,Black Seed,2,13007.95,0,13007.95,5471.14,0,26015.9,15073.62,57.94,Bank Transfer,Cancelled,2,Mobile App,,0,0
JO-2023-12918,2023-11-08,14:00:00,November,Q4,Wednesday,JMC000687,Kano,Kano City,Electronics,Power Bank 20000mAh,Lenovo,1,205252.7,20,164202.16,128833.01,0,164202.16,35369.15,21.54,Cash on Delivery,Delivered,5,Mobile App,3.1,0,0
JO-2023-10187,2023-11-09,21:39:00,November,Q4,Thursday,JMC001415,Plateau,Barkin Ladi,Books & Education,English Grammar,Kachifo,2,4999.76,,3999.81,2505.08,2000,7999.62,2989.46,37.37,Bank Transfer,Processing,3,Website Desktop,,0,0
JO-2023-10805,2023-11-09,13:53:00,November,Q4,Thursday,JMC001513,Delta,Uvwie,Electronics,Desk Fan,Infinix,3,399753.61,0,399753.61,329916.65,0,1199260.83,209510.88,17.47,Jumia Pay Wallet,Processing,7,USSD,,0,0
JO-2023-12470,2023-11-09,13:49:00,November,Q4,Thursday,JMC000801,Lagos,Ikorodu,Electronics,Smart Watch,Tecno,1,252202.69,0,252202.69,189807.74,0,252202.69,62394.95,24.74,Card Payment,Delivered,4,WhatsApp Store,,0,0
JO-2023-10053,2023-11-10,12:32:00,November,Q4,Friday,JMC000511,Delta,Oshimili,Sports & Outdoor,Football Size 5,Puma,1,80532.22,0,80532.22,50864.15,0,80532.22,29668.07,36.84,USSD Payment,Delivered,8,Mobile App,4.1,0,0
JO-2023-10073,2023-11-10,19:39:00,November,Q4,Friday,JMC000437,Kaduna,Kaduna North,Fashion,Baseball Cap,Lagos Styles,3,65183.34,15,55405.84,32944.31,0,166217.52,67384.59,40.54,Jumia Pay Wallet,Cancelled,2,Mobile App,,0,0
JO-2023-10183,2023-11-10,09:34:00,November,Q4,Friday,JMC001388,Lagos,Lekki,Groceries,Tomato Paste 400g,Dangote,2,9379.41,0,9379.41,8490.24,0,18758.82,1778.34,9.48,Card Payment,Shipped,6,Mobile App,,0,0
JO-2023-10631,2023-11-10,23:18:00,November,Q4,Friday,JMC000218,Lagos,Yaba,Home & Kitchen,Kitchen Towel Set,Binatone,2,115092.21,0,115092.21,82521.11,0,230184.42,65142.2,28.3,Bank Transfer,Shipped,3,Mobile App,,0,0
JO-2023-11037,2023-11-10,10:01:00,November,Q4,Friday,JMC000311,Kwara,Patigi,Groceries,Milk Tin 400g,,2,7812.21,0,7812.21,6887.24,0,15624.42,1849.94,11.84,Cash on Delivery,Delivered,8,Website Desktop,3.2,0,0
JO-2023-11341,2023-11-10,13:52:00,November,Q4,Friday,JMC000030,Lagos,Lagos Island,Beauty & Health,Moisturising Lotion 400ml,L'Oreal,1,28200.85,0,28200.85,17117.92,0,28200.85,11082.93,39.3,Bank Transfer,Delivered,3,Mobile App,3.2,0,0
JO-2023-11391,2023-11-10,21:01:00,November,Q4,Friday,JMC000219,Lagos,Lekki,Electronics,Power Bank 20000mAh,,1,216461.3,50,108230.65,88759.96,0,108230.65,19470.69,17.99,USSD Payment,Delivered,6,Website Desktop,4.9,0,0
JO-2023-11643,2023-11-10,14:57:00,November,Q4,Friday,JMC000130,Rivers,Eleme,Groceries,Sugar 1kg,PZ Cussons,1,2538.45,15,2157.68,1942.99,1200,2157.68,214.69,9.95,Jumia Pay Wallet,Delivered,4,Agent Network,2.6,0,0
JO-2023-11694,2023-11-10,08:41:00,November,Q4,Friday,JMC000127,Lagos,Agege,Beauty & Health,Sunscreen SPF50,Nivea,2,12477.41,0,12477.41,5965.45,0,24954.82,13023.92,52.19,Bank Transfer,Processing,7,Mobile App,,0,0
JO-2023-12137,2023-11-10,17:59:00,November,Q4,Friday,JMC001204,Abuja,Asokoro,Fashion,Baseball Cap,Nike,2,17206.07,0,17206.07,11342.24,0,34412.14,11727.66,34.08,Jumia Pay Wallet,Delivered,8,Mobile App,4.4,0,0
JO-2023-12177,2023-11-10,07:49:00,November,Q4,Friday,JMC001456,Imo,Owerri,Sports & Outdoor,Jump Rope,Puma,3,24223.1,0,24223.1,15868.55,0,72669.3,25063.65,34.49,Jumia Pay Wallet,Shipped,8,Mobile App,,0,0
JO-2023-12233,2023-11-10,16:54:00,November,Q4,Friday,JMC000621,Oyo,Ibadan North,Electronics,Smart Watch,Apple,2,34077.1,0,34077.1,28052.27,0,68154.2,12049.66,17.68,Bank Transfer,Delivered,4,USSD,4.8,0,0
JO-2023-12743,2023-11-10,10:38:00,November,Q4,Friday,JMC001256,Oyo,Oyo,Books & Education,Python Programming Basics,Oxford,2,1700.57,,1190.4,749.24,1000,2380.8,882.32,37.06,Card Payment,Processing,4,Agent Network,,0,0
JO-2023-10552,2023-11-11,12:13:00,November,Q4,Saturday,JMC000096,Benue,Gboko,Fashion,Wristwatch Classic,H&M,2,68270.92,30,47789.64,22943.81,0,95579.28,49691.66,51.99,Bank Transfer,Shipped,6,Mobile App,,0,0
JO-2023-10815,2023-11-11,17:07:00,November,Q4,Saturday,JMC000216,Rivers,Obio-Akpor,Fashion,Sunglasses UV400,Lagos Styles,2,39404.99,0,39404.99,24241.95,0,78809.98,30326.08,38.48,Card Payment,Returned,2,Website Desktop,,1,0
JO-2023-11225,2023-11-11,09:25:00,November,Q4,Saturday,JMC000413,Rivers,Oyigbo,Groceries,Rice 5kg Bag,Nestle,1,12307.34,0,12307.34,10460.01,0,12307.34,1847.33,15.01,Cash on Delivery,Delivered,6,WhatsApp Store,3.1,0,0
JO-2023-12566,2023-11-11,08:31:00,November,Q4,Saturday,JMC000479,Imo,Mbaitoli,Fashion,Leather Belt,Adidas,1,24891.98,0,24891.98,14283.02,0,24891.98,10608.96,42.62,Card Payment,Processing,8,Mobile App,,0,0
JO-2023-10255,2023-11-12,10:08:00,November,Q4,Sunday,JMC000325,Kaduna,Kaduna South,Sports & Outdoor,Cycling Helmet,Under Armour,1,13743.64,0,13743.64,9208.24,0,13743.64,4535.4,33.0,Jumia Pay Wallet,Shipped,3,Mobile App,,0,0
JO-2023-10755,2023-11-12,16:14:00,November,Q4,Sunday,JMC000774,Lagos,Victoria Island,Groceries,Noodles Instant 70g,Nestle,3,20306.24,30,14214.37,12423.36,0,42643.11,5373.03,12.6,Bank Transfer,Delivered,5,Mobile App,2.9,0,0
JO-2023-11906,2023-11-12,15:39:00,November,Q4,Sunday,JMC000811,Lagos,Yaba,Fashion,Women's Heels,Ankara Palace,1,73615.79,0,73615.79,42895.92,0,73615.79,30719.87,41.73,Jumia Pay Wallet,Delivered,3,Website Desktop,3.9,0,0
JO-2023-12411,2023-11-12,10:47:00,November,Q4,Sunday,JMC001174,Oyo,Ibadan South,Electronics,Bluetooth Speaker,Samsung,4,151832.73,0,151832.73,121815.4,0,607330.92,120069.32,19.77,USSD Payment,Shipped,8,Website Desktop,,0,0
JO-2023-12700,2023-11-12,15:03:00,November,Q4,Sunday,JMC000756,Edo,Benin City,Computing,Mechanical Keyboard,Acer,2,736373.12,0,736373.12,618700.7,0,1472746.24,235344.84,15.98,Card Payment,Delivered,3,Agent Network,4.3,0,0
JO-2023-12852,2023-11-12,15:59:00,November,Q4,Sunday,JMC000490,Enugu,Enugu North,Computing,Monitor 24inch,,2,641442.83,0,641442.83,567548.62,0,1282885.66,147788.42,11.52,Cash on Delivery,Shipped,7,Mobile App,,0,0
JO-2023-10123,2023-11-13,08:25:00,November,Q4,Monday,JMC000521,Lagos,Lekki,Home & Kitchen,Non-stick Frying Pan,Bosch,1,26568.12,0,26568.12,16001.98,0,26568.12,10566.14,39.77,Cash on Delivery,Delivered,4,Agent Network,2.9,0,0
JO-2023-10936,2023-11-13,16:01:00,November,Q4,Monday,JMC000447,Abuja,Kubwa,Electronics,Power Bank 20000mAh,JBL,2,426543.62,0,426543.62,351855.83,0,853087.24,149375.58,17.51,Jumia Pay Wallet,Delivered,2,Website Desktop,4.8,0,0
JO-2023-11587,2023-11-13,20:09:00,November,Q4,Monday,JMC000593,Lagos,Victoria Island,Beauty & Health,Moisturising Lotion 400ml,L'Oreal,1,21688.27,0,21688.27,13982.43,0,21688.27,7705.84,35.53,Cash on Delivery,Delivered,2,Website Desktop,2.9,0,0
JO-2023-11689,2023-11-13,14:36:00,November,Q4,Monday,JMC000378,Plateau,Shendam,Sports & Outdoor,Yoga Mat 6mm,Spalding,1,61819.33,25,46364.5,28861.9,0,46364.5,17502.6,37.75,Bank Transfer,Shipped,7,Mobile App,,0,0
JO-2023-12049,2023-11-13,15:43:00,November,Q4,Monday,JMC000469,Delta,Warri,Fashion,Men's Polo Shirt,Nike,2,78031.79,0,78031.79,44524.94,0,156063.58,67013.7,42.94,Card Payment,Delivered,8,Website Desktop,4.5,0,0
JO-2023-12271,2023-11-13,19:49:00,November,Q4,Monday,JMC001228,Kano,Gwale,Home & Kitchen,Kitchen Towel Set,Scanfrost,1,41551.52,0,41551.52,29609.61,0,41551.52,11941.91,28.74,Jumia Pay Wallet,Processing,3,Website Desktop,,0,0
JO-2023-12553,2023-11-13,08:51:00,November,Q4,Monday,JMC001354,Nasarawa,Nasarawa,Fashion,Men's Polo Shirt,Lagos Styles,4,13445.76,0,13445.76,6127.23,0,53783.04,29274.12,54.43,Bank Transfer,Processing,6,Mobile App,,0,0
JO-2023-10337,2023-11-14,23:14:00,November,Q4,Tuesday,JMC000862,Kano,Gwale,Fashion,Men's Jeans,Lagos Styles,1,39681.05,0,39681.05,18229.47,0,39681.05,21451.58,54.06,Card Payment,Delivered,8,Website Desktop,3.7,0,0
JO-2023-10371,2023-11-14,17:27:00,November,Q4,Tuesday,JMC000132,Lagos,Ikorodu,Fashion,Women's Ankara Gown,Zara,3,74175.81,0,74175.81,46471.14,0,222527.43,83114.01,37.35,Card Payment,Delivered,5,Agent Network,2.9,0,0
JO-2023-10717,2023-11-14,22:55:00,November,Q4,Tuesday,JMC001324,Rivers,Port Harcourt,Computing,USB Hub 7-Port,Dell,4,622118.89,0,622118.89,503667.45,0,2488475.56,473805.76,19.04,Card Payment,Delivered,1,WhatsApp Store,4.6,0,0
JO-2023-11191,2023-11-14,07:14:00,November,Q4,Tuesday,JMC001120,Kwara,Offa,Fashion,Women's Ankara Gown,Adidas,1,65603.42,15,55762.91,38760.8,0,55762.91,17002.11,30.49,Card Payment,Processing,5,Mobile App,,0,0
JO-2023-11218,2023-11-14,16:47:00,November,Q4,Tuesday,JMC001488,Delta,Oshimili,Electronics,Phone Charger USB-C,Samsung,1,308944.45,20,247155.56,196068.51,0,247155.56,51087.05,20.67,Cash on Delivery,Delivered,2,Mobile App,3.2,0,0
JO-2023-11625,2023-11-14,15:25:00,November,Q4,Tuesday,JMC000384,Oyo,Ogbomoso,Books & Education,Python Programming Basics,,4,15428.46,10,13885.61,9737.98,0,55542.44,16590.52,29.87,Card Payment,Delivered,2,Mobile App,2.9,0,0
JO-2023-11930,2023-11-14,20:05:00,November,Q4,Tuesday,JMC000324,Abuja,Gwarinpa,Groceries,Tomato Paste 400g,Cadbury,1,13309.96,0,13309.96,11012.66,0,13309.96,2297.3,17.26,USSD Payment,Delivered,2,Agent Network,3.1,0,0
JO-2023-12297,2023-11-14,12:24:00,November,Q4,Tuesday,JMC000051,Abuja,Garki,Fashion,Women's Ankara Gown,Lagos Styles,3,66720.27,0,66720.27,43168.01,0,200160.81,70656.78,35.3,Bank Transfer,Delivered,6,Mobile App,2.7,0,0
JO-2023-12447,2023-11-14,12:46:00,November,Q4,Tuesday,JMC000649,Enugu,Enugu North,Groceries,Tomato Paste 400g,Nestle,1,21584.04,0,21584.04,18044.26,,21584.04,3539.78,16.4,Cash on Delivery,Shipped,3,WhatsApp Store,,0,0
JO-2023-10998,2023-11-15,11:12:00,November,Q4,Wednesday,JMC000465,Edo,Ikpoba-Okha,Fashion,Leather Belt,Ankara Palace,1,5616.81,0,5616.81,2642.15,700,5616.81,2974.66,52.96,Cash on Delivery,Delivered,5,Mobile App,2.6,0,0
JO-2023-11240,2023-11-15,21:39:00,November,Q4,Wednesday,JMC000389,Bauchi,Ningi,Electronics,Extension Socket,Tecno,1,123179.08,0,123179.08,103815.33,0,123179.08,19363.75,15.72,Bank Transfer,Delivered,6,USSD,5.0,0,0
JO-2023-10296,2023-11-16,13:18:00,November,Q4,Thursday,JMC001225,Lagos,Lekki,Computing,Webcam HD 1080p,Acer,2,102164.88,20,81731.9,71858.69,0,163463.8,19746.42,12.08,Jumia Pay Wallet,Delivered,5,Mobile App,2.7,0,0
JO-2023-10320,2023-11-16,07:59:00,November,Q4,Thursday,JMC001393,Lagos,Lekki,Books & Education,Business Management,Farafina,1,9797.0,0,9797.0,6314.17,2000,9797.0,3482.83,35.55,Cash on Delivery,Returned,7,Mobile App,,1,0
JO-2023-10363,2023-11-16,17:17:00,November,Q4,Thursday,JMC000416,Lagos,Yaba,Fashion,Sunglasses UV400,Ankara Palace,1,11699.43,0,11699.43,5398.12,0,11699.43,6301.31,53.86,Jumia Pay Wallet,Processing,1,Mobile App,,0,0
JO-2023-11116,2023-11-16,18:45:00,November,Q4,Thursday,JMC000221,Rivers,Oyigbo,Home & Kitchen,Dish Rack,Scanfrost,1,179730.67,10,161757.6,125362.14,0,161757.6,36395.46,22.5,Jumia Pay Wallet,Cancelled,2,Website Desktop,,0,0
JO-2023-11736,2023-11-16,21:12:00,November,Q4,Thursday,JMC001580,Abuja,Kubwa,Computing,USB Hub 7-Port,Acer,1,123422.83,0,123422.83,98133.49,0,123422.83,25289.34,20.49,Card Payment,Delivered,1,USSD,3.9,0,0
JO-2023-12110,2023-11-16,09:38:00,November,Q4,Thursday,JMC000168,Lagos,Ikeja,Home & Kitchen,Kitchen Towel Set,Nasco,1,57209.34,0,57209.34,38684.96,0,57209.34,18524.38,32.38,Card Payment,Delivered,6,Agent Network,3.3,0,0
JO-2023-12610,2023-11-16,14:44:00,November,Q4,Thursday,JMC000304,Edo,Egor,Electronics,Extension Socket,JBL,1,79008.97,0,79008.97,64581.93,0,79008.97,14427.04,18.26,Bank Transfer,Delivered,2,Website Desktop,,0,0
JO-2023-10113,2023-11-17,21:32:00,November,Q4,Friday,JMC000810,Kano,Nassarawa,Home & Kitchen,Iron Box Steam,Nasco,2,171533.08,0,171533.08,131239.96,0,343066.16,80586.24,23.49,Jumia Pay Wallet,Returned,3,Website Desktop,,1,0
JO-2023-10432,2023-11-17,22:05:00,November,Q4,Friday,JMC001081,Lagos,Victoria Island,Home & Kitchen,Dish Rack,Nasco,1,35989.46,0,35989.46,21752.03,0,35989.46,14237.43,39.56,Card Payment,Processing,8,Mobile App,,0,0
JO-2023-11156,2023-11-17,14:24:00,November,Q4,Friday,JMC001449,Abuja,Wuse,Groceries,Sugar 1kg,PZ Cussons,2,16311.9,0,16311.9,13747.67,0,32623.8,5128.46,15.72,Card Payment,Delivered,5,Website Desktop,3.5,0,0
JO-2023-11264,2023-11-17,21:37:00,November,Q4,Friday,JMC001338,Abuja,Gwarinpa,Groceries,Rice 5kg Bag,Dangote,3,9091.94,0,9091.94,8129.1,0,27275.82,2888.52,10.59,Bank Transfer,Delivered,7,Website Desktop,3.1,0,0
JO-2023-11934,2023-11-17,17:58:00,November,Q4,Friday,JMC000118,Anambra,Nnewi,Beauty & Health,Beard Oil 50ml,Neutrogena,2,6904.38,0,6904.38,3803.62,0,13808.76,6201.52,44.91,Bank Transfer,Delivered,3,Website Desktop,3.0,0,0
JO-2023-12894,2023-11-17,20:13:00,November,Q4,Friday,JMC000455,Edo,Ikpoba-Okha,Electronics,Bluetooth Speaker,Samsung,4,94281.7,0,94281.7,70937.55,0,377126.8,93376.6,24.76,Cash on Delivery,Delivered,3,Website Desktop,4.4,0,0
JO-2023-10046,2023-11-18,16:41:00,November,Q4,Saturday,JMC001194,Abuja,Gwarinpa,Beauty & Health,Face Mask Set,Olay,1,15791.66,50,7895.83,4250.33,2000,7895.83,3645.5,46.17,Cash on Delivery,Shipped,8,Mobile App,,0,0
JO-2023-10920,2023-11-18,08:10:00,November,Q4,Saturday,JMC001131,Kaduna,Chikun,Electronics,Desk Fan,HP,1,333556.73,0,333556.73,273449.81,0,333556.73,60106.92,18.02,Card Payment,Processing,2,Mobile App,,0,0
JO-2023-11000,2023-11-18,14:06:00,November,Q4,Saturday,JMC000496,Oyo,Ibadan South,Electronics,Power Bank 20000mAh,Infinix,1,36937.34,0,36937.34,27555.26,0,36937.34,9382.08,25.4,Card Payment,Processing,8,Website Desktop,,0,0
JO-2023-11221,2023-11-18,09:09:00,November,Q4,Saturday,JMC000534,Lagos,Lekki,Electronics,Electric Kettle,Infinix,1,214256.23,0,214256.23,163884.59,0,214256.23,50371.64,23.51,Card Payment,Delivered,7,Mobile App,4.1,0,0
JO-2023-11319,2023-11-18,15:47:00,November,Q4,Saturday,JMC001175,Cross River,Calabar,Fashion,Leather Belt,Ankara Palace,1,74088.24,0,74088.24,34865.93,0,74088.24,39222.31,52.94,Bank Transfer,Cancelled,5,Agent Network,,0,0
JO-2023-11453,2023-11-18,14:29:00,November,Q4,Saturday,JMC001426,Imo,Okigwe,Home & Kitchen,Blender 1.5L,Nasco,2,102836.05,15,87410.64,67157.59,0,174821.28,40506.1,23.17,Cash on Delivery,Cancelled,5,Mobile App,,0,0
JO-2023-11622,2023-11-18,23:09:00,November,Q4,Saturday,JMC000045,Delta,Oshimili,Groceries,Tomato Paste 400g,Dangote,1,19320.13,0,19320.13,16265.62,0,19320.13,3054.51,15.81,Card Payment,Delivered,1,Mobile App,5.0,0,0
JO-2023-11763,2023-11-18,22:33:00,November,Q4,Saturday,JMC000673,Abuja,Wuse,Books & Education,Atlas of Nigeria,Pearson,1,8595.53,0,8595.53,5967.88,1500,8595.53,2627.65,30.57,Bank Transfer,Processing,4,Website Desktop,,0,0
JO-2023-11830,2023-11-18,16:22:00,November,Q4,Saturday,JMC000862,Rivers,Obio-Akpor,Electronics,Wireless Earbuds,Apple,1,212548.16,0,212548.16,162386.79,0,212548.16,50161.37,23.6,Bank Transfer,Shipped,8,Mobile App,,0,0
JO-2023-12095,2023-11-18,17:10:00,November,Q4,Saturday,JMC000938,Lagos,Surulere,Electronics,Bluetooth Speaker,,2,19225.65,10,17303.09,14321.77,0,34606.18,5962.64,17.23,Jumia Pay Wallet,Shipped,2,Mobile App,,0,0
JO-2023-12226,2023-11-18,08:58:00,November,Q4,Saturday,JMC001008,Lagos,Agege,Fashion,Women's Ankara Gown,H&M,2,10364.17,0,10364.17,6009.15,0,20728.34,8710.04,42.02,Cash on Delivery,Delivered,7,Mobile App,3.3,0,0
JO-2023-12458,2023-11-18,20:18:00,November,Q4,Saturday,JMC001334,Enugu,Udi,Home & Kitchen,Coffee Maker,Nexus,1,116965.84,50,58482.92,44914.88,0,58482.92,13568.04,23.2,Cash on Delivery,Delivered,1,Mobile App,4.9,0,0
JO-2023-12718,2023-11-18,10:05:00,November,Q4,Saturday,JMC000415,Kaduna,Chikun,Sports & Outdoor,Dumbbell 5kg pair,Decathlon,4,38523.88,0,38523.88,26681.64,0,154095.52,47368.96,30.74,Cash on Delivery,Cancelled,8,Mobile App,,0,0
JO-2023-12797,2023-11-18,13:49:00,November,Q4,Saturday,JMC001142,Kano,Kano City,Electronics,Electric Kettle,HP,1,398552.93,0,398552.93,287037.82,0,398552.93,111515.11,27.98,USSD Payment,Delivered,3,Mobile App,4.5,0,0
JO-2023-12967,2023-11-18,17:25:00,November,Q4,Saturday,JMC000584,Edo,Orhionmwon,Electronics,Extension Socket,Lenovo,1,285286.23,15,242493.3,211648.15,0,242493.3,30845.15,12.72,Card Payment,Delivered,6,Website Desktop,4.7,0,0
JO-2023-10055,2023-11-19,22:30:00,November,Q4,Sunday,JMC001429,Lagos,Lagos Island,Home & Kitchen,Iron Box Steam,Philips,1,159544.67,0,159544.67,108953.06,0,159544.67,50591.61,31.71,Card Payment,Delivered,3,Mobile App,4.8,0,0
JO-2023-10394,2023-11-19,16:53:00,November,Q4,Sunday,JMC000225,Edo,Egor,Sports & Outdoor,Swimming Goggles,Under Armour,1,40644.04,0,40644.04,25784.58,,40644.04,14859.46,36.56,Jumia Pay Wallet,Cancelled,7,Mobile App,,0,0
JO-2023-10849,2023-11-19,15:04:00,November,Q4,Sunday,JMC001320,Lagos,Ikeja,Computing,Laptop Bag 15inch,Asus,1,481135.15,0,481135.15,425756.49,0,481135.15,55378.66,11.51,Bank Transfer,Shipped,1,Mobile App,,0,0
JO-2023-11154,2023-11-19,18:20:00,November,Q4,Sunday,JMC001362,Abuja,Kubwa,Electronics,Wireless Earbuds,JBL,1,95507.6,0,95507.6,75250.44,0,95507.6,20257.16,21.21,Card Payment,Shipped,1,Mobile App,,0,0
JO-2023-11277,2023-11-19,18:04:00,November,Q4,Sunday,JMC001026,Abuja,Gwarinpa,Home & Kitchen,Storage Containers,Philips,4,15540.71,,15540.71,10188.49,0,62162.84,21408.88,34.44,Card Payment,Delivered,8,Website Desktop,4.5,0,0
JO-2023-11681,2023-11-19,18:02:00,November,Q4,Sunday,JMC000463,Lagos,Ikorodu,Fashion,Handbag Brown,Lagos Styles,1,68081.67,0,68081.67,37315.56,0,68081.67,30766.11,45.19,Bank Transfer,Processing,5,Agent Network,,0,0
JO-2023-12415,2023-11-19,12:16:00,November,Q4,Sunday,JMC000720,Oyo,Oyo,Beauty & Health,Sunscreen SPF50,Neutrogena,1,30451.69,0,30451.69,19391.64,0,30451.69,11060.05,36.32,Card Payment,Delivered,8,Mobile App,3.1,0,0
JO-2023-12675,2023-11-19,21:29:00,November,Q4,Sunday,JMC000359,Lagos,Lekki,Electronics,Wireless Earbuds,Sony,1,189742.23,0,189742.23,155341.96,0,189742.23,34400.27,18.13,Card Payment,Processing,6,Mobile App,,0,0
JO-2023-12760,2023-11-19,07:47:00,November,Q4,Sunday,JMC001375,Abuja,Maitama,Electronics,Bluetooth Speaker,Samsung,4,319689.35,0,319689.35,269306.31,0,1278757.4,201532.16,15.76,Cash on Delivery,Delivered,7,Website Desktop,4.1,0,0
JO-2023-12867,2023-11-19,16:25:00,November,Q4,Sunday,JMC001445,Lagos,Agege,Fashion,Men's Jeans,,1,63589.31,15,54050.91,36473.55,0,54050.91,17577.36,32.52,Jumia Pay Wallet,Processing,1,USSD,,0,0
JO-2023-10300,2023-11-20,10:33:00,November,Q4,Monday,JMC000771,Lagos,Lekki,Beauty & Health,Perfume Floral 100ml,Neutrogena,2,3501.9,0,3501.9,2094.84,1200,7003.8,2814.12,40.18,Cash on Delivery,Returned,1,Mobile App,,1,0
JO-2023-11507,2023-11-20,12:59:00,November,Q4,Monday,JMC001598,Abuja,Garki,Groceries,Rice 5kg Bag,Unilever,1,24888.8,0,24888.8,20441.17,0,24888.8,4447.63,17.87,Bank Transfer,Delivered,7,Website Desktop,4.9,0,0
JO-2023-12166,2023-11-20,15:15:00,November,Q4,Monday,JMC000153,Anambra,Awka,Electronics,Phone Charger USB-C,JBL,1,214178.95,20,171343.16,148760.13,0,171343.16,22583.03,13.18,Card Payment,Delivered,7,Mobile App,3.7,0,0
JO-2023-10017,2023-11-21,09:51:00,November,Q4,Tuesday,JMC001353,Cross River,Calabar,Fashion,Women's Ankara Gown,H&M,1,2464.12,0,2464.12,1160.85,2000,2464.12,1303.27,52.89,Jumia Pay Wallet,Delivered,3,WhatsApp Store,4.9,0,0
JO-2023-10128,2023-11-21,10:23:00,November,Q4,Tuesday,JMC000488,Cross River,Ikom,Sports & Outdoor,Jump Rope,Decathlon,2,70776.49,0,70776.49,50244.23,0,141552.98,41064.52,29.01,Jumia Pay Wallet,Delivered,7,Website Desktop,4.7,0,0
JO-2023-10139,2023-11-21,23:07:00,November,Q4,Tuesday,JMC001017,Nasarawa,Lafia,Fashion,Leather Belt,Adidas,1,62571.76,15,53186.0,33650.78,0,53186.0,19535.22,36.73,Card Payment,Delivered,1,USSD,4.9,0,0
JO-2023-10503,2023-11-21,20:08:00,November,Q4,Tuesday,JMC001025,Benue,Gboko,Fashion,Sneakers Size 42,,2,21964.61,0,21964.61,13883.83,0,43929.22,16161.56,36.79,Bank Transfer,Delivered,5,Mobile App,3.9,0,0
JO-2023-10524,2023-11-21,15:12:00,November,Q4,Tuesday,JMC000021,Lagos,Ikeja,Fashion,Leather Belt,Lagos Styles,3,2133.6,30,1493.52,723.01,700,4480.56,2311.53,51.59,Cash on Delivery,Delivered,1,Mobile App,3.4,0,0
JO-2023-10714,2023-11-21,10:27:00,November,Q4,Tuesday,JMC000916,Edo,Ikpoba-Okha,Electronics,Table Lamp LED,HP,1,177703.99,0,177703.99,128391.13,0,177703.99,49312.86,27.75,USSD Payment,Returned,6,Mobile App,,1,0
JO-2023-10848,2023-11-21,19:01:00,November,Q4,Tuesday,JMC000983,Delta,Warri,Beauty & Health,Face Mask Set,L'Oreal,1,15319.73,0,15319.73,9726.5,0,15319.73,5593.23,36.51,Card Payment,Delivered,3,Mobile App,3.1,0,0
JO-2023-11337,2023-11-21,15:40:00,November,Q4,Tuesday,JMC000850,Lagos,Agege,Fashion,Women's Ankara Gown,Lagos Styles,1,55506.18,0,55506.18,29262.86,0,55506.18,26243.32,47.28,Card Payment,Delivered,6,Website Desktop,4.6,0,0
JO-2023-12036,2023-11-21,20:17:00,November,Q4,Tuesday,JMC000002,Bauchi,Misau,Beauty & Health,Hair Relaxer Kit,Olay,1,28045.97,0,28045.97,16317.15,0,28045.97,11728.82,41.82,Jumia Pay Wallet,Delivered,5,USSD,3.0,0,0
JO-2023-12539,2023-11-21,11:18:00,November,Q4,Tuesday,JMC000623,Niger,Bida,Computing,Mechanical Keyboard,MacBook,2,585371.4,10,526834.26,418359.09,0,1053668.52,216950.34,20.59,Bank Transfer,Delivered,5,Mobile App,3.9,0,0
JO-2023-12580,2023-11-21,10:35:00,November,Q4,Tuesday,JMC000286,Imo,Mbaitoli,Home & Kitchen,Coffee Maker,Nasco,1,125144.62,0,125144.62,83196.14,0,125144.62,41948.48,33.52,Jumia Pay Wallet,Delivered,7,WhatsApp Store,3.1,0,0
JO-2023-10069,2023-11-22,16:12:00,November,Q4,Wednesday,JMC000437,Oyo,Oyo,Sports & Outdoor,Yoga Mat 6mm,Under Armour,3,13013.3,0,13013.3,8919.32,0,39039.9,12281.94,31.46,Cash on Delivery,Delivered,1,Website Desktop,3.1,0,0
JO-2023-10715,2023-11-22,11:08:00,November,Q4,Wednesday,JMC000335,Abuja,Garki,Beauty & Health,Hair Relaxer Kit,Dove,2,15201.75,0,15201.75,7471.66,0,30403.5,15460.18,50.85,Card Payment,Delivered,2,USSD,4.3,0,0
JO-2023-11650,2023-11-22,21:11:00,November,Q4,Wednesday,JMC001543,Enugu,Enugu North,Electronics,Extension Socket,Sony,1,136886.09,0,136886.09,102856.21,0,136886.09,34029.88,24.86,Bank Transfer,Delivered,2,Mobile App,,0,0
JO-2023-11685,2023-11-22,20:26:00,November,Q4,Wednesday,JMC001293,Abuja,Kubwa,Home & Kitchen,Iron Box Steam,Binatone,1,33441.94,25,25081.46,17895.62,0,25081.46,7185.84,28.65,Bank Transfer,Delivered,6,Agent Network,4.5,0,0
JO-2023-11868,2023-11-22,15:45:00,November,Q4,Wednesday,JMC000191,Delta,Uvwie,Home & Kitchen,Dish Rack,Philips,1,118165.69,0,118165.69,91980.17,0,118165.69,26185.52,22.16,Card Payment,Delivered,8,Website Desktop,3.5,0,0
JO-2023-11975,2023-11-22,13:29:00,November,Q4,Wednesday,JMC001452,Kwara,Patigi,Electronics,Desk Fan,Lenovo,5,185000.92,30,129500.64,98083.78,0,647503.2,157084.3,24.26,Card Payment,Cancelled,4,Mobile App,,0,0
JO-2023-12116,2023-11-22,22:32:00,November,Q4,Wednesday,JMC000459,Ondo,Ondo City,Home & Kitchen,Air Fryer 4L,Binatone,3,48550.96,0,48550.96,34514.88,0,145652.88,42108.24,28.91,Bank Transfer,Delivered,8,Mobile App,3.4,0,0
JO-2023-12191,2023-11-22,19:02:00,November,Q4,Wednesday,JMC000434,Abuja,Wuse,Fashion,Wristwatch Classic,H&M,1,19731.57,20,15785.26,9925.77,0,15785.26,5859.49,37.12,Jumia Pay Wallet,Shipped,7,Website Desktop,,0,0
JO-2023-12211,2023-11-22,08:04:00,November,Q4,Wednesday,JMC000165,Oyo,Oyo,Computing,Monitor 24inch,Asus,1,128581.67,0,128581.67,103919.71,0,128581.67,24661.96,19.18,Card Payment,Cancelled,6,Website Desktop,,0,0
JO-2023-12782,2023-11-22,12:49:00,November,Q4,Wednesday,JMC001373,Enugu,Nkanu,Electronics,Phone Charger USB-C,JBL,3,403799.65,15,343229.7,298094.99,0,1029689.1,135404.13,13.15,USSD Payment,Shipped,5,Agent Network,,0,0
JO-2023-10343,2023-11-23,08:19:00,November,Q4,Thursday,JMC000444,Lagos,Agege,Home & Kitchen,Iron Box Steam,Binatone,1,141208.84,10,127087.96,90817.06,0,127087.96,36270.9,28.54,USSD Payment,Processing,5,WhatsApp Store,,0,0
JO-2023-10949,2023-11-23,13:02:00,November,Q4,Thursday,JMC000373,Benue,Gboko,Fashion,Leather Belt,Lagos Styles,1,55689.13,50,27844.56,15709.9,0,27844.56,12134.66,43.58,Bank Transfer,Shipped,1,Mobile App,,0,0
JO-2023-11088,2023-11-23,08:56:00,November,Q4,Thursday,JMC000543,Lagos,Yaba,Electronics,Smart Watch,Apple,4,236150.08,50,118075.04,100977.77,0,472300.16,68389.08,14.48,Bank Transfer,Returned,4,Mobile App,,1,0
JO-2023-12022,2023-11-23,23:26:00,November,Q4,Thursday,JMC000932,Lagos,Ikorodu,Fashion,Women's Heels,Lagos Styles,2,72887.66,15,61954.51,31169.31,0,123909.02,61570.4,49.69,Card Payment,Cancelled,5,Mobile App,,0,0
JO-2023-12078,2023-11-23,11:56:00,November,Q4,Thursday,JMC000427,Plateau,Barkin Ladi,Beauty & Health,Vitamin C Serum,Nivea,1,23193.51,0,23193.51,12431.72,0,23193.51,10761.79,46.4,Bank Transfer,Delivered,1,Website Desktop,3.1,0,0
JO-2023-12520,2023-11-23,23:53:00,November,Q4,Thursday,JMC001508,Lagos,Lekki,Fashion,Women's Ankara Gown,H&M,1,26259.35,20,21007.48,11373.45,0,21007.48,9634.03,45.86,Bank Transfer,Processing,6,Mobile App,,0,0
JO-2023-12613,2023-11-23,20:19:00,November,Q4,Thursday,JMC000092,Rivers,Eleme,Electronics,Power Bank 20000mAh,,2,225602.23,25,169201.67,145564.2,0,338403.34,47274.94,13.97,Card Payment,Delivered,6,Website Desktop,4.0,0,0
JO-2023-12822,2023-11-23,10:18:00,November,Q4,Thursday,JMC001333,Imo,Mbaitoli,Fashion,Wristwatch Classic,Zara,1,23447.3,0,23447.3,15763.62,0,23447.3,7683.68,32.77,Bank Transfer,Delivered,5,Agent Network,4.7,0,0
JO-2023-10294,2023-11-24,10:35:00,November,Q4,Friday,JMC000602,Delta,Ethiope East,Electronics,Table Lamp LED,Sony,1,353250.6,0,353250.6,297719.61,0,353250.6,55530.99,15.72,Jumia Pay Wallet,Delivered,4,Mobile App,4.4,0,0
JO-2023-10774,2023-11-24,21:42:00,November,Q4,Friday,JMC000278,Rivers,Obio-Akpor,Beauty & Health,Face Mask Set,Neutrogena,1,4082.91,0,4082.91,2005.12,2000,4082.91,2077.79,50.89,Card Payment,Delivered,7,Mobile App,2.5,0,0
JO-2023-10845,2023-11-24,10:43:00,November,Q4,Friday,JMC001434,Lagos,Ikorodu,Fashion,Sneakers Size 42,Ankara Palace,1,4134.96,0,4134.96,2050.11,2000,4134.96,2084.85,50.42,Jumia Pay Wallet,Delivered,4,Mobile App,4.9,0,0
JO-2023-11117,2023-11-24,21:14:00,November,Q4,Friday,JMC001584,Delta,Warri,Fashion,Men's Jeans,Lagos Styles,4,73158.75,20,58527.0,35455.66,0,234108.0,92285.36,39.42,Card Payment,Delivered,2,Agent Network,3.6,0,0
JO-2023-12525,2023-11-24,11:19:00,November,Q4,Friday,JMC001074,Abuja,Maitama,Electronics,Electric Kettle,Apple,1,53441.85,0,53441.85,43154.29,0,53441.85,10287.56,19.25,Cash on Delivery,Returned,6,Website Desktop,,1,0
JO-2023-12592,2023-11-24,08:52:00,November,Q4,Friday,JMC000069,Abuja,Asokoro,Fashion,Sneakers Size 42,Ankara Palace,1,58888.06,40,35332.84,22273.82,0,35332.84,13059.02,36.96,Card Payment,Delivered,1,Mobile App,4.3,0,0
JO-2023-12650,2023-11-24,22:05:00,November,Q4,Friday,JMC000690,Delta,Oshimili,Electronics,Phone Charger USB-C,Lenovo,2,91981.13,10,82783.02,68585.73,0,165566.04,28394.58,17.15,Bank Transfer,Delivered,3,Agent Network,4.8,0,0
JO-2023-12653,2023-11-24,21:05:00,November,Q4,Friday,JMC000108,Abuja,Kubwa,Home & Kitchen,Storage Containers,Scanfrost,1,9550.39,0,9550.39,6607.91,700,9550.39,2942.48,30.81,Cash on Delivery,Delivered,8,Mobile App,3.5,0,0
JO-2023-12926,2023-11-24,17:45:00,November,Q4,Friday,JMC000489,Abuja,Gwarinpa,Fashion,Men's Jeans,H&M,1,64878.53,0,64878.53,32653.36,0,64878.53,32225.17,49.67,Jumia Pay Wallet,Delivered,4,Mobile App,3.8,0,0
JO-2023-10153,2023-11-25,16:14:00,November,Q4,Saturday,JMC001422,Lagos,Ikorodu,Electronics,Wireless Earbuds,Sony,1,153265.83,0,153265.83,126245.06,0,153265.83,27020.77,17.63,Cash on Delivery,Returned,4,Website Desktop,,1,0
JO-2023-10191,2023-11-25,22:16:00,November,Q4,Saturday,JMC000104,Lagos,Agege,Groceries,Sugar 1kg,Unilever,1,1026.01,0,1026.01,896.73,1500,1026.01,129.28,12.6,Bank Transfer,Delivered,2,Agent Network,4.8,0,0
JO-2023-10248,2023-11-25,12:45:00,November,Q4,Saturday,JMC000636,Lagos,Lekki,Fashion,Sneakers Size 42,Nike,1,37173.11,,26021.18,17491.44,0,26021.18,8529.74,32.78,Bank Transfer,Delivered,5,Website Desktop,,0,0
JO-2023-10654,2023-11-25,14:54:00,November,Q4,Saturday,JMC000031,Lagos,Agege,Beauty & Health,Perfume Floral 100ml,Dove,3,31653.36,5,30070.69,15447.31,0,90212.07,43870.14,48.63,Cash on Delivery,Delivered,8,Mobile App,3.8,0,0
JO-2023-10709,2023-11-25,21:13:00,November,Q4,Saturday,JMC001456,Ondo,Ondo City,Electronics,Bluetooth Speaker,Tecno,1,418453.65,0,418453.65,345015.03,0,418453.65,73438.62,17.55,Card Payment,Delivered,2,Mobile App,4.4,0,0
JO-2023-11150,2023-11-25,21:37:00,November,Q4,Saturday,JMC000814,Lagos,Surulere,Home & Kitchen,Coffee Maker,Nexus,1,76891.76,0,76891.76,49010.81,0,76891.76,27880.95,36.26,Jumia Pay Wallet,Delivered,4,Website Desktop,4.2,0,0
JO-2023-11620,2023-11-25,23:04:00,November,Q4,Saturday,JMC001593,Lagos,Surulere,Groceries,Sugar 1kg,PZ Cussons,1,12983.09,0,12983.09,10992.78,0,12983.09,1990.31,15.33,Jumia Pay Wallet,Delivered,4,Mobile App,4.8,0,0
JO-2023-11884,2023-11-25,18:45:00,November,Q4,Saturday,JMC001338,Rivers,Port Harcourt,Books & Education,Finance Fundamentals,Oxford,3,15373.22,0,15373.22,10601.37,0,46119.66,14315.55,31.04,Card Payment,Delivered,8,Mobile App,3.9,0,0
JO-2023-11922,2023-11-25,08:28:00,November,Q4,Saturday,JMC000828,Lagos,Ikeja,Home & Kitchen,Dish Rack,Nasco,1,136315.62,0,136315.62,97124.88,0,136315.62,39190.74,28.75,Card Payment,Returned,8,Website Desktop,,1,0
JO-2023-12562,2023-11-25,09:07:00,November,Q4,Saturday,JMC001358,Delta,Oshimili,Home & Kitchen,Storage Containers,Binatone,2,138080.71,0,138080.71,92445.04,0,276161.42,91271.34,33.05,Bank Transfer,Processing,6,Mobile App,,0,0
JO-2023-10212,2023-11-26,08:56:00,November,Q4,Sunday,JMC001546,Lagos,Victoria Island,Fashion,Men's Jeans,H&M,1,37988.93,0,37988.93,19818.82,0,37988.93,18170.11,47.83,Cash on Delivery,Delivered,1,Agent Network,4.7,0,0
JO-2023-10647,2023-11-26,14:07:00,November,Q4,Sunday,JMC001109,Lagos,Yaba,Electronics,Smart Watch,Samsung,2,414582.36,0,414582.36,349990.43,0,829164.72,129183.86,15.58,Jumia Pay Wallet,Delivered,6,Mobile App,4.5,0,0
JO-2023-10788,2023-11-26,07:49:00,November,Q4,Sunday,JMC001428,Abuja,Garki,Sports & Outdoor,Basketball Outdoor,Spalding,1,35515.25,0,35515.25,24487.76,0,35515.25,11027.49,31.05,Bank Transfer,Processing,2,USSD,,0,0
JO-2023-11311,2023-11-26,07:23:00,November,Q4,Sunday,JMC000936,Lagos,Ikeja,Fashion,Women's Heels,Zara,1,51087.26,0,51087.26,29262.78,0,51087.26,21824.48,42.72,Bank Transfer,Shipped,8,Agent Network,,0,0
JO-2023-11396,2023-11-26,13:28:00,November,Q4,Sunday,JMC001081,Kaduna,Kaduna North,Beauty & Health,Beard Oil 50ml,L'Oreal,2,21704.49,0,21704.49,13174.63,0,43408.98,17059.72,39.3,Cash on Delivery,Cancelled,1,Website Desktop,,0,0
JO-2023-11608,2023-11-26,12:27:00,November,Q4,Sunday,JMC001511,Ondo,Ikare,Electronics,Smart TV 43inch,Sony,1,181255.96,0,181255.96,131156.81,0,181255.96,50099.15,27.64,Cash on Delivery,Delivered,3,Website Desktop,2.6,0,0
JO-2023-11747,2023-11-26,07:14:00,November,Q4,Sunday,JMC001301,Lagos,Ikeja,Electronics,Table Lamp LED,Samsung,2,176978.44,0,176978.44,146591.24,,353956.88,60774.4,17.17,Jumia Pay Wallet,Delivered,4,Mobile App,3.2,0,0
JO-2023-11767,2023-11-26,08:12:00,November,Q4,Sunday,JMC000133,Abuja,Garki,Groceries,Noodles Instant 70g,Unilever,1,999.37,0,999.37,840.37,1000,999.37,159.0,15.91,Cash on Delivery,Delivered,5,Mobile App,2.9,0,0
JO-2023-12777,2023-11-26,17:14:00,November,Q4,Sunday,JMC000481,Abuja,Wuse,Fashion,Men's Jeans,Ankara Palace,2,64668.4,0,64668.4,44582.39,0,129336.8,40172.02,31.06,Card Payment,Delivered,8,Mobile App,3.0,0,0
JO-2023-12953,2023-11-26,20:34:00,November,Q4,Sunday,JMC000200,Abuja,Wuse,Computing,External SSD 1TB,MacBook,1,441404.72,0,441404.72,383492.42,0,441404.72,57912.3,13.12,Card Payment,Delivered,8,Mobile App,4.4,0,0
JO-2023-10126,2023-11-27,19:53:00,November,Q4,Monday,JMC000325,Kaduna,Chikun,Home & Kitchen,Dish Rack,Philips,1,15969.33,0,15969.33,9920.15,0,15969.33,6049.18,37.88,Cash on Delivery,Delivered,1,Website Desktop,3.3,0,0
JO-2023-10279,2023-11-27,23:00:00,November,Q4,Monday,JMC000858,Edo,Orhionmwon,Fashion,Men's Jeans,,3,3740.37,0,3740.37,1815.2,0,11221.11,5775.51,51.47,USSD Payment,Processing,8,Agent Network,,0,0
JO-2023-10919,2023-11-27,19:03:00,November,Q4,Monday,JMC001059,Lagos,Ikorodu,Groceries,Rice 5kg Bag,Unilever,1,11115.12,0,11115.12,9846.88,0,11115.12,1268.24,11.41,Card Payment,Delivered,5,Mobile App,3.9,0,0
JO-2023-11039,2023-11-27,20:21:00,November,Q4,Monday,JMC001285,Delta,Uvwie,Computing,Laptop 15.6inch i5,Dell,2,313538.32,15,266507.57,236258.96,0,533015.14,60497.22,11.35,Cash on Delivery,Shipped,3,Mobile App,,0,0
JO-2023-11515,2023-11-27,12:41:00,November,Q4,Monday,JMC000375,Lagos,Lekki,Home & Kitchen,Pressure Cooker 5L,Nexus,1,32329.55,0,32329.55,19559.38,0,32329.55,12770.17,39.5,Bank Transfer,Delivered,4,Mobile App,4.7,0,0
JO-2023-11726,2023-11-27,20:21:00,November,Q4,Monday,JMC000025,Edo,Orhionmwon,Computing,Printer Ink Cartridge,Dell,1,187870.13,0,187870.13,154448.03,0,187870.13,33422.1,17.79,USSD Payment,Delivered,7,Website Desktop,2.9,0,0
JO-2023-11789,2023-11-27,21:43:00,November,Q4,Monday,JMC000290,Abuja,Wuse,Beauty & Health,Sunscreen SPF50,Black Seed,1,23662.12,0,23662.12,9493.24,0,23662.12,14168.88,59.88,Card Payment,Delivered,7,Agent Network,3.0,0,0
JO-2023-12104,2023-11-27,14:12:00,November,Q4,Monday,JMC001152,Lagos,Lagos Island,Electronics,Wireless Earbuds,Lenovo,1,328853.69,0,328853.69,282978.6,0,328853.69,45875.09,13.95,Jumia Pay Wallet,Delivered,6,Agent Network,4.4,0,0
JO-2023-12778,2023-11-27,09:23:00,November,Q4,Monday,JMC000201,Anambra,Onitsha,Sports & Outdoor,Yoga Mat 6mm,Decathlon,3,23125.65,50,11562.83,8506.77,0,34688.49,9168.18,26.43,Jumia Pay Wallet,Delivered,5,Agent Network,3.0,0,0
JO-2023-12954,2023-11-27,08:50:00,November,Q4,Monday,JMC000769,Edo,Egor,Computing,External SSD 1TB,MacBook,1,188433.96,0,188433.96,161224.1,0,188433.96,27209.86,14.44,Cash on Delivery,Returned,7,Website Desktop,,1,0
JO-2023-10099,2023-11-28,17:00:00,November,Q4,Tuesday,JMC001024,Abuja,Wuse,Electronics,Phone Charger USB-C,Infinix,1,198862.41,,198862.41,148848.51,0,198862.41,50013.9,25.15,Cash on Delivery,Delivered,6,Agent Network,4.9,0,0
JO-2023-10272,2023-11-28,11:51:00,November,Q4,Tuesday,JMC000032,Lagos,Surulere,Fashion,Wristwatch Classic,Adidas,1,34833.44,10,31350.1,15665.64,0,31350.1,15684.46,50.03,Jumia Pay Wallet,Delivered,3,Website Desktop,2.6,0,0
JO-2023-10454,2023-11-28,11:43:00,November,Q4,Tuesday,JMC000432,Kano,Gwale,Fashion,Sunglasses UV400,Zara,1,30369.44,0,30369.44,18646.84,0,30369.44,11722.6,38.6,Bank Transfer,Delivered,8,Mobile App,4.7,0,0
JO-2023-10720,2023-11-28,08:43:00,November,Q4,Tuesday,JMC001043,Cross River,Ikom,Home & Kitchen,Kitchen Towel Set,Nexus,1,138071.7,50,69035.85,48352.71,0,69035.85,20683.14,29.96,Bank Transfer,Delivered,4,Mobile App,3.5,0,0
JO-2023-10750,2023-11-28,18:45:00,November,Q4,Tuesday,JMC001211,Kano,Tarauni,Sports & Outdoor,Dumbbell 5kg pair,Wilson,1,46353.81,0,46353.81,35409.68,0,46353.81,10944.13,23.61,Bank Transfer,Processing,6,Agent Network,,0,0
JO-2023-10772,2023-11-28,07:46:00,November,Q4,Tuesday,JMC000152,Niger,Minna,Fashion,Leather Belt,Lagos Styles,3,74021.76,0,74021.76,45508.58,0,222065.28,85539.54,38.52,Card Payment,Delivered,6,Website Desktop,3.2,0,0
JO-2023-10801,2023-11-28,15:25:00,November,Q4,Tuesday,JMC001455,Abuja,Asokoro,Computing,External SSD 1TB,Dell,1,760339.84,0,760339.84,631234.14,0,760339.84,129105.7,16.98,Bank Transfer,Processing,5,Mobile App,,0,0
JO-2023-10966,2023-11-28,15:40:00,November,Q4,Tuesday,JMC000574,Oyo,Oyo,Fashion,Women's Heels,Lagos Styles,1,46022.86,0,46022.86,21119.89,0,46022.86,24902.97,54.11,USSD Payment,Shipped,7,Mobile App,,0,0
JO-2023-11268,2023-11-28,07:51:00,November,Q4,Tuesday,JMC000287,Edo,Benin City,Sports & Outdoor,Dumbbell 5kg pair,Under Armour,2,45310.59,25,33982.94,24433.73,0,67965.88,19098.42,28.1,Card Payment,Delivered,1,Mobile App,4.7,0,0
JO-2023-11624,2023-11-28,08:12:00,November,Q4,Tuesday,JMC000491,Lagos,Agege,Fashion,Handbag Brown,Adidas,1,40246.24,25,30184.68,14008.71,0,30184.68,16175.97,53.59,Bank Transfer,Cancelled,3,USSD,,0,0
JO-2023-11690,2023-11-28,22:04:00,November,Q4,Tuesday,JMC000054,Abuja,Wuse,Electronics,Desk Fan,JBL,1,202425.01,0,202425.01,174125.99,0,202425.01,28299.02,13.98,Cash on Delivery,Delivered,1,Website Desktop,4.8,0,0
JO-2023-12497,2023-11-28,07:02:00,November,Q4,Tuesday,JMC001197,Oyo,Ogbomoso,Groceries,Noodles Instant 70g,PZ Cussons,1,20174.98,0,20174.98,18209.94,0,20174.98,1965.04,9.74,Bank Transfer,Returned,8,Mobile App,,1,0
JO-2023-12996,2023-11-28,18:46:00,November,Q4,Tuesday,JMC000775,Enugu,Enugu South,Beauty & Health,Body Scrub,Olay,1,5932.95,0,5932.95,3043.01,1000,5932.95,2889.94,48.71,Cash on Delivery,Delivered,6,Mobile App,4.9,0,0
JO-2023-10217,2023-11-29,10:55:00,November,Q4,Wednesday,JMC000110,Kwara,Offa,Home & Kitchen,Coffee Maker,Bosch,1,162330.29,0,162330.29,99589.63,0,162330.29,62740.66,38.65,Jumia Pay Wallet,Delivered,4,USSD,3.6,0,0
JO-2023-10367,2023-11-29,11:54:00,November,Q4,Wednesday,JMC000592,Lagos,Ikorodu,Home & Kitchen,Storage Containers,Scanfrost,1,73921.72,0,73921.72,45047.9,0,73921.72,28873.82,39.06,Jumia Pay Wallet,Processing,4,Agent Network,,0,0
JO-2023-10482,2023-11-29,17:46:00,November,Q4,Wednesday,JMC000875,Kaduna,Chikun,Electronics,Desk Fan,Lenovo,1,170016.29,0,170016.29,148526.23,0,170016.29,21490.06,12.64,Card Payment,Delivered,6,Mobile App,3.5,0,0
JO-2023-10595,2023-11-29,08:30:00,November,Q4,Wednesday,JMC000551,Enugu,Enugu South,Beauty & Health,Manicure Kit,Neutrogena,1,4688.36,0,4688.36,3003.36,1000,4688.36,1685.0,35.94,Jumia Pay Wallet,Delivered,8,Mobile App,3.4,0,0
JO-2023-10656,2023-11-29,17:33:00,November,Q4,Wednesday,JMC000661,Abuja,Wuse,Home & Kitchen,Iron Box Steam,Nexus,1,49926.48,5,47430.16,34605.04,0,47430.16,12825.12,27.04,Bank Transfer,Delivered,4,Website Desktop,4.5,0,0
JO-2023-10923,2023-11-29,14:04:00,November,Q4,Wednesday,JMC000300,Plateau,Bukuru,Home & Kitchen,Dish Rack,Bosch,1,145403.3,0,145403.3,106667.86,0,145403.3,38735.44,26.64,Bank Transfer,Delivered,4,Website Desktop,3.6,0,0
JO-2023-11172,2023-11-29,15:34:00,November,Q4,Wednesday,JMC001196,Abuja,Asokoro,Sports & Outdoor,Yoga Mat 6mm,Puma,1,26405.27,0,26405.27,19555.74,0,26405.27,6849.53,25.94,Card Payment,Delivered,2,USSD,4.9,0,0
JO-2023-11208,2023-11-29,07:41:00,November,Q4,Wednesday,JMC000761,Kano,Tarauni,Books & Education,Medical Dictionary,Pearson,2,9576.37,0,9576.37,7170.79,0,19152.74,4811.16,25.12,Card Payment,Delivered,6,Mobile App,3.2,0,0
JO-2023-11280,2023-11-29,17:33:00,November,Q4,Wednesday,JMC000467,Lagos,Surulere,Electronics,Phone Charger USB-C,Tecno,3,285102.97,0,285102.97,245616.21,0,855308.91,118460.28,13.85,Card Payment,Shipped,2,Mobile App,,0,0
JO-2023-11485,2023-11-29,20:39:00,November,Q4,Wednesday,JMC000329,Kano,Nassarawa,Sports & Outdoor,Tennis Racket,Under Armour,1,69271.14,5,65807.58,43906.82,0,65807.58,21900.76,33.28,Jumia Pay Wallet,Delivered,4,Website Desktop,3.6,0,0
JO-2023-11493,2023-11-29,11:48:00,November,Q4,Wednesday,JMC000391,Abuja,Gwarinpa,Home & Kitchen,Pressure Cooker 5L,Bosch,1,92669.38,20,74135.5,53889.09,0,74135.5,20246.41,27.31,Bank Transfer,Returned,6,Website Desktop,,1,0
JO-2023-12222,2023-11-29,15:13:00,November,Q4,Wednesday,JMC000209,Abuja,Wuse,Fashion,Leather Belt,,1,35803.77,0,35803.77,17941.27,0,35803.77,17862.5,49.89,Card Payment,Delivered,7,Website Desktop,,0,0
JO-2023-12223,2023-11-29,18:21:00,November,Q4,Wednesday,JMC001224,Abuja,Asokoro,Sports & Outdoor,Football Size 5,Spalding,1,40002.68,0,40002.68,23753.59,0,40002.68,16249.09,40.62,Bank Transfer,Delivered,5,Mobile App,4.3,0,0
JO-2023-12379,2023-11-29,20:21:00,November,Q4,Wednesday,JMC000173,Imo,Owerri,Beauty & Health,Perfume Floral 100ml,Nivea,2,32221.57,15,27388.33,14556.9,0,54776.66,25662.86,46.85,Card Payment,Cancelled,4,USSD,,0,0
JO-2023-12648,2023-11-29,20:51:00,November,Q4,Wednesday,JMC000119,Abuja,Asokoro,Home & Kitchen,Cutlery Set 24pcs,Nasco,2,61123.18,0,61123.18,41918.28,0,122246.36,38409.8,31.42,Bank Transfer,Delivered,5,Mobile App,2.8,0,0
JO-2023-12925,2023-11-29,10:12:00,November,Q4,Wednesday,JMC000358,Lagos,Yaba,Computing,External SSD 1TB,Acer,1,515500.83,0,515500.83,420442.48,0,515500.83,95058.35,18.44,Card Payment,Cancelled,7,Mobile App,,0,0
JO-2023-10372,2023-11-30,13:24:00,November,Q4,Thursday,JMC000488,Lagos,Lagos Island,Fashion,Sneakers Size 42,Nike,1,44161.27,0,44161.27,26956.04,0,44161.27,17205.23,38.96,USSD Payment,Delivered,8,Website Desktop,2.6,0,0
JO-2023-10389,2023-11-30,10:11:00,November,Q4,Thursday,JMC001481,Delta,Warri,Fashion,Men's Jeans,Lagos Styles,1,66344.57,0,66344.57,38506.39,0,66344.57,27838.18,41.96,USSD Payment,Delivered,5,Mobile App,2.8,0,0
JO-2023-10991,2023-11-30,11:12:00,November,Q4,Thursday,JMC001518,Kaduna,Chikun,Fashion,Men's Polo Shirt,H&M,3,58501.1,0,58501.1,27279.06,0,175503.3,93666.12,53.37,USSD Payment,Shipped,3,Mobile App,,0,0
JO-2023-11013,2023-11-30,18:23:00,November,Q4,Thursday,JMC001314,Imo,Okigwe,Sports & Outdoor,Cycling Helmet,Under Armour,2,88646.12,0,88646.12,61059.45,0,177292.24,55173.34,31.12,USSD Payment,Delivered,4,Website Desktop,3.1,0,0
JO-2023-11162,2023-11-30,16:35:00,November,Q4,Thursday,JMC000615,Ondo,Ondo City,Beauty & Health,Moisturising Lotion 400ml,L'Oreal,1,6007.17,0,6007.17,3525.61,1200,6007.17,2481.56,41.31,Bank Transfer,Delivered,4,Mobile App,,0,0
JO-2023-11167,2023-11-30,20:16:00,November,Q4,Thursday,JMC001506,Ogun,Ilaro,Home & Kitchen,Storage Containers,Scanfrost,1,109025.56,0,109025.56,75761.86,,109025.56,33263.7,30.51,USSD Payment,Delivered,5,USSD,4.3,0,0
JO-2023-11494,2023-11-30,22:21:00,November,Q4,Thursday,JMC000654,Kano,Tarauni,Fashion,Baseball Cap,H&M,2,26707.33,20,21365.86,10956.41,0,42731.72,20818.9,48.72,Card Payment,Delivered,7,Mobile App,2.5,0,0
JO-2023-11921,2023-11-30,22:03:00,November,Q4,Thursday,JMC000240,Lagos,Surulere,Books & Education,Atlas of Nigeria,Farafina,1,11756.23,0,11756.23,7770.87,0,11756.23,3985.36,33.9,Bank Transfer,Delivered,5,Website Desktop,4.6,0,0
JO-2023-11925,2023-11-30,15:55:00,November,Q4,Thursday,JMC000154,Oyo,Ibadan South,Computing,Laptop Bag 15inch,Microsoft,1,481105.61,0,481105.61,394458.49,0,481105.61,86647.12,18.01,Card Payment,Shipped,1,Mobile App,,0,0
JO-2023-12290,2023-11-30,23:27:00,November,Q4,Thursday,JMC000077,Nasarawa,Lafia,Fashion,Men's Jeans,Nike,1,3352.98,0,3352.98,1651.34,1200,3352.98,1701.64,50.75,Bank Transfer,Delivered,4,Mobile App,,0,0
JO-2023-12549,2023-11-30,23:43:00,November,Q4,Thursday,JMC001315,Kano,Kano City,Fashion,Baseball Cap,Zara,5,81479.72,0,81479.72,54322.53,0,407398.6,135785.95,33.33,Bank Transfer,Delivered,4,Agent Network,4.9,0,0
JO-2023-10010,2023-12-01,18:51:00,December,Q4,Friday,JMC001353,Lagos,Agege,Books & Education,English Grammar,Farafina,2,16057.69,0,16057.69,11765.47,,32115.38,8584.44,26.73,Jumia Pay Wallet,Delivered,7,Mobile App,2.9,0,0
JO-2023-10162,2023-12-01,17:42:00,December,Q4,Friday,JMC000874,Edo,Benin City,Fashion,Wristwatch Classic,Nike,1,80907.78,0,80907.78,48326.22,0,80907.78,32581.56,40.27,Card Payment,Delivered,5,Mobile App,3.4,0,0
JO-2023-10185,2023-12-01,22:48:00,December,Q4,Friday,JMC001543,Niger,Kontagora,Fashion,Leather Belt,Nike,1,35936.72,20,28749.38,17560.12,0,28749.38,11189.26,38.92,Jumia Pay Wallet,Delivered,6,Mobile App,3.4,0,0
JO-2023-10213,2023-12-01,08:50:00,December,Q4,Friday,JMC001122,Niger,Kontagora,Home & Kitchen,Kitchen Towel Set,Bosch,1,156897.96,30,109828.57,86457.05,0,109828.57,23371.52,21.28,Card Payment,Delivered,2,USSD,3.1,0,0
JO-2023-10847,2023-12-01,16:20:00,December,Q4,Friday,JMC000768,Cross River,Ikom,Home & Kitchen,Blender 1.5L,Nexus,1,84113.44,0,84113.44,51906.4,0,84113.44,32207.04,38.29,Jumia Pay Wallet,Delivered,5,Mobile App,2.7,0,0
JO-2023-11089,2023-12-01,14:30:00,December,Q4,Friday,JMC000708,Lagos,Ikeja,Fashion,Wristwatch Classic,Zara,1,3971.44,0,3971.44,1925.35,1500,3971.44,2046.09,51.52,Cash on Delivery,Delivered,8,USSD,3.6,0,0
JO-2023-11852,2023-12-01,10:01:00,December,Q4,Friday,JMC001385,Kano,Kano City,Fashion,Wristwatch Classic,Nike,4,30049.62,0,30049.62,17960.66,0,120198.48,48355.84,40.23,USSD Payment,Cancelled,2,Mobile App,,0,0
JO-2023-12014,2023-12-01,18:39:00,December,Q4,Friday,JMC001100,Lagos,Surulere,Books & Education,Medical Dictionary,Kachifo,1,7086.68,0,7086.68,4054.29,1200,7086.68,3032.39,42.79,Jumia Pay Wallet,Delivered,8,Mobile App,3.3,0,0
JO-2023-12056,2023-12-01,17:19:00,December,Q4,Friday,JMC000039,Lagos,Victoria Island,Computing,Wireless Mouse,Microsoft,2,541811.72,0,541811.72,475764.87,0,1083623.44,132093.7,12.19,Card Payment,Returned,5,Website Desktop,,1,0
JO-2023-12730,2023-12-01,12:02:00,December,Q4,Friday,JMC001137,Enugu,Udi,Fashion,Wristwatch Classic,Zara,1,41166.23,10,37049.61,21766.65,0,37049.61,15282.96,41.25,Jumia Pay Wallet,Delivered,1,Mobile App,4.0,0,0
JO-2023-12835,2023-12-01,15:51:00,December,Q4,Friday,JMC000572,Delta,Warri,Groceries,Groundnut Oil 5L,Cadbury,1,3852.84,0,3852.84,3205.56,2000,3852.84,647.28,16.8,Cash on Delivery,Delivered,8,Website Desktop,3.2,0,0
JO-2023-10011,2023-12-02,11:39:00,December,Q4,Saturday,JMC000972,Enugu,Udi,Electronics,Electric Kettle,Infinix,2,14521.52,0,14521.52,12540.78,0,29043.04,3961.48,13.64,Cash on Delivery,Delivered,3,USSD,3.0,0,0
JO-2023-10899,2023-12-02,11:04:00,December,Q4,Saturday,JMC000239,Lagos,Victoria Island,Groceries,Honey Natural 500g,Nestle,1,9444.13,0,9444.13,7798.96,1000,9444.13,1645.17,17.42,Bank Transfer,Delivered,1,Mobile App,3.9,0,0
JO-2023-11142,2023-12-02,19:40:00,December,Q4,Saturday,JMC001391,Oyo,Ogbomoso,Groceries,Rice 5kg Bag,Unilever,1,18720.56,0,18720.56,16816.68,0,18720.56,1903.88,10.17,Jumia Pay Wallet,Delivered,3,USSD,2.7,0,0
JO-2023-11444,2023-12-02,21:18:00,December,Q4,Saturday,JMC001174,Lagos,Ikorodu,Electronics,Wireless Earbuds,JBL,2,365152.49,0,365152.49,264224.34,0,730304.98,201856.3,27.64,Bank Transfer,Delivered,6,Website Desktop,3.7,0,0
JO-2023-11766,2023-12-02,20:02:00,December,Q4,Saturday,JMC000663,Lagos,Lagos Island,Sports & Outdoor,Resistance Bands Set,Under Armour,1,73131.06,0,73131.06,55067.69,0,73131.06,18063.37,24.7,Bank Transfer,Delivered,7,Mobile App,4.3,0,0
JO-2023-12139,2023-12-02,09:31:00,December,Q4,Saturday,JMC000154,Kano,Nassarawa,Sports & Outdoor,Cycling Helmet,Decathlon,2,76940.68,0,76940.68,53966.19,0,153881.36,45948.98,29.86,Bank Transfer,Delivered,5,Website Desktop,4.3,0,0
JO-2023-12301,2023-12-02,15:06:00,December,Q4,Saturday,JMC000033,Lagos,Ikorodu,Books & Education,Atlas of Nigeria,Oxford,3,16921.83,,16075.74,11376.8,0,48227.22,14096.82,29.23,Bank Transfer,Processing,1,WhatsApp Store,,0,0
JO-2023-12331,2023-12-02,15:51:00,December,Q4,Saturday,JMC001167,Niger,Suleja,Fashion,Sneakers Size 42,Nike,4,53600.48,5,50920.46,27186.43,0,203681.84,94936.12,46.61,Jumia Pay Wallet,Delivered,7,Website Desktop,4.3,0,0
JO-2023-10133,2023-12-03,17:14:00,December,Q4,Sunday,JMC000529,Imo,Mbaitoli,Books & Education,Mathematics Textbook,Amazon KDP,1,17604.23,0,17604.23,11360.01,0,17604.23,6244.22,35.47,Card Payment,Delivered,5,Website Desktop,4.1,0,0
JO-2023-10315,2023-12-03,23:32:00,December,Q4,Sunday,JMC000677,Cross River,Calabar,Beauty & Health,Moisturising Lotion 400ml,Nivea,1,13378.58,0,13378.58,5515.99,,13378.58,7862.59,58.77,Bank Transfer,Cancelled,7,Mobile App,,0,0
JO-2023-10741,2023-12-03,14:08:00,December,Q4,Sunday,JMC001362,Rivers,Obio-Akpor,Electronics,Wireless Earbuds,Apple,1,313032.54,0,313032.54,244134.08,0,313032.54,68898.46,22.01,Bank Transfer,Shipped,1,Mobile App,,0,0
JO-2023-11890,2023-12-03,21:17:00,December,Q4,Sunday,JMC000074,Lagos,Lagos Island,Groceries,Sugar 1kg,Dangote,1,15932.97,0,15932.97,14048.1,0,15932.97,1884.87,11.83,Bank Transfer,Processing,2,Agent Network,,0,0
JO-2023-11978,2023-12-03,08:05:00,December,Q4,Sunday,JMC001293,Abuja,Gwarinpa,Electronics,Table Lamp LED,Apple,2,391268.74,30,273888.12,229956.47,0,547776.24,87863.3,16.04,Bank Transfer,Delivered,7,Mobile App,3.7,0,0
JO-2023-12234,2023-12-03,20:20:00,December,Q4,Sunday,JMC000826,Cross River,Calabar,Fashion,Sunglasses UV400,H&M,3,36567.41,0,36567.41,16506.53,0,109702.23,60182.64,54.86,Card Payment,Delivered,1,Website Desktop,4.0,0,0
JO-2023-12450,2023-12-03,07:31:00,December,Q4,Sunday,JMC001003,Kano,Kano City,Computing,Laptop Bag 15inch,HP,1,562059.79,0,562059.79,500626.65,0,562059.79,61433.14,10.93,Card Payment,Shipped,6,Mobile App,,0,0
JO-2023-10207,2023-12-04,09:39:00,December,Q4,Monday,JMC000991,Lagos,Lekki,Home & Kitchen,Kitchen Towel Set,Bosch,1,76765.41,0,76765.41,49436.92,0,76765.41,27328.49,35.6,Card Payment,Delivered,6,Website Desktop,4.1,0,0
JO-2023-10245,2023-12-04,23:08:00,December,Q4,Monday,JMC000858,Kano,Nassarawa,Electronics,Phone Charger USB-C,HP,1,57911.22,0,57911.22,47487.2,0,57911.22,10424.02,18.0,Cash on Delivery,Delivered,8,Website Desktop,3.4,0,0
JO-2023-10613,2023-12-04,18:07:00,December,Q4,Monday,JMC001252,Abuja,Asokoro,Electronics,Power Bank 20000mAh,Sony,2,43085.74,0,43085.74,31581.85,0,86171.48,23007.78,26.7,Bank Transfer,Delivered,8,Mobile App,3.6,0,0
JO-2023-10668,2023-12-04,13:25:00,December,Q4,Monday,JMC000760,Abuja,Maitama,Beauty & Health,Manicure Kit,Dove,2,31736.78,0,31736.78,13196.15,0,63473.56,37081.26,58.42,Card Payment,Delivered,8,Mobile App,4.7,0,0
JO-2023-10980,2023-12-04,17:38:00,December,Q4,Monday,JMC000457,Lagos,Lagos Island,Home & Kitchen,Dish Rack,Binatone,1,132740.21,0,132740.21,105037.33,0,132740.21,27702.88,20.87,Card Payment,Delivered,5,Mobile App,4.2,0,0
JO-2023-11344,2023-12-04,09:39:00,December,Q4,Monday,JMC000168,Oyo,Ogbomoso,Sports & Outdoor,Yoga Mat 6mm,Spalding,2,77936.51,0,77936.51,48133.59,0,155873.02,59605.84,38.24,Cash on Delivery,Delivered,8,Website Desktop,,0,0
JO-2023-11713,2023-12-04,11:54:00,December,Q4,Monday,JMC001142,Abuja,Maitama,Computing,Monitor 24inch,Acer,1,507746.02,0,507746.02,418027.3,0,507746.02,89718.72,17.67,Jumia Pay Wallet,Delivered,6,Mobile App,4.0,0,0
JO-2023-12243,2023-12-04,23:31:00,December,Q4,Monday,JMC000549,Niger,Suleja,Fashion,Men's Jeans,Nike,1,64941.69,0,64941.69,33750.2,0,64941.69,31191.49,48.03,Cash on Delivery,Delivered,6,Website Desktop,2.9,0,0
JO-2023-12289,2023-12-04,21:49:00,December,Q4,Monday,JMC000534,Oyo,Ibadan North,Groceries,Sugar 1kg,Cadbury,1,9855.86,0,9855.86,8442.53,700,9855.86,1413.33,14.34,Jumia Pay Wallet,Delivered,4,Mobile App,4.5,0,0
JO-2023-10027,2023-12-05,16:40:00,December,Q4,Tuesday,JMC000511,Nasarawa,Nasarawa,Home & Kitchen,Iron Box Steam,Scanfrost,1,141862.82,0,141862.82,91884.55,0,141862.82,49978.27,35.23,Cash on Delivery,Cancelled,7,Website Desktop,,0,0
JO-2023-10342,2023-12-05,09:14:00,December,Q4,Tuesday,JMC001546,Lagos,Ikeja,Beauty & Health,Body Scrub,L'Oreal,4,4391.93,0,4391.93,2392.28,0,17567.72,7998.6,45.53,Jumia Pay Wallet,Delivered,6,Website Desktop,3.9,0,0
JO-2023-10623,2023-12-05,08:20:00,December,Q4,Tuesday,JMC000760,Oyo,Ibadan South,Home & Kitchen,Non-stick Frying Pan,Nasco,1,159759.97,25,119819.98,78937.4,0,119819.98,40882.58,34.12,Card Payment,Delivered,7,Mobile App,3.8,0,0
JO-2023-10640,2023-12-05,19:05:00,December,Q4,Tuesday,JMC000311,Cross River,Ikom,Books & Education,Python Programming Basics,,2,6965.66,50,3482.83,2159.35,1000,6965.66,2646.96,38.0,Bank Transfer,Delivered,6,Website Desktop,3.3,0,0
JO-2023-12830,2023-12-05,15:40:00,December,Q4,Tuesday,JMC000055,Niger,Suleja,Electronics,Extension Socket,Infinix,3,286287.14,0,286287.14,238620.33,0,858861.42,143000.43,16.65,Jumia Pay Wallet,Delivered,3,Website Desktop,4.5,0,0
JO-2023-10110,2023-12-06,18:57:00,December,Q4,Wednesday,JMC001350,Kaduna,Chikun,Fashion,Women's Heels,Zara,1,77154.81,25,57866.11,27301.23,0,57866.11,30564.88,52.82,Card Payment,Processing,4,Mobile App,,0,0
JO-2023-10156,2023-12-06,12:23:00,December,Q4,Wednesday,JMC001148,Abuja,Kubwa,Groceries,Milk Tin 400g,Unilever,1,3981.22,20,3184.98,2772.21,2000,3184.98,412.77,12.96,Card Payment,Delivered,2,Website Desktop,2.6,0,0
JO-2023-11065,2023-12-06,20:10:00,December,Q4,Wednesday,JMC001487,Delta,Oshimili,Groceries,Groundnut Oil 5L,PZ Cussons,1,18922.52,0,18922.52,15588.37,0,18922.52,3334.15,17.62,Card Payment,Shipped,2,Website Desktop,,0,0
JO-2023-11144,2023-12-06,22:30:00,December,Q4,Wednesday,JMC000591,Abuja,Asokoro,Computing,Laptop 15.6inch i5,Dell,1,159743.73,0,159743.73,139024.97,,159743.73,20718.76,12.97,Card Payment,Delivered,4,WhatsApp Store,3.2,0,0
JO-2023-11272,2023-12-06,21:30:00,December,Q4,Wednesday,JMC000876,Kano,Gwale,Electronics,Table Lamp LED,Sony,1,92475.2,0,92475.2,79935.56,0,92475.2,12539.64,13.56,Jumia Pay Wallet,Shipped,3,USSD,,0,0
JO-2023-11486,2023-12-06,13:36:00,December,Q4,Wednesday,JMC000108,Abuja,Kubwa,Fashion,Wristwatch Classic,Zara,2,11588.59,0,11588.59,7144.37,0,23177.18,8888.44,38.35,Cash on Delivery,Delivered,6,Mobile App,2.8,0,0
JO-2023-11710,2023-12-06,16:17:00,December,Q4,Wednesday,JMC000899,Kano,Nassarawa,Sports & Outdoor,Resistance Bands Set,Decathlon,2,31462.75,0,31462.75,21341.18,0,62925.5,20243.14,32.17,Jumia Pay Wallet,Delivered,2,Agent Network,3.2,0,0
JO-2023-11780,2023-12-06,20:26:00,December,Q4,Wednesday,JMC000776,Plateau,Shendam,Electronics,Extension Socket,Infinix,1,209574.16,0,209574.16,158144.66,0,209574.16,51429.5,24.54,Jumia Pay Wallet,Delivered,4,Website Desktop,4.5,0,0
JO-2023-12176,2023-12-06,15:44:00,December,Q4,Wednesday,JMC000739,Kano,Kano City,Home & Kitchen,Kitchen Towel Set,Binatone,1,34821.02,10,31338.92,23046.64,0,31338.92,8292.28,26.46,Jumia Pay Wallet,Delivered,2,Mobile App,,0,0
JO-2023-12630,2023-12-06,10:08:00,December,Q4,Wednesday,JMC001570,Lagos,Agege,Home & Kitchen,Coffee Maker,Scanfrost,4,159573.66,0,159573.66,101999.48,0,638294.64,230296.72,36.08,Bank Transfer,Cancelled,2,Website Desktop,,0,0
JO-2023-12934,2023-12-06,21:07:00,December,Q4,Wednesday,JMC001183,Anambra,Anambra East,Fashion,Men's Jeans,Lagos Styles,1,83858.75,50,41929.38,22193.22,0,41929.38,19736.16,47.07,Bank Transfer,Delivered,5,Mobile App,3.6,0,0
JO-2023-10041,2023-12-07,07:06:00,December,Q4,Thursday,JMC001454,Delta,Uvwie,Electronics,Smart Watch,Infinix,1,24654.11,0,24654.11,18806.16,0,24654.11,5847.95,23.72,Cash on Delivery,Shipped,4,Mobile App,,0,0
JO-2023-10146,2023-12-07,13:21:00,December,Q4,Thursday,JMC000164,Ondo,Ikare,Home & Kitchen,Storage Containers,Binatone,2,168594.99,0,168594.99,131234.34,0,337189.98,74721.3,22.16,Jumia Pay Wallet,Cancelled,8,Mobile App,,0,0
JO-2023-10215,2023-12-07,14:13:00,December,Q4,Thursday,JMC000086,Kwara,Ilorin,Beauty & Health,Body Scrub,L'Oreal,1,16584.38,0,16584.38,10237.54,0,16584.38,6346.84,38.27,Card Payment,Delivered,2,Website Desktop,4.4,0,0
JO-2023-10553,2023-12-07,19:32:00,December,Q4,Thursday,JMC000237,Abuja,Kubwa,Sports & Outdoor,Cycling Helmet,Puma,1,35380.66,10,31842.59,24037.97,0,31842.59,7804.62,24.51,Card Payment,Shipped,3,Mobile App,,0,0
JO-2023-11385,2023-12-07,08:45:00,December,Q4,Thursday,JMC000781,Delta,Uvwie,Beauty & Health,Vitamin C Serum,Dove,1,7563.27,10,6806.94,2726.86,,6806.94,4080.08,59.94,Jumia Pay Wallet,Shipped,4,Website Desktop,,0,0
JO-2023-11528,2023-12-07,16:36:00,December,Q4,Thursday,JMC000358,Edo,Egor,Sports & Outdoor,Swimming Goggles,Wilson,1,8494.4,30,5946.08,4453.61,,5946.08,1492.47,25.1,Cash on Delivery,Shipped,8,Website Desktop,,0,0
JO-2023-11677,2023-12-07,09:13:00,December,Q4,Thursday,JMC000386,Rivers,Eleme,Electronics,Power Bank 20000mAh,Tecno,2,242445.27,25,181833.95,152195.02,0,363667.9,59277.86,16.3,Card Payment,Delivered,8,Mobile App,4.9,0,0
JO-2023-11841,2023-12-07,11:12:00,December,Q4,Thursday,JMC001484,Lagos,Victoria Island,Groceries,Groundnut Oil 5L,Cadbury,2,15697.58,0,15697.58,14405.67,0,31395.16,2583.82,8.23,Cash on Delivery,Delivered,4,USSD,4.5,0,0
JO-2023-11908,2023-12-07,18:00:00,December,Q4,Thursday,JMC000489,Lagos,Yaba,Beauty & Health,Manicure Kit,Dove,1,34728.57,10,31255.71,13496.22,0,31255.71,17759.49,56.82,Jumia Pay Wallet,Delivered,6,USSD,5.0,0,0
JO-2023-11992,2023-12-07,22:36:00,December,Q4,Thursday,JMC001200,Lagos,Surulere,Fashion,Handbag Brown,Ankara Palace,3,56191.65,0,56191.65,29556.81,0,168574.95,79904.52,47.4,Card Payment,Delivered,5,USSD,4.8,0,0
JO-2023-12106,2023-12-07,12:53:00,December,Q4,Thursday,JMC001576,Abuja,Gwarinpa,Electronics,Phone Charger USB-C,Infinix,1,377793.96,10,340014.56,298430.78,0,340014.56,41583.78,12.23,Bank Transfer,Shipped,5,Mobile App,,0,0
JO-2023-12180,2023-12-07,14:29:00,December,Q4,Thursday,JMC001138,Anambra,Anambra East,Electronics,Extension Socket,HP,1,249544.26,0,249544.26,197639.05,0,249544.26,51905.21,20.8,Bank Transfer,Cancelled,8,Website Desktop,,0,0
JO-2023-12398,2023-12-07,20:58:00,December,Q4,Thursday,JMC001101,Ondo,Akure,Home & Kitchen,Non-stick Frying Pan,Binatone,4,40592.66,20,32474.13,21751.17,,129896.52,42891.84,33.02,Card Payment,Shipped,7,WhatsApp Store,,0,0
JO-2023-10578,2023-12-08,10:47:00,December,Q4,Friday,JMC000602,Lagos,Ikorodu,Electronics,Wireless Earbuds,Sony,1,413701.98,50,206850.99,160206.09,0,206850.99,46644.9,22.55,Cash on Delivery,Delivered,4,Mobile App,3.7,0,0
JO-2023-11050,2023-12-08,14:49:00,December,Q4,Friday,JMC000340,Lagos,Lekki,Beauty & Health,Sunscreen SPF50,L'Oreal,2,6154.44,0,6154.44,2475.93,0,12308.88,7357.02,59.77,Bank Transfer,Processing,7,Mobile App,,0,0
JO-2023-11489,2023-12-08,22:39:00,December,Q4,Friday,JMC000156,Enugu,Nkanu,Computing,Printer Ink Cartridge,HP,1,506949.07,15,430906.71,347396.99,0,430906.71,83509.72,19.38,Card Payment,Delivered,6,Mobile App,,0,0
JO-2023-12236,2023-12-08,20:47:00,December,Q4,Friday,JMC001161,Ondo,Ikare,Home & Kitchen,Dish Rack,Scanfrost,2,94227.68,0,94227.68,71876.87,0,188455.36,44701.62,23.72,Card Payment,Delivered,8,USSD,4.3,0,0
JO-2023-12264,2023-12-08,09:59:00,December,Q4,Friday,JMC000727,Delta,Ethiope East,Electronics,Phone Charger USB-C,Infinix,1,371146.45,0,371146.45,295358.34,0,371146.45,75788.11,20.42,Bank Transfer,Returned,6,Mobile App,,1,0
JO-2023-12627,2023-12-08,15:54:00,December,Q4,Friday,JMC000958,Lagos,Surulere,Fashion,Wristwatch Classic,,2,40386.2,0,40386.2,22382.03,0,80772.4,36008.34,44.58,Bank Transfer,Delivered,1,Mobile App,,0,0
JO-2023-12706,2023-12-08,12:30:00,December,Q4,Friday,JMC001262,Delta,Ethiope East,Groceries,Honey Natural 500g,Cadbury,1,6610.82,40,3966.49,3369.53,700,3966.49,596.96,15.05,Bank Transfer,Delivered,6,Agent Network,3.7,0,0
JO-2023-10092,2023-12-09,21:47:00,December,Q4,Saturday,JMC000038,Plateau,Shendam,Sports & Outdoor,Basketball Outdoor,Under Armour,4,50882.23,0,50882.23,31781.04,0,203528.92,76404.76,37.54,Cash on Delivery,Delivered,6,Website Desktop,4.6,0,0
JO-2023-10332,2023-12-09,21:00:00,December,Q4,Saturday,JMC001188,Lagos,Agege,Electronics,Electric Kettle,Infinix,1,95014.2,0,95014.2,69018.31,0,95014.2,25995.89,27.36,Card Payment,Delivered,6,WhatsApp Store,3.0,0,0
JO-2023-10562,2023-12-09,07:09:00,December,Q4,Saturday,JMC001027,Lagos,Lagos Island,Fashion,Leather Belt,Zara,4,73651.24,0,73651.24,39786.4,0,294604.96,135459.36,45.98,Card Payment,Delivered,1,Mobile App,3.4,0,0
JO-2023-10867,2023-12-09,08:43:00,December,Q4,Saturday,JMC000189,Lagos,Yaba,Electronics,Wireless Earbuds,Apple,2,337234.74,0,337234.74,295485.08,0,674469.48,83499.32,12.38,Card Payment,Delivered,6,Agent Network,2.8,0,0
JO-2023-11634,2023-12-09,14:00:00,December,Q4,Saturday,JMC000883,Abuja,Kubwa,Beauty & Health,Vitamin C Serum,Black Seed,2,24925.04,50,12462.52,5395.02,0,24925.04,14135.0,56.71,Jumia Pay Wallet,Delivered,3,Mobile App,3.4,0,0
JO-2023-11770,2023-12-09,17:52:00,December,Q4,Saturday,JMC001312,Lagos,Ikorodu,Electronics,Extension Socket,HP,1,50626.41,,50626.41,41726.29,0,50626.41,8900.12,17.58,Card Payment,Shipped,3,Mobile App,,0,0
JO-2023-11848,2023-12-09,21:20:00,December,Q4,Saturday,JMC000246,Kano,Gwale,Electronics,Power Bank 20000mAh,Tecno,1,371477.35,0,371477.35,271958.57,0,371477.35,99518.78,26.79,Jumia Pay Wallet,Delivered,7,WhatsApp Store,3.5,0,0
JO-2023-12045,2023-12-09,16:12:00,December,Q4,Saturday,JMC001004,Kano,Tarauni,Computing,USB Hub 7-Port,HP,2,470301.42,0,470301.42,368151.95,,940602.84,204298.94,21.72,Card Payment,Delivered,8,Mobile App,2.6,0,0
JO-2023-12319,2023-12-09,21:24:00,December,Q4,Saturday,JMC000881,Abuja,Wuse,Computing,USB Hub 7-Port,Microsoft,1,661169.09,0,661169.09,591614.1,0,661169.09,69554.99,10.52,Jumia Pay Wallet,Returned,2,Mobile App,,1,0
JO-2023-12422,2023-12-09,15:26:00,December,Q4,Saturday,JMC000388,Abuja,Kubwa,Electronics,Desk Fan,Apple,2,175811.03,0,175811.03,142494.84,0,351622.06,66632.38,18.95,Jumia Pay Wallet,Processing,8,WhatsApp Store,,0,0
JO-2023-12608,2023-12-09,15:20:00,December,Q4,Saturday,JMC000674,Delta,Warri,Computing,Laptop Stand Aluminium,Acer,2,649667.65,0,649667.65,570278.26,0,1299335.3,158778.78,12.22,Bank Transfer,Delivered,6,Website Desktop,3.0,0,0
JO-2023-12814,2023-12-09,21:09:00,December,Q4,Saturday,JMC001410,Anambra,Onitsha,Electronics,Desk Fan,Infinix,2,24630.57,0,24630.57,20923.67,0,49261.14,7413.8,15.05,Card Payment,Processing,8,Mobile App,,0,0
JO-2023-11266,2023-12-10,09:18:00,December,Q4,Sunday,JMC000028,Abuja,Wuse,Home & Kitchen,Kitchen Towel Set,Nexus,5,119144.01,0,119144.01,92586.81,0,595720.05,132786.0,22.29,Bank Transfer,Delivered,3,Mobile App,2.9,0,0
JO-2023-12374,2023-12-10,16:31:00,December,Q4,Sunday,JMC000291,Abuja,Gwarinpa,Beauty & Health,Vitamin C Serum,Black Seed,1,29595.64,,14797.82,6271.32,0,14797.82,8526.5,57.62,USSD Payment,Returned,2,WhatsApp Store,,1,0
JO-2023-12739,2023-12-10,12:12:00,December,Q4,Sunday,JMC001106,Bauchi,Bauchi City,Computing,External SSD 1TB,Acer,1,163176.56,0,163176.56,142338.91,0,163176.56,20837.65,12.77,Cash on Delivery,Processing,8,USSD,,0,0
JO-2023-12751,2023-12-10,20:32:00,December,Q4,Sunday,JMC001128,Enugu,Udi,Computing,External SSD 1TB,Dell,2,826587.27,0,826587.27,713923.43,0,1653174.54,225327.68,13.63,Bank Transfer,Delivered,8,Agent Network,4.6,0,0
JO-2023-12846,2023-12-10,19:15:00,December,Q4,Sunday,JMC001059,Oyo,Ibadan South,Computing,USB Hub 7-Port,HP,1,806686.5,50,403343.25,345826.5,0,403343.25,57516.75,14.26,Bank Transfer,Cancelled,1,Mobile App,,0,0
JO-2023-10181,2023-12-11,08:59:00,December,Q4,Monday,JMC001184,Kwara,Omu-Aran,Electronics,Table Lamp LED,Samsung,2,218086.8,0,218086.8,161122.53,0,436173.6,113928.54,26.12,Cash on Delivery,Delivered,2,Mobile App,3.8,0,0
JO-2023-10286,2023-12-11,10:12:00,December,Q4,Monday,JMC001570,Lagos,Yaba,Electronics,Phone Charger USB-C,JBL,1,363839.62,0,363839.62,314757.66,0,363839.62,49081.96,13.49,Card Payment,Cancelled,7,Mobile App,,0,0
JO-2023-10340,2023-12-11,13:40:00,December,Q4,Monday,JMC000775,Oyo,Ibadan North,Electronics,Extension Socket,HP,1,38822.44,0,38822.44,32012.98,0,38822.44,6809.46,17.54,USSD Payment,Delivered,4,WhatsApp Store,4.9,0,0
JO-2023-10498,2023-12-11,17:42:00,December,Q4,Monday,JMC001479,Rivers,Oyigbo,Home & Kitchen,Kitchen Towel Set,Nasco,2,4715.83,0,4715.83,3698.15,2000,9431.66,2035.36,21.58,Jumia Pay Wallet,Delivered,8,USSD,4.9,0,0
JO-2023-10926,2023-12-11,18:54:00,December,Q4,Monday,JMC001225,Abuja,Gwarinpa,Home & Kitchen,Storage Containers,Philips,1,41165.38,0,41165.38,28630.52,0,41165.38,12534.86,30.45,Cash on Delivery,Delivered,6,Mobile App,4.6,0,0
JO-2023-11034,2023-12-11,13:55:00,December,Q4,Monday,JMC001196,Rivers,Oyigbo,Beauty & Health,Body Scrub,Neutrogena,3,29830.55,,29830.55,16863.21,0,89491.65,38902.02,43.47,Bank Transfer,Delivered,1,Website Desktop,,0,0
JO-2023-11119,2023-12-11,10:44:00,December,Q4,Monday,JMC000684,Lagos,Ikeja,Beauty & Health,Beard Oil 50ml,Olay,3,17762.23,0,17762.23,10609.38,0,53286.69,21458.55,40.27,Card Payment,Delivered,7,WhatsApp Store,2.8,0,0
JO-2023-11781,2023-12-11,21:28:00,December,Q4,Monday,JMC000848,Bauchi,Azare,Groceries,Tin Tomato Carton,Dangote,5,9828.99,0,9828.99,8450.97,0,49144.95,6890.1,14.02,Card Payment,Returned,1,Mobile App,,1,0
JO-2023-12099,2023-12-11,15:59:00,December,Q4,Monday,JMC000308,Delta,Oshimili,Beauty & Health,Perfume Floral 100ml,Olay,1,5064.97,50,2532.49,1373.37,700,2532.49,1159.12,45.77,Card Payment,Delivered,7,Mobile App,3.5,0,0
JO-2023-12267,2023-12-11,19:53:00,December,Q4,Monday,JMC000198,Bauchi,Azare,Home & Kitchen,Cutlery Set 24pcs,Bosch,2,158662.52,0,158662.52,102495.99,0,317325.04,112333.06,35.4,Card Payment,Delivered,4,Website Desktop,4.6,0,0
JO-2023-12409,2023-12-11,16:28:00,December,Q4,Monday,JMC001370,Lagos,Lagos Island,Fashion,Men's Polo Shirt,Nike,1,83251.97,0,83251.97,49418.37,0,83251.97,33833.6,40.64,Card Payment,Delivered,4,Website Desktop,,0,0
JO-2023-12547,2023-12-11,19:33:00,December,Q4,Monday,JMC000539,Abuja,Wuse,Sports & Outdoor,Football Size 5,Wilson,3,23021.89,0,23021.89,16216.62,0,69065.67,20415.81,29.56,Card Payment,Delivered,4,Mobile App,2.5,0,0
JO-2023-11368,2023-12-12,07:56:00,December,Q4,Tuesday,JMC000595,Rivers,Oyigbo,Electronics,Table Lamp LED,JBL,2,301418.6,0,301418.6,237276.72,0,602837.2,128283.76,21.28,Jumia Pay Wallet,Shipped,5,Website Desktop,,0,0
JO-2023-11514,2023-12-12,10:06:00,December,Q4,Tuesday,JMC001577,Niger,Kontagora,Electronics,Bluetooth Speaker,Tecno,1,282128.75,0,282128.75,241727.91,0,282128.75,40400.84,14.32,Card Payment,Cancelled,3,Agent Network,,0,0
JO-2023-11555,2023-12-12,13:16:00,December,Q4,Tuesday,JMC001559,Abuja,Kubwa,Electronics,Electric Kettle,Infinix,1,307251.39,0,307251.39,241960.47,0,307251.39,65290.92,21.25,Card Payment,Returned,5,Mobile App,,1,0
JO-2023-12035,2023-12-12,16:27:00,December,Q4,Tuesday,JMC000370,Kano,Kano City,Electronics,Wireless Earbuds,JBL,2,259062.36,0,259062.36,217249.7,0,518124.72,83625.32,16.14,Card Payment,Delivered,4,Website Desktop,4.5,0,0
JO-2023-12051,2023-12-12,13:46:00,December,Q4,Tuesday,JMC000407,Enugu,Nkanu,Electronics,Table Lamp LED,Samsung,2,358017.45,20,286413.96,231078.78,0,572827.92,110670.36,19.32,Card Payment,Delivered,7,Mobile App,3.4,0,0
JO-2023-12313,2023-12-12,23:28:00,December,Q4,Tuesday,JMC000431,Lagos,Lagos Island,Fashion,Men's Polo Shirt,Zara,1,11772.47,0,11772.47,6576.1,0,11772.47,5196.37,44.14,Bank Transfer,Delivered,2,USSD,3.5,0,0
JO-2023-12424,2023-12-12,17:05:00,December,Q4,Tuesday,JMC000209,Delta,Warri,Fashion,Sunglasses UV400,Ankara Palace,1,41221.37,0,41221.37,25491.3,0,41221.37,15730.07,38.16,Card Payment,Delivered,4,Mobile App,3.9,0,0
JO-2023-10302,2023-12-13,20:12:00,December,Q4,Wednesday,JMC000131,Nasarawa,Lafia,Home & Kitchen,Blender 1.5L,Philips,1,24938.39,0,24938.39,15257.31,0,24938.39,9681.08,38.82,Card Payment,Delivered,5,Agent Network,3.2,0,0
JO-2023-10313,2023-12-13,08:44:00,December,Q4,Wednesday,JMC001159,Enugu,Enugu North,Beauty & Health,Moisturising Lotion 400ml,Nivea,1,20168.4,0,20168.4,9936.97,0,20168.4,10231.43,50.73,Bank Transfer,Delivered,7,Website Desktop,4.5,0,0
JO-2023-10476,2023-12-13,19:38:00,December,Q4,Wednesday,JMC000015,Anambra,Nnewi,Beauty & Health,Perfume Floral 100ml,Black Seed,3,14350.32,0,14350.32,8304.53,0,43050.96,18137.37,42.13,Cash on Delivery,Delivered,6,Mobile App,3.3,0,0
JO-2023-10682,2023-12-13,08:23:00,December,Q4,Wednesday,JMC000128,Lagos,Yaba,Computing,Printer Ink Cartridge,Acer,3,808987.32,,808987.32,687315.63,0,2426961.96,365015.07,15.04,Card Payment,Returned,8,USSD,,1,0
JO-2023-10838,2023-12-13,23:11:00,December,Q4,Wednesday,JMC000972,Lagos,Lagos Island,Fashion,Leather Belt,Lagos Styles,1,19969.98,40,11981.99,8274.76,0,11981.99,3707.23,30.94,Card Payment,Delivered,6,Website Desktop,4.2,0,0
JO-2023-10863,2023-12-13,16:54:00,December,Q4,Wednesday,JMC001375,Benue,Gboko,Sports & Outdoor,Tennis Racket,Decathlon,1,18169.72,0,18169.72,10956.34,0,18169.72,7213.38,39.7,Bank Transfer,Delivered,2,Mobile App,3.9,0,0
JO-2023-11068,2023-12-13,14:45:00,December,Q4,Wednesday,JMC000691,Bauchi,Azare,Fashion,Women's Heels,Nike,2,31828.74,0,31828.74,19237.29,0,63657.48,25182.9,39.56,Card Payment,Shipped,8,USSD,,0,0
JO-2023-11163,2023-12-13,21:35:00,December,Q4,Wednesday,JMC001556,Kano,Tarauni,Beauty & Health,Hair Relaxer Kit,Dove,1,21898.92,0,21898.92,10980.12,0,21898.92,10918.8,49.86,Card Payment,Processing,5,Website Desktop,,0,0
JO-2023-11289,2023-12-13,07:08:00,December,Q4,Wednesday,JMC001239,Lagos,Victoria Island,Fashion,Leather Belt,Adidas,1,38668.44,0,38668.44,24276.05,,38668.44,14392.39,37.22,Cash on Delivery,Delivered,1,Mobile App,3.1,0,0
JO-2023-11617,2023-12-13,19:48:00,December,Q4,Wednesday,JMC001504,Niger,Kontagora,Fashion,Men's Jeans,Nike,1,10095.66,0,10095.66,6267.39,0,10095.66,3828.27,37.92,Card Payment,Delivered,6,WhatsApp Store,4.0,0,0
JO-2023-11674,2023-12-13,08:37:00,December,Q4,Wednesday,JMC001325,Bauchi,Ningi,Computing,Laptop 15.6inch i5,Asus,1,383565.24,0,383565.24,299449.38,0,383565.24,84115.86,21.93,Card Payment,Shipped,2,Website Desktop,,0,0
JO-2023-11787,2023-12-13,18:57:00,December,Q4,Wednesday,JMC001207,Lagos,Lekki,Beauty & Health,Beard Oil 50ml,Olay,4,30270.51,0,30270.51,19639.51,0,121082.04,42524.0,35.12,Jumia Pay Wallet,Delivered,5,WhatsApp Store,3.7,0,0
JO-2023-11853,2023-12-13,16:56:00,December,Q4,Wednesday,JMC001504,Rivers,Port Harcourt,Fashion,Handbag Brown,Nike,2,30780.12,0,30780.12,17658.55,0,61560.24,26243.14,42.63,Bank Transfer,Delivered,2,USSD,4.4,0,0
JO-2023-10049,2023-12-14,17:57:00,December,Q4,Thursday,JMC000542,Lagos,Lagos Island,Beauty & Health,Perfume Floral 100ml,Neutrogena,3,19787.16,0,19787.16,12343.23,0,59361.48,22331.79,37.62,Bank Transfer,Processing,7,Mobile App,,0,0
JO-2023-10827,2023-12-14,11:49:00,December,Q4,Thursday,JMC000601,Enugu,Enugu South,Fashion,Baseball Cap,Lagos Styles,1,84914.83,0,84914.83,38500.38,0,84914.83,46414.45,54.66,Jumia Pay Wallet,Delivered,2,Mobile App,4.7,0,0
JO-2023-10917,2023-12-14,22:37:00,December,Q4,Thursday,JMC001492,Ogun,Abeokuta,Beauty & Health,Perfume Floral 100ml,Nivea,2,3790.52,,1895.26,929.81,1500,3790.52,1930.9,50.94,Card Payment,Delivered,6,Mobile App,4.0,0,0
JO-2023-10933,2023-12-14,14:58:00,December,Q4,Thursday,JMC000915,Benue,Makurdi,Sports & Outdoor,Running Shoes,Spalding,1,69906.23,,69906.23,54380.06,0,69906.23,15526.17,22.21,Card Payment,Delivered,2,Mobile App,4.2,0,0
JO-2023-11296,2023-12-14,09:56:00,December,Q4,Thursday,JMC000872,Lagos,Agege,Fashion,Women's Ankara Gown,Ankara Palace,1,17664.81,0,17664.81,9622.02,0,17664.81,8042.79,45.53,Bank Transfer,Shipped,5,Website Desktop,,0,0
JO-2023-11760,2023-12-14,16:58:00,December,Q4,Thursday,JMC000185,Lagos,Lekki,Fashion,Handbag Brown,Lagos Styles,1,40415.43,10,36373.89,20467.59,0,36373.89,15906.3,43.73,Cash on Delivery,Returned,8,Mobile App,,1,0
JO-2023-11932,2023-12-14,08:35:00,December,Q4,Thursday,JMC000131,Cross River,Calabar,Home & Kitchen,Non-stick Frying Pan,Bosch,1,12168.1,10,10951.29,8276.98,0,10951.29,2674.31,24.42,Jumia Pay Wallet,Delivered,3,USSD,2.7,0,0
JO-2023-11960,2023-12-14,21:42:00,December,Q4,Thursday,JMC000659,Kano,Kano City,Beauty & Health,Manicure Kit,Dove,2,16005.29,0,16005.29,9468.73,0,32010.58,13073.12,40.84,Cash on Delivery,Returned,2,Website Desktop,,1,0
JO-2023-12451,2023-12-14,23:15:00,December,Q4,Thursday,JMC000574,Plateau,Shendam,Sports & Outdoor,Tennis Racket,Puma,1,87643.68,0,87643.68,55925.43,0,87643.68,31718.25,36.19,Cash on Delivery,Processing,1,Agent Network,,0,0
JO-2023-12620,2023-12-14,11:22:00,December,Q4,Thursday,JMC000566,Lagos,Victoria Island,Fashion,Women's Ankara Gown,Ankara Palace,1,59549.38,0,59549.38,39778.99,0,59549.38,19770.39,33.2,Card Payment,Shipped,5,Mobile App,,0,0
JO-2023-10148,2023-12-15,13:45:00,December,Q4,Friday,JMC000056,Oyo,Oyo,Groceries,Groundnut Oil 5L,PZ Cussons,1,20476.18,0,20476.18,18154.18,0,20476.18,2322.0,11.34,Bank Transfer,Delivered,1,Website Desktop,2.7,0,0
JO-2023-11370,2023-12-15,16:23:00,December,Q4,Friday,JMC001428,Abuja,Asokoro,Groceries,Tomato Paste 400g,Dangote,4,5796.15,10,5216.53,4380.84,0,20866.12,3342.76,16.02,Bank Transfer,Delivered,4,Website Desktop,4.8,0,0
JO-2023-11745,2023-12-15,16:42:00,December,Q4,Friday,JMC000136,Kaduna,Chikun,Beauty & Health,Sunscreen SPF50,Nivea,2,32627.87,50,16313.93,10191.31,0,32627.86,12245.24,37.53,Card Payment,Delivered,1,Website Desktop,3.6,0,0
JO-2023-12386,2023-12-15,12:43:00,December,Q4,Friday,JMC000373,Ondo,Akure,Fashion,Baseball Cap,Lagos Styles,4,9228.07,,9228.07,4423.94,0,36912.28,19216.52,52.06,Bank Transfer,Delivered,7,Mobile App,2.8,0,0
JO-2023-12403,2023-12-15,17:47:00,December,Q4,Friday,JMC001352,Ondo,Akure,Electronics,Wireless Earbuds,Samsung,5,57661.01,0,57661.01,45131.27,0,288305.05,62648.7,21.73,Card Payment,Delivered,6,Mobile App,3.8,0,0
JO-2023-12601,2023-12-15,09:54:00,December,Q4,Friday,JMC001029,Rivers,Oyigbo,Home & Kitchen,Non-stick Frying Pan,Nexus,1,68282.96,0,68282.96,42670.02,0,68282.96,25612.94,37.51,Card Payment,Shipped,8,Mobile App,,0,0
JO-2023-10117,2023-12-16,12:06:00,December,Q4,Saturday,JMC000636,Anambra,Nnewi,Fashion,Men's Jeans,Zara,3,20723.86,30,14506.7,9234.97,0,43520.1,15815.19,36.34,Bank Transfer,Delivered,1,Website Desktop,4.5,0,0
JO-2023-10859,2023-12-16,07:40:00,December,Q4,Saturday,JMC000529,Plateau,Barkin Ladi,Beauty & Health,Face Mask Set,L'Oreal,1,23729.47,0,23729.47,13385.79,0,23729.47,10343.68,43.59,Cash on Delivery,Delivered,5,Mobile App,4.9,0,0
JO-2023-11105,2023-12-16,23:14:00,December,Q4,Saturday,JMC000842,Lagos,Lekki,Groceries,Honey Natural 500g,Nestle,3,7449.28,0,7449.28,6463.0,0,22347.84,2958.84,13.24,Jumia Pay Wallet,Processing,1,Mobile App,,0,0
JO-2023-11214,2023-12-16,08:11:00,December,Q4,Saturday,JMC000854,Rivers,Obio-Akpor,Computing,External SSD 1TB,Acer,1,309569.97,0,309569.97,258955.28,0,309569.97,50614.69,16.35,Card Payment,Delivered,6,Website Desktop,3.9,0,0
JO-2023-11403,2023-12-16,17:25:00,December,Q4,Saturday,JMC001476,Kwara,Ilorin,Electronics,Smart TV 43inch,Apple,1,63842.79,0,63842.79,50952.93,0,63842.79,12889.86,20.19,Card Payment,Shipped,8,Website Desktop,,0,0
JO-2023-11652,2023-12-16,12:14:00,December,Q4,Saturday,JMC000723,Lagos,Yaba,Computing,Laptop 15.6inch i5,MacBook,2,110044.82,0,110044.82,87727.73,0,220089.64,44634.18,20.28,USSD Payment,Delivered,1,Mobile App,3.0,0,0
JO-2023-11996,2023-12-16,07:29:00,December,Q4,Saturday,JMC001422,Abuja,Maitama,Electronics,Wireless Earbuds,JBL,2,293699.1,0,293699.1,239394.14,0,587398.2,108609.92,18.49,Card Payment,Delivered,8,Mobile App,2.6,0,0
JO-2023-12053,2023-12-16,12:42:00,December,Q4,Saturday,JMC000949,Abuja,Asokoro,Groceries,Noodles Instant 70g,Unilever,5,24381.44,0,24381.44,20141.51,0,121907.2,21199.65,17.39,Cash on Delivery,Delivered,1,Agent Network,4.8,0,0
JO-2023-12105,2023-12-16,15:25:00,December,Q4,Saturday,JMC001330,Abuja,Wuse,Fashion,Sunglasses UV400,Ankara Palace,1,13110.1,40,7866.06,5137.32,1200,7866.06,2728.74,34.69,Card Payment,Processing,7,Mobile App,,0,0
JO-2023-12625,2023-12-16,17:24:00,December,Q4,Saturday,JMC001560,Abuja,Maitama,Computing,Laptop Stand Aluminium,Microsoft,2,170689.98,0,170689.98,138856.3,0,341379.96,63667.36,18.65,Card Payment,Cancelled,6,Mobile App,,0,0
JO-2023-10589,2023-12-17,10:50:00,December,Q4,Sunday,JMC001400,Kano,Tarauni,Home & Kitchen,Non-stick Frying Pan,Scanfrost,4,99481.84,0,99481.84,64076.25,0,397927.36,141622.36,35.59,Bank Transfer,Delivered,4,Website Desktop,2.9,0,0
JO-2023-10843,2023-12-17,09:51:00,December,Q4,Sunday,JMC001375,Lagos,Lagos Island,Groceries,Rice 5kg Bag,,1,21852.01,0,21852.01,20084.18,0,21852.01,1767.83,8.09,USSD Payment,Returned,6,Website Desktop,,1,0
JO-2023-11259,2023-12-17,16:07:00,December,Q4,Sunday,JMC000181,Lagos,Ikorodu,Fashion,Women's Ankara Gown,H&M,1,54052.21,0,54052.21,32252.95,0,54052.21,21799.26,40.33,Jumia Pay Wallet,Delivered,3,WhatsApp Store,4.4,0,0
JO-2023-12538,2023-12-17,22:25:00,December,Q4,Sunday,JMC001552,Ondo,Owo,Electronics,Table Lamp LED,Apple,1,313554.45,5,297876.73,253642.04,0,297876.73,44234.69,14.85,Cash on Delivery,Delivered,8,USSD,2.6,0,0
JO-2023-12744,2023-12-17,23:09:00,December,Q4,Sunday,JMC000632,Kaduna,Kaduna North,Groceries,Groundnut Oil 5L,PZ Cussons,1,8569.29,0,8569.29,7376.44,1000,8569.29,1192.85,13.92,Card Payment,Delivered,2,Website Desktop,4.7,0,0
JO-2023-10067,2023-12-18,15:27:00,December,Q4,Monday,JMC000987,Lagos,Victoria Island,Fashion,Handbag Brown,Zara,2,41542.43,0,41542.43,22233.51,0,83084.86,38617.84,46.48,Card Payment,Delivered,6,Mobile App,2.7,0,0
JO-2023-10335,2023-12-18,17:38:00,December,Q4,Monday,JMC000072,Kano,Nassarawa,Computing,Laptop 15.6inch i5,,1,219797.83,15,186828.16,160485.39,0,186828.16,26342.77,14.1,Jumia Pay Wallet,Delivered,1,Website Desktop,4.6,0,0
JO-2023-10429,2023-12-18,12:28:00,December,Q4,Monday,JMC000131,Lagos,Yaba,Fashion,Sunglasses UV400,Adidas,1,25819.91,0,25819.91,17397.46,0,25819.91,8422.45,32.62,Card Payment,Delivered,1,Mobile App,2.9,0,0
JO-2023-10500,2023-12-18,12:25:00,December,Q4,Monday,JMC000111,Rivers,Port Harcourt,Groceries,Honey Natural 500g,Nestle,2,11427.48,0,11427.48,10255.02,0,22854.96,2344.92,10.26,Bank Transfer,Delivered,2,Mobile App,3.1,0,0
JO-2023-10637,2023-12-18,14:04:00,December,Q4,Monday,JMC000457,Lagos,Surulere,Electronics,Phone Charger USB-C,Lenovo,1,164091.82,40,98455.09,82909.03,0,98455.09,15546.06,15.79,USSD Payment,Delivered,4,Website Desktop,3.5,0,0
JO-2023-11024,2023-12-18,23:03:00,December,Q4,Monday,JMC000677,Delta,Ethiope East,Beauty & Health,Hair Relaxer Kit,Dove,1,33979.25,0,33979.25,16214.9,0,33979.25,17764.35,52.28,USSD Payment,Delivered,1,WhatsApp Store,4.6,0,0
JO-2023-11131,2023-12-18,22:44:00,December,Q4,Monday,JMC000595,Delta,Ethiope East,Beauty & Health,Hair Relaxer Kit,Dove,1,14871.23,30,10409.86,5372.53,0,10409.86,5037.33,48.39,Jumia Pay Wallet,Delivered,8,Website Desktop,4.7,0,0
JO-2023-11379,2023-12-18,15:31:00,December,Q4,Monday,JMC000039,Abuja,Maitama,Computing,External SSD 1TB,Asus,1,760949.53,30,532664.67,441472.48,0,532664.67,91192.19,17.12,Card Payment,Processing,7,Website Desktop,,0,0
JO-2023-11539,2023-12-18,22:46:00,December,Q4,Monday,JMC000950,Lagos,Victoria Island,Groceries,Tin Tomato Carton,Nestle,1,3665.88,0,3665.88,3081.54,1000,3665.88,584.34,15.94,Cash on Delivery,Delivered,6,Website Desktop,2.7,0,0
JO-2023-10438,2023-12-19,19:48:00,December,Q4,Tuesday,JMC000240,Kano,Gwale,Beauty & Health,Vitamin C Serum,Dove,5,29796.58,0,29796.58,13900.1,0,148982.9,79482.4,53.35,Cash on Delivery,Delivered,7,Agent Network,3.9,0,0
JO-2023-10508,2023-12-19,20:15:00,December,Q4,Tuesday,JMC001137,Lagos,Surulere,Sports & Outdoor,Cycling Helmet,Wilson,4,25951.71,0,25951.71,19749.25,0,103806.84,24809.84,23.9,Card Payment,Delivered,5,Website Desktop,4.4,0,0
JO-2023-10712,2023-12-19,15:53:00,December,Q4,Tuesday,JMC000940,Lagos,Surulere,Fashion,Women's Heels,Zara,1,19402.62,15,16492.23,8221.38,0,16492.23,8270.85,50.15,Card Payment,Delivered,7,Mobile App,4.2,0,0
JO-2023-10879,2023-12-19,08:37:00,December,Q4,Tuesday,JMC001140,Abuja,Maitama,Computing,Laptop Bag 15inch,Dell,5,160633.74,0,160633.74,137116.96,0,803168.7,117583.9,14.64,Card Payment,Delivered,6,Mobile App,3.8,0,0
JO-2023-11171,2023-12-19,07:58:00,December,Q4,Tuesday,JMC000988,Cross River,Obanliku,Sports & Outdoor,Swimming Goggles,Spalding,1,41118.71,0,41118.71,25444.26,0,41118.71,15674.45,38.12,USSD Payment,Delivered,1,Mobile App,4.5,0,0
JO-2023-11294,2023-12-19,15:18:00,December,Q4,Tuesday,JMC000577,Lagos,Agege,Books & Education,Atlas of Nigeria,Oxford,2,4250.75,0,4250.75,3187.21,1500,8501.5,2127.08,25.02,Cash on Delivery,Delivered,8,Website Desktop,3.6,0,0
JO-2023-11441,2023-12-19,14:44:00,December,Q4,Tuesday,JMC000181,Nasarawa,Lafia,Groceries,Sugar 1kg,Unilever,2,7165.07,0,7165.07,6053.77,0,14330.14,2222.6,15.51,Bank Transfer,Cancelled,7,USSD,,0,0
JO-2023-11632,2023-12-19,09:33:00,December,Q4,Tuesday,JMC001205,Kano,Kano City,Beauty & Health,Sunscreen SPF50,Dove,3,15671.83,0,15671.83,8390.7,0,47015.49,21843.39,46.46,Bank Transfer,Delivered,2,Agent Network,2.7,0,0
JO-2023-11983,2023-12-19,17:35:00,December,Q4,Tuesday,JMC000073,Abuja,Garki,Fashion,Wristwatch Classic,Ankara Palace,1,3555.04,0,3555.04,2364.46,700,3555.04,1190.58,33.49,Jumia Pay Wallet,Delivered,1,WhatsApp Store,2.7,0,0
JO-2023-12821,2023-12-19,19:50:00,December,Q4,Tuesday,JMC000957,Lagos,Yaba,Beauty & Health,Shampoo Anti-Dandruff,Nivea,1,15824.92,0,15824.92,8399.87,0,15824.92,7425.05,46.92,Bank Transfer,Delivered,1,Website Desktop,4.4,0,0
JO-2023-12855,2023-12-19,21:05:00,December,Q4,Tuesday,JMC000822,Lagos,Yaba,Computing,Laptop Bag 15inch,MacBook,2,493541.48,,394833.18,325263.57,0,789666.36,139139.22,17.62,Card Payment,Processing,8,Website Desktop,,0,0
JO-2023-12964,2023-12-19,18:54:00,December,Q4,Tuesday,JMC000924,Oyo,Ogbomoso,Groceries,Milk Tin 400g,PZ Cussons,1,18121.47,50,9060.74,7675.35,1500,9060.74,1385.39,15.29,Bank Transfer,Delivered,8,Website Desktop,3.6,0,0
JO-2023-10130,2023-12-20,20:46:00,December,Q4,Wednesday,JMC000139,Benue,Otukpo,Groceries,Spaghetti 500g,Unilever,2,13798.18,0,13798.18,12367.31,0,27596.36,2861.74,10.37,Bank Transfer,Delivered,1,Mobile App,4.0,0,0
JO-2023-10167,2023-12-20,15:20:00,December,Q4,Wednesday,JMC001365,Rivers,Port Harcourt,Books & Education,Children Storybook,Oxford,1,4013.73,0,4013.73,2763.05,2000,4013.73,1250.68,31.16,Cash on Delivery,Processing,3,Website Desktop,,0,0
JO-2023-10798,2023-12-20,22:11:00,December,Q4,Wednesday,JMC001200,Kano,Tarauni,Computing,External SSD 1TB,MacBook,1,227847.76,0,227847.76,198387.04,0,227847.76,29460.72,12.93,Card Payment,Delivered,4,Mobile App,4.9,0,0
JO-2023-10814,2023-12-20,14:08:00,December,Q4,Wednesday,JMC001132,Rivers,Port Harcourt,Electronics,Bluetooth Speaker,Infinix,4,304353.95,0,304353.95,247378.89,0,1217415.8,227900.24,18.72,Bank Transfer,Processing,3,Mobile App,,0,0
JO-2023-11257,2023-12-20,21:15:00,December,Q4,Wednesday,JMC000732,Rivers,Obio-Akpor,Beauty & Health,Shampoo Anti-Dandruff,Black Seed,1,19341.96,0,19341.96,9483.36,0,19341.96,9858.6,50.97,Card Payment,Returned,2,USSD,,1,0
JO-2023-11300,2023-12-20,09:37:00,December,Q4,Wednesday,JMC001156,Edo,Ikpoba-Okha,Beauty & Health,Sunscreen SPF50,L'Oreal,1,24660.63,50,12330.32,6777.98,0,12330.32,5552.34,45.03,Card Payment,Cancelled,1,Mobile App,,0,0
JO-2023-11404,2023-12-20,17:43:00,December,Q4,Wednesday,JMC000298,Anambra,Nnewi,Sports & Outdoor,Swimming Goggles,Under Armour,2,63128.09,50,31564.04,19607.58,0,63128.08,23912.92,37.88,Cash on Delivery,Delivered,1,Website Desktop,3.3,0,0
JO-2023-11574,2023-12-20,22:22:00,December,Q4,Wednesday,JMC000511,Kano,Kano City,Home & Kitchen,Cutlery Set 24pcs,Binatone,1,24285.22,0,24285.22,16424.09,0,24285.22,7861.13,32.37,Jumia Pay Wallet,Delivered,7,Mobile App,3.1,0,0
JO-2023-11979,2023-12-20,13:22:00,December,Q4,Wednesday,JMC000849,Edo,Orhionmwon,Home & Kitchen,Iron Box Steam,Nexus,1,11100.28,0,11100.28,8124.29,0,11100.28,2975.99,26.81,Card Payment,Delivered,6,Website Desktop,3.7,0,0
JO-2023-12463,2023-12-20,19:05:00,December,Q4,Wednesday,JMC000556,Abuja,Maitama,Fashion,Leather Belt,H&M,1,35564.4,0,35564.4,16640.58,0,35564.4,18923.82,53.21,Bank Transfer,Processing,4,Website Desktop,,0,0
JO-2023-12607,2023-12-20,22:40:00,December,Q4,Wednesday,JMC000836,Kwara,Omu-Aran,Sports & Outdoor,Basketball Outdoor,Under Armour,2,42739.65,40,25643.79,15663.23,0,51287.58,19961.12,38.92,Bank Transfer,Shipped,6,Mobile App,,0,0
JO-2023-12704,2023-12-20,07:55:00,December,Q4,Wednesday,JMC001165,Ondo,Ikare,Sports & Outdoor,Basketball Outdoor,Wilson,3,65448.6,50,32724.3,25456.23,0,98172.9,21804.21,22.21,Card Payment,Shipped,3,Mobile App,,0,0
JO-2023-10056,2023-12-21,08:44:00,December,Q4,Thursday,JMC000168,Lagos,Yaba,Electronics,Electric Kettle,Apple,2,396473.0,0,396473.0,324552.8,0,792946.0,143840.4,18.14,Card Payment,Delivered,4,Mobile App,4.6,0,0
JO-2023-11450,2023-12-21,11:51:00,December,Q4,Thursday,JMC001468,Lagos,Lekki,Computing,Mechanical Keyboard,Asus,2,224088.94,15,190475.6,155066.19,,380951.2,70818.82,18.59,Card Payment,Shipped,4,Mobile App,,0,0
JO-2023-11927,2023-12-21,18:16:00,December,Q4,Thursday,JMC000528,Ondo,Ondo City,Electronics,Power Bank 20000mAh,Sony,3,235368.87,0,235368.87,180598.53,0,706106.61,164311.02,23.27,Bank Transfer,Delivered,3,Website Desktop,3.9,0,0
JO-2023-12405,2023-12-21,22:18:00,December,Q4,Thursday,JMC000852,Kaduna,Kaduna South,Home & Kitchen,Non-stick Frying Pan,Nasco,2,103559.93,20,82847.94,57115.37,0,165695.88,51465.14,31.06,Cash on Delivery,Cancelled,4,Website Desktop,,0,0
JO-2023-12705,2023-12-21,14:53:00,December,Q4,Thursday,JMC000475,Lagos,Victoria Island,Fashion,Wristwatch Classic,Nike,1,57341.45,0,57341.45,26916.08,0,57341.45,30425.37,53.06,Cash on Delivery,Delivered,7,Website Desktop,3.8,0,0
JO-2023-12170,2023-12-22,13:59:00,December,Q4,Friday,JMC000280,Lagos,Agege,Electronics,Smart TV 43inch,Apple,1,443403.98,0,443403.98,344480.55,0,443403.98,98923.43,22.31,Bank Transfer,Delivered,5,Website Desktop,5.0,0,0
JO-2023-12276,2023-12-22,17:37:00,December,Q4,Friday,JMC001458,Lagos,Lagos Island,Electronics,Table Lamp LED,Apple,1,440932.89,0,440932.89,356846.99,0,440932.89,84085.9,19.07,Card Payment,Delivered,4,Mobile App,4.4,0,0
JO-2023-12661,2023-12-22,11:29:00,December,Q4,Friday,JMC001449,Nasarawa,Nasarawa,Groceries,Noodles Instant 70g,Unilever,1,8162.63,25,6121.97,5559.97,1000,6121.97,562.0,9.18,USSD Payment,Processing,1,Mobile App,,0,0
JO-2023-12732,2023-12-22,19:40:00,December,Q4,Friday,JMC001356,Cross River,Ogoja,Fashion,Leather Belt,Nike,1,10779.95,5,10240.95,5389.81,0,10240.95,4851.14,47.37,Cash on Delivery,Delivered,8,Mobile App,3.6,0,0
JO-2023-10456,2023-12-23,08:24:00,December,Q4,Saturday,JMC000056,Ogun,Ilaro,Beauty & Health,Sunscreen SPF50,L'Oreal,2,13406.11,30,9384.28,5006.51,0,18768.56,8755.54,46.65,Bank Transfer,Delivered,3,Mobile App,4.0,0,0
JO-2023-10624,2023-12-23,15:16:00,December,Q4,Saturday,JMC000127,Kano,Gwale,Home & Kitchen,Storage Containers,Scanfrost,1,100718.72,0,100718.72,61267.2,0,100718.72,39451.52,39.17,Card Payment,Delivered,2,Website Desktop,4.1,0,0
JO-2023-10963,2023-12-23,20:13:00,December,Q4,Saturday,JMC000755,Lagos,Ikeja,Home & Kitchen,Dish Rack,Bosch,1,108356.36,15,92102.91,69482.44,0,92102.91,22620.47,24.56,Cash on Delivery,Cancelled,6,Agent Network,,0,0
JO-2023-11027,2023-12-23,22:20:00,December,Q4,Saturday,JMC000671,Lagos,Surulere,Electronics,Power Bank 20000mAh,Sony,1,228666.64,0,228666.64,164662.85,0,228666.64,64003.79,27.99,Card Payment,Shipped,7,Website Desktop,,0,0
JO-2023-11235,2023-12-23,15:34:00,December,Q4,Saturday,JMC000415,Lagos,Lekki,Home & Kitchen,Iron Box Steam,Scanfrost,1,73964.57,20,59171.66,46029.63,0,59171.66,13142.03,22.21,Card Payment,Delivered,1,Mobile App,4.5,0,0
JO-2023-11511,2023-12-23,10:33:00,December,Q4,Saturday,JMC000794,Lagos,Yaba,Beauty & Health,Face Mask Set,Olay,1,15849.64,,15849.64,7687.08,0,15849.64,8162.56,51.5,USSD Payment,Delivered,2,Website Desktop,3.2,0,0
JO-2023-11850,2023-12-23,13:19:00,December,Q4,Saturday,JMC001145,Lagos,Agege,Electronics,Table Lamp LED,Apple,4,380673.97,40,228404.38,183797.0,0,913617.52,178429.52,19.53,Jumia Pay Wallet,Delivered,5,Agent Network,,0,0
JO-2023-11939,2023-12-23,14:54:00,December,Q4,Saturday,JMC000136,Abuja,Asokoro,Home & Kitchen,Non-stick Frying Pan,Nexus,2,56842.09,0,56842.09,42438.3,0,113684.18,28807.58,25.34,Card Payment,Delivered,8,WhatsApp Store,4.2,0,0
JO-2023-10308,2023-12-24,22:28:00,December,Q4,Sunday,JMC000479,Lagos,Yaba,Electronics,Extension Socket,JBL,1,412151.85,0,412151.85,348474.39,0,412151.85,63677.46,15.45,Bank Transfer,Processing,8,Agent Network,,0,0
JO-2023-10391,2023-12-24,10:55:00,December,Q4,Sunday,JMC001220,Lagos,Ikorodu,Groceries,Noodles Instant 70g,Unilever,1,3024.48,0,3024.48,2745.93,1200,3024.48,278.55,9.21,Cash on Delivery,Delivered,4,Website Desktop,4.0,0,0
JO-2023-11177,2023-12-24,20:01:00,December,Q4,Sunday,JMC000159,Bauchi,Misau,Electronics,Wireless Earbuds,Sony,1,445665.96,0,445665.96,335408.2,0,445665.96,110257.76,24.74,Cash on Delivery,Delivered,5,Agent Network,2.6,0,0
JO-2023-11247,2023-12-24,07:45:00,December,Q4,Sunday,JMC000069,Oyo,Ibadan South,Fashion,Baseball Cap,Lagos Styles,1,17142.38,0,17142.38,11255.69,0,17142.38,5886.69,34.34,Card Payment,Delivered,2,Mobile App,3.4,0,0
JO-2023-11350,2023-12-24,12:44:00,December,Q4,Sunday,JMC000609,Kano,Nassarawa,Beauty & Health,Hair Relaxer Kit,L'Oreal,4,11759.23,5,11171.27,4843.86,0,44685.08,25309.64,56.64,Card Payment,Processing,6,Website Desktop,,0,0
JO-2023-11355,2023-12-24,20:39:00,December,Q4,Sunday,JMC000254,Lagos,Ikeja,Groceries,Tomato Paste 400g,Cadbury,4,22093.57,0,22093.57,19387.11,0,88374.28,10825.84,12.25,Card Payment,Delivered,1,Agent Network,3.4,0,0
JO-2023-11502,2023-12-24,15:22:00,December,Q4,Sunday,JMC001293,Abuja,Garki,Computing,Laptop Bag 15inch,Microsoft,1,529743.71,20,423794.97,341705.88,0,423794.97,82089.09,19.37,Card Payment,Processing,2,Mobile App,,0,0
JO-2023-12062,2023-12-24,18:19:00,December,Q4,Sunday,JMC001146,Niger,Suleja,Home & Kitchen,Non-stick Frying Pan,Philips,1,125873.12,0,125873.12,94895.75,0,125873.12,30977.37,24.61,Jumia Pay Wallet,Delivered,2,Mobile App,3.7,0,0
JO-2023-12404,2023-12-24,20:38:00,December,Q4,Sunday,JMC001312,Abuja,Kubwa,Fashion,Men's Jeans,Ankara Palace,1,30738.24,25,23053.68,12462.82,0,23053.68,10590.86,45.94,Bank Transfer,Processing,6,Mobile App,,0,0
JO-2023-12651,2023-12-24,12:13:00,December,Q4,Sunday,JMC000305,Oyo,Oyo,Sports & Outdoor,Running Shoes,Under Armour,3,51898.26,30,36328.78,25353.86,0,108986.34,32924.76,30.21,Bank Transfer,Delivered,4,Mobile App,2.9,0,0
JO-2023-12697,2023-12-24,15:45:00,December,Q4,Sunday,JMC000764,Rivers,Obio-Akpor,Groceries,Groundnut Oil 5L,Dangote,5,12330.09,0,12330.09,10700.05,0,61650.45,8150.2,13.22,Cash on Delivery,Delivered,2,WhatsApp Store,4.9,0,0
JO-2023-12995,2023-12-24,14:19:00,December,Q4,Sunday,JMC001316,Oyo,Ibadan North,Beauty & Health,Manicure Kit,Dove,1,24732.48,0,24732.48,11646.52,0,24732.48,13085.96,52.91,Card Payment,Delivered,2,Mobile App,3.2,0,0
JO-2023-10299,2023-12-25,23:15:00,December,Q4,Monday,JMC000026,Imo,Okigwe,Groceries,Tin Tomato Carton,Dangote,1,5050.46,0,5050.46,4149.96,1000,5050.46,900.5,17.83,Card Payment,Processing,1,Mobile App,,0,0
JO-2023-10786,2023-12-25,16:16:00,December,Q4,Monday,JMC000518,Kano,Tarauni,Fashion,Wristwatch Classic,H&M,5,68209.51,40,40925.71,25693.16,0,204628.55,76162.75,37.22,Jumia Pay Wallet,Delivered,6,Mobile App,3.4,0,0
JO-2023-11096,2023-12-25,11:01:00,December,Q4,Monday,JMC001463,Abuja,Asokoro,Beauty & Health,Face Mask Set,Black Seed,4,20819.37,0,20819.37,9878.79,0,83277.48,43762.32,52.55,Card Payment,Delivered,5,Mobile App,4.1,0,0
JO-2023-11527,2023-12-25,12:33:00,December,Q4,Monday,JMC001527,Kaduna,Chikun,Beauty & Health,Perfume Floral 100ml,Nivea,4,28384.18,0,28384.18,15716.32,0,113536.72,50671.44,44.63,Card Payment,Cancelled,1,Website Desktop,,0,0
JO-2023-12957,2023-12-25,12:54:00,December,Q4,Monday,JMC000659,Abuja,Kubwa,Fashion,Baseball Cap,Zara,1,78928.61,0,78928.61,40174.66,0,78928.61,38753.95,49.1,Jumia Pay Wallet,Shipped,5,Agent Network,,0,0
JO-2023-10176,2023-12-26,16:47:00,December,Q4,Tuesday,JMC000047,Kwara,Ilorin,Electronics,Power Bank 20000mAh,Sony,2,10791.03,0,10791.03,8408.37,0,21582.06,4765.32,22.08,Jumia Pay Wallet,Delivered,5,Website Desktop,3.3,0,0
JO-2023-10833,2023-12-26,13:38:00,December,Q4,Tuesday,JMC000097,Lagos,Ikeja,Electronics,Phone Charger USB-C,Samsung,4,387916.29,0,387916.29,331901.18,0,1551665.16,224060.44,14.44,Card Payment,Delivered,7,Website Desktop,4.8,0,0
JO-2023-11356,2023-12-26,10:43:00,December,Q4,Tuesday,JMC000373,Rivers,Eleme,Groceries,Honey Natural 500g,Dangote,1,15186.97,0,15186.97,13900.63,,15186.97,1286.34,8.47,Card Payment,Shipped,1,Website Desktop,,0,0
JO-2023-11618,2023-12-26,23:01:00,December,Q4,Tuesday,JMC000771,Nasarawa,Akwanga,Groceries,Sugar 1kg,Unilever,1,20704.05,10,18633.65,16617.49,0,18633.65,2016.16,10.82,Jumia Pay Wallet,Delivered,8,Mobile App,3.8,0,0
JO-2023-11708,2023-12-26,14:31:00,December,Q4,Tuesday,JMC000719,Kaduna,Kaduna South,Computing,Mechanical Keyboard,HP,1,275542.49,0,275542.49,230463.74,0,275542.49,45078.75,16.36,Jumia Pay Wallet,Delivered,1,Mobile App,4.6,0,0
JO-2023-12147,2023-12-26,23:08:00,December,Q4,Tuesday,JMC001131,Enugu,Enugu South,Electronics,Table Lamp LED,Lenovo,3,48212.15,0,48212.15,39562.89,0,144636.45,25947.78,17.94,Jumia Pay Wallet,Delivered,6,USSD,3.4,0,0
JO-2023-12336,2023-12-26,23:04:00,December,Q4,Tuesday,JMC001173,Ondo,Ondo City,Beauty & Health,Face Mask Set,Black Seed,1,28975.68,0,28975.68,12746.4,0,28975.68,16229.28,56.01,Card Payment,Delivered,2,Mobile App,2.7,0,0
JO-2023-10058,2023-12-27,08:34:00,December,Q4,Wednesday,JMC001464,Cross River,Calabar,Beauty & Health,Sunscreen SPF50,Nivea,1,15713.17,0,15713.17,7265.77,0,15713.17,8447.4,53.76,Bank Transfer,Delivered,1,Website Desktop,4.5,0,0
JO-2023-10393,2023-12-27,08:29:00,December,Q4,Wednesday,JMC001410,Kano,Kano City,Home & Kitchen,Blender 1.5L,Bosch,1,78594.86,0,78594.86,58372.4,0,78594.86,20222.46,25.73,Card Payment,Delivered,4,WhatsApp Store,4.3,0,0
JO-2023-10506,2023-12-27,11:11:00,December,Q4,Wednesday,JMC001043,Edo,Benin City,Books & Education,Python Programming Basics,Amazon KDP,2,2208.08,0,2208.08,1601.08,2000,4416.16,1214.0,27.49,Card Payment,Cancelled,5,Mobile App,,0,0
JO-2023-11216,2023-12-27,19:18:00,December,Q4,Wednesday,JMC000155,Lagos,Victoria Island,Home & Kitchen,Kitchen Towel Set,Nasco,1,124895.67,0,124895.67,77322.91,0,124895.67,47572.76,38.09,Bank Transfer,Delivered,1,Agent Network,3.2,0,0
JO-2023-11645,2023-12-27,07:53:00,December,Q4,Wednesday,JMC001400,Lagos,Surulere,Home & Kitchen,Air Fryer 4L,Bosch,1,111919.14,0,111919.14,73620.41,0,111919.14,38298.73,34.22,Bank Transfer,Delivered,4,Mobile App,3.2,0,0
JO-2023-11665,2023-12-27,10:04:00,December,Q4,Wednesday,JMC000140,Imo,Okigwe,Fashion,Women's Heels,Nike,2,37208.76,,29767.01,15401.45,0,59534.02,28731.12,48.26,Jumia Pay Wallet,Delivered,4,Mobile App,3.5,0,0
JO-2023-12474,2023-12-27,15:59:00,December,Q4,Wednesday,JMC000869,Oyo,Ogbomoso,Groceries,Spaghetti 500g,Dangote,1,20466.83,25,15350.12,14091.41,0,15350.12,1258.71,8.2,Jumia Pay Wallet,Delivered,1,Mobile App,2.9,0,0
JO-2023-12707,2023-12-27,11:50:00,December,Q4,Wednesday,JMC000470,Nasarawa,Lafia,Electronics,Power Bank 20000mAh,JBL,2,388495.75,0,388495.75,293702.79,0,776991.5,189585.92,24.4,Jumia Pay Wallet,Delivered,7,Mobile App,4.7,0,0
JO-2023-12959,2023-12-27,23:14:00,December,Q4,Wednesday,JMC000281,Oyo,Ogbomoso,Fashion,Men's Polo Shirt,Lagos Styles,1,49835.75,0,49835.75,25954.46,0,49835.75,23881.29,47.92,Card Payment,Returned,6,Mobile App,,1,0
JO-2023-12968,2023-12-27,23:52:00,December,Q4,Wednesday,JMC000256,Oyo,Ibadan North,Fashion,Women's Heels,Zara,1,5977.94,0,5977.94,3340.47,1500,5977.94,2637.47,44.12,Jumia Pay Wallet,Delivered,1,Agent Network,2.7,0,0
JO-2023-10514,2023-12-28,17:59:00,December,Q4,Thursday,JMC000833,Lagos,Ikorodu,Home & Kitchen,Storage Containers,Bosch,1,176578.68,15,150091.88,93237.08,0,150091.88,56854.8,37.88,Jumia Pay Wallet,Cancelled,1,Website Desktop,,0,0
JO-2023-10590,2023-12-28,07:43:00,December,Q4,Thursday,JMC000287,Lagos,Ikeja,Computing,Laptop Stand Aluminium,HP,3,302735.29,0,302735.29,264953.93,0,908205.87,113344.08,12.48,Bank Transfer,Delivered,4,Mobile App,3.9,0,0
JO-2023-10808,2023-12-28,19:36:00,December,Q4,Thursday,JMC001378,Abuja,Gwarinpa,Fashion,Men's Polo Shirt,Ankara Palace,1,44253.8,0,44253.8,20215.14,0,44253.8,24038.66,54.32,Jumia Pay Wallet,Delivered,4,Mobile App,4.1,0,0
JO-2023-10832,2023-12-28,07:46:00,December,Q4,Thursday,JMC000069,Enugu,Enugu South,Computing,Wireless Mouse,Dell,1,382366.97,0,382366.97,328644.41,,382366.97,53722.56,14.05,Jumia Pay Wallet,Shipped,1,Mobile App,,0,0
JO-2023-10874,2023-12-28,18:50:00,December,Q4,Thursday,JMC000896,Lagos,Victoria Island,Fashion,Handbag Brown,Adidas,2,67791.84,0,67791.84,40376.82,0,135583.68,54830.04,40.44,Bank Transfer,Cancelled,7,USSD,,0,0
JO-2023-10999,2023-12-28,19:01:00,December,Q4,Thursday,JMC001076,Kaduna,Kaduna South,Books & Education,Finance Fundamentals,Amazon KDP,2,11152.28,0,11152.28,7324.82,0,22304.56,7654.92,34.32,Card Payment,Delivered,1,Website Desktop,3.7,0,0
JO-2023-12250,2023-12-28,13:10:00,December,Q4,Thursday,JMC000764,Abuja,Wuse,Fashion,Sunglasses UV400,Lagos Styles,1,77155.45,5,73297.68,38921.07,0,73297.68,34376.61,46.9,Jumia Pay Wallet,Delivered,5,Mobile App,3.3,0,0
JO-2023-12348,2023-12-28,14:31:00,December,Q4,Thursday,JMC000577,Delta,Ethiope East,Fashion,Men's Polo Shirt,Ankara Palace,1,55044.18,30,38530.93,24397.78,0,38530.93,14133.15,36.68,Card Payment,Delivered,7,Website Desktop,4.1,0,0
JO-2023-12898,2023-12-28,13:41:00,December,Q4,Thursday,JMC000961,Enugu,Enugu South,Electronics,Electric Kettle,HP,4,30652.68,15,26054.78,20103.87,0,104219.12,23803.64,22.84,Bank Transfer,Delivered,7,WhatsApp Store,2.7,0,0
JO-2023-12940,2023-12-28,10:34:00,December,Q4,Thursday,JMC001135,Lagos,Surulere,Groceries,Honey Natural 500g,PZ Cussons,1,9729.82,0,9729.82,8920.3,700,9729.82,809.52,8.32,Bank Transfer,Delivered,8,Website Desktop,3.8,0,0
JO-2023-12999,2023-12-28,18:21:00,December,Q4,Thursday,JMC000134,Ondo,Akure,Sports & Outdoor,Yoga Mat 6mm,Spalding,2,58728.18,25,44046.14,30369.81,0,88092.28,27352.66,31.05,Cash on Delivery,Processing,3,Mobile App,,0,0
JO-2023-10259,2023-12-29,18:25:00,December,Q4,Friday,JMC000752,Rivers,Oyigbo,Electronics,Wireless Earbuds,Sony,1,413751.82,0,413751.82,312010.25,0,413751.82,101741.57,24.59,Card Payment,Processing,4,Website Desktop,,0,0
JO-2023-10675,2023-12-29,08:22:00,December,Q4,Friday,JMC000240,Kano,Kano City,Fashion,Sunglasses UV400,Ankara Palace,2,55380.77,0,55380.77,31716.57,0,110761.54,47328.4,42.73,Bank Transfer,Processing,2,WhatsApp Store,,0,0
JO-2023-11297,2023-12-29,16:52:00,December,Q4,Friday,JMC000843,Abuja,Maitama,Electronics,Extension Socket,Tecno,1,270626.07,0,270626.07,224159.57,0,270626.07,46466.5,17.17,Bank Transfer,Delivered,8,Mobile App,3.0,0,0
JO-2023-11782,2023-12-29,20:45:00,December,Q4,Friday,JMC000782,Lagos,Lagos Island,Electronics,Wireless Earbuds,HP,2,374870.42,0,374870.42,300796.03,0,749740.84,148148.78,19.76,Cash on Delivery,Delivered,8,Mobile App,4.4,0,0
JO-2023-11873,2023-12-29,16:16:00,December,Q4,Friday,JMC001127,Rivers,Oyigbo,Electronics,Smart TV 43inch,Tecno,1,131610.51,0,131610.51,95417.62,0,131610.51,36192.89,27.5,Bank Transfer,Shipped,5,Website Desktop,,0,0
JO-2023-12231,2023-12-29,09:37:00,December,Q4,Friday,JMC001016,Delta,Warri,Home & Kitchen,Dish Rack,Nexus,1,13486.59,0,13486.59,9824.98,0,13486.59,3661.61,27.15,Card Payment,Delivered,3,Mobile App,4.9,0,0
JO-2023-12407,2023-12-29,07:35:00,December,Q4,Friday,JMC000256,Lagos,Lagos Island,Electronics,Wireless Earbuds,Infinix,3,375288.31,0,375288.31,326388.24,0,1125864.93,146700.21,13.03,Card Payment,Shipped,3,Website Desktop,,0,0
JO-2023-12844,2023-12-29,13:25:00,December,Q4,Friday,JMC000915,Lagos,Yaba,Electronics,Smart Watch,Infinix,1,313059.74,0,313059.74,248819.88,0,313059.74,64239.86,20.52,Bank Transfer,Delivered,7,Mobile App,2.7,0,0
JO-2023-10039,2023-12-30,21:11:00,December,Q4,Saturday,JMC001368,Kano,Nassarawa,Sports & Outdoor,Yoga Mat 6mm,Decathlon,1,29321.74,0,29321.74,18543.07,0,29321.74,10778.67,36.76,Card Payment,Delivered,4,Mobile App,3.2,0,0
JO-2023-10537,2023-12-30,16:16:00,December,Q4,Saturday,JMC000086,Delta,Ethiope East,Home & Kitchen,Blender 1.5L,Binatone,1,46544.54,20,37235.63,23864.32,0,37235.63,13371.31,35.91,Card Payment,Delivered,8,Mobile App,4.8,0,0
JO-2023-10620,2023-12-30,18:19:00,December,Q4,Saturday,JMC000383,Ogun,Sagamu,Fashion,Sneakers Size 42,Nike,2,28150.92,0,28150.92,17915.25,0,56301.84,20471.34,36.36,Card Payment,Delivered,6,Mobile App,3.7,0,0
JO-2023-10884,2023-12-30,14:56:00,December,Q4,Saturday,JMC000882,Benue,Makurdi,Home & Kitchen,Pressure Cooker 5L,Scanfrost,2,54996.49,20,43997.19,27445.45,0,87994.38,33103.48,37.62,Bank Transfer,Processing,7,Mobile App,,0,0
JO-2023-10887,2023-12-30,14:27:00,December,Q4,Saturday,JMC001326,Enugu,Enugu South,Fashion,Sneakers Size 42,H&M,1,45728.13,5,43441.72,29605.53,0,43441.72,13836.19,31.85,Bank Transfer,Delivered,6,Mobile App,3.2,0,0
JO-2023-11764,2023-12-30,08:29:00,December,Q4,Saturday,JMC000417,Abuja,Wuse,Beauty & Health,Manicure Kit,Neutrogena,4,8119.19,0,8119.19,3609.79,0,32476.76,18037.6,55.54,Jumia Pay Wallet,Delivered,8,Mobile App,4.4,0,0
JO-2023-11911,2023-12-30,10:59:00,December,Q4,Saturday,JMC000325,Abuja,Maitama,Home & Kitchen,Blender 1.5L,Scanfrost,1,96702.35,0,96702.35,73551.81,0,96702.35,23150.54,23.94,Card Payment,Delivered,1,Mobile App,2.6,0,0
JO-2023-11999,2023-12-30,19:46:00,December,Q4,Saturday,JMC000416,Oyo,Ogbomoso,Fashion,Women's Ankara Gown,Zara,1,7001.24,0,7001.24,3579.03,700,7001.24,3422.21,48.88,Card Payment,Delivered,5,Website Desktop,4.8,0,0
JO-2023-12015,2023-12-30,22:52:00,December,Q4,Saturday,JMC000957,Lagos,Ikorodu,Fashion,Women's Ankara Gown,Ankara Palace,2,66658.67,0,66658.67,34829.16,0,133317.34,63659.02,47.75,Jumia Pay Wallet,Shipped,7,Mobile App,,0,0
JO-2023-12291,2023-12-30,07:59:00,December,Q4,Saturday,JMC000898,Oyo,Ibadan South,Beauty & Health,Hair Relaxer Kit,Dove,1,20868.73,40,12521.24,7602.9,0,12521.24,4918.34,39.28,Cash on Delivery,Delivered,7,Mobile App,4.2,0,0
JO-2023-12323,2023-12-30,21:50:00,December,Q4,Saturday,JMC001121,Abuja,Garki,Electronics,Wireless Earbuds,Sony,4,373759.8,40,224255.88,166509.99,0,897023.52,230983.56,25.75,Jumia Pay Wallet,Returned,3,Mobile App,,1,0
JO-2023-10505,2023-12-31,09:31:00,December,Q4,Sunday,JMC000494,Kano,Kano City,Groceries,Tomato Paste 400g,Nestle,2,2334.92,0,2334.92,2139.72,1000,4669.84,390.4,8.36,Bank Transfer,Returned,6,Website Desktop,,1,0
JO-2023-11051,2023-12-31,18:31:00,December,Q4,Sunday,JMC000869,Lagos,Surulere,Beauty & Health,Perfume Floral 100ml,Olay,1,34023.77,0,34023.77,13796.64,0,34023.77,20227.13,59.45,USSD Payment,Returned,1,Mobile App,,1,0
JO-2023-11145,2023-12-31,14:10:00,December,Q4,Sunday,JMC000833,Lagos,Ikorodu,Groceries,Honey Natural 500g,Unilever,3,2953.03,0,2953.03,2578.88,1000,8859.09,1122.45,12.67,Cash on Delivery,Delivered,8,Agent Network,3.6,0,0
JO-2023-11465,2023-12-31,17:48:00,December,Q4,Sunday,JMC000890,Ogun,Sagamu,Groceries,Rice 5kg Bag,Nestle,1,5085.95,0,5085.95,4306.78,1200,5085.95,779.17,15.32,Card Payment,Delivered,5,Website Desktop,3.1,0,0
JO-2023-11860,2023-12-31,13:37:00,December,Q4,Sunday,JMC000289,Lagos,Yaba,Electronics,Smart TV 43inch,Infinix,1,186171.55,0,186171.55,135719.06,0,186171.55,50452.49,27.1,Card Payment,Cancelled,3,Mobile App,,0,0
JO-2023-12629,2023-12-31,09:02:00,December,Q4,Sunday,JMC000641,Imo,Mbaitoli,Home & Kitchen,Storage Containers,Nasco,1,94692.33,30,66284.63,43191.06,0,66284.63,23093.57,34.84,Card Payment,Delivered,5,Mobile App,4.4,0,0
JO-2023-12769,2023-12-31,08:20:00,December,Q4,Sunday,JMC001491,Kaduna,Kaduna North,Fashion,Leather Belt,Nike,3,3137.98,50,1568.99,1048.87,1500,4706.97,1560.36,33.15,Cash on Delivery,Delivered,5,Agent Network,3.8,0,0
