order_id,order_date,year,quarter,month,month_num,plant_name,plant_region,distribution_center,destination_state,customer_type,product_type,quantity_bags,quantity_tonnes,unit_price_per_tonne,revenue_ngn,production_cost_ngn,logistics_cost_ngn,gross_profit_ngn,gross_margin_pct,distance_km,transport_mode,planned_lead_days,actual_lead_days,delay_days,on_time_delivery,delivery_status,disruption_type,inventory_level_tonnes,quality_score,customer_rating,payment_terms,payment_status
DCP-2022-030676,2022-01-02,2022,Q1,January,1,Ibese Plant (Ogun),Southwest,Abuja DC,Imo,Contractor,Dangote Falcon,4624,231.2,44092.55,10194197.12,6388902.85,1205708.0,2599586.27,25.5,298,Road (Truck),14,22,8,0,Delivered,Truck Breakdown,43499.0,94.2,4.6,30-Day Credit,Paid
DCP-2022-030945,2022-01-02,2022,Q1,January,1,Benue Plant (Benue),North Central,Kano DC,Imo,Retailer,Dangote 3X (42.5R),399,19.95,36338.32,724949.51,412519.25,314212.5,-1782.24,-0.25,900,Road (Truck),1,10,9,0,Delivered,Road Damage,54246.0,99.6,3.3,Letter of Credit,Paid
DCP-2022-030964,2022-01-02,2022,Q1,January,1,Benue Plant (Benue),North Central,Benin DC,Nassarawa,Contractor,Dangote 3X (42.5R),555,27.75,38277.49,1062200.43,704311.38,65184.75,292704.3,27.56,261,Rail,14,24,10,0,Delivered,Flooding,19894.0,86.2,3.7,Letter of Credit,Paid
DCP-2022-031031,2022-01-02,2022,Q1,January,1,Benue Plant (Benue),North Central,Kano DC,Lagos,Contractor,Dangote OPC (52.5R),4215,210.75,41824.01,8814409.75,5609672.22,1479465.0,1725272.53,19.57,780,Rail,13,20,7,0,Delayed,Truck Breakdown,68637.0,99.2,4.5,Cash & Carry,Paid
DCP-2022-030114,2022-01-03,2022,Q1,January,1,Ibese Plant (Ogun),Southwest,Port Harcourt DC,Benue,Contractor,Dangote 3X (42.5N),1225,61.25,38249.09,2342756.99,1502342.43,856428.12,-16013.56,-0.68,799,Road (Truck),8,8,0,1,Delivered,None,44159.0,99.5,3.6,30-Day Credit,Paid
DCP-2022-030195,2022-01-03,2022,Q1,January,1,Obajana Plant (Kogi),North Central,Kano DC,Katsina,Government,Dangote 3X (42.5R),29532,1476.6,36559.6,53983904.4,33094399.18,33515128.5,-12625623.28,-23.39,1297,Road (Truck),7,14,7,0,In Transit,Security Incident,46680.0,95.7,4.2,Advance Payment,Pending
DCP-2022-030453,2022-01-03,2022,Q1,January,1,Benue Plant (Benue),North Central,Ibadan DC,Ekiti,Contractor,Dangote 3X (42.5R),6799,339.95,38203.48,12987272.83,8307663.96,2264067.0,2415541.87,18.6,740,Rail,2,2,0,1,Delivered,None,38206.0,89.5,3.6,Cash & Carry,Paid
DCP-2022-030512,2022-01-03,2022,Q1,January,1,Gboko Plant (Benue),North Central,Port Harcourt DC,Kwara,Contractor,Dangote 3X (42.5N),9010,450.5,34133.13,15376976.45,10091069.6,9988711.25,-4702804.4,-30.58,1267,Road (Truck),6,21,15,0,Delivered,Road Damage,55306.0,98.9,3.5,Letter of Credit,Pending
DCP-2022-030552,2022-01-03,2022,Q1,January,1,Benue Plant (Benue),North Central,Lagos DC,Kano,Retailer,Dangote 3X (42.5R),422,21.1,37737.89,796269.47,475066.5,254930.2,66272.77,8.32,1726,River Barge,4,9,5,0,Delivered,Fuel Shortage,34878.0,89.8,4.6,Cash & Carry,Paid
DCP-2022-031034,2022-01-03,2022,Q1,January,1,Obajana Plant (Kogi),North Central,Kano DC,Edo,Retailer,Dangote OPC (52.5R),389,19.45,46951.21,913201.08,527619.58,121173.5,264408.0,28.95,445,Road (Articulated),9,14,5,0,Delayed,Fuel Shortage,29014.0,97.4,4.9,Cash & Carry,Paid
DCP-2022-031085,2022-01-03,2022,Q1,January,1,Ibese Plant (Ogun),Southwest,Onitsha DC,Zamfara,Contractor,Dangote 3X (42.5R),1646,82.3,35684.93,2936869.33,2034854.17,1140678.0,-238662.84,-8.13,990,Road (Articulated),5,5,0,1,In Transit,None,79711.0,86.1,4.9,Cash & Carry,Paid
DCP-2022-031090,2022-01-03,2022,Q1,January,1,Benue Plant (Benue),North Central,Onitsha DC,Delta,Export,Dangote BLC,60178,3008.9,33659.79,101278945.91,69261334.94,57816013.5,-25798402.53,-25.47,1098,Road (Truck),13,13,0,1,Delivered,None,82473.0,99.7,3.8,30-Day Credit,Paid
DCP-2022-031149,2022-01-03,2022,Q1,January,1,Gboko Plant (Benue),North Central,Enugu DC,Lagos,Contractor,Dangote 3X (42.5R),9413,470.65,36235.08,17054042.17,10037768.64,1499020.25,5517253.28,32.35,182,Road (Truck),8,21,13,0,Delayed,Road Damage,58787.0,88.5,3.4,30-Day Credit,Pending
DCP-2022-030241,2022-01-04,2022,Q1,January,1,Obajana Plant (Kogi),North Central,Enugu DC,Niger,Retailer,Dangote 3X (42.5N),301,15.05,33750.05,507938.18,294531.48,152968.2,60438.5,11.9,726,Road (Articulated),11,11,0,1,Delivered,None,7845.0,87.0,3.3,30-Day Credit,Pending
DCP-2022-030408,2022-01-04,2022,Q1,January,1,Ibese Plant (Ogun),Southwest,Ibadan DC,Kogi,Retailer,Dangote 3X (42.5R),201,10.05,37564.32,377521.38,219328.95,301098.0,-142905.57,-37.85,1712,Road (Truck),8,16,8,0,Delivered,Fuel Shortage,33299.0,91.5,3.7,Letter of Credit,Paid
DCP-2022-030623,2022-01-04,2022,Q1,January,1,Gboko Plant (Benue),North Central,Abuja DC,Kebbi,Government,Dangote BLC,34367,1718.35,33119.4,56910726.84,33359492.57,34521651.5,-10970417.23,-19.28,1148,Road (Truck),11,16,5,0,Delivered,Truck Breakdown,34944.0,90.8,4.7,60-Day Credit,Paid
DCP-2022-031017,2022-01-04,2022,Q1,January,1,Ibese Plant (Ogun),Southwest,Kaduna DC,Sokoto,Retailer,Dangote Falcon,179,8.95,43629.79,390486.62,230467.42,134854.12,25165.08,6.44,861,Road (Truck),7,13,6,0,Delivered,Flooding,63475.0,98.3,,30-Day Credit,Paid
DCP-2022-030044,2022-01-05,2022,Q1,January,1,Dangote Cement Senegal,West Africa,Lagos DC,Akwa Ibom,Retailer,Dangote BLC,264,13.2,37256.44,491784.95,335336.34,61894.8,94553.81,19.23,521,Rail,6,6,0,1,Delivered,None,25050.0,96.3,4.5,60-Day Credit,Paid
DCP-2022-030211,2022-01-05,2022,Q1,January,1,Ibese Plant (Ogun),Southwest,Abuja DC,Ekiti,Wholesaler,Dangote 3X (42.5R),1879,93.95,36854.39,3462469.59,2374937.67,1331741.25,-244209.33,-7.05,810,Road (Truck),13,13,0,1,Delivered,None,65046.0,87.2,3.5,30-Day Credit,Paid
DCP-2022-030364,2022-01-05,2022,Q1,January,1,Benue Plant (Benue),North Central,Enugu DC,Niger,Wholesaler,Dangote OPC (52.5R),3587,179.35,43319.72,7769391.02,5301594.53,3612557.37,-1144760.88,-14.73,1151,Road (Truck),10,10,0,1,Delivered,None,78772.0,87.3,4.9,Cash & Carry,Paid
DCP-2022-030332,2022-01-06,2022,Q1,January,1,Dangote Cement Senegal,West Africa,Abuja DC,Oyo,Wholesaler,Dangote Falcon,3390,169.5,44475.72,7538634.81,4225024.98,4757865.0,-1444255.17,-19.16,1604,Road (Truck),11,11,0,1,Delivered,None,83219.0,99.7,4.6,Letter of Credit,Overdue
DCP-2022-030863,2022-01-06,2022,Q1,January,1,Ibese Plant (Ogun),Southwest,Lagos DC,Kogi,Wholesaler,Dangote 3X (42.5N),3444,172.2,33975.49,5850579.3,3906337.38,3428157.6,-1483915.68,-25.36,1422,Road (Articulated),13,13,0,1,In Transit,None,5856.0,97.8,3.3,30-Day Credit,Paid
DCP-2022-030212,2022-01-07,2022,Q1,January,1,Obajana Plant (Kogi),North Central,Port Harcourt DC,Plateau,Contractor,Dangote 3X (42.5R),7457,372.85,41006.78,15289376.17,8926864.02,4058472.25,2304039.9,15.07,1555,River Barge,9,13,4,0,Delivered,Fuel Shortage,59515.0,89.7,3.6,30-Day Credit,Paid
DCP-2022-030413,2022-01-07,2022,Q1,January,1,Dangote Cement Senegal,West Africa,Kano DC,Niger,Retailer,Dangote 3X (42.5R),424,21.2,39695.15,841537.28,538505.22,300881.0,2151.06,0.26,811,Road (Truck),5,5,0,1,Delivered,None,75976.0,87.0,4.5,Cash & Carry,Paid
DCP-2022-030232,2022-01-08,2022,Q1,January,1,Gboko Plant (Benue),North Central,Kaduna DC,Kogi,Contractor,Dangote OPC (52.5R),3523,176.15,40945.6,7212567.39,5103667.11,2340328.9,-231428.62,-3.21,949,Road (Articulated),8,22,14,0,Delivered,Fuel Shortage,24743.0,91.1,3.1,60-Day Credit,Paid
DCP-2022-030482,2022-01-08,2022,Q1,January,1,Ibese Plant (Ogun),Southwest,Lagos DC,Oyo,Wholesaler,Dangote 3X (42.5R),3692,184.6,35225.81,6502685.29,3963019.08,3594900.4,-1055234.19,-16.23,1391,Road (Articulated),5,5,0,1,Delivered,None,57607.0,94.8,3.2,Advance Payment,Paid
DCP-2022-030519,2022-01-08,2022,Q1,January,1,Benue Plant (Benue),North Central,Kaduna DC,Enugu,Contractor,Dangote 3X (42.5R),1207,60.35,39976.29,2412569.04,1532607.09,1628544.75,-748582.8,-31.03,1542,Road (Truck),3,3,0,1,Delivered,None,20895.0,92.6,,60-Day Credit,Pending
DCP-2022-030290,2022-01-09,2022,Q1,January,1,Benue Plant (Benue),North Central,Enugu DC,Abuja,Contractor,Dangote BLC,2477,123.85,37182.47,4605048.63,3000650.93,2796780.7,-1192383.0,-25.89,1613,Road (Articulated),3,4,1,0,Delayed,Fuel Shortage,14488.0,86.9,4.4,60-Day Credit,Paid
DCP-2022-030758,2022-01-09,2022,Q1,January,1,Obajana Plant (Kogi),North Central,Port Harcourt DC,Kaduna,Wholesaler,Dangote 3X (42.5R),2356,117.8,40645.83,4788078.37,3080880.15,2381032.5,-673834.28,-14.07,1155,Road (Truck),5,8,3,0,Delivered,Truck Breakdown,7163.0,99.1,4.8,60-Day Credit,Paid
DCP-2022-030865,2022-01-09,2022,Q1,January,1,Obajana Plant (Kogi),North Central,Benin DC,Bayelsa,Wholesaler,Dangote OPC (52.5R),1438,71.9,41412.12,2977531.09,1664023.81,1024215.5,289291.78,9.72,814,Road (Truck),14,21,7,0,Delayed,Strike Action,25715.0,98.2,3.9,60-Day Credit,Paid
DCP-2022-030677,2022-01-10,2022,Q1,January,1,Dangote Cement Senegal,West Africa,Abuja DC,Oyo,Wholesaler,Dangote 3X (42.5R),2902,145.1,39916.53,5791887.79,3712122.64,2092342.0,-12576.85,-0.22,1030,Road (Articulated),13,14,1,0,Delivered,Road Damage,36142.0,96.4,3.2,30-Day Credit,Pending
DCP-2022-030026,2022-01-11,2022,Q1,January,1,Dangote Cement Senegal,West Africa,Kano DC,Kogi,Wholesaler,Dangote 3X (42.5N),1037,51.85,34852.91,1807123.53,1208801.28,1469947.5,-871625.25,-48.23,1620,Road (Truck),10,22,12,0,Delayed,Road Damage,67223.0,87.5,3.6,30-Day Credit,Overdue
DCP-2022-030140,2022-01-11,2022,Q1,January,1,Dangote Cement Senegal,West Africa,Benin DC,Lagos,Wholesaler,Dangote BLC,1750,87.5,34108.25,2984471.93,1731495.64,2073925.0,-820948.71,-27.51,1693,Road (Articulated),6,6,0,1,Delivered,None,61376.0,87.1,3.2,30-Day Credit,Paid
DCP-2022-031101,2022-01-11,2022,Q1,January,1,Ibese Plant (Ogun),Southwest,Maiduguri DC,Kano,Retailer,Dangote BLC,473,23.65,35656.53,843276.82,476796.98,154375.37,212104.47,25.15,373,Road (Truck),5,15,10,0,Delivered,Security Incident,15482.0,89.5,3.8,30-Day Credit,Pending
DCP-2022-030161,2022-01-12,2022,Q1,January,1,Dangote Cement Senegal,West Africa,Onitsha DC,Ondo,Wholesaler,Dangote 3X (42.5R),406,20.3,38853.15,788718.99,537206.32,471061.5,-219548.83,-27.84,1326,Road (Truck),1,12,11,0,Delayed,Fuel Shortage,8859.0,,3.9,Cash & Carry,Paid
DCP-2022-030279,2022-01-12,2022,Q1,January,1,Gboko Plant (Benue),North Central,Kaduna DC,Edo,Retailer,Dangote 3X (42.5N),77,3.85,36033.56,138729.2,93699.17,6265.88,38764.15,27.94,93,Road (Truck),2,2,0,1,Delivered,None,71796.0,92.8,3.7,30-Day Credit,Paid
DCP-2022-030912,2022-01-12,2022,Q1,January,1,Dangote Cement Senegal,West Africa,Kaduna DC,Kebbi,Contractor,Dangote 3X (42.5N),7054,352.7,35099.15,12379468.77,8400078.0,6912920.0,-2933529.23,-23.7,1400,Road (Articulated),11,26,15,0,Delivered,Customs Delay,18896.0,92.6,4.5,Cash & Carry,Paid
DCP-2022-030928,2022-01-12,2022,Q1,January,1,Dangote Cement Senegal,West Africa,Abuja DC,Plateau,Retailer,Dangote 3X (42.5N),389,19.45,38371.14,746318.59,428093.44,361478.25,-43253.1,-5.8,1062,Road (Truck),8,18,10,0,In Transit,Truck Breakdown,80606.0,93.7,,60-Day Credit,Paid
DCP-2022-030986,2022-01-12,2022,Q1,January,1,Benue Plant (Benue),North Central,Benin DC,Bayelsa,Contractor,Dangote 3X (42.5N),2170,108.5,34372.13,3729376.5,2517076.45,1729761.25,-517461.2,-13.88,911,Road (Truck),14,14,0,1,Delivered,None,27497.0,86.2,3.0,30-Day Credit,Paid
DCP-2022-031108,2022-01-12,2022,Q1,January,1,Obajana Plant (Kogi),North Central,Lagos DC,Cross River,Wholesaler,Dangote OPC (52.5R),2857,142.85,42209.43,6029617.55,4087465.99,2411879.4,-469727.84,-7.79,1206,Road (Articulated),3,15,12,0,In Transit,Strike Action,21574.0,88.9,3.7,60-Day Credit,Paid
DCP-2022-030936,2022-01-13,2022,Q1,January,1,Obajana Plant (Kogi),North Central,Maiduguri DC,Oyo,Wholesaler,Dangote 3X (42.5R),156,7.8,39332.61,306794.32,210385.26,51214.8,45194.26,14.73,469,Road (Articulated),5,5,0,1,Delivered,None,23790.0,93.4,3.8,30-Day Credit,Paid
DCP-2022-031140,2022-01-13,2022,Q1,January,1,Gboko Plant (Benue),North Central,Lagos DC,Akwa Ibom,Wholesaler,Dangote 3X (42.5R),2483,124.15,37640.17,4673026.59,3278736.0,3580486.0,-2186195.41,-46.78,1648,Road (Truck),8,12,4,0,In Transit,Road Damage,81272.0,87.1,4.9,Letter of Credit,Pending
DCP-2022-030231,2022-01-14,2022,Q1,January,1,Dangote Cement Senegal,West Africa,Maiduguri DC,Benue,Retailer,Dangote 3X (42.5R),323,16.15,36371.67,587402.47,391711.83,221860.62,-26169.98,-4.46,785,Road (Truck),13,13,0,1,Delivered,None,53377.0,95.7,3.7,Letter of Credit,Paid
DCP-2022-030713,2022-01-14,2022,Q1,January,1,Benue Plant (Benue),North Central,Kano DC,Edo,Retailer,Dangote Falcon,174,8.7,44840.66,390113.72,277750.73,246949.5,-134586.51,-34.5,1622,Road (Truck),6,6,0,1,Delivered,None,45726.0,87.8,4.1,30-Day Credit,Pending
DCP-2022-030953,2022-01-14,2022,Q1,January,1,Benue Plant (Benue),North Central,Port Harcourt DC,Ogun,Contractor,Dangote 3X (42.5R),7799,389.95,37296.39,14543725.88,8650719.49,9451413.12,-3558406.73,-24.47,1385,Road (Truck),11,19,8,0,In Transit,Truck Breakdown,9896.0,86.5,3.6,Advance Payment,Paid
DCP-2022-031047,2022-01-14,2022,Q1,January,1,Ibese Plant (Ogun),Southwest,Kano DC,Kogi,Retailer,Dangote 3X (42.5N),433,21.65,33789.72,731547.51,503402.52,488597.2,-260452.21,-35.6,1612,Road (Articulated),6,20,14,0,Delayed,Flooding,48372.0,94.6,3.1,Letter of Credit,Paid
DCP-2022-030583,2022-01-15,2022,Q1,January,1,Dangote Cement Senegal,West Africa,Benin DC,Kano,Contractor,Dangote Falcon,2384,119.2,44858.34,5347113.55,3351886.21,1235865.6,759361.74,14.2,1152,Rail,5,5,0,1,Delivered,,75077.0,99.2,3.3,30-Day Credit,Paid
DCP-2022-030783,2022-01-15,2022,Q1,January,1,Benue Plant (Benue),North Central,Kano DC,Kogi,Government,Dangote 3X (42.5R),25217,1260.85,37418.97,47179713.77,29006761.19,5595652.3,12577300.28,26.66,317,Road (Articulated),3,9,6,0,Delayed,Truck Breakdown,9335.0,90.9,3.7,30-Day Credit,Paid
DCP-2022-031060,2022-01-15,2022,Q1,January,1,Ibese Plant (Ogun),Southwest,Kaduna DC,Ebonyi,Retailer,Dangote OPC (52.5R),487,24.35,44528.97,1084280.45,715394.84,,226218.96,20.86,837,River Barge,3,3,0,1,In Transit,None,38249.0,91.8,3.2,60-Day Credit,Overdue
DCP-2022-030735,2022-01-16,2022,Q1,January,1,Obajana Plant (Kogi),North Central,Kano DC,Benue,Government,Dangote OPC (52.5R),12528,626.4,42892.13,26867627.52,16487856.49,6182568.0,4197203.03,15.62,564,Road (Truck),9,9,0,1,Delivered,None,20689.0,90.3,4.6,Cash & Carry,Paid
DCP-2022-030789,2022-01-16,2022,Q1,January,1,Ibese Plant (Ogun),Southwest,Onitsha DC,Zamfara,Retailer,Dangote BLC,96,4.8,37227.34,178691.23,109022.58,3240.0,66428.65,37.18,75,Rail,1,3,2,0,In Transit,Truck Breakdown,35962.0,88.7,,Cash & Carry,Paid
DCP-2022-030217,2022-01-17,2022,Q1,January,1,Dangote Cement Senegal,West Africa,Kaduna DC,Edo,Retailer,Dangote OPC (52.5R),329,16.45,42281.81,695535.73,425862.74,148543.5,121129.49,17.42,1290,River Barge,1,5,4,0,In Transit,Security Incident,79272.0,97.5,3.9,30-Day Credit,Paid
DCP-2022-030409,2022-01-17,2022,Q1,January,1,Ibese Plant (Ogun),Southwest,Port Harcourt DC,Katsina,Export,Dangote 3X (42.5R),39838,1991.9,37933.53,75559803.25,47923540.1,20162011.8,7474251.35,9.89,1446,River Barge,6,19,13,0,Delayed,,45149.0,98.9,4.7,30-Day Credit,Paid
DCP-2022-031083,2022-01-17,2022,Q1,January,1,Obajana Plant (Kogi),North Central,Maiduguri DC,Rivers,Wholesaler,Dangote 3X (42.5R),2491,124.55,40765.02,5077283.3,3456870.43,1259823.25,360589.62,7.1,578,Road (Truck),12,17,5,0,In Transit,Security Incident,76052.0,99.9,3.4,Cash & Carry,Paid
DCP-2022-030045,2022-01-18,2022,Q1,January,1,Dangote Cement Senegal,West Africa,Enugu DC,Cross River,Wholesaler,Dangote 3X (42.5R),2517,125.85,37486.26,4717645.67,2755742.5,3655942.5,-1694039.33,-35.91,1660,Road (Truck),6,6,0,1,In Transit,None,71438.0,88.9,4.6,30-Day Credit,Pending
DCP-2022-030144,2022-01-18,2022,Q1,January,1,Gboko Plant (Benue),North Central,Lagos DC,Niger,Wholesaler,Dangote 3X (42.5R),957,47.85,35994.24,1722324.37,1057210.65,1297093.88,-631980.16,-36.69,1549,Road (Truck),2,2,0,1,Damaged in Transit,None,76458.0,95.6,3.9,60-Day Credit,Paid
DCP-2022-030494,2022-01-18,2022,Q1,January,1,Benue Plant (Benue),North Central,Lagos DC,Bayelsa,Wholesaler,Dangote 3X (42.5R),698,34.9,40230.63,1404049.0,991491.54,558225.5,-145668.04,-10.37,914,Road (Truck),7,11,4,0,Delayed,Fuel Shortage,14522.0,98.5,4.8,30-Day Credit,Paid
DCP-2022-030965,2022-01-18,2022,Q1,January,1,Dangote Cement Senegal,West Africa,Port Harcourt DC,Ondo,Government,Dangote Falcon,23839,1191.95,45099.44,53756279.59,31149787.75,8197636.13,14408855.71,26.8,393,Road (Truck),2,2,0,1,Delivered,None,77469.0,97.1,3.7,Advance Payment,Paid
DCP-2022-031005,2022-01-18,2022,Q1,January,1,Gboko Plant (Benue),North Central,Kaduna DC,Zamfara,Wholesaler,Dangote 3X (42.5R),135,6.75,38966.0,263020.51,155661.02,6496.88,100862.61,38.35,55,Road (Truck),7,7,0,1,In Transit,None,39449.0,90.0,4.0,60-Day Credit,Paid
DCP-2022-030256,2022-01-19,2022,Q1,January,1,Dangote Cement Senegal,West Africa,Ibadan DC,Cross River,Contractor,Dangote 3X (42.5R),4467,223.35,37836.82,8450852.86,4890875.92,311573.25,3248403.69,38.44,155,Rail,5,15,10,0,Delivered,Truck Breakdown,43781.0,86.9,3.2,60-Day Credit,Paid
DCP-2022-030522,2022-01-19,2022,Q1,January,1,Dangote Cement Senegal,West Africa,Kaduna DC,Ekiti,Retailer,Dangote Falcon,117,5.85,46502.58,272040.08,179497.85,118427.4,-25885.17,-9.52,1446,Road (Articulated),4,4,0,1,Delayed,None,49129.0,96.1,3.5,30-Day Credit,Paid
DCP-2022-030602,2022-01-19,2022,Q1,January,1,Obajana Plant (Kogi),North Central,Abuja DC,Oyo,Wholesaler,Dangote 3X (42.5R),532,26.6,35506.88,944482.94,669039.27,363090.0,-87646.33,-9.28,780,Road (Truck),3,8,5,0,Delayed,Security Incident,34035.0,98.6,4.2,Letter of Credit,Paid
DCP-2022-031174,2022-01-19,2022,Q1,January,1,Obajana Plant (Kogi),North Central,Ibadan DC,Bayelsa,Retailer,Dangote 3X (42.5R),38,1.9,39049.14,74193.36,48391.43,52701.25,-26899.32,-36.26,1585,Road (Truck),9,18,9,0,Delivered,Truck Breakdown,60588.0,98.6,4.6,Cash & Carry,Paid
DCP-2022-030501,2022-01-20,2022,Q1,January,1,Benue Plant (Benue),North Central,Ibadan DC,Rivers,Retailer,Dangote 3X (42.5R),308,15.4,37080.12,571033.83,365563.52,90120.8,115349.51,20.2,418,Road (Articulated),14,14,0,1,Delivered,None,43805.0,97.0,3.8,30-Day Credit,Paid
DCP-2022-030662,2022-01-20,2022,Q1,January,1,Gboko Plant (Benue),North Central,Benin DC,Anambra,Wholesaler,Dangote BLC,3936,196.8,33127.38,6519468.78,4331170.01,974652.0,1213646.77,18.62,283,Road (Truck),8,14,6,0,Delayed,Flooding,83357.0,97.8,4.9,Cash & Carry,Paid
DCP-2022-030035,2022-01-21,2022,Q1,January,1,Benue Plant (Benue),North Central,Enugu DC,Rivers,Wholesaler,Dangote 3X (42.5R),848,42.4,39059.73,1656132.72,1153145.12,743187.2,-240199.6,-14.5,1252,Road (Articulated),13,18,5,0,In Transit,Fuel Shortage,66049.0,87.6,4.0,30-Day Credit,Paid
DCP-2022-030606,2022-01-21,2022,Q1,January,1,Gboko Plant (Benue),North Central,Benin DC,Edo,Wholesaler,Dangote 3X (42.5R),4616,230.8,40262.0,9292470.37,6574540.59,114707.6,2603222.18,28.01,71,River Barge,1,1,0,1,Delivered,None,42610.0,90.8,4.4,Cash & Carry,Paid
DCP-2022-030682,2022-01-21,2022,Q1,January,1,Gboko Plant (Benue),North Central,Kaduna DC,Oyo,Contractor,Dangote OPC (52.5R),4608,230.4,41443.72,9548632.42,5404846.26,5056128.0,-912341.84,-9.55,1254,Road (Truck),8,8,0,1,Delivered,None,37479.0,86.6,3.3,Advance Payment,Pending
DCP-2022-030743,2022-01-21,2022,Q1,January,1,Obajana Plant (Kogi),North Central,Kano DC,Anambra,Wholesaler,Dangote 3X (42.5N),1980,99.0,38709.9,3832280.21,2155148.65,925155.0,751976.56,19.62,534,Road (Truck),14,28,14,0,Delivered,Strike Action,31078.0,89.8,3.4,Cash & Carry,Paid
DCP-2022-030266,2022-01-22,2022,Q1,January,1,Benue Plant (Benue),North Central,Abuja DC,Kwara,Contractor,Dangote 3X (42.5N),8770,438.5,37539.97,16461278.81,11500234.85,1089672.5,3871371.46,23.52,355,River Barge,4,5,1,0,Delayed,,44112.0,85.3,4.8,30-Day Credit,Paid
DCP-2022-030305,2022-01-22,2022,Q1,January,1,Benue Plant (Benue),North Central,Lagos DC,Ogun,Government,Dangote 3X (42.5R),6500,325.0,36771.71,11950806.85,6702118.71,4017650.0,1231038.14,10.3,883,Road (Articulated),11,13,2,0,Delivered,Fuel Shortage,72185.0,97.6,3.5,30-Day Credit,Paid
DCP-2022-030631,2022-01-22,2022,Q1,January,1,Gboko Plant (Benue),North Central,Onitsha DC,Akwa Ibom,Government,Dangote 3X (42.5R),41964,2098.2,37037.23,77711518.64,51099874.76,57831637.5,-31219993.62,-40.17,1575,Road (Truck),13,27,14,0,Delayed,Road Damage,70975.0,90.9,4.6,Letter of Credit,Overdue
DCP-2022-030095,2022-01-23,2022,Q1,January,1,Benue Plant (Benue),North Central,Benin DC,Kogi,Retailer,Dangote BLC,396,19.8,32516.09,643818.51,409251.15,222453.0,12114.36,1.88,642,Road (Truck),12,22,10,0,In Transit,Road Damage,58803.0,89.8,3.6,Cash & Carry,Paid
DCP-2022-030455,2022-01-23,2022,Q1,January,1,Obajana Plant (Kogi),North Central,Lagos DC,Abuja,Wholesaler,Dangote OPC (52.5R),2797,139.85,46053.06,6440520.43,3957858.23,3622115.0,-1139452.8,-17.69,1480,Road (Truck),3,5,2,0,Delivered,Road Damage,73952.0,96.3,4.8,Advance Payment,Paid
DCP-2022-030268,2022-01-24,2022,Q1,January,1,Dangote Cement Senegal,West Africa,Kano DC,Niger,Wholesaler,Dangote 3X (42.5R),2343,117.15,37484.14,4391266.8,2934992.24,2425297.88,-969023.32,-22.07,1183,Road (Truck),4,5,1,0,Delivered,,68284.0,94.5,3.8,Cash & Carry,Pending
DCP-2022-030803,2022-01-24,2022,Q1,January,1,Gboko Plant (Benue),North Central,Kaduna DC,Imo,Retailer,Dangote BLC,11,0.55,32992.6,18145.93,12585.58,7709.63,-2149.28,-11.84,801,Road (Truck),1,2,1,0,Delayed,Fuel Shortage,8982.0,94.5,3.4,60-Day Credit,Paid
DCP-2022-030977,2022-01-24,2022,Q1,January,1,Benue Plant (Benue),North Central,Lagos DC,Akwa Ibom,Retailer,Dangote 3X (42.5N),246,12.3,33797.67,415711.31,256907.77,,-28248.71,-6.8,869,Road (Truck),11,25,14,0,Delayed,Truck Breakdown,42920.0,91.5,3.3,Cash & Carry,Pending
DCP-2022-031064,2022-01-24,2022,Q1,January,1,Obajana Plant (Kogi),North Central,Port Harcourt DC,Akwa Ibom,Government,Dangote 3X (42.5R),36885,1844.25,40874.64,75383056.0,50981687.96,23721665.62,679702.42,0.9,735,Road (Truck),12,16,4,0,Delayed,Fuel Shortage,67544.0,89.1,3.6,60-Day Credit,Pending
DCP-2022-031163,2022-01-24,2022,Q1,January,1,Obajana Plant (Kogi),North Central,Lagos DC,Nassarawa,Wholesaler,Dangote OPC (52.5R),2205,110.25,41182.05,4540321.12,2536042.67,1574370.0,429908.45,9.47,1020,Road (Articulated),8,8,0,1,Delivered,None,49850.0,,3.1,60-Day Credit,Paid
DCP-2022-031166,2022-01-24,2022,Q1,January,1,Ibese Plant (Ogun),Southwest,Kano DC,Kwara,Contractor,Dangote OPC (52.5R),4929,246.45,47248.36,11644358.34,7002071.79,7167998.25,-2525711.7,-21.69,1662,Road (Truck),7,7,0,1,Delivered,None,63202.0,85.0,4.9,Cash & Carry,Pending
DCP-2022-030288,2022-01-25,2022,Q1,January,1,Gboko Plant (Benue),North Central,Ibadan DC,Sokoto,Retailer,Dangote 3X (42.5N),49,2.45,38056.02,93237.26,54185.03,5358.15,33694.08,36.14,243,Rail,3,3,0,1,In Transit,None,71146.0,,3.6,60-Day Credit,Paid
DCP-2022-030724,2022-01-25,2022,Q1,January,1,Ibese Plant (Ogun),Southwest,Maiduguri DC,Bayelsa,Government,Dangote OPC (52.5R),5377,268.85,42335.36,11381862.32,7028725.82,2717266.95,1635869.55,14.37,1123,Rail,5,5,0,1,Delivered,None,21213.0,88.5,4.9,Advance Payment,Paid
DCP-2022-030025,2022-01-26,2022,Q1,January,1,Gboko Plant (Benue),North Central,Kaduna DC,Niger,Wholesaler,Dangote 3X (42.5R),2777,138.85,40308.21,5596795.11,3342986.01,4259570.88,-2005761.78,-35.84,1753,Road (Truck),14,14,0,1,Delivered,None,48154.0,100.0,3.7,60-Day Credit,Pending
DCP-2022-030459,2022-01-26,2022,Q1,January,1,Benue Plant (Benue),North Central,Kaduna DC,Kwara,Wholesaler,Dangote 3X (42.5R),3398,169.9,36637.63,6224733.04,4066407.59,3306254.0,-1147928.55,-18.44,1112,Road (Truck),11,11,0,1,Delivered,None,13887.0,86.7,4.8,30-Day Credit,Paid
DCP-2022-030395,2022-01-27,2022,Q1,January,1,Obajana Plant (Kogi),North Central,Onitsha DC,Delta,Wholesaler,Dangote Falcon,3653,182.65,47954.83,8758950.35,5418978.46,380368.62,2959603.27,33.79,119,Road (Truck),7,7,0,1,Delivered,None,81364.0,94.8,3.8,60-Day Credit,Pending
DCP-2022-030481,2022-01-27,2022,Q1,January,1,Benue Plant (Benue),North Central,Kaduna DC,Bayelsa,Wholesaler,Dangote 3X (42.5N),3596,179.8,34255.01,6159050.06,3511020.28,3297532.0,-649502.22,-10.55,1310,Road (Articulated),6,6,0,1,Delivered,None,78445.0,88.6,3.2,Cash & Carry,Paid
DCP-2022-030622,2022-01-27,2022,Q1,January,1,Ibese Plant (Ogun),Southwest,Benin DC,Ogun,Wholesaler,Dangote Falcon,2005,100.25,50417.25,5054328.92,2898174.59,1235080.0,921074.33,18.22,704,Road (Truck),13,20,7,0,Delivered,Road Damage,66243.0,92.4,4.3,60-Day Credit,Paid
DCP-2022-031021,2022-01-27,2022,Q1,January,1,Gboko Plant (Benue),North Central,Kaduna DC,Plateau,Wholesaler,Dangote 3X (42.5R),3445,172.25,37513.59,6461716.63,3707227.44,3493660.63,-739171.44,-11.44,1159,Road (Truck),8,8,0,1,Delivered,None,56228.0,96.4,4.8,30-Day Credit,Paid
DCP-2022-031054,2022-01-27,2022,Q1,January,1,Obajana Plant (Kogi),North Central,Kano DC,Akwa Ibom,Wholesaler,Dangote BLC,2743,137.15,33311.33,4568649.15,2928861.4,2301719.88,-661932.13,-14.49,959,Road (Truck),11,25,14,0,Delayed,Truck Breakdown,47705.0,86.1,3.1,30-Day Credit,Pending
DCP-2022-031087,2022-01-27,2022,Q1,January,1,Benue Plant (Benue),North Central,Maiduguri DC,Edo,Retailer,Dangote 3X (42.5R),348,17.4,35363.89,615331.69,395742.87,522826.5,-303237.68,-49.28,1717,Road (Truck),3,6,3,0,Delayed,Customs Delay,44748.0,89.7,3.2,Cash & Carry,Paid
DCP-2022-030037,2022-01-28,2022,Q1,January,1,Ibese Plant (Ogun),Southwest,Onitsha DC,Nassarawa,Retailer,Dangote 3X (42.5N),265,13.25,38018.34,503743.07,294490.67,272221.25,-62968.85,-12.5,1174,Road (Truck),5,5,0,1,Delivered,None,14714.0,99.6,4.2,Cash & Carry,Paid
DCP-2022-030180,2022-01-28,2022,Q1,January,1,Ibese Plant (Ogun),Southwest,Ibadan DC,Zamfara,Wholesaler,Dangote BLC,1964,98.2,34482.74,3386205.42,2122105.69,1508843.0,-244743.27,-7.23,878,Road (Truck),1,1,0,1,Delivered,None,5472.0,95.8,3.1,60-Day Credit,Paid
DCP-2022-030183,2022-01-28,2022,Q1,January,1,Dangote Cement Senegal,West Africa,Benin DC,Delta,Retailer,Dangote OPC (52.5R),158,7.9,42244.84,333734.24,194754.29,171291.75,-32311.8,-9.68,1239,Road (Truck),6,6,0,1,Delivered,None,23763.0,89.3,3.1,Cash & Carry,Paid
DCP-2022-030234,2022-01-28,2022,Q1,January,1,Dangote Cement Senegal,West Africa,Kano DC,Kaduna,Contractor,Dangote 3X (42.5R),7600,380.0,38004.0,14441519.76,8384185.13,6639360.0,-582025.37,-4.03,1248,Road (Articulated),12,12,0,1,Delivered,None,30877.0,85.4,3.9,Letter of Credit,Pending
DCP-2022-030715,2022-01-28,2022,Q1,January,1,Obajana Plant (Kogi),North Central,Enugu DC,Kaduna,Contractor,Dangote 3X (42.5N),495,24.75,33857.35,837969.39,513341.12,268636.5,55991.77,6.68,1206,Rail,2,7,5,0,In Transit,Truck Breakdown,79797.0,95.7,3.9,Cash & Carry,Pending
DCP-2022-031013,2022-01-28,2022,Q1,January,1,Benue Plant (Benue),North Central,Benin DC,Ogun,Retailer,Dangote 3X (42.5N),319,15.95,39375.62,628041.09,349966.62,109975.25,168099.22,26.77,394,Road (Truck),11,21,10,0,In Transit,Fuel Shortage,12413.0,97.6,4.6,30-Day Credit,Overdue
DCP-2022-030092,2022-01-29,2022,Q1,January,1,Benue Plant (Benue),North Central,Kano DC,Sokoto,Retailer,Dangote 3X (42.5R),298,14.9,37771.26,562791.78,386736.78,399208.25,-223153.25,-39.65,1531,Road (Truck),5,17,12,0,Delivered,Flooding,10842.0,91.4,4.4,30-Day Credit,Paid
DCP-2022-030242,2022-01-29,2022,Q1,January,1,Dangote Cement Senegal,West Africa,Ibadan DC,Kebbi,Contractor,Dangote 3X (42.5N),5369,268.45,33689.32,9043896.78,5861870.43,2739800.7,442225.65,4.89,729,Road (Articulated),13,13,0,1,Delayed,None,27437.0,85.5,5.0,30-Day Credit,Pending
DCP-2022-030429,2022-01-29,2022,Q1,January,1,Ibese Plant (Ogun),Southwest,Kaduna DC,Ondo,Contractor,Dangote 3X (42.5N),9363,468.15,34030.9,15931566.75,10637706.6,8413825.88,-3119965.73,-19.58,1027,Road (Truck),11,11,0,1,Delivered,None,9374.0,90.6,3.8,Cash & Carry,Paid
DCP-2022-031023,2022-01-29,2022,Q1,January,1,Benue Plant (Benue),North Central,Ibadan DC,Cross River,Contractor,Dangote 3X (42.5R),3702,185.1,39894.83,7384533.95,4933218.88,1677561.3,773753.77,10.48,1007,Rail,6,8,2,0,In Transit,Fuel Shortage,63827.0,96.4,4.9,30-Day Credit,Paid
DCP-2022-030012,2022-01-30,2022,Q1,January,1,Dangote Cement Senegal,West Africa,Abuja DC,Ebonyi,Wholesaler,Dangote 3X (42.5R),4974,248.7,40199.86,9997705.37,6184998.88,5292336.0,-1479629.51,-14.8,1216,Road (Truck),10,10,0,1,Delivered,None,57590.0,93.5,3.6,Cash & Carry,Paid
DCP-2022-030218,2022-01-30,2022,Q1,January,1,Dangote Cement Senegal,West Africa,Ibadan DC,Sokoto,Wholesaler,Dangote BLC,676,33.8,32636.44,1103111.61,647198.9,658339.5,-202426.79,-18.35,1113,Road (Truck),12,12,0,1,Delivered,None,20450.0,94.9,4.1,Advance Payment,Paid
DCP-2022-030366,2022-01-30,2022,Q1,January,1,Gboko Plant (Benue),North Central,Onitsha DC,Lagos,Wholesaler,Dangote 3X (42.5R),3465,173.25,40976.74,7099219.92,4060423.0,2746878.75,291918.17,4.11,906,Road (Truck),2,2,0,1,In Transit,None,21518.0,98.1,3.6,Letter of Credit,Paid
DCP-2022-030314,2022-01-31,2022,Q1,January,1,Obajana Plant (Kogi),North Central,Enugu DC,Akwa Ibom,Wholesaler,Dangote Falcon,3002,150.1,50303.7,7550585.52,5394332.14,1339642.5,816610.88,10.82,1275,River Barge,13,13,0,1,Delivered,None,54573.0,89.5,3.8,30-Day Credit,Overdue
DCP-2022-031154,2022-01-31,2022,Q1,January,1,Gboko Plant (Benue),North Central,Enugu DC,Ogun,Contractor,Dangote 3X (42.5N),9869,493.45,38939.28,19214588.77,10976473.31,4960159.4,3277956.06,17.06,1436,River Barge,7,7,0,1,Delivered,None,12997.0,87.6,4.5,Cash & Carry,Paid
DCP-2022-030084,2022-02-01,2022,Q1,February,2,Ibese Plant (Ogun),Southwest,Onitsha DC,Kwara,Retailer,Dangote 3X (42.5N),349,17.45,35780.66,624372.46,444950.63,242101.3,-62679.47,-10.04,991,Road (Articulated),6,6,0,1,Delivered,None,74412.0,95.2,4.6,Cash & Carry,Paid
DCP-2022-030352,2022-02-01,2022,Q1,February,2,Benue Plant (Benue),North Central,Lagos DC,Abuja,Retailer,Dangote 3X (42.5R),231,11.55,39079.59,451369.29,291166.53,105590.1,54612.66,12.1,653,Road (Articulated),7,7,0,1,Delivered,None,23649.0,94.0,4.3,Cash & Carry,Paid
DCP-2022-030771,2022-02-01,2022,Q1,February,2,Obajana Plant (Kogi),North Central,Ibadan DC,Zamfara,Wholesaler,Dangote 3X (42.5R),3985,199.25,39012.83,7773306.56,5370560.47,1166011.0,1236735.09,15.91,418,Road (Articulated),7,12,5,0,In Transit,Road Damage,12320.0,94.7,3.2,Cash & Carry,Pending
DCP-2022-030962,2022-02-01,2022,Q1,February,2,Ibese Plant (Ogun),Southwest,Enugu DC,Rivers,Contractor,Dangote 3X (42.5R),9211,460.55,39209.2,18057794.93,10604029.27,10380797.0,-2927031.34,-16.21,1288,Road (Truck),8,21,13,0,Delivered,Fuel Shortage,48273.0,86.3,4.8,Cash & Carry,Paid
DCP-2022-030047,2022-02-02,2022,Q1,February,2,Benue Plant (Benue),North Central,Ibadan DC,Delta,Retailer,Dangote 3X (42.5R),81,4.05,35186.25,142504.31,102504.44,20341.12,19658.75,13.8,287,Road (Truck),9,9,0,1,Delivered,None,58639.0,96.1,4.9,30-Day Credit,Pending
DCP-2022-030834,2022-02-02,2022,Q1,February,2,Benue Plant (Benue),North Central,Port Harcourt DC,Abia,Wholesaler,Dangote 3X (42.5R),747,37.35,36696.15,1370601.14,758986.04,772846.2,-161231.1,-11.76,1478,Road (Articulated),10,10,0,1,Delivered,None,54466.0,99.1,4.0,Letter of Credit,Paid
DCP-2022-030540,2022-02-03,2022,Q1,February,2,Obajana Plant (Kogi),North Central,Port Harcourt DC,Kebbi,Retailer,Dangote OPC (52.5R),135,6.75,43603.32,294322.4,173979.92,38934.0,81408.48,27.66,412,Road (Articulated),9,22,13,0,Delayed,Road Damage,31501.0,98.8,,30-Day Credit,Overdue
DCP-2022-030559,2022-02-05,2022,Q1,February,2,Gboko Plant (Benue),North Central,Enugu DC,Akwa Ibom,Wholesaler,Dangote 3X (42.5R),1810,90.5,35952.8,3253728.09,2337708.03,667709.0,248311.06,7.63,527,Road (Articulated),4,5,1,0,Delivered,Truck Breakdown,76910.0,91.6,4.7,30-Day Credit,Paid
DCP-2022-030921,2022-02-05,2022,Q1,February,2,Benue Plant (Benue),North Central,Lagos DC,Kaduna,Wholesaler,Dangote 3X (42.5N),2106,105.3,39322.18,4140625.79,2379199.26,376658.1,1384768.43,33.44,511,River Barge,5,20,15,0,Damaged in Transit,Flooding,19693.0,87.2,4.3,Cash & Carry,Paid
DCP-2022-030980,2022-02-05,2022,Q1,February,2,Benue Plant (Benue),North Central,Enugu DC,Ebonyi,Wholesaler,Dangote 3X (42.5N),4291,214.55,33695.47,7229363.79,4082510.31,6694496.38,-3547642.9,-49.07,1783,Road (Truck),10,13,3,0,Delivered,Road Damage,19620.0,98.2,3.6,Cash & Carry,Paid
DCP-2022-030057,2022-02-06,2022,Q1,February,2,Benue Plant (Benue),North Central,Lagos DC,Kano,Wholesaler,Dangote BLC,737,36.85,35424.25,1305383.66,845207.13,498469.95,-38293.42,-2.93,1503,Rail,5,5,0,1,Delivered,None,30981.0,97.0,4.2,Letter of Credit,Overdue
DCP-2022-030253,2022-02-06,2022,Q1,February,2,Obajana Plant (Kogi),North Central,Kano DC,Cross River,Government,Dangote 3X (42.5N),44117,2205.85,39362.87,86828589.06,49005429.24,42153793.5,-4330633.68,-4.99,1365,Road (Articulated),14,14,0,1,Delivered,None,53354.0,91.4,3.4,30-Day Credit,Paid
DCP-2022-030641,2022-02-06,2022,Q1,February,2,Ibese Plant (Ogun),Southwest,Kano DC,Ebonyi,Retailer,Dangote OPC (52.5R),450,22.5,43842.93,986465.84,708556.1,40095.0,237814.74,24.11,198,Rail,4,11,7,0,Delayed,Road Damage,33938.0,88.4,3.5,Cash & Carry,Paid
DCP-2022-031022,2022-02-06,2022,Q1,February,2,Gboko Plant (Benue),North Central,Port Harcourt DC,Edo,Wholesaler,Dangote 3X (42.5R),3714,185.7,39373.08,7311581.15,5203591.68,2976771.0,-868781.53,-11.88,916,Road (Truck),2,2,0,1,Delivered,None,47125.0,93.6,3.7,Cash & Carry,Paid
DCP-2022-030059,2022-02-08,2022,Q1,February,2,Ibese Plant (Ogun),Southwest,Benin DC,Kaduna,Contractor,Dangote 3X (42.5N),9694,484.7,38977.06,18892181.4,12203661.57,9167615.8,-2479095.97,-13.12,1351,Road (Articulated),6,17,11,0,Delivered,Strike Action,40181.0,92.0,4.3,60-Day Credit,Paid
DCP-2022-030400,2022-02-08,2022,Q1,February,2,Dangote Cement Senegal,West Africa,Ibadan DC,Benue,Retailer,Dangote 3X (42.5R),472,23.6,37732.89,890496.25,632791.87,592655.0,-334950.62,-37.61,1435,Road (Truck),12,12,0,1,Delivered,None,55365.0,89.0,4.3,30-Day Credit,Pending
DCP-2022-030073,2022-02-09,2022,Q1,February,2,Dangote Cement Senegal,West Africa,Kano DC,Sokoto,Retailer,Dangote 3X (42.5N),170,8.5,35037.73,297820.72,169545.25,231455.0,-103179.53,-34.64,1556,Road (Truck),9,9,0,1,Delivered,None,25942.0,88.9,3.9,Advance Payment,Paid
DCP-2022-030659,2022-02-09,2022,Q1,February,2,Dangote Cement Senegal,West Africa,Ibadan DC,Nassarawa,Contractor,Dangote 3X (42.5N),9237,461.85,39034.43,18028049.98,12577574.4,8332928.62,-2882453.04,-15.99,1031,Road (Truck),6,6,0,1,In Transit,None,18276.0,99.9,,60-Day Credit,Paid
DCP-2022-030821,2022-02-09,2022,Q1,February,2,Gboko Plant (Benue),North Central,Benin DC,Kaduna,Government,Dangote 3X (42.5N),46541,2327.05,33586.41,78157252.27,48897990.92,7688573.2,21570688.15,27.6,236,Road (Articulated),14,14,0,1,Delivered,None,49058.0,87.7,3.9,Advance Payment,Paid
DCP-2022-030763,2022-02-10,2022,Q1,February,2,Obajana Plant (Kogi),North Central,Ibadan DC,Nassarawa,Export,Dangote 3X (42.5N),41116,2055.8,34745.05,71428869.81,44150535.31,4072539.8,23205794.7,32.49,283,River Barge,1,1,0,1,Delivered,None,32915.0,97.9,4.4,30-Day Credit,Pending
DCP-2022-030359,2022-02-11,2022,Q1,February,2,Benue Plant (Benue),North Central,Maiduguri DC,Oyo,Wholesaler,Dangote OPC (52.5R),3279,163.95,45021.3,7381242.76,4698581.36,3072832.88,-390171.48,-5.29,1071,Road (Truck),3,3,0,1,Delivered,None,60561.0,95.7,4.0,Cash & Carry,Paid
DCP-2022-030480,2022-02-11,2022,Q1,February,2,Dangote Cement Senegal,West Africa,Benin DC,Ekiti,Wholesaler,Dangote 3X (42.5R),441,22.05,37979.31,837443.74,492661.17,295966.12,48816.45,5.83,767,Road (Truck),5,20,15,0,Damaged in Transit,Truck Breakdown,6715.0,85.8,4.5,Letter of Credit,Paid
DCP-2022-030903,2022-02-11,2022,Q1,February,2,Benue Plant (Benue),North Central,Lagos DC,Akwa Ibom,Wholesaler,Dangote 3X (42.5N),4856,242.8,38928.88,9451932.03,5620663.8,2457621.6,1373646.63,14.53,723,Road (Articulated),13,13,0,1,In Transit,None,39036.0,96.4,3.3,Advance Payment,Overdue
DCP-2022-031159,2022-02-11,2022,Q1,February,2,Gboko Plant (Benue),North Central,Port Harcourt DC,Ogun,Wholesaler,Dangote 3X (42.5R),2703,135.15,39877.9,5389497.68,3126926.6,300843.9,1961727.18,36.4,318,River Barge,7,16,9,0,Delivered,Truck Breakdown,44549.0,94.2,4.8,60-Day Credit,Paid
DCP-2022-030529,2022-02-12,2022,Q1,February,2,Gboko Plant (Benue),North Central,Abuja DC,Delta,Government,Dangote 3X (42.5R),1801,90.05,35742.74,3218633.4,2047646.2,2292898.12,-1121910.92,-34.86,1455,Road (Truck),8,19,11,0,Delivered,Fuel Shortage,66709.0,89.5,3.5,30-Day Credit,Paid
DCP-2022-030699,2022-02-12,2022,Q1,February,2,Gboko Plant (Benue),North Central,Kano DC,Imo,Contractor,Dangote 3X (42.5R),9798,489.9,39142.77,19176045.43,12114132.64,14565951.75,-7504038.96,-39.13,1699,Road (Truck),13,24,11,0,Delivered,Strike Action,67997.0,96.2,4.2,60-Day Credit,Overdue
DCP-2022-030929,2022-02-12,2022,Q1,February,2,Dangote Cement Senegal,West Africa,Kaduna DC,Katsina,Export,Dangote 3X (42.5R),55922,2796.1,35268.03,98612927.95,69682960.83,67369233.4,-38439266.28,-38.98,1721,Road (Articulated),10,10,0,1,Delivered,None,24923.0,86.8,3.2,Letter of Credit,Overdue
DCP-2022-030061,2022-02-13,2022,Q1,February,2,Dangote Cement Senegal,West Africa,Kano DC,Ogun,Wholesaler,Dangote Falcon,3686,184.3,47181.0,8695457.47,5683932.9,2564073.75,447450.82,5.15,795,Road (Truck),5,5,0,1,Delivered,None,59312.0,85.8,4.3,Cash & Carry,Paid
DCP-2022-030111,2022-02-13,2022,Q1,February,2,Obajana Plant (Kogi),North Central,Port Harcourt DC,Edo,Contractor,Dangote 3X (42.5N),2925,146.25,33838.69,4948908.81,3549423.69,1891451.25,-491966.13,-9.94,1437,Rail,13,13,0,1,Delivered,None,13476.0,86.5,3.4,60-Day Credit,Paid
DCP-2022-030300,2022-02-13,2022,Q1,February,2,Obajana Plant (Kogi),North Central,Ibadan DC,Osun,Wholesaler,Dangote 3X (42.5N),261,13.05,33798.29,441067.62,291907.61,107466.75,41693.26,9.45,915,Rail,7,7,0,1,Delivered,None,52039.0,99.8,3.8,30-Day Credit,Paid
DCP-2022-031028,2022-02-13,2022,Q1,February,2,Gboko Plant (Benue),North Central,Ibadan DC,Bayelsa,Wholesaler,Dangote 3X (42.5R),3286,164.3,40589.96,6668931.06,4034791.77,1795141.8,838997.49,12.58,1214,Rail,10,10,0,1,Delivered,None,22691.0,85.4,4.4,30-Day Credit,Paid
DCP-2022-031067,2022-02-13,2022,Q1,February,2,Gboko Plant (Benue),North Central,Abuja DC,Oyo,Wholesaler,Dangote 3X (42.5N),3648,182.4,35989.31,6564449.84,4314958.92,5388096.0,-3138605.08,-47.81,1688,Road (Truck),13,13,0,1,Delivered,None,12785.0,94.2,3.8,30-Day Credit,Paid
DCP-2022-030608,2022-02-14,2022,Q1,February,2,Obajana Plant (Kogi),North Central,Lagos DC,Cross River,Wholesaler,Dangote BLC,2894,144.7,35657.78,5159680.73,2974872.97,2698365.6,-513557.84,-9.95,1332,Road (Articulated),8,14,6,0,Delayed,Road Damage,13467.0,,4.4,Cash & Carry,Pending
DCP-2022-030798,2022-02-14,2022,Q1,February,2,Obajana Plant (Kogi),North Central,Port Harcourt DC,Abuja,Wholesaler,Dangote 3X (42.5N),3761,188.05,34167.34,6425167.92,4204630.82,4149793.38,-1929256.28,-30.03,1261,Road (Truck),10,10,0,1,Delivered,None,6204.0,96.6,4.5,30-Day Credit,Paid
DCP-2022-030159,2022-02-15,2022,Q1,February,2,Ibese Plant (Ogun),Southwest,Maiduguri DC,Kano,Retailer,Dangote 3X (42.5N),216,10.8,36368.02,392774.59,216337.79,216027.0,-39590.2,-10.08,1143,Road (Truck),6,21,15,0,Delivered,Security Incident,71658.0,87.9,4.4,30-Day Credit,Paid
DCP-2022-031025,2022-02-15,2022,Q1,February,2,Dangote Cement Senegal,West Africa,Ibadan DC,Kogi,Government,Dangote 3X (42.5R),43099,2154.95,36088.5,77768913.56,43110472.73,29679048.87,4979391.96,6.4,787,Road (Truck),4,4,0,1,In Transit,None,16493.0,95.6,4.4,Cash & Carry,Paid
DCP-2022-031136,2022-02-15,2022,Q1,February,2,Obajana Plant (Kogi),North Central,Enugu DC,Edo,Retailer,Dangote OPC (52.5R),118,5.9,45701.44,269638.5,148684.7,134741.25,-13787.45,-5.11,1305,Road (Truck),4,14,10,0,In Transit,Road Damage,83299.0,86.4,4.2,Cash & Carry,Paid
DCP-2022-030275,2022-02-16,2022,Q1,February,2,Obajana Plant (Kogi),North Central,Benin DC,Edo,Wholesaler,Dangote BLC,3862,193.1,36384.81,7025905.94,3893407.82,3315044.25,-182546.13,-2.6,981,Road (Truck),3,10,7,0,Delivered,Strike Action,74724.0,94.4,4.4,Cash & Carry,Paid
DCP-2022-030292,2022-02-16,2022,Q1,February,2,Ibese Plant (Ogun),Southwest,Ibadan DC,Kebbi,Wholesaler,Dangote BLC,1415,70.75,36572.49,2587503.81,1692751.7,690237.0,204515.11,7.9,1084,Rail,2,15,13,0,Delivered,Flooding,22360.0,87.9,3.6,Advance Payment,Paid
DCP-2022-030579,2022-02-16,2022,Q1,February,2,Dangote Cement Senegal,West Africa,Kaduna DC,Ebonyi,Wholesaler,Dangote 3X (42.5N),2886,144.3,35897.06,5179945.67,3660221.69,529292.4,990431.58,19.12,262,Road (Articulated),12,27,15,0,Delayed,Flooding,54074.0,99.6,3.6,Cash & Carry,Pending
DCP-2022-030589,2022-02-16,2022,Q1,February,2,Gboko Plant (Benue),North Central,Onitsha DC,Kebbi,Retailer,Dangote 3X (42.5N),282,14.1,38000.43,535806.11,353280.41,154959.0,27566.7,5.14,628,Road (Truck),8,13,5,0,Delayed,Truck Breakdown,39106.0,91.5,3.2,Cash & Carry,Paid
DCP-2022-030653,2022-02-16,2022,Q1,February,2,Ibese Plant (Ogun),Southwest,Abuja DC,Rivers,Contractor,Dangote 3X (42.5R),1020,51.0,38153.54,1945830.72,1154606.73,316837.5,474386.49,24.38,355,Road (Truck),14,14,0,1,In Transit,None,19882.0,91.1,3.3,Cash & Carry,Pending
DCP-2022-030762,2022-02-16,2022,Q1,February,2,Benue Plant (Benue),North Central,Kano DC,Kano,Retailer,Dangote 3X (42.5R),288,14.4,35552.36,511954.04,344826.5,201600.0,-34472.46,-6.73,800,Road (Truck),3,17,14,0,Delayed,Road Damage,82936.0,95.6,3.9,Cash & Carry,Paid
DCP-2022-031046,2022-02-16,2022,Q1,February,2,Benue Plant (Benue),North Central,Onitsha DC,Sokoto,Wholesaler,Dangote BLC,1301,65.05,36810.64,2394532.18,1651483.44,1369465.12,-626416.38,-26.16,1203,Road (Truck),10,10,0,1,Delivered,None,79685.0,98.9,3.5,30-Day Credit,Paid
DCP-2022-030432,2022-02-17,2022,Q1,February,2,Ibese Plant (Ogun),Southwest,Port Harcourt DC,Anambra,Contractor,Dangote OPC (52.5R),2507,125.35,41613.77,5216286.2,3723507.42,1942674.3,-449895.52,-8.62,1107,Road (Articulated),10,25,15,0,Delayed,Fuel Shortage,40798.0,87.0,3.6,30-Day Credit,Overdue
DCP-2022-030666,2022-02-17,2022,Q1,February,2,Ibese Plant (Ogun),Southwest,Lagos DC,Lagos,Retailer,Dangote 3X (42.5R),26,1.3,40940.9,53223.17,32591.23,26462.8,-5830.86,-10.96,1454,Road (Articulated),12,12,0,1,Delivered,None,8234.0,98.4,3.7,Cash & Carry,Paid
DCP-2022-031178,2022-02-17,2022,Q1,February,2,Benue Plant (Benue),North Central,Kaduna DC,Sokoto,Wholesaler,Dangote 3X (42.5R),1789,89.45,38739.94,3465287.3,2019079.48,1452668.0,-6460.18,-0.19,928,Road (Truck),8,10,2,0,Delivered,Fuel Shortage,23109.0,89.4,3.0,Advance Payment,Paid
DCP-2022-030221,2022-02-18,2022,Q1,February,2,Obajana Plant (Kogi),North Central,Benin DC,Nassarawa,Wholesaler,Dangote 3X (42.5R),2270,113.5,38499.51,4369694.01,2576410.94,3398473.75,-1605190.68,-36.73,1711,Road (Truck),10,10,0,1,In Transit,None,63741.0,95.9,4.6,Cash & Carry,Pending
DCP-2022-030374,2022-02-18,2022,Q1,February,2,Dangote Cement Senegal,West Africa,Enugu DC,Delta,Contractor,Dangote 3X (42.5R),2377,118.85,38822.95,4614107.49,3231141.33,1166393.9,216572.26,4.69,701,Road (Articulated),11,11,0,1,Delivered,None,53683.0,93.8,3.8,30-Day Credit,Paid
DCP-2022-030960,2022-02-18,2022,Q1,February,2,Gboko Plant (Benue),North Central,Kano DC,Edo,Retailer,Dangote BLC,263,13.15,32539.08,427888.9,275082.25,45104.5,107702.15,25.17,196,Road (Truck),13,13,0,1,Delivered,,84823.0,91.0,3.4,Letter of Credit,Paid
DCP-2022-031062,2022-02-18,2022,Q1,February,2,Benue Plant (Benue),North Central,Benin DC,Rivers,Wholesaler,Dangote 3X (42.5N),1326,66.3,35192.3,2333249.26,1443378.13,708912.75,180958.38,7.76,611,Road (Truck),10,10,0,1,Delivered,None,73668.0,85.9,3.6,30-Day Credit,Paid
DCP-2022-031179,2022-02-18,2022,Q1,February,2,Dangote Cement Senegal,West Africa,Onitsha DC,Abia,Contractor,Dangote BLC,3960,198.0,32543.45,6443603.71,4281971.78,1916145.0,245486.93,3.81,553,Road (Truck),4,4,0,1,Delivered,None,6153.0,98.4,3.2,60-Day Credit,Paid
DCP-2022-030079,2022-02-19,2022,Q1,February,2,Obajana Plant (Kogi),North Central,Ibadan DC,Plateau,Government,Dangote 3X (42.5R),28402,1420.1,40221.07,57117940.95,32965559.22,14314608.0,9837773.73,17.22,720,Road (Articulated),12,12,0,1,Delivered,None,44861.0,92.7,4.0,Cash & Carry,Paid
DCP-2022-030267,2022-02-19,2022,Q1,February,2,Benue Plant (Benue),North Central,Maiduguri DC,Ondo,Contractor,Dangote BLC,1247,62.35,32795.45,2044796.6,1297452.88,946098.9,-198755.18,-9.72,1686,Rail,2,9,7,0,Delivered,Truck Breakdown,71872.0,96.1,3.8,Cash & Carry,Paid
DCP-2022-030527,2022-02-19,2022,Q1,February,2,Benue Plant (Benue),North Central,Kano DC,Niger,Contractor,Dangote 3X (42.5R),2387,119.35,36948.84,4409844.05,2637717.71,1195528.95,576597.39,13.08,1431,River Barge,7,16,9,0,Delivered,Road Damage,44065.0,96.1,4.2,Cash & Carry,Paid
DCP-2022-030414,2022-02-20,2022,Q1,February,2,Obajana Plant (Kogi),North Central,Onitsha DC,Rivers,Wholesaler,Dangote Falcon,3984,199.2,44759.03,8915999.45,5996284.32,484554.0,2435161.13,27.31,139,Road (Truck),7,12,5,0,Delayed,Road Damage,65748.0,97.7,4.1,Cash & Carry,Paid
DCP-2022-030635,2022-02-20,2022,Q1,February,2,Benue Plant (Benue),North Central,Maiduguri DC,Rivers,Government,Dangote 3X (42.5N),45882,2294.1,33739.6,77402007.81,43079958.08,16829517.6,17492532.13,22.6,1048,River Barge,2,2,0,1,Delivered,None,11637.0,95.9,4.4,Advance Payment,Paid
DCP-2022-030952,2022-02-20,2022,Q1,February,2,Gboko Plant (Benue),North Central,Enugu DC,Benue,Wholesaler,Dangote OPC (52.5R),473,23.65,46197.17,1092563.1,686693.57,85258.25,320611.28,29.34,515,River Barge,1,1,0,1,Delivered,None,39811.0,96.1,5.0,60-Day Credit,Paid
DCP-2022-031059,2022-02-20,2022,Q1,February,2,Ibese Plant (Ogun),Southwest,Ibadan DC,Enugu,Wholesaler,Dangote 3X (42.5R),4028,201.4,40367.3,8129975.01,5446186.34,1612811.2,1070977.47,13.17,572,Road (Articulated),4,17,13,0,Delivered,Fuel Shortage,7066.0,99.9,4.2,60-Day Credit,Paid
DCP-2022-030765,2022-02-21,2022,Q1,February,2,Gboko Plant (Benue),North Central,Enugu DC,Delta,Retailer,Dangote 3X (42.5R),396,19.8,35668.2,706230.27,442084.85,186040.8,78104.62,11.06,1044,Rail,2,3,1,0,Delivered,Security Incident,57408.0,93.8,4.1,Advance Payment,Paid
DCP-2022-030899,2022-02-21,2022,Q1,February,2,Dangote Cement Senegal,West Africa,Maiduguri DC,Ebonyi,Wholesaler,Dangote OPC (52.5R),3580,179.0,41803.46,7482819.4,4470735.98,2603107.5,408975.92,5.47,831,Road (Truck),12,12,0,1,Delivered,None,79681.0,93.9,3.8,Advance Payment,Overdue
DCP-2022-031150,2022-02-21,2022,Q1,February,2,Obajana Plant (Kogi),North Central,Kano DC,Kogi,Contractor,Dangote 3X (42.5R),9638,481.9,41002.05,19758889.31,11427906.72,6603234.75,1727747.84,8.74,783,Road (Truck),8,11,3,0,In Transit,Flooding,72239.0,90.7,3.4,60-Day Credit,Paid
DCP-2022-030330,2022-02-22,2022,Q1,February,2,Dangote Cement Senegal,West Africa,Lagos DC,Sokoto,Wholesaler,Dangote BLC,1067,53.35,37301.52,1990036.11,1147644.93,241995.6,600395.58,30.17,648,River Barge,13,13,0,1,Delivered,None,12944.0,94.7,3.7,Cash & Carry,Pending
DCP-2022-030411,2022-02-22,2022,Q1,February,2,Dangote Cement Senegal,West Africa,Maiduguri DC,Ondo,Wholesaler,Dangote 3X (42.5N),4943,247.15,34448.56,8513961.71,4857031.27,3767183.88,-110253.44,-1.29,871,Road (Truck),4,11,7,0,Delivered,Security Incident,20971.0,98.0,3.8,30-Day Credit,Pending
DCP-2022-030717,2022-02-22,2022,Q1,February,2,Gboko Plant (Benue),North Central,Lagos DC,Imo,Retailer,Dangote 3X (42.5N),168,8.4,38207.02,320939.0,223265.03,47980.8,49693.17,15.48,408,Road (Articulated),2,2,0,1,Delivered,None,70549.0,89.4,3.3,Advance Payment,Paid
DCP-2022-031167,2022-02-22,2022,Q1,February,2,Gboko Plant (Benue),North Central,Kano DC,Abuja,Retailer,Dangote 3X (42.5N),67,3.35,39363.64,131868.21,89052.02,22230.6,20585.59,15.61,474,Road (Articulated),7,7,0,1,Delivered,None,25020.0,89.7,4.1,30-Day Credit,Paid
DCP-2022-030905,2022-02-23,2022,Q1,February,2,Benue Plant (Benue),North Central,Benin DC,Kebbi,Wholesaler,Dangote 3X (42.5R),2685,134.25,40197.57,5396524.28,3816335.54,2932020.0,-1351831.26,-25.05,1248,Road (Truck),14,16,2,0,In Transit,,57559.0,96.2,4.1,Cash & Carry,Pending
DCP-2022-030108,2022-02-24,2022,Q1,February,2,Ibese Plant (Ogun),Southwest,Ibadan DC,Lagos,Government,Dangote BLC,22772,1138.6,34327.38,39085159.14,27225694.42,18949150.5,-7089685.78,-18.14,951,Road (Truck),14,25,11,0,Returned,Flooding,15890.0,89.8,4.9,Cash & Carry,Paid
DCP-2022-030472,2022-02-24,2022,Q1,February,2,Benue Plant (Benue),North Central,Kaduna DC,Enugu,Retailer,Dangote 3X (42.5R),24,1.2,35690.37,42828.44,26391.01,25998.0,-9560.57,-22.32,1238,Road (Truck),11,22,11,0,In Transit,Fuel Shortage,8411.0,98.6,4.9,30-Day Credit,Pending
DCP-2022-030553,2022-02-24,2022,Q1,February,2,Obajana Plant (Kogi),North Central,Port Harcourt DC,Ondo,Wholesaler,Dangote Falcon,4029,201.45,47698.91,9608945.58,6840105.93,406123.2,2362716.45,24.59,144,Road (Articulated),7,22,15,0,Delayed,Fuel Shortage,24988.0,99.8,4.2,Cash & Carry,Paid
DCP-2022-030874,2022-02-24,2022,Q1,February,2,Ibese Plant (Ogun),Southwest,Onitsha DC,Imo,Government,Dangote 3X (42.5R),3857,192.85,38209.35,7368673.3,5118785.57,4028250.8,-1778363.07,-24.13,1492,Road (Articulated),2,4,2,0,Delivered,Flooding,17147.0,99.2,3.3,Cash & Carry,Pending
DCP-2022-031103,2022-02-24,2022,Q1,February,2,Dangote Cement Senegal,West Africa,Port Harcourt DC,Delta,Wholesaler,Dangote 3X (42.5N),3161,158.05,36438.15,5759049.4,3644477.96,3556915.25,-1442343.81,-25.04,1286,Road (Truck),1,4,3,0,Delayed,Road Damage,56842.0,91.5,3.8,Cash & Carry,Paid
DCP-2022-031176,2022-02-24,2022,Q1,February,2,Ibese Plant (Ogun),Southwest,Port Harcourt DC,Plateau,Contractor,Dangote OPC (52.5R),2190,109.5,43261.96,4737184.77,3065651.19,1119090.0,552443.58,11.66,584,Road (Truck),2,14,12,0,Delayed,Flooding,25135.0,88.5,3.6,Cash & Carry,Paid
DCP-2022-030018,2022-02-25,2022,Q1,February,2,Dangote Cement Senegal,West Africa,Kaduna DC,Nassarawa,Contractor,Dangote 3X (42.5N),5339,266.95,39327.94,10498592.88,5980626.14,5746098.75,-1228132.01,-11.7,1230,Road (Truck),1,2,1,0,Delivered,Fuel Shortage,69521.0,95.3,4.9,60-Day Credit,Paid
DCP-2022-030384,2022-02-25,2022,Q1,February,2,Ibese Plant (Ogun),Southwest,Abuja DC,Abuja,Wholesaler,Dangote 3X (42.5R),1121,56.05,37040.28,2076107.9,1348556.41,1008339.5,-280788.01,-13.52,1028,Road (Truck),13,13,0,1,Delivered,,65144.0,85.1,4.2,Advance Payment,Paid
DCP-2022-030725,2022-02-25,2022,Q1,February,2,Benue Plant (Benue),North Central,Onitsha DC,Akwa Ibom,Wholesaler,Dangote 3X (42.5R),187,9.35,41016.35,383502.91,270100.5,235292.75,-121890.34,-31.78,1438,Road (Truck),10,10,0,1,Delivered,None,22510.0,91.3,4.7,Advance Payment,Paid
DCP-2022-030920,2022-02-25,2022,Q1,February,2,Ibese Plant (Ogun),Southwest,Onitsha DC,Enugu,Retailer,Dangote OPC (52.5R),31,1.55,43807.2,67901.16,38217.97,23002.0,6681.19,9.84,848,Road (Truck),3,3,0,1,Delivered,None,25311.0,98.1,4.4,Cash & Carry,Paid
DCP-2022-030426,2022-02-26,2022,Q1,February,2,Obajana Plant (Kogi),North Central,Enugu DC,Nassarawa,Contractor,Dangote 3X (42.5R),2483,124.15,35836.37,4449085.67,3092395.16,1981434.0,-624743.49,-14.04,912,Road (Truck),14,14,0,1,Delivered,None,14379.0,95.4,3.3,60-Day Credit,Paid
DCP-2022-030537,2022-02-26,2022,Q1,February,2,Dangote Cement Senegal,West Africa,Ibadan DC,Ondo,Government,Dangote Falcon,49133,2456.65,47376.53,116387550.16,70978270.72,21280730.62,24128548.82,20.73,495,Road (Truck),10,10,0,1,Delivered,None,55422.0,95.0,4.4,30-Day Credit,Paid
DCP-2022-030563,2022-02-26,2022,Q1,February,2,Ibese Plant (Ogun),Southwest,Lagos DC,Katsina,Wholesaler,Dangote 3X (42.5N),3406,170.3,38888.45,6622702.72,3941043.43,2107036.75,574622.54,8.68,707,Road (Truck),1,1,0,1,In Transit,None,7738.0,,4.8,Cash & Carry,Paid
DCP-2022-031063,2022-02-26,2022,Q1,February,2,Dangote Cement Senegal,West Africa,Kaduna DC,Kogi,Retailer,Dangote 3X (42.5R),75,3.75,35364.22,132615.84,86117.36,104081.25,-57582.77,-43.42,1586,Road (Truck),11,11,0,1,Delivered,None,31788.0,93.7,3.3,Cash & Carry,Paid
DCP-2022-031118,2022-02-26,2022,Q1,February,2,Benue Plant (Benue),North Central,Enugu DC,Anambra,Government,Dangote OPC (52.5R),47884,2394.2,45467.71,108858793.89,60982962.29,6242876.5,41632955.1,38.24,149,Road (Truck),9,19,10,0,In Transit,Truck Breakdown,63260.0,85.5,3.5,Cash & Carry,Paid
DCP-2022-031156,2022-02-26,2022,Q1,February,2,Gboko Plant (Benue),North Central,Ibadan DC,Kebbi,Wholesaler,Dangote 3X (42.5N),2436,121.8,34713.44,4228097.21,2386607.61,1527859.2,313630.4,7.42,1792,River Barge,11,11,0,1,Delivered,None,54203.0,88.4,4.6,Letter of Credit,Paid
DCP-2022-030001,2022-02-27,2022,Q1,February,2,Obajana Plant (Kogi),North Central,Ibadan DC,Kogi,Wholesaler,Dangote OPC (52.5R),939,46.95,46760.94,2195426.33,1239932.01,,204529.07,9.32,914,Road (Truck),2,2,0,1,Delivered,None,7123.0,88.0,4.3,30-Day Credit,Paid
DCP-2022-030291,2022-02-27,2022,Q1,February,2,Obajana Plant (Kogi),North Central,Lagos DC,Imo,Retailer,Dangote 3X (42.5R),230,11.5,35615.53,409578.59,280487.36,113953.5,15137.73,3.7,1101,Rail,8,8,0,1,Delivered,None,10300.0,95.0,4.5,60-Day Credit,Overdue
DCP-2022-030788,2022-02-27,2022,Q1,February,2,Ibese Plant (Ogun),Southwest,Port Harcourt DC,Ekiti,Government,Dangote 3X (42.5R),30324,1516.2,38226.58,57959144.84,39418564.91,32837859.6,-14297279.67,-24.67,1547,Road (Articulated),11,23,12,0,Delayed,Security Incident,11789.0,91.6,4.5,60-Day Credit,Paid
DCP-2022-030913,2022-02-27,2022,Q1,February,2,Ibese Plant (Ogun),Southwest,Enugu DC,Zamfara,Contractor,Dangote 3X (42.5R),7633,381.65,37945.04,14481723.25,9081447.64,3018851.5,2381424.11,16.44,452,Road (Truck),7,16,9,0,Returned,Truck Breakdown,68107.0,96.4,4.7,Letter of Credit,Pending
DCP-2022-031121,2022-02-27,2022,Q1,February,2,Obajana Plant (Kogi),North Central,Maiduguri DC,Kebbi,Retailer,Dangote 3X (42.5R),435,21.75,37125.99,807490.22,545131.26,425158.12,-162799.16,-20.16,1117,Road (Truck),4,4,0,1,Delivered,None,74583.0,95.8,4.7,Cash & Carry,Overdue
DCP-2022-030038,2022-02-28,2022,Q1,February,2,Benue Plant (Benue),North Central,Abuja DC,Delta,Contractor,Dangote Falcon,8365,418.25,45434.8,19003104.65,12730559.43,5269950.0,1002595.22,5.28,900,Road (Articulated),8,8,0,1,Delivered,None,35687.0,98.8,4.0,Letter of Credit,Pending
DCP-2022-030113,2022-02-28,2022,Q1,February,2,Obajana Plant (Kogi),North Central,Enugu DC,Delta,Wholesaler,Dangote Falcon,1446,72.3,48808.48,3528853.17,2250416.59,1492995.0,-214558.42,-6.08,1180,Road (Truck),9,9,0,1,Delivered,None,68820.0,94.4,3.4,60-Day Credit,Paid
DCP-2022-030755,2022-02-28,2022,Q1,February,2,Dangote Cement Senegal,West Africa,Abuja DC,Osun,Wholesaler,Dangote 3X (42.5R),3398,169.9,40512.77,6883120.39,3834687.48,1562740.2,1485692.71,21.58,1314,River Barge,8,8,0,1,Delivered,None,64406.0,92.9,3.9,Cash & Carry,Overdue
DCP-2022-031129,2022-02-28,2022,Q1,February,2,Obajana Plant (Kogi),North Central,Enugu DC,Ogun,Contractor,Dangote 3X (42.5R),1775,88.75,37373.55,3316902.54,2291636.99,559125.0,466140.55,14.05,360,Road (Truck),1,1,0,1,Delivered,None,32892.0,93.6,3.4,Cash & Carry,Paid
DCP-2022-031141,2022-02-28,2022,Q1,February,2,Gboko Plant (Benue),North Central,Onitsha DC,Kano,Wholesaler,Dangote OPC (52.5R),3057,152.85,40510.71,6192062.65,4040876.56,1567476.75,583709.34,9.43,586,Road (Truck),12,21,9,0,Damaged in Transit,,49894.0,98.3,3.7,30-Day Credit,Paid
DCP-2022-030294,2022-03-01,2022,Q1,March,3,Benue Plant (Benue),North Central,Ibadan DC,Kaduna,Retailer,Dangote OPC (52.5R),169,8.45,46401.27,392090.77,230705.62,130721.5,30663.65,7.82,884,Road (Truck),14,14,0,1,In Transit,None,76580.0,97.0,4.9,30-Day Credit,Paid
DCP-2022-030325,2022-03-01,2022,Q1,March,3,Ibese Plant (Ogun),Southwest,Kano DC,Cross River,Contractor,Dangote 3X (42.5N),8147,407.35,38601.21,15724203.4,10212688.74,3293424.75,2218089.91,14.11,462,Road (Truck),14,15,1,0,Delivered,Flooding,13213.0,97.7,3.9,30-Day Credit,Paid
DCP-2022-030548,2022-03-01,2022,Q1,March,3,Benue Plant (Benue),North Central,Abuja DC,Katsina,Wholesaler,Dangote 3X (42.5N),4543,227.15,37074.04,8421367.19,5061185.79,141060.15,3219121.25,38.23,69,Rail,14,26,12,0,Delayed,Strike Action,67192.0,87.9,,30-Day Credit,Paid
DCP-2022-030892,2022-03-01,2022,Q1,March,3,Gboko Plant (Benue),North Central,Enugu DC,Rivers,Retailer,Dangote 3X (42.5N),456,22.8,35422.09,807623.65,502608.38,165585.0,139430.27,17.26,415,Road (Truck),14,14,0,1,Delivered,None,31543.0,88.2,,60-Day Credit,Paid
DCP-2022-030634,2022-03-02,2022,Q1,March,3,Benue Plant (Benue),North Central,Enugu DC,Edo,Retailer,Dangote 3X (42.5N),367,18.35,35584.11,652968.43,400750.04,215796.0,36422.39,5.58,672,Road (Truck),10,21,11,0,In Transit,Security Incident,8350.0,92.4,3.1,Cash & Carry,Paid
DCP-2022-030948,2022-03-02,2022,Q1,March,3,Ibese Plant (Ogun),Southwest,Maiduguri DC,Ebonyi,Export,Dangote OPC (52.5R),52798,2639.9,47094.81,124325576.87,88316504.12,10764192.25,25244880.5,20.31,233,Road (Truck),12,12,0,1,Delivered,None,28855.0,87.2,3.1,30-Day Credit,Paid
DCP-2022-031051,2022-03-02,2022,Q1,March,3,Obajana Plant (Kogi),North Central,Benin DC,Kebbi,Wholesaler,Dangote OPC (52.5R),4040,202.0,44629.94,9015247.3,5179046.35,2150694.0,1685506.95,18.7,1183,Rail,4,4,0,1,In Transit,None,45910.0,98.9,3.9,Cash & Carry,Overdue
DCP-2022-030261,2022-03-03,2022,Q1,March,3,Obajana Plant (Kogi),North Central,Maiduguri DC,Ekiti,Retailer,Dangote BLC,401,20.05,35369.99,709168.21,506642.63,49984.65,152540.93,21.51,277,Rail,5,5,0,1,Delivered,None,11057.0,91.8,5.0,60-Day Credit,Paid
DCP-2022-030329,2022-03-03,2022,Q1,March,3,Dangote Cement Senegal,West Africa,Port Harcourt DC,Katsina,Wholesaler,Dangote OPC (52.5R),2887,144.35,45896.39,6625144.22,4511167.58,3006088.75,-892112.11,-13.47,1190,Road (Truck),3,17,14,0,In Transit,Flooding,58559.0,95.6,4.9,30-Day Credit,Paid
DCP-2022-030627,2022-03-03,2022,Q1,March,3,Gboko Plant (Benue),North Central,Kano DC,Benue,Retailer,Dangote BLC,487,24.35,36683.12,893233.92,522357.13,230618.85,140257.94,15.7,1353,River Barge,11,26,15,0,Delayed,Truck Breakdown,43120.0,85.2,3.2,Cash & Carry,Pending
DCP-2022-030837,2022-03-03,2022,Q1,March,3,Obajana Plant (Kogi),North Central,Enugu DC,Cross River,Retailer,Dangote BLC,57,2.85,35319.1,100659.42,60810.07,23840.25,16009.1,15.9,478,Road (Truck),11,11,0,1,In Transit,None,39636.0,98.6,4.6,Cash & Carry,Pending
DCP-2022-030386,2022-03-04,2022,Q1,March,3,Dangote Cement Senegal,West Africa,Ibadan DC,Bayelsa,Contractor,Dangote 3X (42.5R),4272,213.6,38719.58,8270501.93,5475146.2,3823974.0,-1028618.27,-12.44,1023,Road (Truck),11,11,0,1,Damaged in Transit,None,81604.0,97.2,3.0,30-Day Credit,Paid
DCP-2022-031058,2022-03-04,2022,Q1,March,3,Gboko Plant (Benue),North Central,Maiduguri DC,Nassarawa,Retailer,Dangote 3X (42.5R),342,17.1,38772.84,663015.53,394835.64,388426.5,-120246.61,-18.14,1298,Road (Truck),2,2,0,1,Delivered,None,80864.0,98.5,3.2,60-Day Credit,Paid
DCP-2022-030375,2022-03-05,2022,Q1,March,3,Gboko Plant (Benue),North Central,Port Harcourt DC,Cross River,Retailer,Dangote 3X (42.5N),134,6.7,33929.95,227330.67,139505.79,77033.25,10791.63,4.75,657,Road (Truck),7,7,0,1,Delivered,None,78873.0,94.0,4.9,60-Day Credit,Paid
DCP-2022-030380,2022-03-05,2022,Q1,March,3,Benue Plant (Benue),North Central,Maiduguri DC,Ondo,Wholesaler,Dangote Falcon,3674,183.7,49039.95,9008639.41,6105768.95,2452854.25,450016.21,5.0,763,Road (Truck),8,14,6,0,Delayed,Road Damage,57073.0,98.9,4.5,Cash & Carry,Paid
DCP-2022-030389,2022-03-05,2022,Q1,March,3,Ibese Plant (Ogun),Southwest,Onitsha DC,Delta,Contractor,Dangote OPC (52.5R),1681,84.05,42822.92,3599266.41,2116538.02,723082.15,759646.24,21.11,1229,River Barge,10,10,0,1,Delivered,None,77813.0,96.1,4.5,60-Day Credit,Pending
DCP-2022-030402,2022-03-05,2022,Q1,March,3,Ibese Plant (Ogun),Southwest,Onitsha DC,Cross River,Government,Dangote BLC,39589,1979.45,34941.86,69165673.01,44260720.2,26437534.2,-1532581.39,-2.22,1484,Rail,5,15,10,0,Delivered,Road Damage,8837.0,89.8,4.5,Cash & Carry,Pending
DCP-2022-030703,2022-03-05,2022,Q1,March,3,Dangote Cement Senegal,West Africa,Onitsha DC,Cross River,Wholesaler,Dangote Falcon,2218,110.9,48081.21,5332205.77,3428987.98,1979565.0,-76347.21,-1.43,1020,Road (Truck),4,4,0,1,Delivered,None,66108.0,92.9,3.1,Cash & Carry,Paid
DCP-2022-030911,2022-03-05,2022,Q1,March,3,Obajana Plant (Kogi),North Central,Port Harcourt DC,Edo,Retailer,Dangote 3X (42.5R),10,0.5,40919.19,20459.59,11281.55,2992.5,6185.54,30.23,342,Road (Truck),4,4,0,1,In Transit,None,45729.0,86.5,4.3,60-Day Credit,Paid
DCP-2022-031142,2022-03-05,2022,Q1,March,3,Obajana Plant (Kogi),North Central,Kano DC,Niger,Retailer,Dangote 3X (42.5N),42,2.1,35865.92,75318.44,49434.95,38955.0,-13071.51,-17.35,1060,Road (Truck),10,11,1,0,Delivered,Truck Breakdown,56450.0,90.2,5.0,Cash & Carry,Pending
DCP-2022-030334,2022-03-06,2022,Q1,March,3,Dangote Cement Senegal,West Africa,Onitsha DC,Abuja,Wholesaler,Dangote 3X (42.5N),4291,214.55,36624.6,7857808.24,5333077.76,1415493.63,1109236.85,14.12,377,Road (Truck),13,13,0,1,Delivered,None,71578.0,89.6,3.8,30-Day Credit,Pending
DCP-2022-030657,2022-03-06,2022,Q1,March,3,Obajana Plant (Kogi),North Central,Port Harcourt DC,Oyo,Retailer,Dangote BLC,198,9.9,32847.0,325185.33,228835.54,144317.25,-47967.46,-14.75,833,Road (Truck),6,6,0,1,Delivered,None,65025.0,88.2,4.6,60-Day Credit,Paid
DCP-2022-030906,2022-03-06,2022,Q1,March,3,Benue Plant (Benue),North Central,Lagos DC,Cross River,Contractor,Dangote 3X (42.5N),2196,109.8,38177.63,4191903.39,2362428.64,859294.8,970179.95,23.14,559,Road (Articulated),9,9,0,1,Delivered,None,42945.0,87.0,4.7,Cash & Carry,Paid
DCP-2022-030937,2022-03-06,2022,Q1,March,3,Benue Plant (Benue),North Central,Kano DC,Plateau,Retailer,Dangote 3X (42.5N),11,0.55,38528.26,21190.54,14189.41,6491.1,510.03,2.41,843,Road (Articulated),12,15,3,0,Delayed,Truck Breakdown,27085.0,86.1,4.9,Letter of Credit,Pending
DCP-2022-030971,2022-03-06,2022,Q1,March,3,Gboko Plant (Benue),North Central,Ibadan DC,Ebonyi,Wholesaler,Dangote 3X (42.5N),865,43.25,34959.8,1512011.32,1042030.64,808948.0,-338967.32,-22.42,1336,Road (Articulated),6,15,9,0,Delayed,Fuel Shortage,52256.0,96.0,4.9,Cash & Carry,Paid
DCP-2022-031112,2022-03-06,2022,Q1,March,3,Benue Plant (Benue),North Central,Kaduna DC,Bayelsa,Retailer,Dangote Falcon,315,15.75,48802.51,768639.48,514501.19,,-106103.59,-13.8,1307,Road (Truck),13,13,0,1,Delivered,None,26543.0,87.1,3.3,Cash & Carry,Paid
DCP-2022-030510,2022-03-07,2022,Q1,March,3,Obajana Plant (Kogi),North Central,Kano DC,Sokoto,Contractor,Dangote 3X (42.5R),2922,146.1,40248.07,5880243.75,3347757.9,2347096.5,185389.35,3.15,918,Road (Truck),11,19,8,0,Delivered,Truck Breakdown,74937.0,91.3,3.0,Cash & Carry,Overdue
DCP-2022-030826,2022-03-07,2022,Q1,March,3,Obajana Plant (Kogi),North Central,Port Harcourt DC,Nassarawa,Contractor,Dangote BLC,878,43.9,36452.1,1600247.31,1017065.15,695266.25,-112084.09,-7.0,905,Road (Truck),1,1,0,1,Delivered,None,5231.0,99.8,3.1,60-Day Credit,Paid
DCP-2022-030358,2022-03-08,2022,Q1,March,3,Ibese Plant (Ogun),Southwest,Port Harcourt DC,Zamfara,Retailer,Dangote 3X (42.5R),201,10.05,37571.6,377594.62,248511.75,10130.4,118952.47,31.5,144,River Barge,10,10,0,1,Delivered,None,68167.0,89.9,3.1,60-Day Credit,Pending
DCP-2022-030504,2022-03-08,2022,Q1,March,3,Dangote Cement Senegal,West Africa,Onitsha DC,Lagos,Export,Dangote BLC,7767,388.35,32705.42,12701147.99,8507282.12,2098643.4,2095222.47,16.5,772,River Barge,9,9,0,1,Delivered,None,21837.0,93.0,5.0,Letter of Credit,Paid
DCP-2022-030732,2022-03-08,2022,Q1,March,3,Gboko Plant (Benue),North Central,Maiduguri DC,Niger,Contractor,Dangote 3X (42.5N),8591,429.55,33965.54,14589898.07,8232822.72,5713015.0,644060.35,4.41,760,Road (Truck),9,9,0,1,Delayed,None,65094.0,85.5,4.3,Cash & Carry,Overdue
DCP-2022-030122,2022-03-09,2022,Q1,March,3,Gboko Plant (Benue),North Central,Kano DC,Ebonyi,Government,Dangote 3X (42.5R),18958,947.9,37151.45,35215856.74,19862147.84,18711546.0,-3357837.1,-9.54,1410,Road (Articulated),3,3,0,1,Delivered,None,63079.0,96.3,3.9,Cash & Carry,Paid
DCP-2022-030521,2022-03-09,2022,Q1,March,3,Gboko Plant (Benue),North Central,Lagos DC,Plateau,Contractor,Dangote 3X (42.5R),3116,155.8,38395.44,5982010.01,3711101.85,4798640.0,-2527731.84,-42.26,1760,Road (Truck),4,4,0,1,Delivered,None,60805.0,89.0,4.0,30-Day Credit,Paid
DCP-2022-030566,2022-03-09,2022,Q1,March,3,Gboko Plant (Benue),North Central,Kaduna DC,Nassarawa,Contractor,Dangote OPC (52.5R),9692,484.6,46469.27,22519007.7,15248726.03,14306603.5,-7036321.83,-31.25,1687,Road (Truck),1,4,3,0,Delivered,Truck Breakdown,55770.0,97.5,3.5,30-Day Credit,Paid
DCP-2022-030417,2022-03-10,2022,Q1,March,3,Gboko Plant (Benue),North Central,Lagos DC,Delta,Export,Dangote 3X (42.5N),32521,1626.05,33588.18,54616053.22,33264918.86,29343698.3,-7992563.94,-14.63,1289,Road (Articulated),6,6,0,1,Delivered,None,48942.0,95.8,3.8,30-Day Credit,Paid
DCP-2022-030679,2022-03-10,2022,Q1,March,3,Obajana Plant (Kogi),North Central,Maiduguri DC,Sokoto,Retailer,Dangote 3X (42.5N),69,3.45,36344.83,125389.66,80764.67,28472.85,16152.14,12.88,1179,River Barge,6,6,0,1,Delivered,None,67892.0,94.6,3.5,30-Day Credit,Paid
DCP-2022-030688,2022-03-10,2022,Q1,March,3,Obajana Plant (Kogi),North Central,Port Harcourt DC,Delta,Retailer,Dangote Falcon,122,6.1,47389.13,289073.72,190534.57,36935.5,61603.65,21.31,346,Road (Truck),12,12,0,1,Delivered,None,12907.0,97.9,4.0,Cash & Carry,Paid
DCP-2022-030757,2022-03-10,2022,Q1,March,3,Ibese Plant (Ogun),Southwest,Maiduguri DC,Abuja,Retailer,Dangote BLC,18,0.9,35511.85,31960.66,21385.08,10092.6,482.98,1.51,801,Road (Articulated),6,20,14,0,Delayed,Fuel Shortage,69837.0,96.0,3.0,Advance Payment,Pending
DCP-2022-031114,2022-03-10,2022,Q1,March,3,Obajana Plant (Kogi),North Central,Ibadan DC,Kaduna,Retailer,Dangote Falcon,440,22.0,50647.53,1114245.71,640115.34,210595.0,263535.37,23.65,547,Road (Truck),11,14,3,0,In Transit,Truck Breakdown,79117.0,95.5,3.5,Cash & Carry,Overdue
DCP-2022-030128,2022-03-12,2022,Q1,March,3,Obajana Plant (Kogi),North Central,Kano DC,Katsina,Export,Dangote 3X (42.5N),73551,3677.55,38383.44,141157020.27,83857431.01,52193628.38,5105960.88,3.62,811,Road (Truck),13,25,12,0,Delayed,Strike Action,66714.0,85.4,4.6,Cash & Carry,Paid
DCP-2022-030680,2022-03-12,2022,Q1,March,3,Gboko Plant (Benue),North Central,Kaduna DC,Ekiti,Wholesaler,Dangote Falcon,3475,173.75,50572.97,8787054.28,5376301.96,3253468.75,157283.57,1.79,1070,Road (Truck),5,5,0,1,Delivered,None,27812.0,87.8,3.2,Cash & Carry,Paid
DCP-2022-030185,2022-03-13,2022,Q1,March,3,Dangote Cement Senegal,West Africa,Port Harcourt DC,Benue,Contractor,Dangote OPC (52.5R),1452,72.6,46760.42,3394806.53,2357454.94,1706281.5,-668929.91,-19.7,1343,Road (Truck),10,23,13,0,In Transit,Road Damage,77504.0,93.3,4.1,Advance Payment,Paid
DCP-2022-030988,2022-03-13,2022,Q1,March,3,Obajana Plant (Kogi),North Central,Benin DC,Ogun,Wholesaler,Dangote 3X (42.5N),4695,234.75,37668.93,8842780.7,4980408.09,,2020054.61,22.84,872,Rail,8,8,0,1,Delivered,None,19946.0,85.9,3.1,60-Day Credit,Paid
DCP-2022-030046,2022-03-14,2022,Q1,March,3,Ibese Plant (Ogun),Southwest,Kaduna DC,Ebonyi,Contractor,Dangote 3X (42.5R),6192,309.6,37359.01,11566350.53,6881492.29,1641654.0,3043204.24,26.31,303,Road (Truck),11,16,5,0,In Transit,Truck Breakdown,70793.0,99.1,3.2,Cash & Carry,Paid
DCP-2022-030562,2022-03-14,2022,Q1,March,3,Ibese Plant (Ogun),Southwest,Kano DC,Kebbi,Wholesaler,Dangote 3X (42.5R),4348,217.4,39186.03,8519042.24,5789446.83,342405.0,2387190.41,28.02,175,Rail,4,15,11,0,Delivered,Strike Action,54404.0,97.3,3.8,Cash & Carry,Paid
DCP-2022-030068,2022-03-15,2022,Q1,March,3,Gboko Plant (Benue),North Central,Kaduna DC,Lagos,Retailer,Dangote 3X (42.5N),133,6.65,34673.91,230581.52,153013.1,,-26889.78,-11.66,1122,Road (Articulated),2,11,9,0,Delivered,Security Incident,84067.0,93.3,3.8,30-Day Credit,Paid
DCP-2022-031014,2022-03-16,2022,Q1,March,3,Benue Plant (Benue),North Central,Kaduna DC,Osun,Wholesaler,Dangote 3X (42.5R),4500,225.0,37018.1,8329072.59,4647603.92,1206450.0,2475018.67,29.72,383,Road (Articulated),4,4,0,1,Delivered,None,52520.0,91.0,3.6,30-Day Credit,Paid
DCP-2022-030284,2022-03-17,2022,Q1,March,3,Benue Plant (Benue),North Central,Enugu DC,Plateau,Retailer,Dangote 3X (42.5R),155,7.75,36833.16,285456.98,178624.11,162478.75,-55645.88,-19.49,1198,Road (Truck),12,24,12,0,Returned,Strike Action,69295.0,89.3,4.6,Advance Payment,Paid
DCP-2022-030317,2022-03-17,2022,Q1,March,3,Obajana Plant (Kogi),North Central,Enugu DC,Oyo,Wholesaler,Dangote 3X (42.5R),2427,121.35,35983.23,4366565.4,2779255.21,664027.2,923282.99,21.14,608,Rail,11,21,10,0,Returned,Road Damage,5330.0,96.5,3.4,Advance Payment,Paid
DCP-2022-030102,2022-03-18,2022,Q1,March,3,Ibese Plant (Ogun),Southwest,Port Harcourt DC,Rivers,Retailer,Dangote 3X (42.5R),427,21.35,39793.21,849585.1,478684.51,329163.63,41736.96,4.91,881,Road (Truck),4,8,4,0,Delivered,Customs Delay,71245.0,86.2,5.0,30-Day Credit,Paid
DCP-2022-030203,2022-03-18,2022,Q1,March,3,Benue Plant (Benue),North Central,Lagos DC,Ondo,Retailer,Dangote Falcon,78,3.9,49627.41,193546.91,123461.87,104081.25,-33996.21,-17.56,1525,Road (Truck),8,8,0,1,Delivered,None,50427.0,91.0,4.4,Cash & Carry,Pending
DCP-2022-030274,2022-03-18,2022,Q1,March,3,Dangote Cement Senegal,West Africa,Lagos DC,Kano,Export,Dangote Falcon,10250,512.5,48755.74,24987317.67,15884857.02,8260218.75,842241.9,3.37,921,Road (Truck),8,20,12,0,Delayed,Truck Breakdown,41195.0,88.6,4.1,Cash & Carry,Pending
DCP-2022-030740,2022-03-18,2022,Q1,March,3,Obajana Plant (Kogi),North Central,Ibadan DC,Imo,Contractor,Dangote OPC (52.5R),776,38.8,41728.37,1619060.61,995881.76,615445.6,7733.25,0.48,1133,Road (Articulated),2,11,9,0,Delivered,Fuel Shortage,9811.0,96.0,3.3,30-Day Credit,Paid
DCP-2022-030158,2022-03-19,2022,Q1,March,3,Ibese Plant (Ogun),Southwest,Port Harcourt DC,Niger,Retailer,Dangote BLC,301,15.05,37725.24,567764.8,326094.64,399013.13,-157342.97,-27.71,1515,Road (Truck),2,2,0,1,Delivered,None,19146.0,94.5,3.0,Cash & Carry,Pending
DCP-2022-030423,2022-03-19,2022,Q1,March,3,Ibese Plant (Ogun),Southwest,Kaduna DC,Sokoto,Wholesaler,Dangote OPC (52.5R),1585,79.25,41537.55,3291850.76,2183933.87,475737.75,632179.14,19.2,667,Rail,5,5,0,1,Delivered,,78299.0,94.9,4.9,Letter of Credit,Pending
DCP-2022-030570,2022-03-19,2022,Q1,March,3,Dangote Cement Senegal,West Africa,Maiduguri DC,Kano,Government,Dangote 3X (42.5R),19246,962.3,40852.41,39312274.12,24300818.7,11424425.6,3587029.82,9.12,848,Road (Articulated),7,15,8,0,Delivered,Strike Action,62724.0,89.5,3.1,60-Day Credit,Paid
DCP-2022-030603,2022-03-19,2022,Q1,March,3,Ibese Plant (Ogun),Southwest,Kaduna DC,Osun,Retailer,Dangote 3X (42.5N),326,16.3,36860.12,600819.93,394664.2,338420.6,-132264.87,-22.01,1483,Road (Articulated),12,16,4,0,Returned,Flooding,58110.0,,3.9,60-Day Credit,Paid
DCP-2022-030884,2022-03-19,2022,Q1,March,3,Benue Plant (Benue),North Central,Kaduna DC,Nassarawa,Contractor,Dangote 3X (42.5N),6741,337.05,38040.12,12821422.82,8384929.02,2347890.3,2088603.5,16.29,774,Rail,2,2,0,1,Delivered,None,29644.0,92.6,4.1,Advance Payment,Paid
DCP-2022-031012,2022-03-19,2022,Q1,March,3,Benue Plant (Benue),North Central,Enugu DC,Ondo,Retailer,Dangote 3X (42.5R),183,9.15,40439.88,370024.87,221283.15,60527.25,88214.47,23.84,945,River Barge,4,16,12,0,Delivered,Strike Action,62667.0,87.0,3.1,Cash & Carry,Overdue
DCP-2022-030064,2022-03-20,2022,Q1,March,3,Ibese Plant (Ogun),Southwest,Kano DC,Enugu,Contractor,Dangote OPC (52.5R),2912,145.6,40787.59,5938673.79,3634058.0,3880604.0,-1575988.21,-26.54,1523,Road (Truck),8,21,13,0,Delayed,Road Damage,40914.0,93.0,3.6,Letter of Credit,Paid
DCP-2022-030281,2022-03-20,2022,Q1,March,3,Ibese Plant (Ogun),Southwest,Port Harcourt DC,Osun,Wholesaler,Dangote 3X (42.5N),2693,134.65,36154.79,4868242.43,2983474.45,569569.5,1315198.48,27.02,470,Rail,1,7,6,0,Delivered,Fuel Shortage,40874.0,99.6,4.1,Cash & Carry,Paid
DCP-2022-030401,2022-03-20,2022,Q1,March,3,Gboko Plant (Benue),North Central,Kaduna DC,Plateau,Wholesaler,Dangote 3X (42.5R),2127,106.35,35717.7,3798577.08,2160244.41,2183099.62,-544766.95,-14.34,1173,Road (Truck),6,12,6,0,Damaged in Transit,Road Damage,67246.0,87.2,4.6,Cash & Carry,Paid
DCP-2022-030695,2022-03-20,2022,Q1,March,3,Benue Plant (Benue),North Central,Abuja DC,Kano,Wholesaler,Dangote 3X (42.5R),1461,73.05,38123.19,2784899.19,1794448.53,1835746.5,-845295.84,-30.35,1436,Road (Truck),10,25,15,0,In Transit,Strike Action,31404.0,91.8,4.7,30-Day Credit,Paid
DCP-2022-030839,2022-03-20,2022,Q1,March,3,Benue Plant (Benue),North Central,Onitsha DC,Oyo,Wholesaler,Dangote 3X (42.5R),3110,155.5,38116.4,5927099.5,4251474.08,337435.0,1338190.42,22.58,124,Road (Truck),3,3,0,1,Delivered,None,63359.0,86.0,3.4,30-Day Credit,Pending
DCP-2022-030875,2022-03-20,2022,Q1,March,3,Benue Plant (Benue),North Central,Onitsha DC,Kano,Retailer,Dangote 3X (42.5R),215,10.75,35011.29,376371.38,255860.24,51546.25,68964.89,18.32,274,Road (Truck),5,6,1,0,Delivered,Road Damage,84106.0,96.3,4.7,60-Day Credit,Paid
DCP-2022-030282,2022-03-21,2022,Q1,March,3,Obajana Plant (Kogi),North Central,Onitsha DC,Sokoto,Wholesaler,Dangote 3X (42.5N),2521,126.05,35272.59,4446110.06,3158879.48,1388566.8,-101336.22,-2.28,1224,Rail,13,28,15,0,Damaged in Transit,,32095.0,86.7,4.0,Cash & Carry,Paid
DCP-2022-030470,2022-03-21,2022,Q1,March,3,Gboko Plant (Benue),North Central,Ibadan DC,Cross River,Export,Dangote BLC,5845,292.25,35692.52,10431138.38,6093025.89,956388.12,3381724.37,32.42,187,Road (Truck),10,19,9,0,Delivered,Strike Action,21343.0,92.1,4.7,30-Day Credit,Paid
DCP-2022-030951,2022-03-21,2022,Q1,March,3,Benue Plant (Benue),North Central,Onitsha DC,Enugu,Contractor,Dangote BLC,7154,357.7,32884.77,11762880.48,7414354.96,7386505.0,-3037979.48,-25.83,1180,Road (Truck),12,26,14,0,Delivered,Truck Breakdown,48681.0,86.1,3.9,30-Day Credit,Pending
DCP-2022-031131,2022-03-21,2022,Q1,March,3,Obajana Plant (Kogi),North Central,Port Harcourt DC,Oyo,Government,Dangote OPC (52.5R),33430,1671.5,46233.7,77279628.02,47859550.77,23313246.25,6106831.0,7.9,797,Road (Truck),9,9,0,1,Delivered,None,31646.0,97.9,4.2,Cash & Carry,Pending
DCP-2022-031180,2022-03-21,2022,Q1,March,3,Obajana Plant (Kogi),North Central,Kano DC,Bayelsa,Wholesaler,Dangote 3X (42.5R),3113,155.65,38613.61,6010208.66,3754379.63,836774.4,1419054.63,23.61,768,River Barge,2,2,0,1,Delivered,None,39064.0,86.0,3.7,Advance Payment,Paid
DCP-2022-030087,2022-03-22,2022,Q1,March,3,Benue Plant (Benue),North Central,Benin DC,Katsina,Contractor,Dangote 3X (42.5R),4906,245.3,38887.06,9538995.66,6718784.75,514394.1,2305816.81,24.17,233,Rail,4,4,0,1,Delivered,None,79934.0,98.7,3.4,Letter of Credit,Paid
DCP-2022-030836,2022-03-22,2022,Q1,March,3,Benue Plant (Benue),North Central,Abuja DC,Abuja,Contractor,Dangote 3X (42.5R),5261,263.05,39882.33,10491046.09,6577643.35,4120020.62,-206617.88,-1.97,895,Road (Truck),13,13,0,1,Delivered,None,77597.0,98.6,3.1,30-Day Credit,Pending
DCP-2022-030393,2022-03-23,2022,Q1,March,3,Obajana Plant (Kogi),North Central,Onitsha DC,Plateau,Wholesaler,Dangote Falcon,3978,198.9,48938.01,9733770.32,6000681.8,1574691.3,2158397.22,22.17,1131,River Barge,5,9,4,0,Delayed,Fuel Shortage,48841.0,86.5,3.6,60-Day Credit,Pending
DCP-2022-030174,2022-03-24,2022,Q1,March,3,Gboko Plant (Benue),North Central,Ibadan DC,Ekiti,Contractor,Dangote 3X (42.5R),5035,251.75,38250.33,9629519.64,5883405.53,4299890.0,-553775.89,-5.75,976,Road (Truck),14,23,9,0,Delayed,Fuel Shortage,64393.0,93.4,3.5,60-Day Credit,Pending
DCP-2022-030345,2022-03-24,2022,Q1,March,3,Dangote Cement Senegal,West Africa,Maiduguri DC,Oyo,Wholesaler,Dangote OPC (52.5R),3338,166.9,46326.71,7731927.34,5205617.07,1453365.2,1072945.07,13.88,622,Road (Articulated),4,17,13,0,Delivered,Road Damage,59568.0,90.1,3.5,60-Day Credit,Paid
DCP-2022-030577,2022-03-24,2022,Q1,March,3,Ibese Plant (Ogun),Southwest,Onitsha DC,Imo,Government,Dangote 3X (42.5R),43486,2174.3,37400.03,81318887.2,49543666.54,65446430.0,-33671209.34,-41.41,1720,Road (Truck),8,14,6,0,Delivered,Flooding,48059.0,97.1,4.9,Cash & Carry,Paid
DCP-2022-030611,2022-03-24,2022,Q1,March,3,Obajana Plant (Kogi),North Central,Lagos DC,Oyo,Retailer,Dangote OPC (52.5R),472,23.6,44843.71,1058311.59,729186.84,45241.2,283883.55,26.82,213,Rail,12,12,0,1,Delayed,None,58960.0,89.8,4.5,Advance Payment,Paid
DCP-2022-030759,2022-03-24,2022,Q1,March,3,Benue Plant (Benue),North Central,Port Harcourt DC,Zamfara,Retailer,Dangote 3X (42.5R),40,2.0,38726.1,77452.21,48433.15,42756.0,-13736.94,-17.74,1527,Road (Articulated),7,7,0,1,Delivered,None,37987.0,86.9,4.7,30-Day Credit,Overdue
DCP-2022-030854,2022-03-24,2022,Q1,March,3,Benue Plant (Benue),North Central,Kaduna DC,Edo,Wholesaler,Dangote 3X (42.5R),2555,127.75,35436.45,4527006.21,2731515.45,1150005.5,645485.26,14.26,643,Road (Articulated),10,24,14,0,In Transit,Flooding,31832.0,90.9,4.8,30-Day Credit,Paid
DCP-2022-030430,2022-03-25,2022,Q1,March,3,Dangote Cement Senegal,West Africa,Abuja DC,Oyo,Wholesaler,Dangote OPC (52.5R),189,9.45,42656.21,403101.14,259511.49,179531.1,-35941.45,-8.92,1357,Road (Articulated),4,4,0,1,Delayed,,50184.0,93.5,4.6,Cash & Carry,Paid
DCP-2022-030975,2022-03-25,2022,Q1,March,3,Ibese Plant (Ogun),Southwest,Ibadan DC,Oyo,Wholesaler,Dangote 3X (42.5R),4797,239.85,35029.58,8401845.63,4640218.39,3212071.2,549556.04,6.54,1488,Rail,7,7,0,1,Delivered,None,8181.0,91.1,3.0,Advance Payment,Pending
DCP-2022-030011,2022-03-26,2022,Q1,March,3,Benue Plant (Benue),North Central,Lagos DC,Plateau,Wholesaler,Dangote 3X (42.5R),3827,191.35,39195.28,7500016.13,5056405.15,2848436.1,-404825.12,-5.4,1654,Rail,12,12,0,1,Delivered,None,22416.0,85.9,4.5,Cash & Carry,Paid
DCP-2022-030340,2022-03-26,2022,Q1,March,3,Obajana Plant (Kogi),North Central,Maiduguri DC,Delta,Contractor,Dangote 3X (42.5N),5260,263.0,34302.88,9021658.65,5819781.6,1634808.0,1567069.05,17.37,444,Road (Articulated),9,10,1,0,Returned,Road Damage,46740.0,96.3,4.0,Cash & Carry,Paid
DCP-2022-031093,2022-03-26,2022,Q1,March,3,Dangote Cement Senegal,West Africa,Maiduguri DC,Ekiti,Government,Dangote OPC (52.5R),1501,75.05,43554.23,3268745.1,1863192.0,1559238.8,-153685.7,-4.7,1484,Road (Articulated),6,15,9,0,Returned,,52904.0,92.0,3.5,Cash & Carry,Paid
DCP-2022-030179,2022-03-27,2022,Q1,March,3,Dangote Cement Senegal,West Africa,Onitsha DC,Lagos,Retailer,Dangote OPC (52.5R),117,5.85,45926.02,268667.21,187272.24,75184.2,6210.77,2.31,918,Road (Articulated),4,4,0,1,Delivered,None,83098.0,96.6,4.3,Advance Payment,Pending
DCP-2022-031125,2022-03-27,2022,Q1,March,3,Benue Plant (Benue),North Central,Benin DC,Katsina,Retailer,Dangote Falcon,392,19.6,44111.97,864594.64,604696.93,369068.0,-109170.29,-12.63,1076,Road (Truck),6,6,0,1,Delivered,None,57198.0,98.8,3.4,60-Day Credit,Paid
DCP-2022-030117,2022-03-28,2022,Q1,March,3,Benue Plant (Benue),North Central,Maiduguri DC,Cross River,Contractor,Dangote 3X (42.5N),8315,415.75,34241.15,14235759.03,8106056.59,11910198.12,-5780495.68,-40.61,1637,Road (Truck),6,6,0,1,Delivered,None,65800.0,91.6,3.4,30-Day Credit,Pending
DCP-2022-030344,2022-03-28,2022,Q1,March,3,Ibese Plant (Ogun),Southwest,Onitsha DC,Kano,Export,Dangote 3X (42.5N),77764,3888.2,33585.85,130588487.13,82138963.4,61169162.4,-12719638.67,-9.74,1748,Rail,11,12,1,0,Delivered,Customs Delay,78745.0,89.1,3.5,60-Day Credit,Overdue
DCP-2022-030406,2022-03-28,2022,Q1,March,3,Dangote Cement Senegal,West Africa,Port Harcourt DC,Ondo,Wholesaler,Dangote 3X (42.5N),1192,59.6,39142.5,2332893.25,1450739.5,861518.0,20635.75,0.88,826,Road (Truck),2,2,0,1,Delivered,,71538.0,97.8,4.7,Cash & Carry,Paid
DCP-2022-030545,2022-03-28,2022,Q1,March,3,Dangote Cement Senegal,West Africa,Benin DC,Ondo,Retailer,Dangote 3X (42.5R),204,10.2,40717.45,415317.94,252597.37,121915.5,40805.07,9.83,683,Road (Truck),3,3,0,1,Delivered,None,68142.0,94.7,3.7,30-Day Credit,Overdue
DCP-2022-031030,2022-03-28,2022,Q1,March,3,Dangote Cement Senegal,West Africa,Onitsha DC,Anambra,Wholesaler,Dangote 3X (42.5R),2456,122.8,39970.48,4908374.55,3233898.48,1435532.0,238944.07,4.87,1670,River Barge,12,12,0,1,In Transit,None,26620.0,95.1,4.7,30-Day Credit,Pending
DCP-2022-030551,2022-03-29,2022,Q1,March,3,Ibese Plant (Ogun),Southwest,Maiduguri DC,Edo,Wholesaler,Dangote Falcon,4330,216.5,48154.25,10425395.02,7131880.0,2494513.0,799002.02,7.66,1646,River Barge,4,12,8,0,Delayed,Security Incident,71755.0,90.6,3.6,60-Day Credit,Pending
DCP-2022-030655,2022-03-29,2022,Q1,March,3,Gboko Plant (Benue),North Central,Onitsha DC,Enugu,Wholesaler,Dangote BLC,4232,211.6,34405.31,7280163.97,4210775.6,3740030.0,-670641.63,-9.21,1010,Road (Truck),3,3,0,1,Delivered,None,34375.0,96.7,3.9,30-Day Credit,Pending
DCP-2022-030667,2022-03-29,2022,Q1,March,3,Benue Plant (Benue),North Central,Benin DC,Osun,Wholesaler,Dangote 3X (42.5N),2487,124.35,36652.35,4557719.84,3151236.56,1375311.0,31172.28,0.68,632,Road (Truck),8,13,5,0,Delivered,Road Damage,67086.0,92.7,4.0,Cash & Carry,Paid
DCP-2022-030704,2022-03-29,2022,Q1,March,3,Dangote Cement Senegal,West Africa,Maiduguri DC,Delta,Contractor,Dangote 3X (42.5N),5238,261.9,34506.18,9037169.15,5343332.52,1666469.7,2027366.93,22.43,909,River Barge,3,3,0,1,Delivered,None,47266.0,88.2,3.6,60-Day Credit,Paid
DCP-2022-030148,2022-03-30,2022,Q1,March,3,Ibese Plant (Ogun),Southwest,Port Harcourt DC,Anambra,Wholesaler,Dangote 3X (42.5N),449,22.45,39351.55,883442.41,551282.95,350354.7,-18195.24,-2.06,1734,Rail,14,20,6,0,Damaged in Transit,Road Damage,78134.0,86.0,3.8,30-Day Credit,Paid
DCP-2022-031038,2022-03-30,2022,Q1,March,3,Gboko Plant (Benue),North Central,Benin DC,Kano,Wholesaler,Dangote 3X (42.5R),156,7.8,38144.55,297527.5,180714.74,181381.2,-64568.44,-21.7,1661,Road (Articulated),13,13,0,1,Delivered,None,59663.0,90.4,3.8,30-Day Credit,Paid
DCP-2022-030096,2022-03-31,2022,Q1,March,3,Benue Plant (Benue),North Central,Onitsha DC,Katsina,Wholesaler,Dangote Falcon,2921,146.05,48288.5,7052534.81,4821019.57,922743.9,1308771.34,18.56,702,Rail,7,7,0,1,Delivered,None,65353.0,92.1,4.7,Cash & Carry,Pending
DCP-2022-030368,2022-03-31,2022,Q1,March,3,Benue Plant (Benue),North Central,Port Harcourt DC,Ondo,Government,Dangote 3X (42.5N),49053,2452.65,35826.44,87869726.85,58173590.85,32669298.0,-2973162.0,-3.38,1480,Rail,7,8,1,0,Delivered,Fuel Shortage,74643.0,89.1,4.3,Cash & Carry,Overdue
DCP-2022-030250,2022-04-01,2022,Q2,April,4,Gboko Plant (Benue),North Central,Kaduna DC,Oyo,Retailer,Dangote BLC,360,18.0,36519.52,657351.41,403886.48,172044.0,81420.93,12.39,1062,Rail,1,1,0,1,Delivered,None,75981.0,98.5,4.3,Cash & Carry,Paid
DCP-2022-030441,2022-04-01,2022,Q2,April,4,Benue Plant (Benue),North Central,Kaduna DC,Nassarawa,Wholesaler,Dangote 3X (42.5R),4973,248.65,37610.13,9351758.1,5596604.04,3132990.0,622164.06,6.65,1400,Rail,7,19,12,0,Delayed,Road Damage,79011.0,97.9,5.0,Letter of Credit,Paid
DCP-2022-030518,2022-04-01,2022,Q2,April,4,Ibese Plant (Ogun),Southwest,Abuja DC,Kano,Contractor,Dangote 3X (42.5R),2156,107.8,38835.87,4186506.48,2346935.98,375790.8,1463779.7,34.96,249,Road (Articulated),5,9,4,0,In Transit,Customs Delay,63996.0,90.0,4.3,Letter of Credit,Pending
DCP-2022-030549,2022-04-01,2022,Q2,April,4,Gboko Plant (Benue),North Central,Onitsha DC,Katsina,Retailer,Dangote 3X (42.5N),497,24.85,35122.93,872804.75,559007.27,325286.5,-11489.02,-1.32,748,Road (Truck),9,9,0,1,Delivered,None,13918.0,96.3,3.4,Cash & Carry,Pending
DCP-2022-030587,2022-04-01,2022,Q2,April,4,Benue Plant (Benue),North Central,Kano DC,Sokoto,Wholesaler,Dangote 3X (42.5R),3746,187.3,35195.75,6592163.53,4228149.57,4392185.0,-2028171.04,-30.77,1675,Road (Articulated),13,28,15,0,Delivered,Security Incident,32924.0,87.7,4.0,Advance Payment,Paid
DCP-2022-030592,2022-04-01,2022,Q2,April,4,Benue Plant (Benue),North Central,Port Harcourt DC,Nassarawa,Government,Dangote 3X (42.5R),27342,1367.1,35821.35,48971367.68,28983676.43,33948510.75,-13960819.5,-28.51,1419,Road (Truck),7,19,12,0,Delayed,Fuel Shortage,55095.0,88.1,4.8,60-Day Credit,Paid
DCP-2022-030654,2022-04-01,2022,Q2,April,4,Gboko Plant (Benue),North Central,Onitsha DC,Katsina,Government,Dangote 3X (42.5R),12005,600.25,39870.99,23932562.15,13957840.03,15851101.88,-5876379.76,-24.55,1509,Road (Truck),13,13,0,1,Delivered,None,19298.0,,3.9,60-Day Credit,Pending
DCP-2022-030173,2022-04-02,2022,Q2,April,4,Dangote Cement Senegal,West Africa,Onitsha DC,Bayelsa,Retailer,Dangote 3X (42.5R),373,18.65,37101.61,691944.95,437075.94,318019.8,-63150.79,-9.13,1218,Road (Articulated),12,12,0,1,Delivered,None,72311.0,89.3,,Letter of Credit,Paid
DCP-2022-030357,2022-04-02,2022,Q2,April,4,Ibese Plant (Ogun),Southwest,Lagos DC,Ondo,Contractor,Dangote 3X (42.5R),1857,92.85,39078.91,3628476.84,2229397.38,2160433.8,-761354.34,-20.98,1662,Road (Articulated),6,11,5,0,Delivered,Security Incident,34571.0,90.6,3.3,30-Day Credit,Pending
DCP-2022-030371,2022-04-02,2022,Q2,April,4,Ibese Plant (Ogun),Southwest,Lagos DC,Abia,Contractor,Dangote 3X (42.5N),3741,187.05,33858.9,6333306.34,4166773.25,1885464.0,281069.09,4.44,1120,Rail,12,14,2,0,Delivered,Fuel Shortage,29666.0,85.8,3.0,60-Day Credit,Pending
DCP-2022-030877,2022-04-02,2022,Q2,April,4,Obajana Plant (Kogi),North Central,Port Harcourt DC,Ondo,Wholesaler,Dangote 3X (42.5R),623,31.15,35951.62,1119892.92,664095.45,215433.4,240364.07,21.46,494,Road (Articulated),2,2,0,1,Delivered,None,45886.0,98.2,4.5,60-Day Credit,Paid
DCP-2022-030093,2022-04-03,2022,Q2,April,4,Ibese Plant (Ogun),Southwest,Kaduna DC,Nassarawa,Export,Dangote 3X (42.5N),55132,2756.6,38935.95,107330845.42,65919855.38,,36101778.44,33.64,214,Rail,11,14,3,0,In Transit,,32822.0,87.7,4.1,30-Day Credit,Pending
DCP-2022-030474,2022-04-03,2022,Q2,April,4,Dangote Cement Senegal,West Africa,Onitsha DC,Imo,Contractor,Dangote 3X (42.5R),4447,222.35,36930.39,8211471.28,5849713.22,1524876.3,836881.76,10.19,762,Rail,14,14,0,1,Delivered,None,73162.0,87.4,3.2,Cash & Carry,Overdue
DCP-2022-030029,2022-04-04,2022,Q2,April,4,Benue Plant (Benue),North Central,Port Harcourt DC,Nassarawa,Contractor,Dangote 3X (42.5R),5776,288.8,38584.62,11143238.96,7796013.33,6004152.0,-2656926.37,-23.84,1188,Road (Truck),4,4,0,1,Delivered,None,44086.0,96.4,4.4,30-Day Credit,Paid
DCP-2022-030976,2022-04-05,2022,Q2,April,4,Obajana Plant (Kogi),North Central,Benin DC,Enugu,Wholesaler,Dangote 3X (42.5R),422,21.1,36368.12,767367.41,431819.21,230412.0,105136.2,13.7,1560,River Barge,10,10,0,1,Delivered,None,21063.0,,3.3,Cash & Carry,Paid
DCP-2022-030116,2022-04-06,2022,Q2,April,4,Gboko Plant (Benue),North Central,Benin DC,Rivers,Wholesaler,Dangote Falcon,3041,152.05,46884.26,7128751.59,4157287.21,1779593.2,1191871.18,16.72,836,Road (Articulated),9,16,7,0,In Transit,Fuel Shortage,38250.0,97.6,4.0,Cash & Carry,Paid
DCP-2022-030451,2022-04-06,2022,Q2,April,4,Gboko Plant (Benue),North Central,Port Harcourt DC,Oyo,Wholesaler,Dangote 3X (42.5R),3144,157.2,39699.45,6240753.3,3562169.64,993189.6,1685394.06,27.01,702,Rail,12,12,0,1,Delivered,None,68619.0,98.5,4.1,30-Day Credit,Paid
DCP-2022-030784,2022-04-06,2022,Q2,April,4,Obajana Plant (Kogi),North Central,Kano DC,Ekiti,Wholesaler,Dangote 3X (42.5N),3802,190.1,38727.11,7362023.34,4917621.31,3393285.0,-948882.97,-12.89,1020,Road (Truck),3,13,10,0,Delivered,Truck Breakdown,7220.0,86.2,3.6,Advance Payment,Paid
DCP-2022-031026,2022-04-06,2022,Q2,April,4,Dangote Cement Senegal,West Africa,Kano DC,Niger,Wholesaler,Dangote BLC,1442,72.1,37434.72,2699043.27,1895486.32,1251656.0,-448099.05,-16.6,992,Road (Truck),14,17,3,0,Delivered,Road Damage,40144.0,98.8,4.2,60-Day Credit,Paid
DCP-2022-030355,2022-04-07,2022,Q2,April,4,Benue Plant (Benue),North Central,Benin DC,Rivers,Contractor,Dangote 3X (42.5N),9676,483.8,35540.26,17194376.45,10332743.37,6121279.5,740353.58,4.31,723,Road (Truck),8,23,15,0,Delivered,Strike Action,22552.0,85.1,3.4,Cash & Carry,Paid
DCP-2022-030633,2022-04-07,2022,Q2,April,4,Obajana Plant (Kogi),North Central,Onitsha DC,Anambra,Wholesaler,Dangote BLC,1282,64.1,36091.65,2313474.73,1392976.7,1791434.75,-870936.72,-37.65,1597,Road (Truck),14,14,0,1,Delivered,None,81124.0,87.9,3.0,Cash & Carry,Paid
DCP-2022-031086,2022-04-07,2022,Q2,April,4,Dangote Cement Senegal,West Africa,Abuja DC,Kogi,Retailer,Dangote 3X (42.5R),50,2.5,38833.89,97084.71,58375.4,6232.5,32476.81,33.45,277,Rail,7,7,0,1,Delivered,None,27901.0,88.7,3.3,Cash & Carry,Pending
DCP-2022-030010,2022-04-08,2022,Q2,April,4,Dangote Cement Senegal,West Africa,Benin DC,Ekiti,Retailer,Dangote 3X (42.5N),152,7.6,38687.0,294021.18,165479.66,181305.6,-52764.08,-17.95,1704,Road (Articulated),9,9,0,1,Delivered,None,48247.0,85.2,3.2,60-Day Credit,Paid
DCP-2022-030557,2022-04-08,2022,Q2,April,4,Obajana Plant (Kogi),North Central,Kaduna DC,Enugu,Wholesaler,Dangote BLC,3796,189.8,37768.36,7168434.39,4128121.46,,628903.93,8.77,726,Road (Truck),11,19,8,0,In Transit,Road Damage,60407.0,97.3,,Cash & Carry,Paid
DCP-2022-030593,2022-04-08,2022,Q2,April,4,Benue Plant (Benue),North Central,Ibadan DC,Rivers,Wholesaler,Dangote 3X (42.5R),3339,166.95,39624.13,6615248.47,3783333.38,4271415.75,-1439500.66,-21.76,1462,Road (Truck),11,11,0,1,Delivered,None,68295.0,86.0,4.1,Cash & Carry,Pending
DCP-2022-030726,2022-04-08,2022,Q2,April,4,Ibese Plant (Ogun),Southwest,Benin DC,Oyo,Government,Dangote 3X (42.5R),36729,1836.45,36568.76,67156699.17,37497702.89,10155568.5,19503427.78,29.04,395,Road (Articulated),6,6,0,1,In Transit,None,28521.0,85.6,4.6,30-Day Credit,Paid
DCP-2022-030970,2022-04-08,2022,Q2,April,4,Ibese Plant (Ogun),Southwest,Abuja DC,Oyo,Retailer,Dangote BLC,127,6.35,34185.9,217080.49,131122.08,67119.5,18838.91,8.68,604,Road (Truck),13,13,0,1,Delivered,None,13405.0,88.6,4.7,30-Day Credit,Paid
DCP-2022-031079,2022-04-08,2022,Q2,April,4,Dangote Cement Senegal,West Africa,Abuja DC,Kaduna,Wholesaler,Dangote BLC,4892,244.6,35496.33,8682403.44,6102664.36,312476.5,2267262.58,26.11,73,Road (Truck),14,23,9,0,Delayed,Road Damage,11394.0,95.0,3.4,30-Day Credit,Overdue
DCP-2022-030349,2022-04-09,2022,Q2,April,4,Obajana Plant (Kogi),North Central,Onitsha DC,Rivers,Wholesaler,Dangote BLC,4688,234.4,32210.95,7550246.17,4700854.7,4686124.8,-1836733.33,-24.33,1428,Road (Articulated),1,7,6,0,In Transit,Flooding,84609.0,89.1,4.4,30-Day Credit,Paid
DCP-2022-030870,2022-04-09,2022,Q2,April,4,Ibese Plant (Ogun),Southwest,Lagos DC,Bayelsa,Retailer,Dangote 3X (42.5R),110,5.5,36722.57,201974.15,121456.57,169111.25,-88593.67,-43.86,1757,Road (Truck),9,17,8,0,In Transit,Flooding,51409.0,90.0,3.5,Cash & Carry,Paid
DCP-2022-030918,2022-04-09,2022,Q2,April,4,Gboko Plant (Benue),North Central,Kaduna DC,Sokoto,Retailer,Dangote 3X (42.5R),362,18.1,35265.58,638307.07,352370.95,369964.0,-84027.88,-13.16,1168,Road (Truck),12,13,1,0,Delayed,Fuel Shortage,17116.0,85.5,4.2,60-Day Credit,Paid
DCP-2022-030021,2022-04-10,2022,Q2,April,4,Benue Plant (Benue),North Central,Benin DC,Plateau,Wholesaler,Dangote BLC,145,7.25,37018.47,268383.89,188010.72,208582.5,-128209.33,-47.77,1644,Road (Truck),3,15,12,0,Delivered,Truck Breakdown,9017.0,88.7,4.7,30-Day Credit,Pending
DCP-2022-030446,2022-04-10,2022,Q2,April,4,Dangote Cement Senegal,West Africa,Port Harcourt DC,Cross River,Contractor,Dangote OPC (52.5R),6394,319.7,45121.17,14425239.38,8608175.34,989791.2,4827272.84,33.46,344,Rail,11,25,14,0,Delivered,Customs Delay,41730.0,93.9,3.2,Cash & Carry,Pending
DCP-2022-030498,2022-04-10,2022,Q2,April,4,Obajana Plant (Kogi),North Central,Benin DC,Enugu,Contractor,Dangote 3X (42.5R),6254,312.7,40686.18,12722568.56,8232749.66,8476515.25,-3986696.35,-31.34,1549,Road (Truck),3,8,5,0,Damaged in Transit,Flooding,62300.0,98.8,3.2,Letter of Credit,Paid
DCP-2022-030879,2022-04-10,2022,Q2,April,4,Dangote Cement Senegal,West Africa,Kaduna DC,Kwara,Government,Dangote 3X (42.5R),1252,62.6,35242.19,2206161.26,1517031.99,660586.5,28542.77,1.29,603,Road (Truck),9,18,9,0,Delayed,Strike Action,79825.0,93.3,3.3,30-Day Credit,Pending
DCP-2022-030251,2022-04-11,2022,Q2,April,4,Ibese Plant (Ogun),Southwest,Enugu DC,Abuja,Retailer,Dangote OPC (52.5R),477,23.85,46946.25,1119668.1,794107.8,507528.0,-181967.7,-16.25,1520,Road (Articulated),6,16,10,0,Delivered,Customs Delay,83914.0,91.1,3.3,Cash & Carry,Paid
DCP-2022-030919,2022-04-11,2022,Q2,April,4,Benue Plant (Benue),North Central,Onitsha DC,Kebbi,Wholesaler,Dangote 3X (42.5N),2876,143.8,37112.7,5336806.94,2962484.27,619059.0,1755263.67,32.89,246,Road (Truck),3,3,0,1,Delivered,None,82256.0,85.4,3.9,30-Day Credit,Paid
DCP-2022-031113,2022-04-11,2022,Q2,April,4,Gboko Plant (Benue),North Central,Benin DC,Kaduna,Retailer,Dangote OPC (52.5R),448,22.4,46496.39,1041519.24,691133.56,580552.0,-230166.32,-22.1,1481,Road (Truck),6,18,12,0,In Transit,,73638.0,87.1,3.2,30-Day Credit,Paid
DCP-2022-030027,2022-04-12,2022,Q2,April,4,Obajana Plant (Kogi),North Central,Maiduguri DC,Bayelsa,Contractor,Dangote 3X (42.5R),4178,208.9,39656.68,8284281.24,5753846.3,3740563.4,-1210128.46,-14.61,1279,Road (Articulated),13,26,13,0,Delivered,Customs Delay,47620.0,94.9,3.1,30-Day Credit,Paid
DCP-2022-030213,2022-04-12,2022,Q2,April,4,Gboko Plant (Benue),North Central,Lagos DC,Ebonyi,Contractor,Dangote 3X (42.5R),2050,102.5,37599.7,3853969.54,2129555.23,3006325.0,-1281910.69,-33.26,1676,Road (Truck),2,2,0,1,Delivered,None,82507.0,93.7,4.4,60-Day Credit,Paid
DCP-2022-030853,2022-04-12,2022,Q2,April,4,Obajana Plant (Kogi),North Central,Maiduguri DC,Cross River,Retailer,Dangote 3X (42.5N),149,7.45,37180.12,276991.89,197686.51,124247.38,-44942.0,-16.23,953,Road (Truck),11,17,6,0,Delivered,Road Damage,60676.0,88.3,3.4,60-Day Credit,Paid
DCP-2022-030972,2022-04-12,2022,Q2,April,4,Ibese Plant (Ogun),Southwest,Port Harcourt DC,Imo,Wholesaler,Dangote Falcon,4929,246.45,46473.59,11453415.71,6484886.76,4533694.2,434834.75,3.8,1314,Road (Articulated),3,3,0,1,Delivered,None,58241.0,99.4,3.5,Letter of Credit,Paid
DCP-2022-030131,2022-04-13,2022,Q2,April,4,Gboko Plant (Benue),North Central,Maiduguri DC,Anambra,Wholesaler,Dangote 3X (42.5N),2087,104.35,37035.48,3864651.82,2449691.93,1192094.4,222865.49,5.77,1632,River Barge,12,25,13,0,Delayed,,17045.0,99.0,3.0,30-Day Credit,Paid
DCP-2022-030152,2022-04-13,2022,Q2,April,4,Obajana Plant (Kogi),North Central,Port Harcourt DC,Ogun,Retailer,Dangote 3X (42.5R),480,24.0,36170.59,868094.1,531811.66,420000.0,-83717.56,-9.64,1000,Road (Truck),11,22,11,0,Delivered,Security Incident,34797.0,93.9,3.4,Letter of Credit,Paid
DCP-2022-030526,2022-04-13,2022,Q2,April,4,Ibese Plant (Ogun),Southwest,Ibadan DC,Abuja,Wholesaler,Dangote BLC,2034,101.7,34644.67,3523363.32,2371585.88,334084.5,817692.94,23.21,365,Rail,14,15,1,0,Delivered,Truck Breakdown,32577.0,92.1,4.4,60-Day Credit,Overdue
DCP-2022-030360,2022-04-14,2022,Q2,April,4,Benue Plant (Benue),North Central,Port Harcourt DC,Plateau,Wholesaler,Dangote BLC,3581,179.05,35399.67,6338311.66,4494083.63,2556834.0,-712605.97,-11.24,816,Road (Truck),2,2,0,1,Delivered,None,40560.0,90.3,4.2,30-Day Credit,Paid
DCP-2022-030365,2022-04-15,2022,Q2,April,4,Benue Plant (Benue),North Central,Abuja DC,Zamfara,Retailer,Dangote 3X (42.5R),253,12.65,38422.65,486046.54,304635.02,148985.38,32426.14,6.67,673,Road (Truck),2,5,3,0,Delivered,Fuel Shortage,60122.0,92.3,3.4,Cash & Carry,Overdue
DCP-2022-030377,2022-04-15,2022,Q2,April,4,Ibese Plant (Ogun),Southwest,Abuja DC,Ondo,Retailer,Dangote OPC (52.5R),435,21.75,41918.79,911733.64,580101.63,140374.5,191257.51,20.98,922,River Barge,5,5,0,1,Delivered,None,38921.0,94.1,3.6,30-Day Credit,Overdue
DCP-2022-030707,2022-04-15,2022,Q2,April,4,Ibese Plant (Ogun),Southwest,Port Harcourt DC,Imo,Contractor,Dangote BLC,3383,169.15,33643.22,5690749.94,3434723.53,4443147.62,-2187121.21,-38.43,1501,Road (Truck),12,12,0,1,Delivered,None,13174.0,86.4,4.2,30-Day Credit,Pending
DCP-2022-030416,2022-04-16,2022,Q2,April,4,Ibese Plant (Ogun),Southwest,Lagos DC,Ondo,Retailer,Dangote OPC (52.5R),313,15.65,46669.25,730373.78,499875.1,268945.25,-38446.57,-5.26,982,Road (Truck),12,12,0,1,Delivered,None,22627.0,95.6,4.1,Cash & Carry,Paid
DCP-2022-030698,2022-04-16,2022,Q2,April,4,Ibese Plant (Ogun),Southwest,Port Harcourt DC,Bayelsa,Retailer,Dangote 3X (42.5R),275,13.75,37649.47,517680.26,321873.3,324362.5,-128555.54,-24.83,1348,Road (Truck),12,20,8,0,Delivered,Truck Breakdown,27105.0,97.7,3.1,60-Day Credit,Pending
DCP-2022-030163,2022-04-17,2022,Q2,April,4,Benue Plant (Benue),North Central,Enugu DC,Kogi,Wholesaler,Dangote BLC,829,41.45,36877.3,1528564.09,1014559.54,206006.5,307998.05,20.15,355,Road (Articulated),13,13,0,1,Delivered,None,13103.0,88.8,3.5,Advance Payment,Paid
DCP-2022-030285,2022-04-17,2022,Q2,April,4,Gboko Plant (Benue),North Central,Benin DC,Ebonyi,Retailer,Dangote 3X (42.5R),181,9.05,40797.38,369216.28,250527.79,36584.62,82103.87,22.24,231,Road (Truck),11,18,7,0,Delivered,Security Incident,41970.0,93.5,4.8,Cash & Carry,Pending
DCP-2022-030961,2022-04-17,2022,Q2,April,4,Ibese Plant (Ogun),Southwest,Kaduna DC,Enugu,Retailer,Dangote BLC,139,6.95,34309.72,238452.53,140224.17,27341.3,70887.06,29.73,281,Road (Articulated),8,8,0,1,Delivered,None,40488.0,99.7,4.8,Cash & Carry,Paid
DCP-2022-030514,2022-04-18,2022,Q2,April,4,Ibese Plant (Ogun),Southwest,Lagos DC,Anambra,Wholesaler,Dangote 3X (42.5R),1873,93.65,39844.39,3731427.24,2145210.89,634244.62,951971.73,25.51,387,Road (Truck),1,1,0,1,In Transit,None,9175.0,92.7,3.9,60-Day Credit,Paid
DCP-2022-031071,2022-04-18,2022,Q2,April,4,Ibese Plant (Ogun),Southwest,Maiduguri DC,Osun,Wholesaler,Dangote 3X (42.5R),1527,76.35,38103.5,2909202.28,2072546.74,308912.1,527743.44,18.14,289,Road (Articulated),3,3,0,1,Delivered,None,31843.0,97.9,4.4,Cash & Carry,Paid
DCP-2022-030818,2022-04-19,2022,Q2,April,4,Benue Plant (Benue),North Central,Enugu DC,Benue,Wholesaler,Dangote 3X (42.5R),3304,165.2,35603.07,5881626.94,3772067.42,633376.8,1476182.72,25.1,426,Rail,11,11,0,1,In Transit,None,61197.0,87.2,4.6,Cash & Carry,Pending
DCP-2022-031066,2022-04-20,2022,Q2,April,4,Obajana Plant (Kogi),North Central,Kano DC,Ebonyi,Contractor,Dangote 3X (42.5R),4943,247.15,36919.16,9124570.99,5396784.42,2366708.4,1361078.17,14.92,1064,Rail,7,7,0,1,Delivered,None,60869.0,97.1,4.0,Cash & Carry,Pending
DCP-2022-030748,2022-04-22,2022,Q2,April,4,Dangote Cement Senegal,West Africa,Maiduguri DC,Ondo,Export,Dangote 3X (42.5R),8836,441.8,36009.07,15908805.66,10309386.07,7484092.0,-1884672.41,-11.85,1210,Road (Articulated),4,19,15,0,Delivered,Truck Breakdown,13065.0,91.4,3.7,Letter of Credit,Paid
DCP-2022-031032,2022-04-22,2022,Q2,April,4,Dangote Cement Senegal,West Africa,Maiduguri DC,Edo,Retailer,Dangote BLC,304,15.2,36165.18,549710.7,381037.09,271320.0,-102646.39,-18.67,1275,Road (Articulated),5,17,12,0,In Transit,Road Damage,7751.0,96.1,4.8,Letter of Credit,Paid
DCP-2022-030272,2022-04-23,2022,Q2,April,4,Obajana Plant (Kogi),North Central,Benin DC,Kebbi,Retailer,Dangote 3X (42.5N),465,23.25,34842.4,810085.91,529475.15,168446.25,112164.51,13.85,414,Road (Truck),3,3,0,1,Delivered,None,33687.0,89.0,3.7,Cash & Carry,Paid
DCP-2022-030723,2022-04-23,2022,Q2,April,4,Gboko Plant (Benue),North Central,Ibadan DC,Lagos,Government,Dangote 3X (42.5N),29878,1493.9,35223.97,52621082.16,30393573.36,31622875.2,-9395366.4,-17.85,1512,Road (Articulated),3,16,13,0,Delayed,Fuel Shortage,58711.0,93.9,3.7,30-Day Credit,Paid
DCP-2022-030934,2022-04-23,2022,Q2,April,4,Obajana Plant (Kogi),North Central,Ibadan DC,Kano,Retailer,Dangote 3X (42.5R),37,1.85,38374.27,70992.4,45350.17,31986.5,-6344.27,-8.94,988,Road (Truck),2,14,12,0,Delayed,Fuel Shortage,21040.0,98.6,4.1,Advance Payment,Paid
DCP-2022-031130,2022-04-23,2022,Q2,April,4,Gboko Plant (Benue),North Central,Ibadan DC,Sokoto,Retailer,Dangote 3X (42.5R),115,5.75,40398.14,232289.3,151457.48,27168.75,53663.07,23.1,270,Road (Truck),7,7,0,1,Delivered,None,25172.0,88.6,4.8,30-Day Credit,Paid
DCP-2022-030066,2022-04-24,2022,Q2,April,4,Benue Plant (Benue),North Central,Enugu DC,Akwa Ibom,Wholesaler,Dangote 3X (42.5R),536,26.8,37233.69,997862.78,614332.46,101773.0,281757.32,28.24,217,Road (Truck),1,1,0,1,Delivered,None,62176.0,90.0,3.3,Cash & Carry,Overdue
DCP-2022-030775,2022-04-24,2022,Q2,April,4,Gboko Plant (Benue),North Central,Onitsha DC,Plateau,Retailer,Dangote 3X (42.5R),266,13.3,35209.81,468290.54,292262.18,134762.25,41266.11,8.81,579,Road (Truck),3,16,13,0,Delivered,Customs Delay,53155.0,86.0,3.0,Letter of Credit,Paid
DCP-2022-030169,2022-04-25,2022,Q2,April,4,Benue Plant (Benue),North Central,Enugu DC,Zamfara,Contractor,Dangote OPC (52.5R),7951,397.55,43037.59,17109595.34,10726527.46,692929.65,5690138.23,33.26,249,River Barge,4,4,0,1,Delivered,None,55693.0,97.0,4.1,30-Day Credit,Paid
DCP-2022-030478,2022-04-25,2022,Q2,April,4,Gboko Plant (Benue),North Central,Ibadan DC,Plateau,Contractor,Dangote BLC,1313,65.65,33084.03,2171966.76,1300946.69,675932.4,195087.67,8.98,1144,Rail,14,14,0,1,Delivered,None,29979.0,94.3,4.1,Letter of Credit,Paid
DCP-2022-030564,2022-04-25,2022,Q2,April,4,Obajana Plant (Kogi),North Central,Kaduna DC,Oyo,Wholesaler,Dangote 3X (42.5N),3996,199.8,36004.05,7193608.94,5054836.63,3325171.5,-1186399.19,-16.49,951,Road (Truck),10,11,1,0,Delivered,Truck Breakdown,42559.0,98.5,3.3,60-Day Credit,Paid
DCP-2022-030580,2022-04-25,2022,Q2,April,4,Ibese Plant (Ogun),Southwest,Port Harcourt DC,Abia,Wholesaler,Dangote 3X (42.5R),1869,93.45,36764.5,3435642.74,2452981.51,2130893.62,-1148232.39,-33.42,1303,Road (Truck),8,8,0,1,Delivered,None,50447.0,91.2,4.7,30-Day Credit,Paid
DCP-2022-030882,2022-04-25,2022,Q2,April,4,Gboko Plant (Benue),North Central,Kano DC,Kaduna,Contractor,Dangote 3X (42.5N),1237,61.85,35480.14,2194446.8,1556833.27,1348206.3,-710592.77,-32.38,1557,Road (Articulated),1,1,0,1,In Transit,None,44441.0,86.4,3.1,60-Day Credit,Pending
DCP-2022-031095,2022-04-25,2022,Q2,April,4,Obajana Plant (Kogi),North Central,Kaduna DC,Kogi,Contractor,Dangote Falcon,8354,417.7,47445.53,19817995.95,13293171.36,379689.3,6145135.29,31.01,101,Rail,4,4,0,1,Delivered,None,14233.0,87.2,3.4,60-Day Credit,Pending
DCP-2022-030694,2022-04-26,2022,Q2,April,4,Dangote Cement Senegal,West Africa,Kano DC,Ogun,Wholesaler,Dangote 3X (42.5R),1772,88.6,39560.06,3505021.63,2381261.72,1402626.6,-278866.69,-7.96,1759,Rail,3,17,14,0,Delayed,Fuel Shortage,42898.0,85.1,3.7,30-Day Credit,Paid
DCP-2022-030363,2022-04-27,2022,Q2,April,4,Ibese Plant (Ogun),Southwest,Port Harcourt DC,Katsina,Wholesaler,Dangote OPC (52.5R),4908,245.4,45813.65,11242670.68,7564369.68,4268733.0,-590432.0,-5.25,994,Road (Truck),2,2,0,1,Delivered,None,66610.0,95.5,3.4,30-Day Credit,Paid
DCP-2022-030422,2022-04-27,2022,Q2,April,4,Benue Plant (Benue),North Central,Kaduna DC,Ekiti,Retailer,Dangote 3X (42.5R),156,7.8,40304.26,314373.23,193467.31,165328.8,-44422.88,-14.13,1514,Road (Articulated),2,2,0,1,Returned,None,22962.0,99.3,3.6,Cash & Carry,Paid
DCP-2022-030599,2022-04-27,2022,Q2,April,4,Benue Plant (Benue),North Central,Kano DC,Enugu,Retailer,Dangote Falcon,116,5.8,46406.98,269160.47,167152.25,157528.0,-55519.78,-20.63,1552,Road (Truck),7,7,0,1,Delivered,None,58230.0,87.0,4.1,Cash & Carry,Pending
DCP-2022-030625,2022-04-28,2022,Q2,April,4,Dangote Cement Senegal,West Africa,Ibadan DC,Kwara,Retailer,Dangote 3X (42.5R),168,8.4,40003.89,336032.68,233966.4,69384.0,32682.28,9.73,472,Road (Truck),12,12,0,1,Delivered,None,83738.0,94.0,3.3,30-Day Credit,Paid
DCP-2022-030023,2022-04-29,2022,Q2,April,4,Benue Plant (Benue),North Central,Kano DC,Bayelsa,Wholesaler,Dangote 3X (42.5N),3498,174.9,36748.85,6427373.7,3989352.72,1158187.8,1279833.18,19.91,473,Road (Articulated),7,17,10,0,Delayed,Strike Action,6563.0,98.2,4.2,30-Day Credit,Overdue
DCP-2022-030496,2022-04-29,2022,Q2,April,4,Gboko Plant (Benue),North Central,Benin DC,Niger,Wholesaler,Dangote BLC,4340,217.0,35447.04,7692007.24,5334338.73,3505092.5,-1147423.99,-14.92,923,Road (Truck),7,7,0,1,Delivered,None,16456.0,97.2,4.5,Advance Payment,Paid
DCP-2022-031055,2022-04-29,2022,Q2,April,4,Gboko Plant (Benue),North Central,Ibadan DC,Nassarawa,Retailer,Dangote 3X (42.5R),159,7.95,40896.07,325123.73,210571.53,90431.25,24120.95,7.42,650,Road (Truck),13,27,14,0,Delayed,Customs Delay,63050.0,91.4,3.6,Cash & Carry,Paid
DCP-2022-031081,2022-04-29,2022,Q2,April,4,Gboko Plant (Benue),North Central,Ibadan DC,Kwara,Retailer,Dangote 3X (42.5N),350,17.5,36395.06,636913.59,436934.37,445287.5,-245308.28,-38.52,1454,Road (Truck),13,13,0,1,Delivered,None,50068.0,97.0,3.5,60-Day Credit,Overdue
DCP-2022-031168,2022-04-29,2022,Q2,April,4,Obajana Plant (Kogi),North Central,Lagos DC,Benue,Retailer,Dangote OPC (52.5R),259,12.95,46960.56,608139.25,358031.25,349455.75,-99347.75,-16.34,1542,Road (Truck),14,14,0,1,Delivered,None,83042.0,96.2,3.3,Advance Payment,Overdue
DCP-2022-030090,2022-05-01,2022,Q2,May,5,Obajana Plant (Kogi),North Central,Abuja DC,Kaduna,Wholesaler,Dangote OPC (52.5R),3421,171.05,46978.67,8035700.88,5632433.6,4867227.75,-2463960.47,-30.66,1626,Road (Truck),2,7,5,0,Delivered,Road Damage,22668.0,99.4,4.0,30-Day Credit,Overdue
DCP-2022-030621,2022-05-01,2022,Q2,May,5,Obajana Plant (Kogi),North Central,Enugu DC,Nassarawa,Wholesaler,Dangote 3X (42.5R),3480,174.0,35383.03,6156646.4,3805393.46,538965.0,1812287.94,29.44,177,Road (Truck),11,23,12,0,Delivered,Truck Breakdown,70828.0,97.2,3.9,Cash & Carry,Overdue
DCP-2022-031133,2022-05-01,2022,Q2,May,5,Gboko Plant (Benue),North Central,Kaduna DC,Ebonyi,Contractor,Dangote 3X (42.5R),3756,187.8,39293.63,7379344.02,5103133.84,1212061.2,1064148.98,14.42,461,Road (Articulated),2,3,1,0,Delayed,Strike Action,52147.0,92.9,4.2,Cash & Carry,Paid
DCP-2022-030475,2022-05-02,2022,Q2,May,5,Obajana Plant (Kogi),North Central,Kano DC,Cross River,Government,Dangote Falcon,28528,1426.4,43705.69,62341793.89,36942640.76,2516169.6,22882983.53,36.71,126,Road (Articulated),2,2,0,1,Delivered,None,55504.0,85.4,3.3,Cash & Carry,Paid
DCP-2022-030598,2022-05-02,2022,Q2,May,5,Benue Plant (Benue),North Central,Maiduguri DC,Benue,Wholesaler,Dangote 3X (42.5N),3827,191.35,38827.69,7429678.14,4660027.45,2635367.87,134282.82,1.81,787,Road (Truck),5,8,3,0,Returned,Road Damage,36076.0,88.9,3.3,60-Day Credit,Paid
DCP-2022-030692,2022-05-02,2022,Q2,May,5,Dangote Cement Senegal,West Africa,Abuja DC,Oyo,Contractor,Dangote OPC (52.5R),8996,449.8,47085.43,21179027.7,12516926.09,4145356.8,4516744.81,21.33,1024,Rail,9,9,0,1,Delivered,None,63293.0,98.9,4.0,Advance Payment,Pending
DCP-2022-030671,2022-05-03,2022,Q2,May,5,Dangote Cement Senegal,West Africa,Maiduguri DC,Katsina,Export,Dangote OPC (52.5R),31510,1575.5,43421.81,68411055.61,46591088.79,37028188.75,-15208221.93,-22.23,1343,Road (Truck),6,12,6,0,Delivered,Truck Breakdown,13368.0,96.6,4.9,Cash & Carry,Paid
DCP-2022-031009,2022-05-03,2022,Q2,May,5,Ibese Plant (Ogun),Southwest,Onitsha DC,Kebbi,Wholesaler,Dangote 3X (42.5R),2295,114.75,36130.92,4146023.17,2460601.93,2070778.5,-385357.26,-9.29,1289,Road (Articulated),9,18,9,0,Delivered,Truck Breakdown,32705.0,96.1,4.5,Letter of Credit,Paid
DCP-2022-031099,2022-05-04,2022,Q2,May,5,Ibese Plant (Ogun),Southwest,Ibadan DC,Ondo,Wholesaler,Dangote 3X (42.5R),4296,214.8,35154.01,7551081.6,4255810.79,5646018.0,-2350747.19,-31.13,1502,Road (Truck),2,8,6,0,Delivered,Fuel Shortage,74848.0,94.0,3.7,Cash & Carry,Paid
DCP-2022-030049,2022-05-05,2022,Q2,May,5,Ibese Plant (Ogun),Southwest,Maiduguri DC,Kwara,Wholesaler,Dangote 3X (42.5R),4640,232.0,36272.98,8415332.34,5872624.71,1172528.0,1370179.63,16.28,722,River Barge,13,14,1,0,Delivered,Strike Action,83722.0,99.8,4.1,60-Day Credit,Paid
DCP-2022-030828,2022-05-07,2022,Q2,May,5,Dangote Cement Senegal,West Africa,Ibadan DC,Oyo,Retailer,Dangote 3X (42.5R),210,10.5,38410.33,403308.5,276769.63,68355.0,58183.87,14.43,465,Road (Articulated),7,7,0,1,Delivered,None,34351.0,93.4,3.7,Letter of Credit,Pending
DCP-2022-030841,2022-05-07,2022,Q2,May,5,Gboko Plant (Benue),North Central,Kano DC,Cross River,Retailer,Dangote 3X (42.5R),325,16.25,40390.97,656353.23,434556.09,110565.0,111232.14,16.95,486,Road (Articulated),3,3,0,1,Delivered,,66669.0,91.6,4.4,Cash & Carry,Paid
DCP-2022-030199,2022-05-08,2022,Q2,May,5,Gboko Plant (Benue),North Central,Abuja DC,Plateau,Contractor,Dangote 3X (42.5R),5803,290.15,40622.89,11786731.28,7437597.49,3930081.75,419052.04,3.56,774,Road (Truck),10,10,0,1,In Transit,None,59649.0,98.6,4.0,Cash & Carry,Pending
DCP-2022-030664,2022-05-08,2022,Q2,May,5,Benue Plant (Benue),North Central,Kano DC,Akwa Ibom,Wholesaler,Dangote 3X (42.5N),4541,227.05,35989.85,8171494.75,5049776.36,4807783.75,-1686065.36,-20.63,1210,Road (Truck),2,2,0,1,Delivered,None,80879.0,94.9,4.5,Advance Payment,Paid
DCP-2022-030776,2022-05-08,2022,Q2,May,5,Gboko Plant (Benue),North Central,Maiduguri DC,Delta,Contractor,Dangote OPC (52.5R),3551,177.55,41240.04,7322169.4,4292756.87,4732151.38,-1702738.85,-23.25,1523,Road (Truck),1,1,0,1,Damaged in Transit,,8503.0,88.8,4.1,Cash & Carry,Paid
DCP-2022-030894,2022-05-08,2022,Q2,May,5,Benue Plant (Benue),North Central,Kano DC,Edo,Wholesaler,Dangote Falcon,848,42.4,43751.28,1855054.3,1246433.8,754614.0,-145993.5,-7.87,1017,Road (Truck),13,24,11,0,Returned,Road Damage,44572.0,91.4,3.5,30-Day Credit,Pending
DCP-2022-030910,2022-05-08,2022,Q2,May,5,Gboko Plant (Benue),North Central,Kano DC,Sokoto,Wholesaler,Dangote 3X (42.5R),2188,109.4,39927.36,4368053.33,2909572.56,394387.0,1064093.77,24.36,206,Road (Truck),2,14,12,0,In Transit,Road Damage,80903.0,94.5,3.4,30-Day Credit,Pending
DCP-2022-030263,2022-05-09,2022,Q2,May,5,Benue Plant (Benue),North Central,Lagos DC,Abia,Retailer,Dangote 3X (42.5N),344,17.2,39028.1,671283.31,445049.42,179095.0,47138.89,7.02,595,Road (Truck),6,16,10,0,Delivered,Strike Action,61608.0,96.6,4.0,30-Day Credit,Pending
DCP-2022-030574,2022-05-09,2022,Q2,May,5,Dangote Cement Senegal,West Africa,Enugu DC,Kano,Contractor,Dangote Falcon,4316,215.8,43864.86,9466037.23,5369063.12,6420050.0,-2323075.89,-24.54,1700,Road (Truck),10,10,0,1,Delivered,None,58250.0,86.6,4.6,60-Day Credit,Paid
DCP-2022-031002,2022-05-09,2022,Q2,May,5,Dangote Cement Senegal,West Africa,Port Harcourt DC,Osun,Wholesaler,Dangote OPC (52.5R),4424,221.2,47351.38,10474125.19,6828222.54,1133428.8,2512473.85,23.99,366,Road (Articulated),7,7,0,1,Delivered,None,10320.0,89.5,4.3,60-Day Credit,Paid
DCP-2022-031082,2022-05-09,2022,Q2,May,5,Dangote Cement Senegal,West Africa,Abuja DC,Osun,Retailer,Dangote 3X (42.5N),154,7.7,37728.6,290510.24,192519.93,11858.0,86132.31,29.65,220,River Barge,1,12,11,0,Delayed,Flooding,17924.0,98.7,3.3,30-Day Credit,Pending
DCP-2022-030032,2022-05-10,2022,Q2,May,5,Benue Plant (Benue),North Central,Abuja DC,Enugu,Wholesaler,Dangote 3X (42.5R),4128,206.4,38787.03,8005642.97,4476063.4,1025808.0,2503771.57,31.28,355,Road (Articulated),5,5,0,1,Delivered,None,49646.0,91.2,4.2,30-Day Credit,Pending
DCP-2022-030689,2022-05-10,2022,Q2,May,5,Ibese Plant (Ogun),Southwest,Onitsha DC,Ebonyi,Retailer,Dangote Falcon,419,20.95,50172.14,1051106.39,690238.74,415019.5,-54151.85,-5.15,1132,Road (Truck),1,1,0,1,Delivered,None,49310.0,93.5,3.0,Cash & Carry,Paid
DCP-2022-030513,2022-05-11,2022,Q2,May,5,Dangote Cement Senegal,West Africa,Onitsha DC,Delta,Contractor,Dangote 3X (42.5N),1469,73.45,34181.38,2510622.47,1473220.84,533430.62,503971.01,20.07,415,Road (Truck),2,2,0,1,Delivered,None,56586.0,90.7,4.2,Letter of Credit,Paid
DCP-2022-030791,2022-05-11,2022,Q2,May,5,Gboko Plant (Benue),North Central,Enugu DC,Benue,Wholesaler,Dangote BLC,538,26.9,33377.49,897854.47,575492.07,191259.0,131103.4,14.6,790,Rail,8,12,4,0,In Transit,Road Damage,67742.0,86.6,4.3,60-Day Credit,Overdue
DCP-2022-030086,2022-05-12,2022,Q2,May,5,Benue Plant (Benue),North Central,Port Harcourt DC,Kwara,Contractor,Dangote Falcon,4642,232.1,48475.21,11251095.82,6450662.8,,2672076.02,23.75,1310,River Barge,4,4,0,1,Delivered,None,47483.0,94.6,3.1,30-Day Credit,Pending
DCP-2022-030489,2022-05-12,2022,Q2,May,5,Obajana Plant (Kogi),North Central,Enugu DC,Zamfara,Contractor,Dangote 3X (42.5R),4045,202.25,35431.07,7165934.55,4481920.55,3879155.0,-1195141.0,-16.68,1096,Road (Truck),4,4,0,1,Delivered,None,70815.0,91.2,4.3,Letter of Credit,Paid
DCP-2022-030533,2022-05-12,2022,Q2,May,5,Obajana Plant (Kogi),North Central,Kaduna DC,Osun,Contractor,Dangote 3X (42.5R),9553,477.65,36803.46,17579174.88,11204732.75,12030092.9,-5655650.77,-32.17,1799,Road (Articulated),12,18,6,0,In Transit,Truck Breakdown,22217.0,99.0,3.5,60-Day Credit,Paid
DCP-2022-030900,2022-05-12,2022,Q2,May,5,Benue Plant (Benue),North Central,Kaduna DC,Benue,Export,Dangote 3X (42.5R),49755,2487.75,38532.25,95858617.28,62269022.68,2440482.75,31149111.85,32.49,109,Rail,2,2,0,1,Delivered,None,32223.0,88.4,3.0,Advance Payment,Pending
DCP-2022-030957,2022-05-12,2022,Q2,May,5,Obajana Plant (Kogi),North Central,Enugu DC,Kwara,Contractor,Dangote 3X (42.5N),5470,273.5,33917.39,9276407.36,5849028.05,4859001.0,-1431621.69,-15.43,1269,Road (Articulated),8,14,6,0,Delivered,Fuel Shortage,39907.0,86.2,4.4,Cash & Carry,Pending
DCP-2022-030941,2022-05-13,2022,Q2,May,5,Obajana Plant (Kogi),North Central,Enugu DC,Ebonyi,Wholesaler,Dangote Falcon,925,46.25,44606.72,2063060.85,1191148.7,,217127.77,10.52,809,Road (Truck),11,13,2,0,Delayed,Truck Breakdown,19919.0,97.9,3.2,30-Day Credit,Paid
DCP-2022-030944,2022-05-13,2022,Q2,May,5,Obajana Plant (Kogi),North Central,Maiduguri DC,Delta,Wholesaler,Dangote BLC,3922,196.1,34040.48,6675337.7,4085252.99,121778.1,2468306.61,36.98,69,Rail,2,2,0,1,Delivered,None,22877.0,93.0,4.4,Cash & Carry,Overdue
DCP-2022-030445,2022-05-14,2022,Q2,May,5,Dangote Cement Senegal,West Africa,Kano DC,Niger,Wholesaler,Dangote 3X (42.5R),864,43.2,35030.15,1513302.56,1030416.0,274428.0,208458.56,13.78,363,Road (Truck),12,12,0,1,Delayed,None,50744.0,85.4,4.5,Advance Payment,Paid
DCP-2022-030781,2022-05-14,2022,Q2,May,5,Gboko Plant (Benue),North Central,Enugu DC,Rivers,Wholesaler,Dangote 3X (42.5R),4077,203.85,35110.62,7157300.1,4734775.03,4359332.25,-1936807.18,-27.06,1222,Road (Truck),3,3,0,1,Delayed,None,25017.0,85.7,4.8,Advance Payment,Paid
DCP-2022-030866,2022-05-14,2022,Q2,May,5,Benue Plant (Benue),North Central,Abuja DC,Rivers,Contractor,Dangote Falcon,3196,159.8,43616.35,6969892.61,4259714.89,3241143.5,-530965.78,-7.62,1159,Road (Truck),14,17,3,0,Delayed,Security Incident,42533.0,87.2,4.0,Advance Payment,Paid
DCP-2022-030890,2022-05-14,2022,Q2,May,5,Dangote Cement Senegal,West Africa,Port Harcourt DC,Enugu,Retailer,Dangote OPC (52.5R),287,14.35,46796.31,671527.0,402924.43,125146.35,143456.22,21.36,969,Rail,9,24,15,0,Delayed,Truck Breakdown,6560.0,86.8,,30-Day Credit,Paid
DCP-2022-030015,2022-05-15,2022,Q2,May,5,Ibese Plant (Ogun),Southwest,Benin DC,Zamfara,Contractor,Dangote 3X (42.5R),9389,469.45,35417.48,16626737.24,11640845.73,2916458.12,2069433.39,12.45,355,Road (Truck),14,14,0,1,Delivered,None,39383.0,85.6,3.7,Advance Payment,Overdue
DCP-2022-030118,2022-05-15,2022,Q2,May,5,Gboko Plant (Benue),North Central,Abuja DC,Kaduna,Government,Dangote OPC (52.5R),8693,434.65,42148.1,18319671.76,12600626.77,4905459.9,813585.09,4.44,1254,Rail,14,25,11,0,Delivered,Fuel Shortage,54292.0,96.8,4.6,Letter of Credit,Paid
DCP-2022-030844,2022-05-15,2022,Q2,May,5,Ibese Plant (Ogun),Southwest,Kano DC,Kwara,Export,Dangote Falcon,33402,1670.1,50628.19,84554134.36,48540655.45,8884932.0,27128546.91,32.08,380,Road (Articulated),9,9,0,1,Delivered,None,53594.0,88.8,3.3,30-Day Credit,Paid
DCP-2022-030983,2022-05-15,2022,Q2,May,5,Benue Plant (Benue),North Central,Lagos DC,Abuja,Retailer,Dangote 3X (42.5N),341,17.05,37884.31,645927.47,387499.64,293302.62,-34874.79,-5.4,983,Road (Truck),9,9,0,1,Delivered,None,9098.0,95.9,3.2,60-Day Credit,Pending
DCP-2022-030034,2022-05-16,2022,Q2,May,5,Dangote Cement Senegal,West Africa,Port Harcourt DC,Kano,Wholesaler,Dangote 3X (42.5N),1941,97.05,38885.12,3773801.17,2605912.72,332881.5,835006.95,22.13,196,Road (Truck),13,13,0,1,Delivered,None,50537.0,89.3,3.2,60-Day Credit,Paid
DCP-2022-030143,2022-05-16,2022,Q2,May,5,Ibese Plant (Ogun),Southwest,Port Harcourt DC,Bayelsa,Wholesaler,Dangote OPC (52.5R),2202,110.1,45551.71,5015243.45,2799434.01,729852.9,1485956.54,29.63,947,River Barge,3,11,8,0,Delayed,Strike Action,33098.0,90.6,4.7,60-Day Credit,Paid
DCP-2022-030645,2022-05-16,2022,Q2,May,5,Dangote Cement Senegal,West Africa,Kaduna DC,Edo,Contractor,Dangote BLC,2481,124.05,36054.66,4472580.6,2604357.87,3156452.25,-1288229.52,-28.8,1454,Road (Truck),9,13,4,0,Delayed,Road Damage,51540.0,87.6,4.4,Letter of Credit,Paid
DCP-2022-030385,2022-05-17,2022,Q2,May,5,Benue Plant (Benue),North Central,Benin DC,Imo,Wholesaler,Dangote 3X (42.5R),3618,180.9,39105.71,7074222.72,4303413.57,1760157.0,1010652.15,14.29,695,Road (Articulated),6,13,7,0,In Transit,Fuel Shortage,83024.0,98.1,4.6,Cash & Carry,Pending
DCP-2022-031074,2022-05-17,2022,Q2,May,5,Benue Plant (Benue),North Central,Enugu DC,Kogi,Wholesaler,Dangote OPC (52.5R),4864,243.2,41601.15,10117399.16,7074962.47,5590681.6,-2548244.91,-25.19,1642,Road (Articulated),5,12,7,0,Delivered,Security Incident,30422.0,88.5,3.4,30-Day Credit,Paid
DCP-2022-030202,2022-05-18,2022,Q2,May,5,Benue Plant (Benue),North Central,Maiduguri DC,Niger,Retailer,Dangote 3X (42.5N),265,13.25,36027.5,477364.41,323592.58,147843.5,5928.33,1.24,797,Road (Articulated),5,5,0,1,Delivered,None,83342.0,95.3,4.6,60-Day Credit,Pending
DCP-2022-030736,2022-05-18,2022,Q2,May,5,Benue Plant (Benue),North Central,Port Harcourt DC,Ebonyi,Government,Dangote Falcon,36794,1839.7,50186.76,92328581.1,65449069.65,24017283.5,2862227.95,3.1,746,Road (Truck),5,5,0,1,Delivered,None,31230.0,93.0,3.7,Advance Payment,Paid
DCP-2022-030926,2022-05-18,2022,Q2,May,5,Dangote Cement Senegal,West Africa,Kaduna DC,Benue,Retailer,Dangote 3X (42.5R),496,24.8,35918.94,890789.7,523855.83,490420.0,-123486.13,-13.86,1130,Road (Truck),5,5,0,1,Delivered,None,73455.0,87.5,5.0,Cash & Carry,Pending
DCP-2022-031123,2022-05-18,2022,Q2,May,5,Benue Plant (Benue),North Central,Kaduna DC,Zamfara,Retailer,Dangote 3X (42.5R),454,22.7,39913.91,906045.68,617907.32,25026.75,263111.61,29.04,63,Road (Truck),9,9,0,1,Delivered,None,71059.0,87.7,4.5,30-Day Credit,Paid
DCP-2022-030138,2022-05-19,2022,Q2,May,5,Ibese Plant (Ogun),Southwest,Lagos DC,Niger,Retailer,Dangote BLC,25,1.25,36559.81,45699.77,25590.07,22225.0,-2115.3,-4.63,1016,Road (Truck),13,17,4,0,Returned,Road Damage,13011.0,94.9,3.5,Letter of Credit,Overdue
DCP-2022-030276,2022-05-19,2022,Q2,May,5,Dangote Cement Senegal,West Africa,Onitsha DC,Kebbi,Contractor,Dangote 3X (42.5N),1526,76.3,35540.46,2711736.86,1921215.01,1179292.8,-388770.95,-14.34,1104,Road (Articulated),11,11,0,1,Delivered,None,35636.0,92.0,3.1,30-Day Credit,Paid
DCP-2022-030506,2022-05-19,2022,Q2,May,5,Obajana Plant (Kogi),North Central,Abuja DC,Oyo,Retailer,Dangote OPC (52.5R),370,18.5,43404.28,802979.09,443650.85,566562.5,-207234.26,-25.81,1750,Road (Truck),3,3,0,1,Delivered,None,36290.0,97.5,4.7,60-Day Credit,Paid
DCP-2022-030766,2022-05-19,2022,Q2,May,5,Dangote Cement Senegal,West Africa,Lagos DC,Niger,Wholesaler,Dangote 3X (42.5R),638,31.9,36006.49,1148607.13,681627.91,723492.0,-256512.78,-22.33,1296,Road (Truck),13,24,11,0,Delayed,Road Damage,70737.0,98.9,3.8,30-Day Credit,Overdue
DCP-2022-030450,2022-05-20,2022,Q2,May,5,Gboko Plant (Benue),North Central,Maiduguri DC,Osun,Retailer,Dangote 3X (42.5R),229,11.45,37105.73,424860.57,298524.92,346248.0,-219912.35,-51.76,1728,Road (Truck),3,12,9,0,Delivered,Strike Action,37785.0,94.1,4.8,Advance Payment,Paid
DCP-2022-030072,2022-05-21,2022,Q2,May,5,Obajana Plant (Kogi),North Central,Abuja DC,Edo,Retailer,Dangote 3X (42.5N),196,9.8,37959.4,372002.16,214718.81,19379.5,137903.85,37.07,113,Road (Truck),10,18,8,0,Delivered,Fuel Shortage,10379.0,96.7,3.7,30-Day Credit,Paid
DCP-2022-030396,2022-05-21,2022,Q2,May,5,Benue Plant (Benue),North Central,Enugu DC,Lagos,Wholesaler,Dangote 3X (42.5R),776,38.8,38859.77,1507759.03,1062127.78,346290.0,99341.25,6.59,510,Road (Truck),10,18,8,0,Delivered,Customs Delay,64629.0,96.9,3.4,30-Day Credit,Paid
DCP-2022-030674,2022-05-21,2022,Q2,May,5,Dangote Cement Senegal,West Africa,Onitsha DC,Kano,Wholesaler,Dangote OPC (52.5R),2608,130.4,45149.73,5887525.04,3735211.04,2825116.0,-672802.0,-11.43,1238,Road (Truck),11,24,13,0,Delivered,Road Damage,23787.0,99.8,4.1,Cash & Carry,Paid
DCP-2022-030262,2022-05-22,2022,Q2,May,5,Obajana Plant (Kogi),North Central,Kaduna DC,Plateau,Wholesaler,Dangote 3X (42.5R),592,29.6,39901.83,1181094.15,685327.53,99456.0,396310.62,33.55,192,Road (Truck),4,7,3,0,Delayed,Road Damage,13674.0,93.1,3.9,30-Day Credit,Paid
DCP-2022-030647,2022-05-22,2022,Q2,May,5,Dangote Cement Senegal,West Africa,Maiduguri DC,Kano,Wholesaler,Dangote Falcon,517,25.85,47963.41,1239854.09,785106.77,122593.62,332153.7,26.79,271,Road (Truck),7,7,0,1,Delivered,None,14833.0,96.4,5.0,Cash & Carry,Paid
DCP-2022-030995,2022-05-22,2022,Q2,May,5,Obajana Plant (Kogi),North Central,Abuja DC,Kano,Retailer,Dangote Falcon,226,11.3,48394.38,546856.5,367634.95,132571.6,46649.95,8.53,838,Road (Articulated),3,10,7,0,Delivered,Truck Breakdown,6244.0,85.5,3.3,Cash & Carry,Paid
DCP-2022-030777,2022-05-23,2022,Q2,May,5,Gboko Plant (Benue),North Central,Benin DC,Ekiti,Wholesaler,Dangote 3X (42.5N),897,44.85,37377.67,1676388.45,1170818.4,1159260.38,-653690.33,-38.99,1477,Road (Truck),1,8,7,0,Delivered,Truck Breakdown,10054.0,96.3,4.0,Advance Payment,Pending
DCP-2022-030804,2022-05-23,2022,Q2,May,5,Benue Plant (Benue),North Central,Kano DC,Sokoto,Wholesaler,Dangote 3X (42.5N),4687,234.35,38762.56,9084005.26,6363630.91,2555000.88,165373.47,1.82,623,Road (Truck),2,2,0,1,Delivered,None,77993.0,92.8,3.3,Cash & Carry,Paid
DCP-2022-030864,2022-05-23,2022,Q2,May,5,Gboko Plant (Benue),North Central,Port Harcourt DC,Ogun,Wholesaler,Dangote BLC,1517,75.85,36314.41,2754448.02,1775357.06,614840.1,364250.86,13.22,579,Road (Articulated),3,3,0,1,Delivered,None,62339.0,99.3,3.3,Cash & Carry,Paid
DCP-2022-031126,2022-05-23,2022,Q2,May,5,Ibese Plant (Ogun),Southwest,Port Harcourt DC,Abuja,Contractor,Dangote 3X (42.5R),8209,410.45,39081.09,16040832.5,8963792.7,5773800.15,1303239.65,8.12,1563,Rail,14,25,11,0,In Transit,Flooding,42572.0,96.4,4.7,60-Day Credit,Overdue
DCP-2022-031175,2022-05-23,2022,Q2,May,5,Ibese Plant (Ogun),Southwest,Maiduguri DC,Delta,Wholesaler,Dangote OPC (52.5R),2739,136.95,46759.51,6403715.17,3637265.63,4088642.25,-1322192.71,-20.65,1706,Road (Truck),14,26,12,0,Delivered,Road Damage,49612.0,98.2,4.3,Letter of Credit,Overdue
DCP-2022-030418,2022-05-24,2022,Q2,May,5,Ibese Plant (Ogun),Southwest,Ibadan DC,Lagos,Retailer,Dangote OPC (52.5R),454,22.7,45974.81,1043628.25,592880.27,322181.1,128566.88,12.32,1577,Rail,11,11,0,1,Delivered,None,53347.0,88.1,3.9,Cash & Carry,Paid
DCP-2022-030832,2022-05-25,2022,Q2,May,5,Benue Plant (Benue),North Central,Kano DC,Abia,Retailer,Dangote 3X (42.5R),39,1.95,36393.97,70968.24,41994.66,12667.2,16306.38,22.98,464,Road (Articulated),1,5,4,0,Delivered,Truck Breakdown,61512.0,90.5,4.3,30-Day Credit,Paid
DCP-2022-030056,2022-05-26,2022,Q2,May,5,Dangote Cement Senegal,West Africa,Benin DC,Sokoto,Contractor,Dangote 3X (42.5R),944,47.2,40945.43,1932624.28,1080941.75,386568.0,465114.53,24.07,468,Road (Truck),4,17,13,0,Delivered,Truck Breakdown,31250.0,85.1,4.5,Cash & Carry,Paid
DCP-2022-030125,2022-05-26,2022,Q2,May,5,Obajana Plant (Kogi),North Central,Ibadan DC,Kwara,Retailer,Dangote 3X (42.5R),270,13.5,37341.85,504114.92,332639.66,312795.0,-141319.74,-28.03,1655,Road (Articulated),4,4,0,1,Delivered,None,44967.0,93.9,4.1,Advance Payment,Overdue
DCP-2022-030197,2022-05-26,2022,Q2,May,5,Dangote Cement Senegal,West Africa,Maiduguri DC,Nassarawa,Wholesaler,Dangote 3X (42.5R),2365,118.25,40815.39,4826419.56,3027656.58,933347.25,865415.73,17.93,877,Rail,5,5,0,1,Delivered,None,49690.0,92.5,3.7,Cash & Carry,Paid
DCP-2022-030246,2022-05-26,2022,Q2,May,5,Dangote Cement Senegal,West Africa,Port Harcourt DC,Ondo,Wholesaler,Dangote 3X (42.5N),2874,143.7,33876.24,4868015.82,2701401.97,3603636.75,-1437022.9,-29.52,1433,Road (Truck),7,7,0,1,Delivered,None,19319.0,93.9,4.2,Letter of Credit,Paid
DCP-2022-030497,2022-05-26,2022,Q2,May,5,Ibese Plant (Ogun),Southwest,Abuja DC,Abuja,Wholesaler,Dangote 3X (42.5R),3695,184.75,35989.47,6649054.64,4718600.22,1502756.5,427697.92,6.43,581,Road (Articulated),13,13,0,1,Delivered,None,27290.0,86.4,4.1,30-Day Credit,Paid
DCP-2022-030534,2022-05-26,2022,Q2,May,5,Gboko Plant (Benue),North Central,Lagos DC,Kano,Wholesaler,Dangote OPC (52.5R),3494,174.7,42414.37,7409790.68,4657905.63,4079594.4,-1327709.35,-17.92,1668,Road (Articulated),6,6,0,1,Delivered,None,61721.0,88.3,4.2,60-Day Credit,Paid
DCP-2022-030304,2022-05-27,2022,Q2,May,5,Ibese Plant (Ogun),Southwest,Ibadan DC,Edo,Retailer,Dangote 3X (42.5R),217,10.85,35871.77,389208.71,215897.85,255495.8,-82184.94,-21.12,1682,Road (Articulated),8,8,0,1,Returned,None,38762.0,98.6,3.4,Cash & Carry,Paid
DCP-2022-030594,2022-05-27,2022,Q2,May,5,Gboko Plant (Benue),North Central,Maiduguri DC,Benue,Wholesaler,Dangote 3X (42.5R),1078,53.9,40344.45,2174565.63,1270732.3,110117.7,793715.63,36.5,227,Rail,8,8,0,1,Delivered,None,7856.0,92.2,3.2,Cash & Carry,Paid
DCP-2022-030502,2022-05-28,2022,Q2,May,5,Benue Plant (Benue),North Central,Benin DC,Niger,Wholesaler,Dangote 3X (42.5R),3580,179.0,37785.59,6763621.41,4086674.83,883365.0,1793581.58,26.52,282,Road (Truck),7,20,13,0,Delayed,Fuel Shortage,72210.0,98.0,4.2,60-Day Credit,Paid
DCP-2022-030590,2022-05-28,2022,Q2,May,5,Obajana Plant (Kogi),North Central,Onitsha DC,Enugu,Wholesaler,Dangote 3X (42.5R),830,41.5,38531.82,1599070.39,1124221.61,843176.25,-368327.47,-23.03,1161,Road (Truck),6,15,9,0,Delivered,Truck Breakdown,82341.0,90.8,3.7,30-Day Credit,Pending
DCP-2022-030088,2022-05-29,2022,Q2,May,5,Obajana Plant (Kogi),North Central,Lagos DC,Abuja,Retailer,Dangote Falcon,64,3.2,45759.52,146430.45,91846.94,76328.0,-21744.49,-14.85,1363,Road (Truck),8,11,3,0,Delayed,Strike Action,42442.0,87.9,3.2,Cash & Carry,Paid
DCP-2022-030164,2022-05-29,2022,Q2,May,5,Gboko Plant (Benue),North Central,Enugu DC,Kano,Contractor,Dangote BLC,1756,87.8,37185.64,3264898.78,1801062.79,263136.6,1200699.39,36.78,333,Rail,3,3,0,1,In Transit,None,81407.0,89.0,4.5,30-Day Credit,Paid
DCP-2022-030186,2022-05-29,2022,Q2,May,5,Ibese Plant (Ogun),Southwest,Benin DC,Sokoto,Retailer,Dangote 3X (42.5R),213,10.65,35024.4,373009.83,220303.24,253619.1,-100912.51,-27.05,1701,Road (Articulated),11,11,0,1,Delivered,None,40698.0,87.7,4.9,60-Day Credit,Overdue
DCP-2022-030390,2022-05-29,2022,Q2,May,5,Obajana Plant (Kogi),North Central,Abuja DC,Oyo,Wholesaler,Dangote Falcon,4951,247.55,48839.53,12090224.54,6888261.05,3478696.38,1723267.11,14.25,803,Road (Truck),6,16,10,0,Delayed,Security Incident,29864.0,93.9,3.4,30-Day Credit,Paid
DCP-2022-030700,2022-05-29,2022,Q2,May,5,Gboko Plant (Benue),North Central,Ibadan DC,Ondo,Wholesaler,Dangote 3X (42.5N),1311,65.55,36946.09,2421816.1,1528292.66,1210216.88,-316693.44,-13.08,1055,Road (Truck),13,13,0,1,Delivered,None,66058.0,92.5,4.6,Cash & Carry,Paid
DCP-2022-030119,2022-05-30,2022,Q2,May,5,Gboko Plant (Benue),North Central,Maiduguri DC,Benue,Export,Dangote Falcon,72425,3621.25,48348.33,175081393.11,99129032.45,80406235.0,-4453874.34,-2.54,1586,Road (Articulated),1,15,14,0,In Transit,Customs Delay,61114.0,87.0,3.3,Cash & Carry,Paid
DCP-2022-030544,2022-05-30,2022,Q2,May,5,Benue Plant (Benue),North Central,Ibadan DC,Delta,Wholesaler,Dangote 3X (42.5N),1833,91.65,34446.44,3157016.41,1742835.15,510032.25,904149.01,28.64,795,River Barge,12,21,9,0,Delivered,Strike Action,54477.0,87.6,3.7,Cash & Carry,Pending
DCP-2022-030605,2022-05-30,2022,Q2,May,5,Obajana Plant (Kogi),North Central,Enugu DC,Rivers,Export,Dangote 3X (42.5R),69847,3492.35,40377.57,141012606.61,87571024.61,24201985.5,29239596.5,20.74,396,Road (Truck),5,5,0,1,Delivered,None,46635.0,98.7,4.0,Advance Payment,Paid
DCP-2022-030855,2022-05-30,2022,Q2,May,5,Ibese Plant (Ogun),Southwest,Ibadan DC,Bayelsa,Wholesaler,Dangote OPC (52.5R),697,34.85,42629.68,1485644.41,847743.0,593286.4,44615.01,3.0,1216,Road (Articulated),10,10,0,1,Delivered,None,71703.0,,3.5,30-Day Credit,Paid
DCP-2022-030933,2022-05-31,2022,Q2,May,5,Obajana Plant (Kogi),North Central,Kano DC,Rivers,Wholesaler,Dangote Falcon,4687,234.35,47388.49,11105491.86,6734843.86,4814720.75,-444072.75,-4.0,1174,Road (Truck),7,18,11,0,Delivered,Security Incident,55524.0,89.9,4.1,Cash & Carry,Pending
DCP-2022-030947,2022-05-31,2022,Q2,May,5,Ibese Plant (Ogun),Southwest,Kano DC,Kwara,Government,Dangote 3X (42.5R),13204,660.2,39971.38,26389106.58,16266760.47,1173835.6,8948510.51,33.91,127,Road (Articulated),7,20,13,0,Delivered,Road Damage,33193.0,91.8,3.8,30-Day Credit,Paid
DCP-2022-030137,2022-06-01,2022,Q2,June,6,Benue Plant (Benue),North Central,Kaduna DC,Abia,Retailer,Dangote 3X (42.5R),41,2.05,37288.73,76441.9,47491.05,39204.2,-10253.35,-13.41,1366,Road (Articulated),9,9,0,1,Returned,None,48493.0,85.3,3.8,60-Day Credit,Paid
DCP-2022-030085,2022-06-02,2022,Q2,June,6,Gboko Plant (Benue),North Central,Port Harcourt DC,Bayelsa,Contractor,Dangote 3X (42.5N),5394,269.7,36853.25,9939320.86,7045611.99,7207058.25,-4313349.38,-43.4,1527,Road (Truck),2,11,9,0,Delivered,Road Damage,83413.0,97.3,4.9,Letter of Credit,Paid
DCP-2022-030320,2022-06-02,2022,Q2,June,6,Benue Plant (Benue),North Central,Kaduna DC,Cross River,Contractor,Dangote BLC,5280,264.0,35579.68,9393034.52,5739496.55,909216.0,2744321.97,29.22,246,Road (Articulated),9,9,0,1,Delivered,None,36047.0,89.0,4.2,Cash & Carry,Paid
DCP-2022-030438,2022-06-02,2022,Q2,June,6,Ibese Plant (Ogun),Southwest,Port Harcourt DC,Nassarawa,Government,Dangote 3X (42.5N),32563,1628.15,37602.77,61222950.11,35345059.51,42055114.5,-16177223.9,-26.42,1476,Road (Truck),12,26,14,0,Delivered,Road Damage,67646.0,94.0,3.2,60-Day Credit,Paid
DCP-2022-031040,2022-06-02,2022,Q2,June,6,Gboko Plant (Benue),North Central,Kano DC,Akwa Ibom,Wholesaler,Dangote 3X (42.5R),3468,173.4,35234.95,6109740.46,4080858.82,4694371.5,-2665489.86,-43.63,1547,Road (Truck),10,14,4,0,Delivered,Truck Breakdown,53697.0,98.1,,Cash & Carry,Paid
DCP-2022-030222,2022-06-03,2022,Q2,June,6,Obajana Plant (Kogi),North Central,Maiduguri DC,Plateau,Wholesaler,Dangote Falcon,558,27.9,45754.61,1276553.62,893031.88,458466.75,-74945.01,-5.87,939,Road (Truck),14,14,0,1,Delivered,None,64814.0,97.7,4.9,30-Day Credit,Paid
DCP-2022-030830,2022-06-04,2022,Q2,June,6,Dangote Cement Senegal,West Africa,Kaduna DC,Ondo,Retailer,Dangote BLC,76,3.8,34357.91,130560.04,81437.19,116907.0,-67784.15,-51.92,1758,Road (Truck),5,10,5,0,Delivered,Customs Delay,37875.0,87.1,4.7,Cash & Carry,Paid
DCP-2022-030954,2022-06-04,2022,Q2,June,6,Dangote Cement Senegal,West Africa,Enugu DC,Bayelsa,Retailer,Dangote 3X (42.5R),102,5.1,35944.95,183319.22,106209.46,,56368.06,30.75,581,River Barge,7,14,7,0,Returned,Fuel Shortage,76480.0,87.8,4.0,Cash & Carry,Paid
DCP-2022-030297,2022-06-05,2022,Q2,June,6,Dangote Cement Senegal,West Africa,Maiduguri DC,Osun,Contractor,Dangote OPC (52.5R),8718,435.9,46060.83,20077915.43,11732096.16,10717691.25,-2371871.98,-11.81,1405,Road (Truck),9,9,0,1,Delivered,None,73774.0,93.2,4.9,Cash & Carry,Paid
DCP-2022-030536,2022-06-05,2022,Q2,June,6,Gboko Plant (Benue),North Central,Enugu DC,Kaduna,Contractor,Dangote 3X (42.5R),684,34.2,38516.42,1317261.44,864288.26,721791.0,-268817.82,-20.41,1206,Road (Truck),13,13,0,1,Delayed,None,49515.0,92.4,3.5,Advance Payment,Paid
DCP-2022-030858,2022-06-05,2022,Q2,June,6,Benue Plant (Benue),North Central,Abuja DC,Ekiti,Contractor,Dangote 3X (42.5N),3860,193.0,38386.09,7408515.25,4252813.54,4212418.0,-1056716.29,-14.26,1559,Road (Articulated),2,2,0,1,Delivered,None,63707.0,91.9,4.7,Letter of Credit,Paid
DCP-2022-031057,2022-06-05,2022,Q2,June,6,Ibese Plant (Ogun),Southwest,Port Harcourt DC,Kogi,Wholesaler,Dangote 3X (42.5R),841,42.05,40995.4,1723856.76,1057386.52,865389.0,-198918.76,-11.54,1176,Road (Truck),12,12,0,1,Delivered,None,39629.0,90.8,4.9,Advance Payment,Paid
DCP-2022-030030,2022-06-06,2022,Q2,June,6,Dangote Cement Senegal,West Africa,Enugu DC,Katsina,Retailer,Dangote 3X (42.5N),186,9.3,37936.26,352807.25,213883.93,242334.75,-103411.43,-29.31,1489,Road (Truck),5,5,0,1,Delivered,None,20407.0,86.8,4.1,60-Day Credit,Paid
DCP-2022-030407,2022-06-06,2022,Q2,June,6,Dangote Cement Senegal,West Africa,Lagos DC,Akwa Ibom,Retailer,Dangote BLC,326,16.3,32521.98,530108.3,292090.46,282968.0,-44950.16,-8.48,992,Road (Truck),6,6,0,1,Delivered,None,62795.0,91.0,3.0,30-Day Credit,Paid
DCP-2022-031003,2022-06-06,2022,Q2,June,6,Ibese Plant (Ogun),Southwest,Lagos DC,Ebonyi,Wholesaler,Dangote 3X (42.5R),4720,236.0,36787.16,8681768.7,4799594.76,3657528.0,224645.94,2.59,1107,Road (Articulated),8,8,0,1,In Transit,None,72489.0,92.1,3.1,30-Day Credit,Paid
DCP-2022-030146,2022-06-07,2022,Q2,June,6,Benue Plant (Benue),North Central,Benin DC,Katsina,Government,Dangote 3X (42.5R),18367,918.35,38268.29,35143680.68,20433583.5,13355104.88,1354992.3,3.86,831,Road (Truck),8,8,0,1,Delivered,None,26072.0,97.6,4.1,Cash & Carry,Paid
DCP-2022-030243,2022-06-07,2022,Q2,June,6,Gboko Plant (Benue),North Central,Lagos DC,Benue,Retailer,Dangote BLC,264,13.2,34280.87,452507.46,312686.17,154539.0,-14717.71,-3.25,669,Road (Truck),5,5,0,1,Delivered,None,7992.0,88.0,3.2,30-Day Credit,Pending
DCP-2022-030849,2022-06-07,2022,Q2,June,6,Obajana Plant (Kogi),North Central,Port Harcourt DC,Kebbi,Wholesaler,Dangote BLC,3622,181.1,35673.7,6460507.71,4061519.37,1972179.0,426809.34,6.61,1210,Rail,7,7,0,1,Delayed,None,42965.0,86.1,3.9,Letter of Credit,Paid
DCP-2022-030990,2022-06-07,2022,Q2,June,6,Dangote Cement Senegal,West Africa,Ibadan DC,Ondo,Retailer,Dangote 3X (42.5R),159,7.95,36213.98,287901.15,192383.47,81996.3,13521.38,4.7,1146,Rail,11,11,0,1,In Transit,None,58966.0,88.6,3.7,60-Day Credit,Paid
DCP-2022-030636,2022-06-08,2022,Q2,June,6,Dangote Cement Senegal,West Africa,Benin DC,Kwara,Retailer,Dangote 3X (42.5R),58,2.9,35740.58,103647.67,72207.38,83686.75,-52246.46,-50.41,1649,Road (Truck),9,9,0,1,Delivered,None,42054.0,95.5,3.8,Advance Payment,Paid
DCP-2022-031006,2022-06-08,2022,Q2,June,6,Ibese Plant (Ogun),Southwest,Ibadan DC,Katsina,Wholesaler,Dangote 3X (42.5R),1438,71.9,40823.34,2935198.15,1942015.85,671042.7,322139.6,10.98,1037,Rail,6,8,2,0,Delivered,Flooding,44696.0,92.4,4.3,Cash & Carry,Overdue
DCP-2022-030333,2022-06-10,2022,Q2,June,6,Gboko Plant (Benue),North Central,Lagos DC,Enugu,Wholesaler,Dangote 3X (42.5N),4423,221.15,34437.67,7615891.38,4711719.5,5294331.0,-2390159.12,-31.38,1368,Road (Truck),9,19,10,0,Delayed,Road Damage,60798.0,98.3,4.6,30-Day Credit,Paid
DCP-2022-030398,2022-06-10,2022,Q2,June,6,Obajana Plant (Kogi),North Central,Lagos DC,Ekiti,Retailer,Dangote 3X (42.5R),344,17.2,38379.98,660135.6,458626.91,36421.0,165087.69,25.01,121,Road (Truck),2,2,0,1,Delivered,None,48554.0,91.3,4.9,Cash & Carry,Paid
DCP-2022-030555,2022-06-10,2022,Q2,June,6,Gboko Plant (Benue),North Central,Benin DC,Cross River,Government,Dangote 3X (42.5R),13067,653.35,36344.31,23745553.81,14522178.64,2687228.55,6536146.62,27.53,457,Rail,12,12,0,1,Delivered,None,79614.0,87.1,4.3,30-Day Credit,Pending
DCP-2022-030618,2022-06-10,2022,Q2,June,6,Dangote Cement Senegal,West Africa,Onitsha DC,Kwara,Contractor,Dangote Falcon,3283,164.15,47733.86,7835512.41,4469859.03,4458314.0,-1092660.62,-13.94,1552,Road (Truck),4,4,0,1,Delivered,None,24858.0,90.6,4.4,Letter of Credit,Paid
DCP-2022-030070,2022-06-11,2022,Q2,June,6,Gboko Plant (Benue),North Central,Onitsha DC,Plateau,Export,Dangote 3X (42.5N),76176,3808.8,33793.87,128714074.18,84947824.59,42325290.0,1440959.59,1.12,635,Road (Truck),13,13,0,1,Delivered,None,26857.0,97.0,3.9,30-Day Credit,Paid
DCP-2022-030104,2022-06-11,2022,Q2,June,6,Obajana Plant (Kogi),North Central,Port Harcourt DC,Kebbi,Wholesaler,Dangote Falcon,3362,168.1,45490.56,7646963.51,4938966.45,2847614.0,-139616.94,-1.83,1210,Road (Articulated),7,16,9,0,Delivered,Fuel Shortage,65449.0,87.1,5.0,60-Day Credit,Paid
DCP-2022-030620,2022-06-11,2022,Q2,June,6,Benue Plant (Benue),North Central,Onitsha DC,Lagos,Retailer,Dangote 3X (42.5R),340,17.0,36042.23,612717.92,400854.74,478082.5,-266219.32,-43.45,1607,Road (Truck),5,5,0,1,Delivered,None,8151.0,92.7,4.4,60-Day Credit,Paid
DCP-2022-030873,2022-06-11,2022,Q2,June,6,Dangote Cement Senegal,West Africa,Kaduna DC,Kogi,Retailer,Dangote OPC (52.5R),247,12.35,46199.04,570558.18,376441.7,69505.8,124610.68,21.84,402,Road (Articulated),12,12,0,1,Delivered,None,19391.0,91.5,,60-Day Credit,Paid
DCP-2022-030177,2022-06-12,2022,Q2,June,6,Dangote Cement Senegal,West Africa,Port Harcourt DC,Ondo,Retailer,Dangote 3X (42.5N),412,20.6,36009.04,741786.19,475704.6,85799.0,180282.59,24.3,238,Road (Truck),4,10,6,0,Delivered,,22476.0,96.3,4.1,Advance Payment,Pending
DCP-2022-030307,2022-06-12,2022,Q2,June,6,Dangote Cement Senegal,West Africa,Kaduna DC,Katsina,Contractor,Dangote BLC,4750,237.5,37447.04,8893673.15,5440345.8,6296718.75,-2843391.4,-31.97,1515,Road (Truck),5,5,0,1,Delayed,None,53465.0,97.6,4.3,Advance Payment,Paid
DCP-2022-030343,2022-06-12,2022,Q2,June,6,Benue Plant (Benue),North Central,Onitsha DC,Kano,Wholesaler,Dangote 3X (42.5N),336,16.8,34945.04,587076.74,411333.27,90871.2,84872.27,14.46,601,Rail,10,14,4,0,Delayed,Fuel Shortage,57124.0,86.9,4.1,30-Day Credit,Pending
DCP-2022-030361,2022-06-12,2022,Q2,June,6,Gboko Plant (Benue),North Central,Kaduna DC,Lagos,Wholesaler,Dangote 3X (42.5R),2015,100.75,35421.4,3568706.22,2509695.84,921056.5,137953.88,3.87,653,Road (Articulated),9,9,0,1,Delivered,None,27114.0,88.4,3.2,30-Day Credit,Paid
DCP-2022-030439,2022-06-12,2022,Q2,June,6,Obajana Plant (Kogi),North Central,Kano DC,Abia,Retailer,Dangote 3X (42.5N),85,4.25,35427.82,150568.24,103085.47,106356.25,-58873.48,-39.1,1430,Road (Truck),9,17,8,0,Delayed,Fuel Shortage,73581.0,94.5,4.3,30-Day Credit,Paid
DCP-2022-030869,2022-06-12,2022,Q2,June,6,Obajana Plant (Kogi),North Central,Benin DC,Osun,Wholesaler,Dangote BLC,1264,63.2,37493.94,2369617.01,1604786.42,620466.0,144364.59,6.09,561,Road (Truck),8,8,0,1,Delivered,None,73572.0,87.2,3.2,Cash & Carry,Paid
DCP-2022-030612,2022-06-13,2022,Q2,June,6,Benue Plant (Benue),North Central,Enugu DC,Cross River,Contractor,Dangote 3X (42.5N),6269,313.45,38038.33,11923114.19,7193103.84,8639465.62,-3909455.27,-32.79,1575,Road (Truck),10,10,0,1,Delivered,None,37779.0,98.2,3.6,60-Day Credit,Overdue
DCP-2022-030796,2022-06-13,2022,Q2,June,6,Ibese Plant (Ogun),Southwest,Abuja DC,Kebbi,Retailer,Dangote OPC (52.5R),34,1.7,42425.6,72123.52,49268.77,38532.2,-15677.45,-21.74,1619,Road (Articulated),11,11,0,1,Delivered,None,37693.0,99.7,,60-Day Credit,Paid
DCP-2022-030151,2022-06-14,2022,Q2,June,6,Gboko Plant (Benue),North Central,Kaduna DC,Rivers,Retailer,Dangote 3X (42.5N),106,5.3,38914.45,206246.57,127711.79,38658.2,39876.58,19.33,1042,River Barge,14,14,0,1,Delivered,None,68319.0,86.0,4.4,30-Day Credit,Pending
DCP-2022-030749,2022-06-16,2022,Q2,June,6,Gboko Plant (Benue),North Central,Port Harcourt DC,Anambra,Retailer,Dangote 3X (42.5N),467,23.35,35449.99,827757.26,587499.34,243540.5,-3282.58,-0.4,596,Road (Truck),8,16,8,0,Delayed,Fuel Shortage,75601.0,88.3,4.6,Cash & Carry,Overdue
DCP-2022-030811,2022-06-16,2022,Q2,June,6,Obajana Plant (Kogi),North Central,Lagos DC,Katsina,Retailer,Dangote OPC (52.5R),168,8.4,45169.22,379421.45,247388.49,77616.0,54416.96,14.34,528,Road (Truck),2,10,8,0,Delayed,Customs Delay,80312.0,86.4,5.0,Cash & Carry,Paid
DCP-2022-030895,2022-06-16,2022,Q2,June,6,Ibese Plant (Ogun),Southwest,Kano DC,Kebbi,Contractor,Dangote OPC (52.5R),2990,149.5,42917.78,6416207.87,4306407.63,1805212.5,304587.74,4.75,690,Road (Truck),2,8,6,0,Delivered,Customs Delay,54196.0,91.7,3.1,Advance Payment,Paid
DCP-2022-030223,2022-06-17,2022,Q2,June,6,Dangote Cement Senegal,West Africa,Port Harcourt DC,Ekiti,Wholesaler,Dangote Falcon,3318,165.9,48901.36,8112735.35,5255375.81,679360.5,2177999.04,26.85,234,Road (Truck),5,8,3,0,Delivered,Truck Breakdown,11604.0,93.6,3.1,30-Day Credit,Paid
DCP-2022-030370,2022-06-17,2022,Q2,June,6,Benue Plant (Benue),North Central,Benin DC,Kaduna,Wholesaler,Dangote OPC (52.5R),4592,229.6,45503.61,10447629.78,6523636.07,3259401.6,664592.11,6.36,1014,Road (Articulated),14,14,0,1,Delivered,,53559.0,87.7,3.2,60-Day Credit,Paid
DCP-2022-030572,2022-06-17,2022,Q2,June,6,Obajana Plant (Kogi),North Central,Abuja DC,Sokoto,Wholesaler,Dangote OPC (52.5R),940,47.0,44693.06,2100573.98,1238227.02,778907.5,83439.46,3.97,947,Road (Truck),2,2,0,1,Delivered,None,17294.0,98.2,4.5,60-Day Credit,Pending
DCP-2022-031052,2022-06-17,2022,Q2,June,6,Benue Plant (Benue),North Central,Onitsha DC,Rivers,Retailer,Dangote OPC (52.5R),275,13.75,46569.82,640335.03,460664.98,106115.62,73554.43,11.49,441,Road (Truck),12,12,0,1,Delivered,None,40381.0,96.1,4.5,Letter of Credit,Paid
DCP-2022-030927,2022-06-18,2022,Q2,June,6,Obajana Plant (Kogi),North Central,Port Harcourt DC,Imo,Wholesaler,Dangote 3X (42.5R),599,29.95,38295.15,1146939.62,704305.31,877385.25,-434750.94,-37.91,1674,Road (Truck),12,20,8,0,Delivered,Customs Delay,13898.0,85.1,4.0,30-Day Credit,Pending
DCP-2022-030226,2022-06-19,2022,Q2,June,6,Ibese Plant (Ogun),Southwest,Onitsha DC,Kwara,Wholesaler,Dangote OPC (52.5R),4386,219.3,44343.55,9724541.04,6378493.13,669084.3,2676963.61,27.53,339,Rail,11,11,0,1,Delivered,None,58082.0,,3.3,Cash & Carry,Pending
DCP-2022-030248,2022-06-19,2022,Q2,June,6,Gboko Plant (Benue),North Central,Benin DC,Katsina,Wholesaler,Dangote 3X (42.5R),3993,199.65,37870.2,7560786.36,5245524.36,877661.4,1437600.6,19.01,628,River Barge,10,19,9,0,Delivered,Road Damage,70404.0,97.0,3.7,30-Day Credit,Pending
DCP-2022-030543,2022-06-19,2022,Q2,June,6,Benue Plant (Benue),North Central,Ibadan DC,Kebbi,Wholesaler,Dangote OPC (52.5R),392,19.6,41522.09,813832.94,487512.93,137748.8,188571.21,23.17,502,Road (Articulated),10,10,0,1,Delivered,None,80583.0,87.4,4.3,30-Day Credit,Paid
DCP-2022-030098,2022-06-20,2022,Q2,June,6,Gboko Plant (Benue),North Central,Lagos DC,Kwara,Government,Dangote 3X (42.5R),49593,2479.65,41037.4,101758383.46,64251927.31,12185000.1,25321456.05,24.88,546,Rail,12,12,0,1,In Transit,None,49166.0,96.6,3.8,30-Day Credit,Paid
DCP-2022-030228,2022-06-20,2022,Q2,June,6,Benue Plant (Benue),North Central,Kaduna DC,Cross River,Wholesaler,Dangote OPC (52.5R),2940,147.0,42981.86,6318333.72,3799817.19,2768010.0,-249493.47,-3.95,1076,Road (Truck),1,16,15,0,Delivered,Road Damage,84996.0,99.9,4.9,Advance Payment,Paid
DCP-2022-030461,2022-06-20,2022,Q2,June,6,Benue Plant (Benue),North Central,Kano DC,Lagos,Contractor,Dangote 3X (42.5R),7211,360.55,36039.29,12993966.56,7729480.13,1306092.38,3958394.05,30.46,207,Road (Truck),13,23,10,0,Delivered,Flooding,42906.0,85.0,,30-Day Credit,Paid
DCP-2022-030665,2022-06-20,2022,Q2,June,6,Gboko Plant (Benue),North Central,Abuja DC,Abuja,Wholesaler,Dangote Falcon,4129,206.45,46220.51,9542224.69,5595416.06,2687979.0,1258829.63,13.19,930,Road (Articulated),5,5,0,1,Delivered,None,31889.0,94.0,4.2,Letter of Credit,Paid
DCP-2022-030669,2022-06-20,2022,Q2,June,6,Gboko Plant (Benue),North Central,Maiduguri DC,Kogi,Contractor,Dangote 3X (42.5N),7332,366.6,39010.46,14301234.6,9490382.06,4701645.0,109207.54,0.76,1425,Rail,10,10,0,1,Delivered,None,76647.0,94.8,3.7,30-Day Credit,Paid
DCP-2022-030681,2022-06-20,2022,Q2,June,6,Gboko Plant (Benue),North Central,Abuja DC,Ondo,Retailer,Dangote BLC,308,15.4,33496.51,515846.23,307964.09,191129.4,16752.74,3.25,1773,River Barge,13,13,0,1,In Transit,None,69926.0,93.2,4.2,60-Day Credit,Paid
DCP-2022-030764,2022-06-20,2022,Q2,June,6,Ibese Plant (Ogun),Southwest,Port Harcourt DC,Rivers,Retailer,Dangote BLC,431,21.55,37456.95,807197.2,570474.33,666002.75,-429279.88,-53.18,1766,Road (Truck),7,7,0,1,Delivered,None,33259.0,86.0,,Cash & Carry,Pending
DCP-2022-031050,2022-06-20,2022,Q2,June,6,Obajana Plant (Kogi),North Central,Onitsha DC,Abia,Contractor,Dangote 3X (42.5R),1834,91.7,38407.8,3521995.3,2409569.48,925161.3,187264.52,5.32,1121,Rail,14,27,13,0,Delivered,Fuel Shortage,66361.0,97.2,3.1,Letter of Credit,Paid
DCP-2022-030277,2022-06-21,2022,Q2,June,6,Ibese Plant (Ogun),Southwest,Onitsha DC,Osun,Retailer,Dangote Falcon,387,19.35,47602.5,921108.33,656794.12,64880.55,199433.66,21.65,479,River Barge,13,13,0,1,Delivered,None,26389.0,95.2,3.6,Cash & Carry,Paid
DCP-2022-030351,2022-06-21,2022,Q2,June,6,Gboko Plant (Benue),North Central,Port Harcourt DC,Osun,Retailer,Dangote 3X (42.5R),500,25.0,35290.95,882273.79,535284.37,733250.0,-386260.58,-43.78,1676,Road (Truck),2,12,10,0,Delivered,Truck Breakdown,12654.0,91.7,3.2,Advance Payment,Overdue
DCP-2022-030530,2022-06-21,2022,Q2,June,6,Dangote Cement Senegal,West Africa,Enugu DC,Osun,Contractor,Dangote 3X (42.5N),7147,357.35,35819.48,12800089.55,8508247.87,2232544.12,2059297.56,16.09,357,Road (Truck),12,16,4,0,In Transit,Road Damage,54162.0,98.1,3.9,30-Day Credit,Paid
DCP-2022-031171,2022-06-21,2022,Q2,June,6,Benue Plant (Benue),North Central,Enugu DC,Sokoto,Contractor,Dangote 3X (42.5N),9258,462.9,37451.39,17336249.34,12467071.62,558951.75,4310225.97,24.86,69,Road (Truck),8,8,0,1,Delivered,None,73332.0,98.0,3.6,Letter of Credit,Paid
DCP-2022-030141,2022-06-22,2022,Q2,June,6,Gboko Plant (Benue),North Central,Enugu DC,Ekiti,Export,Dangote OPC (52.5R),62261,3113.05,47243.06,147070011.63,97119247.76,,41103475.77,27.95,406,River Barge,9,24,15,0,In Transit,Fuel Shortage,33546.0,95.0,4.6,30-Day Credit,Pending
DCP-2022-030509,2022-06-22,2022,Q2,June,6,Ibese Plant (Ogun),Southwest,Lagos DC,Niger,Contractor,Dangote BLC,6860,343.0,33701.61,11559652.72,6768964.0,5767202.0,-976513.28,-8.45,1201,Road (Articulated),9,9,0,1,Delayed,None,23859.0,91.9,4.0,30-Day Credit,Pending
DCP-2022-030712,2022-06-22,2022,Q2,June,6,Ibese Plant (Ogun),Southwest,Benin DC,Akwa Ibom,Retailer,Dangote Falcon,232,11.6,48833.05,566463.42,361566.62,49938.0,154958.8,27.36,246,Road (Truck),3,3,0,1,Delivered,None,80108.0,99.2,4.7,Cash & Carry,Pending
DCP-2022-030809,2022-06-22,2022,Q2,June,6,Ibese Plant (Ogun),Southwest,Kaduna DC,Sokoto,Wholesaler,Dangote Falcon,2336,116.8,46514.37,5432878.57,3676463.84,1976548.0,-220133.27,-4.05,967,Road (Truck),9,9,0,1,Delivered,None,25110.0,89.5,4.1,Cash & Carry,Paid
DCP-2022-030214,2022-06-23,2022,Q2,June,6,Obajana Plant (Kogi),North Central,Lagos DC,Nassarawa,Retailer,Dangote 3X (42.5N),369,18.45,34207.17,631122.24,399458.27,180293.4,51370.57,8.14,698,Road (Articulated),13,19,6,0,Delayed,Road Damage,40098.0,87.9,4.4,30-Day Credit,Paid
DCP-2022-030315,2022-06-23,2022,Q2,June,6,Benue Plant (Benue),North Central,Kano DC,Oyo,Wholesaler,Dangote 3X (42.5N),4445,222.25,35100.77,7801146.38,4706087.06,1209595.62,1885463.7,24.17,311,Road (Truck),14,14,0,1,Delivered,None,39407.0,98.5,3.5,Letter of Credit,Overdue
DCP-2022-030105,2022-06-24,2022,Q2,June,6,Dangote Cement Senegal,West Africa,Maiduguri DC,Rivers,Retailer,Dangote 3X (42.5R),406,20.3,38815.47,787953.99,538332.67,345303.0,-95681.68,-12.14,972,Road (Truck),6,13,7,0,In Transit,Road Damage,59376.0,94.9,3.2,30-Day Credit,Pending
DCP-2022-030457,2022-06-24,2022,Q2,June,6,Ibese Plant (Ogun),Southwest,Maiduguri DC,Imo,Retailer,Dangote 3X (42.5R),449,22.45,40701.84,913756.28,612625.25,546882.0,-245750.97,-26.89,1392,Road (Truck),9,9,0,1,Delivered,None,78336.0,90.8,3.9,30-Day Credit,Paid
DCP-2022-030728,2022-06-24,2022,Q2,June,6,Benue Plant (Benue),North Central,Maiduguri DC,Kaduna,Wholesaler,Dangote BLC,3589,179.45,33497.12,6011058.41,4146623.46,1374228.1,490206.85,8.16,547,Road (Articulated),14,14,0,1,Delivered,None,84673.0,91.1,3.7,30-Day Credit,Paid
DCP-2022-031119,2022-06-24,2022,Q2,June,6,Obajana Plant (Kogi),North Central,Port Harcourt DC,Enugu,Wholesaler,Dangote 3X (42.5N),4379,218.95,34181.68,7484079.38,4771540.45,1892822.75,819716.18,10.95,494,Road (Truck),8,8,0,1,Delivered,None,20767.0,94.4,3.0,Advance Payment,Paid
DCP-2022-030172,2022-06-25,2022,Q2,June,6,Gboko Plant (Benue),North Central,Benin DC,Anambra,Wholesaler,Dangote 3X (42.5N),3481,174.05,38756.79,6745619.51,4297567.32,2163789.6,284262.59,4.21,1776,River Barge,14,14,0,1,Delivered,None,49287.0,88.3,3.4,60-Day Credit,Paid
DCP-2022-030273,2022-06-25,2022,Q2,June,6,Ibese Plant (Ogun),Southwest,Ibadan DC,Rivers,Wholesaler,Dangote 3X (42.5N),1492,74.6,36808.09,2745883.73,1617461.14,932649.2,195773.39,7.13,893,Road (Articulated),8,12,4,0,In Transit,Strike Action,71959.0,89.2,4.5,60-Day Credit,Paid
DCP-2022-030867,2022-06-25,2022,Q2,June,6,Benue Plant (Benue),North Central,Kaduna DC,Imo,Retailer,Dangote 3X (42.5R),374,18.7,38043.37,711411.02,480710.81,181951.0,48749.21,6.85,556,Road (Truck),11,11,0,1,Delivered,None,80239.0,96.9,3.2,Cash & Carry,Overdue
DCP-2022-030069,2022-06-26,2022,Q2,June,6,Ibese Plant (Ogun),Southwest,Abuja DC,Imo,Retailer,Dangote 3X (42.5R),397,19.85,35229.56,699306.79,449530.02,306563.4,-56786.63,-8.12,1716,Rail,14,22,8,0,Returned,Truck Breakdown,43282.0,87.7,3.3,60-Day Credit,Overdue
DCP-2022-030532,2022-06-26,2022,Q2,June,6,Benue Plant (Benue),North Central,Maiduguri DC,Kogi,Government,Dangote BLC,49017,2450.85,35386.78,86727695.55,48299431.31,,7633333.99,8.8,718,Road (Truck),3,15,12,0,Delayed,Road Damage,75563.0,90.7,5.0,Cash & Carry,Overdue
DCP-2022-030652,2022-06-26,2022,Q2,June,6,Gboko Plant (Benue),North Central,Kaduna DC,Lagos,Retailer,Dangote 3X (42.5N),380,19.0,36056.96,685082.33,427732.25,253697.5,3652.58,0.53,763,Road (Truck),6,11,5,0,Delivered,Security Incident,18483.0,97.8,4.3,30-Day Credit,Pending
DCP-2022-030981,2022-06-26,2022,Q2,June,6,Benue Plant (Benue),North Central,Enugu DC,Anambra,Wholesaler,Dangote 3X (42.5N),3284,164.2,36200.03,5944044.91,4038059.77,206892.0,1699093.14,28.58,72,Road (Truck),14,14,0,1,Delivered,None,64629.0,90.7,4.5,30-Day Credit,Paid
DCP-2022-030868,2022-06-27,2022,Q2,June,6,Dangote Cement Senegal,West Africa,Kaduna DC,Anambra,Government,Dangote 3X (42.5R),41251,2062.55,40531.29,83597814.59,59849318.56,7255019.63,16493476.4,19.73,201,Road (Truck),1,9,8,0,Delivered,Strike Action,7884.0,94.4,3.5,Cash & Carry,Paid
DCP-2022-030889,2022-06-27,2022,Q2,June,6,Benue Plant (Benue),North Central,Port Harcourt DC,Lagos,Wholesaler,Dangote OPC (52.5R),3762,188.1,46923.0,8826215.91,4925305.27,1596498.75,2304411.89,26.11,485,Road (Truck),6,19,13,0,In Transit,Fuel Shortage,13146.0,98.3,4.6,30-Day Credit,Paid
DCP-2022-030449,2022-06-28,2022,Q2,June,6,Dangote Cement Senegal,West Africa,Ibadan DC,Kaduna,Contractor,Dangote 3X (42.5N),8323,416.15,39106.66,16274236.04,11502616.63,4092835.25,678784.16,4.17,562,Road (Truck),11,23,12,0,Delivered,Flooding,36426.0,93.8,4.5,Cash & Carry,Pending
DCP-2022-030582,2022-06-28,2022,Q2,June,6,Dangote Cement Senegal,West Africa,Port Harcourt DC,Kaduna,Wholesaler,Dangote 3X (42.5N),535,26.75,36137.17,966669.2,628799.66,68159.0,269710.54,27.9,182,Road (Articulated),3,3,0,1,Delivered,None,57022.0,98.4,4.0,60-Day Credit,Paid
DCP-2022-030741,2022-06-28,2022,Q2,June,6,Benue Plant (Benue),North Central,Kano DC,Abia,Wholesaler,Dangote 3X (42.5N),2810,140.5,38911.29,5467036.84,3727950.84,2217792.5,-478706.5,-8.76,902,Road (Truck),6,16,10,0,Delivered,Strike Action,68384.0,91.7,3.9,Cash & Carry,Paid
DCP-2022-030815,2022-06-28,2022,Q2,June,6,Ibese Plant (Ogun),Southwest,Lagos DC,Abia,Wholesaler,Dangote 3X (42.5N),473,23.65,37660.58,890672.75,604992.94,74911.37,210768.44,23.66,181,Road (Truck),5,20,15,0,Delivered,Road Damage,22711.0,94.8,4.8,30-Day Credit,Paid
DCP-2022-030871,2022-06-28,2022,Q2,June,6,Obajana Plant (Kogi),North Central,Maiduguri DC,Imo,Government,Dangote OPC (52.5R),13416,670.8,43635.29,29270554.62,17379519.77,13964714.4,-2073679.55,-7.08,1487,Road (Articulated),7,7,0,1,Delivered,None,17797.0,98.2,4.5,30-Day Credit,Paid
DCP-2022-030979,2022-06-28,2022,Q2,June,6,Gboko Plant (Benue),North Central,Ibadan DC,Osun,Government,Dangote 3X (42.5N),13886,694.3,36289.3,25195664.15,16678111.16,10266961.25,-1749408.26,-6.94,845,Road (Truck),8,23,15,0,Delayed,Security Incident,7532.0,97.9,3.4,Cash & Carry,Paid
DCP-2022-030225,2022-06-29,2022,Q2,June,6,Dangote Cement Senegal,West Africa,Benin DC,Rivers,Wholesaler,Dangote Falcon,467,23.35,44995.84,1050652.91,700271.79,60313.05,290068.07,27.61,369,River Barge,14,14,0,1,Delivered,None,24444.0,94.3,3.3,Letter of Credit,Paid
DCP-2022-030080,2022-06-30,2022,Q2,June,6,Obajana Plant (Kogi),North Central,Lagos DC,Abuja,Retailer,Dangote BLC,461,23.05,35966.12,829018.96,496231.87,21298.2,311488.89,37.57,66,Road (Articulated),7,7,0,1,Delivered,None,34262.0,91.0,3.1,Cash & Carry,Paid
DCP-2022-030886,2022-06-30,2022,Q2,June,6,Dangote Cement Senegal,West Africa,Maiduguri DC,Abuja,Retailer,Dangote Falcon,48,2.4,44695.43,107269.03,70090.08,36355.2,823.75,0.77,1082,Road (Articulated),2,2,0,1,Delivered,None,72112.0,92.8,4.3,Cash & Carry,Pending
DCP-2022-030016,2022-07-01,2022,Q3,July,7,Dangote Cement Senegal,West Africa,Kaduna DC,Rivers,Contractor,Dangote BLC,4078,203.9,37666.75,7680251.1,5282716.27,3190015.5,-792480.67,-10.32,894,Road (Truck),12,25,13,0,Delayed,Security Incident,69179.0,98.0,4.6,Cash & Carry,Pending
DCP-2022-030499,2022-07-01,2022,Q3,July,7,Obajana Plant (Kogi),North Central,Port Harcourt DC,Cross River,Wholesaler,Dangote 3X (42.5N),1383,69.15,35192.47,2433559.36,1599349.99,684585.0,149624.37,6.15,1100,Rail,2,8,6,0,Delayed,Fuel Shortage,8069.0,86.5,4.4,30-Day Credit,Paid
DCP-2022-031043,2022-07-01,2022,Q3,July,7,Dangote Cement Senegal,West Africa,Maiduguri DC,Imo,Wholesaler,Dangote 3X (42.5R),4364,218.2,40076.51,8744695.06,4835690.27,1347166.8,2561837.99,29.3,441,Road (Articulated),3,3,0,1,Delivered,None,64528.0,95.0,3.9,30-Day Credit,Paid
DCP-2022-030283,2022-07-02,2022,Q3,July,7,Obajana Plant (Kogi),North Central,Enugu DC,Ogun,Retailer,Dangote 3X (42.5N),109,5.45,34877.32,190081.39,134779.7,59037.13,-3735.44,-1.97,619,Road (Truck),2,2,0,1,Delivered,None,58725.0,86.3,4.0,Cash & Carry,Paid
DCP-2022-030373,2022-07-02,2022,Q3,July,7,Gboko Plant (Benue),North Central,Kano DC,Lagos,Retailer,Dangote 3X (42.5R),171,8.55,36253.63,309968.53,182080.58,167220.9,-39332.95,-12.69,1397,Road (Articulated),11,12,1,0,Delivered,Road Damage,22485.0,89.5,4.2,Advance Payment,Paid
DCP-2022-031137,2022-07-02,2022,Q3,July,7,Obajana Plant (Kogi),North Central,Abuja DC,Plateau,Contractor,Dangote 3X (42.5N),7198,359.9,38641.96,13907241.34,8852582.28,6487197.5,-1432538.44,-10.3,1030,Road (Truck),3,12,9,0,Delayed,Fuel Shortage,22340.0,98.9,3.9,30-Day Credit,Paid
DCP-2022-030134,2022-07-03,2022,Q3,July,7,Ibese Plant (Ogun),Southwest,Benin DC,Abuja,Retailer,Dangote 3X (42.5R),446,22.3,35918.3,800978.12,533955.5,271926.2,-4903.58,-0.61,1742,River Barge,10,10,0,1,Delivered,None,31223.0,86.4,3.5,30-Day Credit,Paid
DCP-2022-030252,2022-07-03,2022,Q3,July,7,Obajana Plant (Kogi),North Central,Ibadan DC,Ebonyi,Wholesaler,Dangote OPC (52.5R),3636,181.8,43255.65,7863876.99,4750423.73,2650189.5,463263.76,5.89,833,Road (Truck),7,7,0,1,Delivered,None,42990.0,87.8,3.8,Advance Payment,Pending
DCP-2022-030584,2022-07-03,2022,Q3,July,7,Dangote Cement Senegal,West Africa,Abuja DC,Imo,Export,Dangote 3X (42.5R),85458,4272.9,37475.37,160128489.52,92459026.89,33499536.0,34169926.63,21.34,448,Road (Truck),10,13,3,0,Delayed,Truck Breakdown,7359.0,98.9,4.5,Cash & Carry,Paid
DCP-2022-030872,2022-07-03,2022,Q3,July,7,Dangote Cement Senegal,West Africa,Kano DC,Lagos,Retailer,Dangote 3X (42.5R),463,23.15,38259.84,885715.31,508488.43,521801.0,-144574.12,-16.32,1288,Road (Truck),11,11,0,1,Delivered,None,17613.0,93.9,3.2,Cash & Carry,Pending
DCP-2022-031097,2022-07-03,2022,Q3,July,7,Ibese Plant (Ogun),Southwest,Onitsha DC,Rivers,Contractor,Dangote 3X (42.5R),7231,361.55,35365.4,12786360.28,7137858.53,4612474.12,1036027.63,8.1,729,Road (Truck),4,4,0,1,Delivered,None,34700.0,98.4,3.2,Cash & Carry,Paid
DCP-2022-030129,2022-07-04,2022,Q3,July,7,Obajana Plant (Kogi),North Central,Benin DC,Ebonyi,Retailer,Dangote 3X (42.5R),198,9.9,39661.84,392652.22,275651.92,99099.0,17901.3,4.56,1430,River Barge,4,5,1,0,Delivered,Truck Breakdown,74034.0,88.7,3.9,30-Day Credit,Paid
DCP-2022-030204,2022-07-04,2022,Q3,July,7,Gboko Plant (Benue),North Central,Onitsha DC,Zamfara,Government,Dangote 3X (42.5R),17889,894.45,37463.51,33509233.21,20430089.69,18044634.3,-4965490.78,-14.82,1441,Road (Articulated),4,15,11,0,Delayed,Road Damage,18963.0,96.7,3.7,60-Day Credit,Paid
DCP-2022-030378,2022-07-04,2022,Q3,July,7,Benue Plant (Benue),North Central,Kaduna DC,Ondo,Retailer,Dangote 3X (42.5N),226,11.3,37871.98,427953.38,290689.54,273369.6,-136105.76,-31.8,1728,Road (Articulated),8,8,0,1,Delivered,None,73323.0,96.4,4.8,30-Day Credit,Paid
DCP-2022-030005,2022-07-05,2022,Q3,July,7,Ibese Plant (Ogun),Southwest,Kano DC,Sokoto,Retailer,Dangote 3X (42.5R),396,19.8,35626.67,705408.0,463217.33,297950.4,-55759.73,-7.9,1672,Rail,10,10,0,1,Delivered,None,84690.0,92.9,4.9,Letter of Credit,Paid
DCP-2022-030287,2022-07-05,2022,Q3,July,7,Dangote Cement Senegal,West Africa,Benin DC,Kebbi,Retailer,Dangote 3X (42.5N),142,7.1,36360.08,258156.55,172454.17,36529.5,49172.88,19.05,294,Road (Truck),12,26,14,0,Delivered,Road Damage,51532.0,87.2,3.9,60-Day Credit,Paid
DCP-2022-030492,2022-07-05,2022,Q3,July,7,Ibese Plant (Ogun),Southwest,Benin DC,Niger,Contractor,Dangote OPC (52.5R),2090,104.5,43612.85,4557543.11,3248586.89,1625758.75,-316802.53,-6.95,889,Road (Truck),6,8,2,0,Damaged in Transit,Road Damage,57266.0,94.1,3.9,30-Day Credit,Paid
DCP-2022-030806,2022-07-05,2022,Q3,July,7,Ibese Plant (Ogun),Southwest,Benin DC,Ogun,Contractor,Dangote 3X (42.5R),2430,121.5,35159.59,4271890.73,2401014.6,1018048.5,852827.63,19.96,931,Rail,11,11,0,1,Delayed,None,25514.0,95.5,5.0,Cash & Carry,Paid
DCP-2022-030216,2022-07-06,2022,Q3,July,7,Dangote Cement Senegal,West Africa,Port Harcourt DC,Niger,Contractor,Dangote BLC,9030,451.5,33263.27,15018365.92,10004456.09,6574743.0,-1560833.17,-10.39,1618,Rail,10,10,0,1,Delivered,None,30762.0,86.4,4.3,Cash & Carry,Overdue
DCP-2022-030581,2022-07-06,2022,Q3,July,7,Gboko Plant (Benue),North Central,Kaduna DC,Nassarawa,Retailer,Dangote Falcon,483,24.15,45647.56,1102388.66,673231.63,620836.12,-191679.09,-17.39,1469,Road (Truck),14,26,12,0,Delivered,Flooding,48062.0,86.9,5.0,60-Day Credit,Paid
DCP-2022-030600,2022-07-06,2022,Q3,July,7,Benue Plant (Benue),North Central,Onitsha DC,Ebonyi,Contractor,Dangote 3X (42.5R),6888,344.4,36825.95,12682855.74,7822544.77,6105351.0,-1245040.03,-9.82,1013,Road (Truck),11,11,0,1,In Transit,None,81459.0,98.1,3.8,Cash & Carry,Paid
DCP-2022-030126,2022-07-07,2022,Q3,July,7,Dangote Cement Senegal,West Africa,Kano DC,Imo,Retailer,Dangote 3X (42.5R),404,20.2,38531.17,778329.64,429906.39,173568.5,174854.75,22.47,491,Road (Truck),1,8,7,0,Delivered,Security Incident,55286.0,92.5,3.8,60-Day Credit,Paid
DCP-2022-030188,2022-07-07,2022,Q3,July,7,Dangote Cement Senegal,West Africa,Abuja DC,Sokoto,Wholesaler,Dangote 3X (42.5N),1925,96.25,35640.92,3430438.97,2392773.38,1410832.5,-373166.91,-10.88,1047,Road (Articulated),10,10,0,1,In Transit,None,40192.0,88.4,4.0,Cash & Carry,Paid
DCP-2022-030568,2022-07-07,2022,Q3,July,7,Benue Plant (Benue),North Central,Lagos DC,Zamfara,Wholesaler,Dangote Falcon,1960,98.0,49482.19,4849254.25,2766243.59,2587935.0,-504924.34,-10.41,1509,Road (Truck),14,14,0,1,Delivered,None,49264.0,99.1,4.9,Advance Payment,Paid
DCP-2022-030862,2022-07-07,2022,Q3,July,7,Obajana Plant (Kogi),North Central,Kano DC,Ondo,Contractor,Dangote 3X (42.5N),4792,239.6,35555.91,8519195.62,5335039.48,1239450.8,1944705.34,22.83,739,River Barge,13,16,3,0,Delivered,Security Incident,15678.0,99.9,4.2,Cash & Carry,Paid
DCP-2022-031172,2022-07-07,2022,Q3,July,7,Gboko Plant (Benue),North Central,Benin DC,Enugu,Wholesaler,Dangote 3X (42.5R),3494,174.7,38587.84,6741294.88,4405412.02,1516396.0,819486.86,12.16,496,Road (Truck),9,9,0,1,Delivered,None,72134.0,88.2,4.7,60-Day Credit,Paid
DCP-2022-030060,2022-07-08,2022,Q3,July,7,Gboko Plant (Benue),North Central,Abuja DC,Delta,Government,Dangote 3X (42.5N),6917,345.85,36541.28,12637800.32,7944891.96,5737651.5,-1044743.14,-8.27,1185,Road (Articulated),12,20,8,0,Delayed,Strike Action,50733.0,87.8,4.2,30-Day Credit,Overdue
DCP-2022-030071,2022-07-08,2022,Q3,July,7,Dangote Cement Senegal,West Africa,Ibadan DC,Anambra,Wholesaler,Dangote 3X (42.5R),3577,178.85,38622.92,6907708.54,4764923.65,3652564.12,-1509779.23,-21.86,1167,Road (Truck),2,2,0,1,Delivered,None,29520.0,94.0,3.9,60-Day Credit,Paid
DCP-2022-030311,2022-07-08,2022,Q3,July,7,Ibese Plant (Ogun),Southwest,Kaduna DC,Abia,Retailer,Dangote BLC,437,21.85,33457.13,731038.25,519898.73,234603.45,-23463.93,-3.21,1193,Rail,11,11,0,1,Delivered,None,41994.0,88.9,4.7,Cash & Carry,Paid
DCP-2022-030686,2022-07-08,2022,Q3,July,7,Gboko Plant (Benue),North Central,Kaduna DC,Plateau,Contractor,Dangote 3X (42.5N),4706,235.3,34757.05,8178332.88,5381005.82,1947695.75,849631.31,10.39,473,Road (Truck),4,18,14,0,Delayed,Strike Action,24421.0,92.3,3.5,Cash & Carry,Paid
DCP-2022-030787,2022-07-08,2022,Q3,July,7,Gboko Plant (Benue),North Central,Onitsha DC,Ondo,Wholesaler,Dangote OPC (52.5R),1110,55.5,45370.8,2518079.48,1484496.8,554778.0,478804.68,19.01,714,Road (Articulated),6,11,5,0,Delivered,Truck Breakdown,59066.0,91.4,3.6,30-Day Credit,Paid
DCP-2022-030950,2022-07-08,2022,Q3,July,7,Obajana Plant (Kogi),North Central,Kaduna DC,Katsina,Contractor,Dangote Falcon,9212,460.6,48491.11,22335005.21,13819283.71,13509398.0,-4993676.5,-22.36,1676,Road (Truck),11,21,10,0,Delayed,Strike Action,23614.0,93.2,3.2,Cash & Carry,Pending
DCP-2022-031104,2022-07-08,2022,Q3,July,7,Gboko Plant (Benue),North Central,Maiduguri DC,Abuja,Wholesaler,Dangote 3X (42.5N),3782,189.1,37210.43,7036492.43,4944881.6,1700954.5,390656.33,5.55,514,Road (Truck),13,25,12,0,Delayed,Truck Breakdown,22376.0,96.1,3.2,30-Day Credit,Paid
DCP-2022-030531,2022-07-09,2022,Q3,July,7,Gboko Plant (Benue),North Central,Kaduna DC,Niger,Contractor,Dangote 3X (42.5N),585,29.25,34623.77,1012745.35,618453.72,43509.38,350782.25,34.64,85,Road (Truck),5,15,10,0,Delivered,Road Damage,63552.0,93.0,3.8,Cash & Carry,Paid
DCP-2022-030595,2022-07-09,2022,Q3,July,7,Benue Plant (Benue),North Central,Kano DC,Kaduna,Retailer,Dangote OPC (52.5R),31,1.55,44025.48,68239.49,48836.71,44023.88,-24621.1,-36.08,1623,Road (Truck),6,6,0,1,Delivered,None,17217.0,97.9,3.5,Cash & Carry,Paid
DCP-2022-030597,2022-07-09,2022,Q3,July,7,Obajana Plant (Kogi),North Central,Kano DC,Abia,Wholesaler,Dangote 3X (42.5R),2014,100.7,34980.8,3522566.5,1972394.12,594230.7,955941.68,27.14,843,River Barge,2,15,13,0,Delayed,Flooding,50091.0,86.1,4.3,Advance Payment,Overdue
DCP-2022-030338,2022-07-10,2022,Q3,July,7,Gboko Plant (Benue),North Central,Enugu DC,Abuja,Wholesaler,Dangote OPC (52.5R),329,16.45,41480.66,682356.93,443693.12,34314.7,204349.11,29.95,149,Road (Articulated),5,9,4,0,Delivered,Strike Action,64173.0,85.0,4.1,Cash & Carry,Paid
DCP-2022-030484,2022-07-10,2022,Q3,July,7,Ibese Plant (Ogun),Southwest,Lagos DC,Kogi,Contractor,Dangote Falcon,7634,381.7,43400.1,16565817.47,11466449.43,4027889.25,1071478.79,6.47,603,Road (Truck),7,7,0,1,Delayed,None,9778.0,97.8,3.8,Cash & Carry,Paid
DCP-2022-030511,2022-07-10,2022,Q3,July,7,Dangote Cement Senegal,West Africa,Kano DC,Ekiti,Wholesaler,Dangote BLC,1774,88.7,37531.17,3329015.14,2041062.67,1999298.0,-711345.53,-21.37,1288,Road (Truck),8,8,0,1,Delivered,None,64741.0,99.9,4.9,Cash & Carry,Pending
DCP-2022-031164,2022-07-10,2022,Q3,July,7,Obajana Plant (Kogi),North Central,Abuja DC,Abia,Contractor,Dangote 3X (42.5N),1518,75.9,38243.52,2902682.99,1746452.84,617370.6,538859.55,18.56,581,Road (Articulated),7,10,3,0,Delayed,Road Damage,32529.0,90.8,3.2,Cash & Carry,Paid
DCP-2022-030443,2022-07-11,2022,Q3,July,7,Ibese Plant (Ogun),Southwest,Onitsha DC,Abuja,Wholesaler,Dangote 3X (42.5R),2266,113.3,40448.25,4582786.98,3228974.01,2831367.0,-1477554.03,-32.24,1428,Road (Truck),7,7,0,1,Delivered,None,68241.0,97.6,4.0,60-Day Credit,Paid
DCP-2022-030556,2022-07-11,2022,Q3,July,7,Obajana Plant (Kogi),North Central,Maiduguri DC,Kano,Export,Dangote BLC,71088,3554.4,34031.59,120961890.83,77608858.45,20089468.8,23263563.58,19.23,628,Rail,11,11,0,1,Delivered,None,12371.0,93.4,3.2,Cash & Carry,Paid
DCP-2022-030642,2022-07-11,2022,Q3,July,7,Benue Plant (Benue),North Central,Benin DC,Rivers,Contractor,Dangote OPC (52.5R),3881,194.05,41376.38,8029086.06,5255296.02,5664319.5,-2890529.46,-36.0,1668,Road (Truck),7,20,13,0,Delayed,Road Damage,24307.0,92.8,4.0,Cash & Carry,Paid
DCP-2022-030055,2022-07-12,2022,Q3,July,7,Benue Plant (Benue),North Central,Benin DC,Niger,Wholesaler,Dangote OPC (52.5R),2652,132.6,45948.92,6092827.16,3938957.34,413977.2,1739892.62,28.56,223,Road (Articulated),3,3,0,1,Delivered,None,58917.0,89.1,4.3,30-Day Credit,Paid
DCP-2022-030132,2022-07-12,2022,Q3,July,7,Gboko Plant (Benue),North Central,Abuja DC,Kwara,Retailer,Dangote 3X (42.5N),131,6.55,39193.32,256716.25,183638.14,15634.85,57443.26,22.38,341,River Barge,2,2,0,1,Delivered,None,72640.0,91.2,4.8,30-Day Credit,Pending
DCP-2022-030347,2022-07-12,2022,Q3,July,7,Dangote Cement Senegal,West Africa,Enugu DC,Plateau,Wholesaler,Dangote 3X (42.5R),169,8.45,37212.52,314445.81,183261.68,10203.38,120980.75,38.47,69,Road (Truck),1,12,11,0,Delayed,Truck Breakdown,33626.0,86.3,4.2,Cash & Carry,Pending
DCP-2022-030356,2022-07-12,2022,Q3,July,7,Ibese Plant (Ogun),Southwest,Kaduna DC,Ondo,Contractor,Dangote 3X (42.5R),310,15.5,35408.29,548828.42,304656.3,77306.25,166865.87,30.4,285,Road (Truck),8,8,0,1,Delivered,None,66243.0,85.7,3.1,Cash & Carry,Paid
DCP-2022-030379,2022-07-12,2022,Q3,July,7,Dangote Cement Senegal,West Africa,Maiduguri DC,Katsina,Wholesaler,Dangote OPC (52.5R),1219,60.95,41857.84,2551235.28,1800514.98,61864.25,688856.05,27.0,58,Road (Truck),9,15,6,0,Delivered,Truck Breakdown,79055.0,99.1,4.9,30-Day Credit,Paid
DCP-2022-031105,2022-07-12,2022,Q3,July,7,Gboko Plant (Benue),North Central,Benin DC,Cross River,Wholesaler,Dangote 3X (42.5N),2107,105.35,38149.05,4019002.27,2291256.72,966059.5,761686.05,18.95,655,Road (Articulated),6,6,0,1,Delivered,None,77995.0,98.8,4.3,Advance Payment,Paid
DCP-2022-031127,2022-07-12,2022,Q3,July,7,Gboko Plant (Benue),North Central,Maiduguri DC,Kano,Wholesaler,Dangote 3X (42.5N),3366,168.3,36238.71,6098975.28,3661332.31,1958507.1,479135.87,7.86,1293,Rail,11,11,0,1,In Transit,None,20582.0,96.7,3.0,30-Day Credit,Paid
DCP-2022-030339,2022-07-13,2022,Q3,July,7,Benue Plant (Benue),North Central,Maiduguri DC,Ekiti,Contractor,Dangote 3X (42.5N),8470,423.5,38028.2,16104944.43,10684463.45,2104795.0,3315685.98,20.59,355,Road (Articulated),6,6,0,1,Delivered,None,54887.0,90.8,4.8,Cash & Carry,Paid
DCP-2022-030656,2022-07-13,2022,Q3,July,7,Ibese Plant (Ogun),Southwest,Lagos DC,Abuja,Retailer,Dangote 3X (42.5N),419,20.95,37984.87,795783.02,512129.09,563502.62,-279848.69,-35.17,1537,Road (Truck),9,9,0,1,Delivered,None,46572.0,96.8,4.2,Letter of Credit,Paid
DCP-2022-030939,2022-07-13,2022,Q3,July,7,Dangote Cement Senegal,West Africa,Kano DC,Osun,Wholesaler,Dangote OPC (52.5R),2854,142.7,43527.08,6211314.09,3683136.76,1559282.9,968894.43,15.6,1561,River Barge,3,3,0,1,Delivered,None,18765.0,99.5,4.3,Cash & Carry,Paid
DCP-2022-030955,2022-07-13,2022,Q3,July,7,Ibese Plant (Ogun),Southwest,Kano DC,Katsina,Government,Dangote 3X (42.5R),47295,2364.75,37016.6,87535015.32,58957192.14,36044701.88,-7466878.7,-8.53,871,Road (Truck),12,12,0,1,Delivered,None,22431.0,92.9,4.4,Letter of Credit,Paid
DCP-2022-030747,2022-07-14,2022,Q3,July,7,Ibese Plant (Ogun),Southwest,Maiduguri DC,Ogun,Wholesaler,Dangote 3X (42.5N),839,41.95,38109.03,1598673.61,1061300.77,717974.25,-180601.41,-11.3,978,Road (Truck),11,23,12,0,Delivered,Road Damage,9248.0,98.0,4.4,Advance Payment,Paid
DCP-2022-030756,2022-07-14,2022,Q3,July,7,Gboko Plant (Benue),North Central,Port Harcourt DC,Zamfara,Wholesaler,Dangote 3X (42.5N),1565,78.25,38700.94,3028348.2,2083243.33,2245775.0,-1300670.13,-42.95,1640,Road (Truck),3,8,5,0,Delivered,Truck Breakdown,12208.0,85.3,4.1,30-Day Credit,Paid
DCP-2022-030575,2022-07-15,2022,Q3,July,7,Obajana Plant (Kogi),North Central,Maiduguri DC,Osun,Retailer,Dangote 3X (42.5N),416,20.8,34155.69,710438.31,402204.21,587496.0,-279261.9,-39.31,1614,Road (Truck),10,25,15,0,In Transit,Fuel Shortage,70223.0,95.8,3.1,30-Day Credit,Paid
DCP-2022-030585,2022-07-15,2022,Q3,July,7,Benue Plant (Benue),North Central,Kano DC,Ebonyi,Wholesaler,Dangote 3X (42.5R),885,44.25,36038.66,1594710.64,993762.04,438296.25,162652.35,10.2,566,Road (Truck),3,3,0,1,Delivered,None,33096.0,94.7,3.2,30-Day Credit,Paid
DCP-2022-030823,2022-07-15,2022,Q3,July,7,Dangote Cement Senegal,West Africa,Onitsha DC,Ogun,Contractor,Dangote BLC,5765,288.25,34881.0,10054448.59,6838532.6,3844678.5,-628762.51,-6.25,1482,Rail,4,4,0,1,Delayed,None,53693.0,87.3,4.8,30-Day Credit,Paid
DCP-2022-030835,2022-07-15,2022,Q3,July,7,Benue Plant (Benue),North Central,Ibadan DC,Ebonyi,Retailer,Dangote BLC,67,3.35,33541.36,112363.57,70456.91,36054.38,5852.28,5.21,615,Road (Truck),6,16,10,0,Returned,Truck Breakdown,26256.0,90.8,4.9,Cash & Carry,Overdue
DCP-2022-030649,2022-07-16,2022,Q3,July,7,Ibese Plant (Ogun),Southwest,Onitsha DC,Rivers,Wholesaler,Dangote 3X (42.5R),1413,70.65,39461.97,2787988.4,1997243.31,595438.2,195306.89,7.01,602,Road (Articulated),2,2,0,1,Delivered,None,22678.0,91.9,3.3,Cash & Carry,Paid
DCP-2022-030829,2022-07-16,2022,Q3,July,7,Ibese Plant (Ogun),Southwest,Kaduna DC,Akwa Ibom,Wholesaler,Dangote 3X (42.5N),4772,238.6,35879.3,8560801.87,5234793.24,1438758.0,1887250.63,22.05,670,Rail,13,18,5,0,Delivered,Truck Breakdown,7894.0,99.5,3.8,Cash & Carry,Paid
DCP-2022-031143,2022-07-16,2022,Q3,July,7,Ibese Plant (Ogun),Southwest,Lagos DC,Lagos,Contractor,Dangote 3X (42.5N),8367,418.35,33695.71,14096599.32,8079286.25,3426286.5,2591026.57,18.38,585,Road (Articulated),7,14,7,0,Delivered,Fuel Shortage,61140.0,93.6,3.7,30-Day Credit,Pending
DCP-2022-031169,2022-07-16,2022,Q3,July,7,Gboko Plant (Benue),North Central,Maiduguri DC,Kogi,Wholesaler,Dangote BLC,457,22.85,32479.33,742152.59,501903.37,581418.25,-341169.03,-45.97,1454,Road (Truck),2,2,0,1,Delivered,None,15263.0,87.4,4.0,30-Day Credit,Paid
DCP-2022-030167,2022-07-17,2022,Q3,July,7,Ibese Plant (Ogun),Southwest,Onitsha DC,Abia,Export,Dangote 3X (42.5R),12152,607.6,40640.98,24693458.38,15703718.11,8599970.4,389769.87,1.58,1011,Road (Articulated),14,14,0,1,Delivered,None,30651.0,90.0,3.6,30-Day Credit,Paid
DCP-2022-030515,2022-07-17,2022,Q3,July,7,Benue Plant (Benue),North Central,Enugu DC,Abuja,Contractor,Dangote 3X (42.5N),5393,269.65,38738.39,10445806.31,7240745.76,1472289.0,1732771.55,16.59,390,Road (Articulated),14,14,0,1,Delivered,None,39979.0,91.6,4.4,Cash & Carry,Paid
DCP-2022-030613,2022-07-17,2022,Q3,July,7,Benue Plant (Benue),North Central,Lagos DC,Ebonyi,Wholesaler,Dangote 3X (42.5R),2694,134.7,40251.12,5421826.28,3119693.18,1881085.5,421047.6,7.77,798,Road (Truck),13,28,15,0,Delivered,,52435.0,87.8,3.2,30-Day Credit,Paid
DCP-2022-030795,2022-07-17,2022,Q3,July,7,Benue Plant (Benue),North Central,Kaduna DC,Plateau,Wholesaler,Dangote 3X (42.5N),344,17.2,37267.25,640996.77,425718.27,287274.4,-71995.9,-11.23,1193,Road (Articulated),11,11,0,1,Delivered,None,5896.0,86.3,3.6,30-Day Credit,Pending
DCP-2022-030107,2022-07-18,2022,Q3,July,7,Obajana Plant (Kogi),North Central,Onitsha DC,Abia,Export,Dangote 3X (42.5N),36816,1840.8,34570.36,63637126.55,39119297.24,10759476.0,13758353.31,21.62,334,Road (Truck),5,5,0,1,Delivered,None,39774.0,91.3,4.0,Cash & Carry,Paid
DCP-2022-030139,2022-07-18,2022,Q3,July,7,Gboko Plant (Benue),North Central,Kano DC,Ondo,Wholesaler,Dangote BLC,2705,135.25,36106.71,4883432.36,3444658.92,101302.25,1337471.19,27.39,107,River Barge,6,16,10,0,Delivered,Security Incident,80869.0,97.6,4.6,Advance Payment,Paid
DCP-2022-030227,2022-07-18,2022,Q3,July,7,Gboko Plant (Benue),North Central,Enugu DC,Ebonyi,Wholesaler,Dangote BLC,2496,124.8,35836.7,4472420.46,2635591.41,1810536.0,26293.05,0.59,829,Road (Truck),12,12,0,1,Delivered,,74342.0,93.0,3.4,30-Day Credit,Paid
DCP-2022-030207,2022-07-19,2022,Q3,July,7,Gboko Plant (Benue),North Central,Port Harcourt DC,Kogi,Contractor,Dangote 3X (42.5N),7460,373.0,34346.66,12811303.56,8872442.94,704970.0,3233890.62,25.24,108,Road (Truck),6,12,6,0,Delayed,Strike Action,42375.0,98.1,4.9,30-Day Credit,Paid
DCP-2022-030705,2022-07-19,2022,Q3,July,7,Ibese Plant (Ogun),Southwest,Enugu DC,Imo,Retailer,Dangote BLC,158,7.9,32436.99,256252.2,158506.71,28700.7,69044.79,26.94,519,River Barge,6,6,0,1,Delivered,None,28507.0,99.4,4.8,Cash & Carry,Paid
DCP-2022-030833,2022-07-19,2022,Q3,July,7,Dangote Cement Senegal,West Africa,Ibadan DC,Katsina,Wholesaler,Dangote 3X (42.5N),3815,190.75,37738.7,7198657.23,4841052.66,799814.75,1557789.82,21.64,599,River Barge,11,11,0,1,Delivered,None,82364.0,91.5,4.1,Advance Payment,Paid
DCP-2022-030850,2022-07-19,2022,Q3,July,7,Obajana Plant (Kogi),North Central,Benin DC,Niger,Contractor,Dangote 3X (42.5N),8890,444.5,36354.9,16159753.6,10384232.23,5997416.25,-221894.88,-1.37,771,Road (Truck),11,22,11,0,In Transit,Security Incident,77009.0,95.5,3.6,Cash & Carry,Paid
DCP-2022-030444,2022-07-20,2022,Q3,July,7,Ibese Plant (Ogun),Southwest,Maiduguri DC,Delta,Retailer,Dangote BLC,36,1.8,35435.98,63784.76,36479.02,42619.5,-15313.76,-24.01,1353,Road (Truck),12,12,0,1,In Transit,None,46382.0,91.6,3.2,Letter of Credit,Paid
DCP-2022-030447,2022-07-20,2022,Q3,July,7,Obajana Plant (Kogi),North Central,Benin DC,Anambra,Wholesaler,Dangote 3X (42.5N),702,35.1,37233.99,1306912.95,765524.68,558353.25,-16964.98,-1.3,909,Road (Truck),6,14,8,0,Delayed,Road Damage,19385.0,85.2,,30-Day Credit,Paid
DCP-2022-030640,2022-07-20,2022,Q3,July,7,Obajana Plant (Kogi),North Central,Enugu DC,Ogun,Retailer,Dangote 3X (42.5R),16,0.8,39008.74,31206.99,20270.42,952.0,9984.57,31.99,68,Road (Truck),13,13,0,1,In Transit,None,73847.0,97.0,3.4,30-Day Credit,Paid
DCP-2022-030672,2022-07-20,2022,Q3,July,7,Dangote Cement Senegal,West Africa,Maiduguri DC,Rivers,Government,Dangote 3X (42.5N),13888,694.4,39126.93,27169740.84,18639732.94,9536889.6,-1006881.7,-3.71,981,Road (Articulated),10,10,0,1,Delivered,None,65462.0,85.7,3.7,30-Day Credit,Paid
DCP-2022-031019,2022-07-20,2022,Q3,July,7,Obajana Plant (Kogi),North Central,Lagos DC,Rivers,Contractor,Dangote 3X (42.5R),7251,362.55,40207.28,14577151.02,9165961.69,8720052.6,-3308863.27,-22.7,1718,Road (Articulated),5,10,5,0,Delayed,Fuel Shortage,83519.0,93.9,3.3,Cash & Carry,Pending
DCP-2022-031146,2022-07-20,2022,Q3,July,7,Gboko Plant (Benue),North Central,Onitsha DC,Niger,Wholesaler,Dangote BLC,340,17.0,36743.86,624645.67,393757.63,334390.0,-103501.96,-16.57,1124,Road (Truck),9,14,5,0,Delivered,Strike Action,66851.0,94.8,4.5,30-Day Credit,Paid
DCP-2022-030739,2022-07-21,2022,Q3,July,7,Gboko Plant (Benue),North Central,Abuja DC,Niger,Wholesaler,Dangote 3X (42.5R),980,49.0,36952.82,1810688.09,1028883.27,1322265.0,-540460.18,-29.85,1542,Road (Truck),10,24,14,0,Delivered,,63227.0,99.3,3.2,60-Day Credit,Paid
DCP-2022-031061,2022-07-21,2022,Q3,July,7,Ibese Plant (Ogun),Southwest,Ibadan DC,Ondo,Contractor,Dangote 3X (42.5R),725,36.25,40122.1,1454426.13,831584.15,470452.5,152389.48,10.48,1442,Rail,4,4,0,1,Delivered,None,8169.0,98.5,3.4,30-Day Credit,Paid
DCP-2022-030658,2022-07-22,2022,Q3,July,7,Ibese Plant (Ogun),Southwest,Kano DC,Lagos,Government,Dangote 3X (42.5R),29772,1488.6,37387.37,55654845.31,37355050.61,16880724.0,1419070.7,2.55,810,Road (Articulated),8,8,0,1,Delayed,None,24629.0,87.2,4.3,Cash & Carry,Paid
DCP-2022-030852,2022-07-22,2022,Q3,July,7,Gboko Plant (Benue),North Central,Ibadan DC,Zamfara,Contractor,Dangote 3X (42.5N),7331,366.55,35318.82,12946115.02,8105956.61,4982880.7,-142722.29,-1.1,971,Road (Articulated),2,2,0,1,Delivered,None,76242.0,91.4,,Cash & Carry,Paid
DCP-2022-030041,2022-07-23,2022,Q3,July,7,Obajana Plant (Kogi),North Central,Enugu DC,Ebonyi,Contractor,Dangote 3X (42.5R),8942,447.1,36885.3,16491417.55,11085233.41,12557921.25,-7151737.11,-43.37,1605,Road (Truck),9,9,0,1,Delivered,None,55493.0,98.8,5.0,60-Day Credit,Paid
DCP-2022-030431,2022-07-23,2022,Q3,July,7,Dangote Cement Senegal,West Africa,Port Harcourt DC,Niger,Contractor,Dangote Falcon,6030,301.5,48523.98,14629979.73,8288681.91,3731364.0,2609933.82,17.84,884,Road (Articulated),9,9,0,1,Delivered,None,17015.0,93.8,3.8,30-Day Credit,Pending
DCP-2022-030436,2022-07-23,2022,Q3,July,7,Benue Plant (Benue),North Central,Port Harcourt DC,Plateau,Wholesaler,Dangote 3X (42.5R),2699,134.95,38634.57,5213734.69,3056020.07,3703028.0,-1545313.38,-29.64,1568,Road (Truck),5,5,0,1,Delivered,None,80883.0,87.2,3.4,30-Day Credit,Overdue
DCP-2022-030727,2022-07-23,2022,Q3,July,7,Benue Plant (Benue),North Central,Onitsha DC,Osun,Government,Dangote OPC (52.5R),31356,1567.8,43997.59,68979428.62,43958964.29,11852568.0,13167896.33,19.09,432,Road (Truck),14,14,0,1,Delivered,None,44326.0,97.3,4.1,Cash & Carry,Paid
DCP-2022-030326,2022-07-24,2022,Q3,July,7,Benue Plant (Benue),North Central,Onitsha DC,Kebbi,Contractor,Dangote 3X (42.5R),8193,409.65,35329.08,14472559.45,8006702.43,8817716.25,-2351859.23,-16.25,1230,Road (Truck),2,2,0,1,Delivered,None,76131.0,86.8,4.2,30-Day Credit,Paid
DCP-2022-030387,2022-07-24,2022,Q3,July,7,Dangote Cement Senegal,West Africa,Abuja DC,Nassarawa,Retailer,Dangote Falcon,486,24.3,46820.44,1137736.61,753087.93,504176.4,-119527.72,-10.51,1482,Road (Articulated),12,12,0,1,Delivered,None,61955.0,98.0,,60-Day Credit,Pending
DCP-2022-030560,2022-07-24,2022,Q3,July,7,Ibese Plant (Ogun),Southwest,Port Harcourt DC,Imo,Retailer,Dangote 3X (42.5R),427,21.35,40853.0,872211.6,554848.31,184421.3,132941.99,15.24,1234,River Barge,2,2,0,1,Delivered,None,80256.0,96.1,3.7,Advance Payment,Paid
DCP-2022-030310,2022-07-25,2022,Q3,July,7,Ibese Plant (Ogun),Southwest,Ibadan DC,Niger,Retailer,Dangote 3X (42.5R),66,3.3,38099.5,125728.37,89876.04,52004.7,-16152.37,-12.85,1751,Rail,3,14,11,0,In Transit,Flooding,80153.0,91.8,4.7,Cash & Carry,Paid
DCP-2022-030639,2022-07-25,2022,Q3,July,7,Dangote Cement Senegal,West Africa,Port Harcourt DC,Akwa Ibom,Government,Dangote 3X (42.5R),10012,500.6,35944.93,17994032.74,11641626.46,12361065.5,-6008659.22,-33.39,1411,Road (Truck),11,17,6,0,In Transit,Customs Delay,43230.0,99.6,4.3,30-Day Credit,Paid
DCP-2022-030994,2022-07-25,2022,Q3,July,7,Ibese Plant (Ogun),Southwest,Onitsha DC,Ondo,Retailer,Dangote 3X (42.5N),222,11.1,37383.49,414956.7,282571.83,340908.75,-208523.88,-50.25,1755,Road (Truck),9,9,0,1,In Transit,None,57841.0,85.3,3.3,30-Day Credit,Paid
DCP-2022-031170,2022-07-25,2022,Q3,July,7,Obajana Plant (Kogi),North Central,Benin DC,Niger,Contractor,Dangote 3X (42.5N),8815,440.75,38193.94,16833980.18,11339712.72,10744383.12,-5250115.66,-31.19,1393,Road (Truck),10,10,0,1,Delivered,None,54144.0,94.4,3.1,Cash & Carry,Pending
DCP-2022-030403,2022-07-26,2022,Q3,July,7,Benue Plant (Benue),North Central,Maiduguri DC,Ekiti,Wholesaler,Dangote OPC (52.5R),4307,215.35,45109.24,9714275.49,5578460.82,1827029.4,2308785.27,23.77,1212,River Barge,1,12,11,0,Damaged in Transit,Security Incident,61600.0,88.7,4.2,60-Day Credit,Paid
DCP-2022-030420,2022-07-26,2022,Q3,July,7,Obajana Plant (Kogi),North Central,Onitsha DC,Ekiti,Contractor,Dangote 3X (42.5N),393,19.65,35786.79,703210.44,389242.24,599030.25,-285062.05,-40.54,1742,Road (Truck),14,15,1,0,Delivered,Road Damage,66609.0,89.0,,30-Day Credit,Pending
DCP-2022-030660,2022-07-26,2022,Q3,July,7,Gboko Plant (Benue),North Central,Maiduguri DC,Kaduna,Wholesaler,Dangote 3X (42.5R),2775,138.75,35269.57,4893653.03,3121610.27,586635.0,1185407.76,24.22,302,Road (Articulated),13,13,0,1,Delivered,None,7892.0,96.7,4.5,30-Day Credit,Paid
DCP-2022-030737,2022-07-26,2022,Q3,July,7,Dangote Cement Senegal,West Africa,Port Harcourt DC,Ebonyi,Contractor,Dangote 3X (42.5N),5825,291.25,38145.03,11109738.9,6809256.96,,2233189.44,20.1,507,Road (Articulated),9,9,0,1,Delivered,None,34539.0,85.4,4.3,30-Day Credit,Overdue
DCP-2022-030797,2022-07-26,2022,Q3,July,7,Ibese Plant (Ogun),Southwest,Lagos DC,Nassarawa,Contractor,Dangote Falcon,4770,238.5,50402.78,12021062.2,7813876.39,3158694.0,1048491.81,8.72,946,Road (Articulated),6,6,0,1,Delivered,None,39873.0,99.6,,30-Day Credit,Paid
DCP-2022-030958,2022-07-26,2022,Q3,July,7,Ibese Plant (Ogun),Southwest,Benin DC,Cross River,Wholesaler,Dangote OPC (52.5R),588,29.4,41715.11,1226424.12,808690.62,533536.5,-115803.0,-9.44,1037,Road (Truck),13,13,0,1,Delivered,None,34679.0,98.3,3.9,Cash & Carry,Paid
DCP-2022-031096,2022-07-26,2022,Q3,July,7,Dangote Cement Senegal,West Africa,Maiduguri DC,Lagos,Wholesaler,Dangote 3X (42.5N),2819,140.95,39173.68,5521529.97,3895684.09,4084731.0,-2458885.12,-44.53,1656,Road (Truck),10,10,0,1,Delivered,None,48579.0,89.2,4.2,60-Day Credit,Pending
DCP-2022-030135,2022-07-27,2022,Q3,July,7,Benue Plant (Benue),North Central,Onitsha DC,Cross River,Retailer,Dangote 3X (42.5N),58,2.9,38274.76,110996.8,63686.06,3755.5,43555.24,39.24,74,Road (Truck),13,16,3,0,Delivered,Customs Delay,37047.0,95.3,4.9,Cash & Carry,Paid
DCP-2022-030460,2022-07-27,2022,Q3,July,7,Benue Plant (Benue),North Central,Kaduna DC,Osun,Wholesaler,Dangote 3X (42.5N),2297,114.85,34578.81,3971376.33,2321697.71,2721370.75,-1071692.13,-26.99,1354,Road (Truck),10,10,0,1,Delivered,None,19806.0,98.6,4.2,60-Day Credit,Pending
DCP-2022-031102,2022-07-27,2022,Q3,July,7,Benue Plant (Benue),North Central,Maiduguri DC,Kwara,Retailer,Dangote 3X (42.5R),437,21.85,36305.45,793274.04,453319.88,118689.2,221264.96,27.89,776,River Barge,4,4,0,1,Delivered,None,17551.0,85.7,4.1,Advance Payment,Paid
DCP-2022-030048,2022-07-28,2022,Q3,July,7,Gboko Plant (Benue),North Central,Lagos DC,Bayelsa,Retailer,Dangote 3X (42.5N),237,11.85,34958.9,414262.94,253386.67,,-140646.98,-33.95,1454,Road (Truck),11,11,0,1,Delivered,None,20185.0,86.8,4.7,30-Day Credit,Paid
DCP-2022-030342,2022-07-28,2022,Q3,July,7,Ibese Plant (Ogun),Southwest,Lagos DC,Rivers,Export,Dangote 3X (42.5R),28784,1439.2,35315.69,50826342.25,31323753.81,17756130.0,1746458.44,3.44,705,Road (Truck),6,6,0,1,In Transit,None,76960.0,85.8,3.5,30-Day Credit,Paid
DCP-2022-030493,2022-07-28,2022,Q3,July,7,Dangote Cement Senegal,West Africa,Kano DC,Rivers,Wholesaler,Dangote 3X (42.5R),2450,122.5,35677.22,4370459.6,2707261.42,1859060.0,-195861.82,-4.48,1084,Road (Articulated),10,10,0,1,In Transit,None,20848.0,87.7,3.9,Cash & Carry,Paid
DCP-2022-030711,2022-07-28,2022,Q3,July,7,Ibese Plant (Ogun),Southwest,Kano DC,Enugu,Contractor,Dangote 3X (42.5N),3732,186.6,36534.18,6817277.82,3834686.49,3180597.0,-198005.67,-2.9,974,Road (Truck),6,6,0,1,Delivered,None,79702.0,95.4,4.7,Cash & Carry,Paid
DCP-2022-030860,2022-07-28,2022,Q3,July,7,Ibese Plant (Ogun),Southwest,Kano DC,Ogun,Government,Dangote 3X (42.5R),13773,688.65,36739.95,25300967.22,15055870.16,2943978.75,7301118.31,28.86,475,Rail,1,1,0,1,Delivered,None,62136.0,91.2,4.5,60-Day Credit,Paid
DCP-2022-030997,2022-07-28,2022,Q3,July,7,Dangote Cement Senegal,West Africa,Lagos DC,Kebbi,Wholesaler,Dangote Falcon,1379,68.95,46688.14,3219147.3,1906602.71,263113.2,1049431.39,32.6,424,Rail,5,12,7,0,Delayed,Road Damage,79148.0,85.9,4.2,30-Day Credit,Paid
DCP-2022-031115,2022-07-28,2022,Q3,July,7,Ibese Plant (Ogun),Southwest,Kano DC,Ebonyi,Government,Dangote 3X (42.5N),35093,1754.65,33605.37,58965663.65,33106378.82,8180178.3,17679106.53,29.98,333,Road (Articulated),14,14,0,1,Delivered,None,72281.0,98.4,4.4,30-Day Credit,Paid
DCP-2022-030145,2022-07-29,2022,Q3,July,7,Dangote Cement Senegal,West Africa,Onitsha DC,Benue,Contractor,Dangote 3X (42.5R),5072,253.6,35261.78,8942388.29,5787521.46,7855260.0,-4700393.17,-52.56,1770,Road (Truck),1,1,0,1,Delivered,None,28564.0,94.9,4.2,Cash & Carry,Paid
DCP-2022-030170,2022-07-29,2022,Q3,July,7,Obajana Plant (Kogi),North Central,Ibadan DC,Rivers,Wholesaler,Dangote Falcon,1089,54.45,46194.58,2515294.97,1578845.17,1572243.75,-635793.95,-25.28,1650,Road (Truck),6,6,0,1,Delivered,None,79130.0,97.6,4.2,60-Day Credit,Paid
DCP-2022-030539,2022-07-29,2022,Q3,July,7,Obajana Plant (Kogi),North Central,Enugu DC,Rivers,Wholesaler,Dangote 3X (42.5N),4763,238.15,37576.68,8948886.41,6369941.14,160036.8,2418908.47,27.03,96,River Barge,13,22,9,0,Delivered,Fuel Shortage,20443.0,98.7,3.9,60-Day Credit,Paid
DCP-2022-030786,2022-07-29,2022,Q3,July,7,Gboko Plant (Benue),North Central,Kano DC,Delta,Contractor,Dangote 3X (42.5R),1447,72.35,35634.32,2578142.98,1490130.71,591280.38,496731.89,19.27,467,Road (Truck),4,19,15,0,Delivered,Truck Breakdown,23238.0,90.2,4.2,30-Day Credit,Pending
DCP-2022-030571,2022-07-30,2022,Q3,July,7,Ibese Plant (Ogun),Southwest,Kano DC,Katsina,Contractor,Dangote 3X (42.5R),4172,208.6,35929.41,7494875.66,4656053.43,4603280.5,-1764458.27,-23.54,1261,Road (Truck),14,14,0,1,Delivered,None,80924.0,87.1,3.8,60-Day Credit,Paid
DCP-2022-030691,2022-07-30,2022,Q3,July,7,Obajana Plant (Kogi),North Central,Port Harcourt DC,Kaduna,Retailer,Dangote 3X (42.5R),388,19.4,39100.24,758544.68,543047.93,129417.4,86079.35,11.35,953,River Barge,4,8,4,0,Delivered,Truck Breakdown,7929.0,85.2,4.2,Cash & Carry,Paid
DCP-2022-030206,2022-07-31,2022,Q3,July,7,Ibese Plant (Ogun),Southwest,Kano DC,Ebonyi,Wholesaler,Dangote OPC (52.5R),2022,101.1,47100.68,4761878.63,3186260.98,376850.25,1198767.4,25.17,213,Road (Truck),7,7,0,1,Delivered,None,75295.0,93.2,3.1,30-Day Credit,Pending
DCP-2022-030505,2022-07-31,2022,Q3,July,7,Ibese Plant (Ogun),Southwest,Onitsha DC,Cross River,Wholesaler,Dangote 3X (42.5R),211,10.55,35081.77,370112.7,262728.34,47817.88,59566.48,16.09,259,Road (Truck),13,13,0,1,Delivered,None,29117.0,88.5,4.5,Cash & Carry,Paid
DCP-2022-030189,2022-08-01,2022,Q3,August,8,Gboko Plant (Benue),North Central,Abuja DC,Katsina,Contractor,Dangote 3X (42.5R),8048,402.4,35940.38,14462407.81,10003243.25,668990.0,3790174.56,26.21,95,Road (Truck),3,6,3,0,Delivered,Road Damage,46011.0,98.4,3.3,Cash & Carry,Overdue
DCP-2022-030376,2022-08-01,2022,Q3,August,8,Gboko Plant (Benue),North Central,Lagos DC,Kogi,Contractor,Dangote 3X (42.5R),5627,281.35,36211.37,10188068.95,5697092.53,5557787.9,-1066811.48,-10.47,1411,Road (Articulated),13,25,12,0,Delivered,Fuel Shortage,74816.0,92.8,3.4,30-Day Credit,Paid
DCP-2022-030710,2022-08-01,2022,Q3,August,8,Obajana Plant (Kogi),North Central,Maiduguri DC,Edo,Wholesaler,Dangote 3X (42.5N),3113,155.65,35599.43,5541051.06,3882061.87,561118.25,1097870.94,19.81,206,Road (Truck),2,16,14,0,Delivered,Truck Breakdown,66749.0,89.3,4.1,Cash & Carry,Paid
DCP-2022-030337,2022-08-02,2022,Q3,August,8,Ibese Plant (Ogun),Southwest,Kano DC,Sokoto,Wholesaler,Dangote 3X (42.5R),3849,192.45,39243.51,7552413.52,5262190.8,504026.55,1786196.17,23.65,291,Rail,8,8,0,1,Delivered,None,80526.0,90.5,4.9,30-Day Credit,Paid
DCP-2022-031033,2022-08-02,2022,Q3,August,8,Benue Plant (Benue),North Central,Ibadan DC,Kwara,Wholesaler,Dangote Falcon,1922,96.1,45174.59,4341278.54,2668892.25,533114.75,1139271.54,26.24,317,Road (Truck),12,12,0,1,Delivered,None,75442.0,97.1,3.1,Letter of Credit,Paid
DCP-2022-031152,2022-08-02,2022,Q3,August,8,Ibese Plant (Ogun),Southwest,Benin DC,Ondo,Retailer,Dangote 3X (42.5N),65,3.25,34746.81,112927.13,70600.3,47718.12,-5391.29,-4.77,839,Road (Truck),14,14,0,1,Delivered,None,30397.0,92.1,4.9,60-Day Credit,Pending
DCP-2022-030236,2022-08-03,2022,Q3,August,8,Gboko Plant (Benue),North Central,Ibadan DC,Cross River,Contractor,Dangote 3X (42.5R),7511,375.55,36058.63,13541819.19,9516542.21,3056038.12,969238.86,7.16,465,Road (Truck),13,13,0,1,Delivered,None,73433.0,93.2,3.0,Letter of Credit,Paid
DCP-2022-030313,2022-08-03,2022,Q3,August,8,Ibese Plant (Ogun),Southwest,Kaduna DC,Anambra,Wholesaler,Dangote Falcon,2477,123.85,45010.85,5574594.01,3493408.74,1209395.25,871790.02,15.64,558,Road (Truck),11,13,2,0,Delivered,Road Damage,15656.0,89.8,4.4,60-Day Credit,Pending
DCP-2022-030991,2022-08-03,2022,Q3,August,8,Benue Plant (Benue),North Central,Lagos DC,Plateau,Retailer,Dangote 3X (42.5N),42,2.1,38366.03,80568.67,50328.2,1984.5,28255.97,35.07,54,Road (Truck),10,10,0,1,Delayed,None,26724.0,93.4,4.0,60-Day Credit,Paid
DCP-2022-030162,2022-08-04,2022,Q3,August,8,Obajana Plant (Kogi),North Central,Onitsha DC,Benue,Retailer,Dangote 3X (42.5R),368,18.4,40010.37,736190.78,418035.2,252043.2,66112.38,8.98,1522,Rail,5,5,0,1,Delivered,None,20892.0,88.0,3.5,30-Day Credit,Paid
DCP-2022-030350,2022-08-04,2022,Q3,August,8,Dangote Cement Senegal,West Africa,Benin DC,Niger,Wholesaler,Dangote 3X (42.5R),1694,84.7,40311.0,3414341.58,2346691.98,2312310.0,-1244660.4,-36.45,1560,Road (Truck),12,12,0,1,Delivered,None,24999.0,87.5,3.6,30-Day Credit,Paid
DCP-2022-030372,2022-08-04,2022,Q3,August,8,Obajana Plant (Kogi),North Central,Lagos DC,Niger,Contractor,Dangote 3X (42.5R),1235,61.75,40324.3,2490025.48,1706855.46,972562.5,-189392.48,-7.61,1750,Rail,12,12,0,1,Delivered,None,13615.0,89.9,4.1,Cash & Carry,Paid
DCP-2022-030479,2022-08-04,2022,Q3,August,8,Gboko Plant (Benue),North Central,Port Harcourt DC,Niger,Government,Dangote 3X (42.5R),4892,244.6,38286.29,9364826.8,6318995.11,3524441.4,-478609.71,-5.11,1601,Rail,1,1,0,1,Delivered,None,80840.0,98.6,4.4,60-Day Credit,Paid
DCP-2022-030619,2022-08-04,2022,Q3,August,8,Obajana Plant (Kogi),North Central,Enugu DC,Kaduna,Contractor,Dangote 3X (42.5N),2618,130.9,35810.99,4687659.07,2703308.91,878731.7,1105618.46,23.59,959,River Barge,2,10,8,0,Delivered,Security Incident,61504.0,91.8,3.3,Cash & Carry,Overdue
DCP-2022-030716,2022-08-04,2022,Q3,August,8,Dangote Cement Senegal,West Africa,Maiduguri DC,Anambra,Retailer,Dangote OPC (52.5R),409,20.45,46325.19,947350.07,624395.95,295400.25,27553.87,2.91,1605,Rail,12,25,13,0,Returned,Fuel Shortage,41496.0,98.3,3.6,30-Day Credit,Paid
DCP-2022-030819,2022-08-04,2022,Q3,August,8,Obajana Plant (Kogi),North Central,Enugu DC,Kogi,Wholesaler,Dangote 3X (42.5N),4531,226.55,35997.79,8155298.53,4836557.43,309240.75,3009500.35,36.9,78,Road (Truck),2,2,0,1,Delivered,None,22596.0,87.0,4.9,Cash & Carry,Paid
DCP-2022-030996,2022-08-04,2022,Q3,August,8,Ibese Plant (Ogun),Southwest,Ibadan DC,Benue,Wholesaler,Dangote BLC,2771,138.55,34336.32,4757296.73,3142971.48,3307188.5,-1692863.25,-35.58,1364,Road (Truck),9,24,15,0,Delivered,Fuel Shortage,5470.0,87.7,4.5,Cash & Carry,Paid
DCP-2022-030063,2022-08-05,2022,Q3,August,8,Dangote Cement Senegal,West Africa,Enugu DC,Lagos,Retailer,Dangote Falcon,102,5.1,45809.83,233630.12,158926.08,39537.75,35166.29,15.05,443,Road (Truck),3,3,0,1,Delivered,None,68050.0,92.6,4.1,60-Day Credit,Paid
DCP-2022-030772,2022-08-05,2022,Q3,August,8,Dangote Cement Senegal,West Africa,Onitsha DC,Ekiti,Retailer,Dangote 3X (42.5R),395,19.75,40695.08,803727.88,533632.67,617286.25,-347191.04,-43.2,1786,Road (Truck),11,11,0,1,Delivered,None,33371.0,95.7,3.5,60-Day Credit,Pending
DCP-2022-030969,2022-08-05,2022,Q3,August,8,Gboko Plant (Benue),North Central,Benin DC,Niger,Wholesaler,Dangote 3X (42.5N),4267,213.35,35908.07,7660986.36,4712473.22,507773.0,2440740.14,31.86,340,River Barge,10,10,0,1,Delivered,None,66316.0,85.4,4.1,Cash & Carry,Pending
DCP-2022-030761,2022-08-06,2022,Q3,August,8,Ibese Plant (Ogun),Southwest,Port Harcourt DC,Benue,Retailer,Dangote 3X (42.5R),64,3.2,39885.33,127633.07,80216.97,3080.0,44336.1,34.74,55,Road (Truck),9,9,0,1,Delivered,None,67688.0,86.8,3.4,Letter of Credit,Pending
DCP-2022-031153,2022-08-06,2022,Q3,August,8,Obajana Plant (Kogi),North Central,Onitsha DC,Benue,Retailer,Dangote Falcon,271,13.55,48165.62,652644.16,402474.78,9512.1,240657.28,36.87,78,Rail,1,1,0,1,Delivered,None,53281.0,91.5,3.0,Letter of Credit,Overdue
DCP-2022-030412,2022-08-07,2022,Q3,August,8,Obajana Plant (Kogi),North Central,Ibadan DC,Osun,Wholesaler,Dangote Falcon,2398,119.9,48591.12,5826075.73,3448947.51,308442.75,2068685.47,35.51,147,Road (Truck),1,1,0,1,Delivered,None,21958.0,92.1,4.8,Cash & Carry,Paid
DCP-2022-030468,2022-08-07,2022,Q3,August,8,Benue Plant (Benue),North Central,Kaduna DC,Kano,Retailer,Dangote 3X (42.5N),477,23.85,39171.75,934246.28,580686.54,,-312988.14,-33.5,1597,Road (Truck),5,15,10,0,Delivered,Truck Breakdown,15182.0,93.1,4.1,Cash & Carry,Pending
DCP-2022-030558,2022-08-07,2022,Q3,August,8,Ibese Plant (Ogun),Southwest,Ibadan DC,Ebonyi,Wholesaler,Dangote 3X (42.5N),2775,138.75,37397.1,5188847.37,3030579.33,2162835.0,-4566.96,-0.09,1732,Rail,6,18,12,0,Delayed,Strike Action,17208.0,96.6,3.4,Cash & Carry,Paid
DCP-2022-030033,2022-08-08,2022,Q3,August,8,Gboko Plant (Benue),North Central,Maiduguri DC,Rivers,Wholesaler,Dangote Falcon,912,45.6,44802.57,2042996.97,1196939.38,1118796.0,-272738.41,-13.35,1402,Road (Truck),4,4,0,1,Delivered,None,5214.0,91.8,4.2,Cash & Carry,Paid
DCP-2022-030054,2022-08-08,2022,Q3,August,8,Dangote Cement Senegal,West Africa,Maiduguri DC,Rivers,Contractor,Dangote 3X (42.5R),9321,466.05,40608.83,18925746.38,13077848.48,4869057.38,978840.52,5.17,597,Road (Truck),5,10,5,0,Delayed,Fuel Shortage,33082.0,87.7,3.3,60-Day Credit,Paid
DCP-2022-030121,2022-08-08,2022,Q3,August,8,Ibese Plant (Ogun),Southwest,Benin DC,Benue,Wholesaler,Dangote 3X (42.5R),2423,121.15,38473.84,4661105.3,3012212.07,1769032.3,-120139.07,-2.58,1043,Road (Articulated),11,12,1,0,Delivered,Truck Breakdown,67711.0,91.9,,Letter of Credit,Paid
DCP-2022-030404,2022-08-08,2022,Q3,August,8,Dangote Cement Senegal,West Africa,Port Harcourt DC,Abuja,Retailer,Dangote Falcon,54,2.7,46296.99,125001.88,75396.79,5686.2,43918.89,35.13,234,Rail,2,4,2,0,Delivered,Fuel Shortage,9593.0,96.2,4.1,30-Day Credit,Pending
DCP-2022-030542,2022-08-08,2022,Q3,August,8,Obajana Plant (Kogi),North Central,Abuja DC,Ekiti,Contractor,Dangote OPC (52.5R),9699,484.95,41266.96,20012411.03,11581624.32,3906272.25,4524514.46,22.61,895,Rail,3,16,13,0,Delivered,Security Incident,26161.0,90.0,4.4,30-Day Credit,Pending
DCP-2022-030963,2022-08-08,2022,Q3,August,8,Obajana Plant (Kogi),North Central,Kano DC,Enugu,Retailer,Dangote 3X (42.5N),224,11.2,37351.95,418341.83,288693.79,153507.2,-23859.16,-5.7,979,Road (Articulated),9,15,6,0,Returned,Road Damage,52049.0,89.0,4.5,30-Day Credit,Paid
DCP-2022-031145,2022-08-08,2022,Q3,August,8,Dangote Cement Senegal,West Africa,Onitsha DC,Edo,Contractor,Dangote Falcon,5998,299.9,47106.13,14127129.08,9370011.98,3138453.5,1618663.6,11.46,598,Road (Truck),13,13,0,1,Delivered,None,23291.0,99.1,3.7,30-Day Credit,Paid
DCP-2022-030782,2022-08-09,2022,Q3,August,8,Benue Plant (Benue),North Central,Kaduna DC,Ogun,Wholesaler,Dangote 3X (42.5R),3670,183.5,35047.28,6431175.67,4401403.41,2202917.5,-173145.24,-2.69,686,Road (Truck),14,14,0,1,Delivered,None,32193.0,98.4,4.1,60-Day Credit,Paid
DCP-2022-031110,2022-08-09,2022,Q3,August,8,Benue Plant (Benue),North Central,Port Harcourt DC,Ebonyi,Government,Dangote BLC,5168,258.4,34931.97,9026421.0,6488931.08,2521467.2,16022.72,0.18,697,Road (Articulated),4,19,15,0,Delivered,Customs Delay,81015.0,90.5,3.8,Advance Payment,Paid
DCP-2022-031147,2022-08-09,2022,Q3,August,8,Dangote Cement Senegal,West Africa,Enugu DC,Ebonyi,Retailer,Dangote 3X (42.5R),192,9.6,39362.28,377877.92,227464.47,283416.0,-133002.55,-35.2,1687,Road (Truck),12,12,0,1,Delivered,None,26531.0,92.0,4.5,Cash & Carry,Paid
DCP-2022-030419,2022-08-11,2022,Q3,August,8,Gboko Plant (Benue),North Central,Kano DC,Abia,Retailer,Dangote 3X (42.5R),263,13.15,36084.97,474517.36,330548.73,51600.6,92368.03,19.47,436,Rail,12,12,0,1,Delivered,None,29813.0,98.3,4.6,60-Day Credit,Paid
DCP-2022-030327,2022-08-13,2022,Q3,August,8,Ibese Plant (Ogun),Southwest,Onitsha DC,Kogi,Retailer,Dangote 3X (42.5R),360,18.0,38620.77,695173.84,481908.0,439425.0,-226159.16,-32.53,1395,Road (Truck),5,12,7,0,Damaged in Transit,Fuel Shortage,71646.0,95.1,4.5,60-Day Credit,Pending
DCP-2022-030524,2022-08-13,2022,Q3,August,8,Dangote Cement Senegal,West Africa,Benin DC,Kebbi,Retailer,Dangote OPC (52.5R),232,11.6,43813.95,508241.79,300579.32,310793.0,-103130.53,-20.29,1531,Road (Truck),6,6,0,1,Delivered,None,8210.0,98.9,3.5,Advance Payment,Overdue
DCP-2022-030488,2022-08-14,2022,Q3,August,8,Ibese Plant (Ogun),Southwest,Ibadan DC,Imo,Contractor,Dangote BLC,4452,222.6,32912.45,7326310.45,4814539.79,1090740.0,1421030.66,19.4,350,Road (Articulated),11,11,0,1,Delivered,None,8080.0,95.3,4.7,30-Day Credit,Paid
DCP-2022-030661,2022-08-14,2022,Q3,August,8,Gboko Plant (Benue),North Central,Kano DC,Ekiti,Contractor,Dangote 3X (42.5R),3416,170.8,37294.05,6369823.46,3930486.18,403515.0,2035822.28,31.96,135,Road (Truck),1,5,4,0,Delivered,Security Incident,20493.0,97.0,4.8,30-Day Credit,Paid
DCP-2022-030022,2022-08-15,2022,Q3,August,8,Dangote Cement Senegal,West Africa,Onitsha DC,Kano,Contractor,Dangote 3X (42.5N),9176,458.8,34509.48,15832950.42,11026923.79,7796159.0,-2990132.37,-18.89,971,Road (Truck),4,9,5,0,Delayed,Flooding,46704.0,94.4,3.5,Cash & Carry,Paid
DCP-2022-030198,2022-08-15,2022,Q3,August,8,Benue Plant (Benue),North Central,Maiduguri DC,Katsina,Contractor,Dangote Falcon,5765,288.25,46690.54,13458548.21,8456308.32,,-46170.61,-0.34,1251,Road (Articulated),8,8,0,1,Delivered,None,55693.0,99.9,4.4,Cash & Carry,Paid
DCP-2022-030601,2022-08-15,2022,Q3,August,8,Obajana Plant (Kogi),North Central,Port Harcourt DC,Plateau,Retailer,Dangote 3X (42.5R),98,4.9,39495.51,193527.99,124974.93,16272.9,52280.16,27.01,369,Rail,10,14,4,0,Delivered,Truck Breakdown,30319.0,88.7,4.5,60-Day Credit,Paid
DCP-2022-030876,2022-08-15,2022,Q3,August,8,Dangote Cement Senegal,West Africa,Benin DC,Kogi,Contractor,Dangote 3X (42.5R),8732,436.6,39439.43,17219256.73,10605544.34,6662516.0,-48803.61,-0.28,872,Road (Truck),14,14,0,1,Delivered,None,64628.0,93.9,4.4,Cash & Carry,Paid
DCP-2022-031072,2022-08-15,2022,Q3,August,8,Benue Plant (Benue),North Central,Lagos DC,Ondo,Wholesaler,Dangote 3X (42.5N),4294,214.7,34709.03,7452028.27,4318878.86,241966.9,2891182.51,38.8,161,River Barge,10,14,4,0,Delivered,Security Incident,41305.0,95.1,4.3,Letter of Credit,Paid
DCP-2022-030123,2022-08-16,2022,Q3,August,8,Obajana Plant (Kogi),North Central,Lagos DC,Bayelsa,Wholesaler,Dangote Falcon,1087,54.35,46415.8,2522698.77,1444168.8,185469.38,893060.59,35.4,195,Road (Truck),2,4,2,0,Delivered,Truck Breakdown,34405.0,89.5,3.8,Letter of Credit,Pending
DCP-2022-030399,2022-08-16,2022,Q3,August,8,Ibese Plant (Ogun),Southwest,Maiduguri DC,Katsina,Contractor,Dangote BLC,8763,438.15,37782.06,16554211.39,10810715.54,8396049.38,-2652553.53,-16.02,1095,Road (Truck),2,3,1,0,Delivered,Fuel Shortage,20046.0,89.5,4.7,Advance Payment,Paid
DCP-2022-030483,2022-08-16,2022,Q3,August,8,Gboko Plant (Benue),North Central,Enugu DC,Imo,Retailer,Dangote OPC (52.5R),454,22.7,44188.98,1003089.92,597320.98,587532.75,-181763.81,-18.12,1479,Road (Truck),2,2,0,1,In Transit,None,61440.0,94.3,3.6,Cash & Carry,Paid
DCP-2022-030638,2022-08-16,2022,Q3,August,8,Obajana Plant (Kogi),North Central,Abuja DC,Ondo,Wholesaler,Dangote 3X (42.5R),4710,235.5,37976.57,8943481.2,6126618.66,3832762.5,-1015899.96,-11.36,930,Road (Truck),9,15,6,0,In Transit,Strike Action,13506.0,92.1,3.6,30-Day Credit,Paid
DCP-2022-030696,2022-08-16,2022,Q3,August,8,Gboko Plant (Benue),North Central,Enugu DC,Benue,Retailer,Dangote OPC (52.5R),484,24.2,45913.54,1111107.65,614892.21,373103.5,123111.94,11.08,881,Road (Truck),13,13,0,1,In Transit,None,74978.0,86.7,4.4,Advance Payment,Paid
DCP-2022-030885,2022-08-16,2022,Q3,August,8,Gboko Plant (Benue),North Central,Kano DC,Kebbi,Government,Dangote 3X (42.5N),2472,123.6,37244.03,4603361.52,2643536.95,2842182.0,-882357.43,-19.17,1314,Road (Truck),10,15,5,0,Delivered,Customs Delay,40030.0,94.3,4.0,30-Day Credit,Paid
DCP-2022-031008,2022-08-16,2022,Q3,August,8,Dangote Cement Senegal,West Africa,Kaduna DC,Ebonyi,Wholesaler,Dangote 3X (42.5R),1947,97.35,35359.39,3442236.48,2460082.79,52569.0,929584.69,27.01,60,Rail,8,8,0,1,Delivered,None,65564.0,86.1,3.9,Cash & Carry,Overdue
DCP-2022-030508,2022-08-17,2022,Q3,August,8,Gboko Plant (Benue),North Central,Benin DC,Kebbi,Wholesaler,Dangote 3X (42.5R),2644,132.2,39882.86,5272513.98,3774534.57,291501.0,1206478.41,22.88,245,Rail,4,12,8,0,In Transit,Strike Action,11711.0,91.0,4.7,30-Day Credit,Pending
DCP-2022-030857,2022-08-17,2022,Q3,August,8,Ibese Plant (Ogun),Southwest,Lagos DC,Bayelsa,Wholesaler,Dangote OPC (52.5R),4021,201.05,43851.67,8816377.95,5300679.38,6311964.75,-2796266.18,-31.72,1794,Road (Truck),4,4,0,1,Delivered,,38024.0,90.1,4.6,Cash & Carry,Pending
DCP-2022-030259,2022-08-18,2022,Q3,August,8,Benue Plant (Benue),North Central,Enugu DC,Sokoto,Contractor,Dangote 3X (42.5R),872,43.6,38190.26,1665095.49,1015959.31,1357377.0,-708240.82,-42.53,1779,Road (Truck),11,17,6,0,Delivered,Flooding,69185.0,88.8,4.2,30-Day Credit,Paid
DCP-2022-030495,2022-08-18,2022,Q3,August,8,Benue Plant (Benue),North Central,Benin DC,Cross River,Contractor,Dangote OPC (52.5R),4939,246.95,45408.8,11213703.26,7565721.12,2648291.8,999690.34,8.91,1532,River Barge,14,16,2,0,Delivered,Security Incident,5623.0,93.9,4.3,30-Day Credit,Paid
DCP-2022-030793,2022-08-19,2022,Q3,August,8,Ibese Plant (Ogun),Southwest,Ibadan DC,Plateau,Wholesaler,Dangote BLC,833,41.65,37724.38,1571220.25,1008528.56,241986.5,320705.19,20.41,830,River Barge,3,3,0,1,In Transit,None,71531.0,94.7,4.2,Cash & Carry,Paid
DCP-2022-030880,2022-08-19,2022,Q3,August,8,Benue Plant (Benue),North Central,Onitsha DC,Bayelsa,Retailer,Dangote 3X (42.5N),431,21.55,36127.1,778539.06,460498.97,194219.38,123820.71,15.9,515,Road (Truck),9,13,4,0,Delayed,Customs Delay,45128.0,98.4,4.3,Letter of Credit,Paid
DCP-2022-031120,2022-08-19,2022,Q3,August,8,Dangote Cement Senegal,West Africa,Ibadan DC,Ogun,Wholesaler,Dangote 3X (42.5R),404,20.2,37772.55,763005.41,537936.0,91910.0,133159.41,17.45,260,Road (Truck),10,10,0,1,Delivered,None,61263.0,92.3,3.2,Cash & Carry,Paid
DCP-2022-030074,2022-08-20,2022,Q3,August,8,Ibese Plant (Ogun),Southwest,Benin DC,Oyo,Contractor,Dangote OPC (52.5R),5436,271.8,45475.17,12360149.85,7953750.44,2450548.8,1955850.61,15.82,644,Road (Articulated),14,14,0,1,Delivered,None,61018.0,87.6,3.7,Cash & Carry,Overdue
DCP-2022-030624,2022-08-20,2022,Q3,August,8,Obajana Plant (Kogi),North Central,Benin DC,Rivers,Export,Dangote 3X (42.5N),93060,4653.0,35949.23,167271787.63,97255404.69,10992712.5,59023670.44,35.29,135,Road (Truck),2,16,14,0,Delivered,Truck Breakdown,65781.0,96.0,3.6,60-Day Credit,Paid
DCP-2022-030637,2022-08-20,2022,Q3,August,8,Gboko Plant (Benue),North Central,Kano DC,Ogun,Wholesaler,Dangote 3X (42.5N),2814,140.7,37590.95,5289047.36,3779849.49,509685.75,999512.12,18.9,207,Road (Truck),8,8,0,1,Delivered,None,64562.0,94.8,3.4,30-Day Credit,Paid
DCP-2022-030668,2022-08-20,2022,Q3,August,8,Gboko Plant (Benue),North Central,Onitsha DC,Abuja,Wholesaler,Dangote 3X (42.5N),3385,169.25,39014.1,6603136.94,4523305.8,5283985.0,-3204153.86,-48.52,1784,Road (Truck),6,6,0,1,Delivered,None,61259.0,85.6,3.1,Letter of Credit,Paid
DCP-2022-031160,2022-08-20,2022,Q3,August,8,Benue Plant (Benue),North Central,Lagos DC,Kogi,Retailer,Dangote 3X (42.5R),34,1.7,38635.89,65681.01,44150.81,14012.25,7517.95,11.45,471,Road (Truck),11,22,11,0,Delivered,Fuel Shortage,55035.0,93.0,4.4,Cash & Carry,Paid
DCP-2022-030454,2022-08-21,2022,Q3,August,8,Benue Plant (Benue),North Central,Abuja DC,Enugu,Retailer,Dangote 3X (42.5R),326,16.3,36322.01,592048.72,408707.58,95273.5,88067.64,14.88,334,Road (Truck),6,18,12,0,Delivered,Strike Action,18615.0,87.9,4.8,30-Day Credit,Overdue
DCP-2022-030896,2022-08-21,2022,Q3,August,8,Gboko Plant (Benue),North Central,Ibadan DC,Katsina,Wholesaler,Dangote 3X (42.5N),3099,154.95,35662.67,5525931.11,3171855.9,2054327.1,299748.11,5.42,947,Road (Articulated),12,24,12,0,Delivered,Truck Breakdown,71661.0,97.7,3.2,30-Day Credit,Pending
DCP-2022-030101,2022-08-22,2022,Q3,August,8,Gboko Plant (Benue),North Central,Lagos DC,Rivers,Retailer,Dangote 3X (42.5N),488,24.4,36401.91,888206.66,562177.3,26901.0,299128.36,33.68,63,Road (Truck),7,7,0,1,Delivered,None,26979.0,99.7,3.0,Letter of Credit,Paid
DCP-2022-030013,2022-08-23,2022,Q3,August,8,Gboko Plant (Benue),North Central,Abuja DC,Lagos,Retailer,Dangote Falcon,298,14.9,43790.92,652484.72,382510.18,154624.75,115349.79,17.68,593,Road (Truck),6,21,15,0,Delivered,Strike Action,27799.0,91.6,4.1,Cash & Carry,Overdue
DCP-2022-030687,2022-08-23,2022,Q3,August,8,Dangote Cement Senegal,West Africa,Ibadan DC,Kwara,Retailer,Dangote 3X (42.5R),461,23.05,36683.35,845551.28,490504.48,655484.38,-300437.58,-35.53,1625,Road (Truck),13,15,2,0,In Transit,Truck Breakdown,32827.0,94.7,3.9,60-Day Credit,Paid
DCP-2022-030017,2022-08-24,2022,Q3,August,8,Gboko Plant (Benue),North Central,Ibadan DC,Enugu,Contractor,Dangote 3X (42.5R),3928,196.4,38973.0,7654297.54,4728359.77,1704752.0,1221185.77,15.95,620,Road (Articulated),13,13,0,1,Delivered,None,36974.0,99.7,4.1,Advance Payment,Paid
DCP-2022-030028,2022-08-24,2022,Q3,August,8,Ibese Plant (Ogun),Southwest,Kaduna DC,Ondo,Contractor,Dangote 3X (42.5N),4625,231.25,38950.57,9007318.65,6140190.46,4054968.75,-1187840.56,-13.19,1002,Road (Truck),12,18,6,0,Delayed,Road Damage,71458.0,86.3,4.8,Cash & Carry,Paid
DCP-2022-030298,2022-08-24,2022,Q3,August,8,Obajana Plant (Kogi),North Central,Lagos DC,Ondo,Retailer,Dangote OPC (52.5R),450,22.5,46708.29,1050936.52,607340.96,366975.0,76620.56,7.29,932,Road (Truck),12,12,0,1,Delivered,None,50508.0,92.4,4.1,30-Day Credit,Paid
DCP-2022-030065,2022-08-25,2022,Q3,August,8,Gboko Plant (Benue),North Central,Kaduna DC,Sokoto,Retailer,Dangote BLC,92,4.6,36687.05,168760.44,96788.79,45241.0,26730.65,15.84,562,Road (Truck),8,17,9,0,Delayed,Strike Action,61912.0,92.7,3.2,Cash & Carry,Paid
DCP-2022-030538,2022-08-26,2022,Q3,August,8,Gboko Plant (Benue),North Central,Benin DC,Ondo,Government,Dangote 3X (42.5N),12640,632.0,33599.49,21234877.87,14674941.45,17828720.0,-11268783.58,-53.07,1612,Road (Truck),3,5,2,0,Delivered,Fuel Shortage,57248.0,99.6,3.8,30-Day Credit,Paid
DCP-2022-030814,2022-08-26,2022,Q3,August,8,Dangote Cement Senegal,West Africa,Onitsha DC,Ogun,Government,Dangote OPC (52.5R),47418,2370.9,45225.46,107225049.48,70711195.22,11138488.2,25375366.06,23.67,522,Rail,14,14,0,1,Delivered,None,36414.0,,,Advance Payment,Pending
DCP-2022-030978,2022-08-26,2022,Q3,August,8,Ibese Plant (Ogun),Southwest,Port Harcourt DC,Benue,Retailer,Dangote BLC,237,11.85,35890.59,425303.55,295907.6,296131.5,-166735.55,-39.2,1428,Road (Truck),14,27,13,0,Delivered,Strike Action,5994.0,99.1,4.2,Cash & Carry,Paid
DCP-2022-030043,2022-08-27,2022,Q3,August,8,Gboko Plant (Benue),North Central,Onitsha DC,Ondo,Wholesaler,Dangote Falcon,2930,146.5,45489.64,6664232.25,4755229.22,3750766.25,-1841763.22,-27.64,1463,Road (Truck),14,14,0,1,Returned,,73267.0,86.6,3.8,30-Day Credit,Paid
DCP-2022-030465,2022-08-27,2022,Q3,August,8,Ibese Plant (Ogun),Southwest,Onitsha DC,Abuja,Retailer,Dangote 3X (42.5R),350,17.5,37919.89,663598.16,372268.48,199981.25,91348.43,13.77,653,Road (Truck),1,1,0,1,Delivered,None,14875.0,92.3,3.0,30-Day Credit,Pending
DCP-2022-030516,2022-08-27,2022,Q3,August,8,Gboko Plant (Benue),North Central,Kaduna DC,Kwara,Retailer,Dangote Falcon,458,22.9,50304.34,1151969.43,708481.66,133369.6,310118.17,26.92,416,Road (Articulated),1,1,0,1,Delivered,,20591.0,93.8,3.7,Advance Payment,Overdue
DCP-2022-030303,2022-08-28,2022,Q3,August,8,Gboko Plant (Benue),North Central,Onitsha DC,Anambra,Retailer,Dangote BLC,403,20.15,37433.96,754294.32,508035.75,60651.5,185607.07,24.61,172,Road (Truck),6,6,0,1,Delivered,None,64715.0,96.5,4.7,30-Day Credit,Pending
DCP-2022-030984,2022-08-28,2022,Q3,August,8,Ibese Plant (Ogun),Southwest,Kaduna DC,Imo,Wholesaler,Dangote Falcon,4633,231.65,50017.99,11586668.33,7913291.81,1674134.55,1999241.97,17.25,803,Rail,12,12,0,1,Delivered,None,46402.0,,3.1,Cash & Carry,Paid
DCP-2022-030036,2022-08-29,2022,Q3,August,8,Gboko Plant (Benue),North Central,Kaduna DC,Niger,Wholesaler,Dangote BLC,956,47.8,34046.9,1627441.84,1087008.32,275328.0,265105.52,16.29,640,Rail,7,16,9,0,Delivered,,12045.0,88.8,3.2,60-Day Credit,Pending
DCP-2022-030099,2022-08-29,2022,Q3,August,8,Gboko Plant (Benue),North Central,Port Harcourt DC,Nassarawa,Wholesaler,Dangote 3X (42.5N),474,23.7,34872.24,826472.11,475061.84,124567.2,226843.07,27.45,584,Rail,10,17,7,0,Delivered,Road Damage,20695.0,88.5,4.1,Cash & Carry,Paid
DCP-2022-030541,2022-08-29,2022,Q3,August,8,Benue Plant (Benue),North Central,Abuja DC,Anambra,Retailer,Dangote BLC,143,7.15,35209.11,251745.15,169093.47,83204.55,-552.87,-0.22,1293,Rail,9,17,8,0,Delivered,Fuel Shortage,63083.0,89.4,3.8,Letter of Credit,Pending
DCP-2022-030644,2022-08-29,2022,Q3,August,8,Gboko Plant (Benue),North Central,Abuja DC,Bayelsa,Retailer,Dangote 3X (42.5N),185,9.25,37179.58,343911.13,192830.57,216588.75,-65508.19,-19.05,1338,Road (Truck),5,15,10,0,Delivered,Strike Action,30044.0,98.6,4.8,30-Day Credit,Paid
DCP-2022-031015,2022-08-29,2022,Q3,August,8,Obajana Plant (Kogi),North Central,Benin DC,Katsina,Export,Dangote OPC (52.5R),52626,2631.3,42565.71,112003157.47,75432963.41,76761599.25,-40191405.19,-35.88,1667,Road (Truck),9,20,11,0,Delayed,Fuel Shortage,78483.0,98.4,3.2,60-Day Credit,Paid
DCP-2022-030554,2022-08-30,2022,Q3,August,8,Ibese Plant (Ogun),Southwest,Abuja DC,Niger,Export,Dangote BLC,59234,2961.7,37094.12,109861665.43,71439461.07,63491443.75,-25069239.39,-22.82,1225,Road (Truck),2,2,0,1,Delivered,None,48727.0,94.9,4.1,Letter of Credit,Paid
DCP-2022-030859,2022-08-30,2022,Q3,August,8,Obajana Plant (Kogi),North Central,Onitsha DC,Kano,Export,Dangote Falcon,15339,766.95,47823.32,36678094.71,26061433.56,3135291.6,7481369.55,20.4,584,River Barge,9,9,0,1,Delivered,None,31180.0,90.8,3.2,Cash & Carry,Paid
DCP-2022-031073,2022-08-30,2022,Q3,August,8,Ibese Plant (Ogun),Southwest,Enugu DC,Plateau,Contractor,Dangote 3X (42.5R),1709,85.45,36039.59,3079582.71,1894621.54,1311443.88,-126482.71,-4.11,877,Road (Truck),6,8,2,0,Delivered,Road Damage,66122.0,90.9,3.3,60-Day Credit,Pending
DCP-2022-031106,2022-08-30,2022,Q3,August,8,Benue Plant (Benue),North Central,Abuja DC,Ekiti,Wholesaler,Dangote 3X (42.5R),4814,240.7,35486.17,8541520.27,5714702.81,2978060.75,-151243.29,-1.77,707,Road (Truck),1,1,0,1,Delivered,None,62709.0,85.9,3.3,Cash & Carry,Paid
DCP-2022-030040,2022-08-31,2022,Q3,August,8,Benue Plant (Benue),North Central,Kaduna DC,Edo,Contractor,Dangote 3X (42.5N),2692,134.6,33796.19,4548967.78,2890366.35,2963219.0,-1304617.57,-28.68,1258,Road (Truck),2,10,8,0,Delivered,Strike Action,77835.0,85.2,3.3,Letter of Credit,Overdue
DCP-2022-030331,2022-08-31,2022,Q3,August,8,Gboko Plant (Benue),North Central,Ibadan DC,Sokoto,Wholesaler,Dangote 3X (42.5R),2279,113.95,39549.46,4506660.84,2754964.04,2813710.38,-1062013.58,-23.57,1411,Road (Truck),13,20,7,0,Delayed,Truck Breakdown,16040.0,91.4,4.8,Letter of Credit,Overdue
DCP-2022-030434,2022-08-31,2022,Q3,August,8,Gboko Plant (Benue),North Central,Benin DC,Delta,Government,Dangote Falcon,9124,456.2,46911.71,21401121.03,13092997.37,5085489.5,3222634.16,15.06,637,Road (Truck),14,25,11,0,Delivered,Road Damage,34339.0,97.7,4.9,30-Day Credit,Paid
DCP-2022-030437,2022-08-31,2022,Q3,August,8,Ibese Plant (Ogun),Southwest,Lagos DC,Kwara,Government,Dangote 3X (42.5N),45805,2290.25,35052.1,80278063.61,46556296.06,13626987.5,20094780.05,25.03,340,Road (Truck),7,7,0,1,In Transit,None,41114.0,91.3,3.4,Letter of Credit,Paid
DCP-2022-030847,2022-08-31,2022,Q3,August,8,Gboko Plant (Benue),North Central,Kaduna DC,Oyo,Wholesaler,Dangote OPC (52.5R),2367,118.35,40797.03,4828328.72,2916945.35,2514345.75,-602962.38,-12.49,1214,Road (Truck),3,14,11,0,Delivered,Security Incident,11918.0,99.7,3.5,Cash & Carry,Pending
DCP-2022-030535,2022-09-01,2022,Q3,September,9,Dangote Cement Senegal,West Africa,Lagos DC,Niger,Wholesaler,Dangote BLC,2937,146.85,33049.96,4853386.67,3374271.06,2752336.12,-1273220.51,-26.23,1071,Road (Truck),12,12,0,1,Delivered,None,37235.0,94.9,4.1,Cash & Carry,Paid
DCP-2022-030616,2022-09-01,2022,Q3,September,9,Gboko Plant (Benue),North Central,Onitsha DC,Niger,Retailer,Dangote OPC (52.5R),179,8.95,46829.06,419120.13,299306.5,132907.5,-13093.87,-3.12,1650,Rail,4,14,10,0,Delivered,Fuel Shortage,70573.0,92.3,3.9,Cash & Carry,Paid
DCP-2022-030943,2022-09-01,2022,Q3,September,9,Obajana Plant (Kogi),North Central,Port Harcourt DC,Osun,Contractor,Dangote OPC (52.5R),8332,416.6,44631.45,18593460.32,11701383.55,5192919.0,1699157.77,9.14,1385,Rail,1,3,2,0,Delayed,Truck Breakdown,65614.0,98.3,3.3,Advance Payment,Paid
DCP-2022-031041,2022-09-01,2022,Q3,September,9,Dangote Cement Senegal,West Africa,Benin DC,Ebonyi,Contractor,Dangote BLC,9634,481.7,32955.61,15874714.94,9467126.22,1573713.9,4833874.82,30.45,363,Rail,2,2,0,1,Delivered,None,26624.0,85.2,3.6,Cash & Carry,Paid
DCP-2022-030209,2022-09-02,2022,Q3,September,9,Gboko Plant (Benue),North Central,Lagos DC,Imo,Retailer,Dangote 3X (42.5N),159,7.95,38233.12,303953.32,195501.58,60658.5,47793.24,15.72,436,Road (Truck),9,9,0,1,Delivered,None,62195.0,94.7,4.7,Cash & Carry,Paid
DCP-2022-030427,2022-09-02,2022,Q3,September,9,Dangote Cement Senegal,West Africa,Kano DC,Lagos,Wholesaler,Dangote 3X (42.5R),1257,62.85,35428.56,2226684.81,1440133.2,1887385.5,-1100833.89,-49.44,1716,Road (Truck),13,13,0,1,Delivered,None,64849.0,95.5,3.6,30-Day Credit,Paid
DCP-2022-030051,2022-09-03,2022,Q3,September,9,Benue Plant (Benue),North Central,Kaduna DC,Edo,Wholesaler,Dangote 3X (42.5R),3733,186.65,35451.21,6616967.62,4323596.53,601013.0,1692358.09,25.58,184,Road (Truck),10,19,9,0,Delayed,Road Damage,35472.0,94.0,3.6,30-Day Credit,Paid
DCP-2022-030405,2022-09-03,2022,Q3,September,9,Benue Plant (Benue),North Central,Onitsha DC,Edo,Export,Dangote OPC (52.5R),74783,3739.15,43334.52,162034266.79,106094969.98,45856935.6,10082361.21,6.22,1752,River Barge,12,12,0,1,Delivered,None,32605.0,99.9,4.3,Advance Payment,Overdue
DCP-2022-030628,2022-09-03,2022,Q3,September,9,Obajana Plant (Kogi),North Central,Kano DC,Kwara,Wholesaler,Dangote 3X (42.5R),3191,159.55,37984.33,6060400.57,4188807.71,2496159.75,-624566.89,-10.31,894,Road (Truck),1,2,1,0,Delayed,Road Damage,81754.0,98.1,4.4,60-Day Credit,Paid
DCP-2022-030675,2022-09-03,2022,Q3,September,9,Obajana Plant (Kogi),North Central,Abuja DC,Ekiti,Government,Dangote 3X (42.5R),48907,2445.35,38957.34,95264330.34,63275315.79,38557056.12,-6568041.57,-6.89,901,Road (Truck),7,7,0,1,Delivered,None,12808.0,99.0,3.6,30-Day Credit,Paid
DCP-2022-030817,2022-09-03,2022,Q3,September,9,Dangote Cement Senegal,West Africa,Ibadan DC,Bayelsa,Contractor,Dangote OPC (52.5R),3768,188.4,44494.74,8382809.59,5022358.55,2100848.4,1259602.64,15.03,1239,Rail,6,7,1,0,Delivered,Strike Action,44262.0,90.7,4.7,Cash & Carry,Paid
DCP-2022-030009,2022-09-06,2022,Q3,September,9,Ibese Plant (Ogun),Southwest,Onitsha DC,Ekiti,Contractor,Dangote 3X (42.5N),9555,477.75,34999.1,16720821.89,10540896.41,7382431.88,-1202506.4,-7.19,883,Road (Truck),2,8,6,0,Delivered,Fuel Shortage,42362.0,95.9,4.3,Advance Payment,Paid
DCP-2022-030166,2022-09-07,2022,Q3,September,9,Obajana Plant (Kogi),North Central,Kaduna DC,Kaduna,Wholesaler,Dangote OPC (52.5R),2243,112.15,40567.02,4549590.83,3173869.57,882396.2,493325.06,10.84,1124,River Barge,10,14,4,0,Damaged in Transit,Fuel Shortage,58588.0,90.1,4.0,60-Day Credit,Paid
DCP-2022-030187,2022-09-07,2022,Q3,September,9,Ibese Plant (Ogun),Southwest,Abuja DC,Benue,Retailer,Dangote OPC (52.5R),31,1.55,44125.91,68395.16,46819.79,22893.5,-1318.13,-1.93,844,Road (Truck),8,9,1,0,Returned,Strike Action,30926.0,95.6,4.0,Letter of Credit,Pending
DCP-2022-030738,2022-09-07,2022,Q3,September,9,Gboko Plant (Benue),North Central,Ibadan DC,Kogi,Wholesaler,Dangote 3X (42.5N),2611,130.55,34280.67,4475341.5,2975307.91,2008642.3,-508608.71,-11.36,1099,Road (Articulated),2,4,2,0,Delayed,Security Incident,52920.0,87.5,3.4,Letter of Credit,Paid
DCP-2022-030007,2022-09-08,2022,Q3,September,9,Obajana Plant (Kogi),North Central,Abuja DC,Akwa Ibom,Retailer,Dangote BLC,435,21.75,33540.93,729515.29,431105.73,368749.5,-70339.94,-9.64,1211,Road (Articulated),2,16,14,0,Delivered,Truck Breakdown,65848.0,96.5,3.3,30-Day Credit,Paid
DCP-2022-030109,2022-09-09,2022,Q3,September,9,Dangote Cement Senegal,West Africa,Port Harcourt DC,Niger,Retailer,Dangote OPC (52.5R),428,21.4,43049.71,921263.78,652670.63,88403.4,180189.75,19.56,459,Rail,9,9,0,1,Delivered,None,7153.0,95.9,4.9,Cash & Carry,Pending
DCP-2022-030309,2022-09-09,2022,Q3,September,9,Benue Plant (Benue),North Central,Kaduna DC,Akwa Ibom,Contractor,Dangote BLC,7120,356.0,36793.35,13098433.08,9039859.32,9220400.0,-5161826.24,-39.41,1480,Road (Truck),2,2,0,1,Delivered,None,70074.0,96.1,3.9,Cash & Carry,Paid
DCP-2022-030316,2022-09-09,2022,Q3,September,9,Ibese Plant (Ogun),Southwest,Onitsha DC,Ebonyi,Government,Dangote OPC (52.5R),42723,2136.15,40854.68,87271733.67,50204420.75,19438965.0,17628347.92,20.2,520,Road (Truck),8,8,0,1,Delivered,None,39914.0,99.9,4.9,Cash & Carry,Paid
DCP-2022-030476,2022-09-09,2022,Q3,September,9,Benue Plant (Benue),North Central,Ibadan DC,Kogi,Wholesaler,Dangote 3X (42.5N),1427,71.35,36666.61,2616162.76,1790242.06,145125.9,680794.8,26.02,226,Rail,11,13,2,0,Delivered,Security Incident,69801.0,98.4,3.7,30-Day Credit,Paid
DCP-2022-030617,2022-09-09,2022,Q3,September,9,Benue Plant (Benue),North Central,Maiduguri DC,Abia,Government,Dangote 3X (42.5R),48698,2434.9,37692.87,91778365.13,62607864.28,28463981.0,706519.85,0.77,1670,River Barge,12,12,0,1,Delivered,None,9722.0,88.7,4.3,Cash & Carry,Pending
DCP-2022-030843,2022-09-09,2022,Q3,September,9,Obajana Plant (Kogi),North Central,Kano DC,Plateau,Wholesaler,Dangote 3X (42.5R),4635,231.75,40813.49,9458527.41,6292011.58,4360608.0,-1194092.17,-12.62,1344,Road (Articulated),12,12,0,1,In Transit,None,58298.0,97.6,3.9,60-Day Credit,Paid
DCP-2022-030846,2022-09-09,2022,Q3,September,9,Gboko Plant (Benue),North Central,Abuja DC,Enugu,Wholesaler,Dangote OPC (52.5R),4077,203.85,42092.97,8580652.11,5534618.31,961764.3,2084269.5,24.29,674,River Barge,11,14,3,0,Delivered,Road Damage,57799.0,88.3,3.8,30-Day Credit,Paid
DCP-2022-030946,2022-09-09,2022,Q3,September,9,Obajana Plant (Kogi),North Central,Onitsha DC,Kwara,Retailer,Dangote 3X (42.5R),438,21.9,37680.24,825197.36,512668.97,81862.2,230666.19,27.95,267,Road (Articulated),1,1,0,1,Delivered,None,6194.0,95.8,4.1,60-Day Credit,Paid
DCP-2022-030940,2022-09-10,2022,Q3,September,9,Ibese Plant (Ogun),Southwest,Onitsha DC,Zamfara,Wholesaler,Dangote 3X (42.5N),1302,65.1,33594.73,2187016.62,1451473.32,,134019.3,6.13,528,Road (Truck),6,19,13,0,Delivered,Fuel Shortage,74955.0,92.5,3.4,Cash & Carry,Paid
DCP-2022-030670,2022-09-12,2022,Q3,September,9,Benue Plant (Benue),North Central,Kaduna DC,Anambra,Contractor,Dangote 3X (42.5N),5501,275.05,38344.16,10546561.8,7136835.31,7210435.75,-3800709.26,-36.04,1498,Road (Truck),6,19,13,0,In Transit,Security Incident,60988.0,85.1,4.6,Advance Payment,Paid
DCP-2022-030942,2022-09-12,2022,Q3,September,9,Ibese Plant (Ogun),Southwest,Abuja DC,Bayelsa,Contractor,Dangote 3X (42.5R),8477,423.85,40963.72,17362473.6,10147464.34,1050300.3,6164708.96,35.51,177,Road (Articulated),4,4,0,1,Delivered,None,71246.0,94.3,4.8,Cash & Carry,Paid
DCP-2022-030750,2022-09-13,2022,Q3,September,9,Dangote Cement Senegal,West Africa,Abuja DC,Ondo,Government,Dangote BLC,40558,2027.9,37019.44,75071721.82,46889446.1,7884475.2,20297800.52,27.04,432,Rail,8,8,0,1,Delivered,None,24719.0,98.5,3.9,30-Day Credit,Paid
DCP-2022-031100,2022-09-13,2022,Q3,September,9,Dangote Cement Senegal,West Africa,Kaduna DC,Lagos,Wholesaler,Dangote 3X (42.5R),1447,72.35,35333.52,2556380.13,1839181.03,615336.75,101862.35,3.98,486,Road (Truck),3,9,6,0,Delayed,Road Damage,28289.0,87.7,3.4,Cash & Carry,Paid
DCP-2022-031035,2022-09-14,2022,Q3,September,9,Dangote Cement Senegal,West Africa,Kano DC,Akwa Ibom,Export,Dangote 3X (42.5N),31873,1593.65,37334.89,59498741.93,39288111.84,4685331.0,15525299.09,26.09,168,Road (Truck),9,14,5,0,Delivered,Customs Delay,46773.0,90.8,3.2,60-Day Credit,Paid
DCP-2022-031076,2022-09-14,2022,Q3,September,9,Benue Plant (Benue),North Central,Port Harcourt DC,Edo,Retailer,Dangote OPC (52.5R),221,11.05,43248.81,477899.31,306585.78,65239.2,106074.33,22.2,656,Rail,10,20,10,0,Delayed,Road Damage,76154.0,93.2,4.3,30-Day Credit,Paid
DCP-2022-030301,2022-09-15,2022,Q3,September,9,Gboko Plant (Benue),North Central,Kano DC,Rivers,Wholesaler,Dangote 3X (42.5R),3671,183.55,38823.5,7126053.56,5099391.35,524218.8,1502443.41,21.08,204,Road (Articulated),9,9,0,1,Delivered,None,28786.0,93.6,4.6,30-Day Credit,Overdue
DCP-2022-030462,2022-09-15,2022,Q3,September,9,Ibese Plant (Ogun),Southwest,Kano DC,Imo,Wholesaler,Dangote BLC,2595,129.75,34079.79,4421853.16,2800857.13,1395072.0,225924.03,5.11,768,Road (Articulated),5,10,5,0,Delivered,Fuel Shortage,6085.0,90.3,4.4,Letter of Credit,Pending
DCP-2022-030466,2022-09-15,2022,Q3,September,9,Dangote Cement Senegal,West Africa,Kano DC,Oyo,Contractor,Dangote Falcon,2537,126.85,44719.39,5672654.64,3684322.38,477273.12,1511059.14,26.64,215,Road (Truck),1,1,0,1,Delivered,None,69937.0,94.6,3.8,Advance Payment,Paid
DCP-2022-030473,2022-09-15,2022,Q3,September,9,Ibese Plant (Ogun),Southwest,Enugu DC,Abia,Contractor,Dangote 3X (42.5N),6599,329.95,34599.06,11415960.43,6572607.5,3217342.45,1626010.48,14.24,1393,River Barge,6,6,0,1,In Transit,None,16203.0,96.8,4.3,Advance Payment,Paid
DCP-2022-030914,2022-09-15,2022,Q3,September,9,Dangote Cement Senegal,West Africa,Abuja DC,Sokoto,Retailer,Dangote 3X (42.5N),290,14.5,37387.09,542112.86,331260.51,278617.5,-67765.15,-12.5,1098,Road (Truck),4,4,0,1,Delivered,None,42992.0,85.2,,Cash & Carry,Paid
DCP-2022-031155,2022-09-15,2022,Q3,September,9,Gboko Plant (Benue),North Central,Abuja DC,Edo,Wholesaler,Dangote 3X (42.5R),1347,67.35,37205.33,2505778.83,1725741.72,1025403.75,-245366.64,-9.79,870,Road (Truck),1,4,3,0,In Transit,Flooding,67835.0,88.6,3.5,Cash & Carry,Paid
DCP-2022-030596,2022-09-16,2022,Q3,September,9,Obajana Plant (Kogi),North Central,Port Harcourt DC,Ondo,Retailer,Dangote OPC (52.5R),181,9.05,43569.66,394305.39,275275.37,24326.4,94703.62,24.02,192,Road (Articulated),10,10,0,1,Delivered,None,16469.0,99.5,3.1,60-Day Credit,Paid
DCP-2022-031089,2022-09-16,2022,Q3,September,9,Gboko Plant (Benue),North Central,Kano DC,Ebonyi,Export,Dangote 3X (42.5N),63753,3187.65,34084.7,108650108.65,62640111.5,48922458.38,-2912461.23,-2.68,877,Road (Truck),11,11,0,1,Delivered,None,25719.0,98.1,4.0,60-Day Credit,Paid
DCP-2022-030039,2022-09-17,2022,Q3,September,9,Gboko Plant (Benue),North Central,Lagos DC,Abuja,Contractor,Dangote 3X (42.5N),9816,490.8,37434.05,18372633.7,12807458.25,8279796.0,-2714620.55,-14.78,964,Road (Truck),6,6,0,1,Delivered,None,35177.0,99.0,4.7,Advance Payment,Paid
DCP-2022-031056,2022-09-17,2022,Q3,September,9,Ibese Plant (Ogun),Southwest,Abuja DC,Nassarawa,Retailer,Dangote 3X (42.5R),265,13.25,39255.02,520129.07,300233.26,177682.5,42213.31,8.12,1490,Rail,11,11,0,1,Delivered,None,36480.0,93.4,4.5,60-Day Credit,Paid
DCP-2022-030561,2022-09-18,2022,Q3,September,9,Obajana Plant (Kogi),North Central,Benin DC,Lagos,Wholesaler,Dangote 3X (42.5N),3540,177.0,38587.76,6830033.44,4168340.63,1694952.0,966740.81,14.15,684,Road (Articulated),7,18,11,0,Delivered,Security Incident,84977.0,86.3,4.3,30-Day Credit,Paid
DCP-2022-030591,2022-09-18,2022,Q3,September,9,Gboko Plant (Benue),North Central,Lagos DC,Akwa Ibom,Wholesaler,Dangote Falcon,3845,192.25,49950.52,9602987.03,6444658.69,267804.25,2890524.09,30.1,199,River Barge,8,8,0,1,Delivered,None,6247.0,98.8,,60-Day Credit,Overdue
DCP-2022-031042,2022-09-18,2022,Q3,September,9,Obajana Plant (Kogi),North Central,Maiduguri DC,Niger,Retailer,Dangote Falcon,337,16.85,47549.24,801204.69,532850.15,112069.35,156285.19,19.51,739,Rail,11,12,1,0,Delivered,Truck Breakdown,83607.0,85.0,4.4,Cash & Carry,Paid
DCP-2022-030127,2022-09-19,2022,Q3,September,9,Ibese Plant (Ogun),Southwest,Kano DC,Zamfara,Wholesaler,Dangote 3X (42.5N),4904,245.2,38453.63,9428831.2,6277522.2,793835.0,2357474.0,25.0,185,Road (Truck),7,21,14,0,Delivered,Fuel Shortage,24558.0,,3.2,30-Day Credit,Paid
DCP-2022-030321,2022-09-20,2022,Q3,September,9,Gboko Plant (Benue),North Central,Benin DC,Edo,Wholesaler,Dangote Falcon,1370,68.5,47205.14,3233551.81,2134235.76,264923.75,834392.3,25.8,221,Road (Truck),7,7,0,1,Delivered,None,29031.0,99.8,4.4,Cash & Carry,Paid
DCP-2022-030322,2022-09-20,2022,Q3,September,9,Obajana Plant (Kogi),North Central,Onitsha DC,Kano,Retailer,Dangote OPC (52.5R),247,12.35,44482.09,549353.77,325807.8,63466.65,160079.32,29.14,571,Rail,13,13,0,1,Delivered,None,57926.0,87.7,3.4,30-Day Credit,Paid
DCP-2022-030831,2022-09-20,2022,Q3,September,9,Obajana Plant (Kogi),North Central,Onitsha DC,Cross River,Retailer,Dangote Falcon,314,15.7,47885.1,751796.04,508051.66,242879.0,865.38,0.12,884,Road (Truck),4,19,15,0,Delayed,Fuel Shortage,11771.0,94.0,4.4,Cash & Carry,Paid
DCP-2022-030915,2022-09-20,2022,Q3,September,9,Benue Plant (Benue),North Central,Lagos DC,Ondo,Retailer,Dangote 3X (42.5R),212,10.6,36568.2,387622.97,224187.94,19292.0,144143.03,37.19,130,Road (Articulated),2,5,3,0,Delayed,Fuel Shortage,23612.0,,3.1,60-Day Credit,Paid
DCP-2022-031039,2022-09-20,2022,Q3,September,9,Dangote Cement Senegal,West Africa,Maiduguri DC,Katsina,Government,Dangote 3X (42.5R),1323,66.15,40116.02,2653674.92,1550520.5,1311589.12,-208434.7,-7.85,1133,Road (Truck),9,10,1,0,Delivered,Customs Delay,23670.0,89.8,,Cash & Carry,Paid
DCP-2022-031044,2022-09-20,2022,Q3,September,9,Benue Plant (Benue),North Central,Ibadan DC,Akwa Ibom,Contractor,Dangote 3X (42.5R),2804,140.2,38005.23,5328333.3,3614125.8,616319.2,1097888.3,20.6,314,Road (Articulated),6,15,9,0,Delayed,Truck Breakdown,60707.0,97.1,3.6,30-Day Credit,Paid
DCP-2022-030176,2022-09-21,2022,Q3,September,9,Obajana Plant (Kogi),North Central,Kaduna DC,Ogun,Retailer,Dangote 3X (42.5R),294,14.7,35938.45,528295.18,366543.03,15692.25,146059.9,27.65,61,Road (Truck),12,13,1,0,Delivered,Security Incident,30810.0,85.8,4.9,30-Day Credit,Paid
DCP-2022-030745,2022-09-21,2022,Q3,September,9,Ibese Plant (Ogun),Southwest,Enugu DC,Abuja,Wholesaler,Dangote 3X (42.5N),670,33.5,38283.45,1282495.47,743063.21,544978.0,-5545.74,-0.43,1162,Road (Articulated),2,6,4,0,Delayed,Truck Breakdown,15104.0,94.1,4.8,30-Day Credit,Paid
DCP-2022-031020,2022-09-21,2022,Q3,September,9,Obajana Plant (Kogi),North Central,Abuja DC,Zamfara,Wholesaler,Dangote 3X (42.5R),4696,234.8,38291.99,8990958.31,5540041.86,5497842.0,-2046925.55,-22.77,1338,Road (Truck),4,4,0,1,Delivered,None,27639.0,90.0,5.0,Cash & Carry,Paid
DCP-2022-031077,2022-09-21,2022,Q3,September,9,Ibese Plant (Ogun),Southwest,Benin DC,Oyo,Wholesaler,Dangote 3X (42.5N),289,14.45,34796.0,502802.21,287721.41,42988.75,172092.05,34.23,170,Road (Truck),3,16,13,0,Delivered,Truck Breakdown,12634.0,93.0,3.8,30-Day Credit,Paid
DCP-2022-030785,2022-09-22,2022,Q3,September,9,Benue Plant (Benue),North Central,Lagos DC,Lagos,Contractor,Dangote 3X (42.5R),8995,449.75,37845.48,17021004.09,10855417.08,6776608.12,-611021.11,-3.59,861,Road (Truck),8,11,3,0,Delivered,Customs Delay,11331.0,93.7,4.8,30-Day Credit,Overdue
DCP-2022-030985,2022-09-22,2022,Q3,September,9,Gboko Plant (Benue),North Central,Enugu DC,Ogun,Contractor,Dangote 3X (42.5R),9409,470.45,36723.54,17276589.44,10195812.81,2940782.95,4139993.68,23.96,893,River Barge,7,7,0,1,In Transit,None,23231.0,88.7,3.5,30-Day Credit,Paid
DCP-2022-030196,2022-09-23,2022,Q3,September,9,Gboko Plant (Benue),North Central,Port Harcourt DC,Ogun,Contractor,Dangote 3X (42.5N),8564,428.2,34932.96,14958292.82,8658040.76,921700.5,5378551.56,35.96,123,Road (Truck),11,11,0,1,Delivered,None,84745.0,96.7,3.7,30-Day Credit,Paid
DCP-2022-030289,2022-09-23,2022,Q3,September,9,Gboko Plant (Benue),North Central,Enugu DC,Imo,Retailer,Dangote Falcon,184,9.2,44465.98,409087.01,240150.01,173880.0,-4943.0,-1.21,1080,Road (Truck),4,13,9,0,In Transit,Truck Breakdown,71513.0,92.9,4.1,30-Day Credit,Pending
DCP-2022-030469,2022-09-23,2022,Q3,September,9,Benue Plant (Benue),North Central,Lagos DC,Oyo,Wholesaler,Dangote 3X (42.5R),976,48.8,35552.19,1734946.69,1039923.71,455011.2,240011.78,13.83,1036,Rail,14,14,0,1,Delivered,None,58953.0,96.1,3.1,Cash & Carry,Paid
DCP-2022-031070,2022-09-23,2022,Q3,September,9,Ibese Plant (Ogun),Southwest,Kano DC,Ekiti,Government,Dangote 3X (42.5R),19210,960.5,40986.58,39367610.0,23205561.37,21044555.0,-4882506.37,-12.4,1252,Road (Truck),11,11,0,1,Delivered,None,16187.0,85.4,4.9,60-Day Credit,Pending
DCP-2022-030229,2022-09-24,2022,Q3,September,9,Dangote Cement Senegal,West Africa,Port Harcourt DC,Kano,Wholesaler,Dangote 3X (42.5N),1351,67.55,35404.32,2391561.5,1561480.9,1145479.12,-315398.52,-13.19,969,Road (Truck),4,14,10,0,Delivered,Fuel Shortage,69008.0,97.9,3.6,60-Day Credit,Paid
DCP-2022-030746,2022-09-24,2022,Q3,September,9,Ibese Plant (Ogun),Southwest,Kaduna DC,Benue,Retailer,Dangote OPC (52.5R),114,5.7,43740.83,249322.73,138154.29,15481.2,95687.24,38.38,388,River Barge,7,7,0,1,Delivered,None,41482.0,96.8,4.8,30-Day Credit,Paid
DCP-2022-031177,2022-09-24,2022,Q3,September,9,Gboko Plant (Benue),North Central,Maiduguri DC,Ogun,Contractor,Dangote OPC (52.5R),7222,361.1,42633.21,15394852.52,10775288.0,7810593.0,-3191028.48,-20.73,1236,Road (Truck),3,18,15,0,Delayed,Road Damage,49992.0,96.2,4.2,Cash & Carry,Paid
DCP-2022-030191,2022-09-25,2022,Q3,September,9,Dangote Cement Senegal,West Africa,Kaduna DC,Enugu,Wholesaler,Dangote 3X (42.5R),888,44.4,40441.78,1795614.94,1170684.1,1285935.0,-661004.16,-36.81,1655,Road (Truck),13,13,0,1,Delivered,None,15426.0,94.1,4.7,Letter of Credit,Pending
DCP-2022-030883,2022-09-25,2022,Q3,September,9,Obajana Plant (Kogi),North Central,Ibadan DC,Kogi,Contractor,Dangote 3X (42.5N),2287,114.35,36176.43,4136775.11,2563384.82,1589693.7,-16303.41,-0.39,993,Road (Articulated),12,12,0,1,Delayed,None,38520.0,97.8,4.3,30-Day Credit,Paid
DCP-2022-030949,2022-09-25,2022,Q3,September,9,Gboko Plant (Benue),North Central,Kano DC,Abuja,Contractor,Dangote 3X (42.5N),2043,102.15,38635.7,3946637.04,2558371.32,1144080.0,244185.72,6.19,640,Road (Truck),5,5,0,1,Delivered,None,5818.0,98.7,4.5,30-Day Credit,Pending
DCP-2022-030956,2022-09-25,2022,Q3,September,9,Benue Plant (Benue),North Central,Maiduguri DC,Edo,Wholesaler,Dangote OPC (52.5R),571,28.55,45972.41,1312512.35,895345.44,290282.12,126884.79,9.67,581,Road (Truck),13,13,0,1,Delivered,None,71740.0,96.6,3.9,30-Day Credit,Pending
DCP-2022-030031,2022-09-26,2022,Q3,September,9,Dangote Cement Senegal,West Africa,Ibadan DC,Osun,Contractor,Dangote 3X (42.5R),5053,252.65,36051.0,9108286.31,5031464.92,5053631.62,-976810.23,-10.72,1143,Road (Truck),1,10,9,0,Delivered,Customs Delay,80527.0,94.6,4.5,Cash & Carry,Paid
DCP-2022-030058,2022-09-26,2022,Q3,September,9,Obajana Plant (Kogi),North Central,Kaduna DC,Ebonyi,Wholesaler,Dangote 3X (42.5R),2881,144.05,39697.04,5718358.13,3219346.96,3393097.75,-894086.58,-15.64,1346,Road (Truck),9,9,0,1,Delivered,None,33088.0,99.4,4.3,Cash & Carry,Paid
DCP-2022-030233,2022-09-26,2022,Q3,September,9,Obajana Plant (Kogi),North Central,Onitsha DC,Osun,Retailer,Dangote BLC,433,21.65,37115.57,803552.04,475520.14,436085.12,-108053.22,-13.45,1151,Road (Truck),12,12,0,1,Delivered,None,66213.0,99.4,3.4,30-Day Credit,Pending
DCP-2022-030244,2022-09-26,2022,Q3,September,9,Gboko Plant (Benue),North Central,Enugu DC,Ekiti,Contractor,Dangote BLC,1809,90.45,37452.93,3387617.84,2252907.94,508102.88,626607.02,18.5,321,Road (Truck),1,1,0,1,Delivered,None,46788.0,85.1,4.9,60-Day Credit,Paid
DCP-2022-030306,2022-09-26,2022,Q3,September,9,Gboko Plant (Benue),North Central,Benin DC,Abia,Wholesaler,Dangote OPC (52.5R),1101,55.05,42686.41,2349886.8,1624939.22,1501901.62,-776954.04,-33.06,1559,Road (Truck),12,27,15,0,Delivered,Truck Breakdown,16542.0,87.6,4.9,30-Day Credit,Paid
DCP-2022-030415,2022-09-26,2022,Q3,September,9,Dangote Cement Senegal,West Africa,Lagos DC,Ondo,Retailer,Dangote Falcon,366,18.3,45418.22,831153.35,592185.54,44578.8,194389.01,23.39,174,Road (Articulated),12,12,0,1,Delivered,None,44602.0,93.0,4.0,Cash & Carry,Paid
DCP-2022-030546,2022-09-26,2022,Q3,September,9,Ibese Plant (Ogun),Southwest,Port Harcourt DC,Nassarawa,Contractor,Dangote 3X (42.5N),6728,336.4,39139.85,13166643.89,8377419.45,1831698.0,2957526.44,22.46,605,Rail,9,18,9,0,Delayed,Flooding,82635.0,85.8,4.1,Cash & Carry,Paid
DCP-2022-030709,2022-09-26,2022,Q3,September,9,Obajana Plant (Kogi),North Central,Lagos DC,Akwa Ibom,Wholesaler,Dangote Falcon,317,15.85,43461.07,688858.03,391372.48,456004.5,-158518.95,-23.01,1644,Road (Truck),9,9,0,1,Delivered,None,78946.0,88.7,3.8,30-Day Credit,Pending
DCP-2022-030714,2022-09-26,2022,Q3,September,9,Gboko Plant (Benue),North Central,Ibadan DC,Cross River,Export,Dangote 3X (42.5R),20181,1009.05,40409.87,40775581.17,22460944.79,15963171.0,2351465.38,5.77,1130,Road (Articulated),13,13,0,1,Delivered,None,43151.0,95.0,4.1,Letter of Credit,Paid
DCP-2022-030822,2022-09-26,2022,Q3,September,9,Obajana Plant (Kogi),North Central,Onitsha DC,Kebbi,Government,Dangote 3X (42.5R),48368,2418.4,37185.54,89929499.81,50905381.8,4519989.6,34504128.41,38.37,267,River Barge,9,9,0,1,Delivered,None,31585.0,93.3,4.5,Letter of Credit,Paid
DCP-2022-030825,2022-09-26,2022,Q3,September,9,Obajana Plant (Kogi),North Central,Abuja DC,Kano,Export,Dangote 3X (42.5N),52173,2608.65,37729.55,98423202.81,65863540.9,65190163.5,-32630501.59,-33.15,1428,Road (Truck),11,14,3,0,Delivered,Truck Breakdown,21629.0,85.8,4.9,60-Day Credit,Paid
DCP-2022-030464,2022-09-27,2022,Q3,September,9,Ibese Plant (Ogun),Southwest,Ibadan DC,Akwa Ibom,Contractor,Dangote 3X (42.5R),5626,281.3,37497.15,10547948.09,7583662.78,3362238.25,-397952.94,-3.77,683,Road (Truck),10,10,0,1,Delivered,None,53989.0,91.5,3.9,Advance Payment,Pending
DCP-2022-030663,2022-09-27,2022,Q3,September,9,Ibese Plant (Ogun),Southwest,Maiduguri DC,Sokoto,Contractor,Dangote OPC (52.5R),9929,496.45,42206.89,20953609.37,14427364.99,8149226.75,-1622982.37,-7.75,938,Road (Truck),6,11,5,0,Delivered,Security Incident,62942.0,91.1,4.9,Cash & Carry,Pending
DCP-2022-030684,2022-09-28,2022,Q3,September,9,Gboko Plant (Benue),North Central,Enugu DC,Ekiti,Retailer,Dangote 3X (42.5N),312,15.6,36957.46,576536.33,343495.3,286540.8,-53499.77,-9.28,1312,Road (Articulated),2,7,5,0,In Transit,Fuel Shortage,44814.0,99.7,3.8,Cash & Carry,Paid
DCP-2022-030904,2022-09-28,2022,Q3,September,9,Dangote Cement Senegal,West Africa,Enugu DC,Imo,Retailer,Dangote 3X (42.5R),284,14.2,35458.05,503504.3,297963.52,209932.8,-4392.02,-0.87,1056,Road (Articulated),2,2,0,1,In Transit,None,51115.0,98.3,3.0,60-Day Credit,Paid
DCP-2022-030171,2022-09-29,2022,Q3,September,9,Obajana Plant (Kogi),North Central,Onitsha DC,Akwa Ibom,Retailer,Dangote 3X (42.5N),309,15.45,36548.66,564676.86,398999.31,57288.6,108388.95,19.19,412,Rail,3,6,3,0,Delivered,Truck Breakdown,57602.0,94.1,3.6,Letter of Credit,Paid
DCP-2022-030192,2022-09-29,2022,Q3,September,9,Benue Plant (Benue),North Central,Port Harcourt DC,Anambra,Retailer,Dangote 3X (42.5R),403,20.15,38541.41,776609.46,525016.72,453898.9,-202306.16,-26.05,1609,Road (Articulated),10,10,0,1,Delivered,None,43171.0,88.5,4.7,Cash & Carry,Pending
DCP-2022-030270,2022-09-29,2022,Q3,September,9,Obajana Plant (Kogi),North Central,Maiduguri DC,Nassarawa,Government,Dangote 3X (42.5N),36371,1818.55,36291.02,65997037.11,43326983.7,15148521.5,7521531.91,11.4,476,Road (Truck),4,4,0,1,Delivered,None,72503.0,98.7,4.0,Cash & Carry,Overdue
DCP-2022-030485,2022-09-30,2022,Q3,September,9,Obajana Plant (Kogi),North Central,Ibadan DC,Ogun,Retailer,Dangote Falcon,188,9.4,50083.61,470785.9,319315.84,97120.8,54349.26,11.54,738,Road (Articulated),5,15,10,0,Delivered,Flooding,7188.0,95.9,4.2,Letter of Credit,Pending
DCP-2022-030935,2022-09-30,2022,Q3,September,9,Gboko Plant (Benue),North Central,Lagos DC,Katsina,Contractor,Dangote OPC (52.5R),7330,366.5,42059.69,15414877.87,10613643.54,7932526.0,-3131291.67,-20.31,1546,Road (Articulated),13,13,0,1,Delivered,None,8680.0,98.1,4.3,Letter of Credit,Overdue
DCP-2022-031134,2022-09-30,2022,Q3,September,9,Obajana Plant (Kogi),North Central,Kano DC,Sokoto,Retailer,Dangote 3X (42.5R),495,24.75,39210.04,970448.58,579722.14,318780.0,71946.44,7.41,736,Road (Truck),10,20,10,0,In Transit,Truck Breakdown,54731.0,88.5,4.8,60-Day Credit,Paid
DCP-2022-030907,2022-10-01,2022,Q4,October,10,Obajana Plant (Kogi),North Central,Onitsha DC,Bayelsa,Wholesaler,Dangote 3X (42.5R),2421,121.05,40306.26,4879073.16,2931772.93,3205101.38,-1257801.15,-25.78,1513,Road (Truck),7,7,0,1,Delivered,None,60773.0,96.8,4.0,30-Day Credit,Paid
DCP-2022-031135,2022-10-01,2022,Q4,October,10,Obajana Plant (Kogi),North Central,Onitsha DC,Anambra,Contractor,Dangote Falcon,2499,124.95,48311.33,6036500.8,3760409.14,406712.25,1869379.41,30.97,186,Road (Truck),14,19,5,0,Delayed,Truck Breakdown,76530.0,99.7,4.5,Letter of Credit,Pending
DCP-2022-030792,2022-10-02,2022,Q4,October,10,Benue Plant (Benue),North Central,Onitsha DC,Sokoto,Contractor,Dangote OPC (52.5R),9028,451.4,46139.49,20827366.71,13465782.98,5820351.6,1541232.13,7.4,921,Road (Articulated),9,9,0,1,Delivered,None,75938.0,95.4,3.1,Advance Payment,Paid
DCP-2022-030924,2022-10-02,2022,Q4,October,10,Benue Plant (Benue),North Central,Ibadan DC,Katsina,Retailer,Dangote BLC,415,20.75,37691.72,782103.24,519831.93,112205.63,150065.68,19.19,309,Road (Truck),7,22,15,0,Delivered,Customs Delay,47042.0,89.7,3.5,30-Day Credit,Paid
DCP-2022-031091,2022-10-02,2022,Q4,October,10,Ibese Plant (Ogun),Southwest,Lagos DC,Katsina,Retailer,Dangote 3X (42.5N),108,5.4,34230.11,184842.61,112698.47,81307.8,-9163.66,-4.96,1673,Rail,3,3,0,1,Delivered,None,19479.0,93.3,3.6,30-Day Credit,Paid
DCP-2022-031109,2022-10-02,2022,Q4,October,10,Gboko Plant (Benue),North Central,Abuja DC,Katsina,Contractor,Dangote BLC,3504,175.2,34982.82,6128990.23,3727803.53,480748.8,1920437.9,31.33,196,Road (Articulated),6,21,15,0,Delivered,Strike Action,8300.0,86.5,3.5,Letter of Credit,Pending
DCP-2022-030024,2022-10-03,2022,Q4,October,10,Dangote Cement Senegal,West Africa,Maiduguri DC,Abia,Wholesaler,Dangote 3X (42.5R),1897,94.85,37912.7,3596019.91,2215528.45,1211329.35,169162.11,4.7,1419,Rail,7,21,14,0,Delivered,Fuel Shortage,15210.0,94.3,,30-Day Credit,Paid
DCP-2022-030397,2022-10-03,2022,Q4,October,10,Ibese Plant (Ogun),Southwest,Kaduna DC,Enugu,Contractor,Dangote 3X (42.5N),6651,332.55,36712.67,12208799.76,8400549.92,,-2302356.41,-18.86,1050,Road (Truck),14,26,12,0,Delayed,Road Damage,57136.0,96.3,3.4,60-Day Credit,Paid
DCP-2022-030779,2022-10-03,2022,Q4,October,10,Dangote Cement Senegal,West Africa,Port Harcourt DC,Bayelsa,Export,Dangote OPC (52.5R),56881,2844.05,44348.85,126130338.02,76053400.68,54100941.13,-4024003.79,-3.19,1087,Road (Truck),5,19,14,0,Delivered,Fuel Shortage,32223.0,88.9,3.6,60-Day Credit,Paid
DCP-2022-030808,2022-10-03,2022,Q4,October,10,Obajana Plant (Kogi),North Central,Port Harcourt DC,Abia,Contractor,Dangote 3X (42.5R),1358,67.9,36980.32,2510964.0,1446651.59,999759.6,64552.81,2.57,1636,Rail,10,10,0,1,Delivered,None,10498.0,98.4,3.4,Letter of Credit,Pending
DCP-2022-030967,2022-10-03,2022,Q4,October,10,Ibese Plant (Ogun),Southwest,Abuja DC,Ekiti,Contractor,Dangote OPC (52.5R),4614,230.7,41116.88,9485664.15,6635693.04,674220.75,2175750.36,22.94,167,Road (Truck),6,13,7,0,Delivered,Truck Breakdown,74965.0,94.0,3.3,Cash & Carry,Paid
DCP-2022-031139,2022-10-03,2022,Q4,October,10,Dangote Cement Senegal,West Africa,Lagos DC,Kaduna,Wholesaler,Dangote 3X (42.5R),4881,244.05,36893.39,9003830.83,5771710.46,1396576.12,1835544.25,20.39,327,Road (Truck),10,10,0,1,Delivered,None,39707.0,99.6,4.7,30-Day Credit,Paid
DCP-2022-030008,2022-10-04,2022,Q4,October,10,Ibese Plant (Ogun),Southwest,Ibadan DC,Plateau,Export,Dangote 3X (42.5R),90180,4509.0,40429.65,182297308.24,114255319.94,43951477.5,24090510.8,13.21,557,Road (Truck),6,6,0,1,Delivered,None,52075.0,85.1,,Cash & Carry,Paid
DCP-2022-030733,2022-10-04,2022,Q4,October,10,Ibese Plant (Ogun),Southwest,Lagos DC,Akwa Ibom,Retailer,Dangote 3X (42.5R),150,7.5,35434.19,265756.43,173906.79,102802.5,-10952.86,-4.12,1523,Rail,8,8,0,1,Delivered,None,35758.0,87.2,4.2,Advance Payment,Paid
DCP-2022-030805,2022-10-05,2022,Q4,October,10,Gboko Plant (Benue),North Central,Lagos DC,Katsina,Wholesaler,Dangote Falcon,2978,148.9,48063.93,7156719.59,4852398.15,442977.5,1861343.94,26.01,170,Road (Truck),10,10,0,1,Delivered,None,19240.0,92.0,4.6,Advance Payment,Paid
DCP-2022-030893,2022-10-05,2022,Q4,October,10,Gboko Plant (Benue),North Central,Enugu DC,Nassarawa,Retailer,Dangote 3X (42.5N),317,15.85,34577.02,548045.75,380441.05,478194.5,-310589.8,-56.67,1724,Road (Truck),4,4,0,1,Delivered,None,11547.0,,3.7,Cash & Carry,Paid
DCP-2022-030973,2022-10-05,2022,Q4,October,10,Ibese Plant (Ogun),Southwest,Enugu DC,Bayelsa,Retailer,Dangote 3X (42.5N),416,20.8,35942.46,747603.16,433029.09,569296.0,-254721.93,-34.07,1564,Road (Truck),7,7,0,1,Delivered,None,67313.0,90.4,4.8,Letter of Credit,Paid
DCP-2022-031088,2022-10-05,2022,Q4,October,10,Dangote Cement Senegal,West Africa,Maiduguri DC,Benue,Retailer,Dangote BLC,478,23.9,34585.15,826584.98,539567.01,233813.7,53204.27,6.44,1087,Rail,10,10,0,1,Delivered,None,34540.0,93.9,4.3,60-Day Credit,Paid
DCP-2022-030888,2022-10-06,2022,Q4,October,10,Ibese Plant (Ogun),Southwest,Ibadan DC,Zamfara,Contractor,Dangote 3X (42.5N),6074,303.7,38077.81,11564230.0,6361397.47,3156961.5,2045871.03,17.69,1155,Rail,4,17,13,0,Delivered,Strike Action,43597.0,95.0,4.1,Cash & Carry,Paid
DCP-2022-030959,2022-10-06,2022,Q4,October,10,Gboko Plant (Benue),North Central,Abuja DC,Abuja,Wholesaler,Dangote 3X (42.5N),4625,231.25,36812.2,8512821.33,4728914.21,1324137.5,2459769.62,28.89,409,Road (Articulated),14,14,0,1,Delivered,None,21586.0,97.8,3.4,Cash & Carry,Paid
DCP-2022-031037,2022-10-06,2022,Q4,October,10,Obajana Plant (Kogi),North Central,Maiduguri DC,Abia,Wholesaler,Dangote 3X (42.5R),785,39.25,35765.04,1403777.96,795693.07,487681.25,120403.64,8.58,710,Road (Truck),6,17,11,0,Delivered,Truck Breakdown,81087.0,90.0,4.3,30-Day Credit,Paid
DCP-2022-031116,2022-10-06,2022,Q4,October,10,Ibese Plant (Ogun),Southwest,Port Harcourt DC,Imo,Wholesaler,Dangote OPC (52.5R),3797,189.85,43162.42,8194385.57,5826121.5,3631355.88,-1263091.81,-15.41,1093,Road (Truck),12,12,0,1,Delivered,None,62903.0,94.6,4.4,30-Day Credit,Pending
DCP-2022-030471,2022-10-07,2022,Q4,October,10,Gboko Plant (Benue),North Central,Maiduguri DC,Edo,Retailer,Dangote 3X (42.5N),346,17.3,36104.95,624615.56,411092.93,129577.0,83945.63,13.44,428,Road (Truck),12,15,3,0,Delivered,Fuel Shortage,60970.0,88.0,4.0,Cash & Carry,Paid
DCP-2022-030774,2022-10-07,2022,Q4,October,10,Ibese Plant (Ogun),Southwest,Ibadan DC,Akwa Ibom,Retailer,Dangote 3X (42.5R),23,1.15,38071.14,43781.81,25209.01,,-727.08,-1.66,959,Road (Truck),9,9,0,1,Delivered,None,17785.0,99.0,4.2,Cash & Carry,Paid
DCP-2022-030778,2022-10-07,2022,Q4,October,10,Obajana Plant (Kogi),North Central,Onitsha DC,Zamfara,Export,Dangote BLC,5373,268.65,34785.66,9345167.65,6015447.06,1165941.0,2163779.59,23.15,248,Road (Truck),8,8,0,1,Delivered,None,84622.0,96.8,4.7,30-Day Credit,Overdue
DCP-2022-030790,2022-10-07,2022,Q4,October,10,Dangote Cement Senegal,West Africa,Kano DC,Benue,Retailer,Dangote 3X (42.5R),127,6.35,36355.47,230857.25,138964.34,10934.7,80958.21,35.07,123,Road (Articulated),14,25,11,0,Delayed,Fuel Shortage,46176.0,95.7,3.8,30-Day Credit,Paid
DCP-2022-031011,2022-10-07,2022,Q4,October,10,Ibese Plant (Ogun),Southwest,Kano DC,Oyo,Contractor,Dangote OPC (52.5R),595,29.75,44623.51,1327549.34,818993.81,78718.5,429837.03,32.38,378,River Barge,12,16,4,0,Delivered,,78227.0,93.2,3.8,Advance Payment,Paid
DCP-2022-030249,2022-10-08,2022,Q4,October,10,Ibese Plant (Ogun),Southwest,Benin DC,Plateau,Wholesaler,Dangote BLC,1805,90.25,35509.43,3204726.34,2189896.47,764327.25,250502.62,7.82,941,Rail,6,6,0,1,Delivered,None,58009.0,86.2,4.9,30-Day Credit,Paid
DCP-2022-030280,2022-10-08,2022,Q4,October,10,Benue Plant (Benue),North Central,Benin DC,Abuja,Retailer,Dangote OPC (52.5R),469,23.45,41689.03,977607.74,580895.76,427200.37,-30488.39,-3.12,1041,Road (Truck),5,6,1,0,Delivered,Truck Breakdown,27751.0,99.3,4.2,Cash & Carry,Paid
DCP-2022-030388,2022-10-08,2022,Q4,October,10,Benue Plant (Benue),North Central,Kano DC,Abia,Retailer,Dangote 3X (42.5N),69,3.45,36737.5,126744.38,74952.89,9635.85,42155.64,33.26,399,River Barge,11,13,2,0,Delivered,Fuel Shortage,62261.0,87.4,4.9,Advance Payment,Pending
DCP-2022-031068,2022-10-08,2022,Q4,October,10,Obajana Plant (Kogi),North Central,Kano DC,Ebonyi,Retailer,Dangote OPC (52.5R),306,15.3,42200.51,645667.86,443876.02,52746.75,149045.09,23.08,197,Road (Truck),5,5,0,1,Delivered,None,5979.0,85.5,3.4,Cash & Carry,Overdue
DCP-2022-030081,2022-10-09,2022,Q4,October,10,Gboko Plant (Benue),North Central,Maiduguri DC,Edo,Retailer,Dangote Falcon,75,3.75,46202.16,173258.08,118704.75,25110.0,29443.33,16.99,744,Rail,6,10,4,0,In Transit,Truck Breakdown,37111.0,85.6,3.1,60-Day Credit,Pending
DCP-2022-030220,2022-10-09,2022,Q4,October,10,Gboko Plant (Benue),North Central,Enugu DC,Kaduna,Retailer,Dangote 3X (42.5R),213,10.65,35170.75,374568.49,224127.54,15469.12,134971.83,36.03,83,Road (Truck),5,5,0,1,Damaged in Transit,None,22186.0,89.7,4.5,Advance Payment,Pending
DCP-2022-030614,2022-10-09,2022,Q4,October,10,Gboko Plant (Benue),North Central,Port Harcourt DC,Kwara,Retailer,Dangote 3X (42.5N),380,19.0,36121.03,686299.54,476821.36,278768.0,-69289.82,-10.1,1048,Road (Articulated),1,1,0,1,Delivered,None,81236.0,95.6,4.2,Cash & Carry,Paid
DCP-2022-030632,2022-10-09,2022,Q4,October,10,Ibese Plant (Ogun),Southwest,Port Harcourt DC,Edo,Contractor,Dangote 3X (42.5N),5686,284.3,35480.85,10087204.47,6982359.84,4049853.5,-945008.87,-9.37,814,Road (Truck),7,7,0,1,Delivered,None,22526.0,90.3,3.8,60-Day Credit,Paid
DCP-2022-030052,2022-10-10,2022,Q4,October,10,Ibese Plant (Ogun),Southwest,Kaduna DC,Kaduna,Government,Dangote 3X (42.5R),28119,1405.95,37717.27,53028600.44,32915819.56,6003406.5,14109374.38,26.61,244,Road (Truck),6,12,6,0,Damaged in Transit,Fuel Shortage,59946.0,92.1,3.2,Cash & Carry,Paid
DCP-2022-030702,2022-10-10,2022,Q4,October,10,Obajana Plant (Kogi),North Central,Benin DC,Ogun,Retailer,Dangote 3X (42.5N),133,6.65,38579.19,256551.61,165451.31,153033.12,-61932.82,-24.14,1315,Road (Truck),1,14,13,0,In Transit,Truck Breakdown,80088.0,98.9,3.4,Cash & Carry,Paid
DCP-2022-031075,2022-10-10,2022,Q4,October,10,Gboko Plant (Benue),North Central,Port Harcourt DC,Ekiti,Wholesaler,Dangote 3X (42.5N),3280,164.0,37039.56,6074487.66,3648505.78,2132410.0,293571.88,4.83,743,Road (Truck),3,17,14,0,Delayed,Road Damage,79721.0,99.3,4.5,30-Day Credit,Paid
DCP-2022-030182,2022-10-11,2022,Q4,October,10,Dangote Cement Senegal,West Africa,Kano DC,Osun,Wholesaler,Dangote 3X (42.5N),4791,239.55,36716.97,8795549.68,6253517.05,2825492.25,-283459.62,-3.22,674,Road (Truck),12,18,6,0,Delivered,Strike Action,77450.0,97.8,3.3,Cash & Carry,Paid
DCP-2022-030369,2022-10-11,2022,Q4,October,10,Obajana Plant (Kogi),North Central,Enugu DC,Oyo,Contractor,Dangote OPC (52.5R),8464,423.2,42775.13,18102436.06,11344056.6,4199202.0,2559177.46,14.14,567,Road (Truck),1,1,0,1,Delivered,,60559.0,96.2,3.8,60-Day Credit,Pending
DCP-2022-030194,2022-10-12,2022,Q4,October,10,Benue Plant (Benue),North Central,Ibadan DC,Abuja,Retailer,Dangote OPC (52.5R),406,20.3,45659.91,926896.14,644517.06,497350.0,-214970.92,-23.19,1400,Road (Truck),4,4,0,1,Delivered,None,17944.0,88.2,3.8,Cash & Carry,Paid
DCP-2022-030974,2022-10-12,2022,Q4,October,10,Ibese Plant (Ogun),Southwest,Kano DC,Ondo,Government,Dangote OPC (52.5R),1565,78.25,44234.32,3461335.29,2111254.23,1182435.75,167645.31,4.84,1679,Rail,11,11,0,1,Delivered,None,84109.0,91.7,4.1,Cash & Carry,Pending
DCP-2022-030097,2022-10-13,2022,Q4,October,10,Dangote Cement Senegal,West Africa,Kano DC,Plateau,Wholesaler,Dangote 3X (42.5R),1765,88.25,35440.75,3127646.03,1959356.89,1249399.38,-81110.24,-2.59,809,Road (Truck),12,13,1,0,Delivered,Flooding,58894.0,94.0,4.7,Cash & Carry,Pending
DCP-2022-030718,2022-10-13,2022,Q4,October,10,Benue Plant (Benue),North Central,Kano DC,Plateau,Retailer,Dangote OPC (52.5R),244,12.2,47325.29,577368.56,320548.36,203892.5,52927.7,9.17,955,Road (Truck),4,4,0,1,In Transit,None,62952.0,92.8,3.4,60-Day Credit,Paid
DCP-2022-030898,2022-10-13,2022,Q4,October,10,Obajana Plant (Kogi),North Central,Enugu DC,Anambra,Wholesaler,Dangote 3X (42.5N),4550,227.5,33636.31,7652261.26,5284848.19,3742375.0,-1374961.93,-17.97,940,Road (Truck),11,11,0,1,Delivered,None,40614.0,89.6,3.7,60-Day Credit,Overdue
DCP-2022-030917,2022-10-13,2022,Q4,October,10,Benue Plant (Benue),North Central,Kano DC,Cross River,Retailer,Dangote BLC,140,7.0,35416.28,247913.98,144979.26,50592.5,52342.22,21.11,413,Road (Truck),8,21,13,0,Delivered,Flooding,28169.0,89.0,4.8,30-Day Credit,Paid
DCP-2022-030224,2022-10-14,2022,Q4,October,10,Ibese Plant (Ogun),Southwest,Benin DC,Plateau,Contractor,Dangote 3X (42.5N),3412,170.6,39402.94,6722141.56,4296269.39,1630083.0,795789.17,11.84,546,Road (Truck),13,13,0,1,Delivered,None,51081.0,86.7,3.8,30-Day Credit,Paid
DCP-2022-030053,2022-10-15,2022,Q4,October,10,Dangote Cement Senegal,West Africa,Enugu DC,Edo,Wholesaler,Dangote BLC,2996,149.8,37470.33,5613055.02,3490754.8,4000409.0,-1878108.78,-33.46,1526,Road (Truck),5,11,6,0,Delivered,Road Damage,45593.0,87.3,4.0,Letter of Credit,Paid
DCP-2022-030503,2022-10-15,2022,Q4,October,10,Gboko Plant (Benue),North Central,Ibadan DC,Edo,Wholesaler,Dangote BLC,3306,165.3,34581.12,5716258.47,3397280.42,465732.75,1853245.3,32.42,161,Road (Truck),12,12,0,1,Delivered,None,8650.0,91.7,3.4,Letter of Credit,Paid
DCP-2022-030719,2022-10-15,2022,Q4,October,10,Obajana Plant (Kogi),North Central,Ibadan DC,Enugu,Wholesaler,Dangote Falcon,2923,146.15,49912.37,7294692.3,4158170.82,697720.1,2438801.38,33.43,341,Road (Articulated),10,16,6,0,Delivered,Road Damage,69367.0,96.8,3.8,60-Day Credit,Paid
DCP-2022-030820,2022-10-16,2022,Q4,October,10,Dangote Cement Senegal,West Africa,Onitsha DC,Kaduna,Wholesaler,Dangote BLC,4733,236.65,32691.27,7736389.12,5035470.58,2095535.75,605382.79,7.83,1265,River Barge,5,5,0,1,Delivered,None,81260.0,88.6,4.3,Letter of Credit,Pending
DCP-2022-030230,2022-10-17,2022,Q4,October,10,Ibese Plant (Ogun),Southwest,Enugu DC,Oyo,Retailer,Dangote OPC (52.5R),495,24.75,41776.31,1033963.72,716246.13,60291.0,257426.59,24.9,348,River Barge,13,13,0,1,Delayed,None,81896.0,89.6,4.5,Letter of Credit,Paid
DCP-2022-030089,2022-10-18,2022,Q4,October,10,Ibese Plant (Ogun),Southwest,Kano DC,Rivers,Government,Dangote BLC,27574,1378.7,35085.57,48372477.69,27318135.27,34260695.0,-13206352.58,-27.3,1420,Road (Truck),3,3,0,1,In Transit,None,5546.0,90.8,3.9,Cash & Carry,Paid
DCP-2022-030184,2022-10-18,2022,Q4,October,10,Gboko Plant (Benue),North Central,Enugu DC,Kano,Wholesaler,Dangote 3X (42.5R),2665,133.25,36306.88,4837891.26,3269295.76,2198958.12,-630362.62,-13.03,943,Road (Truck),6,6,0,1,Delivered,None,75231.0,91.9,3.7,Cash & Carry,Paid
DCP-2022-030302,2022-10-18,2022,Q4,October,10,Dangote Cement Senegal,West Africa,Benin DC,Kano,Wholesaler,Dangote OPC (52.5R),728,36.4,42605.0,1550822.11,1064951.93,306633.6,179236.58,11.56,936,Rail,6,6,0,1,Delivered,None,54997.0,91.8,4.5,Cash & Carry,Paid
DCP-2022-030312,2022-10-18,2022,Q4,October,10,Obajana Plant (Kogi),North Central,Lagos DC,Bayelsa,Retailer,Dangote BLC,405,20.25,34740.76,703500.47,467485.71,103477.5,132537.26,18.84,292,Road (Truck),4,4,0,1,In Transit,None,67570.0,89.3,4.0,Cash & Carry,Pending
DCP-2022-030520,2022-10-18,2022,Q4,October,10,Obajana Plant (Kogi),North Central,Maiduguri DC,Akwa Ibom,Retailer,Dangote BLC,69,3.45,33222.01,114615.92,64722.58,21735.0,28158.34,24.57,700,Rail,1,14,13,0,Delivered,Truck Breakdown,56036.0,91.9,4.8,Advance Payment,Paid
DCP-2022-030909,2022-10-18,2022,Q4,October,10,Ibese Plant (Ogun),Southwest,Enugu DC,Nassarawa,Contractor,Dangote 3X (42.5R),2095,104.75,36724.28,3846868.13,2372713.08,1357560.0,116595.05,3.03,1440,Rail,11,11,0,1,Delivered,None,24199.0,,3.9,Letter of Credit,Paid
DCP-2022-031148,2022-10-18,2022,Q4,October,10,Obajana Plant (Kogi),North Central,Benin DC,Kaduna,Wholesaler,Dangote BLC,4114,205.7,36929.4,7596378.3,4940299.94,1114482.6,1541595.76,20.29,602,Rail,6,17,11,0,Delivered,Fuel Shortage,49978.0,85.4,3.8,Cash & Carry,Overdue
DCP-2022-030319,2022-10-19,2022,Q4,October,10,Ibese Plant (Ogun),Southwest,Port Harcourt DC,Ebonyi,Wholesaler,Dangote 3X (42.5R),2417,120.85,35297.65,4265721.36,2397433.92,2713384.62,-845097.18,-19.81,1283,Road (Truck),7,7,0,1,Delivered,None,66670.0,91.0,3.0,Cash & Carry,Paid
DCP-2022-030752,2022-10-19,2022,Q4,October,10,Benue Plant (Benue),North Central,Enugu DC,Edo,Wholesaler,Dangote OPC (52.5R),3149,157.45,42995.84,6769695.71,3995848.74,3154904.38,-381057.41,-5.63,1145,Road (Truck),1,16,15,0,Delayed,Truck Breakdown,84804.0,96.5,3.4,Cash & Carry,Paid
DCP-2022-030800,2022-10-19,2022,Q4,October,10,Benue Plant (Benue),North Central,Kaduna DC,Lagos,Contractor,Dangote 3X (42.5R),4078,203.9,40695.07,8297724.68,4750938.43,2120967.8,1425818.45,17.18,1486,River Barge,6,6,0,1,Delayed,None,46758.0,93.4,4.7,30-Day Credit,Paid
DCP-2022-030999,2022-10-19,2022,Q4,October,10,Benue Plant (Benue),North Central,Benin DC,Kogi,Retailer,Dangote Falcon,151,7.55,46248.49,349176.13,201085.62,47987.8,100102.71,28.67,454,Road (Articulated),4,4,0,1,Delivered,None,69544.0,94.1,4.2,30-Day Credit,Paid
DCP-2022-030156,2022-10-20,2022,Q4,October,10,Ibese Plant (Ogun),Southwest,Enugu DC,Cross River,Contractor,Dangote 3X (42.5N),8959,447.95,36358.29,16286697.61,11562147.35,6145874.0,-1421323.74,-8.73,784,Road (Truck),14,14,0,1,Delivered,None,49660.0,89.4,3.9,60-Day Credit,Pending
DCP-2022-030565,2022-10-20,2022,Q4,October,10,Ibese Plant (Ogun),Southwest,Kano DC,Kogi,Retailer,Dangote Falcon,422,21.1,44936.15,948152.76,534731.73,36038.8,377382.23,39.8,244,River Barge,5,7,2,0,Delivered,Strike Action,25054.0,96.0,3.6,60-Day Credit,Paid
DCP-2022-030801,2022-10-20,2022,Q4,October,10,Gboko Plant (Benue),North Central,Kano DC,Oyo,Contractor,Dangote 3X (42.5R),6118,305.9,36871.28,11278923.29,8039021.84,5315777.25,-2075875.8,-18.4,993,Road (Truck),5,16,11,0,Delayed,Fuel Shortage,44062.0,90.8,3.4,Cash & Carry,Paid
DCP-2022-030902,2022-10-20,2022,Q4,October,10,Gboko Plant (Benue),North Central,Onitsha DC,Ekiti,Government,Dangote 3X (42.5R),49620,2481.0,38561.4,95670836.94,55532665.33,8509830.0,31628341.61,33.06,196,Road (Truck),10,10,0,1,Delivered,None,57827.0,94.9,4.3,Cash & Carry,Paid
DCP-2022-030925,2022-10-20,2022,Q4,October,10,Obajana Plant (Kogi),North Central,Benin DC,Abuja,Retailer,Dangote 3X (42.5R),300,15.0,37618.07,564271.11,314532.65,118260.0,131478.46,23.3,876,Rail,12,27,15,0,Delayed,Truck Breakdown,76499.0,99.6,3.8,Advance Payment,Paid
DCP-2022-030075,2022-10-21,2022,Q4,October,10,Gboko Plant (Benue),North Central,Benin DC,Anambra,Export,Dangote 3X (42.5N),22009,1100.45,34083.5,37507185.83,22601058.36,11693381.7,3212745.77,8.57,1518,River Barge,9,9,0,1,Delivered,None,50992.0,86.9,3.6,Cash & Carry,Paid
DCP-2022-030142,2022-10-21,2022,Q4,October,10,Benue Plant (Benue),North Central,Maiduguri DC,Ogun,Wholesaler,Dangote Falcon,2706,135.3,50515.84,6834792.92,4015797.57,2860242.0,-41246.65,-0.6,1208,Road (Truck),8,8,0,1,Delivered,None,24040.0,99.7,3.3,Letter of Credit,Paid
DCP-2022-030168,2022-10-21,2022,Q4,October,10,Benue Plant (Benue),North Central,Abuja DC,Ebonyi,Retailer,Dangote 3X (42.5R),171,8.55,37984.03,324763.46,214692.49,38902.5,71168.47,21.91,260,Road (Truck),1,2,1,0,Delayed,Road Damage,68343.0,99.4,4.3,Letter of Credit,Paid
DCP-2022-030720,2022-10-21,2022,Q4,October,10,Benue Plant (Benue),North Central,Enugu DC,Kano,Retailer,Dangote BLC,482,24.1,32283.63,778035.37,491662.29,388853.5,-102480.42,-13.17,922,Road (Truck),14,17,3,0,Delayed,Fuel Shortage,69579.0,89.7,3.7,Advance Payment,Paid
DCP-2022-030753,2022-10-21,2022,Q4,October,10,Gboko Plant (Benue),North Central,Abuja DC,Kaduna,Wholesaler,Dangote Falcon,1435,71.75,49797.49,3572969.89,2311667.72,302605.62,958696.55,26.83,241,Road (Truck),3,6,3,0,Delayed,Road Damage,63381.0,93.8,3.7,Cash & Carry,Paid
DCP-2022-030840,2022-10-21,2022,Q4,October,10,Obajana Plant (Kogi),North Central,Port Harcourt DC,Imo,Retailer,Dangote 3X (42.5N),422,21.1,34087.17,719239.34,517052.01,44679.25,157508.08,21.9,121,Road (Truck),4,4,0,1,Delivered,None,61735.0,92.8,3.8,Advance Payment,Paid
DCP-2022-031065,2022-10-21,2022,Q4,October,10,Obajana Plant (Kogi),North Central,Ibadan DC,Katsina,Contractor,Dangote 3X (42.5R),4024,201.2,40584.92,8165686.06,4874252.06,2178794.8,1112639.2,13.63,1547,River Barge,2,2,0,1,Delivered,None,51421.0,88.0,3.7,Cash & Carry,Paid
DCP-2022-031078,2022-10-21,2022,Q4,October,10,Ibese Plant (Ogun),Southwest,Abuja DC,Ekiti,Export,Dangote 3X (42.5R),42417,2120.85,36154.47,76678213.26,52186910.93,24540355.35,-49053.02,-0.06,1653,River Barge,7,7,0,1,Delivered,None,72066.0,96.2,5.0,30-Day Credit,Paid
DCP-2022-030610,2022-10-22,2022,Q4,October,10,Ibese Plant (Ogun),Southwest,Abuja DC,Bayelsa,Contractor,Dangote 3X (42.5R),3283,164.15,36914.15,6059456.92,4354547.94,1097342.75,607566.23,10.03,382,Road (Truck),14,24,10,0,In Transit,Road Damage,56248.0,88.3,,Cash & Carry,Paid
DCP-2022-030693,2022-10-22,2022,Q4,October,10,Gboko Plant (Benue),North Central,Lagos DC,Kano,Contractor,Dangote OPC (52.5R),6047,302.35,44396.26,13423209.06,7757675.75,8270028.38,-2604495.07,-19.4,1563,Road (Truck),11,22,11,0,Delivered,Road Damage,18765.0,87.4,4.5,60-Day Credit,Paid
DCP-2022-030706,2022-10-22,2022,Q4,October,10,Dangote Cement Senegal,West Africa,Onitsha DC,Akwa Ibom,Government,Dangote OPC (52.5R),15802,790.1,43073.34,34032243.9,21934984.4,14863756.25,-2766496.75,-8.13,1075,Road (Truck),14,20,6,0,Delayed,Customs Delay,15740.0,94.2,4.4,60-Day Credit,Paid
DCP-2022-031036,2022-10-22,2022,Q4,October,10,Dangote Cement Senegal,West Africa,Onitsha DC,Ebonyi,Export,Dangote 3X (42.5R),56303,2815.15,39091.04,110047154.55,70166435.77,71730022.0,-31849303.22,-28.94,1456,Road (Truck),5,18,13,0,Delivered,Road Damage,75688.0,93.1,4.9,Letter of Credit,Pending
DCP-2022-030193,2022-10-23,2022,Q4,October,10,Dangote Cement Senegal,West Africa,Abuja DC,Sokoto,Wholesaler,Dangote OPC (52.5R),1782,89.1,42703.95,3804921.77,2327036.37,570685.5,907199.9,23.84,366,Road (Truck),10,10,0,1,In Transit,None,38885.0,90.5,3.6,60-Day Credit,Pending
DCP-2022-030201,2022-10-23,2022,Q4,October,10,Ibese Plant (Ogun),Southwest,Lagos DC,Sokoto,Contractor,Dangote Falcon,8036,401.8,43484.87,17472221.21,10641266.29,4092333.0,2738621.92,15.67,1455,River Barge,8,20,12,0,Delivered,Customs Delay,30252.0,85.1,4.3,30-Day Credit,Paid
DCP-2022-030254,2022-10-23,2022,Q4,October,10,Benue Plant (Benue),North Central,Port Harcourt DC,Bayelsa,Retailer,Dangote Falcon,220,11.0,47574.17,523315.87,290800.62,12573.0,219942.25,42.03,127,Rail,12,12,0,1,Delivered,None,81939.0,86.2,4.5,30-Day Credit,Pending
DCP-2022-030394,2022-10-23,2022,Q4,October,10,Ibese Plant (Ogun),Southwest,Benin DC,Bayelsa,Retailer,Dangote 3X (42.5R),469,23.45,36286.27,850913.03,576259.6,328182.75,-53529.32,-6.29,1555,Rail,6,16,10,0,Delivered,Fuel Shortage,67840.0,97.9,3.8,Advance Payment,Paid
DCP-2022-030458,2022-10-23,2022,Q4,October,10,Obajana Plant (Kogi),North Central,Kano DC,Kaduna,Government,Dangote 3X (42.5R),49826,2491.3,35060.85,87347107.17,54884027.17,25984259.0,6478821.0,7.42,596,Road (Truck),11,11,0,1,Delivered,None,14466.0,93.3,3.7,Cash & Carry,Paid
DCP-2022-030567,2022-10-23,2022,Q4,October,10,Benue Plant (Benue),North Central,Benin DC,Kwara,Retailer,Dangote 3X (42.5N),144,7.2,34268.06,246730.06,147416.74,204498.0,-105184.68,-42.63,1623,Road (Truck),6,6,0,1,In Transit,None,25423.0,97.1,4.0,30-Day Credit,Paid
DCP-2022-030734,2022-10-23,2022,Q4,October,10,Ibese Plant (Ogun),Southwest,Benin DC,Cross River,Wholesaler,Dangote 3X (42.5R),4459,222.95,38148.27,8505157.14,5254153.71,864823.05,2386180.38,28.06,431,Rail,13,13,0,1,Delivered,None,26546.0,85.4,4.8,30-Day Credit,Overdue
DCP-2022-031016,2022-10-23,2022,Q4,October,10,Gboko Plant (Benue),North Central,Kaduna DC,Abia,Contractor,Dangote Falcon,6548,327.4,44234.67,14482432.37,8968473.34,3197061.0,2316898.03,16.0,558,Road (Truck),13,28,15,0,Delivered,Road Damage,23567.0,85.2,,Cash & Carry,Paid
DCP-2022-030751,2022-10-24,2022,Q4,October,10,Dangote Cement Senegal,West Africa,Onitsha DC,Kogi,Wholesaler,Dangote BLC,330,16.5,36415.39,600854.01,340536.77,483367.5,-223050.26,-37.12,1674,Road (Truck),12,26,14,0,Delivered,Truck Breakdown,20075.0,85.6,3.1,60-Day Credit,Paid
DCP-2022-030989,2022-10-25,2022,Q4,October,10,Dangote Cement Senegal,West Africa,Kano DC,Imo,Contractor,Dangote OPC (52.5R),1512,75.6,44469.22,3361872.92,2155654.17,498771.0,707447.75,21.04,377,Road (Truck),9,9,0,1,Delivered,None,82262.0,96.5,4.5,Cash & Carry,Paid
DCP-2022-030993,2022-10-25,2022,Q4,October,10,Ibese Plant (Ogun),Southwest,Onitsha DC,Oyo,Wholesaler,Dangote Falcon,1736,86.8,49065.82,4258913.54,2425257.05,195647.2,1638009.29,38.46,161,Road (Articulated),3,3,0,1,Delivered,None,40701.0,85.7,3.1,30-Day Credit,Paid
DCP-2022-031024,2022-10-25,2022,Q4,October,10,Ibese Plant (Ogun),Southwest,Kaduna DC,Niger,Retailer,Dangote 3X (42.5N),73,3.65,34717.68,126719.53,76638.17,82590.38,-32509.02,-25.65,1293,Road (Truck),11,19,8,0,Delivered,Fuel Shortage,81388.0,90.6,3.9,60-Day Credit,Overdue
DCP-2022-030336,2022-10-26,2022,Q4,October,10,Ibese Plant (Ogun),Southwest,Enugu DC,Kaduna,Wholesaler,Dangote BLC,3587,179.35,32658.9,5857374.45,3283485.53,991805.5,1582083.42,27.01,316,Road (Truck),8,8,0,1,Delivered,None,37220.0,93.4,4.6,Letter of Credit,Paid
DCP-2022-030286,2022-10-27,2022,Q4,October,10,Gboko Plant (Benue),North Central,Benin DC,Zamfara,Contractor,Dangote 3X (42.5R),3878,193.9,34974.88,6781628.41,4032729.88,3694570.6,-945672.07,-13.94,1361,Road (Articulated),8,8,0,1,Delivered,None,28015.0,87.7,4.8,30-Day Credit,Paid
DCP-2022-030827,2022-10-27,2022,Q4,October,10,Obajana Plant (Kogi),North Central,Maiduguri DC,Zamfara,Wholesaler,Dangote OPC (52.5R),681,34.05,45068.4,1534579.0,1102462.45,138838.88,293277.67,19.11,233,Road (Truck),14,26,12,0,Delivered,Fuel Shortage,28883.0,98.0,3.1,Advance Payment,Paid
DCP-2022-030887,2022-10-27,2022,Q4,October,10,Dangote Cement Senegal,West Africa,Lagos DC,Benue,Wholesaler,Dangote OPC (52.5R),180,9.0,41653.32,374879.91,246971.51,267907.5,-139999.1,-37.35,1701,Road (Truck),1,1,0,1,Delivered,None,71856.0,99.8,3.3,Cash & Carry,Paid
DCP-2022-030076,2022-10-28,2022,Q4,October,10,Ibese Plant (Ogun),Southwest,Kano DC,Kano,Retailer,Dangote 3X (42.5R),454,22.7,35714.9,810728.22,466989.69,153735.75,190002.78,23.44,387,Road (Truck),12,12,0,1,In Transit,None,46512.0,89.3,3.2,Cash & Carry,Overdue
DCP-2022-030690,2022-10-28,2022,Q4,October,10,Ibese Plant (Ogun),Southwest,Kaduna DC,Edo,Contractor,Dangote 3X (42.5N),9460,473.0,34141.17,16148771.14,10177202.02,2986522.0,2985047.12,18.48,451,Road (Articulated),6,6,0,1,Delivered,None,42711.0,88.6,,Cash & Carry,Overdue
DCP-2022-030721,2022-10-28,2022,Q4,October,10,Gboko Plant (Benue),North Central,Onitsha DC,Benue,Retailer,Dangote BLC,30,1.5,36862.17,55293.25,31955.17,41737.5,-18399.42,-33.28,1590,Road (Truck),1,10,9,0,Delivered,Fuel Shortage,36254.0,98.3,3.1,Cash & Carry,Pending
DCP-2022-030770,2022-10-28,2022,Q4,October,10,Gboko Plant (Benue),North Central,Onitsha DC,Lagos,Contractor,Dangote Falcon,1356,67.8,50219.13,3404856.99,2390236.2,797328.0,217292.79,6.38,672,Road (Truck),3,11,8,0,Delayed,Truck Breakdown,75675.0,92.8,4.5,Cash & Carry,Overdue
DCP-2022-031018,2022-10-28,2022,Q4,October,10,Obajana Plant (Kogi),North Central,Maiduguri DC,Osun,Export,Dangote BLC,12694,634.7,33528.64,21280629.42,11808581.33,8852478.25,619569.84,2.91,797,Road (Truck),10,10,0,1,Delivered,None,21002.0,99.1,4.5,30-Day Credit,Paid
DCP-2022-031098,2022-10-28,2022,Q4,October,10,Dangote Cement Senegal,West Africa,Lagos DC,Ekiti,Retailer,Dangote 3X (42.5R),335,16.75,36664.55,614131.14,387771.49,130549.5,95810.15,15.6,866,Rail,3,17,14,0,Delivered,Road Damage,26548.0,91.9,4.7,Letter of Credit,Paid
DCP-2022-030050,2022-10-29,2022,Q4,October,10,Gboko Plant (Benue),North Central,Lagos DC,Ondo,Wholesaler,Dangote OPC (52.5R),1138,56.9,44183.64,2514049.24,1701415.75,1020643.75,-208010.26,-8.27,1025,Road (Truck),6,6,0,1,Delivered,None,45307.0,99.2,3.1,60-Day Credit,Pending
DCP-2022-030147,2022-10-29,2022,Q4,October,10,Ibese Plant (Ogun),Southwest,Onitsha DC,Ogun,Contractor,Dangote 3X (42.5N),8761,438.05,36707.4,16079678.39,11213517.2,4029183.9,836977.29,5.21,1022,Rail,4,4,0,1,Delivered,None,77222.0,95.7,4.0,Advance Payment,Pending
DCP-2022-030160,2022-10-29,2022,Q4,October,10,Gboko Plant (Benue),North Central,Kano DC,Oyo,Contractor,Dangote Falcon,5085,254.25,46668.57,11865482.87,7575506.03,4996648.12,-706671.28,-5.96,1123,Road (Truck),11,17,6,0,Returned,Customs Delay,44214.0,96.3,,Advance Payment,Pending
DCP-2022-030878,2022-10-29,2022,Q4,October,10,Dangote Cement Senegal,West Africa,Maiduguri DC,Rivers,Wholesaler,Dangote 3X (42.5R),4415,220.75,35938.17,7933351.6,5305131.57,428034.25,2200185.78,27.73,277,River Barge,1,1,0,1,In Transit,None,38780.0,85.3,,Cash & Carry,Paid
DCP-2022-030968,2022-10-29,2022,Q4,October,10,Gboko Plant (Benue),North Central,Ibadan DC,Ondo,Wholesaler,Dangote 3X (42.5R),221,11.05,38579.41,426302.47,297296.49,263376.75,-134370.77,-31.52,1362,Road (Truck),4,10,6,0,In Transit,Strike Action,68746.0,93.8,3.4,30-Day Credit,Pending
DCP-2022-031111,2022-10-29,2022,Q4,October,10,Benue Plant (Benue),North Central,Kano DC,Ondo,Wholesaler,Dangote 3X (42.5R),4832,241.6,37195.06,8986325.91,5126279.58,2866584.0,993462.33,11.06,678,Road (Truck),3,3,0,1,Delayed,None,51288.0,99.6,3.8,30-Day Credit,Overdue
DCP-2022-031122,2022-10-29,2022,Q4,October,10,Gboko Plant (Benue),North Central,Kaduna DC,Niger,Retailer,Dangote 3X (42.5N),86,4.3,35021.98,150594.5,107195.48,21517.2,21881.82,14.53,556,Rail,10,19,9,0,Delivered,Truck Breakdown,17738.0,91.0,3.3,30-Day Credit,Pending
DCP-2022-030299,2022-10-30,2022,Q4,October,10,Benue Plant (Benue),North Central,Maiduguri DC,Edo,Retailer,Dangote 3X (42.5R),155,7.75,35131.13,272266.29,151834.78,239242.5,-118810.99,-43.64,1764,Road (Truck),13,14,1,0,Delayed,Truck Breakdown,55012.0,90.7,3.9,Advance Payment,Paid
DCP-2022-030731,2022-10-30,2022,Q4,October,10,Dangote Cement Senegal,West Africa,Ibadan DC,Kogi,Retailer,Dangote 3X (42.5N),321,16.05,38154.76,612383.9,427182.6,105047.25,80154.05,13.09,374,Road (Truck),1,14,13,0,Delivered,Flooding,53413.0,95.9,4.3,30-Day Credit,Overdue
DCP-2022-031084,2022-10-30,2022,Q4,October,10,Obajana Plant (Kogi),North Central,Port Harcourt DC,Akwa Ibom,Retailer,Dangote 3X (42.5R),40,2.0,39746.2,79492.41,45057.09,41636.0,-7200.68,-9.06,1487,Road (Articulated),13,13,0,1,Delivered,None,15819.0,95.6,,Cash & Carry,Pending
DCP-2022-030133,2022-10-31,2022,Q4,October,10,Dangote Cement Senegal,West Africa,Lagos DC,Kano,Contractor,Dangote 3X (42.5R),2341,117.05,36546.82,4277805.86,2581876.21,3461753.75,-1765824.1,-41.28,1690,Road (Truck),14,20,6,0,Delivered,Truck Breakdown,23689.0,99.2,3.3,60-Day Credit,Paid
DCP-2022-030269,2022-10-31,2022,Q4,October,10,Gboko Plant (Benue),North Central,Kaduna DC,Bayelsa,Contractor,Dangote OPC (52.5R),7998,399.9,41931.37,16768354.04,11046494.79,7845038.25,-2123179.0,-12.66,1121,Road (Truck),4,14,10,0,In Transit,Security Incident,52702.0,95.8,4.2,Cash & Carry,Pending
DCP-2022-030525,2022-10-31,2022,Q4,October,10,Obajana Plant (Kogi),North Central,Kano DC,Sokoto,Wholesaler,Dangote BLC,2562,128.1,37605.32,4817241.42,3421608.91,817790.4,577842.11,12.0,456,Road (Articulated),10,13,3,0,In Transit,Truck Breakdown,68086.0,85.8,3.2,60-Day Credit,Paid
DCP-2022-030708,2022-10-31,2022,Q4,October,10,Obajana Plant (Kogi),North Central,Port Harcourt DC,Katsina,Wholesaler,Dangote 3X (42.5N),3417,170.85,39416.75,6734351.82,3748783.98,2109655.8,875912.04,13.01,882,Road (Articulated),12,12,0,1,Delivered,None,65003.0,96.4,4.0,Advance Payment,Overdue
DCP-2022-030768,2022-11-01,2022,Q4,November,11,Gboko Plant (Benue),North Central,Maiduguri DC,Kebbi,Government,Dangote 3X (42.5N),41012,2050.6,33665.62,69034714.61,46319033.08,21172445.0,1543236.53,2.24,590,Road (Truck),7,18,11,0,Delivered,Flooding,22147.0,85.8,3.9,Advance Payment,Pending
DCP-2022-030901,2022-11-01,2022,Q4,November,11,Benue Plant (Benue),North Central,Onitsha DC,Abuja,Government,Dangote OPC (52.5R),12154,607.7,43224.63,26267608.62,17734335.24,4692051.7,3841221.68,14.62,1103,River Barge,5,20,15,0,Delayed,Road Damage,54206.0,91.9,3.7,Cash & Carry,Overdue
DCP-2022-031092,2022-11-01,2022,Q4,November,11,Gboko Plant (Benue),North Central,Lagos DC,Lagos,Wholesaler,Dangote OPC (52.5R),419,20.95,44381.88,929800.46,582894.78,620696.12,-273790.44,-29.45,1693,Road (Truck),6,8,2,0,Delayed,Strike Action,79881.0,90.2,3.1,Letter of Credit,Pending
DCP-2022-030932,2022-11-02,2022,Q4,November,11,Gboko Plant (Benue),North Central,Lagos DC,Ekiti,Export,Dangote 3X (42.5R),56259,2812.95,38187.74,107420205.97,68226387.25,9500738.62,29693080.1,27.64,193,Road (Truck),12,12,0,1,Delivered,None,23192.0,,4.3,Cash & Carry,Paid
DCP-2022-030346,2022-11-03,2022,Q4,November,11,Gboko Plant (Benue),North Central,Lagos DC,Akwa Ibom,Contractor,Dangote 3X (42.5N),233,11.65,33604.99,391498.14,215961.48,82569.38,92967.28,23.75,405,Road (Truck),12,25,13,0,Delivered,Fuel Shortage,11492.0,98.2,4.3,30-Day Credit,Pending
DCP-2022-030908,2022-11-03,2022,Q4,November,11,Benue Plant (Benue),North Central,Maiduguri DC,Kogi,Wholesaler,Dangote OPC (52.5R),2082,104.1,40904.89,4258199.01,2347159.53,1335342.75,575696.73,13.52,733,Road (Truck),14,28,14,0,Damaged in Transit,Customs Delay,12228.0,94.5,3.6,60-Day Credit,Paid
DCP-2022-030987,2022-11-03,2022,Q4,November,11,Obajana Plant (Kogi),North Central,Kaduna DC,Katsina,Contractor,Dangote 3X (42.5N),9582,479.1,35359.33,16940655.38,11659323.08,12375153.0,-7093820.7,-41.87,1476,Road (Truck),10,19,9,0,Delayed,Strike Action,83993.0,85.4,4.7,60-Day Credit,Paid
DCP-2022-031117,2022-11-03,2022,Q4,November,11,Ibese Plant (Ogun),Southwest,Lagos DC,Zamfara,Export,Dangote 3X (42.5R),59959,2997.95,39308.37,117844525.16,65856205.82,22769430.25,29218889.09,24.79,434,Road (Truck),10,10,0,1,In Transit,None,77648.0,99.0,3.7,Letter of Credit,Overdue
DCP-2022-030237,2022-11-04,2022,Q4,November,11,Obajana Plant (Kogi),North Central,Port Harcourt DC,Abia,Retailer,Dangote 3X (42.5N),327,16.35,38369.51,627341.47,367181.95,122461.5,137698.02,21.95,428,Road (Truck),11,11,0,1,Delivered,None,7595.0,93.7,4.2,Cash & Carry,Paid
DCP-2022-030440,2022-11-04,2022,Q4,November,11,Benue Plant (Benue),North Central,Port Harcourt DC,Nassarawa,Wholesaler,Dangote Falcon,1665,83.25,47577.81,3960852.68,2188145.63,2499997.5,-727290.45,-18.36,1716,Road (Truck),5,14,9,0,Delayed,Strike Action,14980.0,92.5,5.0,30-Day Credit,Paid
DCP-2022-030650,2022-11-04,2022,Q4,November,11,Benue Plant (Benue),North Central,Benin DC,Kwara,Wholesaler,Dangote 3X (42.5N),771,38.55,36173.74,1394497.57,802624.75,451728.9,140143.92,10.05,837,Road (Articulated),13,13,0,1,Delivered,None,26738.0,98.2,4.0,60-Day Credit,Paid
DCP-2022-031001,2022-11-04,2022,Q4,November,11,Ibese Plant (Ogun),Southwest,Maiduguri DC,Akwa Ibom,Contractor,Dangote 3X (42.5R),9181,459.05,36909.35,16943235.69,10911169.72,6600220.9,-568154.93,-3.35,1027,Road (Articulated),7,15,8,0,Delayed,Road Damage,41075.0,87.8,4.8,30-Day Credit,Paid
DCP-2022-030062,2022-11-05,2022,Q4,November,11,Ibese Plant (Ogun),Southwest,Enugu DC,Oyo,Retailer,Dangote BLC,82,4.1,33937.3,139142.92,92047.12,100880.5,-53784.7,-38.65,1406,Road (Truck),10,12,2,0,Delivered,Fuel Shortage,35134.0,96.9,4.6,60-Day Credit,Pending
DCP-2022-030897,2022-11-05,2022,Q4,November,11,Ibese Plant (Ogun),Southwest,Lagos DC,Niger,Wholesaler,Dangote 3X (42.5N),4282,214.1,34877.91,7467361.38,4265491.23,1854641.25,1347228.9,18.04,495,Road (Truck),14,26,12,0,Delivered,Truck Breakdown,71040.0,92.8,4.2,Cash & Carry,Overdue
DCP-2022-030257,2022-11-06,2022,Q4,November,11,Ibese Plant (Ogun),Southwest,Maiduguri DC,Cross River,Wholesaler,Dangote 3X (42.5R),3758,187.9,36026.43,6769365.85,4623677.99,1752637.25,393050.61,5.81,533,Road (Truck),13,13,0,1,Delivered,None,83726.0,99.5,4.2,Letter of Credit,Pending
DCP-2022-030651,2022-11-07,2022,Q4,November,11,Ibese Plant (Ogun),Southwest,Enugu DC,Ekiti,Contractor,Dangote 3X (42.5R),6387,319.35,37416.36,11948914.05,7014583.96,4320007.12,614322.97,5.14,773,Road (Truck),4,19,15,0,Delivered,Fuel Shortage,53035.0,92.0,3.0,Advance Payment,Paid
DCP-2022-030931,2022-11-07,2022,Q4,November,11,Dangote Cement Senegal,West Africa,Ibadan DC,Abuja,Retailer,Dangote 3X (42.5R),370,18.5,37418.89,692249.38,432707.68,490805.0,-231263.3,-33.41,1516,Road (Truck),1,6,5,0,Delayed,Road Damage,62681.0,97.2,4.4,30-Day Credit,Paid
DCP-2022-030150,2022-11-08,2022,Q4,November,11,Benue Plant (Benue),North Central,Lagos DC,Plateau,Government,Dangote OPC (52.5R),22724,1136.2,40827.01,46387647.02,29260728.99,9544080.0,7582838.03,16.35,600,Road (Articulated),1,1,0,1,Delivered,None,29876.0,97.6,4.7,60-Day Credit,Overdue
DCP-2022-030154,2022-11-08,2022,Q4,November,11,Gboko Plant (Benue),North Central,Ibadan DC,Kano,Government,Dangote 3X (42.5N),23853,1192.65,34854.34,41569029.65,24998145.61,18633963.6,-2063079.56,-4.96,1116,Road (Articulated),7,8,1,0,In Transit,Road Damage,57988.0,97.6,3.7,30-Day Credit,Paid
DCP-2022-030673,2022-11-08,2022,Q4,November,11,Dangote Cement Senegal,West Africa,Port Harcourt DC,Akwa Ibom,Wholesaler,Dangote 3X (42.5R),4940,247.0,36569.38,9032636.63,6336911.65,7758887.5,-5063162.52,-56.05,1795,Road (Truck),4,14,10,0,Delivered,Fuel Shortage,26229.0,93.0,3.1,Advance Payment,Paid
DCP-2022-030124,2022-11-09,2022,Q4,November,11,Ibese Plant (Ogun),Southwest,Benin DC,Nassarawa,Contractor,Dangote BLC,2680,134.0,35650.03,4777103.44,2986670.19,1158430.0,632003.25,13.23,494,Road (Truck),2,2,0,1,Delivered,None,63401.0,90.3,3.9,60-Day Credit,Paid
DCP-2022-030240,2022-11-09,2022,Q4,November,11,Ibese Plant (Ogun),Southwest,Ibadan DC,Kwara,Wholesaler,Dangote 3X (42.5N),296,14.8,38232.92,565847.19,382156.0,98212.8,85478.39,15.11,474,Road (Articulated),7,7,0,1,Delivered,None,49833.0,94.6,3.0,Cash & Carry,Paid
DCP-2022-030255,2022-11-09,2022,Q4,November,11,Obajana Plant (Kogi),North Central,Port Harcourt DC,Katsina,Retailer,Dangote Falcon,349,17.45,43827.18,764784.22,503019.16,264472.2,-2707.14,-0.35,1684,Rail,10,10,0,1,Delivered,None,67282.0,92.0,4.0,30-Day Credit,Pending
DCP-2022-030433,2022-11-09,2022,Q4,November,11,Dangote Cement Senegal,West Africa,Abuja DC,Ekiti,Retailer,Dangote 3X (42.5R),264,13.2,35050.85,462671.17,314743.14,157773.0,-9844.97,-2.13,683,Road (Truck),13,15,2,0,Delivered,Truck Breakdown,41385.0,87.5,3.6,Cash & Carry,Paid
DCP-2022-030528,2022-11-09,2022,Q4,November,11,Dangote Cement Senegal,West Africa,Kaduna DC,Akwa Ibom,Wholesaler,Dangote 3X (42.5R),1984,99.2,36102.86,3581403.81,2098378.51,1633576.0,-150550.7,-4.2,941,Road (Truck),7,14,7,0,Delivered,Fuel Shortage,29887.0,95.1,4.0,Cash & Carry,Overdue
DCP-2022-030082,2022-11-10,2022,Q4,November,11,Gboko Plant (Benue),North Central,Kano DC,Plateau,Export,Dangote 3X (42.5N),44221,2211.05,36542.72,80797779.99,51440019.52,16297649.55,13060110.92,16.16,1053,River Barge,5,5,0,1,Delivered,None,31499.0,86.6,3.8,Cash & Carry,Pending
DCP-2022-030239,2022-11-10,2022,Q4,November,11,Obajana Plant (Kogi),North Central,Abuja DC,Kebbi,Contractor,Dangote Falcon,8866,443.3,46877.15,20780638.66,13862166.13,10327116.8,-3408644.27,-16.4,1664,Road (Articulated),5,5,0,1,Delivered,None,25773.0,93.6,4.2,Advance Payment,Paid
DCP-2022-030722,2022-11-10,2022,Q4,November,11,Gboko Plant (Benue),North Central,Lagos DC,Ogun,Government,Dangote 3X (42.5N),25588,1279.4,37154.47,47535435.21,28401091.68,7484490.0,11649853.53,24.51,650,Rail,2,8,6,0,Delivered,Flooding,37623.0,87.7,4.3,Cash & Carry,Paid
DCP-2022-030754,2022-11-10,2022,Q4,November,11,Ibese Plant (Ogun),Southwest,Lagos DC,Kebbi,Retailer,Dangote 3X (42.5R),250,12.5,39135.58,489194.79,310627.48,226800.0,-48232.69,-9.86,1296,Road (Articulated),3,3,0,1,Delivered,None,63540.0,86.7,3.3,Letter of Credit,Overdue
DCP-2022-030448,2022-11-11,2022,Q4,November,11,Dangote Cement Senegal,West Africa,Onitsha DC,Lagos,Wholesaler,Dangote Falcon,2184,109.2,44690.2,4880169.44,2708613.07,185367.0,1986189.37,40.7,97,Road (Truck),13,13,0,1,In Transit,None,14183.0,88.3,3.7,Cash & Carry,Pending
DCP-2022-030067,2022-11-12,2022,Q4,November,11,Obajana Plant (Kogi),North Central,Abuja DC,Lagos,Wholesaler,Dangote 3X (42.5N),1324,66.2,37827.05,2504150.79,1601958.24,128361.8,773830.75,30.9,277,River Barge,4,4,0,1,Delivered,,38586.0,96.9,3.9,Cash & Carry,Overdue
DCP-2022-030271,2022-11-12,2022,Q4,November,11,Benue Plant (Benue),North Central,Lagos DC,Osun,Contractor,Dangote 3X (42.5R),9004,450.2,39735.79,17889053.32,11314118.49,2261129.5,4313805.33,24.11,287,Road (Truck),4,14,10,0,In Transit,Fuel Shortage,38525.0,96.2,4.8,Cash & Carry,Paid
DCP-2022-030324,2022-11-12,2022,Q4,November,11,Gboko Plant (Benue),North Central,Kaduna DC,Anambra,Wholesaler,Dangote 3X (42.5R),1124,56.2,36120.08,2029948.31,1398055.03,1160530.0,-528636.72,-26.04,1475,Road (Articulated),14,14,0,1,Delivered,None,16612.0,88.6,4.7,Letter of Credit,Paid
DCP-2022-030626,2022-11-12,2022,Q4,November,11,Obajana Plant (Kogi),North Central,Lagos DC,Ebonyi,Wholesaler,Dangote BLC,509,25.45,37502.01,954426.1,675854.99,298846.62,-20275.51,-2.12,671,Road (Truck),12,15,3,0,Delivered,Road Damage,34444.0,94.7,4.9,60-Day Credit,Paid
DCP-2022-030200,2022-11-13,2022,Q4,November,11,Gboko Plant (Benue),North Central,Kano DC,Imo,Wholesaler,Dangote OPC (52.5R),742,37.1,45150.51,1675083.75,1096092.04,838831.0,-259839.29,-15.51,1615,Road (Articulated),1,7,6,0,Delayed,Flooding,44387.0,99.8,4.8,Letter of Credit,Paid
DCP-2022-031158,2022-11-13,2022,Q4,November,11,Ibese Plant (Ogun),Southwest,Kano DC,Osun,Retailer,Dangote 3X (42.5R),136,6.8,40431.35,274933.16,187989.36,113764.0,-26820.2,-9.76,956,Road (Truck),8,8,0,1,Delivered,None,66830.0,90.4,4.1,60-Day Credit,Paid
DCP-2022-030435,2022-11-14,2022,Q4,November,11,Obajana Plant (Kogi),North Central,Port Harcourt DC,Bayelsa,Contractor,Dangote 3X (42.5R),330,16.5,35600.21,587403.5,360600.95,351408.75,-124606.2,-21.21,1217,Road (Truck),2,2,0,1,In Transit,None,58532.0,90.2,3.9,30-Day Credit,Pending
DCP-2022-031181,2022-11-14,2022,Q4,November,11,Dangote Cement Senegal,West Africa,Maiduguri DC,Bayelsa,Wholesaler,Dangote 3X (42.5N),1677,83.85,35448.33,2972342.21,2054599.05,475429.5,442313.66,14.88,324,Road (Truck),6,17,11,0,In Transit,Customs Delay,9464.0,98.6,3.4,Letter of Credit,Paid
DCP-2022-030799,2022-11-15,2022,Q4,November,11,Benue Plant (Benue),North Central,Kano DC,Plateau,Retailer,Dangote 3X (42.5R),411,20.55,36383.21,747674.87,466314.6,426874.88,-145514.61,-19.46,1187,Road (Truck),11,19,8,0,In Transit,Road Damage,59570.0,94.6,4.6,Cash & Carry,Paid
DCP-2022-030149,2022-11-16,2022,Q4,November,11,Dangote Cement Senegal,West Africa,Onitsha DC,Anambra,Retailer,Dangote 3X (42.5R),222,11.1,38404.89,426294.29,276688.49,39627.0,109978.8,25.8,255,Road (Articulated),10,23,13,0,Delivered,Truck Breakdown,47851.0,90.2,3.8,30-Day Credit,Paid
DCP-2022-030442,2022-11-16,2022,Q4,November,11,Dangote Cement Senegal,West Africa,Abuja DC,Delta,Retailer,Dangote BLC,307,15.35,35939.18,551666.36,383292.21,129745.88,38628.27,7.0,483,Road (Truck),8,10,2,0,Delivered,Road Damage,42566.0,,4.9,Advance Payment,Paid
DCP-2022-030938,2022-11-16,2022,Q4,November,11,Gboko Plant (Benue),North Central,Benin DC,Kaduna,Contractor,Dangote 3X (42.5N),2815,140.75,37312.41,5251722.24,3211286.12,305427.5,1735008.62,33.04,124,Road (Truck),2,7,5,0,Delivered,Truck Breakdown,43670.0,89.5,3.3,Cash & Carry,Pending
DCP-2022-030573,2022-11-17,2022,Q4,November,11,Benue Plant (Benue),North Central,Kaduna DC,Kebbi,Wholesaler,Dangote OPC (52.5R),4091,204.55,42061.42,8603663.31,4882738.34,2849790.6,871134.37,10.13,1548,Rail,10,14,4,0,Delayed,Strike Action,58193.0,97.6,4.9,30-Day Credit,Paid
DCP-2022-031029,2022-11-17,2022,Q4,November,11,Ibese Plant (Ogun),Southwest,Kano DC,Katsina,Retailer,Dangote 3X (42.5R),249,12.45,40670.54,506348.21,314142.72,334656.0,-142450.51,-28.13,1536,Road (Truck),1,8,7,0,Delayed,Security Incident,63409.0,85.4,4.6,Cash & Carry,Paid
DCP-2022-030120,2022-11-18,2022,Q4,November,11,Benue Plant (Benue),North Central,Kaduna DC,Kaduna,Wholesaler,Dangote 3X (42.5N),862,43.1,37958.85,1636026.26,1093028.51,607171.25,-64173.5,-3.92,805,Road (Truck),8,8,0,1,Delivered,None,66931.0,96.0,4.5,30-Day Credit,Paid
DCP-2022-030500,2022-11-18,2022,Q4,November,11,Obajana Plant (Kogi),North Central,Port Harcourt DC,Ekiti,Retailer,Dangote Falcon,456,22.8,48303.57,1101321.49,655394.91,143640.0,302286.58,27.45,360,Road (Truck),3,8,5,0,Delivered,Truck Breakdown,55782.0,86.3,4.0,60-Day Credit,Paid
DCP-2022-030576,2022-11-18,2022,Q4,November,11,Benue Plant (Benue),North Central,Lagos DC,Kwara,Retailer,Dangote 3X (42.5N),22,1.1,35501.14,39051.25,23418.53,13767.6,1865.12,4.78,894,Road (Articulated),12,12,0,1,In Transit,None,33687.0,95.2,3.7,Advance Payment,Paid
DCP-2022-031048,2022-11-18,2022,Q4,November,11,Benue Plant (Benue),North Central,Kaduna DC,Katsina,Wholesaler,Dangote 3X (42.5N),1759,87.95,34031.98,2993112.69,2062710.59,1793080.62,-862678.52,-28.82,1165,Road (Truck),11,11,0,1,Delivered,None,21810.0,92.7,3.7,Cash & Carry,Paid
DCP-2022-030265,2022-11-19,2022,Q4,November,11,Gboko Plant (Benue),North Central,Benin DC,Oyo,Government,Dangote OPC (52.5R),29703,1485.15,41465.2,61582039.37,35891599.04,31687160.4,-5996720.07,-9.74,1524,Road (Articulated),4,4,0,1,Delivered,None,48244.0,89.6,4.1,Letter of Credit,Paid
DCP-2022-030810,2022-11-19,2022,Q4,November,11,Gboko Plant (Benue),North Central,Kaduna DC,Akwa Ibom,Wholesaler,Dangote 3X (42.5R),488,24.4,35282.68,860897.48,592961.86,105212.8,162722.82,18.9,616,River Barge,7,7,0,1,Delivered,None,33195.0,90.5,3.8,Cash & Carry,Paid
DCP-2022-031107,2022-11-19,2022,Q4,November,11,Benue Plant (Benue),North Central,Kaduna DC,Kwara,Wholesaler,Dangote 3X (42.5R),1209,60.45,39118.45,2364710.21,1350078.59,423270.9,591360.72,25.01,778,Rail,2,9,7,0,Delayed,Strike Action,46345.0,89.3,4.0,30-Day Credit,Overdue
DCP-2022-030205,2022-11-20,2022,Q4,November,11,Ibese Plant (Ogun),Southwest,Kano DC,Delta,Contractor,Dangote 3X (42.5N),5727,286.35,37155.89,10639589.45,6583898.84,982180.5,3073510.11,28.89,196,Road (Truck),6,6,0,1,Delivered,None,28309.0,89.0,4.3,Cash & Carry,Paid
DCP-2022-030523,2022-11-20,2022,Q4,November,11,Ibese Plant (Ogun),Southwest,Benin DC,Ekiti,Retailer,Dangote 3X (42.5R),175,8.75,37257.69,326004.82,211911.75,18221.88,95871.19,29.41,119,Road (Truck),2,16,14,0,Damaged in Transit,Road Damage,17700.0,92.1,3.7,Advance Payment,Paid
DCP-2022-030615,2022-11-20,2022,Q4,November,11,Ibese Plant (Ogun),Southwest,Enugu DC,Delta,Wholesaler,Dangote 3X (42.5N),3614,180.7,37078.84,6700145.74,4288349.5,946145.2,1465651.04,21.87,748,River Barge,13,16,3,0,Delivered,Fuel Shortage,82634.0,85.9,3.9,30-Day Credit,Paid
DCP-2022-030845,2022-11-20,2022,Q4,November,11,Ibese Plant (Ogun),Southwest,Kano DC,Cross River,Export,Dangote 3X (42.5R),58087,2904.35,36072.89,104768286.73,73445998.55,37662158.62,-6339870.44,-6.05,741,Road (Truck),11,11,0,1,Delivered,None,71649.0,94.5,4.4,Letter of Credit,Paid
DCP-2022-030106,2022-11-21,2022,Q4,November,11,Ibese Plant (Ogun),Southwest,Kaduna DC,Niger,Retailer,Dangote 3X (42.5R),56,2.8,36834.27,103135.95,63035.24,29498.0,10602.71,10.28,602,Road (Truck),2,2,0,1,Delivered,None,49379.0,91.1,3.1,30-Day Credit,Paid
DCP-2022-030208,2022-11-22,2022,Q4,November,11,Dangote Cement Senegal,West Africa,Kaduna DC,Sokoto,Retailer,Dangote 3X (42.5R),283,14.15,37070.78,524551.58,336627.61,420467.25,-232543.28,-44.33,1698,Road (Truck),5,5,0,1,Delivered,,29286.0,85.0,4.6,Letter of Credit,Paid
DCP-2022-030729,2022-11-22,2022,Q4,November,11,Benue Plant (Benue),North Central,Kaduna DC,Edo,Government,Dangote 3X (42.5N),8798,439.9,37668.65,16570439.76,10248023.07,8206334.5,-1883917.81,-11.37,1066,Road (Truck),7,7,0,1,Delivered,None,73808.0,85.2,4.5,30-Day Credit,Paid
DCP-2022-030881,2022-11-22,2022,Q4,November,11,Obajana Plant (Kogi),North Central,Onitsha DC,Akwa Ibom,Contractor,Dangote 3X (42.5R),6794,339.7,37725.64,12815401.56,7588402.53,7014805.0,-1787805.97,-13.95,1180,Road (Truck),13,13,0,1,Delayed,None,20190.0,95.0,4.6,Cash & Carry,Paid
DCP-2022-030258,2022-11-23,2022,Q4,November,11,Ibese Plant (Ogun),Southwest,Port Harcourt DC,Kebbi,Contractor,Dangote 3X (42.5R),5853,292.65,36567.52,10701486.08,7376751.29,804055.87,2520678.92,23.55,157,Road (Truck),7,7,0,1,Delivered,None,80860.0,98.8,3.5,60-Day Credit,Paid
DCP-2022-030155,2022-11-24,2022,Q4,November,11,Gboko Plant (Benue),North Central,Ibadan DC,Benue,Contractor,Dangote 3X (42.5R),5095,254.75,38105.15,9707285.69,5735562.89,592039.0,3379683.8,34.82,166,Road (Articulated),13,20,7,0,Delayed,Flooding,59460.0,95.8,4.3,Advance Payment,Paid
DCP-2022-030578,2022-11-24,2022,Q4,November,11,Ibese Plant (Ogun),Southwest,Kaduna DC,Kwara,Wholesaler,Dangote 3X (42.5R),4076,203.8,39859.86,8123438.82,5704950.05,5688567.5,-3270078.73,-40.25,1595,Road (Truck),3,3,0,1,Delivered,None,51548.0,98.6,4.4,30-Day Credit,Pending
DCP-2022-030630,2022-11-24,2022,Q4,November,11,Gboko Plant (Benue),North Central,Kaduna DC,Ondo,Retailer,Dangote 3X (42.5N),200,10.0,35609.03,356090.33,213553.22,154530.0,-11992.89,-3.37,1717,Rail,8,15,7,0,Delivered,Fuel Shortage,39537.0,94.0,4.8,Cash & Carry,Paid
DCP-2022-031138,2022-11-24,2022,Q4,November,11,Ibese Plant (Ogun),Southwest,Benin DC,Akwa Ibom,Retailer,Dangote 3X (42.5R),313,15.65,37544.69,587574.47,366615.23,241886.4,-20927.16,-3.56,1104,Road (Articulated),9,9,0,1,Delivered,None,20577.0,94.7,3.2,30-Day Credit,Pending
DCP-2022-030006,2022-11-25,2022,Q4,November,11,Gboko Plant (Benue),North Central,Abuja DC,Abuja,Retailer,Dangote 3X (42.5R),242,12.1,39350.32,476138.87,320129.93,91052.5,64956.44,13.64,1075,River Barge,9,23,14,0,In Transit,Security Incident,72334.0,92.6,3.4,30-Day Credit,Paid
DCP-2022-030077,2022-11-25,2022,Q4,November,11,Ibese Plant (Ogun),Southwest,Maiduguri DC,Kebbi,Wholesaler,Dangote BLC,2865,143.25,35356.26,5064784.39,3496170.85,270742.5,1297871.04,25.63,108,Road (Truck),11,16,5,0,In Transit,Truck Breakdown,66357.0,91.2,4.3,30-Day Credit,Paid
DCP-2022-030100,2022-11-25,2022,Q4,November,11,Benue Plant (Benue),North Central,Benin DC,Ondo,Contractor,Dangote 3X (42.5R),5970,298.5,39339.51,11742842.62,7433381.13,4847640.0,-538178.51,-4.58,1160,Road (Articulated),1,1,0,1,Delivered,None,10946.0,97.3,3.1,Cash & Carry,Paid
DCP-2022-030178,2022-11-25,2022,Q4,November,11,Dangote Cement Senegal,West Africa,Maiduguri DC,Kogi,Export,Dangote BLC,94463,4723.15,34335.69,162172598.18,111145820.41,23308745.25,27718032.52,17.09,282,Road (Truck),9,10,1,0,Delayed,Fuel Shortage,70769.0,90.6,4.6,30-Day Credit,Paid
DCP-2022-030428,2022-11-25,2022,Q4,November,11,Obajana Plant (Kogi),North Central,Maiduguri DC,Imo,Wholesaler,Dangote 3X (42.5R),1413,70.65,40022.69,2827603.4,1882006.46,623133.0,322463.94,11.4,980,Rail,14,14,0,1,Delivered,None,29483.0,88.4,4.9,Cash & Carry,Paid
DCP-2022-030477,2022-11-25,2022,Q4,November,11,Dangote Cement Senegal,West Africa,Benin DC,Kwara,Contractor,Dangote BLC,9544,477.2,35004.76,16704272.23,10199670.1,7976875.2,-1472273.07,-8.81,1194,Road (Articulated),13,13,0,1,Delivered,None,35089.0,86.1,3.2,60-Day Credit,Paid
DCP-2022-030517,2022-11-25,2022,Q4,November,11,Benue Plant (Benue),North Central,Kaduna DC,Ogun,Export,Dangote 3X (42.5R),97309,4865.45,38761.64,188592841.3,134861593.8,147812371.0,-94081123.5,-49.89,1736,Road (Truck),12,22,10,0,In Transit,,44224.0,92.1,4.7,60-Day Credit,Pending
DCP-2022-030643,2022-11-25,2022,Q4,November,11,Obajana Plant (Kogi),North Central,Enugu DC,Benue,Retailer,Dangote OPC (52.5R),247,12.35,47426.22,585713.81,356144.48,380812.25,-151242.92,-25.82,1762,Road (Truck),6,20,14,0,Delayed,Security Incident,45915.0,90.8,4.7,60-Day Credit,Paid
DCP-2022-030773,2022-11-25,2022,Q4,November,11,Ibese Plant (Ogun),Southwest,Kano DC,Katsina,Wholesaler,Dangote 3X (42.5N),4631,231.55,35526.51,8226163.94,5052145.99,436008.65,2738009.3,33.28,269,River Barge,8,22,14,0,Delayed,Road Damage,58602.0,91.0,3.6,Cash & Carry,Paid
DCP-2022-030296,2022-11-26,2022,Q4,November,11,Benue Plant (Benue),North Central,Enugu DC,Katsina,Contractor,Dangote Falcon,6826,341.3,47085.84,16070396.22,9241339.15,5859267.75,969789.32,6.03,981,Road (Truck),5,5,0,1,Delivered,None,80392.0,85.4,,Letter of Credit,Paid
DCP-2022-030838,2022-11-26,2022,Q4,November,11,Ibese Plant (Ogun),Southwest,Lagos DC,Bayelsa,Retailer,Dangote 3X (42.5R),417,20.85,39471.19,822974.29,473284.24,350280.0,-589.95,-0.07,960,Road (Truck),3,10,7,0,Delayed,Road Damage,37539.0,87.9,3.0,Cash & Carry,Paid
DCP-2022-031045,2022-11-26,2022,Q4,November,11,Gboko Plant (Benue),North Central,Onitsha DC,Plateau,Contractor,Dangote 3X (42.5R),4786,239.3,37513.54,8976989.93,5670729.93,4635839.25,-1329579.25,-14.81,1107,Road (Truck),14,18,4,0,In Transit,Customs Delay,35716.0,87.7,4.2,60-Day Credit,Paid
DCP-2022-030136,2022-11-27,2022,Q4,November,11,Benue Plant (Benue),North Central,Kano DC,Oyo,Government,Dangote 3X (42.5R),22728,1136.4,40689.07,46239055.08,25829525.0,24361575.0,-3952044.92,-8.55,1225,Road (Truck),12,12,0,1,Delivered,None,59657.0,87.6,3.4,Cash & Carry,Paid
DCP-2022-030381,2022-11-27,2022,Q4,November,11,Ibese Plant (Ogun),Southwest,Ibadan DC,Rivers,Retailer,Dangote 3X (42.5R),358,17.9,36464.28,652710.65,423164.13,352594.2,-123047.68,-18.85,1407,Road (Articulated),1,1,0,1,Delivered,None,61929.0,90.8,4.4,Advance Payment,Paid
DCP-2022-030807,2022-11-27,2022,Q4,November,11,Ibese Plant (Ogun),Southwest,Maiduguri DC,Sokoto,Retailer,Dangote 3X (42.5N),313,15.65,34825.9,545025.29,379211.57,206775.62,-40961.9,-7.52,755,Road (Truck),5,5,0,1,Delivered,None,14245.0,97.5,3.2,30-Day Credit,Pending
DCP-2022-030646,2022-11-28,2022,Q4,November,11,Benue Plant (Benue),North Central,Enugu DC,Kogi,Retailer,Dangote 3X (42.5R),377,18.85,38414.59,724115.05,464418.04,115126.38,144570.63,19.97,349,Road (Truck),2,2,0,1,Delayed,None,70049.0,99.8,3.0,Cash & Carry,Overdue
DCP-2022-030491,2022-11-29,2022,Q4,November,11,Obajana Plant (Kogi),North Central,Abuja DC,Akwa Ibom,Export,Dangote 3X (42.5N),79108,3955.4,36934.73,146091612.07,93966068.66,62712867.0,-10587323.59,-7.25,906,Road (Truck),2,11,9,0,Delayed,Flooding,53568.0,94.9,4.0,Cash & Carry,Paid
DCP-2022-030697,2022-11-29,2022,Q4,November,11,Dangote Cement Senegal,West Africa,Kano DC,Ogun,Retailer,Dangote BLC,285,14.25,36674.08,522605.64,308798.32,38154.38,175652.94,33.61,153,Road (Truck),10,10,0,1,Delivered,None,48120.0,86.3,4.1,Cash & Carry,Paid
DCP-2022-030335,2022-11-30,2022,Q4,November,11,Obajana Plant (Kogi),North Central,Benin DC,Abuja,Retailer,Dangote 3X (42.5N),12,0.6,39320.43,23592.26,16205.9,6701.4,684.96,2.9,1241,Rail,11,25,14,0,In Transit,Fuel Shortage,33027.0,89.3,4.6,60-Day Credit,Paid
DCP-2022-030354,2022-11-30,2022,Q4,November,11,Gboko Plant (Benue),North Central,Ibadan DC,Kebbi,Government,Dangote 3X (42.5R),10543,527.15,36836.74,19418487.72,11812131.19,5940980.5,1665376.03,8.58,805,Road (Articulated),9,20,11,0,Delivered,Road Damage,23991.0,97.3,4.1,Cash & Carry,Paid
DCP-2022-030490,2022-11-30,2022,Q4,November,11,Gboko Plant (Benue),North Central,Benin DC,Abuja,Retailer,Dangote 3X (42.5R),92,4.6,36728.51,168951.13,97233.19,101430.0,-29712.06,-17.59,1260,Road (Truck),10,10,0,1,Delivered,None,62261.0,96.1,4.6,60-Day Credit,Overdue
DCP-2022-030861,2022-11-30,2022,Q4,November,11,Gboko Plant (Benue),North Central,Kano DC,Kebbi,Government,Dangote OPC (52.5R),25997,1299.85,47233.21,61396092.7,35364665.64,19864307.7,6167119.36,10.04,1698,Rail,11,19,8,0,Delivered,Fuel Shortage,27884.0,92.0,3.4,Cash & Carry,Paid
DCP-2022-030425,2022-12-01,2022,Q4,December,12,Ibese Plant (Ogun),Southwest,Kaduna DC,Kano,Retailer,Dangote 3X (42.5N),285,14.25,36689.65,522827.52,360562.1,208726.88,-46461.46,-8.89,837,Road (Truck),12,12,0,1,Delivered,,60480.0,96.2,4.4,Cash & Carry,Paid
DCP-2022-030083,2022-12-02,2022,Q4,December,12,Dangote Cement Senegal,West Africa,Maiduguri DC,Kogi,Contractor,Dangote 3X (42.5N),9760,488.0,36641.52,17881060.21,12026820.44,11177152.0,-5322912.23,-29.77,1636,Road (Articulated),3,7,4,0,Delivered,Flooding,80856.0,86.6,3.0,Cash & Carry,Paid
DCP-2022-030130,2022-12-02,2022,Q4,December,12,Benue Plant (Benue),North Central,Port Harcourt DC,Niger,Wholesaler,Dangote 3X (42.5R),2720,136.0,35433.55,4818963.26,2955843.1,1319472.0,543648.16,11.28,1078,Rail,1,1,0,1,Delivered,None,83513.0,,3.1,30-Day Credit,Paid
DCP-2022-030157,2022-12-02,2022,Q4,December,12,Obajana Plant (Kogi),North Central,Port Harcourt DC,Nassarawa,Wholesaler,Dangote 3X (42.5N),2615,130.75,38759.17,5067761.0,3107480.16,2857868.12,-897587.28,-17.71,1249,Road (Truck),14,14,0,1,Delivered,None,55752.0,93.7,4.2,30-Day Credit,Paid
DCP-2022-030424,2022-12-02,2022,Q4,December,12,Ibese Plant (Ogun),Southwest,Enugu DC,Ekiti,Retailer,Dangote OPC (52.5R),379,18.95,47353.43,897347.47,617815.17,47924.55,231607.75,25.81,281,Rail,12,12,0,1,Delivered,None,84582.0,87.7,3.8,Cash & Carry,Paid
DCP-2022-030507,2022-12-02,2022,Q4,December,12,Dangote Cement Senegal,West Africa,Benin DC,Plateau,Wholesaler,Dangote 3X (42.5R),862,43.1,37430.49,1613254.15,963685.18,,268220.17,16.63,632,Road (Articulated),9,9,0,1,Delivered,None,84452.0,95.9,4.9,60-Day Credit,Pending
DCP-2022-030824,2022-12-03,2022,Q4,December,12,Obajana Plant (Kogi),North Central,Onitsha DC,Ekiti,Wholesaler,Dangote 3X (42.5R),4005,200.25,35288.16,7066454.84,4548705.05,4587226.88,-2069477.09,-29.29,1309,Road (Truck),3,17,14,0,Returned,Road Damage,15822.0,99.2,3.1,Cash & Carry,Paid
DCP-2022-030245,2022-12-04,2022,Q4,December,12,Gboko Plant (Benue),North Central,Lagos DC,Kebbi,Contractor,Dangote 3X (42.5R),3638,181.9,36130.68,6572170.24,3923785.57,895129.9,1753254.77,26.68,703,River Barge,11,11,0,1,Delivered,None,26891.0,85.2,4.2,30-Day Credit,Paid
DCP-2022-030487,2022-12-04,2022,Q4,December,12,Gboko Plant (Benue),North Central,Maiduguri DC,Lagos,Wholesaler,Dangote OPC (52.5R),4756,237.8,46365.44,11025701.29,7652837.32,3986717.0,-613853.03,-5.57,958,Road (Truck),8,8,0,1,Delivered,None,33698.0,94.6,4.1,30-Day Credit,Paid
DCP-2022-030588,2022-12-04,2022,Q4,December,12,Dangote Cement Senegal,West Africa,Kaduna DC,Anambra,Retailer,Dangote OPC (52.5R),69,3.45,40940.86,141245.98,83597.53,20467.12,37181.33,26.32,339,Road (Truck),14,14,0,1,Delivered,None,8327.0,85.9,5.0,30-Day Credit,Pending
DCP-2022-030769,2022-12-04,2022,Q4,December,12,Obajana Plant (Kogi),North Central,Ibadan DC,Osun,Contractor,Dangote Falcon,9141,457.05,49249.88,22509656.5,13280378.26,4642256.85,4587021.39,20.38,1451,River Barge,10,20,10,0,In Transit,,84444.0,93.8,4.8,Letter of Credit,Paid
DCP-2022-030794,2022-12-04,2022,Q4,December,12,Dangote Cement Senegal,West Africa,Benin DC,Lagos,Retailer,Dangote 3X (42.5R),428,21.4,40319.91,862845.99,505382.14,,206540.35,23.94,403,Road (Truck),9,21,12,0,In Transit,Security Incident,78930.0,87.5,3.2,Letter of Credit,Paid
DCP-2022-030003,2022-12-05,2022,Q4,December,12,Ibese Plant (Ogun),Southwest,Ibadan DC,Oyo,Government,Dangote 3X (42.5R),7619,380.95,37716.73,14368190.06,9939896.25,2553317.38,1874976.43,13.05,383,Road (Truck),4,16,12,0,Delayed,Fuel Shortage,56843.0,94.1,3.3,60-Day Credit,Paid
DCP-2022-030190,2022-12-05,2022,Q4,December,12,Gboko Plant (Benue),North Central,Abuja DC,Kwara,Retailer,Dangote BLC,251,12.55,33155.17,416097.43,287590.65,281120.0,-152613.22,-36.68,1280,Road (Truck),10,13,3,0,Delayed,Flooding,45864.0,,4.4,Advance Payment,Paid
DCP-2022-030238,2022-12-05,2022,Q4,December,12,Dangote Cement Senegal,West Africa,Maiduguri DC,Anambra,Retailer,Dangote OPC (52.5R),243,12.15,43015.73,522641.1,290636.95,345090.38,-113086.23,-21.64,1623,Road (Truck),6,20,14,0,Delivered,Strike Action,39186.0,93.3,3.6,Cash & Carry,Paid
DCP-2022-030456,2022-12-05,2022,Q4,December,12,Benue Plant (Benue),North Central,Ibadan DC,Niger,Contractor,Dangote 3X (42.5R),8108,405.4,36563.98,14823036.34,8899155.31,1553695.5,4370185.53,29.48,219,Road (Truck),14,25,11,0,In Transit,Strike Action,73469.0,95.4,3.2,30-Day Credit,Paid
DCP-2022-030701,2022-12-05,2022,Q4,December,12,Gboko Plant (Benue),North Central,Port Harcourt DC,Plateau,Wholesaler,Dangote 3X (42.5R),2897,144.85,39361.31,5701485.36,3402438.27,904950.38,1394096.71,24.45,357,Road (Truck),10,10,0,1,Delivered,None,68816.0,92.7,5.0,30-Day Credit,Paid
DCP-2022-030014,2022-12-06,2022,Q4,December,12,Obajana Plant (Kogi),North Central,Kano DC,Benue,Wholesaler,Dangote OPC (52.5R),976,48.8,41574.35,2028828.44,1213033.62,164309.6,651485.22,32.11,481,River Barge,4,18,14,0,Delivered,,44083.0,98.6,4.7,Cash & Carry,Paid
DCP-2022-030019,2022-12-06,2022,Q4,December,12,Obajana Plant (Kogi),North Central,Ibadan DC,Sokoto,Wholesaler,Dangote 3X (42.5R),3445,172.25,39199.03,6752032.43,4349997.71,1332353.75,1069680.97,15.84,442,Road (Truck),7,22,15,0,Delivered,Fuel Shortage,50528.0,91.1,4.7,Cash & Carry,Paid
DCP-2022-030391,2022-12-06,2022,Q4,December,12,Dangote Cement Senegal,West Africa,Maiduguri DC,Kogi,Wholesaler,Dangote 3X (42.5N),175,8.75,36269.92,317361.8,182355.82,80482.5,54523.48,17.18,657,Road (Articulated),8,11,3,0,In Transit,Fuel Shortage,16670.0,95.0,4.6,60-Day Credit,Paid
DCP-2022-030930,2022-12-06,2022,Q4,December,12,Dangote Cement Senegal,West Africa,Onitsha DC,Delta,Retailer,Dangote 3X (42.5R),142,7.1,35820.45,254325.21,164667.0,210976.5,-121318.29,-47.7,1698,Road (Truck),1,1,0,1,Delivered,,72829.0,85.2,3.7,Cash & Carry,Paid
DCP-2022-031007,2022-12-06,2022,Q4,December,12,Ibese Plant (Ogun),Southwest,Lagos DC,Ekiti,Contractor,Dangote 3X (42.5N),9765,488.25,33994.54,16597833.52,9688270.16,8894694.38,-1985131.02,-11.96,1041,Road (Truck),8,8,0,1,Delivered,,19708.0,89.4,5.0,Cash & Carry,Paid
DCP-2022-030091,2022-12-07,2022,Q4,December,12,Ibese Plant (Ogun),Southwest,Port Harcourt DC,Edo,Contractor,Dangote 3X (42.5N),1541,77.05,36664.53,2825002.12,1727498.48,1624791.88,-527288.24,-18.67,1205,Road (Truck),14,14,0,1,Delivered,None,50816.0,87.2,3.7,30-Day Credit,Paid
DCP-2022-030922,2022-12-07,2022,Q4,December,12,Obajana Plant (Kogi),North Central,Maiduguri DC,Benue,Wholesaler,Dangote OPC (52.5R),3754,187.7,43820.2,8225051.7,4775876.84,4312876.75,-863701.89,-10.5,1313,Road (Truck),11,11,0,1,Delivered,None,33250.0,86.4,4.8,30-Day Credit,Paid
DCP-2022-031161,2022-12-07,2022,Q4,December,12,Ibese Plant (Ogun),Southwest,Benin DC,Ondo,Wholesaler,Dangote 3X (42.5R),2668,133.4,36446.97,4862025.6,2984313.65,595297.5,1282414.45,26.38,255,Road (Truck),3,3,0,1,Delivered,None,47833.0,93.2,3.7,Cash & Carry,Paid
DCP-2022-030328,2022-12-08,2022,Q4,December,12,Benue Plant (Benue),North Central,Kano DC,Ondo,Wholesaler,Dangote 3X (42.5R),4131,206.55,37489.18,7743391.15,5567036.96,2425413.38,-249059.19,-3.22,671,Road (Truck),9,9,0,1,Delivered,None,75472.0,90.4,,Letter of Credit,Pending
DCP-2022-031000,2022-12-08,2022,Q4,December,12,Ibese Plant (Ogun),Southwest,Kano DC,Cross River,Wholesaler,Dangote 3X (42.5R),2201,110.05,38148.56,4198249.46,2440728.78,882490.95,875029.73,20.84,891,Rail,3,3,0,1,Delivered,None,10814.0,91.8,4.9,30-Day Credit,Paid
DCP-2022-031004,2022-12-08,2022,Q4,December,12,Ibese Plant (Ogun),Southwest,Ibadan DC,Akwa Ibom,Wholesaler,Dangote 3X (42.5R),1339,66.95,36070.52,2414921.37,1466489.29,615103.12,333328.96,13.8,525,Road (Truck),8,15,7,0,In Transit,Customs Delay,69032.0,94.3,3.5,Advance Payment,Paid
DCP-2022-030742,2022-12-09,2022,Q4,December,12,Gboko Plant (Benue),North Central,Onitsha DC,Delta,Wholesaler,Dangote 3X (42.5N),4919,245.95,35704.07,8781414.79,6123762.87,2863103.95,-205452.03,-2.34,1663,River Barge,10,10,0,1,Delivered,,29363.0,,3.2,Cash & Carry,Paid
DCP-2022-031010,2022-12-09,2022,Q4,December,12,Gboko Plant (Benue),North Central,Port Harcourt DC,Rivers,Contractor,Dangote 3X (42.5R),6726,336.3,37950.73,12762831.63,8045371.65,900443.25,3817016.73,29.91,153,Road (Truck),10,10,0,1,Delivered,None,6008.0,89.7,,Cash & Carry,Paid
DCP-2022-030247,2022-12-10,2022,Q4,December,12,Dangote Cement Senegal,West Africa,Abuja DC,Akwa Ibom,Contractor,Dangote 3X (42.5N),7829,391.45,34122.63,13357303.69,9168447.71,10138555.0,-5949699.02,-44.54,1480,Road (Truck),8,8,0,1,Delivered,None,66319.0,92.1,4.9,Cash & Carry,Pending
DCP-2022-030323,2022-12-10,2022,Q4,December,12,Benue Plant (Benue),North Central,Maiduguri DC,Anambra,Wholesaler,Dangote 3X (42.5R),1633,81.65,35435.58,2893315.17,2074424.96,664141.1,154749.11,5.35,581,Road (Articulated),2,2,0,1,Delivered,None,36595.0,85.2,4.3,30-Day Credit,Paid
DCP-2022-030452,2022-12-10,2022,Q4,December,12,Obajana Plant (Kogi),North Central,Maiduguri DC,Abia,Retailer,Dangote OPC (52.5R),359,17.95,42717.19,766773.64,463453.81,142298.62,161021.21,21.0,453,Road (Truck),8,8,0,1,Returned,None,38699.0,86.9,3.3,Cash & Carry,Paid
DCP-2022-030685,2022-12-10,2022,Q4,December,12,Ibese Plant (Ogun),Southwest,Kano DC,Bayelsa,Wholesaler,Dangote OPC (52.5R),2147,107.35,45628.02,4898167.68,3263607.92,483933.8,1150625.96,23.49,322,Road (Articulated),5,15,10,0,Delivered,Security Incident,21816.0,86.7,4.4,30-Day Credit,Paid
DCP-2022-030848,2022-12-10,2022,Q4,December,12,Obajana Plant (Kogi),North Central,Maiduguri DC,Cross River,Retailer,Dangote 3X (42.5N),118,5.9,36213.02,213656.81,135550.44,175318.5,-97212.13,-45.5,1698,Road (Truck),8,21,13,0,Delivered,Truck Breakdown,25290.0,91.5,3.3,Cash & Carry,Paid
DCP-2022-030094,2022-12-11,2022,Q4,December,12,Dangote Cement Senegal,West Africa,Kaduna DC,Zamfara,Retailer,Dangote 3X (42.5R),127,6.35,37064.65,235360.54,140477.4,68186.3,26696.84,11.34,1534,River Barge,1,8,7,0,In Transit,Truck Breakdown,79899.0,98.3,3.5,Cash & Carry,Paid
DCP-2022-030110,2022-12-11,2022,Q4,December,12,Benue Plant (Benue),North Central,Kano DC,Delta,Wholesaler,Dangote OPC (52.5R),2169,108.45,45515.26,4936130.4,3377019.31,381472.88,1177638.21,23.86,201,Road (Truck),10,10,0,1,Delivered,None,45529.0,98.8,4.4,30-Day Credit,Pending
DCP-2022-030115,2022-12-11,2022,Q4,December,12,Gboko Plant (Benue),North Central,Maiduguri DC,Kebbi,Wholesaler,Dangote 3X (42.5R),1197,59.85,36410.52,2179169.75,1241868.12,438461.1,498840.53,22.89,814,Rail,9,9,0,1,Delivered,None,50984.0,91.3,4.0,30-Day Credit,Overdue
DCP-2022-030550,2022-12-11,2022,Q4,December,12,Gboko Plant (Benue),North Central,Abuja DC,Akwa Ibom,Government,Dangote 3X (42.5N),23441,1172.05,36725.37,43043965.4,25010759.12,33719878.5,-15686672.22,-36.44,1644,Road (Truck),4,4,0,1,Delivered,None,30601.0,93.0,3.2,Cash & Carry,Paid
DCP-2022-030851,2022-12-11,2022,Q4,December,12,Dangote Cement Senegal,West Africa,Enugu DC,Ondo,Wholesaler,Dangote 3X (42.5R),1285,64.25,35695.99,2293467.51,1288408.18,1994641.25,-989581.92,-43.15,1774,Road (Truck),6,6,0,1,Delivered,,84455.0,93.4,3.9,Advance Payment,Paid
DCP-2022-031080,2022-12-11,2022,Q4,December,12,Obajana Plant (Kogi),North Central,Kaduna DC,Edo,Government,Dangote 3X (42.5R),15692,784.6,36301.7,28482310.47,16202429.58,2899881.6,9379999.29,32.93,264,Road (Articulated),2,2,0,1,Delivered,None,50698.0,86.7,4.6,Cash & Carry,Paid
DCP-2022-031162,2022-12-11,2022,Q4,December,12,Benue Plant (Benue),North Central,Onitsha DC,Osun,Contractor,Dangote 3X (42.5R),6935,346.75,40073.86,13895612.46,8203761.64,3766745.25,1925105.57,13.85,1207,Rail,11,11,0,1,In Transit,None,43311.0,88.7,3.8,Cash & Carry,Pending
DCP-2022-030020,2022-12-12,2022,Q4,December,12,Ibese Plant (Ogun),Southwest,Onitsha DC,Katsina,Contractor,Dangote OPC (52.5R),2980,149.0,42477.86,6329200.59,4195343.22,3436685.0,-1302827.63,-20.58,1318,Road (Truck),14,18,4,0,In Transit,Security Incident,22971.0,88.0,3.0,Cash & Carry,Paid
DCP-2022-030219,2022-12-12,2022,Q4,December,12,Benue Plant (Benue),North Central,Kaduna DC,Abia,Wholesaler,Dangote 3X (42.5N),1577,78.85,36527.41,2880185.95,1906050.67,1261757.7,-287622.42,-9.99,1143,Road (Articulated),8,23,15,0,Delivered,Security Incident,84317.0,89.9,3.7,60-Day Credit,Paid
DCP-2022-030353,2022-12-12,2022,Q4,December,12,Obajana Plant (Kogi),North Central,Benin DC,Sokoto,Wholesaler,Dangote 3X (42.5R),1676,83.8,35034.71,2935909.08,1970760.96,1482924.8,-517776.68,-17.64,1264,Road (Articulated),4,7,3,0,In Transit,Strike Action,25503.0,91.3,4.4,30-Day Credit,Paid
DCP-2022-030730,2022-12-12,2022,Q4,December,12,Ibese Plant (Ogun),Southwest,Abuja DC,Plateau,Contractor,Dangote 3X (42.5R),6197,309.85,36997.11,11463554.59,8232075.69,736203.6,2495275.3,21.77,264,Rail,7,19,12,0,Delivered,Road Damage,57104.0,99.1,3.1,30-Day Credit,Paid
DCP-2022-031128,2022-12-12,2022,Q4,December,12,Benue Plant (Benue),North Central,Enugu DC,Kwara,Contractor,Dangote Falcon,3481,174.05,44610.89,7764525.1,5376343.97,3764701.5,-1376520.37,-17.73,1236,Road (Truck),5,5,0,1,Delivered,None,6063.0,85.3,4.4,30-Day Credit,Paid
DCP-2022-031132,2022-12-12,2022,Q4,December,12,Ibese Plant (Ogun),Southwest,Lagos DC,Zamfara,Retailer,Dangote 3X (42.5R),35,1.75,39012.56,68271.98,41925.03,2603.12,23743.83,34.78,85,Road (Truck),10,10,0,1,Delivered,None,27384.0,97.4,4.0,Cash & Carry,Overdue
DCP-2022-030260,2022-12-13,2022,Q4,December,12,Ibese Plant (Ogun),Southwest,Enugu DC,Zamfara,Wholesaler,Dangote BLC,169,8.45,32266.98,272656.01,154489.29,19925.1,98241.62,36.03,262,Rail,6,6,0,1,Delivered,None,20446.0,85.4,3.2,Advance Payment,Paid
DCP-2022-030295,2022-12-13,2022,Q4,December,12,Obajana Plant (Kogi),North Central,Abuja DC,Ekiti,Retailer,Dangote 3X (42.5N),365,18.25,34174.06,623676.55,441126.02,126153.12,56397.41,9.04,395,Road (Truck),4,4,0,1,Delivered,None,84253.0,86.8,4.7,60-Day Credit,Paid
DCP-2022-030856,2022-12-13,2022,Q4,December,12,Dangote Cement Senegal,West Africa,Kano DC,Ekiti,Wholesaler,Dangote 3X (42.5R),4960,248.0,37514.38,9303566.17,6074527.11,1781136.0,1447903.06,15.56,1026,River Barge,4,15,11,0,Delayed,Customs Delay,56404.0,98.2,4.2,Advance Payment,Paid
DCP-2022-030923,2022-12-13,2022,Q4,December,12,Ibese Plant (Ogun),Southwest,Ibadan DC,Nassarawa,Contractor,Dangote 3X (42.5N),6083,304.15,35628.41,10836381.68,6664212.59,1697917.38,2474251.71,22.83,319,Road (Truck),10,16,6,0,Damaged in Transit,Fuel Shortage,47962.0,98.8,3.2,Letter of Credit,Paid
DCP-2022-031151,2022-12-13,2022,Q4,December,12,Gboko Plant (Benue),North Central,Enugu DC,Abuja,Wholesaler,Dangote 3X (42.5R),757,37.85,39560.12,1497350.61,1072186.67,573654.6,-148490.66,-9.92,1684,Rail,11,11,0,1,Delivered,None,12501.0,92.1,4.8,Cash & Carry,Pending
DCP-2022-030112,2022-12-14,2022,Q4,December,12,Dangote Cement Senegal,West Africa,Onitsha DC,Ekiti,Wholesaler,Dangote 3X (42.5N),301,15.05,35305.32,531345.13,375391.66,59259.38,96694.09,18.2,225,Road (Truck),12,12,0,1,Delivered,None,41427.0,88.1,4.0,30-Day Credit,Paid
DCP-2022-030278,2022-12-14,2022,Q4,December,12,Dangote Cement Senegal,West Africa,Ibadan DC,Kaduna,Retailer,Dangote OPC (52.5R),419,20.95,45360.29,950298.09,680674.15,67459.0,202164.94,21.27,184,Road (Truck),8,8,0,1,Delivered,None,19305.0,99.4,3.2,Cash & Carry,Paid
DCP-2022-030467,2022-12-14,2022,Q4,December,12,Gboko Plant (Benue),North Central,Maiduguri DC,Ekiti,Contractor,Dangote 3X (42.5R),3468,173.4,37491.18,6500970.41,3796039.75,2045253.0,659677.66,10.15,674,Road (Truck),10,18,8,0,Delivered,Security Incident,35077.0,98.1,3.9,Cash & Carry,Paid
DCP-2022-030486,2022-12-14,2022,Q4,December,12,Gboko Plant (Benue),North Central,Onitsha DC,Kaduna,Retailer,Dangote 3X (42.5N),378,18.9,36610.45,691937.53,399686.16,274522.5,17728.87,2.56,830,Road (Truck),4,4,0,1,Delivered,None,68967.0,99.3,3.2,Cash & Carry,Paid
DCP-2022-030992,2022-12-14,2022,Q4,December,12,Obajana Plant (Kogi),North Central,Benin DC,Cross River,Retailer,Dangote 3X (42.5N),222,11.1,38602.59,428488.74,236075.3,261849.0,-69435.56,-16.2,1348,Road (Truck),11,11,0,1,Delivered,None,14112.0,98.2,4.1,Letter of Credit,Pending
DCP-2022-031157,2022-12-14,2022,Q4,December,12,Obajana Plant (Kogi),North Central,Enugu DC,Lagos,Retailer,Dangote 3X (42.5N),359,17.95,39120.55,702213.81,497969.1,404593.0,-200348.29,-28.53,1288,Road (Truck),13,26,13,0,Delivered,Security Incident,41153.0,97.9,4.0,Letter of Credit,Paid
DCP-2022-030318,2022-12-15,2022,Q4,December,12,Obajana Plant (Kogi),North Central,Kaduna DC,Nassarawa,Retailer,Dangote 3X (42.5R),497,24.85,36927.11,917638.76,509205.7,345116.8,63316.26,6.9,992,Road (Articulated),11,11,0,1,Delivered,None,26545.0,94.9,3.7,Cash & Carry,Paid
DCP-2022-030569,2022-12-15,2022,Q4,December,12,Ibese Plant (Ogun),Southwest,Lagos DC,Kwara,Contractor,Dangote 3X (42.5N),5998,299.9,38134.84,11436637.35,7384523.64,5962012.0,-1909898.29,-16.7,1136,Road (Truck),13,13,0,1,Delivered,None,60496.0,100.0,3.3,Cash & Carry,Paid
DCP-2022-031053,2022-12-15,2022,Q4,December,12,Gboko Plant (Benue),North Central,Benin DC,Edo,Government,Dangote 3X (42.5R),24427,1221.35,35529.17,43393556.7,27395870.9,14124912.75,1872773.05,4.32,1285,Rail,12,12,0,1,Delivered,None,70773.0,89.0,3.6,Advance Payment,Paid
DCP-2022-030362,2022-12-16,2022,Q4,December,12,Gboko Plant (Benue),North Central,Port Harcourt DC,Bayelsa,Retailer,Dangote Falcon,80,4.0,48897.92,195591.69,132174.91,40880.0,22536.78,11.52,584,Road (Truck),5,5,0,1,Delivered,None,84747.0,99.2,4.6,60-Day Credit,Paid
DCP-2022-030586,2022-12-16,2022,Q4,December,12,Gboko Plant (Benue),North Central,Abuja DC,Ondo,Wholesaler,Dangote 3X (42.5R),4434,221.7,36947.31,8191217.91,4931644.47,5239214.4,-1979640.96,-24.17,1688,Road (Articulated),10,10,0,1,Delivered,None,18791.0,94.5,4.0,30-Day Credit,Overdue
DCP-2022-030744,2022-12-16,2022,Q4,December,12,Obajana Plant (Kogi),North Central,Ibadan DC,Abuja,Wholesaler,Dangote 3X (42.5N),4358,217.9,35817.11,7804549.26,5070566.45,,-3050717.44,-39.09,1517,Road (Truck),8,20,12,0,Returned,Customs Delay,22767.0,91.7,4.3,30-Day Credit,Overdue
DCP-2022-030966,2022-12-16,2022,Q4,December,12,Obajana Plant (Kogi),North Central,Port Harcourt DC,Ebonyi,Retailer,Dangote BLC,268,13.4,36727.8,492152.55,294515.06,387863.0,-190225.51,-38.65,1654,Road (Truck),4,8,4,0,Delivered,Truck Breakdown,17976.0,97.7,,Cash & Carry,Paid
DCP-2022-030004,2022-12-17,2022,Q4,December,12,Gboko Plant (Benue),North Central,Lagos DC,Kogi,Contractor,Dangote 3X (42.5N),5368,268.4,33966.54,9116619.73,6429342.37,4550453.6,-1863176.24,-20.44,1211,Road (Articulated),6,6,0,1,Delivered,None,75775.0,94.6,3.3,Cash & Carry,Pending
DCP-2022-030078,2022-12-17,2022,Q4,December,12,Benue Plant (Benue),North Central,Ibadan DC,Kaduna,Wholesaler,Dangote 3X (42.5R),590,29.5,37486.98,1105865.92,695540.08,198063.0,212262.84,19.19,746,Rail,6,12,6,0,Delayed,Strike Action,73862.0,99.6,3.3,30-Day Credit,Paid
DCP-2022-030175,2022-12-17,2022,Q4,December,12,Gboko Plant (Benue),North Central,Onitsha DC,Ogun,Wholesaler,Dangote 3X (42.5R),2158,107.9,40242.61,4342177.38,3023352.18,1445644.2,-126819.0,-2.92,957,Road (Articulated),11,22,11,0,Delivered,Fuel Shortage,52071.0,96.1,3.4,60-Day Credit,Paid
DCP-2022-030367,2022-12-17,2022,Q4,December,12,Benue Plant (Benue),North Central,Ibadan DC,Kwara,Wholesaler,Dangote 3X (42.5N),1268,63.4,38395.56,2434278.66,1589156.17,615772.5,229349.99,9.42,555,Road (Truck),10,18,8,0,Delivered,Strike Action,8127.0,86.4,4.3,Advance Payment,Paid
DCP-2022-030410,2022-12-17,2022,Q4,December,12,Ibese Plant (Ogun),Southwest,Lagos DC,Edo,Contractor,Dangote Falcon,7239,361.95,48785.49,17657906.4,11015635.01,4066508.25,2575763.14,14.59,642,Road (Truck),2,6,4,0,In Transit,Truck Breakdown,63340.0,87.8,3.6,Cash & Carry,Paid
DCP-2022-030760,2022-12-17,2022,Q4,December,12,Obajana Plant (Kogi),North Central,Port Harcourt DC,Bayelsa,Contractor,Dangote 3X (42.5R),4876,243.8,35316.58,8610181.85,4760278.73,2706667.6,1143235.52,13.28,793,Road (Articulated),7,17,10,0,Delayed,Security Incident,56187.0,90.5,4.8,Cash & Carry,Paid
DCP-2022-030767,2022-12-17,2022,Q4,December,12,Obajana Plant (Kogi),North Central,Kaduna DC,Plateau,Retailer,Dangote 3X (42.5R),393,19.65,37458.19,736053.52,452629.25,87000.38,196423.89,26.69,253,Road (Truck),8,8,0,1,Delivered,None,43391.0,89.0,3.5,Cash & Carry,Paid
DCP-2022-030181,2022-12-18,2022,Q4,December,12,Gboko Plant (Benue),North Central,Maiduguri DC,Oyo,Wholesaler,Dangote 3X (42.5R),3685,184.25,39958.5,7362354.36,4087868.16,1193018.75,2081467.45,28.27,370,Road (Truck),3,16,13,0,Delayed,Truck Breakdown,48658.0,99.4,3.3,60-Day Credit,Overdue
DCP-2022-030463,2022-12-18,2022,Q4,December,12,Dangote Cement Senegal,West Africa,Lagos DC,Ekiti,Export,Dangote OPC (52.5R),33869,1693.45,41477.1,70239390.26,44576128.15,8382577.5,17280684.61,24.6,550,Rail,12,18,6,0,Delivered,Customs Delay,12142.0,98.8,3.8,Cash & Carry,Paid
DCP-2022-030609,2022-12-18,2022,Q4,December,12,Ibese Plant (Ogun),Southwest,Port Harcourt DC,Ogun,Contractor,Dangote 3X (42.5R),6538,326.9,38178.35,12480501.82,7874291.79,1038888.2,3567321.83,28.58,454,River Barge,8,11,3,0,In Transit,Road Damage,63525.0,93.9,4.7,30-Day Credit,Paid
DCP-2022-030648,2022-12-18,2022,Q4,December,12,Benue Plant (Benue),North Central,Port Harcourt DC,Ogun,Government,Dangote 3X (42.5R),38130,1906.5,35637.51,67942906.73,48651344.85,50812991.25,-31521429.37,-46.39,1523,Road (Truck),7,7,0,1,Delivered,None,53293.0,96.3,,30-Day Credit,Paid
DCP-2022-030780,2022-12-18,2022,Q4,December,12,Benue Plant (Benue),North Central,Enugu DC,Kogi,Contractor,Dangote BLC,6450,322.5,32449.14,10464846.11,5957386.23,5762268.75,-1254808.87,-11.99,1021,Road (Truck),11,15,4,0,Delayed,Fuel Shortage,48025.0,96.6,4.6,Cash & Carry,Paid
DCP-2022-030816,2022-12-18,2022,Q4,December,12,Dangote Cement Senegal,West Africa,Enugu DC,Ekiti,Wholesaler,Dangote 3X (42.5R),3277,163.85,35320.7,5787295.92,4131192.89,2789382.4,-1133279.37,-19.58,1216,Road (Articulated),1,8,7,0,In Transit,Road Damage,80432.0,98.6,4.1,Cash & Carry,Paid
DCP-2022-031027,2022-12-18,2022,Q4,December,12,Ibese Plant (Ogun),Southwest,Lagos DC,Kebbi,Wholesaler,Dangote 3X (42.5R),101,5.05,38710.43,195487.68,115093.77,148911.88,-68517.97,-35.05,1685,Road (Truck),5,5,0,1,Delivered,None,28754.0,94.9,,30-Day Credit,Pending
DCP-2022-030153,2022-12-19,2022,Q4,December,12,Obajana Plant (Kogi),North Central,Ibadan DC,Lagos,Retailer,Dangote BLC,93,4.65,36567.05,170036.78,99715.37,21050.55,49270.86,28.98,503,Rail,11,11,0,1,Delivered,None,46062.0,98.0,4.9,60-Day Credit,Paid
DCP-2022-030264,2022-12-19,2022,Q4,December,12,Benue Plant (Benue),North Central,Abuja DC,Kebbi,Retailer,Dangote 3X (42.5R),193,9.65,36801.19,355131.53,198654.57,232203.13,-75726.17,-21.32,1375,Road (Truck),9,15,6,0,Delivered,Flooding,41771.0,96.5,4.3,Cash & Carry,Paid
DCP-2022-030604,2022-12-19,2022,Q4,December,12,Gboko Plant (Benue),North Central,Benin DC,Kebbi,Retailer,Dangote BLC,239,11.95,37633.66,449722.26,319717.76,253041.25,-123036.75,-27.36,1210,Road (Truck),6,21,15,0,Delivered,Customs Delay,19179.0,94.4,4.4,Advance Payment,Paid
DCP-2022-030891,2022-12-19,2022,Q4,December,12,Obajana Plant (Kogi),North Central,Lagos DC,Kogi,Wholesaler,Dangote 3X (42.5R),2521,126.05,40851.09,5149279.64,2947239.33,2239404.3,-37363.99,-0.73,1269,Road (Articulated),7,7,0,1,Delivered,None,81375.0,93.4,4.9,Letter of Credit,Paid
DCP-2022-031165,2022-12-19,2022,Q4,December,12,Dangote Cement Senegal,West Africa,Onitsha DC,Kano,Contractor,Dangote 3X (42.5R),7173,358.65,37114.6,13311152.17,7562249.21,9847632.37,-4098729.41,-30.79,1569,Road (Truck),14,14,0,1,Delivered,None,48512.0,99.1,3.7,30-Day Credit,Paid
DCP-2022-030165,2022-12-20,2022,Q4,December,12,Benue Plant (Benue),North Central,Kaduna DC,Delta,Government,Dangote 3X (42.5R),11930,596.5,39192.71,23378453.2,13091229.8,18570536.25,-8283312.85,-35.43,1779,Road (Truck),7,15,8,0,Delayed,Security Incident,59271.0,87.7,3.8,30-Day Credit,Paid
DCP-2022-030547,2022-12-20,2022,Q4,December,12,Benue Plant (Benue),North Central,Kano DC,Ogun,Export,Dangote 3X (42.5N),39834,1991.7,34113.54,67943933.05,39563915.85,48824533.8,-20444516.6,-30.09,1751,Road (Articulated),3,3,0,1,Delivered,None,23207.0,93.8,4.2,30-Day Credit,Paid
DCP-2022-030629,2022-12-20,2022,Q4,December,12,Benue Plant (Benue),North Central,Lagos DC,Delta,Wholesaler,Dangote BLC,4713,235.65,34637.93,8162428.01,5810545.95,3464055.0,-1112172.94,-13.63,1050,Road (Articulated),12,13,1,0,Delivered,Flooding,12073.0,90.5,4.6,30-Day Credit,Paid
DCP-2022-030998,2022-12-20,2022,Q4,December,12,Gboko Plant (Benue),North Central,Lagos DC,Nassarawa,Retailer,Dangote OPC (52.5R),367,18.35,42281.13,775858.72,526158.57,476228.38,-226528.23,-29.2,1483,Road (Truck),8,21,13,0,Delayed,Truck Breakdown,59374.0,99.6,4.7,Letter of Credit,Paid
DCP-2022-031144,2022-12-20,2022,Q4,December,12,Obajana Plant (Kogi),North Central,Ibadan DC,Abuja,Retailer,Dangote Falcon,349,17.45,46003.44,802760.01,497198.36,400896.3,-95334.65,-11.88,1641,Road (Articulated),5,5,0,1,Delivered,None,77257.0,96.8,3.7,Cash & Carry,Overdue
DCP-2022-030382,2022-12-21,2022,Q4,December,12,Gboko Plant (Benue),North Central,Onitsha DC,Zamfara,Contractor,Dangote 3X (42.5N),6471,323.55,37866.17,12251599.72,8305587.12,6975738.0,-3029725.4,-24.73,1540,Road (Articulated),2,15,13,0,Delayed,Road Damage,70138.0,89.0,,60-Day Credit,Paid
DCP-2022-030042,2022-12-22,2022,Q4,December,12,Gboko Plant (Benue),North Central,Lagos DC,Ogun,Wholesaler,Dangote 3X (42.5R),559,27.95,37239.03,1040831.0,598214.35,556135.12,-113518.47,-10.91,1137,Road (Truck),11,14,3,0,Delivered,Truck Breakdown,53759.0,90.7,4.4,30-Day Credit,Paid
DCP-2022-030210,2022-12-22,2022,Q4,December,12,Gboko Plant (Benue),North Central,Ibadan DC,Delta,Contractor,Dangote 3X (42.5N),4604,230.2,38564.34,8877509.92,5157915.12,2590325.5,1129269.3,12.72,643,Road (Truck),8,13,5,0,Delayed,Road Damage,44360.0,89.8,3.3,Advance Payment,Paid
DCP-2022-030842,2022-12-22,2022,Q4,December,12,Ibese Plant (Ogun),Southwest,Enugu DC,Kogi,Wholesaler,Dangote 3X (42.5N),3567,178.35,36542.49,6517353.32,4661463.89,3155457.38,-1299567.95,-19.94,1011,Road (Truck),1,9,8,0,Delivered,Road Damage,19995.0,94.1,4.6,Cash & Carry,Paid
DCP-2022-030215,2022-12-23,2022,Q4,December,12,Benue Plant (Benue),North Central,Port Harcourt DC,Kebbi,Wholesaler,Dangote 3X (42.5R),2948,147.4,37807.84,5572875.6,3887094.74,2633153.6,-947372.74,-17.0,1276,Road (Articulated),9,9,0,1,Delivered,None,40951.0,97.3,4.1,30-Day Credit,Pending
DCP-2022-030383,2022-12-23,2022,Q4,December,12,Benue Plant (Benue),North Central,Onitsha DC,Kano,Contractor,Dangote 3X (42.5R),7260,363.0,37237.88,13517350.6,9052407.81,2890387.5,1574555.29,11.65,455,Road (Truck),9,17,8,0,In Transit,Security Incident,22006.0,88.0,4.5,Letter of Credit,Paid
DCP-2022-031069,2022-12-23,2022,Q4,December,12,Obajana Plant (Kogi),North Central,Enugu DC,Akwa Ibom,Contractor,Dangote 3X (42.5R),2955,147.75,35541.1,5251198.22,3146396.87,941167.5,1163633.85,22.16,364,Road (Truck),7,7,0,1,Delivered,None,11031.0,89.8,4.2,Cash & Carry,Paid
DCP-2022-030002,2022-12-24,2022,Q4,December,12,Benue Plant (Benue),North Central,Enugu DC,Benue,Wholesaler,Dangote 3X (42.5R),2857,142.85,37269.96,5324013.5,3253113.31,969380.1,1101520.09,20.69,754,Rail,13,13,0,1,Delivered,None,14986.0,98.8,3.2,Cash & Carry,Paid
DCP-2022-030678,2022-12-24,2022,Q4,December,12,Obajana Plant (Kogi),North Central,Port Harcourt DC,Enugu,Contractor,Dangote 3X (42.5N),8299,414.95,36253.86,15043540.29,9097977.85,5845608.12,99954.32,0.66,805,Road (Truck),1,1,0,1,Delivered,,50675.0,85.3,4.3,30-Day Credit,Paid
DCP-2022-031173,2022-12-24,2022,Q4,December,12,Obajana Plant (Kogi),North Central,Abuja DC,Imo,Wholesaler,Dangote 3X (42.5N),206,10.3,36067.95,371499.85,235507.79,62871.2,73120.86,19.68,436,Road (Articulated),12,12,0,1,Delivered,None,69198.0,95.4,3.8,Cash & Carry,Pending
DCP-2022-030308,2022-12-25,2022,Q4,December,12,Gboko Plant (Benue),North Central,Abuja DC,Zamfara,Government,Dangote 3X (42.5R),29993,1499.65,40491.52,60723104.56,37454365.92,15037740.38,8230998.26,13.55,573,Road (Truck),14,19,5,0,Delivered,Truck Breakdown,76220.0,98.7,4.3,Letter of Credit,Pending
DCP-2022-030683,2022-12-25,2022,Q4,December,12,Obajana Plant (Kogi),North Central,Lagos DC,Katsina,Wholesaler,Dangote 3X (42.5R),1137,56.85,40780.33,2318361.91,1615551.19,1087398.38,-384587.66,-16.59,1093,Road (Truck),7,7,0,1,Delivered,None,26865.0,96.9,4.6,Cash & Carry,Paid
DCP-2022-030813,2022-12-25,2022,Q4,December,12,Obajana Plant (Kogi),North Central,Abuja DC,Niger,Wholesaler,Dangote BLC,1857,92.85,37410.81,3473593.51,2445777.86,987924.0,39891.65,1.15,760,Road (Articulated),11,21,10,0,Delivered,Fuel Shortage,55697.0,94.3,3.1,Cash & Carry,Overdue
DCP-2022-030103,2022-12-26,2022,Q4,December,12,Ibese Plant (Ogun),Southwest,Abuja DC,Katsina,Contractor,Dangote 3X (42.5N),5627,281.35,38590.49,10857433.86,6147604.04,4454895.9,254933.92,2.35,1131,Road (Articulated),4,4,0,1,In Transit,None,76004.0,92.1,3.1,Cash & Carry,Overdue
DCP-2022-030812,2022-12-26,2022,Q4,December,12,Ibese Plant (Ogun),Southwest,Kano DC,Delta,Wholesaler,Dangote BLC,3138,156.9,33964.71,5329063.23,3764375.18,,720252.25,13.52,598,Rail,2,3,1,0,Delayed,Fuel Shortage,58349.0,87.7,4.8,60-Day Credit,Overdue
DCP-2022-030348,2022-12-27,2022,Q4,December,12,Dangote Cement Senegal,West Africa,Port Harcourt DC,Lagos,Wholesaler,Dangote 3X (42.5R),3344,167.2,36646.27,6127256.87,3891147.31,600415.2,1635694.36,26.7,399,Rail,11,22,11,0,In Transit,Truck Breakdown,50211.0,86.0,3.3,Cash & Carry,Paid
DCP-2022-030341,2022-12-28,2022,Q4,December,12,Dangote Cement Senegal,West Africa,Benin DC,Oyo,Contractor,Dangote 3X (42.5N),5449,272.45,33842.7,9220444.84,6422368.42,462483.87,2335592.55,25.33,97,Road (Truck),3,3,0,1,In Transit,None,30391.0,88.9,3.2,Cash & Carry,Paid
DCP-2022-030392,2022-12-28,2022,Q4,December,12,Dangote Cement Senegal,West Africa,Benin DC,Delta,Contractor,Dangote 3X (42.5R),8310,415.5,40836.29,16967480.1,9501757.3,12426566.25,-4960843.45,-29.24,1709,Road (Truck),14,28,14,0,Delayed,Fuel Shortage,69833.0,95.5,3.1,Letter of Credit,Paid
DCP-2022-030982,2022-12-28,2022,Q4,December,12,Gboko Plant (Benue),North Central,Abuja DC,Delta,Wholesaler,Dangote 3X (42.5N),126,6.3,34906.48,219910.81,153640.13,117394.2,-51123.52,-23.25,1331,Road (Articulated),8,13,5,0,Delivered,Truck Breakdown,36265.0,89.2,3.6,30-Day Credit,Paid
DCP-2022-030293,2022-12-29,2022,Q4,December,12,Benue Plant (Benue),North Central,Enugu DC,Bayelsa,Retailer,Dangote OPC (52.5R),235,11.75,41235.56,484517.88,335240.91,170051.88,-20774.91,-4.29,827,Road (Truck),9,9,0,1,Delivered,None,83769.0,86.9,3.2,Cash & Carry,Pending
DCP-2022-030421,2022-12-29,2022,Q4,December,12,Obajana Plant (Kogi),North Central,Port Harcourt DC,Ekiti,Retailer,Dangote BLC,298,14.9,36766.6,547822.39,329929.02,,-50679.13,-9.25,1030,Road (Truck),1,1,0,1,Delivered,None,48489.0,85.3,3.1,30-Day Credit,Paid
DCP-2022-030607,2022-12-29,2022,Q4,December,12,Gboko Plant (Benue),North Central,Kano DC,Nassarawa,Contractor,Dangote 3X (42.5R),9250,462.5,36672.38,16960974.87,9568738.21,6287225.0,1105011.66,6.52,971,Road (Articulated),2,17,15,0,Delivered,Truck Breakdown,45703.0,86.7,4.6,Letter of Credit,Paid
DCP-2022-030916,2022-12-29,2022,Q4,December,12,Benue Plant (Benue),North Central,Maiduguri DC,Enugu,Contractor,Dangote 3X (42.5N),1833,91.65,34511.84,3163009.81,1939270.86,2644789.88,-1421050.93,-44.93,1649,Road (Truck),9,10,1,0,Delayed,Road Damage,62167.0,89.6,4.9,Advance Payment,Paid
DCP-2022-031124,2022-12-30,2022,Q4,December,12,Obajana Plant (Kogi),North Central,Kano DC,Niger,Wholesaler,Dangote 3X (42.5R),4342,217.1,36782.93,7985574.37,4536638.41,2043996.5,1404939.46,17.59,538,Road (Truck),9,9,0,1,Delivered,None,78221.0,93.0,4.1,30-Day Credit,Pending
DCP-2022-030235,2022-12-31,2022,Q4,December,12,Ibese Plant (Ogun),Southwest,Abuja DC,Oyo,Wholesaler,Dangote 3X (42.5N),3781,189.05,34078.19,6442481.86,4317992.62,4070624.6,-1946135.36,-30.21,1538,Road (Articulated),9,12,3,0,Delivered,Road Damage,35449.0,96.5,4.8,30-Day Credit,Paid
DCP-2022-030802,2022-12-31,2022,Q4,December,12,Dangote Cement Senegal,West Africa,Kaduna DC,Ekiti,Retailer,Dangote 3X (42.5R),100,5.0,38627.2,193136.02,121903.54,49455.0,21777.48,11.28,1099,Rail,8,8,0,1,Delivered,None,84656.0,98.3,4.4,30-Day Credit,Overdue
DCP-2022-031049,2022-12-31,2022,Q4,December,12,Benue Plant (Benue),North Central,Kano DC,Plateau,Contractor,Dangote 3X (42.5N),3642,182.1,36794.89,6700348.59,4190129.71,1497772.5,1012446.38,15.11,470,Road (Truck),14,14,0,1,Delivered,None,43319.0,86.2,3.5,30-Day Credit,Paid
DCP-2022-031094,2022-12-31,2022,Q4,December,12,Gboko Plant (Benue),North Central,Port Harcourt DC,Abuja,Wholesaler,Dangote BLC,2827,141.35,32906.99,4651402.6,3160903.05,3182071.2,-1691571.65,-36.37,1608,Road (Articulated),11,11,0,1,Delivered,None,37799.0,91.8,4.5,30-Day Credit,Paid
DCP-2023-031328,2023-01-01,2023,Q1,January,1,Dangote Cement Senegal,West Africa,Maiduguri DC,Abia,Contractor,Dangote 3X (42.5N),8893,444.65,40395.72,17961957.93,9998091.01,12442418.62,-4478551.7,-24.93,1599,Road (Truck),6,9,3,0,Delivered,Fuel Shortage,67127.0,88.0,,30-Day Credit,Paid
DCP-2023-031347,2023-01-01,2023,Q1,January,1,Gboko Plant (Benue),North Central,Port Harcourt DC,Ebonyi,Retailer,Dangote 3X (42.5N),340,17.0,37440.62,636490.6,386284.3,183498.0,66708.3,10.48,1542,River Barge,9,9,0,1,Delivered,None,10942.0,97.6,4.3,30-Day Credit,Overdue
DCP-2023-031758,2023-01-01,2023,Q1,January,1,Ibese Plant (Ogun),Southwest,Port Harcourt DC,Katsina,Wholesaler,Dangote BLC,4600,230.0,36192.68,8324317.04,4986356.61,2781275.0,556685.43,6.69,691,Road (Truck),3,3,0,1,Delivered,None,30559.0,94.5,3.5,Cash & Carry,Paid
DCP-2023-031911,2023-01-01,2023,Q1,January,1,Obajana Plant (Kogi),North Central,Lagos DC,Ondo,Retailer,Dangote 3X (42.5R),200,10.0,38732.06,387320.57,233049.49,141400.0,12871.08,3.32,808,Road (Truck),11,25,14,0,Damaged in Transit,Flooding,34020.0,91.9,3.4,Cash & Carry,Paid
DCP-2023-031508,2023-01-02,2023,Q1,January,1,Dangote Cement Senegal,West Africa,Abuja DC,Kebbi,Wholesaler,Dangote 3X (42.5R),4783,239.15,39852.32,9530682.81,6300979.21,627768.75,2601934.85,27.3,150,Road (Truck),4,12,8,0,In Transit,Customs Delay,58342.0,92.9,3.7,Letter of Credit,Paid
DCP-2023-031631,2023-01-02,2023,Q1,January,1,Obajana Plant (Kogi),North Central,Benin DC,Niger,Contractor,Dangote 3X (42.5R),4477,223.85,42305.26,9470031.76,5329734.34,4438385.88,-298088.46,-3.15,1133,Road (Truck),5,5,0,1,Delivered,None,78392.0,98.5,3.1,Advance Payment,Pending
DCP-2023-031817,2023-01-02,2023,Q1,January,1,Dangote Cement Senegal,West Africa,Enugu DC,Nassarawa,Contractor,Dangote 3X (42.5N),9168,458.4,38553.67,17673002.41,12627699.51,10364424.0,-5319121.1,-30.1,1292,Road (Truck),5,8,3,0,Delivered,Fuel Shortage,41827.0,90.2,3.3,30-Day Credit,Paid
DCP-2023-031339,2023-01-03,2023,Q1,January,1,Gboko Plant (Benue),North Central,Enugu DC,Nassarawa,Wholesaler,Dangote 3X (42.5N),2886,144.3,35177.6,5076127.41,3628513.82,488888.4,958725.19,18.89,484,River Barge,7,7,0,1,Delivered,None,66453.0,94.1,4.3,Advance Payment,Paid
DCP-2023-031638,2023-01-03,2023,Q1,January,1,Gboko Plant (Benue),North Central,Port Harcourt DC,Kebbi,Wholesaler,Dangote 3X (42.5R),2036,101.8,41449.65,4219574.03,2853076.31,575424.5,791073.22,18.75,323,Road (Truck),13,20,7,0,Delayed,Road Damage,82106.0,,3.0,30-Day Credit,Paid
DCP-2023-031861,2023-01-03,2023,Q1,January,1,Benue Plant (Benue),North Central,Kaduna DC,Edo,Retailer,Dangote OPC (52.5R),234,11.7,42459.1,496771.48,318395.1,121212.0,57164.38,11.51,592,Road (Truck),6,9,3,0,Delayed,Road Damage,23051.0,96.2,4.6,30-Day Credit,Pending
DCP-2023-031869,2023-01-03,2023,Q1,January,1,Gboko Plant (Benue),North Central,Kaduna DC,Ogun,Wholesaler,Dangote BLC,2665,133.25,37442.78,4989250.66,2745200.55,1369543.5,874506.61,17.53,1142,Rail,14,22,8,0,Delayed,Security Incident,35705.0,93.5,4.7,Cash & Carry,Paid
DCP-2023-032170,2023-01-03,2023,Q1,January,1,Benue Plant (Benue),North Central,Maiduguri DC,Imo,Government,Dangote Falcon,25567,1278.35,51387.97,65691809.61,38074549.01,17503168.2,10114092.4,15.4,978,Road (Articulated),14,19,5,0,Delayed,Truck Breakdown,58044.0,90.8,4.5,Cash & Carry,Paid
DCP-2023-031326,2023-01-04,2023,Q1,January,1,Dangote Cement Senegal,West Africa,Benin DC,Osun,Contractor,Dangote 3X (42.5R),7274,363.7,41957.51,15259947.25,10580897.84,8875007.4,-4195957.99,-27.5,1743,Road (Articulated),3,18,15,0,Delivered,Road Damage,81582.0,89.9,4.4,Cash & Carry,Pending
DCP-2023-031599,2023-01-04,2023,Q1,January,1,Obajana Plant (Kogi),North Central,Benin DC,Delta,Wholesaler,Dangote 3X (42.5R),3716,185.8,39501.43,7339365.24,4434839.48,3235242.5,-330716.74,-4.51,995,Road (Truck),14,29,15,0,Delayed,Road Damage,40683.0,93.2,4.3,Cash & Carry,Paid
DCP-2023-031693,2023-01-04,2023,Q1,January,1,Gboko Plant (Benue),North Central,Kaduna DC,Kebbi,Wholesaler,Dangote 3X (42.5N),951,47.55,38582.1,1834578.76,1113653.66,729607.2,-8682.1,-0.47,1096,Road (Articulated),10,10,0,1,Delivered,None,35379.0,97.3,4.8,Cash & Carry,Overdue
DCP-2023-031941,2023-01-04,2023,Q1,January,1,Benue Plant (Benue),North Central,Port Harcourt DC,Bayelsa,Contractor,Dangote 3X (42.5R),5948,297.4,42410.94,12613012.24,7714261.68,1161644.4,3737106.16,29.63,279,Road (Articulated),12,12,0,1,Delivered,None,82931.0,85.5,4.7,30-Day Credit,Paid
DCP-2023-032021,2023-01-04,2023,Q1,January,1,Gboko Plant (Benue),North Central,Abuja DC,Rivers,Retailer,Dangote OPC (52.5R),453,22.65,44050.33,997739.99,716220.74,365061.37,-83542.12,-8.37,921,Road (Truck),3,6,3,0,Delivered,Flooding,72584.0,91.0,4.6,Advance Payment,Paid
DCP-2023-031688,2023-01-05,2023,Q1,January,1,Gboko Plant (Benue),North Central,Benin DC,Kebbi,Contractor,Dangote Falcon,9156,457.8,47904.67,21930757.79,12435715.45,11190463.2,-1695420.86,-7.73,1746,Road (Articulated),10,21,11,0,Delivered,Fuel Shortage,20576.0,96.7,4.6,Cash & Carry,Paid
DCP-2023-032251,2023-01-05,2023,Q1,January,1,Dangote Cement Senegal,West Africa,Kano DC,Plateau,Government,Dangote BLC,11810,590.5,37994.67,22435849.75,13930886.71,2726338.5,5778624.54,25.76,513,Rail,2,2,0,1,Delivered,None,64728.0,91.9,3.5,30-Day Credit,Pending
DCP-2023-032298,2023-01-05,2023,Q1,January,1,Obajana Plant (Kogi),North Central,Maiduguri DC,Rivers,Contractor,Dangote 3X (42.5N),8571,428.55,40321.83,17279920.36,12244265.96,9104544.75,-4068890.35,-23.55,1214,Road (Truck),12,23,11,0,Delayed,Customs Delay,84114.0,95.4,,Cash & Carry,Paid
DCP-2023-031976,2023-01-06,2023,Q1,January,1,Benue Plant (Benue),North Central,Lagos DC,Anambra,Wholesaler,Dangote BLC,585,29.25,35258.13,1031300.24,622361.61,245700.0,163238.63,15.83,480,Road (Truck),11,25,14,0,Delivered,Truck Breakdown,9063.0,91.1,4.6,60-Day Credit,Overdue
DCP-2023-031433,2023-01-07,2023,Q1,January,1,Gboko Plant (Benue),North Central,Ibadan DC,Cross River,Contractor,Dangote BLC,6869,343.45,38380.36,13181733.47,8821872.11,4531479.3,-171617.94,-1.3,1466,Rail,2,2,0,1,Delivered,,49145.0,88.5,3.8,Cash & Carry,Paid
DCP-2023-031731,2023-01-07,2023,Q1,January,1,Gboko Plant (Benue),North Central,Onitsha DC,Kwara,Retailer,Dangote BLC,169,8.45,33513.3,283187.42,166308.08,46010.25,70869.09,25.03,605,Rail,5,16,11,0,Delayed,Flooding,46197.0,90.3,,30-Day Credit,Paid
DCP-2023-031913,2023-01-07,2023,Q1,January,1,Gboko Plant (Benue),North Central,Port Harcourt DC,Imo,Government,Dangote 3X (42.5R),20420,1021.0,40109.32,40951613.07,29143611.75,26836985.0,-15028983.68,-36.7,1502,Road (Truck),11,18,7,0,Delivered,Strike Action,21191.0,99.0,4.6,30-Day Credit,Paid
DCP-2023-032036,2023-01-07,2023,Q1,January,1,Obajana Plant (Kogi),North Central,Abuja DC,Niger,Contractor,Dangote 3X (42.5R),9409,470.45,41272.11,19416464.52,11933953.95,2980300.75,4502209.82,23.19,362,Road (Truck),3,3,0,1,Delivered,None,59685.0,96.8,4.4,Cash & Carry,Overdue
DCP-2023-032129,2023-01-07,2023,Q1,January,1,Gboko Plant (Benue),North Central,Maiduguri DC,Nassarawa,Wholesaler,Dangote 3X (42.5R),2314,115.7,40391.61,4673309.1,2916700.27,1058944.25,697664.58,14.93,523,Road (Truck),6,14,8,0,Delivered,Security Incident,7102.0,92.5,3.4,Cash & Carry,Overdue
DCP-2023-031953,2023-01-08,2023,Q1,January,1,Dangote Cement Senegal,West Africa,Maiduguri DC,Abia,Wholesaler,Dangote 3X (42.5R),3638,181.9,37251.69,6776081.98,4123515.06,935875.5,1716691.42,25.33,735,River Barge,2,2,0,1,Delivered,None,73666.0,89.8,3.7,Cash & Carry,Paid
DCP-2023-031201,2023-01-09,2023,Q1,January,1,Gboko Plant (Benue),North Central,Ibadan DC,Enugu,Retailer,Dangote 3X (42.5N),133,6.65,37429.02,248902.95,175597.64,21762.12,51543.19,20.71,187,Road (Truck),6,6,0,1,In Transit,None,47555.0,90.6,3.6,Cash & Carry,Pending
DCP-2023-031389,2023-01-09,2023,Q1,January,1,Obajana Plant (Kogi),North Central,Ibadan DC,Bayelsa,Wholesaler,Dangote 3X (42.5N),2191,109.55,38014.5,4164488.41,2583066.36,3234189.88,-1652767.83,-39.69,1687,Road (Truck),7,19,12,0,Delivered,Truck Breakdown,36432.0,92.4,3.2,Cash & Carry,Paid
DCP-2023-031677,2023-01-09,2023,Q1,January,1,Ibese Plant (Ogun),Southwest,Maiduguri DC,Rivers,Contractor,Dangote 3X (42.5N),7906,395.3,38104.68,15062779.53,9018853.09,5051934.0,991992.44,6.59,1420,Rail,4,4,0,1,Delivered,None,20724.0,,4.4,30-Day Credit,Paid
DCP-2023-031287,2023-01-10,2023,Q1,January,1,Ibese Plant (Ogun),Southwest,Abuja DC,Plateau,Retailer,Dangote 3X (42.5N),295,14.75,38457.3,567245.14,327499.55,232570.62,7174.97,1.26,901,Road (Truck),5,5,0,1,Delivered,None,6009.0,86.6,3.5,Cash & Carry,Overdue
DCP-2023-031793,2023-01-10,2023,Q1,January,1,Ibese Plant (Ogun),Southwest,Maiduguri DC,Lagos,Retailer,Dangote 3X (42.5R),498,24.9,42112.76,1048607.63,637573.54,290732.4,120301.69,11.47,1668,River Barge,7,7,0,1,Delivered,None,43590.0,94.5,5.0,Advance Payment,Paid
DCP-2023-031812,2023-01-10,2023,Q1,January,1,Dangote Cement Senegal,West Africa,Enugu DC,Ondo,Retailer,Dangote OPC (52.5R),177,8.85,46951.98,415524.99,253566.83,197620.5,-35662.34,-8.58,1276,Road (Truck),10,10,0,1,Delivered,None,26352.0,95.9,3.8,30-Day Credit,Paid
DCP-2023-031845,2023-01-11,2023,Q1,January,1,Dangote Cement Senegal,West Africa,Abuja DC,Kwara,Wholesaler,Dangote BLC,2622,131.1,36660.56,4806199.91,2758956.99,3735039.0,-1687796.08,-35.12,1628,Road (Truck),4,4,0,1,Damaged in Transit,None,50937.0,95.7,4.5,Cash & Carry,Paid
DCP-2023-032080,2023-01-11,2023,Q1,January,1,Dangote Cement Senegal,West Africa,Ibadan DC,Lagos,Contractor,Dangote OPC (52.5R),641,32.05,43458.92,1392858.35,921214.54,576018.62,-104374.81,-7.49,1027,Road (Truck),8,8,0,1,Delivered,None,66962.0,91.3,4.8,Cash & Carry,Pending
DCP-2023-032240,2023-01-11,2023,Q1,January,1,Ibese Plant (Ogun),Southwest,Enugu DC,Benue,Government,Dangote 3X (42.5R),39998,1999.9,38405.63,76807410.15,54936533.03,52357382.0,-30486504.88,-39.69,1496,Road (Truck),12,12,0,1,Delivered,None,72559.0,95.0,4.6,Advance Payment,Pending
DCP-2023-032278,2023-01-11,2023,Q1,January,1,Dangote Cement Senegal,West Africa,Port Harcourt DC,Ekiti,Contractor,Dangote Falcon,8666,433.3,48157.06,20866454.12,14515317.14,7036792.0,-685655.02,-3.29,1160,Road (Articulated),10,15,5,0,Delivered,Road Damage,6670.0,87.8,3.8,Letter of Credit,Paid
DCP-2023-031227,2023-01-12,2023,Q1,January,1,Benue Plant (Benue),North Central,Enugu DC,Oyo,Contractor,Dangote OPC (52.5R),9417,470.85,49010.82,23076746.87,15074088.24,1499657.25,6503001.38,28.18,182,Road (Truck),6,6,0,1,Delivered,None,59207.0,89.2,3.2,Cash & Carry,Pending
DCP-2023-031414,2023-01-12,2023,Q1,January,1,Ibese Plant (Ogun),Southwest,Kano DC,Osun,Retailer,Dangote OPC (52.5R),201,10.05,48176.29,484171.68,300914.15,106509.9,76747.63,15.85,757,Road (Articulated),13,13,0,1,Delivered,None,7388.0,90.0,3.8,30-Day Credit,Overdue
DCP-2023-031247,2023-01-13,2023,Q1,January,1,Dangote Cement Senegal,West Africa,Onitsha DC,Kaduna,Retailer,Dangote 3X (42.5N),151,7.55,35726.45,269734.68,187011.69,169780.62,-87057.63,-32.28,1285,Road (Truck),13,22,9,0,Delivered,Customs Delay,45279.0,89.5,4.4,30-Day Credit,Paid
DCP-2023-031254,2023-01-13,2023,Q1,January,1,Ibese Plant (Ogun),Southwest,Maiduguri DC,Lagos,Retailer,Dangote Falcon,142,7.1,48060.97,341232.88,237466.06,194824.0,-91057.18,-26.68,1568,Road (Truck),14,14,0,1,Delivered,None,63313.0,87.7,4.7,30-Day Credit,Pending
DCP-2023-031769,2023-01-13,2023,Q1,January,1,Gboko Plant (Benue),North Central,Abuja DC,Anambra,Wholesaler,Dangote 3X (42.5N),472,23.6,37387.03,882333.98,512534.0,679798.0,-309998.02,-35.13,1646,Road (Truck),2,2,0,1,Delivered,None,49223.0,96.7,4.7,Cash & Carry,Pending
DCP-2023-032005,2023-01-13,2023,Q1,January,1,Dangote Cement Senegal,West Africa,Port Harcourt DC,Osun,Export,Dangote 3X (42.5R),30267,1513.35,36372.65,55044545.64,37166451.42,2901091.95,14977002.27,27.21,213,Rail,9,9,0,1,Delivered,None,17667.0,93.5,3.1,Letter of Credit,Paid
DCP-2023-031632,2023-01-14,2023,Q1,January,1,Dangote Cement Senegal,West Africa,Abuja DC,Ekiti,Wholesaler,Dangote BLC,2556,127.8,34686.04,4432875.97,2798599.36,1564272.0,70004.61,1.58,1360,Rail,7,12,5,0,Delivered,Security Incident,8796.0,97.3,3.1,Cash & Carry,Paid
DCP-2023-031633,2023-01-14,2023,Q1,January,1,Benue Plant (Benue),North Central,Maiduguri DC,Delta,Retailer,Dangote 3X (42.5N),393,19.65,36744.88,722036.85,409694.38,589057.88,-276715.41,-38.32,1713,Road (Truck),14,23,9,0,Delayed,Truck Breakdown,52818.0,95.5,3.1,Cash & Carry,Paid
DCP-2023-031935,2023-01-14,2023,Q1,January,1,Ibese Plant (Ogun),Southwest,Kaduna DC,Sokoto,Wholesaler,Dangote Falcon,2833,141.65,50272.78,7121139.94,4263103.87,1637049.05,1220987.02,17.15,1651,River Barge,4,12,8,0,Delivered,Truck Breakdown,14034.0,88.0,3.9,60-Day Credit,Pending
DCP-2023-032028,2023-01-14,2023,Q1,January,1,Obajana Plant (Kogi),North Central,Onitsha DC,Imo,Retailer,Dangote 3X (42.5R),16,0.8,37903.75,30323.0,16680.03,6286.0,7356.97,24.26,449,Road (Truck),3,3,0,1,Delivered,None,46911.0,,3.3,60-Day Credit,Pending
DCP-2023-032199,2023-01-14,2023,Q1,January,1,Dangote Cement Senegal,West Africa,Onitsha DC,Rivers,Contractor,Dangote 3X (42.5R),1081,54.05,36358.48,1965175.59,1305534.24,1502049.5,-842408.15,-42.87,1588,Road (Truck),13,13,0,1,Delivered,None,54476.0,91.8,4.3,Cash & Carry,Paid
DCP-2023-031386,2023-01-15,2023,Q1,January,1,Benue Plant (Benue),North Central,Abuja DC,Cross River,Contractor,Dangote BLC,8767,438.35,37829.58,16582598.32,10755466.99,1411487.0,4415644.33,26.63,184,Road (Truck),1,5,4,0,Delivered,Road Damage,22296.0,88.2,3.1,60-Day Credit,Paid
DCP-2023-031383,2023-01-16,2023,Q1,January,1,Obajana Plant (Kogi),North Central,Port Harcourt DC,Cross River,Wholesaler,Dangote 3X (42.5R),1401,70.05,41948.08,2938462.9,1740547.42,2066825.25,-868909.77,-29.57,1686,Road (Truck),6,6,0,1,Delayed,None,11129.0,98.4,3.9,30-Day Credit,Paid
DCP-2023-031385,2023-01-16,2023,Q1,January,1,Ibese Plant (Ogun),Southwest,Maiduguri DC,Rivers,Retailer,Dangote 3X (42.5R),405,20.25,39023.0,790215.78,551444.08,34020.0,204751.7,25.91,96,Road (Truck),10,17,7,0,Damaged in Transit,Road Damage,74013.0,99.5,3.8,30-Day Credit,Pending
DCP-2023-031391,2023-01-16,2023,Q1,January,1,Ibese Plant (Ogun),Southwest,Kaduna DC,Oyo,Wholesaler,Dangote 3X (42.5R),1463,73.15,41069.52,3004235.65,2052067.19,958813.62,-6645.16,-0.22,749,Road (Truck),11,11,0,1,Delayed,None,77781.0,87.6,3.8,Advance Payment,Paid
DCP-2023-031536,2023-01-16,2023,Q1,January,1,Gboko Plant (Benue),North Central,Abuja DC,Katsina,Wholesaler,Dangote 3X (42.5R),1266,63.3,37988.35,2404662.54,1494179.29,1647224.25,-736741.0,-30.64,1487,Road (Truck),9,17,8,0,Delayed,Truck Breakdown,81623.0,99.9,3.4,Advance Payment,Paid
DCP-2023-031669,2023-01-16,2023,Q1,January,1,Benue Plant (Benue),North Central,Kaduna DC,Osun,Retailer,Dangote OPC (52.5R),177,8.85,45138.74,399477.85,267622.38,164012.62,-32157.15,-8.05,1059,Road (Truck),8,8,0,1,Delivered,None,7325.0,,3.4,30-Day Credit,Paid
DCP-2023-032038,2023-01-16,2023,Q1,January,1,Dangote Cement Senegal,West Africa,Abuja DC,Ebonyi,Contractor,Dangote 3X (42.5R),1130,56.5,40705.81,2299878.42,1428194.04,303066.0,568618.38,24.72,596,Rail,5,16,11,0,Delivered,Road Damage,6149.0,89.0,4.5,Cash & Carry,Paid
DCP-2023-032159,2023-01-16,2023,Q1,January,1,Dangote Cement Senegal,West Africa,Onitsha DC,Zamfara,Contractor,Dangote 3X (42.5R),4505,225.25,37653.65,8481484.43,5232958.88,1624052.5,1624473.05,19.15,412,Road (Truck),5,11,6,0,Delayed,Truck Breakdown,19854.0,90.4,3.5,30-Day Credit,Paid
DCP-2023-031463,2023-01-17,2023,Q1,January,1,Benue Plant (Benue),North Central,Onitsha DC,Lagos,Retailer,Dangote 3X (42.5R),282,14.1,40949.79,577392.04,354067.47,111037.5,112287.07,19.45,875,Rail,3,5,2,0,Delivered,,53067.0,89.5,4.5,Cash & Carry,Overdue
DCP-2023-031856,2023-01-17,2023,Q1,January,1,Gboko Plant (Benue),North Central,Enugu DC,Ogun,Wholesaler,Dangote OPC (52.5R),2687,134.35,48897.72,6569408.84,4403569.2,2296578.9,-130739.26,-1.99,1221,Road (Articulated),10,25,15,0,Damaged in Transit,Customs Delay,70016.0,91.1,4.7,Cash & Carry,Paid
DCP-2023-031886,2023-01-17,2023,Q1,January,1,Dangote Cement Senegal,West Africa,Ibadan DC,Enugu,Wholesaler,Dangote 3X (42.5N),3708,185.4,39203.66,7268357.65,4493047.97,99930.6,2675379.08,36.81,77,River Barge,6,6,0,1,Delivered,None,82642.0,87.1,4.2,60-Day Credit,Paid
DCP-2023-032255,2023-01-17,2023,Q1,January,1,Gboko Plant (Benue),North Central,Benin DC,Bayelsa,Retailer,Dangote 3X (42.5R),204,10.2,37149.29,378922.79,256338.05,226159.5,-103574.76,-27.33,1267,Road (Truck),13,13,0,1,Delivered,None,69096.0,98.9,4.5,Cash & Carry,Pending
DCP-2023-031726,2023-01-18,2023,Q1,January,1,Dangote Cement Senegal,West Africa,Abuja DC,Bayelsa,Contractor,Dangote 3X (42.5R),990,49.5,42539.47,2105703.64,1412368.37,518364.0,174971.27,8.31,748,Road (Articulated),9,20,11,0,Delivered,Fuel Shortage,69161.0,93.9,4.3,Advance Payment,Pending
DCP-2023-031893,2023-01-18,2023,Q1,January,1,Obajana Plant (Kogi),North Central,Kaduna DC,Benue,Wholesaler,Dangote Falcon,3855,192.75,52199.94,10061538.69,5973837.12,1848472.5,2239229.07,22.26,685,Road (Articulated),11,11,0,1,Delivered,None,32075.0,98.8,4.3,Advance Payment,Paid
DCP-2023-032151,2023-01-18,2023,Q1,January,1,Gboko Plant (Benue),North Central,Benin DC,Edo,Retailer,Dangote 3X (42.5R),35,1.75,40199.73,70349.53,43802.11,25231.5,1315.92,1.87,1602,Rail,6,6,0,1,Delivered,None,64858.0,96.4,3.5,30-Day Credit,Pending
DCP-2023-031592,2023-01-19,2023,Q1,January,1,Dangote Cement Senegal,West Africa,Kano DC,Abuja,Wholesaler,Dangote 3X (42.5R),1177,58.85,38381.57,2258755.17,1500968.62,195264.3,562522.25,24.9,237,Road (Articulated),1,1,0,1,Delivered,None,30110.0,99.2,4.2,30-Day Credit,Paid
DCP-2023-031949,2023-01-20,2023,Q1,January,1,Dangote Cement Senegal,West Africa,Lagos DC,Kebbi,Retailer,Dangote 3X (42.5R),91,4.55,36698.26,166977.08,106641.22,18791.5,41544.36,24.88,590,River Barge,11,11,0,1,Delivered,None,71883.0,91.3,3.9,Cash & Carry,Paid
DCP-2023-031532,2023-01-21,2023,Q1,January,1,Gboko Plant (Benue),North Central,Kano DC,Delta,Government,Dangote BLC,24087,1204.35,35948.68,43294786.81,28599435.83,4447062.38,10248288.6,23.67,211,Road (Truck),10,10,0,1,Delivered,None,70649.0,95.9,4.4,30-Day Credit,Paid
DCP-2023-031624,2023-01-21,2023,Q1,January,1,Ibese Plant (Ogun),Southwest,Kano DC,Edo,Wholesaler,Dangote 3X (42.5R),134,6.7,42566.31,285194.29,203267.34,79143.75,2783.2,0.98,675,Road (Truck),14,14,0,1,Delivered,None,15879.0,97.9,4.5,Cash & Carry,Overdue
DCP-2023-032084,2023-01-21,2023,Q1,January,1,Gboko Plant (Benue),North Central,Port Harcourt DC,Enugu,Retailer,Dangote BLC,338,16.9,37577.4,635058.04,360641.02,510464.5,-236047.48,-37.17,1726,Road (Truck),11,25,14,0,Delivered,Security Incident,19189.0,89.8,4.4,Cash & Carry,Paid
DCP-2023-032264,2023-01-21,2023,Q1,January,1,Gboko Plant (Benue),North Central,Benin DC,Cross River,Retailer,Dangote 3X (42.5N),362,18.1,37170.78,672791.05,470085.38,247825.2,-45119.53,-6.71,978,Road (Articulated),3,17,14,0,Delivered,Flooding,41519.0,99.8,3.9,Cash & Carry,Paid
DCP-2023-032282,2023-01-22,2023,Q1,January,1,Gboko Plant (Benue),North Central,Lagos DC,Imo,Wholesaler,Dangote 3X (42.5R),1536,76.8,42515.02,3265153.39,2046264.36,658560.0,560329.03,17.16,490,Road (Truck),5,5,0,1,Delivered,None,44274.0,88.7,3.2,Cash & Carry,Paid
DCP-2023-031332,2023-01-23,2023,Q1,January,1,Benue Plant (Benue),North Central,Kaduna DC,Kebbi,Government,Dangote OPC (52.5R),12164,608.2,43128.49,26230746.18,17281928.24,8014555.5,934262.44,3.56,753,Road (Truck),4,4,0,1,Delivered,None,33373.0,93.5,4.4,Cash & Carry,Pending
DCP-2023-031600,2023-01-23,2023,Q1,January,1,Dangote Cement Senegal,West Africa,Lagos DC,Abia,Wholesaler,Dangote 3X (42.5R),3565,178.25,42504.97,7576510.52,4607716.26,3858043.0,-889248.74,-11.74,1546,Road (Articulated),11,26,15,0,Delivered,Security Incident,31456.0,91.0,4.1,Cash & Carry,Paid
DCP-2023-031877,2023-01-24,2023,Q1,January,1,Ibese Plant (Ogun),Southwest,Port Harcourt DC,Lagos,Wholesaler,Dangote 3X (42.5R),1821,91.05,37743.16,3436514.44,2192787.94,855961.05,387765.45,11.28,1343,River Barge,2,9,7,0,Delivered,,16614.0,85.4,4.5,60-Day Credit,Paid
DCP-2023-031237,2023-01-25,2023,Q1,January,1,Dangote Cement Senegal,West Africa,Benin DC,Akwa Ibom,Government,Dangote 3X (42.5N),11811,590.55,36746.36,21700563.14,14202209.26,,-2164520.49,-9.97,935,Road (Truck),11,17,6,0,Delivered,Security Incident,66751.0,93.5,3.9,Letter of Credit,Paid
DCP-2023-031915,2023-01-25,2023,Q1,January,1,Dangote Cement Senegal,West Africa,Benin DC,Benue,Retailer,Dangote 3X (42.5R),433,21.65,37279.91,807109.95,526933.56,415625.88,-135449.49,-16.78,1097,Road (Truck),9,17,8,0,Delivered,Fuel Shortage,29878.0,92.0,4.7,30-Day Credit,Overdue
DCP-2023-031998,2023-01-25,2023,Q1,January,1,Benue Plant (Benue),North Central,Onitsha DC,Katsina,Wholesaler,Dangote OPC (52.5R),2903,145.15,46399.64,6734908.28,4676400.3,549683.05,1508824.93,22.4,541,River Barge,11,22,11,0,Delivered,Truck Breakdown,19895.0,94.3,4.8,Cash & Carry,Pending
DCP-2023-031381,2023-01-26,2023,Q1,January,1,Dangote Cement Senegal,West Africa,Onitsha DC,Delta,Retailer,Dangote 3X (42.5N),45,2.25,38975.92,87695.82,52735.28,31027.5,3933.04,4.48,788,Road (Truck),2,4,2,0,Delayed,Flooding,74509.0,85.5,3.3,60-Day Credit,Paid
DCP-2023-031509,2023-01-26,2023,Q1,January,1,Obajana Plant (Kogi),North Central,Ibadan DC,Edo,Retailer,Dangote OPC (52.5R),78,3.9,45847.78,178806.35,125121.53,17403.75,36281.07,20.29,255,Road (Truck),6,6,0,1,Delivered,None,63820.0,98.6,3.6,Cash & Carry,Paid
DCP-2023-032216,2023-01-26,2023,Q1,January,1,Obajana Plant (Kogi),North Central,Kaduna DC,Kogi,Wholesaler,Dangote BLC,4980,249.0,36803.13,9163978.72,6074683.05,4137882.0,-1048586.33,-11.44,1187,Road (Articulated),8,8,0,1,Delayed,None,17744.0,99.9,4.1,Advance Payment,Paid
DCP-2023-031870,2023-01-27,2023,Q1,January,1,Gboko Plant (Benue),North Central,Onitsha DC,Enugu,Wholesaler,Dangote 3X (42.5N),2252,112.6,35635.02,4012503.79,2653569.57,2425685.5,-1066751.28,-26.59,1231,Road (Truck),14,14,0,1,Delivered,None,14087.0,87.8,4.4,60-Day Credit,Paid
DCP-2023-032307,2023-01-27,2023,Q1,January,1,Gboko Plant (Benue),North Central,Ibadan DC,Sokoto,Retailer,Dangote 3X (42.5N),281,14.05,36907.03,518543.83,318746.67,125396.25,74400.91,14.35,510,Road (Truck),13,14,1,0,Delayed,Security Incident,36400.0,85.1,4.3,Cash & Carry,Paid
DCP-2023-031346,2023-01-28,2023,Q1,January,1,Benue Plant (Benue),North Central,Abuja DC,Ekiti,Government,Dangote 3X (42.5N),34682,1734.1,37619.6,65236152.34,46097010.32,35414657.25,-16275515.23,-24.95,1167,Road (Truck),7,7,0,1,Delivered,None,15906.0,96.9,3.3,30-Day Credit,Pending
DCP-2023-031466,2023-01-28,2023,Q1,January,1,Obajana Plant (Kogi),North Central,Lagos DC,Ondo,Retailer,Dangote 3X (42.5R),233,11.65,41422.51,482572.2,274453.17,,-51006.09,-10.57,1271,Road (Truck),7,7,0,1,Delivered,None,52352.0,91.9,4.1,30-Day Credit,Paid
DCP-2023-031503,2023-01-28,2023,Q1,January,1,Obajana Plant (Kogi),North Central,Maiduguri DC,Enugu,Retailer,Dangote 3X (42.5R),154,7.7,41213.16,317341.3,188755.55,104889.4,23696.35,7.47,973,Road (Articulated),1,4,3,0,Delivered,Road Damage,41994.0,97.4,4.5,30-Day Credit,Paid
DCP-2023-032002,2023-01-28,2023,Q1,January,1,Dangote Cement Senegal,West Africa,Onitsha DC,Ebonyi,Wholesaler,Dangote 3X (42.5R),1182,59.1,38497.66,2275211.51,1631001.03,319583.25,324627.23,14.27,309,Road (Truck),7,17,10,0,Delayed,Truck Breakdown,75934.0,99.7,3.4,Cash & Carry,Paid
DCP-2023-032306,2023-01-28,2023,Q1,January,1,Gboko Plant (Benue),North Central,Onitsha DC,Nassarawa,Contractor,Dangote 3X (42.5N),8855,442.75,36844.55,16312926.45,10672800.69,9135039.38,-3494913.62,-21.42,1179,Road (Truck),5,5,0,1,Delivered,None,74911.0,93.2,4.9,30-Day Credit,Overdue
DCP-2023-031303,2023-01-29,2023,Q1,January,1,Gboko Plant (Benue),North Central,Maiduguri DC,Bayelsa,Contractor,Dangote 3X (42.5R),9761,488.05,40299.53,19668185.06,14094043.3,1670595.15,3903546.61,19.85,489,River Barge,12,12,0,1,Delivered,None,43210.0,97.5,3.5,Advance Payment,Paid
DCP-2023-031475,2023-01-29,2023,Q1,January,1,Gboko Plant (Benue),North Central,Onitsha DC,Ebonyi,Wholesaler,Dangote 3X (42.5N),366,18.3,40386.53,739073.48,413515.8,243069.75,82487.93,11.16,759,Road (Truck),5,9,4,0,Delayed,Fuel Shortage,33713.0,96.3,4.0,30-Day Credit,Paid
DCP-2023-031766,2023-01-29,2023,Q1,January,1,Gboko Plant (Benue),North Central,Ibadan DC,Nassarawa,Contractor,Dangote OPC (52.5R),7469,373.45,46537.21,17379319.98,10022710.61,6786333.4,570275.97,3.28,1298,Road (Articulated),12,25,13,0,Delayed,Customs Delay,59901.0,85.3,3.9,Cash & Carry,Paid
DCP-2023-032058,2023-01-29,2023,Q1,January,1,Dangote Cement Senegal,West Africa,Maiduguri DC,Ebonyi,Retailer,Dangote Falcon,306,15.3,46769.76,715577.36,401975.23,164130.75,149471.38,20.89,613,Road (Truck),4,4,0,1,Delivered,None,52793.0,90.9,4.8,Cash & Carry,Paid
DCP-2023-031533,2023-01-30,2023,Q1,January,1,Gboko Plant (Benue),North Central,Lagos DC,Enugu,Retailer,Dangote Falcon,447,22.35,45105.84,1008115.63,636637.75,9699.9,361777.98,35.89,62,River Barge,9,24,15,0,Delivered,Security Incident,27604.0,93.7,4.2,Advance Payment,Paid
DCP-2023-032018,2023-01-30,2023,Q1,January,1,Gboko Plant (Benue),North Central,Abuja DC,Delta,Retailer,Dangote Falcon,144,7.2,47229.03,340049.05,219828.95,111384.0,8836.1,2.6,884,Road (Truck),7,7,0,1,Delivered,None,79626.0,92.5,4.2,Advance Payment,Overdue
DCP-2023-031524,2023-01-31,2023,Q1,January,1,Gboko Plant (Benue),North Central,Kano DC,Cross River,Contractor,Dangote 3X (42.5R),9909,495.45,36881.27,18272826.37,11866965.06,1279747.35,5126113.96,28.05,287,Rail,2,5,3,0,In Transit,Fuel Shortage,77839.0,89.1,3.2,Cash & Carry,Paid
DCP-2023-032099,2023-01-31,2023,Q1,January,1,Obajana Plant (Kogi),North Central,Maiduguri DC,Ekiti,Wholesaler,Dangote OPC (52.5R),4284,214.2,48767.29,10445953.91,6947248.56,2465656.2,1033049.15,9.89,1279,Rail,7,15,8,0,In Transit,Flooding,55070.0,99.5,,30-Day Credit,Paid
DCP-2023-032145,2023-01-31,2023,Q1,January,1,Gboko Plant (Benue),North Central,Lagos DC,Kano,Contractor,Dangote 3X (42.5R),882,44.1,39931.82,1760993.43,1241091.97,111925.8,407975.66,23.17,282,Rail,13,28,15,0,Delivered,Customs Delay,25273.0,95.0,3.3,30-Day Credit,Paid
DCP-2023-032126,2023-02-01,2023,Q1,February,2,Obajana Plant (Kogi),North Central,Lagos DC,Rivers,Wholesaler,Dangote 3X (42.5R),1158,57.9,37260.5,2157383.04,1280357.72,864099.6,12925.72,0.6,1066,Road (Articulated),2,2,0,1,In Transit,None,29632.0,99.5,3.3,60-Day Credit,Paid
DCP-2023-031482,2023-02-02,2023,Q1,February,2,Gboko Plant (Benue),North Central,Enugu DC,Osun,Contractor,Dangote 3X (42.5R),3508,175.4,39477.48,6924349.64,4901824.01,5301026.5,-3278500.87,-47.35,1727,Road (Truck),6,6,0,1,Delivered,None,49455.0,96.9,3.7,30-Day Credit,Paid
DCP-2023-031993,2023-02-02,2023,Q1,February,2,Benue Plant (Benue),North Central,Port Harcourt DC,Edo,Wholesaler,Dangote 3X (42.5R),3441,172.05,37228.3,6405128.72,3801171.09,2788070.25,-184112.62,-2.87,926,Road (Truck),6,6,0,1,Delivered,None,15198.0,94.9,3.1,60-Day Credit,Paid
DCP-2023-031696,2023-02-03,2023,Q1,February,2,Ibese Plant (Ogun),Southwest,Maiduguri DC,Akwa Ibom,Contractor,Dangote OPC (52.5R),9250,462.5,44280.96,20479941.86,13904534.26,3350812.5,3224595.1,15.75,414,Road (Truck),14,23,9,0,Damaged in Transit,Truck Breakdown,77037.0,86.1,4.6,Cash & Carry,Paid
DCP-2023-032109,2023-02-03,2023,Q1,February,2,Dangote Cement Senegal,West Africa,Abuja DC,Enugu,Retailer,Dangote 3X (42.5N),53,2.65,39611.19,104969.64,75006.2,36098.3,-6134.86,-5.84,973,Road (Articulated),7,7,0,1,Delivered,None,83011.0,94.1,4.7,Cash & Carry,Paid
DCP-2023-031548,2023-02-04,2023,Q1,February,2,Obajana Plant (Kogi),North Central,Kano DC,Abuja,Retailer,Dangote 3X (42.5N),362,18.1,38922.79,704502.57,451840.14,20525.4,232137.03,32.95,81,Road (Articulated),5,5,0,1,In Transit,None,81205.0,99.8,4.1,30-Day Credit,Paid
DCP-2023-031602,2023-02-04,2023,Q1,February,2,Dangote Cement Senegal,West Africa,Enugu DC,Osun,Contractor,Dangote 3X (42.5R),8387,419.35,40603.59,17027116.97,10404008.1,6502860.45,120248.42,0.71,1723,Rail,10,10,0,1,Delivered,None,6009.0,96.8,4.3,60-Day Credit,Overdue
DCP-2023-031662,2023-02-04,2023,Q1,February,2,Dangote Cement Senegal,West Africa,Enugu DC,Kwara,Government,Dangote BLC,44556,2227.8,37417.31,83358283.89,47177523.99,15009802.5,21170957.4,25.4,385,Road (Truck),2,2,0,1,Delivered,None,7402.0,99.1,4.3,30-Day Credit,Paid
DCP-2023-031763,2023-02-04,2023,Q1,February,2,Dangote Cement Senegal,West Africa,Port Harcourt DC,Benue,Wholesaler,Dangote 3X (42.5R),1614,80.7,37134.33,2996740.39,1983273.8,1427784.75,-414318.16,-13.83,1011,Road (Truck),3,3,0,1,Delivered,None,80019.0,98.7,4.5,60-Day Credit,Paid
DCP-2023-031977,2023-02-04,2023,Q1,February,2,Gboko Plant (Benue),North Central,Port Harcourt DC,Oyo,Retailer,Dangote 3X (42.5R),217,10.85,40719.21,441803.45,265019.38,279116.25,-102332.18,-23.16,1470,Road (Truck),10,10,0,1,Delivered,None,45821.0,89.4,3.5,60-Day Credit,Pending
DCP-2023-032045,2023-02-04,2023,Q1,February,2,Benue Plant (Benue),North Central,Maiduguri DC,Cross River,Wholesaler,Dangote BLC,326,16.3,34426.0,561143.82,314809.38,259292.25,-12957.81,-2.31,909,Road (Truck),6,14,8,0,Delivered,Fuel Shortage,16195.0,94.4,4.6,60-Day Credit,Paid
DCP-2023-032281,2023-02-04,2023,Q1,February,2,Gboko Plant (Benue),North Central,Port Harcourt DC,Ebonyi,Wholesaler,Dangote Falcon,1716,85.8,52262.48,4484120.54,2944176.23,1741740.0,-201795.69,-4.5,1450,Road (Articulated),9,20,11,0,In Transit,Flooding,51884.0,98.0,3.5,Advance Payment,Paid
DCP-2023-032249,2023-02-05,2023,Q1,February,2,Gboko Plant (Benue),North Central,Port Harcourt DC,Rivers,Wholesaler,Dangote 3X (42.5R),4595,229.75,38603.76,8869213.31,5575630.6,4918028.5,-1624445.79,-18.32,1529,Road (Articulated),6,6,0,1,Delivered,None,35110.0,98.5,3.9,30-Day Credit,Paid
DCP-2023-031329,2023-02-06,2023,Q1,February,2,Ibese Plant (Ogun),Southwest,Onitsha DC,Delta,Retailer,Dangote 3X (42.5N),274,13.7,39243.28,537633.0,296340.9,255333.75,-14041.65,-2.61,1065,Road (Truck),2,14,12,0,Delivered,Truck Breakdown,71968.0,94.1,4.3,30-Day Credit,Pending
DCP-2023-031748,2023-02-06,2023,Q1,February,2,Ibese Plant (Ogun),Southwest,Kaduna DC,Oyo,Wholesaler,Dangote OPC (52.5R),1776,88.8,47047.07,4177780.21,2465771.75,1301097.6,410910.86,9.84,1628,Rail,3,18,15,0,Delivered,Strike Action,36557.0,89.5,3.4,Letter of Credit,Paid
DCP-2023-032029,2023-02-06,2023,Q1,February,2,Obajana Plant (Kogi),North Central,Onitsha DC,Oyo,Government,Dangote 3X (42.5N),28793,1439.65,35899.22,51682305.42,29886402.73,,2373584.54,4.59,1499,Rail,7,14,7,0,Delivered,Security Incident,34302.0,86.0,4.7,60-Day Credit,Overdue
DCP-2023-031215,2023-02-07,2023,Q1,February,2,Ibese Plant (Ogun),Southwest,Kaduna DC,Edo,Export,Dangote 3X (42.5N),59616,2980.8,40234.94,119932302.09,68777439.84,65778804.0,-14623941.75,-12.19,1261,Road (Truck),2,15,13,0,Delayed,Customs Delay,20482.0,90.7,4.8,30-Day Credit,Paid
DCP-2023-031277,2023-02-07,2023,Q1,February,2,Benue Plant (Benue),North Central,Lagos DC,Ekiti,Wholesaler,Dangote 3X (42.5R),1181,59.05,41515.15,2451469.88,1551463.04,240776.37,659230.47,26.89,233,Road (Truck),6,6,0,1,In Transit,None,9331.0,93.8,4.9,30-Day Credit,Paid
DCP-2023-031516,2023-02-07,2023,Q1,February,2,Ibese Plant (Ogun),Southwest,Ibadan DC,Kwara,Wholesaler,Dangote 3X (42.5R),2715,135.75,37905.05,5145611.04,3639226.8,489378.75,1017005.49,19.76,206,Road (Truck),6,6,0,1,Delivered,None,52009.0,98.5,,Cash & Carry,Paid
DCP-2023-031719,2023-02-07,2023,Q1,February,2,Benue Plant (Benue),North Central,Onitsha DC,Edo,Wholesaler,Dangote BLC,4638,231.9,34692.69,8045235.4,5747457.82,373359.0,1924418.58,23.92,115,Road (Articulated),8,8,0,1,Delivered,None,35253.0,97.1,4.7,60-Day Credit,Overdue
DCP-2023-031872,2023-02-07,2023,Q1,February,2,Gboko Plant (Benue),North Central,Enugu DC,Abia,Wholesaler,Dangote 3X (42.5R),1644,82.2,37938.28,3118526.42,1757930.56,2431065.0,-1070469.14,-34.33,1690,Road (Truck),9,9,0,1,Delivered,None,66974.0,85.2,3.7,Cash & Carry,Pending
DCP-2023-031682,2023-02-08,2023,Q1,February,2,Gboko Plant (Benue),North Central,Benin DC,Kano,Wholesaler,Dangote 3X (42.5N),3544,177.2,35092.84,6218450.58,3809458.8,4350703.0,-1941711.22,-31.23,1403,Road (Truck),14,23,9,0,Delivered,Flooding,53682.0,88.0,4.5,Advance Payment,Pending
DCP-2023-031919,2023-02-08,2023,Q1,February,2,Ibese Plant (Ogun),Southwest,Kaduna DC,Anambra,Retailer,Dangote 3X (42.5R),21,1.05,42045.09,44147.35,28740.1,12348.0,3059.25,6.93,672,Road (Truck),5,5,0,1,Delivered,None,66599.0,95.2,4.1,Cash & Carry,Paid
DCP-2023-031932,2023-02-08,2023,Q1,February,2,Dangote Cement Senegal,West Africa,Kaduna DC,Ogun,Government,Dangote 3X (42.5N),29345,1467.25,39703.71,58255270.33,34045025.21,32763692.5,-8553447.38,-14.68,1276,Road (Truck),2,2,0,1,Delivered,None,72913.0,88.0,4.4,30-Day Credit,Paid
DCP-2023-031942,2023-02-08,2023,Q1,February,2,Gboko Plant (Benue),North Central,Abuja DC,Kwara,Wholesaler,Dangote 3X (42.5R),1128,56.4,38841.49,2190660.25,1280468.21,987789.6,-77597.56,-3.54,1251,Road (Articulated),14,19,5,0,Damaged in Transit,Truck Breakdown,43221.0,86.4,4.7,Cash & Carry,Paid
DCP-2023-032074,2023-02-08,2023,Q1,February,2,Ibese Plant (Ogun),Southwest,Kano DC,Lagos,Retailer,Dangote OPC (52.5R),174,8.7,46135.18,401376.11,288202.91,86112.6,27060.6,6.74,707,Road (Articulated),12,12,0,1,In Transit,None,48903.0,91.6,4.6,60-Day Credit,Paid
DCP-2023-031479,2023-02-09,2023,Q1,February,2,Obajana Plant (Kogi),North Central,Onitsha DC,Imo,Contractor,Dangote 3X (42.5N),2699,134.95,39573.45,5340436.64,3209625.19,3064444.6,-933633.15,-17.48,1622,Road (Articulated),11,11,0,1,Delivered,None,34768.0,98.1,3.7,Letter of Credit,Paid
DCP-2023-031629,2023-02-09,2023,Q1,February,2,Obajana Plant (Kogi),North Central,Benin DC,Niger,Wholesaler,Dangote 3X (42.5R),4817,240.85,42607.08,10261915.38,6224020.7,5744874.62,-1706979.94,-16.63,1363,Road (Truck),13,24,11,0,In Transit,Flooding,62487.0,87.7,4.3,Cash & Carry,Paid
DCP-2023-031885,2023-02-09,2023,Q1,February,2,Gboko Plant (Benue),North Central,Kano DC,Osun,Contractor,Dangote 3X (42.5R),5741,287.05,37209.16,10680889.51,6746910.06,6444990.12,-2511010.67,-23.51,1283,Road (Truck),12,12,0,1,Delivered,None,13897.0,99.6,3.3,Cash & Carry,Pending
DCP-2023-032221,2023-02-09,2023,Q1,February,2,Obajana Plant (Kogi),North Central,Kano DC,Abuja,Government,Dangote Falcon,38283,1914.15,51634.67,98836512.84,65433486.39,13586636.7,19816389.75,20.05,1014,River Barge,5,5,0,1,Delivered,None,19119.0,85.6,3.8,30-Day Credit,Pending
DCP-2023-031635,2023-02-10,2023,Q1,February,2,Gboko Plant (Benue),North Central,Maiduguri DC,Zamfara,Wholesaler,Dangote 3X (42.5R),3146,157.3,39260.43,6175665.64,3811343.03,1173615.3,1190707.31,19.28,829,Rail,14,22,8,0,In Transit,Road Damage,25901.0,85.5,3.1,Cash & Carry,Paid
DCP-2023-031220,2023-02-11,2023,Q1,February,2,Benue Plant (Benue),North Central,Enugu DC,Abia,Wholesaler,Dangote 3X (42.5N),2801,140.05,35830.0,5017991.12,3188937.79,3247409.38,-1418356.05,-28.27,1325,Road (Truck),9,14,5,0,Delivered,Fuel Shortage,59866.0,95.6,3.6,30-Day Credit,Paid
DCP-2023-031242,2023-02-11,2023,Q1,February,2,Gboko Plant (Benue),North Central,Kaduna DC,Edo,Wholesaler,Dangote Falcon,328,16.4,47126.52,772874.9,493696.01,130872.0,148306.89,19.19,456,Road (Truck),5,20,15,0,Delivered,Customs Delay,19767.0,87.5,3.4,30-Day Credit,Paid
DCP-2023-032035,2023-02-11,2023,Q1,February,2,Dangote Cement Senegal,West Africa,Benin DC,Abuja,Government,Dangote OPC (52.5R),44096,2204.8,44494.15,98100706.72,59317251.58,6945120.0,31838335.14,32.45,350,Rail,10,10,0,1,Delivered,None,70542.0,95.5,3.7,30-Day Credit,Paid
DCP-2023-031308,2023-02-12,2023,Q1,February,2,Gboko Plant (Benue),North Central,Kaduna DC,Oyo,Retailer,Dangote 3X (42.5N),443,22.15,36035.48,798185.89,474000.23,175516.6,148669.06,18.63,566,Road (Articulated),12,21,9,0,Delivered,Road Damage,80805.0,97.8,3.0,60-Day Credit,Paid
DCP-2023-031862,2023-02-12,2023,Q1,February,2,Gboko Plant (Benue),North Central,Lagos DC,Lagos,Contractor,Dangote 3X (42.5R),7284,364.2,40686.97,14818194.68,10343406.54,1942642.8,2532145.34,17.09,762,River Barge,2,11,9,0,Delayed,Fuel Shortage,5436.0,91.7,3.9,Cash & Carry,Paid
DCP-2023-032009,2023-02-12,2023,Q1,February,2,Obajana Plant (Kogi),North Central,Maiduguri DC,Imo,Retailer,Dangote 3X (42.5N),326,16.3,38662.94,630205.91,426137.91,296374.75,-92306.75,-14.65,1039,Road (Truck),9,16,7,0,Delivered,Fuel Shortage,22377.0,85.6,3.0,Cash & Carry,Paid
DCP-2023-031248,2023-02-13,2023,Q1,February,2,Benue Plant (Benue),North Central,Ibadan DC,Niger,Government,Dangote 3X (42.5N),25732,1286.6,39546.31,50880276.3,34090962.19,6754650.0,10034664.11,19.72,300,Road (Truck),3,8,5,0,Delivered,Truck Breakdown,69625.0,86.3,4.8,Cash & Carry,Paid
DCP-2023-031969,2023-02-13,2023,Q1,February,2,Gboko Plant (Benue),North Central,Abuja DC,Ebonyi,Wholesaler,Dangote 3X (42.5R),107,5.35,39105.15,209212.54,150344.47,35015.75,23852.32,11.4,374,Road (Truck),9,9,0,1,Delivered,None,27797.0,91.7,4.0,30-Day Credit,Paid
DCP-2023-031211,2023-02-14,2023,Q1,February,2,Obajana Plant (Kogi),North Central,Lagos DC,Nassarawa,Retailer,Dangote OPC (52.5R),81,4.05,46783.01,189471.2,133922.46,95468.62,-39919.88,-21.07,1347,Road (Truck),3,12,9,0,In Transit,Truck Breakdown,8933.0,88.0,3.3,Cash & Carry,Paid
DCP-2023-031594,2023-02-14,2023,Q1,February,2,Obajana Plant (Kogi),North Central,Maiduguri DC,Lagos,Retailer,Dangote OPC (52.5R),59,2.95,43410.27,128060.29,85186.39,39506.4,3367.5,2.63,1488,Rail,3,11,8,0,Delivered,Truck Breakdown,56446.0,92.3,3.7,Cash & Carry,Paid
DCP-2023-031605,2023-02-14,2023,Q1,February,2,Gboko Plant (Benue),North Central,Maiduguri DC,Plateau,Government,Dangote 3X (42.5R),37503,1875.15,39252.67,73604641.56,45894558.09,23171228.55,4538854.92,6.17,1373,Rail,13,13,0,1,Delivered,None,78692.0,92.0,4.9,60-Day Credit,Paid
DCP-2023-032225,2023-02-14,2023,Q1,February,2,Obajana Plant (Kogi),North Central,Kano DC,Plateau,Wholesaler,Dangote 3X (42.5R),3709,185.45,36574.2,6782685.97,4632546.85,4637640.88,-2487501.76,-36.67,1429,Road (Truck),12,23,11,0,Delivered,Security Incident,74102.0,87.3,3.3,Cash & Carry,Pending
DCP-2023-031484,2023-02-15,2023,Q1,February,2,Gboko Plant (Benue),North Central,Enugu DC,Edo,Retailer,Dangote OPC (52.5R),174,8.7,42821.09,372543.51,250384.08,77125.5,45033.93,12.09,985,Rail,4,4,0,1,Delivered,None,8698.0,99.1,4.4,Cash & Carry,Paid
DCP-2023-031723,2023-02-15,2023,Q1,February,2,Benue Plant (Benue),North Central,Ibadan DC,Edo,Retailer,Dangote 3X (42.5R),173,8.65,40763.45,352603.82,248836.11,246287.12,-142519.41,-40.42,1627,Road (Truck),3,6,3,0,Delayed,Flooding,68269.0,98.5,4.5,Cash & Carry,Paid
DCP-2023-032173,2023-02-15,2023,Q1,February,2,Gboko Plant (Benue),North Central,Kano DC,Nassarawa,Government,Dangote 3X (42.5N),5050,252.5,37247.01,9404870.21,5826096.43,6835806.25,-3257032.47,-34.63,1547,Road (Truck),9,9,0,1,Delivered,None,45567.0,92.8,3.4,Advance Payment,Paid
DCP-2023-031574,2023-02-16,2023,Q1,February,2,Dangote Cement Senegal,West Africa,Benin DC,Rivers,Wholesaler,Dangote 3X (42.5N),4843,242.15,38574.01,9340697.63,5640803.27,4152872.5,-452978.14,-4.85,980,Road (Truck),2,7,5,0,In Transit,Customs Delay,75305.0,86.6,4.5,30-Day Credit,Paid
DCP-2023-031655,2023-02-16,2023,Q1,February,2,Gboko Plant (Benue),North Central,Lagos DC,Kano,Government,Dangote 3X (42.5N),26641,1332.05,37949.06,50550044.84,30788993.22,36621384.62,-16860333.0,-33.35,1571,Road (Truck),12,12,0,1,Delivered,None,59187.0,86.2,3.8,30-Day Credit,Paid
DCP-2023-031805,2023-02-16,2023,Q1,February,2,Dangote Cement Senegal,West Africa,Abuja DC,Kaduna,Wholesaler,Dangote Falcon,2102,105.1,48765.81,5125286.46,3150594.1,3249954.75,-1275262.39,-24.88,1767,Road (Truck),1,1,0,1,Delivered,None,58256.0,97.8,4.9,Advance Payment,Paid
DCP-2023-031260,2023-02-17,2023,Q1,February,2,Dangote Cement Senegal,West Africa,Enugu DC,Zamfara,Retailer,Dangote Falcon,222,11.1,52539.14,583184.42,397653.97,272921.25,-87390.8,-14.99,1405,Road (Truck),13,13,0,1,Delivered,None,43723.0,98.8,4.0,Cash & Carry,Pending
DCP-2023-031737,2023-02-17,2023,Q1,February,2,Obajana Plant (Kogi),North Central,Ibadan DC,Sokoto,Wholesaler,Dangote 3X (42.5R),385,19.25,38731.88,745588.66,477409.08,334719.0,-66539.42,-8.92,1242,Road (Articulated),12,20,8,0,Delivered,Truck Breakdown,45440.0,89.5,4.6,Cash & Carry,Pending
DCP-2023-031920,2023-02-17,2023,Q1,February,2,Obajana Plant (Kogi),North Central,Maiduguri DC,Edo,Wholesaler,Dangote 3X (42.5N),4481,224.05,34996.0,7840854.49,4979652.84,2892037.4,-30835.75,-0.39,922,Road (Articulated),1,15,14,0,Damaged in Transit,Road Damage,10809.0,99.4,3.6,Letter of Credit,Paid
DCP-2023-032019,2023-02-18,2023,Q1,February,2,Benue Plant (Benue),North Central,Benin DC,Plateau,Wholesaler,Dangote 3X (42.5N),4497,224.85,36627.96,8235796.19,4558516.52,3474494.62,202785.05,2.46,883,Road (Truck),5,5,0,1,Delivered,None,16205.0,92.9,4.5,30-Day Credit,Paid
DCP-2023-032279,2023-02-18,2023,Q1,February,2,Obajana Plant (Kogi),North Central,Ibadan DC,Imo,Wholesaler,Dangote Falcon,3728,186.4,48011.52,8949347.72,5066959.18,5548662.0,-1666273.46,-18.62,1701,Road (Truck),6,6,0,1,Delivered,None,53015.0,92.1,3.1,60-Day Credit,Paid
DCP-2023-031826,2023-02-19,2023,Q1,February,2,Benue Plant (Benue),North Central,Kano DC,Enugu,Wholesaler,Dangote 3X (42.5R),2545,127.25,39067.71,4971365.61,2962450.6,2291454.38,-282539.37,-5.68,1029,Road (Truck),6,21,15,0,Delivered,Strike Action,66422.0,99.2,4.7,30-Day Credit,Paid
DCP-2023-032016,2023-02-19,2023,Q1,February,2,Dangote Cement Senegal,West Africa,Maiduguri DC,Plateau,Contractor,Dangote 3X (42.5R),3845,192.25,36706.27,7056780.94,4249471.02,3552780.0,-745470.08,-10.56,1056,Road (Truck),12,14,2,0,Delayed,Road Damage,33912.0,99.5,4.2,60-Day Credit,Paid
DCP-2023-031583,2023-02-20,2023,Q1,February,2,Benue Plant (Benue),North Central,Ibadan DC,Nassarawa,Retailer,Dangote 3X (42.5N),215,10.75,39639.82,426128.11,282715.35,73067.75,70345.01,16.51,971,River Barge,7,21,14,0,Delivered,,39642.0,91.0,3.5,Advance Payment,Paid
DCP-2023-032055,2023-02-21,2023,Q1,February,2,Ibese Plant (Ogun),Southwest,Kaduna DC,Imo,Wholesaler,Dangote 3X (42.5R),4947,247.35,40584.86,10038665.72,6891498.3,7704952.5,-4557785.08,-45.4,1780,Road (Truck),12,12,0,1,Delivered,None,71907.0,93.2,3.2,Letter of Credit,Paid
DCP-2023-031469,2023-02-22,2023,Q1,February,2,Ibese Plant (Ogun),Southwest,Port Harcourt DC,Katsina,Retailer,Dangote 3X (42.5N),266,13.3,36896.2,490719.49,327742.72,306112.8,-143136.03,-29.17,1644,Road (Articulated),8,21,13,0,Delivered,Road Damage,69212.0,91.1,4.3,Cash & Carry,Paid
DCP-2023-031634,2023-02-22,2023,Q1,February,2,Obajana Plant (Kogi),North Central,Kano DC,Niger,Wholesaler,Dangote 3X (42.5R),1664,83.2,36618.71,3046676.8,2146876.16,2342704.0,-1442903.36,-47.36,1609,Road (Truck),8,8,0,1,In Transit,None,54679.0,91.2,5.0,Letter of Credit,Overdue
DCP-2023-031925,2023-02-22,2023,Q1,February,2,Ibese Plant (Ogun),Southwest,Maiduguri DC,Zamfara,Contractor,Dangote Falcon,6139,306.95,51398.92,15776898.43,9343570.53,2519292.12,3914035.78,24.81,469,Road (Truck),1,1,0,1,Delivered,None,44598.0,86.8,3.6,Cash & Carry,Paid
DCP-2023-031432,2023-02-23,2023,Q1,February,2,Obajana Plant (Kogi),North Central,Maiduguri DC,Bayelsa,Retailer,Dangote 3X (42.5N),65,3.25,37321.26,121294.1,78002.7,36400.0,6891.4,5.68,640,Road (Truck),6,6,0,1,Delivered,None,65363.0,97.6,4.6,Cash & Carry,Paid
DCP-2023-031962,2023-02-23,2023,Q1,February,2,Benue Plant (Benue),North Central,Enugu DC,Abia,Retailer,Dangote 3X (42.5N),275,13.75,35154.46,483373.83,321554.87,113767.5,48051.46,9.94,591,Road (Articulated),9,10,1,0,Delayed,Fuel Shortage,58679.0,89.2,4.9,Letter of Credit,Paid
DCP-2023-032115,2023-02-23,2023,Q1,February,2,Gboko Plant (Benue),North Central,Lagos DC,Imo,Contractor,Dangote 3X (42.5N),6221,311.05,40569.57,12619165.7,7991870.36,5018791.75,-391496.41,-3.1,922,Road (Truck),9,10,1,0,Delayed,,83164.0,92.7,4.9,Cash & Carry,Pending
DCP-2023-031518,2023-02-24,2023,Q1,February,2,Obajana Plant (Kogi),North Central,Abuja DC,Lagos,Wholesaler,Dangote OPC (52.5R),4087,204.35,46481.54,9498502.22,5644724.63,1591375.62,2262401.97,23.82,445,Road (Truck),14,16,2,0,Damaged in Transit,Road Damage,5112.0,97.8,4.6,30-Day Credit,Pending
DCP-2023-031659,2023-02-25,2023,Q1,February,2,Dangote Cement Senegal,West Africa,Abuja DC,Kebbi,Contractor,Dangote 3X (42.5R),7167,358.35,42635.95,15278594.19,10095629.82,11055993.38,-5873029.01,-38.44,1763,Road (Truck),11,11,0,1,Delivered,None,5354.0,96.8,3.3,Cash & Carry,Paid
DCP-2023-031664,2023-02-25,2023,Q1,February,2,Ibese Plant (Ogun),Southwest,Kano DC,Bayelsa,Wholesaler,Dangote 3X (42.5R),2909,145.45,40696.21,5919263.78,4214428.25,1845396.87,-140561.34,-2.37,725,Road (Truck),14,14,0,1,Delivered,None,8795.0,97.1,4.6,Cash & Carry,Paid
DCP-2023-031724,2023-02-25,2023,Q1,February,2,Ibese Plant (Ogun),Southwest,Maiduguri DC,Cross River,Retailer,Dangote 3X (42.5N),325,16.25,36520.26,593454.15,404526.22,173598.75,15329.18,2.58,1187,Rail,11,11,0,1,Delivered,None,68274.0,89.5,4.3,Advance Payment,Paid
DCP-2023-032317,2023-02-25,2023,Q1,February,2,Benue Plant (Benue),North Central,Lagos DC,Ondo,Retailer,Dangote 3X (42.5N),158,7.9,36669.64,289690.16,181798.21,124425.0,-16533.05,-5.71,1750,Rail,4,4,0,1,Delivered,None,23133.0,94.3,4.6,Cash & Carry,Pending
DCP-2023-031205,2023-02-26,2023,Q1,February,2,Benue Plant (Benue),North Central,Benin DC,Nassarawa,Contractor,Dangote 3X (42.5R),3113,155.65,37638.97,5858506.46,4072531.85,3413015.38,-1627040.77,-27.77,1253,Road (Truck),9,19,10,0,Delivered,Truck Breakdown,76322.0,96.5,4.5,Advance Payment,Overdue
DCP-2023-031617,2023-02-26,2023,Q1,February,2,Obajana Plant (Kogi),North Central,Kaduna DC,Akwa Ibom,Retailer,Dangote OPC (52.5R),434,21.7,45150.99,979776.53,561479.45,483801.5,-65504.42,-6.69,1274,Road (Truck),6,6,0,1,Delivered,None,36758.0,88.8,3.3,30-Day Credit,Pending
DCP-2023-031707,2023-02-26,2023,Q1,February,2,Benue Plant (Benue),North Central,Enugu DC,Kano,Retailer,Dangote BLC,152,7.6,33487.59,254505.68,176991.6,40432.0,37082.08,14.57,380,Road (Articulated),11,11,0,1,Delivered,None,41505.0,91.8,3.1,60-Day Credit,Overdue
DCP-2023-031756,2023-02-26,2023,Q1,February,2,Obajana Plant (Kogi),North Central,Enugu DC,Sokoto,Wholesaler,Dangote 3X (42.5N),112,5.6,38759.57,217053.6,152206.85,170128.0,-105281.25,-48.5,1736,Road (Truck),10,10,0,1,Delayed,None,25291.0,91.5,4.2,30-Day Credit,Pending
DCP-2023-031858,2023-02-26,2023,Q1,February,2,Benue Plant (Benue),North Central,Enugu DC,Ebonyi,Wholesaler,Dangote OPC (52.5R),967,48.35,43303.79,2093738.31,1428180.45,184793.7,480764.16,22.96,273,Road (Articulated),5,19,14,0,Delayed,Road Damage,35615.0,90.5,4.1,Advance Payment,Paid
DCP-2023-032076,2023-02-26,2023,Q1,February,2,Dangote Cement Senegal,West Africa,Kano DC,Edo,Contractor,Dangote 3X (42.5N),3226,161.3,37581.42,6061883.67,4260092.18,4378085.25,-2576293.76,-42.5,1551,Road (Truck),12,27,15,0,Delivered,Road Damage,17002.0,90.3,4.3,Cash & Carry,Paid
DCP-2023-032239,2023-02-26,2023,Q1,February,2,Gboko Plant (Benue),North Central,Maiduguri DC,Abuja,Wholesaler,Dangote 3X (42.5R),3586,179.3,37474.27,6719136.62,3866656.83,1129590.0,1722889.79,25.64,360,Road (Truck),10,10,0,1,Delivered,None,77968.0,98.8,4.9,30-Day Credit,Paid
DCP-2023-031388,2023-02-27,2023,Q1,February,2,Ibese Plant (Ogun),Southwest,Maiduguri DC,Imo,Wholesaler,Dangote Falcon,4819,240.95,51208.71,12338738.27,8808074.89,2892604.75,638058.63,5.17,686,Road (Truck),3,7,4,0,Delivered,Truck Breakdown,48413.0,98.6,4.1,30-Day Credit,Paid
DCP-2023-031832,2023-02-27,2023,Q1,February,2,Ibese Plant (Ogun),Southwest,Abuja DC,Anambra,Contractor,Dangote 3X (42.5R),5981,299.05,40497.77,12110858.55,6784252.38,7494193.0,-2167586.83,-17.9,1432,Road (Truck),10,10,0,1,Delivered,None,24221.0,90.1,3.0,Letter of Credit,Overdue
DCP-2023-032202,2023-02-27,2023,Q1,February,2,Ibese Plant (Ogun),Southwest,Enugu DC,Enugu,Wholesaler,Dangote 3X (42.5R),4539,226.95,41789.42,9484108.57,5546748.13,3647994.3,289366.14,3.05,1786,Rail,13,23,10,0,Delayed,Truck Breakdown,48048.0,87.4,3.9,Cash & Carry,Paid
DCP-2023-032314,2023-02-28,2023,Q1,February,2,Gboko Plant (Benue),North Central,Ibadan DC,Kano,Retailer,Dangote 3X (42.5N),464,23.2,38469.5,892492.44,529186.67,397880.0,-34574.23,-3.87,980,Road (Truck),1,8,7,0,Delayed,Strike Action,38202.0,87.1,3.8,30-Day Credit,Paid
DCP-2023-031803,2023-03-01,2023,Q1,March,3,Ibese Plant (Ogun),Southwest,Ibadan DC,Bayelsa,Contractor,Dangote Falcon,5307,265.35,52032.8,13806902.42,9861525.01,4411443.75,-466066.34,-3.38,950,Road (Truck),11,19,8,0,Delivered,Security Incident,64286.0,98.4,4.8,Cash & Carry,Paid
DCP-2023-031709,2023-03-02,2023,Q1,March,3,Ibese Plant (Ogun),Southwest,Benin DC,Imo,Retailer,Dangote BLC,338,16.9,36251.5,612650.31,431921.75,114455.25,66273.31,10.82,387,Road (Truck),11,21,10,0,Delayed,Road Damage,7067.0,92.9,3.2,60-Day Credit,Paid
DCP-2023-031401,2023-03-03,2023,Q1,March,3,Obajana Plant (Kogi),North Central,Ibadan DC,Akwa Ibom,Retailer,Dangote 3X (42.5R),140,7.0,40445.7,283119.89,202298.29,121814.0,-40992.4,-14.48,1243,Road (Articulated),4,4,0,1,Delivered,None,34059.0,89.6,4.5,Cash & Carry,Overdue
DCP-2023-031973,2023-03-03,2023,Q1,March,3,Benue Plant (Benue),North Central,Onitsha DC,Ondo,Retailer,Dangote Falcon,414,20.7,49434.27,1023289.34,721631.39,125338.5,176319.45,17.23,865,River Barge,12,12,0,1,Delivered,None,62661.0,88.1,3.3,Cash & Carry,Paid
DCP-2023-031784,2023-03-04,2023,Q1,March,3,Gboko Plant (Benue),North Central,Enugu DC,Oyo,Contractor,Dangote OPC (52.5R),9631,481.55,44137.79,21254554.14,12168850.37,11267066.12,-2181362.35,-10.26,1337,Road (Truck),3,9,6,0,Delivered,Strike Action,37157.0,93.1,4.3,30-Day Credit,Paid
DCP-2023-031914,2023-03-04,2023,Q1,March,3,Benue Plant (Benue),North Central,Maiduguri DC,Ogun,Wholesaler,Dangote 3X (42.5R),3865,193.25,39981.46,7726416.67,4603113.33,994271.25,2129032.09,27.56,294,Road (Truck),14,28,14,0,Delayed,Road Damage,40445.0,91.5,3.4,30-Day Credit,Overdue
DCP-2023-031991,2023-03-04,2023,Q1,March,3,Gboko Plant (Benue),North Central,Benin DC,Niger,Retailer,Dangote OPC (52.5R),146,7.3,43201.43,315370.43,196140.32,92388.8,26841.31,8.51,904,Road (Articulated),2,5,3,0,Delivered,Fuel Shortage,70134.0,95.9,4.7,60-Day Credit,Paid
DCP-2023-032100,2023-03-04,2023,Q1,March,3,Gboko Plant (Benue),North Central,Enugu DC,Osun,Government,Dangote 3X (42.5R),30602,1530.1,41889.42,64095005.85,43746407.17,15671284.2,4677314.48,7.3,1138,Rail,3,3,0,1,Delivered,None,70044.0,96.6,4.9,Cash & Carry,Paid
DCP-2023-031194,2023-03-05,2023,Q1,March,3,Benue Plant (Benue),North Central,Ibadan DC,Benue,Government,Dangote 3X (42.5N),31211,1560.55,37463.44,58463568.7,38865665.38,8957557.0,10640346.32,18.2,328,Road (Truck),7,7,0,1,Delivered,None,8291.0,94.2,4.8,Advance Payment,Paid
DCP-2023-031210,2023-03-05,2023,Q1,March,3,Benue Plant (Benue),North Central,Onitsha DC,Ekiti,Retailer,Dangote Falcon,267,13.35,46271.25,617721.17,348538.16,399498.75,-130315.74,-21.1,1710,Road (Truck),11,11,0,1,Delivered,None,35482.0,94.3,4.6,Advance Payment,Paid
DCP-2023-031552,2023-03-05,2023,Q1,March,3,Ibese Plant (Ogun),Southwest,Benin DC,Nassarawa,Retailer,Dangote BLC,469,23.45,33633.39,788702.95,466734.05,178923.5,143045.4,18.14,545,Road (Articulated),8,8,0,1,Delivered,None,17365.0,98.3,4.6,30-Day Credit,Paid
DCP-2023-031875,2023-03-05,2023,Q1,March,3,Ibese Plant (Ogun),Southwest,Benin DC,Kwara,Retailer,Dangote 3X (42.5N),162,8.1,35698.18,289155.28,174418.3,243384.75,-128647.77,-44.49,1717,Road (Truck),4,11,7,0,In Transit,Strike Action,74571.0,91.5,3.4,30-Day Credit,Paid
DCP-2023-031960,2023-03-05,2023,Q1,March,3,Obajana Plant (Kogi),North Central,Abuja DC,Cross River,Export,Dangote 3X (42.5R),65459,3272.95,42007.86,137489615.95,76207647.47,26862737.12,34419231.36,25.03,469,Road (Truck),9,9,0,1,Delivered,None,23316.0,90.2,3.2,Letter of Credit,Paid
DCP-2023-032259,2023-03-05,2023,Q1,March,3,Benue Plant (Benue),North Central,Abuja DC,Imo,Wholesaler,Dangote Falcon,1256,62.8,48378.28,3038155.92,1946548.32,672148.4,419459.2,13.81,1529,River Barge,9,9,0,1,Delivered,None,42769.0,90.0,3.6,30-Day Credit,Paid
DCP-2023-031534,2023-03-06,2023,Q1,March,3,Obajana Plant (Kogi),North Central,Port Harcourt DC,Zamfara,Government,Dangote BLC,22322,1116.1,35379.87,39487472.94,25818918.26,33887586.25,-20219031.57,-51.2,1735,Road (Truck),5,10,5,0,Delayed,Truck Breakdown,18031.0,90.6,3.7,Cash & Carry,Pending
DCP-2023-031807,2023-03-06,2023,Q1,March,3,Ibese Plant (Ogun),Southwest,Lagos DC,Delta,Retailer,Dangote 3X (42.5R),461,23.05,41031.61,945778.67,648256.62,295270.5,2251.55,0.24,915,Road (Articulated),5,5,0,1,Delivered,None,69536.0,99.1,4.6,Cash & Carry,Pending
DCP-2023-032030,2023-03-06,2023,Q1,March,3,Benue Plant (Benue),North Central,Kano DC,Rivers,Contractor,Dangote 3X (42.5R),9937,496.85,41531.92,20635132.51,11891949.99,10381680.75,-1638498.23,-7.94,1194,Road (Truck),6,6,0,1,In Transit,None,29508.0,87.5,4.8,Cash & Carry,Paid
DCP-2023-031212,2023-03-07,2023,Q1,March,3,Gboko Plant (Benue),North Central,Port Harcourt DC,Zamfara,Retailer,Dangote 3X (42.5R),72,3.6,38549.78,138779.19,83294.03,,33762.76,24.33,431,Road (Articulated),13,13,0,1,Delivered,None,45938.0,98.9,4.3,60-Day Credit,Paid
DCP-2023-031320,2023-03-07,2023,Q1,March,3,Benue Plant (Benue),North Central,Kano DC,Kwara,Contractor,Dangote 3X (42.5R),410,20.5,36407.85,746360.87,467823.07,112647.5,165890.3,22.23,314,Road (Truck),1,1,0,1,Delivered,None,23473.0,95.6,3.4,Cash & Carry,Paid
DCP-2023-031443,2023-03-07,2023,Q1,March,3,Gboko Plant (Benue),North Central,Port Harcourt DC,Niger,Wholesaler,Dangote Falcon,3916,195.8,50407.78,9869842.64,6698944.48,4053549.5,-882651.34,-8.94,1183,Road (Truck),1,6,5,0,Delivered,Customs Delay,23432.0,96.0,3.4,Advance Payment,Paid
DCP-2023-031554,2023-03-07,2023,Q1,March,3,Ibese Plant (Ogun),Southwest,Abuja DC,Edo,Wholesaler,Dangote 3X (42.5N),1443,72.15,37438.11,2701159.99,1911522.67,1403028.9,-613391.58,-22.71,1389,Road (Articulated),4,10,6,0,Delayed,Truck Breakdown,49843.0,95.0,3.6,30-Day Credit,Paid
DCP-2023-031591,2023-03-07,2023,Q1,March,3,Obajana Plant (Kogi),North Central,Enugu DC,Delta,Wholesaler,Dangote 3X (42.5N),439,21.95,40319.76,885018.73,596743.03,319976.12,-31700.42,-3.58,833,Road (Truck),5,17,12,0,Delivered,Flooding,60090.0,87.3,3.2,Cash & Carry,Paid
DCP-2023-031657,2023-03-07,2023,Q1,March,3,Obajana Plant (Kogi),North Central,Kano DC,Delta,Contractor,Dangote 3X (42.5N),9498,474.9,39349.76,18687198.66,11268779.01,5880686.7,1537732.95,8.23,1769,River Barge,7,16,9,0,Delivered,Road Damage,43539.0,96.3,4.0,30-Day Credit,Paid
DCP-2023-031730,2023-03-07,2023,Q1,March,3,Ibese Plant (Ogun),Southwest,Lagos DC,Katsina,Export,Dangote BLC,40548,2027.4,38974.29,79016467.13,50881806.74,37288954.5,-9154294.11,-11.59,1051,Road (Truck),2,9,7,0,Delivered,Security Incident,22406.0,98.0,3.7,Letter of Credit,Pending
DCP-2023-032176,2023-03-07,2023,Q1,March,3,Dangote Cement Senegal,West Africa,Ibadan DC,Zamfara,Retailer,Dangote BLC,410,20.5,36818.24,754773.88,508923.28,534896.25,-289045.65,-38.3,1491,Road (Truck),6,6,0,1,Delivered,None,14712.0,93.7,4.4,60-Day Credit,Paid
DCP-2023-032219,2023-03-07,2023,Q1,March,3,Obajana Plant (Kogi),North Central,Ibadan DC,Ogun,Contractor,Dangote OPC (52.5R),9458,472.9,43716.72,20673639.1,12393369.15,2042455.1,6237814.85,30.17,617,River Barge,14,27,13,0,Delayed,Road Damage,7555.0,85.4,4.3,60-Day Credit,Overdue
DCP-2023-031473,2023-03-08,2023,Q1,March,3,Dangote Cement Senegal,West Africa,Maiduguri DC,Edo,Retailer,Dangote 3X (42.5R),205,10.25,36474.81,373866.81,243786.4,55678.0,74402.41,19.9,388,Road (Articulated),6,13,7,0,Delivered,Flooding,82524.0,99.7,3.1,30-Day Credit,Paid
DCP-2023-032154,2023-03-08,2023,Q1,March,3,Dangote Cement Senegal,West Africa,Kano DC,Akwa Ibom,Wholesaler,Dangote 3X (42.5R),4575,228.75,39828.38,9110742.12,5522561.38,3295372.5,292808.24,3.21,1029,Road (Articulated),7,7,0,1,Delivered,None,59371.0,87.4,4.3,Letter of Credit,Overdue
DCP-2023-032320,2023-03-08,2023,Q1,March,3,Dangote Cement Senegal,West Africa,Kaduna DC,Kogi,Wholesaler,Dangote 3X (42.5R),2157,107.85,42424.9,4575525.51,3173733.34,221308.2,1180483.97,25.8,228,Rail,1,12,11,0,In Transit,Strike Action,25154.0,98.7,3.6,Cash & Carry,Overdue
DCP-2023-032113,2023-03-09,2023,Q1,March,3,Benue Plant (Benue),North Central,Benin DC,Imo,Wholesaler,Dangote 3X (42.5N),1243,62.15,37154.17,2309131.74,1548617.02,105499.62,655015.1,28.37,97,Road (Truck),14,19,5,0,Delivered,Customs Delay,53786.0,87.1,3.2,30-Day Credit,Paid
DCP-2023-031375,2023-03-10,2023,Q1,March,3,Dangote Cement Senegal,West Africa,Abuja DC,Kaduna,Wholesaler,Dangote 3X (42.5R),4310,215.5,41965.38,9043539.17,6265119.53,391779.0,2386640.64,26.39,202,Rail,10,10,0,1,Delivered,None,30035.0,96.1,4.3,30-Day Credit,Pending
DCP-2023-032284,2023-03-10,2023,Q1,March,3,Obajana Plant (Kogi),North Central,Enugu DC,Abia,Wholesaler,Dangote OPC (52.5R),4033,201.65,49350.87,9951603.52,6711827.76,1912851.9,1326923.86,13.33,1054,Rail,7,7,0,1,Delivered,None,26909.0,85.9,4.7,Advance Payment,Paid
DCP-2023-031564,2023-03-11,2023,Q1,March,3,Ibese Plant (Ogun),Southwest,Onitsha DC,Bayelsa,Retailer,Dangote 3X (42.5N),29,1.45,38808.69,56272.6,37447.11,9696.15,9129.34,16.22,743,Rail,3,18,15,0,Delivered,Truck Breakdown,62453.0,87.0,4.6,Letter of Credit,Paid
DCP-2023-031883,2023-03-11,2023,Q1,March,3,Benue Plant (Benue),North Central,Lagos DC,Ondo,Wholesaler,Dangote OPC (52.5R),675,33.75,45831.91,1546826.9,858525.91,880031.25,-191730.26,-12.4,1490,Road (Truck),12,12,0,1,Delivered,None,78752.0,,4.2,30-Day Credit,Paid
DCP-2023-032247,2023-03-11,2023,Q1,March,3,Ibese Plant (Ogun),Southwest,Ibadan DC,Anambra,Export,Dangote 3X (42.5R),99797,4989.85,38546.37,192340596.54,119430029.63,148971971.75,-76061404.84,-39.55,1706,Road (Truck),3,12,9,0,In Transit,Truck Breakdown,63742.0,91.2,3.7,30-Day Credit,Paid
DCP-2023-031553,2023-03-12,2023,Q1,March,3,Gboko Plant (Benue),North Central,Abuja DC,Abia,Retailer,Dangote 3X (42.5R),89,4.45,36801.61,163767.16,99441.83,10933.65,53391.68,32.6,273,Rail,2,17,15,0,Damaged in Transit,Road Damage,56206.0,85.4,3.0,Cash & Carry,Pending
DCP-2023-032250,2023-03-12,2023,Q1,March,3,Obajana Plant (Kogi),North Central,Enugu DC,Oyo,Wholesaler,Dangote BLC,4660,233.0,33663.8,7843665.87,5173357.61,7339500.0,-4669191.74,-59.53,1800,Road (Truck),4,4,0,1,Delivered,None,44050.0,87.1,3.0,30-Day Credit,Paid
DCP-2023-032290,2023-03-12,2023,Q1,March,3,Ibese Plant (Ogun),Southwest,Kaduna DC,Plateau,Wholesaler,Dangote OPC (52.5R),2054,102.7,44872.66,4608421.87,3130333.0,2194442.25,-716353.38,-15.54,1221,Road (Truck),6,6,0,1,Delivered,None,56544.0,88.5,3.6,30-Day Credit,Paid
DCP-2023-031819,2023-03-13,2023,Q1,March,3,Ibese Plant (Ogun),Southwest,Kano DC,Kogi,Government,Dangote 3X (42.5N),3187,159.35,39630.38,6315100.32,4035556.47,1579477.2,700066.65,11.09,708,Road (Articulated),14,15,1,0,Delayed,,65551.0,95.8,3.6,30-Day Credit,Pending
DCP-2023-032011,2023-03-14,2023,Q1,March,3,Ibese Plant (Ogun),Southwest,Lagos DC,Kwara,Contractor,Dangote 3X (42.5N),5917,295.85,35412.13,10476678.95,7189686.85,1689895.2,1597096.9,15.24,408,Road (Articulated),4,18,14,0,Delivered,Fuel Shortage,66334.0,,4.9,Advance Payment,Paid
DCP-2023-031551,2023-03-15,2023,Q1,March,3,Gboko Plant (Benue),North Central,Kaduna DC,Enugu,Retailer,Dangote 3X (42.5N),155,7.75,36581.14,283503.83,181345.32,28752.5,73406.01,25.89,265,Road (Articulated),11,11,0,1,Delivered,None,39080.0,99.7,3.5,Cash & Carry,Pending
DCP-2023-031604,2023-03-15,2023,Q1,March,3,Benue Plant (Benue),North Central,Ibadan DC,Kwara,Wholesaler,Dangote 3X (42.5R),3965,198.25,36829.66,7301480.8,4996496.67,1273260.62,1031723.51,14.13,367,Road (Truck),9,9,0,1,Delivered,None,67333.0,90.4,4.5,Cash & Carry,Overdue
DCP-2023-031643,2023-03-15,2023,Q1,March,3,Benue Plant (Benue),North Central,Maiduguri DC,Cross River,Wholesaler,Dangote 3X (42.5R),2722,136.1,40730.69,5543446.61,3369974.74,,-680817.33,-12.28,1498,Road (Articulated),11,25,14,0,Delivered,Security Incident,61435.0,90.0,4.2,30-Day Credit,Paid
DCP-2023-031653,2023-03-15,2023,Q1,March,3,Gboko Plant (Benue),North Central,Lagos DC,Cross River,Wholesaler,Dangote OPC (52.5R),4224,211.2,42555.86,8987798.31,5999379.55,5226144.0,-2237725.24,-24.9,1414,Road (Truck),8,9,1,0,Delayed,Strike Action,44623.0,89.0,4.7,Cash & Carry,Paid
DCP-2023-031747,2023-03-15,2023,Q1,March,3,Gboko Plant (Benue),North Central,Enugu DC,Zamfara,Retailer,Dangote BLC,386,19.3,36139.88,697499.69,421589.67,23980.25,251929.77,36.12,71,Road (Truck),9,21,12,0,Delivered,Truck Breakdown,44938.0,92.8,3.4,30-Day Credit,Pending
DCP-2023-031896,2023-03-16,2023,Q1,March,3,Dangote Cement Senegal,West Africa,Ibadan DC,Nassarawa,Contractor,Dangote 3X (42.5N),8806,440.3,40440.41,17805912.51,11303383.08,4213230.7,2289298.73,12.86,1367,River Barge,12,12,0,1,Returned,None,76844.0,99.1,3.3,30-Day Credit,Pending
DCP-2023-031438,2023-03-17,2023,Q1,March,3,Gboko Plant (Benue),North Central,Kano DC,Kwara,Wholesaler,Dangote BLC,2898,144.9,35564.49,5153294.9,2863963.75,,-543101.6,-10.54,1117,Road (Truck),14,14,0,1,Delivered,None,53016.0,98.2,3.9,Cash & Carry,Overdue
DCP-2023-032103,2023-03-17,2023,Q1,March,3,Dangote Cement Senegal,West Africa,Benin DC,Oyo,Government,Dangote OPC (52.5R),24146,1207.3,45929.75,55450985.34,33056622.06,11645615.8,10748747.48,19.38,1378,River Barge,4,4,0,1,Delivered,None,54590.0,94.9,4.8,Cash & Carry,Paid
DCP-2023-032160,2023-03-17,2023,Q1,March,3,Obajana Plant (Kogi),North Central,Enugu DC,Nassarawa,Wholesaler,Dangote 3X (42.5R),2722,136.1,36948.83,5028736.41,3294550.97,2939079.5,-1204894.06,-23.96,1234,Road (Truck),14,14,0,1,In Transit,None,40407.0,,3.2,60-Day Credit,Paid
DCP-2023-032265,2023-03-17,2023,Q1,March,3,Benue Plant (Benue),North Central,Abuja DC,Ogun,Retailer,Dangote 3X (42.5N),325,16.25,36967.0,600713.78,416928.63,135931.25,47853.9,7.97,478,Road (Truck),13,21,8,0,Delivered,Customs Delay,13584.0,95.6,3.1,60-Day Credit,Paid
DCP-2023-031407,2023-03-18,2023,Q1,March,3,Obajana Plant (Kogi),North Central,Kano DC,Kano,Export,Dangote 3X (42.5N),57062,2853.1,40790.69,116379912.15,65163334.43,12222680.4,38993897.32,33.51,306,Road (Articulated),7,22,15,0,Delivered,Fuel Shortage,18746.0,98.9,4.9,Cash & Carry,Paid
DCP-2023-031441,2023-03-18,2023,Q1,March,3,Obajana Plant (Kogi),North Central,Abuja DC,Kano,Government,Dangote 3X (42.5R),10651,532.55,37711.51,20083263.57,13171819.27,9006485.6,-2095041.3,-10.43,1208,Road (Articulated),12,12,0,1,Delivered,None,57251.0,99.4,4.6,30-Day Credit,Paid
DCP-2023-031818,2023-03-18,2023,Q1,March,3,Obajana Plant (Kogi),North Central,Port Harcourt DC,Niger,Wholesaler,Dangote 3X (42.5R),703,35.15,37651.26,1323441.65,751944.88,629272.88,-57776.11,-4.37,1023,Road (Truck),6,17,11,0,Delivered,Security Incident,74476.0,91.1,4.2,Advance Payment,Pending
DCP-2023-031350,2023-03-19,2023,Q1,March,3,Gboko Plant (Benue),North Central,Kaduna DC,Oyo,Contractor,Dangote Falcon,5566,278.3,45798.07,12745603.32,9017302.7,4745571.6,-1017270.98,-7.98,1218,Road (Articulated),1,2,1,0,Delayed,Fuel Shortage,44709.0,96.1,3.1,Cash & Carry,Paid
DCP-2023-031393,2023-03-19,2023,Q1,March,3,Benue Plant (Benue),North Central,Kano DC,Kogi,Export,Dangote OPC (52.5R),54336,2716.8,45591.71,123863566.77,73748301.16,7506518.4,42608747.21,34.4,307,Rail,11,24,13,0,In Transit,Flooding,74783.0,88.1,4.6,Cash & Carry,Paid
DCP-2023-031361,2023-03-20,2023,Q1,March,3,Gboko Plant (Benue),North Central,Onitsha DC,Abuja,Contractor,Dangote 3X (42.5N),8040,402.0,37426.6,15045492.24,10291343.01,5381775.0,-627625.77,-4.17,765,Road (Truck),2,9,7,0,In Transit,Customs Delay,37165.0,95.6,4.4,Cash & Carry,Pending
DCP-2023-031379,2023-03-20,2023,Q1,March,3,Gboko Plant (Benue),North Central,Ibadan DC,Kano,Wholesaler,Dangote BLC,4635,231.75,33807.67,7834928.59,5596576.43,1147741.88,1090610.28,13.92,283,Road (Truck),5,17,12,0,Damaged in Transit,Truck Breakdown,25959.0,92.5,3.7,Cash & Carry,Paid
DCP-2023-031712,2023-03-20,2023,Q1,March,3,Benue Plant (Benue),North Central,Port Harcourt DC,Cross River,Wholesaler,Dangote OPC (52.5R),4922,246.1,46354.9,11407940.79,7711137.79,1223117.0,2473686.0,21.68,355,Road (Articulated),6,6,0,1,In Transit,None,78576.0,92.2,3.4,30-Day Credit,Paid
DCP-2023-031357,2023-03-21,2023,Q1,March,3,Ibese Plant (Ogun),Southwest,Kaduna DC,Benue,Wholesaler,Dangote OPC (52.5R),4157,207.85,43119.83,8962455.79,5439680.99,2651646.38,871128.42,9.72,729,Road (Truck),14,14,0,1,Delivered,None,74579.0,98.9,4.8,30-Day Credit,Paid
DCP-2023-031699,2023-03-21,2023,Q1,March,3,Dangote Cement Senegal,West Africa,Enugu DC,Cross River,Retailer,Dangote 3X (42.5R),107,5.35,36506.22,195308.27,121061.98,42767.9,31478.39,16.12,571,Road (Articulated),5,16,11,0,Delivered,Road Damage,15243.0,94.7,4.0,Letter of Credit,Paid
DCP-2023-031715,2023-03-21,2023,Q1,March,3,Benue Plant (Benue),North Central,Maiduguri DC,Bayelsa,Contractor,Dangote 3X (42.5R),7879,393.95,39057.44,15386677.97,10401689.21,4943087.62,41901.14,0.27,717,Road (Truck),14,19,5,0,Delivered,Truck Breakdown,60704.0,87.4,4.4,Advance Payment,Paid
DCP-2023-032233,2023-03-21,2023,Q1,March,3,Benue Plant (Benue),North Central,Enugu DC,Ondo,Wholesaler,Dangote 3X (42.5R),964,48.2,36393.37,1754160.33,1008593.42,729217.8,16349.11,0.93,1681,Rail,13,13,0,1,Delivered,None,35852.0,89.8,4.6,30-Day Credit,Paid
DCP-2023-031335,2023-03-22,2023,Q1,March,3,Ibese Plant (Ogun),Southwest,Port Harcourt DC,Kwara,Contractor,Dangote 3X (42.5R),8409,420.45,36426.29,15315435.12,10777660.03,3356452.35,1181322.74,7.71,887,Rail,10,10,0,1,Delayed,None,31642.0,96.5,4.5,Cash & Carry,Pending
DCP-2023-031787,2023-03-22,2023,Q1,March,3,Benue Plant (Benue),North Central,Kaduna DC,Sokoto,Wholesaler,Dangote BLC,137,6.85,35217.3,241238.47,149263.27,87748.5,4226.7,1.75,915,Road (Articulated),11,11,0,1,Delivered,None,7540.0,86.1,3.2,60-Day Credit,Pending
DCP-2023-032062,2023-03-22,2023,Q1,March,3,Dangote Cement Senegal,West Africa,Port Harcourt DC,Kwara,Retailer,Dangote 3X (42.5R),245,12.25,38567.26,472448.94,275649.22,82687.5,114112.22,24.15,750,Rail,13,28,15,0,Delayed,Fuel Shortage,21578.0,92.8,4.0,Advance Payment,Paid
DCP-2023-031344,2023-03-23,2023,Q1,March,3,Dangote Cement Senegal,West Africa,Lagos DC,Oyo,Export,Dangote 3X (42.5N),26942,1347.1,38366.45,51683447.19,28891703.66,,7562778.03,14.63,646,Road (Truck),12,12,0,1,Delivered,None,30924.0,96.1,3.5,30-Day Credit,Pending
DCP-2023-032177,2023-03-23,2023,Q1,March,3,Obajana Plant (Kogi),North Central,Enugu DC,Benue,Wholesaler,Dangote 3X (42.5N),371,18.55,37673.28,698839.3,430620.54,178413.9,89804.86,12.85,687,Road (Articulated),9,15,6,0,Delivered,Security Incident,7640.0,85.3,4.6,Cash & Carry,Paid
DCP-2023-031266,2023-03-24,2023,Q1,March,3,Dangote Cement Senegal,West Africa,Abuja DC,Niger,Retailer,Dangote 3X (42.5N),490,24.5,37123.53,909526.47,550137.42,130768.75,228620.3,25.14,305,Road (Truck),14,14,0,1,Delivered,None,40491.0,89.2,3.3,Cash & Carry,Pending
DCP-2023-031317,2023-03-24,2023,Q1,March,3,Ibese Plant (Ogun),Southwest,Port Harcourt DC,Lagos,Contractor,Dangote 3X (42.5R),9097,454.85,38854.87,17673138.44,10469065.32,10003970.9,-2799897.78,-15.84,1571,Road (Articulated),12,12,0,1,Delayed,None,55262.0,99.9,4.1,30-Day Credit,Paid
DCP-2023-031319,2023-03-24,2023,Q1,March,3,Benue Plant (Benue),North Central,Maiduguri DC,Bayelsa,Retailer,Dangote 3X (42.5R),464,23.2,38839.94,901086.58,505741.88,215829.6,179515.1,19.92,1329,River Barge,6,6,0,1,Delivered,None,61750.0,85.3,3.7,Cash & Carry,Paid
DCP-2023-031363,2023-03-24,2023,Q1,March,3,Gboko Plant (Benue),North Central,Ibadan DC,Kaduna,Government,Dangote 3X (42.5N),24078,1203.9,40092.61,48267487.8,33109861.65,5583086.25,9574539.9,19.84,265,Road (Truck),2,2,0,1,Delivered,None,44323.0,97.7,4.1,30-Day Credit,Pending
DCP-2023-031520,2023-03-24,2023,Q1,March,3,Benue Plant (Benue),North Central,Kano DC,Abuja,Contractor,Dangote BLC,5677,283.85,34947.96,9919977.58,7124074.19,222538.4,2573364.99,25.94,56,Road (Articulated),2,8,6,0,Delayed,Flooding,68444.0,94.3,4.4,Cash & Carry,Paid
DCP-2023-031658,2023-03-24,2023,Q1,March,3,Benue Plant (Benue),North Central,Lagos DC,Benue,Contractor,Dangote 3X (42.5N),6568,328.4,39905.84,13105077.4,7615942.55,9252670.0,-3763535.15,-28.72,1610,Road (Truck),10,17,7,0,Delivered,,23805.0,99.1,3.3,Cash & Carry,Paid
DCP-2023-031881,2023-03-25,2023,Q1,March,3,Gboko Plant (Benue),North Central,Kano DC,Zamfara,Contractor,Dangote 3X (42.5R),6383,319.15,42210.64,13471526.42,8376450.42,9154019.88,-4058943.88,-30.13,1639,Road (Truck),8,11,3,0,Delayed,Road Damage,13069.0,94.2,4.6,Advance Payment,Paid
DCP-2023-032215,2023-03-25,2023,Q1,March,3,Gboko Plant (Benue),North Central,Abuja DC,Ondo,Export,Dangote OPC (52.5R),5196,259.8,48378.06,12568620.81,8360118.32,1114801.8,3093700.69,24.61,613,River Barge,3,3,0,1,Delivered,None,23367.0,98.0,3.9,Cash & Carry,Paid
DCP-2023-032060,2023-03-26,2023,Q1,March,3,Ibese Plant (Ogun),Southwest,Kano DC,Sokoto,Government,Dangote 3X (42.5N),13897,694.85,39636.54,27541447.19,16069449.45,8706470.5,2765527.24,10.04,716,Road (Truck),3,3,0,1,Delivered,None,7236.0,87.2,4.4,60-Day Credit,Pending
DCP-2023-032091,2023-03-26,2023,Q1,March,3,Benue Plant (Benue),North Central,Onitsha DC,Akwa Ibom,Contractor,Dangote BLC,2773,138.65,35014.97,4854826.02,3268053.83,3392072.25,-1805300.06,-37.19,1398,Road (Truck),2,17,15,0,Damaged in Transit,Truck Breakdown,13909.0,97.2,4.0,60-Day Credit,Pending
DCP-2023-032184,2023-03-26,2023,Q1,March,3,Ibese Plant (Ogun),Southwest,Abuja DC,Sokoto,Government,Dangote Falcon,31232,1561.6,50299.91,78548331.86,44717056.24,3134131.2,30697144.42,39.08,223,Rail,14,14,0,1,Delivered,None,79323.0,87.3,4.7,Advance Payment,Paid
DCP-2023-031273,2023-03-27,2023,Q1,March,3,Benue Plant (Benue),North Central,Kano DC,Cross River,Wholesaler,Dangote 3X (42.5N),2035,101.75,34932.26,3554357.95,2389770.77,314102.25,850484.93,23.93,343,Rail,1,13,12,0,Returned,Road Damage,9448.0,89.5,3.9,Cash & Carry,Pending
DCP-2023-031698,2023-03-28,2023,Q1,March,3,Gboko Plant (Benue),North Central,Lagos DC,Cross River,Contractor,Dangote 3X (42.5R),8168,408.4,38851.78,15867066.1,9136782.52,1984824.0,4745459.58,29.91,540,Rail,9,14,5,0,Delivered,Customs Delay,78007.0,99.2,4.9,Letter of Credit,Paid
DCP-2023-031801,2023-03-28,2023,Q1,March,3,Gboko Plant (Benue),North Central,Maiduguri DC,Ondo,Export,Dangote BLC,53015,2650.75,35854.22,95040573.11,56918207.28,65407256.25,-27284890.42,-28.71,1410,Road (Truck),1,1,0,1,Delivered,None,31970.0,87.3,4.4,Letter of Credit,Paid
DCP-2023-031514,2023-03-29,2023,Q1,March,3,Obajana Plant (Kogi),North Central,Kano DC,Rivers,Contractor,Dangote Falcon,9192,459.6,47068.08,21632487.71,13752004.73,2268126.0,5612356.98,25.94,282,Road (Truck),3,3,0,1,In Transit,None,52139.0,89.4,3.7,30-Day Credit,Paid
DCP-2023-032209,2023-03-29,2023,Q1,March,3,Gboko Plant (Benue),North Central,Abuja DC,Katsina,Wholesaler,Dangote Falcon,2114,105.7,49161.16,5196334.35,3063494.66,1988481.25,144358.44,2.78,1075,Road (Truck),3,3,0,1,Delivered,None,31774.0,87.3,4.9,60-Day Credit,Paid
DCP-2023-032318,2023-03-29,2023,Q1,March,3,Gboko Plant (Benue),North Central,Onitsha DC,Zamfara,Wholesaler,Dangote Falcon,4381,219.05,52394.71,11477060.28,6845743.37,1736518.88,2894798.03,25.22,453,Road (Truck),11,17,6,0,In Transit,Fuel Shortage,59464.0,89.6,4.1,Cash & Carry,Paid
DCP-2023-032168,2023-03-30,2023,Q1,March,3,Dangote Cement Senegal,West Africa,Ibadan DC,Nassarawa,Retailer,Dangote 3X (42.5N),355,17.75,38342.09,680572.06,453762.92,31559.5,195249.64,28.69,254,River Barge,11,13,2,0,In Transit,Road Damage,19080.0,99.1,4.2,Cash & Carry,Overdue
DCP-2023-032010,2023-03-31,2023,Q1,March,3,Obajana Plant (Kogi),North Central,Benin DC,Ebonyi,Wholesaler,Dangote 3X (42.5R),292,14.6,42362.71,618495.63,389444.43,189325.5,39725.7,6.42,741,Road (Truck),6,6,0,1,Delivered,None,54285.0,97.1,4.6,Cash & Carry,Paid
DCP-2023-031732,2023-04-02,2023,Q2,April,4,Gboko Plant (Benue),North Central,Maiduguri DC,Kano,Contractor,Dangote 3X (42.5N),7711,385.55,35857.84,13824991.13,8167787.56,7779435.12,-2122231.55,-15.35,1153,Road (Truck),13,13,0,1,Delivered,None,77462.0,86.8,3.4,60-Day Credit,Pending
DCP-2023-032217,2023-04-02,2023,Q2,April,4,Benue Plant (Benue),North Central,Port Harcourt DC,Ondo,Government,Dangote 3X (42.5N),35566,1778.3,39719.79,70633710.01,48105671.32,20066337.2,2461701.49,3.49,806,Road (Articulated),12,12,0,1,Delivered,None,66218.0,93.5,4.4,30-Day Credit,Pending
DCP-2023-032254,2023-04-02,2023,Q2,April,4,Ibese Plant (Ogun),Southwest,Ibadan DC,Niger,Wholesaler,Dangote 3X (42.5R),2517,125.85,40455.77,5091358.22,3042220.29,660712.5,1388425.43,27.27,300,Road (Truck),2,2,0,1,Delivered,None,36956.0,86.6,4.7,30-Day Credit,Paid
DCP-2023-031430,2023-04-03,2023,Q2,April,4,Benue Plant (Benue),North Central,Kano DC,Cross River,Wholesaler,Dangote BLC,1980,99.0,39065.17,3867451.94,2516259.1,3031875.0,-1680682.16,-43.46,1750,Road (Truck),2,2,0,1,Delivered,None,12464.0,86.7,4.1,Cash & Carry,Paid
DCP-2023-031474,2023-04-03,2023,Q2,April,4,Benue Plant (Benue),North Central,Port Harcourt DC,Akwa Ibom,Wholesaler,Dangote 3X (42.5R),1062,53.1,42500.0,2256750.11,1474952.87,455332.5,326464.74,14.47,490,Road (Truck),6,6,0,1,Delivered,None,21038.0,95.0,4.1,60-Day Credit,Pending
DCP-2023-031607,2023-04-03,2023,Q2,April,4,Gboko Plant (Benue),North Central,Kaduna DC,Ondo,Retailer,Dangote 3X (42.5R),415,20.75,38743.64,803930.53,544769.7,126730.63,132430.2,16.47,349,Road (Truck),13,13,0,1,Delivered,None,70169.0,92.3,4.3,Cash & Carry,Pending
DCP-2023-031852,2023-04-03,2023,Q2,April,4,Benue Plant (Benue),North Central,Enugu DC,Kaduna,Retailer,Dangote 3X (42.5R),61,3.05,38840.56,118463.7,81273.43,37362.5,-172.23,-0.15,700,Road (Truck),10,10,0,1,Delivered,None,10048.0,86.2,4.8,60-Day Credit,Paid
DCP-2023-031743,2023-04-04,2023,Q2,April,4,Gboko Plant (Benue),North Central,Kano DC,Edo,Wholesaler,Dangote BLC,2500,125.0,37478.27,4684784.14,3045810.11,1874687.5,-235713.47,-5.03,857,Road (Truck),12,22,10,0,Delivered,Fuel Shortage,46302.0,97.8,4.9,Cash & Carry,Paid
DCP-2023-031418,2023-04-06,2023,Q2,April,4,Ibese Plant (Ogun),Southwest,Port Harcourt DC,Abuja,Government,Dangote 3X (42.5R),30623,1531.15,37691.39,57711167.41,41352766.72,12705482.7,3652917.99,6.33,922,Rail,1,11,10,0,Delivered,Truck Breakdown,53257.0,89.5,,30-Day Credit,Overdue
DCP-2023-031616,2023-04-06,2023,Q2,April,4,Benue Plant (Benue),North Central,Kaduna DC,Ondo,Retailer,Dangote BLC,345,17.25,38424.45,662821.78,374496.85,83921.25,204403.68,30.84,278,Road (Truck),8,20,12,0,Delivered,Road Damage,47331.0,98.6,,Letter of Credit,Paid
DCP-2023-032252,2023-04-06,2023,Q2,April,4,Benue Plant (Benue),North Central,Ibadan DC,Ekiti,Retailer,Dangote OPC (52.5R),25,1.25,47047.69,58809.61,40351.39,33818.75,-15360.53,-26.12,1546,Road (Truck),2,2,0,1,Delivered,None,63696.0,97.5,4.5,Letter of Credit,Paid
DCP-2023-031353,2023-04-07,2023,Q2,April,4,Ibese Plant (Ogun),Southwest,Benin DC,Akwa Ibom,Contractor,Dangote BLC,3964,198.2,37876.29,7507080.7,5145035.04,1191776.6,1170269.06,15.59,859,River Barge,13,23,10,0,Delivered,Truck Breakdown,47686.0,96.2,4.8,60-Day Credit,Paid
DCP-2023-031578,2023-04-07,2023,Q2,April,4,Ibese Plant (Ogun),Southwest,Maiduguri DC,Sokoto,Wholesaler,Dangote 3X (42.5R),4491,224.55,41964.96,9423231.57,6147252.64,3011664.6,264314.33,2.8,958,Road (Articulated),13,13,0,1,Delayed,None,63909.0,97.0,3.9,Cash & Carry,Paid
DCP-2023-031951,2023-04-07,2023,Q2,April,4,Dangote Cement Senegal,West Africa,Port Harcourt DC,Kwara,Contractor,Dangote 3X (42.5N),6853,342.65,40348.68,13825473.53,7665824.63,7737722.3,-1578073.4,-11.41,1613,Road (Articulated),9,9,0,1,Delivered,None,57138.0,99.6,3.9,Cash & Carry,Pending
DCP-2023-031315,2023-04-08,2023,Q2,April,4,Gboko Plant (Benue),North Central,Onitsha DC,Abuja,Wholesaler,Dangote 3X (42.5R),154,7.7,38359.08,295364.93,195484.91,87110.1,12769.92,4.32,1257,Rail,8,8,0,1,Delivered,None,41430.0,98.8,4.1,30-Day Credit,Paid
DCP-2023-031527,2023-04-08,2023,Q2,April,4,Ibese Plant (Ogun),Southwest,Abuja DC,Zamfara,Contractor,Dangote 3X (42.5R),1758,87.9,36729.54,3228526.7,1948382.67,509160.75,770983.28,23.88,331,Road (Truck),6,6,0,1,In Transit,,66400.0,98.3,3.5,Cash & Carry,Paid
DCP-2023-031284,2023-04-09,2023,Q2,April,4,Benue Plant (Benue),North Central,Port Harcourt DC,Nassarawa,Retailer,Dangote 3X (42.5N),19,0.95,36221.95,34410.85,23163.77,27414.62,-16167.54,-46.98,1649,Road (Truck),9,9,0,1,Delivered,None,53293.0,99.3,4.0,30-Day Credit,Paid
DCP-2023-031867,2023-04-09,2023,Q2,April,4,Benue Plant (Benue),North Central,Lagos DC,Ekiti,Contractor,Dangote Falcon,4189,209.45,48025.62,10058965.79,6367225.11,1011643.5,2680097.18,26.64,345,Road (Articulated),10,10,0,1,Delivered,,27073.0,85.7,4.1,Advance Payment,Paid
DCP-2023-031908,2023-04-09,2023,Q2,April,4,Obajana Plant (Kogi),North Central,Ibadan DC,Ebonyi,Contractor,Dangote OPC (52.5R),4313,215.65,44097.38,9509599.92,6496100.58,553142.25,2460357.09,25.87,285,Rail,10,10,0,1,Delivered,None,82526.0,,4.9,60-Day Credit,Paid
DCP-2023-032125,2023-04-09,2023,Q2,April,4,Gboko Plant (Benue),North Central,Onitsha DC,Akwa Ibom,Wholesaler,Dangote 3X (42.5R),4873,243.65,38396.27,9355250.79,5651651.92,1225803.15,2477795.72,26.49,559,Rail,7,7,0,1,Delivered,None,39509.0,89.1,3.2,Cash & Carry,Overdue
DCP-2023-031290,2023-04-10,2023,Q2,April,4,Gboko Plant (Benue),North Central,Abuja DC,Sokoto,Retailer,Dangote 3X (42.5R),203,10.15,38468.73,390457.57,244777.1,65772.0,79908.47,20.47,720,Rail,1,1,0,1,Delivered,None,7988.0,88.4,4.9,Cash & Carry,Paid
DCP-2023-031903,2023-04-10,2023,Q2,April,4,Benue Plant (Benue),North Central,Maiduguri DC,Anambra,Wholesaler,Dangote 3X (42.5R),4353,217.65,38091.34,8290580.1,4711511.66,4387824.0,-808755.56,-9.76,1440,Road (Articulated),9,18,9,0,Delayed,Fuel Shortage,41190.0,95.8,4.1,30-Day Credit,Paid
DCP-2023-031961,2023-04-10,2023,Q2,April,4,Obajana Plant (Kogi),North Central,Abuja DC,Imo,Retailer,Dangote 3X (42.5R),283,14.15,37453.1,529961.37,327734.47,129769.65,72457.25,13.67,1019,Rail,1,1,0,1,In Transit,None,46815.0,94.1,3.4,Cash & Carry,Paid
DCP-2023-031207,2023-04-11,2023,Q2,April,4,Ibese Plant (Ogun),Southwest,Abuja DC,Niger,Government,Dangote 3X (42.5R),24354,1217.7,41705.52,50784813.25,36152991.66,15044683.5,-412861.91,-0.81,706,Road (Truck),4,4,0,1,Delivered,None,5821.0,91.6,3.2,60-Day Credit,Pending
DCP-2023-031336,2023-04-11,2023,Q2,April,4,Ibese Plant (Ogun),Southwest,Benin DC,Kogi,Wholesaler,Dangote BLC,2811,140.55,34953.23,4912677.07,3078201.67,742525.65,1091949.75,22.23,587,Rail,1,1,0,1,Delayed,None,24653.0,92.2,3.1,30-Day Credit,Paid
DCP-2023-032110,2023-04-11,2023,Q2,April,4,Ibese Plant (Ogun),Southwest,Kaduna DC,Abia,Wholesaler,Dangote 3X (42.5R),2957,147.85,36391.3,5380453.74,3163134.5,2038851.5,178467.74,3.32,788,Road (Truck),12,24,12,0,Delayed,Security Incident,18987.0,96.0,3.1,Cash & Carry,Overdue
DCP-2023-032256,2023-04-11,2023,Q2,April,4,Dangote Cement Senegal,West Africa,Enugu DC,Ebonyi,Contractor,Dangote 3X (42.5N),6249,312.45,36118.06,11285089.03,7823432.54,2947028.4,514628.09,4.56,1048,Rail,4,4,0,1,Delivered,None,17649.0,90.4,4.4,30-Day Credit,Paid
DCP-2023-031236,2023-04-12,2023,Q2,April,4,Benue Plant (Benue),North Central,Benin DC,Kogi,Retailer,Dangote OPC (52.5R),354,17.7,47289.28,837020.19,544932.69,,247793.25,29.6,143,Road (Truck),8,8,0,1,Delivered,None,22152.0,96.7,4.9,Cash & Carry,Paid
DCP-2023-031417,2023-04-12,2023,Q2,April,4,Obajana Plant (Kogi),North Central,Benin DC,Ogun,Retailer,Dangote 3X (42.5R),121,6.05,37285.58,225577.76,156747.06,4464.9,64365.8,28.53,82,Rail,12,20,8,0,Delayed,Truck Breakdown,35414.0,90.6,4.4,Advance Payment,Paid
DCP-2023-031892,2023-04-12,2023,Q2,April,4,Ibese Plant (Ogun),Southwest,Abuja DC,Kano,Export,Dangote BLC,53957,2697.85,38522.48,103927859.38,67222987.4,,24099167.86,23.19,267,Road (Truck),8,8,0,1,Delivered,None,58427.0,96.3,3.1,Cash & Carry,Paid
DCP-2023-032276,2023-04-12,2023,Q2,April,4,Ibese Plant (Ogun),Southwest,Lagos DC,Kwara,Wholesaler,Dangote 3X (42.5N),188,9.4,37260.66,350250.18,246293.58,244776.0,-140819.4,-40.21,1488,Road (Truck),14,29,15,0,Delivered,Security Incident,45702.0,92.6,4.4,30-Day Credit,Paid
DCP-2023-031701,2023-04-13,2023,Q2,April,4,Gboko Plant (Benue),North Central,Enugu DC,Plateau,Retailer,Dangote 3X (42.5N),465,23.25,36547.98,849740.47,604311.91,350319.38,-104890.82,-12.34,861,Road (Truck),8,16,8,0,Delivered,Truck Breakdown,27251.0,90.7,3.8,Cash & Carry,Paid
DCP-2023-032178,2023-04-13,2023,Q2,April,4,Gboko Plant (Benue),North Central,Ibadan DC,Akwa Ibom,Retailer,Dangote Falcon,204,10.2,51351.06,523780.79,308689.67,139515.6,75575.52,14.43,977,Road (Articulated),11,21,10,0,Delayed,Strike Action,44080.0,86.2,4.3,30-Day Credit,Paid
DCP-2023-031377,2023-04-14,2023,Q2,April,4,Obajana Plant (Kogi),North Central,Onitsha DC,Cross River,Contractor,Dangote 3X (42.5R),2518,125.9,36698.24,4620308.38,3187231.17,897415.2,535662.01,11.59,792,Rail,4,4,0,1,In Transit,None,67862.0,96.1,3.6,Advance Payment,Paid
DCP-2023-031690,2023-04-14,2023,Q2,April,4,Ibese Plant (Ogun),Southwest,Lagos DC,Ebonyi,Retailer,Dangote 3X (42.5R),208,10.4,39304.65,408768.31,276538.86,65702.0,66527.45,16.28,361,Road (Truck),1,1,0,1,Delivered,None,76244.0,89.7,3.1,Letter of Credit,Paid
DCP-2023-031814,2023-04-14,2023,Q2,April,4,Obajana Plant (Kogi),North Central,Abuja DC,Ekiti,Export,Dangote 3X (42.5N),20433,1021.65,38400.69,39232067.02,25597153.49,21186466.88,-7551553.35,-19.25,1185,Road (Truck),14,18,4,0,Delivered,Strike Action,11505.0,89.9,4.0,Cash & Carry,Paid
DCP-2023-031950,2023-04-14,2023,Q2,April,4,Obajana Plant (Kogi),North Central,Port Harcourt DC,Benue,Contractor,Dangote 3X (42.5N),7574,378.7,40895.34,15487066.82,9955368.88,8144890.25,-2613192.31,-16.87,1229,Road (Truck),2,2,0,1,Delivered,None,7526.0,90.8,5.0,30-Day Credit,Paid
DCP-2023-031321,2023-04-15,2023,Q2,April,4,Dangote Cement Senegal,West Africa,Abuja DC,Kano,Contractor,Dangote BLC,2519,125.95,36548.99,4603345.69,3208346.42,491960.7,903038.57,19.62,279,Road (Articulated),12,12,0,1,Delivered,,72219.0,,4.2,Letter of Credit,Paid
DCP-2023-031470,2023-04-15,2023,Q2,April,4,Dangote Cement Senegal,West Africa,Ibadan DC,Kaduna,Retailer,Dangote 3X (42.5N),147,7.35,36058.23,265027.98,146244.32,73316.25,45467.41,17.16,570,Road (Truck),13,13,0,1,Delivered,None,79376.0,89.9,3.6,60-Day Credit,Pending
DCP-2023-031750,2023-04-15,2023,Q2,April,4,Gboko Plant (Benue),North Central,Port Harcourt DC,Ebonyi,Government,Dangote 3X (42.5N),48806,2440.3,38699.19,94437625.63,62710390.66,12167335.8,19559899.17,20.71,554,Rail,6,14,8,0,Delayed,Security Incident,75947.0,96.5,4.2,30-Day Credit,Paid
DCP-2023-031222,2023-04-16,2023,Q2,April,4,Gboko Plant (Benue),North Central,Onitsha DC,Enugu,Wholesaler,Dangote 3X (42.5R),1003,50.15,37551.36,1883200.82,1047810.41,562733.15,272657.26,14.48,1603,River Barge,10,10,0,1,Delivered,None,18804.0,89.2,3.3,Cash & Carry,Paid
DCP-2023-031447,2023-04-16,2023,Q2,April,4,Gboko Plant (Benue),North Central,Port Harcourt DC,Abuja,Wholesaler,Dangote 3X (42.5R),4165,208.25,40836.3,8504158.76,5690750.95,3216213.0,-402805.19,-4.74,1716,Rail,7,19,12,0,In Transit,Road Damage,45527.0,97.6,4.0,30-Day Credit,Overdue
DCP-2023-031661,2023-04-16,2023,Q2,April,4,Gboko Plant (Benue),North Central,Kano DC,Edo,Contractor,Dangote BLC,5795,289.75,33772.36,9785541.86,6308290.55,2969358.0,507893.31,5.19,1464,River Barge,1,15,14,0,Damaged in Transit,Customs Delay,5264.0,97.6,4.7,60-Day Credit,Pending
DCP-2023-031975,2023-04-16,2023,Q2,April,4,Dangote Cement Senegal,West Africa,Port Harcourt DC,Edo,Wholesaler,Dangote 3X (42.5N),1147,57.35,35063.74,2010905.35,1337175.74,1682075.5,-1008345.89,-50.14,1676,Road (Truck),5,5,0,1,In Transit,None,10277.0,99.1,3.7,30-Day Credit,Paid
DCP-2023-032149,2023-04-16,2023,Q2,April,4,Obajana Plant (Kogi),North Central,Enugu DC,Ondo,Contractor,Dangote 3X (42.5R),9711,485.55,37653.79,18282797.11,10747151.41,3279890.25,4255755.45,23.28,386,Road (Truck),8,8,0,1,Delivered,None,27922.0,92.9,3.1,60-Day Credit,Paid
DCP-2023-031184,2023-04-17,2023,Q2,April,4,Benue Plant (Benue),North Central,Enugu DC,Osun,Government,Dangote 3X (42.5N),49337,2466.85,37513.0,92538932.92,60528789.45,,-34816823.03,-37.62,1548,Road (Truck),7,13,6,0,Delayed,Truck Breakdown,19058.0,88.7,4.1,30-Day Credit,Paid
DCP-2023-031410,2023-04-17,2023,Q2,April,4,Obajana Plant (Kogi),North Central,Lagos DC,Kogi,Contractor,Dangote BLC,7925,396.25,37551.56,14879804.81,9990966.8,1095631.25,3793206.76,25.49,158,Road (Truck),12,15,3,0,Delayed,Road Damage,25079.0,98.4,3.4,30-Day Credit,Paid
DCP-2023-031491,2023-04-17,2023,Q2,April,4,Ibese Plant (Ogun),Southwest,Benin DC,Bayelsa,Retailer,Dangote 3X (42.5R),148,7.4,38784.61,287006.15,192607.17,60476.5,33922.48,11.82,467,Road (Truck),8,20,12,0,Delayed,Security Incident,46666.0,89.9,4.0,Cash & Carry,Paid
DCP-2023-031563,2023-04-17,2023,Q2,April,4,Benue Plant (Benue),North Central,Kano DC,Katsina,Retailer,Dangote 3X (42.5N),246,12.3,39814.41,489717.27,328494.34,,-18000.37,-3.68,1619,Rail,1,1,0,1,In Transit,None,31909.0,,3.2,30-Day Credit,Paid
DCP-2023-032053,2023-04-17,2023,Q2,April,4,Ibese Plant (Ogun),Southwest,Onitsha DC,Lagos,Retailer,Dangote Falcon,386,19.3,48263.48,931485.15,573807.25,214172.1,143505.8,15.41,1233,Rail,1,1,0,1,Delivered,None,77722.0,85.4,3.9,Cash & Carry,Paid
DCP-2023-032166,2023-04-17,2023,Q2,April,4,Gboko Plant (Benue),North Central,Abuja DC,Kwara,Wholesaler,Dangote OPC (52.5R),3593,179.65,49351.91,8866070.21,5944915.66,1606520.12,1314634.43,14.83,511,Road (Truck),8,18,10,0,In Transit,Customs Delay,55623.0,86.0,5.0,Cash & Carry,Pending
DCP-2023-032293,2023-04-18,2023,Q2,April,4,Dangote Cement Senegal,West Africa,Kaduna DC,Zamfara,Wholesaler,Dangote 3X (42.5R),3203,160.15,41034.36,6571652.14,3893117.03,353130.75,2325404.36,35.39,126,Road (Truck),14,28,14,0,Delayed,Road Damage,54256.0,92.2,4.9,Cash & Carry,Paid
DCP-2023-031582,2023-04-19,2023,Q2,April,4,Ibese Plant (Ogun),Southwest,Lagos DC,Abuja,Contractor,Dangote 3X (42.5R),8579,428.95,41273.18,17704129.86,11001073.92,12596116.75,-5893060.81,-33.29,1678,Road (Truck),6,17,11,0,Delivered,Flooding,63727.0,92.0,4.4,30-Day Credit,Paid
DCP-2023-031752,2023-04-19,2023,Q2,April,4,Ibese Plant (Ogun),Southwest,Kaduna DC,Sokoto,Retailer,Dangote BLC,251,12.55,35740.65,448545.17,258641.32,123209.63,66694.22,14.87,561,Road (Truck),9,14,5,0,Delivered,Flooding,44978.0,86.3,3.3,30-Day Credit,Paid
DCP-2023-031839,2023-04-19,2023,Q2,April,4,Dangote Cement Senegal,West Africa,Kaduna DC,Katsina,Wholesaler,Dangote BLC,2582,129.1,37851.28,4886600.5,3084273.77,1870659.0,-68332.27,-1.4,1035,Road (Articulated),2,2,0,1,Delivered,None,41023.0,97.7,4.9,Cash & Carry,Overdue
DCP-2023-032136,2023-04-19,2023,Q2,April,4,Obajana Plant (Kogi),North Central,Kaduna DC,Abia,Export,Dangote 3X (42.5N),14749,737.45,37330.7,27529522.07,19178138.31,18196578.75,-9845194.99,-35.76,1410,Road (Truck),11,11,0,1,In Transit,None,51577.0,85.6,3.2,30-Day Credit,Paid
DCP-2023-032162,2023-04-19,2023,Q2,April,4,Ibese Plant (Ogun),Southwest,Lagos DC,Kaduna,Wholesaler,Dangote 3X (42.5R),4796,239.8,40826.08,9790093.53,6278851.43,3642562.0,-131319.9,-1.34,868,Road (Truck),6,19,13,0,Delivered,Strike Action,22385.0,93.7,4.3,30-Day Credit,Overdue
DCP-2023-031519,2023-04-20,2023,Q2,April,4,Ibese Plant (Ogun),Southwest,Maiduguri DC,Kogi,Retailer,Dangote 3X (42.5R),498,24.9,39681.19,988061.64,677234.92,587391.0,-276564.28,-27.99,1348,Road (Truck),2,2,0,1,Delivered,None,73407.0,89.5,3.7,Cash & Carry,Paid
DCP-2023-031854,2023-04-20,2023,Q2,April,4,Ibese Plant (Ogun),Southwest,Maiduguri DC,Katsina,Contractor,Dangote 3X (42.5R),925,46.25,41937.27,1939598.56,1068656.15,907795.0,-36852.59,-1.9,1402,Road (Articulated),5,12,7,0,Delivered,Road Damage,71167.0,99.7,4.2,Cash & Carry,Pending
DCP-2023-031934,2023-04-20,2023,Q2,April,4,Gboko Plant (Benue),North Central,Kano DC,Zamfara,Retailer,Dangote 3X (42.5N),324,16.2,39680.37,642822.02,353734.75,266036.4,23050.87,3.59,1173,Road (Articulated),13,28,15,0,Delivered,Truck Breakdown,7484.0,86.0,4.8,Cash & Carry,Paid
DCP-2023-031974,2023-04-20,2023,Q2,April,4,Benue Plant (Benue),North Central,Ibadan DC,Oyo,Retailer,Dangote 3X (42.5N),233,11.65,39852.53,464281.92,329374.81,89623.45,45283.66,9.75,1099,River Barge,6,6,0,1,Delivered,None,46921.0,96.7,3.2,Letter of Credit,Paid
DCP-2023-031917,2023-04-21,2023,Q2,April,4,Benue Plant (Benue),North Central,Benin DC,Ebonyi,Wholesaler,Dangote 3X (42.5R),819,40.95,38409.99,1572889.0,984366.19,1109335.5,-520812.69,-33.11,1548,Road (Truck),2,2,0,1,Delivered,None,77504.0,87.7,3.6,Letter of Credit,Paid
DCP-2023-031929,2023-04-21,2023,Q2,April,4,Gboko Plant (Benue),North Central,Abuja DC,Enugu,Government,Dangote Falcon,19716,985.8,48559.61,47870067.67,33855074.06,27602400.0,-13587406.39,-28.38,1600,Road (Truck),12,12,0,1,Delivered,None,38714.0,96.0,3.2,Advance Payment,Overdue
DCP-2023-032236,2023-04-21,2023,Q2,April,4,Obajana Plant (Kogi),North Central,Kaduna DC,Anambra,Retailer,Dangote 3X (42.5N),83,4.15,38564.72,160043.59,101364.81,52115.7,6563.08,4.1,897,Road (Articulated),2,2,0,1,Delayed,None,55981.0,98.7,4.6,30-Day Credit,Paid
DCP-2023-031334,2023-04-22,2023,Q2,April,4,Gboko Plant (Benue),North Central,Lagos DC,Katsina,Contractor,Dangote 3X (42.5R),3649,182.45,39138.85,7140884.07,4740740.63,2793127.05,-392983.61,-5.5,1701,Rail,8,8,0,1,Delivered,None,75413.0,95.3,4.7,Cash & Carry,Paid
DCP-2023-031538,2023-04-22,2023,Q2,April,4,Obajana Plant (Kogi),North Central,Abuja DC,Abuja,Retailer,Dangote 3X (42.5R),498,24.9,42600.16,1060744.09,602371.52,28933.8,429438.77,40.48,83,Road (Articulated),9,9,0,1,Delayed,None,9307.0,91.5,4.5,60-Day Credit,Paid
DCP-2023-031612,2023-04-22,2023,Q2,April,4,Obajana Plant (Kogi),North Central,Ibadan DC,Imo,Wholesaler,Dangote 3X (42.5R),4632,231.6,37401.52,8662191.32,4831209.57,2229150.0,1601831.75,18.49,550,Road (Truck),10,18,8,0,Delivered,Security Incident,71700.0,87.7,3.7,Cash & Carry,Pending
DCP-2023-031744,2023-04-22,2023,Q2,April,4,Gboko Plant (Benue),North Central,Port Harcourt DC,Imo,Government,Dangote 3X (42.5R),22466,1123.3,39070.36,43887738.43,26922211.13,9765970.2,7199557.1,16.4,966,Rail,8,8,0,1,Delivered,None,62775.0,97.3,3.8,Letter of Credit,Paid
DCP-2023-031901,2023-04-22,2023,Q2,April,4,Benue Plant (Benue),North Central,Benin DC,Ogun,Retailer,Dangote BLC,199,9.95,35875.35,356959.73,234055.54,95490.15,27414.04,7.68,1371,River Barge,11,11,0,1,Delivered,None,58498.0,87.8,3.8,Advance Payment,Pending
DCP-2023-031289,2023-04-23,2023,Q2,April,4,Obajana Plant (Kogi),North Central,Lagos DC,Lagos,Retailer,Dangote 3X (42.5R),159,7.95,37334.7,296810.83,178747.28,56985.6,61077.95,20.58,512,Road (Articulated),8,20,12,0,Delivered,Fuel Shortage,40015.0,93.5,4.9,30-Day Credit,Overdue
DCP-2023-031853,2023-04-23,2023,Q2,April,4,Benue Plant (Benue),North Central,Lagos DC,Bayelsa,Wholesaler,Dangote Falcon,637,31.85,50513.55,1608856.51,960148.57,245245.0,403462.94,25.08,440,Road (Truck),8,8,0,1,Delayed,None,69153.0,100.0,3.0,Advance Payment,Pending
DCP-2023-032140,2023-04-23,2023,Q2,April,4,Gboko Plant (Benue),North Central,Benin DC,Kaduna,Wholesaler,Dangote 3X (42.5N),3521,176.05,38008.43,6691383.36,4012061.87,4572018.5,-1892697.01,-28.29,1484,Road (Truck),4,8,4,0,In Transit,Fuel Shortage,56207.0,94.6,4.7,Advance Payment,Paid
DCP-2023-032273,2023-04-23,2023,Q2,April,4,Dangote Cement Senegal,West Africa,Benin DC,Anambra,Wholesaler,Dangote BLC,4026,201.3,33757.01,6795285.63,4093119.62,1366827.0,1335339.01,19.65,388,Road (Truck),4,13,9,0,Delayed,Road Damage,78771.0,96.7,3.5,Letter of Credit,Paid
DCP-2023-032096,2023-04-24,2023,Q2,April,4,Dangote Cement Senegal,West Africa,Kano DC,Ogun,Contractor,Dangote 3X (42.5R),9945,497.25,40595.37,20186045.29,13334135.64,14732274.38,-7880364.73,-39.04,1693,Road (Truck),9,9,0,1,Delivered,None,31635.0,85.0,4.6,Cash & Carry,Pending
DCP-2023-032235,2023-04-24,2023,Q2,April,4,Ibese Plant (Ogun),Southwest,Onitsha DC,Abia,Retailer,Dangote 3X (42.5R),30,1.5,36917.61,55376.41,31187.67,9198.0,14990.74,27.07,438,Road (Articulated),13,13,0,1,Delivered,None,7237.0,91.9,4.1,30-Day Credit,Paid
DCP-2023-032248,2023-04-24,2023,Q2,April,4,Dangote Cement Senegal,West Africa,Onitsha DC,Lagos,Wholesaler,Dangote BLC,2006,100.3,36007.28,3611529.94,2229911.38,1509314.4,-127695.84,-3.54,1672,Rail,6,14,8,0,Damaged in Transit,Fuel Shortage,12944.0,89.7,3.2,Advance Payment,Paid
DCP-2023-031279,2023-04-25,2023,Q2,April,4,Gboko Plant (Benue),North Central,Maiduguri DC,Benue,Government,Dangote 3X (42.5N),5481,274.05,40170.88,11008830.82,6260862.8,7035548.62,-2287580.6,-20.78,1467,Road (Truck),13,13,0,1,Delivered,None,14702.0,99.0,3.9,Cash & Carry,Overdue
DCP-2023-031373,2023-04-25,2023,Q2,April,4,Ibese Plant (Ogun),Southwest,Enugu DC,Kano,Retailer,Dangote 3X (42.5R),37,1.85,41949.73,77607.0,52909.37,6636.88,18060.75,23.27,205,Road (Truck),11,11,0,1,Delivered,None,70489.0,88.1,3.6,Letter of Credit,Paid
DCP-2023-031458,2023-04-25,2023,Q2,April,4,Ibese Plant (Ogun),Southwest,Lagos DC,Nassarawa,Retailer,Dangote 3X (42.5N),208,10.4,37529.08,390302.39,225165.2,,78359.59,20.08,596,Road (Articulated),10,12,2,0,In Transit,Customs Delay,65234.0,90.5,4.8,30-Day Credit,Paid
DCP-2023-031493,2023-04-25,2023,Q2,April,4,Ibese Plant (Ogun),Southwest,Benin DC,Ogun,Retailer,Dangote 3X (42.5R),64,3.2,39085.36,125073.17,72891.4,25267.2,26914.57,21.52,564,Road (Articulated),3,3,0,1,Delivered,None,12022.0,95.3,3.9,Cash & Carry,Pending
DCP-2023-031636,2023-04-25,2023,Q2,April,4,Benue Plant (Benue),North Central,Kano DC,Kogi,Contractor,Dangote BLC,8936,446.8,33696.29,15055502.59,10788147.62,9656465.0,-5389110.03,-35.79,1235,Road (Truck),9,23,14,0,Delivered,Fuel Shortage,52918.0,98.0,3.5,Advance Payment,Paid
DCP-2023-031936,2023-04-25,2023,Q2,April,4,Obajana Plant (Kogi),North Central,Maiduguri DC,Oyo,Contractor,Dangote 3X (42.5R),8462,423.1,38264.0,16189496.51,10314669.28,2505598.2,3369229.03,20.81,658,Rail,1,9,8,0,In Transit,Truck Breakdown,44057.0,99.4,3.8,60-Day Credit,Paid
DCP-2023-032094,2023-04-25,2023,Q2,April,4,Obajana Plant (Kogi),North Central,Enugu DC,Edo,Government,Dangote 3X (42.5N),2452,122.6,37695.62,4621482.59,3013932.39,290194.2,1317356.0,28.51,263,Rail,13,13,0,1,Delivered,None,44695.0,91.4,3.0,30-Day Credit,Paid
DCP-2023-032196,2023-04-25,2023,Q2,April,4,Dangote Cement Senegal,West Africa,Lagos DC,Ondo,Retailer,Dangote OPC (52.5R),354,17.7,44081.25,780238.13,537910.62,549496.5,-307168.99,-39.37,1774,Road (Truck),8,8,0,1,Delivered,None,62515.0,98.3,3.6,30-Day Credit,Paid
DCP-2023-031440,2023-04-26,2023,Q2,April,4,Obajana Plant (Kogi),North Central,Ibadan DC,Akwa Ibom,Contractor,Dangote 3X (42.5R),1430,71.5,36535.72,2612304.21,1837936.28,2085833.75,-1311465.82,-50.2,1667,Road (Truck),4,4,0,1,In Transit,None,73650.0,95.2,4.3,Letter of Credit,Paid
DCP-2023-031988,2023-04-26,2023,Q2,April,4,Dangote Cement Senegal,West Africa,Kaduna DC,Kwara,Contractor,Dangote 3X (42.5R),2155,107.75,42271.02,4554702.84,2615357.32,3181049.38,-1241703.86,-27.26,1687,Road (Truck),5,15,10,0,Delivered,Fuel Shortage,29253.0,94.2,3.8,30-Day Credit,Pending
DCP-2023-031439,2023-04-27,2023,Q2,April,4,Gboko Plant (Benue),North Central,Port Harcourt DC,Imo,Wholesaler,Dangote 3X (42.5N),1075,53.75,37120.58,1995230.91,1237702.61,350235.0,407293.3,20.41,724,Rail,14,19,5,0,Delayed,Road Damage,24376.0,86.9,4.4,Cash & Carry,Paid
DCP-2023-031710,2023-04-27,2023,Q2,April,4,Obajana Plant (Kogi),North Central,Ibadan DC,Kwara,Retailer,Dangote 3X (42.5R),223,11.15,39687.15,442511.72,271095.83,,34672.29,7.84,876,Road (Articulated),1,1,0,1,Delivered,None,65110.0,97.5,3.5,60-Day Credit,Pending
DCP-2023-031797,2023-04-27,2023,Q2,April,4,Gboko Plant (Benue),North Central,Maiduguri DC,Bayelsa,Retailer,Dangote 3X (42.5R),154,7.7,37834.53,291325.9,200155.88,56618.1,34551.92,11.86,817,Rail,10,10,0,1,Delivered,None,8901.0,,3.1,Letter of Credit,Paid
DCP-2023-031955,2023-04-27,2023,Q2,April,4,Dangote Cement Senegal,West Africa,Onitsha DC,Abuja,Wholesaler,Dangote 3X (42.5N),3628,181.4,37681.2,6835369.81,4226405.89,556716.6,2052247.32,30.02,341,Rail,14,14,0,1,In Transit,None,14842.0,85.3,3.0,30-Day Credit,Paid
DCP-2023-031986,2023-04-27,2023,Q2,April,4,Gboko Plant (Benue),North Central,Kaduna DC,Sokoto,Government,Dangote OPC (52.5R),40931,2046.55,47089.47,96370951.17,53308798.72,25510245.75,17551906.7,18.21,1385,Rail,9,9,0,1,Delivered,None,76252.0,92.0,3.1,Cash & Carry,Paid
DCP-2023-031964,2023-04-28,2023,Q2,April,4,Obajana Plant (Kogi),North Central,Onitsha DC,Anambra,Contractor,Dangote 3X (42.5N),4741,237.05,38837.08,9206330.4,5692393.54,4368238.88,-854302.02,-9.28,1053,Road (Truck),10,10,0,1,Delivered,None,49869.0,99.6,4.1,Cash & Carry,Pending
DCP-2023-031392,2023-04-29,2023,Q2,April,4,Benue Plant (Benue),North Central,Benin DC,Oyo,Export,Dangote 3X (42.5R),8578,428.9,41884.44,17964236.86,11946791.51,5187974.4,829470.95,4.62,1344,Rail,5,19,14,0,In Transit,Customs Delay,58965.0,96.8,3.1,Cash & Carry,Paid
DCP-2023-031708,2023-04-29,2023,Q2,April,4,Benue Plant (Benue),North Central,Port Harcourt DC,Abuja,Contractor,Dangote 3X (42.5R),2145,107.25,39740.34,4262151.59,2584604.19,1783782.0,-106234.6,-2.49,1188,Road (Articulated),7,7,0,1,In Transit,None,80271.0,90.8,4.6,60-Day Credit,Paid
DCP-2023-031847,2023-04-29,2023,Q2,April,4,Dangote Cement Senegal,West Africa,Lagos DC,Nassarawa,Retailer,Dangote Falcon,207,10.35,50411.01,521753.98,344290.63,103060.12,74403.23,14.26,569,Road (Truck),10,15,5,0,Delayed,Security Incident,49610.0,88.1,4.0,Letter of Credit,Paid
DCP-2023-031619,2023-04-30,2023,Q2,April,4,Benue Plant (Benue),North Central,Onitsha DC,Benue,Retailer,Dangote 3X (42.5N),322,16.1,39317.98,633019.56,408330.87,433049.75,-208361.06,-32.92,1537,Road (Truck),1,8,7,0,Delivered,Fuel Shortage,28529.0,85.6,4.9,Cash & Carry,Paid
DCP-2023-031888,2023-04-30,2023,Q2,April,4,Dangote Cement Senegal,West Africa,Kaduna DC,Edo,Retailer,Dangote Falcon,121,6.05,49910.6,301959.14,207322.85,186128.25,-91491.96,-30.3,1758,Road (Truck),13,20,7,0,Delivered,Road Damage,33652.0,98.2,3.8,30-Day Credit,Paid
DCP-2023-031972,2023-04-30,2023,Q2,April,4,Benue Plant (Benue),North Central,Abuja DC,Zamfara,Export,Dangote BLC,72247,3612.35,34415.2,124319758.96,74539431.13,58563418.2,-8783090.37,-7.06,1158,Road (Articulated),3,3,0,1,Delivered,None,84158.0,85.6,3.3,Cash & Carry,Paid
DCP-2023-032069,2023-04-30,2023,Q2,April,4,Obajana Plant (Kogi),North Central,Benin DC,Edo,Contractor,Dangote 3X (42.5N),7739,386.95,39322.26,15215747.18,10261427.8,10502790.38,-5548471.0,-36.47,1551,Road (Truck),3,3,0,1,Delivered,None,28199.0,96.6,3.7,30-Day Credit,Paid
DCP-2023-032155,2023-05-01,2023,Q2,May,5,Benue Plant (Benue),North Central,Kaduna DC,Lagos,Retailer,Dangote 3X (42.5R),296,14.8,42641.55,631094.93,377424.93,285418.0,-31748.0,-5.03,1102,Road (Truck),14,22,8,0,Delivered,Truck Breakdown,36389.0,94.5,3.7,30-Day Credit,Paid
DCP-2023-031705,2023-05-02,2023,Q2,May,5,Gboko Plant (Benue),North Central,Lagos DC,Oyo,Wholesaler,Dangote BLC,4104,205.2,35068.13,7195980.18,5154528.46,871894.8,1169556.92,16.25,607,River Barge,4,15,11,0,Delivered,Fuel Shortage,42057.0,89.1,4.2,30-Day Credit,Paid
DCP-2023-031656,2023-05-03,2023,Q2,May,5,Benue Plant (Benue),North Central,Ibadan DC,Kano,Retailer,Dangote 3X (42.5N),184,9.2,37114.69,341455.12,194732.25,144256.0,2466.87,0.72,896,Road (Truck),2,2,0,1,Delivered,None,38226.0,87.8,3.3,Advance Payment,Overdue
DCP-2023-031305,2023-05-04,2023,Q2,May,5,Gboko Plant (Benue),North Central,Maiduguri DC,Kwara,Contractor,Dangote BLC,8090,404.5,35565.87,14386396.05,10204678.57,6590316.25,-2408598.77,-16.74,931,Road (Truck),6,8,2,0,In Transit,Road Damage,23320.0,89.8,4.2,Cash & Carry,Pending
DCP-2023-031672,2023-05-04,2023,Q2,May,5,Obajana Plant (Kogi),North Central,Enugu DC,Sokoto,Export,Dangote 3X (42.5N),61197,3059.85,35220.52,107769509.47,62219730.31,20733543.6,24816235.56,23.03,484,Road (Articulated),3,16,13,0,Delivered,Customs Delay,72130.0,91.3,3.6,Advance Payment,Pending
DCP-2023-031968,2023-05-05,2023,Q2,May,5,Ibese Plant (Ogun),Southwest,Lagos DC,Kaduna,Wholesaler,Dangote BLC,2561,128.05,35703.76,4571866.99,3182788.3,504196.88,884881.81,19.35,225,Road (Truck),13,27,14,0,Delayed,Strike Action,65196.0,88.5,,60-Day Credit,Paid
DCP-2023-032077,2023-05-05,2023,Q2,May,5,Dangote Cement Senegal,West Africa,Kaduna DC,Delta,Retailer,Dangote BLC,211,10.55,38483.41,405999.99,261171.6,40617.5,104210.89,25.67,220,Road (Truck),2,5,3,0,In Transit,Security Incident,63367.0,95.5,3.9,Letter of Credit,Paid
DCP-2023-031399,2023-05-06,2023,Q2,May,5,Gboko Plant (Benue),North Central,Enugu DC,Imo,Wholesaler,Dangote 3X (42.5R),4538,226.9,37687.85,8551373.22,4948910.03,3637207.0,-34743.81,-0.41,1145,Road (Articulated),12,12,0,1,Delivered,None,44355.0,99.9,3.2,Cash & Carry,Overdue
DCP-2023-031498,2023-05-06,2023,Q2,May,5,Obajana Plant (Kogi),North Central,Maiduguri DC,Ekiti,Retailer,Dangote OPC (52.5R),137,6.85,43452.22,297647.71,185210.53,92183.87,20253.31,6.8,769,Road (Truck),1,1,0,1,Delivered,None,11916.0,91.2,3.7,30-Day Credit,Paid
DCP-2023-031666,2023-05-06,2023,Q2,May,5,Benue Plant (Benue),North Central,Abuja DC,Kano,Government,Dangote 3X (42.5N),29866,1493.3,36968.44,55204974.13,35131588.11,8174324.2,11899061.82,21.55,391,Road (Articulated),12,25,13,0,Delivered,Security Incident,72174.0,94.8,4.3,60-Day Credit,Paid
DCP-2023-032234,2023-05-06,2023,Q2,May,5,Benue Plant (Benue),North Central,Abuja DC,Kogi,Contractor,Dangote 3X (42.5R),529,26.45,38310.35,1013308.69,627490.93,617660.4,-231842.64,-22.88,1668,Road (Articulated),10,13,3,0,Delayed,Security Incident,71501.0,94.8,3.1,Cash & Carry,Paid
DCP-2023-031521,2023-05-07,2023,Q2,May,5,Gboko Plant (Benue),North Central,Port Harcourt DC,Benue,Retailer,Dangote 3X (42.5R),477,23.85,42354.62,1010157.77,662782.52,249423.3,97951.95,9.7,747,Road (Articulated),5,5,0,1,Delivered,None,57959.0,91.3,4.6,Cash & Carry,Paid
DCP-2023-031586,2023-05-07,2023,Q2,May,5,Obajana Plant (Kogi),North Central,Port Harcourt DC,Oyo,Retailer,Dangote Falcon,107,5.35,51514.77,275604.01,162783.06,161971.25,-49150.3,-17.83,1730,Road (Truck),2,2,0,1,Delivered,None,74508.0,88.9,3.0,30-Day Credit,Paid
DCP-2023-031611,2023-05-07,2023,Q2,May,5,Dangote Cement Senegal,West Africa,Onitsha DC,Anambra,Wholesaler,Dangote 3X (42.5R),1392,69.6,41394.73,2881072.98,1622195.08,596820.0,662057.9,22.98,490,Road (Truck),13,13,0,1,Delivered,None,55175.0,88.6,3.2,Cash & Carry,Paid
DCP-2023-032022,2023-05-07,2023,Q2,May,5,Gboko Plant (Benue),North Central,Kano DC,Delta,Retailer,Dangote 3X (42.5R),177,8.85,39211.04,347017.68,232844.61,272270.25,-158097.18,-45.56,1758,Road (Truck),11,11,0,1,Delivered,None,40170.0,95.2,4.4,Advance Payment,Paid
DCP-2023-032158,2023-05-07,2023,Q2,May,5,Benue Plant (Benue),North Central,Maiduguri DC,Ebonyi,Export,Dangote 3X (42.5R),33084,1654.2,38295.25,63348003.91,42154161.81,9402472.8,11791369.3,18.61,406,Road (Articulated),9,9,0,1,Returned,None,71321.0,94.2,3.2,Advance Payment,Paid
DCP-2023-031480,2023-05-08,2023,Q2,May,5,Benue Plant (Benue),North Central,Maiduguri DC,Katsina,Retailer,Dangote 3X (42.5N),18,0.9,39177.65,35259.89,24632.85,6439.5,4187.54,11.88,795,Rail,5,5,0,1,Delivered,None,60039.0,91.2,4.8,Advance Payment,Pending
DCP-2023-032311,2023-05-08,2023,Q2,May,5,Obajana Plant (Kogi),North Central,Maiduguri DC,Abia,Export,Dangote 3X (42.5R),36898,1844.9,38003.26,70112214.13,50221395.46,18112305.75,1778512.92,2.54,561,Road (Truck),13,17,4,0,Delivered,Truck Breakdown,22349.0,87.9,4.8,30-Day Credit,Paid
DCP-2023-031467,2023-05-09,2023,Q2,May,5,Ibese Plant (Ogun),Southwest,Enugu DC,Kaduna,Government,Dangote 3X (42.5R),25327,1266.35,42321.76,53594155.61,34288352.93,8509872.0,10795930.68,20.14,480,Road (Articulated),1,16,15,0,Delivered,Security Incident,65592.0,94.6,,Cash & Carry,Pending
DCP-2023-031528,2023-05-09,2023,Q2,May,5,Benue Plant (Benue),North Central,Kano DC,Plateau,Retailer,Dangote 3X (42.5N),51,2.55,40926.37,104362.25,60204.15,14949.38,29208.72,27.99,335,Road (Truck),14,29,15,0,Delivered,Customs Delay,24339.0,91.4,,Letter of Credit,Paid
DCP-2023-032101,2023-05-09,2023,Q2,May,5,Gboko Plant (Benue),North Central,Ibadan DC,Lagos,Wholesaler,Dangote 3X (42.5N),2598,129.9,40741.88,5292369.91,3590966.2,2777911.5,-1076507.79,-20.34,1222,Road (Truck),8,8,0,1,Delivered,None,23949.0,94.9,4.3,Cash & Carry,Paid
DCP-2023-031250,2023-05-10,2023,Q2,May,5,Dangote Cement Senegal,West Africa,Port Harcourt DC,Imo,Retailer,Dangote 3X (42.5N),294,14.7,36134.37,531175.22,332620.36,307156.5,-108601.64,-20.45,1194,Road (Truck),13,26,13,0,Delayed,Road Damage,41600.0,98.0,3.9,Cash & Carry,Paid
DCP-2023-031560,2023-05-10,2023,Q2,May,5,Benue Plant (Benue),North Central,Lagos DC,Kaduna,Retailer,Dangote Falcon,213,10.65,47906.86,510208.06,361978.79,312364.5,-164135.23,-32.17,1676,Road (Truck),8,8,0,1,Delivered,None,36539.0,85.9,3.3,Cash & Carry,Pending
DCP-2023-031781,2023-05-10,2023,Q2,May,5,Benue Plant (Benue),North Central,Abuja DC,Abia,Retailer,Dangote BLC,28,1.4,34824.36,48754.1,27683.26,10510.5,10560.34,21.66,429,Road (Truck),5,16,11,0,In Transit,Customs Delay,64189.0,87.2,4.8,30-Day Credit,Paid
DCP-2023-031408,2023-05-13,2023,Q2,May,5,Obajana Plant (Kogi),North Central,Kaduna DC,Kogi,Wholesaler,Dangote 3X (42.5N),3644,182.2,35757.21,6514963.98,3747684.43,3194877.0,-427597.45,-6.56,1002,Road (Truck),8,8,0,1,Delivered,None,61647.0,88.0,4.5,30-Day Credit,Overdue
DCP-2023-031451,2023-05-14,2023,Q2,May,5,Ibese Plant (Ogun),Southwest,Maiduguri DC,Kwara,Wholesaler,Dangote BLC,190,9.5,37485.38,356111.07,217664.36,166250.0,-27803.29,-7.81,1250,Road (Articulated),7,18,11,0,Delayed,Road Damage,77011.0,91.0,4.9,Cash & Carry,Paid
DCP-2023-031777,2023-05-14,2023,Q2,May,5,Gboko Plant (Benue),North Central,Port Harcourt DC,Kebbi,Government,Dangote 3X (42.5N),47534,2376.7,36524.84,86808581.78,62102173.71,32791329.9,-8084921.83,-9.31,1533,Rail,13,13,0,1,Delivered,None,44665.0,87.5,3.6,Cash & Carry,Paid
DCP-2023-031779,2023-05-14,2023,Q2,May,5,Benue Plant (Benue),North Central,Kaduna DC,Ekiti,Retailer,Dangote 3X (42.5R),128,6.4,41813.63,267607.25,157148.64,30352.0,80106.61,29.93,271,Road (Truck),7,15,8,0,Delivered,Road Damage,66622.0,87.4,4.5,Letter of Credit,Paid
DCP-2023-032102,2023-05-14,2023,Q2,May,5,Benue Plant (Benue),North Central,Kaduna DC,Nassarawa,Retailer,Dangote OPC (52.5R),372,18.6,46608.53,866918.61,621003.25,390339.6,-144424.24,-16.66,1499,Road (Articulated),1,1,0,1,Delivered,None,57405.0,90.8,4.4,30-Day Credit,Pending
DCP-2023-032167,2023-05-14,2023,Q2,May,5,Ibese Plant (Ogun),Southwest,Port Harcourt DC,Akwa Ibom,Retailer,Dangote Falcon,269,13.45,46384.38,623869.87,375231.46,196208.6,52429.81,8.4,1042,Road (Articulated),9,12,3,0,Delayed,Road Damage,16769.0,91.0,4.1,30-Day Credit,Paid
DCP-2023-031311,2023-05-15,2023,Q2,May,5,Obajana Plant (Kogi),North Central,Kaduna DC,Rivers,Wholesaler,Dangote 3X (42.5R),4251,212.55,42110.54,8950596.26,5850227.55,688130.63,2412238.08,26.95,185,Road (Truck),8,8,0,1,Delivered,None,24505.0,88.4,4.2,Cash & Carry,Paid
DCP-2023-031894,2023-05-15,2023,Q2,May,5,Obajana Plant (Kogi),North Central,Abuja DC,Kano,Wholesaler,Dangote 3X (42.5R),4264,213.2,39961.44,8519779.96,5196219.45,4530926.4,-1207365.89,-14.17,1518,Road (Articulated),9,9,0,1,Delivered,None,33732.0,94.6,4.1,Advance Payment,Paid
DCP-2023-032142,2023-05-15,2023,Q2,May,5,Obajana Plant (Kogi),North Central,Kano DC,Katsina,Wholesaler,Dangote 3X (42.5N),2979,148.95,35525.6,5291537.96,3075359.81,1785612.6,430565.55,8.14,1332,Rail,7,7,0,1,Delivered,None,9181.0,90.5,4.6,Advance Payment,Paid
DCP-2023-032200,2023-05-15,2023,Q2,May,5,Gboko Plant (Benue),North Central,Enugu DC,Rivers,Contractor,Dangote 3X (42.5R),2953,147.65,40865.66,6033814.76,3485702.41,3705276.75,-1157164.4,-19.18,1434,Road (Truck),5,20,15,0,In Transit,Flooding,48627.0,98.9,3.8,Cash & Carry,Paid
DCP-2023-031196,2023-05-16,2023,Q2,May,5,Ibese Plant (Ogun),Southwest,Lagos DC,Ebonyi,Retailer,Dangote 3X (42.5R),249,12.45,38287.35,476677.54,298245.63,100004.62,78427.29,16.45,459,Road (Truck),2,2,0,1,Delivered,None,21616.0,96.7,3.1,30-Day Credit,Pending
DCP-2023-031345,2023-05-16,2023,Q2,May,5,Benue Plant (Benue),North Central,Kano DC,Bayelsa,Retailer,Dangote BLC,479,23.95,35288.58,845161.45,516819.45,207466.88,120875.12,14.3,495,Road (Truck),8,16,8,0,Delivered,Fuel Shortage,77491.0,88.9,3.9,Letter of Credit,Paid
DCP-2023-031452,2023-05-16,2023,Q2,May,5,Ibese Plant (Ogun),Southwest,Enugu DC,Sokoto,Contractor,Dangote 3X (42.5N),4740,237.0,40929.98,9700404.2,5486231.4,2380428.0,1833744.8,18.9,1116,Rail,14,20,6,0,Delivered,Truck Breakdown,82350.0,,3.1,30-Day Credit,Paid
DCP-2023-031565,2023-05-16,2023,Q2,May,5,Ibese Plant (Ogun),Southwest,Port Harcourt DC,Enugu,Retailer,Dangote 3X (42.5N),460,23.0,39303.26,903975.07,517654.95,383180.0,3140.12,0.35,952,Road (Truck),4,17,13,0,Delayed,Road Damage,19969.0,97.4,,Cash & Carry,Paid
DCP-2023-031958,2023-05-16,2023,Q2,May,5,Obajana Plant (Kogi),North Central,Port Harcourt DC,Abuja,Wholesaler,Dangote 3X (42.5R),3772,188.6,40459.86,7630730.48,4496140.93,3252972.8,-118383.25,-1.55,1232,Road (Articulated),8,8,0,1,Delivered,None,11868.0,,3.9,Advance Payment,Pending
DCP-2023-032057,2023-05-16,2023,Q2,May,5,Ibese Plant (Ogun),Southwest,Enugu DC,Ogun,Retailer,Dangote 3X (42.5N),438,21.9,35449.43,776342.58,549995.0,282455.25,-56107.67,-7.23,737,Road (Truck),3,10,7,0,Delivered,Road Damage,80278.0,100.0,3.4,Cash & Carry,Pending
DCP-2023-032071,2023-05-16,2023,Q2,May,5,Obajana Plant (Kogi),North Central,Kano DC,Oyo,Wholesaler,Dangote OPC (52.5R),428,21.4,44147.52,944756.83,675047.6,76023.5,193685.73,20.5,203,Road (Truck),6,6,0,1,Delivered,None,12053.0,95.9,4.0,30-Day Credit,Paid
DCP-2023-032157,2023-05-16,2023,Q2,May,5,Ibese Plant (Ogun),Southwest,Abuja DC,Kwara,Contractor,Dangote 3X (42.5N),4929,246.45,35938.57,8857059.51,6117851.23,1144513.8,1594694.48,18.0,516,Rail,11,11,0,1,Delivered,None,62903.0,92.5,3.6,30-Day Credit,Paid
DCP-2023-031496,2023-05-17,2023,Q2,May,5,Gboko Plant (Benue),North Central,Benin DC,Abia,Contractor,Dangote 3X (42.5N),5041,252.05,39516.8,9960208.76,6090811.23,5623865.62,-1754468.09,-17.61,1275,Road (Truck),14,14,0,1,Delivered,None,19415.0,94.2,3.9,Advance Payment,Pending
DCP-2023-031850,2023-05-18,2023,Q2,May,5,Dangote Cement Senegal,West Africa,Abuja DC,Anambra,Wholesaler,Dangote Falcon,4413,220.65,48548.76,10712282.97,6814001.01,3988800.38,-90518.42,-0.84,1033,Road (Truck),13,13,0,1,In Transit,None,11677.0,89.4,3.9,60-Day Credit,Pending
DCP-2023-031891,2023-05-18,2023,Q2,May,5,Benue Plant (Benue),North Central,Kano DC,Delta,Contractor,Dangote OPC (52.5R),8243,412.15,48454.17,19970385.77,13193210.29,2134937.0,4642238.48,23.25,370,Road (Articulated),1,7,6,0,Delivered,Security Incident,62127.0,90.1,4.3,30-Day Credit,Overdue
DCP-2023-032006,2023-05-18,2023,Q2,May,5,Ibese Plant (Ogun),Southwest,Lagos DC,Zamfara,Retailer,Dangote 3X (42.5R),421,21.05,39855.31,838954.21,556046.39,90988.62,191919.2,22.88,247,Road (Truck),3,3,0,1,In Transit,None,29056.0,97.6,3.5,Cash & Carry,Paid
DCP-2023-032224,2023-05-18,2023,Q2,May,5,Gboko Plant (Benue),North Central,Onitsha DC,Oyo,Government,Dangote BLC,15868,793.4,38666.72,30678171.93,17431838.97,14017791.2,-771458.24,-2.51,1262,Road (Articulated),9,9,0,1,Delivered,None,83586.0,92.1,3.3,Letter of Credit,Paid
DCP-2023-031359,2023-05-19,2023,Q2,May,5,Gboko Plant (Benue),North Central,Kano DC,Rivers,Contractor,Dangote 3X (42.5N),3164,158.2,40108.95,6345235.63,4394820.53,2921321.2,-970906.1,-15.3,1319,Road (Articulated),9,17,8,0,In Transit,Road Damage,48341.0,91.9,3.9,Cash & Carry,Paid
DCP-2023-031572,2023-05-19,2023,Q2,May,5,Gboko Plant (Benue),North Central,Lagos DC,Edo,Export,Dangote BLC,38980,1949.0,34151.0,66560303.31,42118625.73,28650300.0,-4208622.42,-6.32,840,Road (Truck),4,14,10,0,Delayed,Security Incident,73665.0,98.6,3.2,60-Day Credit,Overdue
DCP-2023-031821,2023-05-19,2023,Q2,May,5,Dangote Cement Senegal,West Africa,Onitsha DC,Zamfara,Contractor,Dangote 3X (42.5N),4236,211.8,36064.68,7638500.05,5029581.04,5118676.5,-2509757.49,-32.86,1381,Road (Truck),12,21,9,0,Delivered,Truck Breakdown,22867.0,88.1,3.1,Cash & Carry,Paid
DCP-2023-032056,2023-05-19,2023,Q2,May,5,Obajana Plant (Kogi),North Central,Kano DC,Delta,Wholesaler,Dangote 3X (42.5R),2802,140.1,37260.46,5220190.64,3526246.05,904695.75,789248.84,15.12,369,Road (Truck),4,4,0,1,Delivered,None,15520.0,95.5,3.0,Cash & Carry,Paid
DCP-2023-032280,2023-05-19,2023,Q2,May,5,Dangote Cement Senegal,West Africa,Kano DC,Imo,Contractor,Dangote 3X (42.5R),8029,401.45,41223.92,16549343.53,9681719.1,6449294.25,418330.18,2.53,918,Road (Truck),7,7,0,1,Delivered,None,50424.0,91.2,3.8,Cash & Carry,Paid
DCP-2023-032313,2023-05-19,2023,Q2,May,5,Ibese Plant (Ogun),Southwest,Onitsha DC,Bayelsa,Contractor,Dangote 3X (42.5N),5656,282.8,35514.03,10043367.72,6609238.31,5117266.0,-1683136.59,-16.76,1034,Road (Truck),12,22,10,0,Delayed,Truck Breakdown,78580.0,97.0,4.8,Advance Payment,Pending
DCP-2023-031304,2023-05-20,2023,Q2,May,5,Dangote Cement Senegal,West Africa,Benin DC,Bayelsa,Contractor,Dangote OPC (52.5R),3412,170.6,48084.78,8203263.08,5659071.47,5320161.0,-2775969.39,-33.84,1782,Road (Truck),14,14,0,1,Delivered,None,71847.0,87.3,4.0,Letter of Credit,Paid
DCP-2023-031711,2023-05-20,2023,Q2,May,5,Obajana Plant (Kogi),North Central,Benin DC,Nassarawa,Retailer,Dangote 3X (42.5R),86,4.3,41784.38,179672.82,102578.15,115734.5,-38639.83,-21.51,1538,Road (Truck),13,13,0,1,Delivered,None,53581.0,87.4,3.8,60-Day Credit,Paid
DCP-2023-031464,2023-05-21,2023,Q2,May,5,Obajana Plant (Kogi),North Central,Enugu DC,Lagos,Contractor,Dangote 3X (42.5R),6529,326.45,41464.24,13536001.98,9070597.53,10094650.12,-5629245.67,-41.59,1767,Road (Truck),2,2,0,1,Delivered,None,16292.0,90.4,3.5,30-Day Credit,Paid
DCP-2023-031601,2023-05-21,2023,Q2,May,5,Benue Plant (Benue),North Central,Port Harcourt DC,Kogi,Wholesaler,Dangote BLC,2451,122.55,35352.67,4332469.87,2963937.62,1772440.65,-403908.4,-9.32,1607,Rail,14,19,5,0,Delayed,Strike Action,66698.0,90.0,4.5,60-Day Credit,Paid
DCP-2023-031833,2023-05-21,2023,Q2,May,5,Benue Plant (Benue),North Central,Benin DC,Ebonyi,Contractor,Dangote BLC,6545,327.25,38045.09,12450256.0,8611042.94,756929.25,3082283.81,24.76,257,Rail,12,16,4,0,Delayed,Customs Delay,17505.0,88.7,4.2,30-Day Credit,Paid
DCP-2023-032190,2023-05-21,2023,Q2,May,5,Obajana Plant (Kogi),North Central,Lagos DC,Kogi,Retailer,Dangote 3X (42.5N),77,3.85,35277.74,135819.3,97495.9,85701.0,-47377.6,-34.88,1590,Road (Articulated),8,8,0,1,Delivered,None,71609.0,89.9,3.7,Advance Payment,Paid
DCP-2023-031276,2023-05-22,2023,Q2,May,5,Gboko Plant (Benue),North Central,Port Harcourt DC,Delta,Government,Dangote 3X (42.5R),45512,2275.6,37482.58,85295366.85,50247540.8,27278755.0,7769071.05,9.11,685,Road (Truck),3,3,0,1,Delivered,None,79672.0,85.3,4.1,30-Day Credit,Pending
DCP-2023-032095,2023-05-22,2023,Q2,May,5,Gboko Plant (Benue),North Central,Abuja DC,Ondo,Retailer,Dangote 3X (42.5N),86,4.3,38782.88,166766.39,98850.77,18330.9,49584.72,29.73,609,River Barge,9,9,0,1,Delivered,None,49805.0,86.6,4.3,60-Day Credit,Pending
DCP-2023-032287,2023-05-22,2023,Q2,May,5,Gboko Plant (Benue),North Central,Enugu DC,Ondo,Retailer,Dangote 3X (42.5R),444,22.2,37578.43,834241.12,558021.52,27583.5,248636.1,29.8,71,Road (Truck),9,9,0,1,Delivered,None,8199.0,99.8,4.9,30-Day Credit,Overdue
DCP-2023-031360,2023-05-23,2023,Q2,May,5,Obajana Plant (Kogi),North Central,Abuja DC,Akwa Ibom,Retailer,Dangote OPC (52.5R),79,3.95,46395.36,183261.68,122350.35,33594.75,27316.58,14.91,486,Road (Truck),1,11,10,0,Delivered,Fuel Shortage,60630.0,90.0,5.0,Advance Payment,Paid
DCP-2023-031734,2023-05-23,2023,Q2,May,5,Obajana Plant (Kogi),North Central,Ibadan DC,Bayelsa,Wholesaler,Dangote 3X (42.5R),699,34.95,37711.2,1318006.51,937712.46,380920.05,-626.0,-0.05,1557,River Barge,14,14,0,1,Delivered,None,64873.0,99.5,4.7,30-Day Credit,Pending
DCP-2023-031465,2023-05-24,2023,Q2,May,5,Benue Plant (Benue),North Central,Ibadan DC,Bayelsa,Export,Dangote BLC,56654,2832.7,37622.32,106572757.16,63101602.17,71066777.6,-27595622.61,-25.89,1792,Road (Articulated),3,7,4,0,Delayed,Strike Action,50630.0,92.1,3.2,30-Day Credit,Pending
DCP-2023-031780,2023-05-24,2023,Q2,May,5,Gboko Plant (Benue),North Central,Lagos DC,Zamfara,Wholesaler,Dangote 3X (42.5N),4720,236.0,38608.85,9111689.29,5710568.32,3317216.0,83904.97,0.92,1004,Road (Articulated),11,11,0,1,Delivered,None,66921.0,86.4,3.8,Letter of Credit,Paid
DCP-2023-031736,2023-05-25,2023,Q2,May,5,Ibese Plant (Ogun),Southwest,Kano DC,Niger,Wholesaler,Dangote Falcon,1951,97.55,46096.63,4496725.94,2674765.94,1074805.9,747154.1,16.62,787,Road (Articulated),8,8,0,1,Delivered,None,41479.0,88.8,3.9,Cash & Carry,Paid
DCP-2023-031840,2023-05-25,2023,Q2,May,5,Gboko Plant (Benue),North Central,Maiduguri DC,Abuja,Wholesaler,Dangote 3X (42.5R),4509,225.45,41473.37,9350171.81,5352707.13,2673386.1,1324078.58,14.16,847,Road (Articulated),4,4,0,1,In Transit,None,26369.0,96.2,3.5,Cash & Carry,Paid
DCP-2023-032179,2023-05-25,2023,Q2,May,5,Obajana Plant (Kogi),North Central,Benin DC,Ondo,Contractor,Dangote 3X (42.5R),3943,197.15,41425.99,8167134.81,4634299.0,5302842.12,-1770006.31,-21.67,1537,Road (Truck),2,4,2,0,Delivered,Fuel Shortage,46070.0,,3.3,30-Day Credit,Pending
DCP-2023-031922,2023-05-26,2023,Q2,May,5,Obajana Plant (Kogi),North Central,Lagos DC,Kogi,Wholesaler,Dangote 3X (42.5R),784,39.2,41057.34,1609447.7,1027450.94,615342.0,-33345.24,-2.07,897,Road (Truck),6,16,10,0,In Transit,Road Damage,66854.0,95.3,4.2,30-Day Credit,Paid
DCP-2023-031406,2023-05-27,2023,Q2,May,5,Gboko Plant (Benue),North Central,Enugu DC,Plateau,Wholesaler,Dangote 3X (42.5N),1191,59.55,37264.29,2219088.71,1475886.82,97126.05,646075.84,29.11,233,River Barge,9,9,0,1,Delivered,None,84835.0,89.1,4.0,30-Day Credit,Pending
DCP-2023-031890,2023-05-27,2023,Q2,May,5,Benue Plant (Benue),North Central,Lagos DC,Kebbi,Contractor,Dangote 3X (42.5R),1436,71.8,41289.75,2964604.04,1916071.94,277686.5,770845.6,26.0,221,Road (Truck),10,10,0,1,Delivered,None,71762.0,93.9,3.6,Cash & Carry,Paid
DCP-2023-031213,2023-05-28,2023,Q2,May,5,Dangote Cement Senegal,West Africa,Lagos DC,Ondo,Contractor,Dangote 3X (42.5R),3180,159.0,38984.98,6198611.36,3787128.82,1480290.0,931192.54,15.02,665,Road (Articulated),5,5,0,1,Delivered,None,60407.0,94.1,3.7,60-Day Credit,Paid
DCP-2023-031813,2023-05-28,2023,Q2,May,5,Obajana Plant (Kogi),North Central,Kaduna DC,Delta,Wholesaler,Dangote 3X (42.5R),4989,249.45,38042.66,9489741.91,6530125.29,2664624.9,294991.72,3.11,1526,River Barge,11,24,13,0,Delivered,Flooding,64174.0,92.7,4.8,30-Day Credit,Paid
DCP-2023-031931,2023-05-28,2023,Q2,May,5,Gboko Plant (Benue),North Central,Abuja DC,Ondo,Retailer,Dangote 3X (42.5R),484,24.2,42276.57,1023093.0,589345.16,392669.2,41078.64,4.02,1159,Road (Articulated),11,11,0,1,Delivered,None,37628.0,88.8,3.5,Advance Payment,Paid
DCP-2023-031378,2023-05-29,2023,Q2,May,5,Obajana Plant (Kogi),North Central,Maiduguri DC,Benue,Wholesaler,Dangote BLC,825,41.25,38523.62,1589099.5,971716.17,649687.5,-32304.17,-2.03,1750,Rail,6,6,0,1,Delivered,None,50455.0,95.6,3.6,Letter of Credit,Paid
DCP-2023-031559,2023-05-29,2023,Q2,May,5,Benue Plant (Benue),North Central,Lagos DC,Kebbi,Wholesaler,Dangote 3X (42.5R),1093,54.65,41689.53,2278332.58,1262516.91,283852.1,731963.57,32.13,371,Road (Articulated),5,11,6,0,Delayed,Truck Breakdown,53244.0,85.7,4.5,Cash & Carry,Pending
DCP-2023-031587,2023-05-29,2023,Q2,May,5,Gboko Plant (Benue),North Central,Kano DC,Kebbi,Retailer,Dangote 3X (42.5R),185,9.25,37558.86,347419.44,227026.16,91945.0,28448.28,8.19,568,Road (Truck),12,16,4,0,Delivered,Security Incident,79997.0,99.4,4.8,Cash & Carry,Paid
DCP-2023-032132,2023-05-29,2023,Q2,May,5,Gboko Plant (Benue),North Central,Kaduna DC,Ekiti,Contractor,Dangote 3X (42.5R),3921,196.05,36722.12,7199372.28,4129156.67,6141266.25,-3071050.64,-42.66,1790,Road (Truck),1,1,0,1,Delivered,None,10273.0,91.4,4.7,Cash & Carry,Paid
DCP-2023-032246,2023-05-29,2023,Q2,May,5,Benue Plant (Benue),North Central,Ibadan DC,Niger,Retailer,Dangote 3X (42.5R),341,17.05,41978.91,715740.35,397315.78,31926.12,286498.45,40.03,107,Road (Truck),2,6,4,0,Delivered,Flooding,31109.0,97.8,4.9,Cash & Carry,Pending
DCP-2023-031549,2023-05-30,2023,Q2,May,5,Gboko Plant (Benue),North Central,Benin DC,Ogun,Contractor,Dangote 3X (42.5N),9423,471.15,37718.19,17770927.57,10121372.51,540880.2,7108674.86,40.0,82,Road (Articulated),9,9,0,1,Delivered,None,23474.0,87.4,3.9,Cash & Carry,Paid
DCP-2023-031834,2023-05-30,2023,Q2,May,5,Gboko Plant (Benue),North Central,Kaduna DC,Kebbi,Retailer,Dangote OPC (52.5R),197,9.85,46852.54,461497.52,301440.79,276489.5,-116432.77,-25.23,1604,Road (Truck),11,11,0,1,In Transit,None,48379.0,87.8,4.8,Cash & Carry,Paid
DCP-2023-032017,2023-05-30,2023,Q2,May,5,Obajana Plant (Kogi),North Central,Kaduna DC,Ekiti,Government,Dangote BLC,45785,2289.25,37262.75,85303750.05,60094190.71,65501165.62,-40291606.28,-47.23,1635,Road (Truck),3,3,0,1,Delivered,None,11967.0,95.8,4.5,30-Day Credit,Paid
DCP-2023-032111,2023-05-30,2023,Q2,May,5,Dangote Cement Senegal,West Africa,Maiduguri DC,Edo,Retailer,Dangote 3X (42.5N),444,22.2,40037.08,888823.11,556697.13,52836.0,279289.98,31.42,136,Road (Truck),12,13,1,0,Delivered,Truck Breakdown,47629.0,95.9,3.7,Cash & Carry,Paid
DCP-2023-032181,2023-05-30,2023,Q2,May,5,Gboko Plant (Benue),North Central,Kaduna DC,Akwa Ibom,Retailer,Dangote 3X (42.5R),155,7.75,38755.35,300353.96,175181.04,188356.0,-63183.08,-21.04,1736,Road (Articulated),13,24,11,0,In Transit,Strike Action,76330.0,98.3,4.7,Cash & Carry,Paid
DCP-2023-031292,2023-05-31,2023,Q2,May,5,Gboko Plant (Benue),North Central,Benin DC,Delta,Retailer,Dangote 3X (42.5N),308,15.4,39717.12,611643.68,379689.02,193501.0,38453.66,6.29,718,Road (Truck),7,21,14,0,In Transit,Road Damage,69961.0,97.9,3.6,Cash & Carry,Paid
DCP-2023-031396,2023-05-31,2023,Q2,May,5,Ibese Plant (Ogun),Southwest,Abuja DC,Cross River,Contractor,Dangote BLC,7998,399.9,37347.76,14935371.08,9112575.09,6585353.25,-762557.26,-5.11,941,Road (Truck),6,6,0,1,Delivered,None,5958.0,91.2,4.9,Letter of Credit,Pending
DCP-2023-032207,2023-05-31,2023,Q2,May,5,Ibese Plant (Ogun),Southwest,Enugu DC,Osun,Retailer,Dangote OPC (52.5R),273,13.65,47839.4,653007.87,370043.84,70393.05,212570.98,32.55,573,Rail,8,8,0,1,Delivered,None,69097.0,99.6,,Cash & Carry,Paid
DCP-2023-032208,2023-05-31,2023,Q2,May,5,Ibese Plant (Ogun),Southwest,Kano DC,Benue,Contractor,Dangote 3X (42.5R),8368,418.4,37126.23,15533612.86,10657953.96,8130348.8,-3254689.9,-20.95,1388,Road (Articulated),4,17,13,0,Delivered,Flooding,44554.0,95.1,3.4,Cash & Carry,Overdue
DCP-2023-031795,2023-06-01,2023,Q2,June,6,Benue Plant (Benue),North Central,Enugu DC,Abuja,Wholesaler,Dangote 3X (42.5N),798,39.9,37304.63,1488454.61,897417.02,893061.75,-302024.16,-20.29,1279,Road (Truck),9,9,0,1,Delivered,None,55334.0,97.5,3.3,Advance Payment,Pending
DCP-2023-031948,2023-06-01,2023,Q2,June,6,Gboko Plant (Benue),North Central,Maiduguri DC,Nassarawa,Retailer,Dangote 3X (42.5N),500,25.0,35176.8,879419.95,505380.7,459900.0,-85860.75,-9.76,1314,Road (Articulated),7,13,6,0,Delivered,Fuel Shortage,20664.0,89.7,4.8,Cash & Carry,Pending
DCP-2023-032027,2023-06-01,2023,Q2,June,6,Obajana Plant (Kogi),North Central,Kano DC,Bayelsa,Retailer,Dangote 3X (42.5N),247,12.35,36820.32,454730.93,313601.83,,-152800.9,-33.6,1360,Road (Truck),8,17,9,0,Delivered,,18488.0,93.3,3.8,30-Day Credit,Overdue
DCP-2023-031364,2023-06-02,2023,Q2,June,6,Gboko Plant (Benue),North Central,Maiduguri DC,Ebonyi,Retailer,Dangote 3X (42.5N),272,13.6,36272.71,493308.8,307633.01,285790.4,-100114.61,-20.29,1501,Road (Articulated),2,2,0,1,Delivered,None,55278.0,93.3,4.0,Cash & Carry,Paid
DCP-2023-031989,2023-06-02,2023,Q2,June,6,Gboko Plant (Benue),North Central,Port Harcourt DC,Enugu,Wholesaler,Dangote 3X (42.5N),4713,235.65,36609.97,8627139.43,4938455.22,5715690.75,-2027006.54,-23.5,1386,Road (Truck),3,3,0,1,Delivered,None,7512.0,86.1,3.4,30-Day Credit,Paid
DCP-2023-031278,2023-06-03,2023,Q2,June,6,Gboko Plant (Benue),North Central,Kaduna DC,Abuja,Wholesaler,Dangote 3X (42.5N),4963,248.15,37119.78,9211273.39,5649130.84,994461.12,2567681.43,27.88,229,Road (Truck),4,4,0,1,Delivered,None,80310.0,96.6,3.2,Cash & Carry,Paid
DCP-2023-031610,2023-06-03,2023,Q2,June,6,Gboko Plant (Benue),North Central,Lagos DC,Ebonyi,Retailer,Dangote 3X (42.5R),286,14.3,40484.49,578928.23,403918.57,291541.25,-116531.59,-20.13,1165,Road (Truck),1,1,0,1,Delivered,None,20249.0,92.0,4.2,Letter of Credit,Paid
DCP-2023-031651,2023-06-03,2023,Q2,June,6,Dangote Cement Senegal,West Africa,Enugu DC,Oyo,Retailer,Dangote 3X (42.5R),381,19.05,40020.63,762392.91,516409.75,254431.8,-8448.64,-1.11,1484,Rail,6,13,7,0,Delayed,Flooding,28456.0,89.5,3.5,Cash & Carry,Paid
DCP-2023-031681,2023-06-03,2023,Q2,June,6,Gboko Plant (Benue),North Central,Onitsha DC,Zamfara,Wholesaler,Dangote 3X (42.5R),2747,137.35,38989.73,5355239.32,3713417.92,1589688.9,52132.5,0.97,1286,Rail,1,15,14,0,Delivered,Fuel Shortage,80862.0,96.4,3.2,Cash & Carry,Pending
DCP-2023-031745,2023-06-03,2023,Q2,June,6,Dangote Cement Senegal,West Africa,Benin DC,Rivers,Wholesaler,Dangote 3X (42.5N),108,5.4,37762.85,203919.4,133979.77,70664.4,-724.77,-0.36,1454,Rail,14,14,0,1,Delayed,None,38035.0,99.1,5.0,30-Day Credit,Paid
DCP-2023-032195,2023-06-03,2023,Q2,June,6,Benue Plant (Benue),North Central,Kaduna DC,Enugu,Wholesaler,Dangote 3X (42.5R),3292,164.6,40790.05,6714042.96,4627410.14,1224212.5,862420.32,12.85,425,Road (Truck),1,3,2,0,Delivered,Fuel Shortage,66042.0,90.0,4.7,30-Day Credit,Paid
DCP-2023-032243,2023-06-03,2023,Q2,June,6,Dangote Cement Senegal,West Africa,Kaduna DC,Kogi,Wholesaler,Dangote BLC,4839,241.95,35721.69,8642862.39,6027392.02,5423067.3,-2807596.93,-32.48,1601,Road (Articulated),3,4,1,0,Delayed,Road Damage,80786.0,95.6,4.7,Advance Payment,Paid
DCP-2023-031788,2023-06-04,2023,Q2,June,6,Obajana Plant (Kogi),North Central,Port Harcourt DC,Zamfara,Contractor,Dangote 3X (42.5R),3830,191.5,36983.43,7082327.52,4279231.98,3782891.0,-979795.46,-13.83,1411,Road (Articulated),12,12,0,1,Delivered,None,36841.0,89.2,4.6,Cash & Carry,Paid
DCP-2023-031994,2023-06-04,2023,Q2,June,6,Obajana Plant (Kogi),North Central,Abuja DC,Ebonyi,Retailer,Dangote OPC (52.5R),430,21.5,46662.16,1003236.35,672079.4,329294.0,1862.95,0.19,1094,Road (Articulated),2,13,11,0,Delivered,Strike Action,31716.0,88.2,4.8,30-Day Credit,Pending
DCP-2023-031193,2023-06-05,2023,Q2,June,6,Gboko Plant (Benue),North Central,Port Harcourt DC,Delta,Retailer,Dangote 3X (42.5N),216,10.8,38492.75,415721.73,281454.18,287469.0,-153201.45,-36.85,1521,Road (Truck),2,2,0,1,Delivered,None,17043.0,88.3,3.9,30-Day Credit,Paid
DCP-2023-031208,2023-06-05,2023,Q2,June,6,Gboko Plant (Benue),North Central,Enugu DC,Kaduna,Retailer,Dangote OPC (52.5R),439,21.95,43875.53,963067.82,660700.56,220026.8,82340.46,8.55,716,Road (Articulated),5,5,0,1,Delivered,None,82900.0,94.0,3.2,30-Day Credit,Paid
DCP-2023-031502,2023-06-05,2023,Q2,June,6,Obajana Plant (Kogi),North Central,Abuja DC,Niger,Contractor,Dangote 3X (42.5N),9119,455.95,39592.21,18052066.75,10230999.14,10309029.5,-2487961.89,-13.78,1292,Road (Truck),5,5,0,1,Delivered,None,24825.0,99.7,3.4,Cash & Carry,Paid
DCP-2023-031652,2023-06-05,2023,Q2,June,6,Ibese Plant (Ogun),Southwest,Onitsha DC,Plateau,Retailer,Dangote 3X (42.5R),197,9.85,39460.25,388683.47,214392.76,32923.62,141367.09,36.37,191,Road (Truck),8,18,10,0,In Transit,Truck Breakdown,66160.0,86.9,4.4,30-Day Credit,Overdue
DCP-2023-031229,2023-06-06,2023,Q2,June,6,Ibese Plant (Ogun),Southwest,Kaduna DC,Zamfara,Retailer,Dangote 3X (42.5R),262,13.1,41774.08,547240.5,375472.39,74643.8,97124.31,17.75,407,Road (Articulated),12,12,0,1,Delivered,None,66415.0,97.9,3.1,30-Day Credit,Overdue
DCP-2023-031397,2023-06-06,2023,Q2,June,6,Benue Plant (Benue),North Central,Maiduguri DC,Edo,Contractor,Dangote 3X (42.5N),5425,271.25,36288.4,9843228.61,6541877.08,8169371.88,-4868020.35,-49.46,1721,Road (Truck),4,18,14,0,Delivered,Road Damage,27280.0,,4.2,60-Day Credit,Paid
DCP-2023-031673,2023-06-06,2023,Q2,June,6,Obajana Plant (Kogi),North Central,Abuja DC,Imo,Wholesaler,Dangote BLC,1100,55.0,36827.83,2025530.77,1274795.7,1492837.5,-742102.43,-36.64,1551,Road (Truck),1,1,0,1,Delivered,None,9448.0,98.3,3.1,Cash & Carry,Paid
DCP-2023-031927,2023-06-06,2023,Q2,June,6,Dangote Cement Senegal,West Africa,Kano DC,Rivers,Government,Dangote 3X (42.5N),3730,186.5,38983.88,7270492.72,4195584.1,2695857.5,379051.12,5.21,826,Road (Truck),12,12,0,1,Delivered,None,19376.0,87.8,4.5,30-Day Credit,Pending
DCP-2023-031933,2023-06-06,2023,Q2,June,6,Ibese Plant (Ogun),Southwest,Benin DC,Sokoto,Retailer,Dangote OPC (52.5R),263,13.15,42911.38,564284.6,315846.79,108053.55,140384.26,24.88,913,Rail,11,11,0,1,Delivered,None,31644.0,99.3,,Advance Payment,Paid
DCP-2023-031956,2023-06-06,2023,Q2,June,6,Gboko Plant (Benue),North Central,Ibadan DC,Lagos,Contractor,Dangote Falcon,9884,494.2,52875.87,26131252.69,18324192.33,4808566.0,2998494.36,11.47,556,Road (Truck),13,13,0,1,Delivered,None,56481.0,88.7,4.5,Advance Payment,Paid
DCP-2023-032134,2023-06-06,2023,Q2,June,6,Obajana Plant (Kogi),North Central,Abuja DC,Kwara,Wholesaler,Dangote OPC (52.5R),3768,188.4,47897.72,9023930.72,5911411.56,2729916.0,382603.16,4.24,828,Road (Truck),12,12,0,1,Delivered,None,22421.0,91.2,3.1,Cash & Carry,Paid
DCP-2023-032213,2023-06-06,2023,Q2,June,6,Benue Plant (Benue),North Central,Enugu DC,Katsina,Wholesaler,Dangote OPC (52.5R),658,32.9,47553.17,1564499.32,903042.58,74847.5,586609.24,37.5,325,River Barge,9,18,9,0,In Transit,Truck Breakdown,36512.0,90.7,4.7,Letter of Credit,Paid
DCP-2023-031456,2023-06-07,2023,Q2,June,6,Gboko Plant (Benue),North Central,Kano DC,Cross River,Wholesaler,Dangote 3X (42.5N),2157,107.85,35815.71,3862723.82,2173475.81,1211371.2,477876.81,12.37,1248,Rail,2,2,0,1,Delivered,None,81061.0,86.5,4.9,60-Day Credit,Overdue
DCP-2023-031550,2023-06-07,2023,Q2,June,6,Benue Plant (Benue),North Central,Kaduna DC,Imo,Retailer,Dangote BLC,324,16.2,37110.9,601196.57,356859.7,388054.8,-143717.93,-23.91,1711,Road (Articulated),1,12,11,0,Delayed,Truck Breakdown,25863.0,99.4,4.0,Cash & Carry,Paid
DCP-2023-031938,2023-06-07,2023,Q2,June,6,Ibese Plant (Ogun),Southwest,Port Harcourt DC,Ebonyi,Wholesaler,Dangote 3X (42.5N),2678,133.9,38211.73,5116550.43,3573351.59,2673648.25,-1130449.41,-22.09,1141,Road (Truck),13,13,0,1,Delivered,None,6944.0,88.9,3.8,Cash & Carry,Paid
DCP-2023-031267,2023-06-08,2023,Q2,June,6,Ibese Plant (Ogun),Southwest,Ibadan DC,Zamfara,Contractor,Dangote 3X (42.5N),4103,205.15,35828.85,7350288.33,4205457.39,4598950.12,-1454119.18,-19.78,1281,Road (Truck),9,9,0,1,Delivered,None,29030.0,93.6,5.0,60-Day Credit,Paid
DCP-2023-031301,2023-06-08,2023,Q2,June,6,Dangote Cement Senegal,West Africa,Port Harcourt DC,Anambra,Wholesaler,Dangote 3X (42.5N),402,20.1,35494.19,713433.21,505373.36,70701.75,137358.1,19.25,201,Road (Truck),10,17,7,0,Delayed,Fuel Shortage,84416.0,89.2,3.0,Advance Payment,Paid
DCP-2023-032174,2023-06-08,2023,Q2,June,6,Ibese Plant (Ogun),Southwest,Enugu DC,Zamfara,Contractor,Dangote 3X (42.5N),6176,308.8,35523.34,10969608.72,7164257.0,8846348.0,-5040996.28,-45.95,1637,Road (Truck),4,4,0,1,Delivered,None,36345.0,97.0,4.2,Cash & Carry,Pending
DCP-2023-031428,2023-06-09,2023,Q2,June,6,Dangote Cement Senegal,West Africa,Kano DC,Rivers,Government,Dangote 3X (42.5R),47342,2367.1,41620.85,98520713.15,70235723.23,39535304.2,-11250314.28,-11.42,1193,Road (Articulated),13,19,6,0,Delivered,Flooding,78473.0,95.5,4.2,Cash & Carry,Overdue
DCP-2023-031497,2023-06-09,2023,Q2,June,6,Obajana Plant (Kogi),North Central,Benin DC,Katsina,Contractor,Dangote 3X (42.5R),6201,310.05,36593.74,11345888.61,6388391.32,2754174.15,2203323.14,19.42,1269,River Barge,3,3,0,1,Delivered,None,41462.0,90.1,4.9,Letter of Credit,Paid
DCP-2023-032271,2023-06-09,2023,Q2,June,6,Dangote Cement Senegal,West Africa,Kaduna DC,Ebonyi,Retailer,Dangote 3X (42.5N),268,13.4,37571.65,503460.06,332169.21,153597.5,17693.35,3.51,655,Road (Truck),6,6,0,1,Delivered,None,16393.0,92.7,4.8,Advance Payment,Paid
DCP-2023-031851,2023-06-10,2023,Q2,June,6,Ibese Plant (Ogun),Southwest,Ibadan DC,Osun,Contractor,Dangote 3X (42.5R),8163,408.15,40547.35,16549402.1,9243391.37,621408.38,6684602.35,40.39,87,Road (Truck),5,5,0,1,In Transit,None,41815.0,86.5,3.1,30-Day Credit,Pending
DCP-2023-031296,2023-06-11,2023,Q2,June,6,Obajana Plant (Kogi),North Central,Benin DC,Ebonyi,Retailer,Dangote 3X (42.5R),11,0.55,39186.76,21552.72,13694.5,8643.25,-785.03,-3.64,898,Road (Truck),12,12,0,1,Delivered,None,84946.0,90.8,3.2,60-Day Credit,Paid
DCP-2023-032108,2023-06-11,2023,Q2,June,6,Ibese Plant (Ogun),Southwest,Maiduguri DC,Sokoto,Wholesaler,Dangote OPC (52.5R),312,15.6,43521.78,678939.82,460958.78,55255.2,162725.84,23.97,506,River Barge,4,4,0,1,Delivered,None,84650.0,92.2,4.7,60-Day Credit,Overdue
DCP-2023-031804,2023-06-12,2023,Q2,June,6,Obajana Plant (Kogi),North Central,Onitsha DC,Nassarawa,Retailer,Dangote 3X (42.5R),426,21.3,37946.33,808256.85,567212.63,411516.0,-170471.78,-21.09,1380,Road (Articulated),2,9,7,0,Delayed,Security Incident,12147.0,85.4,3.2,60-Day Credit,Paid
DCP-2023-031462,2023-06-13,2023,Q2,June,6,Obajana Plant (Kogi),North Central,Kano DC,Benue,Wholesaler,Dangote 3X (42.5R),3086,154.3,39469.38,6090125.26,3971295.67,84710.7,2034118.89,33.4,61,Rail,5,17,12,0,Delivered,Fuel Shortage,36869.0,98.2,4.3,Cash & Carry,Pending
DCP-2023-031649,2023-06-13,2023,Q2,June,6,Obajana Plant (Kogi),North Central,Ibadan DC,Abuja,Contractor,Dangote 3X (42.5N),8023,401.15,35519.05,14248465.2,10104504.19,5110651.0,-966689.99,-6.78,910,Road (Articulated),9,21,12,0,Returned,Customs Delay,57872.0,91.8,4.8,Letter of Credit,Paid
DCP-2023-031742,2023-06-13,2023,Q2,June,6,Obajana Plant (Kogi),North Central,Enugu DC,Katsina,Wholesaler,Dangote 3X (42.5R),2886,144.3,41819.7,6034582.38,4106094.21,4060602.0,-2132113.83,-35.33,1608,Road (Truck),12,12,0,1,Delivered,None,60783.0,95.1,4.6,60-Day Credit,Paid
DCP-2023-031808,2023-06-13,2023,Q2,June,6,Ibese Plant (Ogun),Southwest,Abuja DC,Ebonyi,Contractor,Dangote 3X (42.5N),4896,244.8,36837.29,9017769.74,6126785.25,2261952.0,629032.49,6.98,528,Road (Truck),7,12,5,0,In Transit,Truck Breakdown,30158.0,91.5,4.6,30-Day Credit,Paid
DCP-2023-032268,2023-06-13,2023,Q2,June,6,Ibese Plant (Ogun),Southwest,Kano DC,Kano,Wholesaler,Dangote OPC (52.5R),4991,249.55,44582.02,11125443.88,7416678.77,5712199.5,-2003434.39,-18.01,1308,Road (Truck),9,9,0,1,Delivered,None,71705.0,98.1,3.7,60-Day Credit,Paid
DCP-2023-032301,2023-06-13,2023,Q2,June,6,Obajana Plant (Kogi),North Central,Ibadan DC,Nassarawa,Wholesaler,Dangote 3X (42.5R),4639,231.95,40096.21,9300315.63,5130619.83,3815577.5,354118.3,3.81,940,Road (Truck),14,14,0,1,Delivered,None,75864.0,92.5,4.7,Cash & Carry,Paid
DCP-2023-031595,2023-06-14,2023,Q2,June,6,Gboko Plant (Benue),North Central,Onitsha DC,Akwa Ibom,Wholesaler,Dangote Falcon,3935,196.75,46489.04,9146718.6,5636553.39,3188333.75,321831.46,3.52,926,Road (Truck),11,11,0,1,Delivered,None,66752.0,96.2,3.3,Cash & Carry,Paid
DCP-2023-031640,2023-06-14,2023,Q2,June,6,Benue Plant (Benue),North Central,Enugu DC,Kogi,Wholesaler,Dangote 3X (42.5N),2364,118.2,37721.9,4458728.26,2795786.05,2555011.2,-892068.99,-20.01,1544,Road (Articulated),6,6,0,1,Delivered,None,76561.0,98.8,4.9,60-Day Credit,Paid
DCP-2023-031895,2023-06-15,2023,Q2,June,6,Ibese Plant (Ogun),Southwest,Onitsha DC,Cross River,Contractor,Dangote OPC (52.5R),2898,144.9,42500.45,6158315.17,4289754.93,1758796.2,109764.04,1.78,867,Road (Articulated),5,6,1,0,Delayed,Fuel Shortage,24688.0,99.5,3.3,Advance Payment,Paid
DCP-2023-031987,2023-06-15,2023,Q2,June,6,Benue Plant (Benue),North Central,Benin DC,Enugu,Retailer,Dangote OPC (52.5R),254,12.7,44367.24,563463.92,374706.67,152374.6,36382.65,6.46,857,Road (Articulated),2,10,8,0,Delayed,Truck Breakdown,10364.0,91.0,3.8,60-Day Credit,Pending
DCP-2023-031416,2023-06-16,2023,Q2,June,6,Gboko Plant (Benue),North Central,Maiduguri DC,Imo,Retailer,Dangote OPC (52.5R),474,23.7,44297.44,1049849.34,679640.3,372860.25,-2651.21,-0.25,899,Road (Truck),10,10,0,1,Delivered,None,52718.0,85.1,4.1,Cash & Carry,Pending
DCP-2023-031421,2023-06-16,2023,Q2,June,6,Ibese Plant (Ogun),Southwest,Onitsha DC,Kebbi,Wholesaler,Dangote 3X (42.5R),2817,140.85,38518.95,5425394.06,3894631.28,2913482.25,-1382719.47,-25.49,1182,Road (Truck),9,14,5,0,Delayed,Truck Breakdown,40403.0,93.9,4.8,30-Day Credit,Paid
DCP-2023-031492,2023-06-16,2023,Q2,June,6,Benue Plant (Benue),North Central,Kaduna DC,Delta,Contractor,Dangote BLC,6292,314.6,35970.49,11316316.38,6965344.52,7905898.0,-3554926.14,-31.41,1436,Road (Truck),6,6,0,1,Delivered,None,15541.0,90.9,4.5,60-Day Credit,Paid
DCP-2023-031671,2023-06-16,2023,Q2,June,6,Benue Plant (Benue),North Central,Ibadan DC,Enugu,Government,Dangote 3X (42.5N),13700,685.0,37834.01,25916300.2,14403617.17,6988712.5,4523970.53,17.46,583,Road (Truck),8,8,0,1,Delivered,None,36398.0,95.9,3.0,Advance Payment,Overdue
DCP-2023-032047,2023-06-17,2023,Q2,June,6,Dangote Cement Senegal,West Africa,Kano DC,Kwara,Wholesaler,Dangote OPC (52.5R),3129,156.45,42544.86,6656143.67,4508568.95,1754977.88,392596.84,5.9,641,Road (Truck),14,14,0,1,In Transit,None,66269.0,99.9,4.6,30-Day Credit,Pending
DCP-2023-031186,2023-06-18,2023,Q2,June,6,Obajana Plant (Kogi),North Central,Ibadan DC,Kaduna,Wholesaler,Dangote 3X (42.5N),4601,230.05,34895.47,8027703.16,5455175.6,3486637.8,-914110.24,-11.39,1684,Rail,5,5,0,1,Delivered,None,41426.0,99.0,5.0,60-Day Credit,Paid
DCP-2023-031272,2023-06-18,2023,Q2,June,6,Dangote Cement Senegal,West Africa,Onitsha DC,Cross River,Wholesaler,Dangote 3X (42.5R),2608,130.4,39975.32,5212781.48,3431851.1,3209404.8,-1428474.42,-27.4,1758,Road (Articulated),13,19,6,0,Delayed,Road Damage,59751.0,98.7,4.0,30-Day Credit,Overdue
DCP-2023-031325,2023-06-18,2023,Q2,June,6,Ibese Plant (Ogun),Southwest,Enugu DC,Niger,Retailer,Dangote BLC,232,11.6,35985.74,417434.53,279556.38,239540.0,-101661.85,-24.35,1180,Road (Truck),7,7,0,1,Delivered,None,40611.0,93.0,3.0,Cash & Carry,Paid
DCP-2023-031476,2023-06-18,2023,Q2,June,6,Gboko Plant (Benue),North Central,Port Harcourt DC,Sokoto,Contractor,Dangote BLC,6339,316.95,36407.26,11539281.57,7300018.59,7981593.38,-3742330.4,-32.43,1439,Road (Truck),9,16,7,0,Delayed,Strike Action,73156.0,93.8,4.7,Cash & Carry,Paid
DCP-2023-031849,2023-06-18,2023,Q2,June,6,Gboko Plant (Benue),North Central,Port Harcourt DC,Ondo,Retailer,Dangote 3X (42.5N),326,16.3,36553.31,595818.98,412975.92,384231.75,-201388.69,-33.8,1347,Road (Truck),13,17,4,0,In Transit,Fuel Shortage,16487.0,99.3,4.4,60-Day Credit,Paid
DCP-2023-031997,2023-06-18,2023,Q2,June,6,Ibese Plant (Ogun),Southwest,Lagos DC,Kogi,Wholesaler,Dangote 3X (42.5R),4483,224.15,38295.26,8583881.42,6130663.83,3985387.0,-1532169.41,-17.85,1270,Road (Articulated),5,18,13,0,Delivered,Strike Action,6314.0,89.8,4.3,Cash & Carry,Overdue
DCP-2023-032272,2023-06-18,2023,Q2,June,6,Gboko Plant (Benue),North Central,Onitsha DC,Zamfara,Government,Dangote 3X (42.5R),31872,1593.6,36592.71,58314144.24,39795251.45,4685184.0,13833708.79,23.72,168,Road (Truck),2,2,0,1,Delivered,None,66132.0,90.7,3.1,60-Day Credit,Paid
DCP-2023-031214,2023-06-19,2023,Q2,June,6,Benue Plant (Benue),North Central,Kaduna DC,Bayelsa,Wholesaler,Dangote 3X (42.5R),388,19.4,38798.03,752681.78,494203.97,263112.5,-4634.69,-0.62,775,Road (Truck),3,3,0,1,Delivered,None,47467.0,98.9,3.9,Letter of Credit,Paid
DCP-2023-032152,2023-06-19,2023,Q2,June,6,Obajana Plant (Kogi),North Central,Port Harcourt DC,Niger,Retailer,Dangote BLC,433,21.65,34680.55,750833.85,470538.28,130939.2,149356.37,19.89,432,Road (Articulated),5,5,0,1,Delivered,None,31040.0,99.9,3.8,Cash & Carry,Pending
DCP-2023-031225,2023-06-20,2023,Q2,June,6,Ibese Plant (Ogun),Southwest,Kaduna DC,Akwa Ibom,Contractor,Dangote 3X (42.5N),5097,254.85,35249.83,8983418.9,5856121.32,647573.85,2479723.73,27.6,363,River Barge,14,21,7,0,Delivered,Customs Delay,55123.0,95.2,4.6,30-Day Credit,Paid
DCP-2023-031434,2023-06-20,2023,Q2,June,6,Dangote Cement Senegal,West Africa,Lagos DC,Kano,Contractor,Dangote 3X (42.5R),7683,384.15,38857.73,14927196.4,9717613.4,1732132.35,3477450.65,23.3,501,Rail,11,11,0,1,Delivered,None,50720.0,85.6,3.5,30-Day Credit,Paid
DCP-2023-031512,2023-06-20,2023,Q2,June,6,Dangote Cement Senegal,West Africa,Ibadan DC,Kwara,Retailer,Dangote 3X (42.5R),200,10.0,39997.31,399973.14,251921.03,53200.0,94852.11,23.71,304,Road (Truck),3,17,14,0,Delivered,Truck Breakdown,21012.0,95.5,4.8,30-Day Credit,Paid
DCP-2023-031762,2023-06-20,2023,Q2,June,6,Gboko Plant (Benue),North Central,Benin DC,Kebbi,Government,Dangote BLC,36249,1812.45,34583.69,62681216.95,42258431.45,28007789.85,-7585004.35,-12.1,1717,Rail,11,26,15,0,Delivered,Truck Breakdown,52136.0,89.8,3.7,Cash & Carry,Paid
DCP-2023-032122,2023-06-20,2023,Q2,June,6,Dangote Cement Senegal,West Africa,Kaduna DC,Sokoto,Government,Dangote 3X (42.5R),3807,190.35,42631.65,8114935.06,5299362.69,591036.75,2224535.62,27.41,345,Rail,1,10,9,0,In Transit,Customs Delay,47487.0,99.8,3.7,Advance Payment,Paid
DCP-2023-032148,2023-06-20,2023,Q2,June,6,Dangote Cement Senegal,West Africa,Maiduguri DC,Kwara,Contractor,Dangote Falcon,8173,408.65,46368.84,18948626.58,12765608.71,836710.87,5346307.0,28.21,117,Road (Truck),13,13,0,1,In Transit,None,56292.0,95.0,4.1,Advance Payment,Overdue
DCP-2023-032211,2023-06-20,2023,Q2,June,6,Obajana Plant (Kogi),North Central,Abuja DC,Osun,Wholesaler,Dangote Falcon,2199,109.95,48035.49,5281502.57,3730017.43,1711921.5,-160436.36,-3.04,1730,Rail,1,15,14,0,In Transit,Road Damage,72348.0,92.9,4.0,30-Day Credit,Paid
DCP-2023-031459,2023-06-21,2023,Q2,June,6,Gboko Plant (Benue),North Central,Maiduguri DC,Osun,Contractor,Dangote OPC (52.5R),7843,392.15,43642.65,17114465.58,11764888.58,8482204.5,-3132627.5,-18.3,1545,Road (Articulated),7,7,0,1,Delayed,None,38921.0,90.1,4.0,60-Day Credit,Pending
DCP-2023-031523,2023-06-21,2023,Q2,June,6,Gboko Plant (Benue),North Central,Abuja DC,Kwara,Wholesaler,Dangote 3X (42.5N),1714,85.7,37048.96,3175095.59,2180068.95,505415.75,489610.89,15.42,337,Road (Truck),10,12,2,0,Delivered,Truck Breakdown,39488.0,96.4,3.6,Cash & Carry,Paid
DCP-2023-031623,2023-06-21,2023,Q2,June,6,Benue Plant (Benue),North Central,Benin DC,Anambra,Contractor,Dangote 3X (42.5N),7814,390.7,40338.45,15760232.73,10234067.01,5073239.5,452926.22,2.87,742,Road (Truck),10,10,0,1,Delivered,None,43715.0,93.5,4.6,30-Day Credit,Paid
DCP-2023-032141,2023-06-21,2023,Q2,June,6,Gboko Plant (Benue),North Central,Enugu DC,Niger,Contractor,Dangote 3X (42.5N),9984,499.2,39762.6,19849487.79,13359890.08,8952652.8,-2463055.09,-12.41,1281,Road (Articulated),1,1,0,1,Delivered,None,9422.0,89.6,4.3,Cash & Carry,Paid
DCP-2023-031231,2023-06-22,2023,Q2,June,6,Benue Plant (Benue),North Central,Ibadan DC,Osun,Wholesaler,Dangote 3X (42.5N),2314,115.7,39302.17,4547261.27,2878078.34,496063.75,1173119.18,25.8,245,Road (Truck),6,12,6,0,Delivered,Strike Action,54566.0,89.7,3.5,Cash & Carry,Paid
DCP-2023-031185,2023-06-24,2023,Q2,June,6,Obajana Plant (Kogi),North Central,Maiduguri DC,Ebonyi,Wholesaler,Dangote 3X (42.5N),4682,234.1,40543.58,9491252.38,6522230.24,1715016.6,1254005.54,13.21,814,Rail,8,22,14,0,Delivered,Flooding,50545.0,97.1,4.2,Advance Payment,Paid
DCP-2023-032063,2023-06-24,2023,Q2,June,6,Ibese Plant (Ogun),Southwest,Lagos DC,Kebbi,Retailer,Dangote 3X (42.5R),147,7.35,39387.62,289499.0,187295.73,21994.88,80208.39,27.71,171,Road (Truck),3,3,0,1,In Transit,None,15329.0,87.7,,Cash & Carry,Paid
DCP-2023-032114,2023-06-24,2023,Q2,June,6,Obajana Plant (Kogi),North Central,Kaduna DC,Rivers,Contractor,Dangote BLC,9071,453.55,33650.09,15261999.18,9896406.76,3762197.25,1603395.17,10.51,474,Road (Truck),3,5,2,0,Delivered,Strike Action,6482.0,92.7,4.4,30-Day Credit,Paid
DCP-2023-032144,2023-06-24,2023,Q2,June,6,Ibese Plant (Ogun),Southwest,Lagos DC,Enugu,Government,Dangote OPC (52.5R),8002,400.1,45899.28,18364301.67,11409620.37,9277318.75,-2322637.45,-12.65,1325,Road (Truck),4,4,0,1,Delivered,None,9396.0,88.6,3.3,Cash & Carry,Paid
DCP-2023-031288,2023-06-25,2023,Q2,June,6,Gboko Plant (Benue),North Central,Maiduguri DC,Ogun,Retailer,Dangote OPC (52.5R),391,19.55,47015.04,919144.05,597117.66,322144.9,-118.51,-0.01,1177,Road (Articulated),10,17,7,0,Delayed,Flooding,23952.0,92.7,,30-Day Credit,Paid
DCP-2023-031628,2023-06-25,2023,Q2,June,6,Ibese Plant (Ogun),Southwest,Kaduna DC,Kwara,Retailer,Dangote BLC,419,20.95,36527.85,765258.56,444562.46,181112.75,139583.35,18.24,494,Road (Truck),8,8,0,1,Delivered,None,34105.0,97.0,3.2,Advance Payment,Paid
DCP-2023-031887,2023-06-25,2023,Q2,June,6,Gboko Plant (Benue),North Central,Kano DC,Benue,Wholesaler,Dangote 3X (42.5N),3556,177.8,35926.31,6387698.1,3707237.61,4023169.5,-1342709.01,-21.02,1293,Road (Truck),8,8,0,1,Damaged in Transit,None,38602.0,94.2,3.1,60-Day Credit,Paid
DCP-2023-031337,2023-06-26,2023,Q2,June,6,Benue Plant (Benue),North Central,Lagos DC,Akwa Ibom,Export,Dangote 3X (42.5R),9816,490.8,37057.61,18187875.76,10780881.49,3847872.0,3559122.27,19.57,448,Road (Truck),5,5,0,1,In Transit,None,33836.0,89.1,3.9,30-Day Credit,Pending
DCP-2023-031767,2023-06-26,2023,Q2,June,6,Gboko Plant (Benue),North Central,Kaduna DC,Kogi,Wholesaler,Dangote OPC (52.5R),2592,129.6,47542.86,6161555.02,3834399.51,673596.0,1653559.51,26.84,297,Road (Truck),8,8,0,1,Delivered,None,72213.0,99.4,4.9,30-Day Credit,Paid
DCP-2023-032008,2023-06-26,2023,Q2,June,6,Benue Plant (Benue),North Central,Ibadan DC,Kaduna,Retailer,Dangote 3X (42.5N),357,17.85,36875.44,658226.61,432497.71,122451.0,103277.9,15.69,980,River Barge,8,23,15,0,Delivered,Road Damage,63520.0,91.0,3.9,60-Day Credit,Paid
DCP-2023-032039,2023-06-26,2023,Q2,June,6,Benue Plant (Benue),North Central,Port Harcourt DC,Kwara,Export,Dangote Falcon,61717,3085.85,51153.12,157850866.51,106968293.43,,4397328.68,2.79,1076,Road (Articulated),7,7,0,1,Delivered,None,63213.0,90.2,3.7,30-Day Credit,Paid
DCP-2023-032241,2023-06-26,2023,Q2,June,6,Dangote Cement Senegal,West Africa,Enugu DC,Lagos,Export,Dangote 3X (42.5R),27364,1368.2,42460.23,58094087.02,38379522.04,7973185.5,11741379.48,20.21,333,Road (Truck),4,7,3,0,Delivered,Customs Delay,57757.0,94.4,3.6,30-Day Credit,Overdue
DCP-2023-031860,2023-06-27,2023,Q2,June,6,Obajana Plant (Kogi),North Central,Abuja DC,Niger,Contractor,Dangote 3X (42.5N),3924,196.2,37971.54,7450016.63,4623172.35,4471790.4,-1644946.12,-22.08,1628,Road (Articulated),7,7,0,1,In Transit,None,80789.0,91.7,3.6,Cash & Carry,Paid
DCP-2023-031923,2023-06-27,2023,Q2,June,6,Dangote Cement Senegal,West Africa,Port Harcourt DC,Ondo,Export,Dangote 3X (42.5N),14867,743.35,35097.82,26089962.96,14393931.5,22218731.5,-10522700.04,-40.33,1708,Road (Truck),4,4,0,1,Delivered,None,15711.0,87.2,4.8,30-Day Credit,Pending
DCP-2023-031299,2023-06-28,2023,Q2,June,6,Benue Plant (Benue),North Central,Kaduna DC,Kogi,Wholesaler,Dangote 3X (42.5R),396,19.8,42637.57,844223.87,550801.47,474012.0,-180589.6,-21.39,1368,Road (Truck),7,10,3,0,Delivered,Truck Breakdown,36693.0,90.8,3.6,Cash & Carry,Paid
DCP-2023-031802,2023-06-28,2023,Q2,June,6,Ibese Plant (Ogun),Southwest,Kaduna DC,Osun,Wholesaler,Dangote Falcon,3905,195.25,49177.49,9601905.08,6428801.09,4860163.0,-1687059.01,-17.57,1778,Road (Articulated),10,12,2,0,Delivered,Truck Breakdown,63296.0,97.9,3.2,Advance Payment,Paid
DCP-2023-031283,2023-06-29,2023,Q2,June,6,Obajana Plant (Kogi),North Central,Maiduguri DC,Plateau,Wholesaler,Dangote OPC (52.5R),3378,168.9,46066.03,7780551.98,4491347.48,3044422.5,244782.0,3.15,1030,Road (Truck),1,1,0,1,In Transit,None,62163.0,87.3,3.0,30-Day Credit,Paid
DCP-2023-031535,2023-06-29,2023,Q2,June,6,Gboko Plant (Benue),North Central,Abuja DC,Kebbi,Retailer,Dangote OPC (52.5R),347,17.35,42940.13,745011.25,504448.61,76817.12,163745.52,21.98,253,Road (Truck),7,7,0,1,Delivered,None,58802.0,99.7,4.6,30-Day Credit,Paid
DCP-2023-032105,2023-06-29,2023,Q2,June,6,Benue Plant (Benue),North Central,Onitsha DC,Kaduna,Wholesaler,Dangote 3X (42.5R),4499,224.95,41960.03,9438908.07,5388115.39,3448483.5,602309.18,6.38,876,Road (Truck),12,12,0,1,Delivered,None,42897.0,86.3,4.5,60-Day Credit,Paid
DCP-2023-032130,2023-06-29,2023,Q2,June,6,Benue Plant (Benue),North Central,Maiduguri DC,Sokoto,Contractor,Dangote 3X (42.5R),1577,78.85,38464.48,3032924.07,1952619.71,1744162.0,-663857.64,-21.89,1264,Road (Truck),13,13,0,1,Delivered,None,25479.0,94.4,3.3,Cash & Carry,Paid
DCP-2023-032257,2023-06-29,2023,Q2,June,6,Obajana Plant (Kogi),North Central,Benin DC,Kogi,Contractor,Dangote 3X (42.5N),6177,308.85,37361.86,11539209.58,8095612.65,4875506.1,-1431909.17,-12.41,1754,Rail,3,3,0,1,Delivered,None,39299.0,89.6,3.4,30-Day Credit,Paid
DCP-2023-031641,2023-06-30,2023,Q2,June,6,Ibese Plant (Ogun),Southwest,Enugu DC,Oyo,Wholesaler,Dangote Falcon,2811,140.55,50916.65,7156334.77,4945073.55,2233339.5,-22078.28,-0.31,908,Road (Truck),10,11,1,0,Delivered,Flooding,44342.0,89.9,3.3,Cash & Carry,Paid
DCP-2023-031846,2023-06-30,2023,Q2,June,6,Dangote Cement Senegal,West Africa,Maiduguri DC,Osun,Wholesaler,Dangote 3X (42.5N),1529,76.45,36690.4,2804980.89,1972431.71,173923.75,658625.43,23.48,130,Road (Truck),2,2,0,1,Delivered,None,84480.0,98.6,3.5,Advance Payment,Paid
DCP-2023-031904,2023-06-30,2023,Q2,June,6,Obajana Plant (Kogi),North Central,Enugu DC,Rivers,Contractor,Dangote 3X (42.5R),5338,266.9,42208.24,11265378.31,7050737.09,7893567.5,-3678926.28,-32.66,1690,Road (Truck),12,14,2,0,Delivered,Customs Delay,31519.0,88.4,4.9,Cash & Carry,Paid
DCP-2023-031297,2023-07-01,2023,Q3,July,7,Benue Plant (Benue),North Central,Ibadan DC,Niger,Retailer,Dangote OPC (52.5R),494,24.7,45490.21,1123608.09,744319.24,226079.1,153209.75,13.64,1017,Rail,13,13,0,1,Delivered,None,7186.0,88.2,5.0,30-Day Credit,Paid
DCP-2023-031644,2023-07-01,2023,Q3,July,7,Ibese Plant (Ogun),Southwest,Lagos DC,Plateau,Contractor,Dangote 3X (42.5R),3550,177.5,38916.14,6907614.53,3880153.04,3963575.0,-936113.51,-13.55,1276,Road (Truck),8,8,0,1,Delivered,None,19365.0,90.7,3.7,30-Day Credit,Pending
DCP-2023-032087,2023-07-01,2023,Q3,July,7,Obajana Plant (Kogi),North Central,Kaduna DC,Plateau,Wholesaler,Dangote 3X (42.5N),251,12.55,37270.81,467748.72,282105.38,280461.12,-94817.78,-20.27,1277,Road (Truck),4,9,5,0,Delayed,Truck Breakdown,61487.0,98.3,4.4,30-Day Credit,Paid
DCP-2023-032143,2023-07-01,2023,Q3,July,7,Benue Plant (Benue),North Central,Enugu DC,Ekiti,Government,Dangote 3X (42.5R),27447,1372.35,37324.01,51221611.83,35827396.69,14457707.25,936507.89,1.83,602,Road (Truck),5,5,0,1,Delivered,None,67569.0,85.4,3.3,Cash & Carry,Paid
DCP-2023-032260,2023-07-01,2023,Q3,July,7,Obajana Plant (Kogi),North Central,Kaduna DC,Plateau,Retailer,Dangote OPC (52.5R),63,3.15,46838.01,147539.74,106148.76,64441.12,-23050.14,-15.62,1169,Road (Truck),14,23,9,0,Delivered,Truck Breakdown,73897.0,89.4,3.8,Letter of Credit,Paid
DCP-2023-031542,2023-07-02,2023,Q3,July,7,Benue Plant (Benue),North Central,Benin DC,Ekiti,Contractor,Dangote 3X (42.5R),8213,410.65,41276.58,16950225.86,11370743.53,4855114.95,724367.38,4.27,1689,River Barge,13,23,10,0,In Transit,Road Damage,62225.0,98.6,4.6,30-Day Credit,Paid
DCP-2023-031647,2023-07-02,2023,Q3,July,7,Gboko Plant (Benue),North Central,Ibadan DC,Niger,Retailer,Dangote 3X (42.5R),39,1.95,42024.93,81948.61,52096.78,44567.25,-14715.42,-17.96,1306,Road (Truck),14,18,4,0,Delivered,Fuel Shortage,64126.0,86.7,4.8,Cash & Carry,Paid
DCP-2023-031898,2023-07-02,2023,Q3,July,7,Dangote Cement Senegal,West Africa,Enugu DC,Rivers,Retailer,Dangote 3X (42.5R),406,20.3,42153.02,855706.27,582142.01,224518.0,49046.26,5.73,632,Road (Truck),2,2,0,1,Delivered,None,42566.0,93.6,3.2,60-Day Credit,Pending
DCP-2023-032135,2023-07-02,2023,Q3,July,7,Ibese Plant (Ogun),Southwest,Kano DC,Ogun,Wholesaler,Dangote BLC,1279,63.95,37869.61,2421761.48,1531060.43,1530963.0,-640261.95,-26.44,1710,Road (Articulated),12,12,0,1,Delivered,None,60975.0,99.0,4.4,Cash & Carry,Pending
DCP-2023-031435,2023-07-03,2023,Q3,July,7,Benue Plant (Benue),North Central,Benin DC,Akwa Ibom,Retailer,Dangote BLC,171,8.55,37210.61,318150.67,208900.0,95610.38,13640.29,4.29,639,Road (Truck),13,13,0,1,Delivered,None,53046.0,90.2,3.1,30-Day Credit,Pending
DCP-2023-031522,2023-07-03,2023,Q3,July,7,Obajana Plant (Kogi),North Central,Kaduna DC,Kwara,Wholesaler,Dangote 3X (42.5R),710,35.5,41159.28,1461154.58,824849.96,256576.25,379728.37,25.99,413,Road (Truck),3,3,0,1,Delivered,None,44008.0,91.0,3.8,Cash & Carry,Paid
DCP-2023-031580,2023-07-03,2023,Q3,July,7,Benue Plant (Benue),North Central,Benin DC,Anambra,Wholesaler,Dangote OPC (52.5R),150,7.5,44004.4,330032.97,202538.45,141356.25,-13861.73,-4.2,1077,Road (Truck),2,2,0,1,Delivered,None,48137.0,92.5,3.1,Cash & Carry,Paid
DCP-2023-031800,2023-07-03,2023,Q3,July,7,Ibese Plant (Ogun),Southwest,Kaduna DC,Kogi,Retailer,Dangote 3X (42.5R),198,9.9,41394.58,409806.3,242018.2,73111.5,94676.6,23.1,422,Road (Truck),4,5,1,0,Delivered,Fuel Shortage,19858.0,98.9,4.1,60-Day Credit,Paid
DCP-2023-031291,2023-07-04,2023,Q3,July,7,Obajana Plant (Kogi),North Central,Enugu DC,Sokoto,Retailer,Dangote BLC,32,1.6,33896.46,54234.33,34591.69,37464.0,-17821.36,-32.86,1338,Road (Truck),14,14,0,1,In Transit,None,31945.0,91.2,3.9,60-Day Credit,Pending
DCP-2023-031541,2023-07-04,2023,Q3,July,7,Obajana Plant (Kogi),North Central,Lagos DC,Anambra,Wholesaler,Dangote 3X (42.5R),3336,166.8,36415.76,6074148.33,3642607.9,1336902.0,1094638.43,18.02,458,Road (Truck),6,6,0,1,Delayed,None,41417.0,89.6,3.1,30-Day Credit,Overdue
DCP-2023-031889,2023-07-04,2023,Q3,July,7,Benue Plant (Benue),North Central,Enugu DC,Katsina,Wholesaler,Dangote 3X (42.5R),4643,232.15,42115.95,9777217.11,5711176.58,4498138.4,-432097.87,-4.42,1384,Road (Articulated),12,12,0,1,Delivered,None,17875.0,87.2,,30-Day Credit,Paid
DCP-2023-032051,2023-07-04,2023,Q3,July,7,Ibese Plant (Ogun),Southwest,Lagos DC,Imo,Retailer,Dangote Falcon,49,2.45,52868.35,129527.47,84733.93,2486.75,42306.79,32.66,58,Road (Truck),11,11,0,1,Delivered,None,42862.0,97.7,3.3,Cash & Carry,Paid
DCP-2023-032321,2023-07-04,2023,Q3,July,7,Benue Plant (Benue),North Central,Maiduguri DC,Osun,Wholesaler,Dangote 3X (42.5R),994,49.7,42313.04,2102957.99,1511888.55,,56695.04,2.7,768,Road (Articulated),4,4,0,1,Delivered,None,82740.0,,4.4,Cash & Carry,Paid
DCP-2023-031217,2023-07-05,2023,Q3,July,7,Ibese Plant (Ogun),Southwest,Ibadan DC,Kaduna,Wholesaler,Dangote 3X (42.5N),2060,103.0,40220.72,4142734.46,2952705.69,1598817.5,-408788.73,-9.87,887,Road (Truck),11,11,0,1,Delivered,None,63297.0,86.9,4.5,30-Day Credit,Pending
DCP-2023-031944,2023-07-05,2023,Q3,July,7,Obajana Plant (Kogi),North Central,Lagos DC,Kogi,Retailer,Dangote 3X (42.5N),403,20.15,40843.42,822994.87,573983.03,277868.5,-28856.66,-3.51,788,Road (Truck),11,16,5,0,Delivered,,64431.0,,3.1,30-Day Credit,Pending
DCP-2023-031978,2023-07-05,2023,Q3,July,7,Gboko Plant (Benue),North Central,Kaduna DC,Anambra,Wholesaler,Dangote 3X (42.5R),4659,232.95,41236.87,9606129.97,5578394.18,379126.12,3648609.67,37.98,93,Road (Truck),4,13,9,0,Delivered,Strike Action,55372.0,94.1,4.2,30-Day Credit,Paid
DCP-2023-031838,2023-07-06,2023,Q3,July,7,Ibese Plant (Ogun),Southwest,Kaduna DC,Enugu,Wholesaler,Dangote 3X (42.5N),2905,145.25,38801.37,5635899.39,3301516.14,2460535.0,-126151.75,-2.24,968,Road (Truck),10,10,0,1,In Transit,None,6240.0,96.9,3.8,Letter of Credit,Paid
DCP-2023-032024,2023-07-06,2023,Q3,July,7,Ibese Plant (Ogun),Southwest,Ibadan DC,Osun,Retailer,Dangote BLC,368,18.4,35107.65,645980.71,366999.41,188692.0,90289.3,13.98,586,Road (Truck),11,22,11,0,Delivered,Truck Breakdown,57330.0,89.4,4.6,Letter of Credit,Paid
DCP-2023-032042,2023-07-06,2023,Q3,July,7,Dangote Cement Senegal,West Africa,Enugu DC,Niger,Retailer,Dangote 3X (42.5R),93,4.65,39654.78,184394.74,104651.89,35886.38,43856.47,23.78,441,Road (Truck),11,11,0,1,Delivered,None,58419.0,91.9,4.9,30-Day Credit,Paid
DCP-2023-032228,2023-07-07,2023,Q3,July,7,Gboko Plant (Benue),North Central,Maiduguri DC,Kaduna,Retailer,Dangote 3X (42.5R),202,10.1,39388.05,397819.31,260553.95,196687.4,-59422.04,-14.94,1391,Road (Articulated),1,5,4,0,Delivered,Fuel Shortage,65059.0,92.7,4.0,Advance Payment,Paid
DCP-2023-032302,2023-07-07,2023,Q3,July,7,Dangote Cement Senegal,West Africa,Enugu DC,Akwa Ibom,Retailer,Dangote 3X (42.5N),453,22.65,38880.51,880643.62,613845.21,229501.12,37297.29,4.24,579,Road (Truck),6,12,6,0,Delivered,Security Incident,19520.0,86.4,4.5,30-Day Credit,Paid
DCP-2023-031189,2023-07-08,2023,Q3,July,7,Dangote Cement Senegal,West Africa,Kaduna DC,Kebbi,Retailer,Dangote BLC,19,0.95,39050.78,37098.24,22158.8,21346.5,-6407.06,-17.27,1605,Road (Articulated),11,11,0,1,Delivered,None,73550.0,93.6,4.9,30-Day Credit,Paid
DCP-2023-031687,2023-07-08,2023,Q3,July,7,Gboko Plant (Benue),North Central,Abuja DC,Enugu,Retailer,Dangote 3X (42.5R),94,4.7,42012.46,197458.56,138404.41,44332.75,14721.4,7.46,539,Road (Truck),13,13,0,1,In Transit,None,32773.0,88.4,3.4,Advance Payment,Paid
DCP-2023-032192,2023-07-08,2023,Q3,July,7,Benue Plant (Benue),North Central,Enugu DC,Plateau,Wholesaler,Dangote Falcon,4851,242.55,49767.76,12071169.7,8127681.34,3885651.0,57837.36,0.48,1780,Rail,10,20,10,0,Delivered,Strike Action,28759.0,96.3,4.0,Advance Payment,Pending
DCP-2023-031829,2023-07-09,2023,Q3,July,7,Gboko Plant (Benue),North Central,Kaduna DC,Katsina,Contractor,Dangote 3X (42.5R),4797,239.85,41314.24,9909221.34,5531778.7,6476549.62,-2099106.98,-21.18,1543,Road (Truck),8,18,10,0,Delayed,Truck Breakdown,59364.0,85.5,5.0,Cash & Carry,Pending
DCP-2023-032082,2023-07-09,2023,Q3,July,7,Benue Plant (Benue),North Central,Ibadan DC,Abuja,Contractor,Dangote 3X (42.5N),9785,489.25,36613.96,17913380.91,10058005.24,2645619.38,5209756.29,29.08,309,Road (Truck),7,7,0,1,Delivered,None,6028.0,87.7,4.3,Advance Payment,Paid
DCP-2023-032137,2023-07-09,2023,Q3,July,7,Benue Plant (Benue),North Central,Onitsha DC,Abia,Retailer,Dangote 3X (42.5N),132,6.6,40407.49,266689.44,169108.37,42114.6,55466.47,20.8,709,Rail,9,9,0,1,Delivered,None,29114.0,88.2,4.7,60-Day Credit,Paid
DCP-2023-032237,2023-07-09,2023,Q3,July,7,Benue Plant (Benue),North Central,Kaduna DC,Cross River,Government,Dangote 3X (42.5R),36663,1833.15,36932.51,67702827.05,43297993.12,19068426.3,5336407.63,7.88,743,Road (Articulated),13,13,0,1,Delivered,None,9989.0,85.3,3.0,Cash & Carry,Paid
DCP-2023-032133,2023-07-10,2023,Q3,July,7,Gboko Plant (Benue),North Central,Maiduguri DC,Ekiti,Contractor,Dangote Falcon,8038,401.9,45264.53,18191815.23,12048456.28,6505756.25,-362397.3,-1.99,925,Road (Truck),5,12,7,0,Delayed,Road Damage,57040.0,94.2,4.5,30-Day Credit,Paid
DCP-2023-031195,2023-07-11,2023,Q3,July,7,Dangote Cement Senegal,West Africa,Ibadan DC,Edo,Wholesaler,Dangote Falcon,2061,103.05,51660.2,5323583.27,3573117.56,308840.85,1441624.86,27.08,333,Rail,14,14,0,1,Delivered,None,67977.0,98.2,4.7,Advance Payment,Pending
DCP-2023-031322,2023-07-11,2023,Q3,July,7,Gboko Plant (Benue),North Central,Ibadan DC,Oyo,Government,Dangote 3X (42.5R),26528,1326.4,38810.89,51478765.38,33391620.14,1346296.0,16740849.24,32.52,58,Road (Truck),9,9,0,1,Delivered,None,31503.0,85.4,3.7,60-Day Credit,Paid
DCP-2023-031517,2023-07-11,2023,Q3,July,7,Benue Plant (Benue),North Central,Enugu DC,Kano,Wholesaler,Dangote 3X (42.5R),2201,110.05,39984.23,4400263.98,2724552.06,1267996.1,407715.82,9.27,823,Road (Articulated),13,13,0,1,Delivered,None,46668.0,89.7,3.0,30-Day Credit,Paid
DCP-2023-031568,2023-07-11,2023,Q3,July,7,Dangote Cement Senegal,West Africa,Lagos DC,Sokoto,Wholesaler,Dangote OPC (52.5R),4557,227.85,42137.9,9601119.55,5376575.74,1427480.25,2797063.56,29.13,358,Road (Truck),9,17,8,0,Delivered,Fuel Shortage,17530.0,96.3,4.0,Letter of Credit,Overdue
DCP-2023-031660,2023-07-11,2023,Q3,July,7,Benue Plant (Benue),North Central,Maiduguri DC,Cross River,Wholesaler,Dangote 3X (42.5R),4366,218.3,36750.07,8022539.85,5502452.17,204765.4,2315322.28,28.86,67,Road (Articulated),12,12,0,1,In Transit,None,17748.0,88.0,3.4,Cash & Carry,Pending
DCP-2023-032015,2023-07-11,2023,Q3,July,7,Obajana Plant (Kogi),North Central,Kaduna DC,Delta,Government,Dangote 3X (42.5R),3228,161.4,37358.06,6029591.18,4001069.28,813456.0,1215065.9,20.15,560,Rail,12,14,2,0,Delivered,Flooding,62960.0,98.2,3.7,30-Day Credit,Paid
DCP-2023-032201,2023-07-11,2023,Q3,July,7,Gboko Plant (Benue),North Central,Abuja DC,Niger,Export,Dangote 3X (42.5N),20833,1041.65,38347.32,39944480.96,25079593.31,32064591.13,-17199703.48,-43.06,1759,Road (Truck),8,22,14,0,Delayed,Customs Delay,71272.0,93.7,3.8,Advance Payment,Overdue
DCP-2023-031309,2023-07-12,2023,Q3,July,7,Dangote Cement Senegal,West Africa,Maiduguri DC,Ogun,Contractor,Dangote BLC,9386,469.3,36072.99,16929053.75,9876903.7,4073524.0,2978626.05,17.59,496,Road (Truck),5,14,9,0,Delivered,Fuel Shortage,59102.0,99.2,3.9,30-Day Credit,Paid
DCP-2023-031945,2023-07-12,2023,Q3,July,7,Gboko Plant (Benue),North Central,Abuja DC,Rivers,Retailer,Dangote 3X (42.5N),486,24.3,37329.79,907113.86,501352.7,538366.5,-132605.34,-14.62,1266,Road (Truck),8,9,1,0,Delivered,Truck Breakdown,32484.0,98.8,4.5,Advance Payment,Paid
DCP-2023-032049,2023-07-12,2023,Q3,July,7,Ibese Plant (Ogun),Southwest,Port Harcourt DC,Cross River,Retailer,Dangote 3X (42.5R),152,7.6,38889.88,295563.06,171565.13,225834.0,-101836.07,-34.45,1698,Road (Truck),8,8,0,1,Delivered,None,17060.0,90.4,4.4,Cash & Carry,Paid
DCP-2023-031300,2023-07-13,2023,Q3,July,7,Dangote Cement Senegal,West Africa,Onitsha DC,Kebbi,Wholesaler,Dangote 3X (42.5N),2167,108.35,37701.69,4084978.06,2870477.83,1050453.25,164046.98,4.02,554,Road (Truck),2,2,0,1,Delivered,None,76363.0,97.0,3.0,Cash & Carry,Paid
DCP-2023-031444,2023-07-13,2023,Q3,July,7,Obajana Plant (Kogi),North Central,Onitsha DC,Ekiti,Retailer,Dangote 3X (42.5R),263,13.15,40806.78,536609.18,370649.51,221840.5,-55880.83,-10.41,964,Road (Truck),11,11,0,1,Delivered,None,30072.0,86.1,4.7,Cash & Carry,Overdue
DCP-2023-031899,2023-07-13,2023,Q3,July,7,Gboko Plant (Benue),North Central,Abuja DC,Delta,Wholesaler,Dangote 3X (42.5R),1926,96.3,42148.87,4058936.21,2422330.9,2045219.4,-408614.09,-10.07,1517,Road (Articulated),12,12,0,1,Delivered,None,38152.0,94.8,3.1,60-Day Credit,Paid
DCP-2023-032300,2023-07-13,2023,Q3,July,7,Obajana Plant (Kogi),North Central,Enugu DC,Akwa Ibom,Wholesaler,Dangote 3X (42.5R),379,18.95,39479.64,748139.13,428749.49,542870.12,-223480.48,-29.87,1637,Road (Truck),1,9,8,0,Delayed,Flooding,69395.0,99.8,4.2,60-Day Credit,Paid
DCP-2023-031790,2023-07-14,2023,Q3,July,7,Gboko Plant (Benue),North Central,Lagos DC,Abuja,Retailer,Dangote 3X (42.5R),496,24.8,42109.21,1044308.33,690302.04,741272.0,-387265.71,-37.08,1708,Road (Truck),14,23,9,0,In Transit,Security Incident,15546.0,99.0,4.9,Cash & Carry,Pending
DCP-2023-031223,2023-07-15,2023,Q3,July,7,Benue Plant (Benue),North Central,Onitsha DC,Ogun,Retailer,Dangote OPC (52.5R),276,13.8,45330.23,625557.18,417876.47,42310.8,165369.91,26.44,219,Road (Articulated),14,14,0,1,Delivered,None,5649.0,88.1,4.8,30-Day Credit,Paid
DCP-2023-031258,2023-07-15,2023,Q3,July,7,Gboko Plant (Benue),North Central,Ibadan DC,Sokoto,Government,Dangote 3X (42.5R),37417,1870.85,39700.39,74273483.85,50697468.68,,-880671.45,-1.19,747,Road (Truck),2,13,11,0,Delayed,Customs Delay,68965.0,96.7,3.5,30-Day Credit,Overdue
DCP-2023-031342,2023-07-15,2023,Q3,July,7,Ibese Plant (Ogun),Southwest,Abuja DC,Zamfara,Retailer,Dangote 3X (42.5R),361,18.05,40677.15,734222.53,432681.64,252447.3,49093.59,6.69,1554,Rail,14,14,0,1,Delivered,,51239.0,90.7,4.3,Cash & Carry,Paid
DCP-2023-031999,2023-07-15,2023,Q3,July,7,Ibese Plant (Ogun),Southwest,Onitsha DC,Abuja,Retailer,Dangote 3X (42.5R),200,10.0,38521.03,385210.32,272381.9,105120.0,7708.42,2.0,1168,Rail,14,18,4,0,In Transit,Customs Delay,53189.0,96.6,3.4,Cash & Carry,Paid
DCP-2023-031200,2023-07-16,2023,Q3,July,7,Dangote Cement Senegal,West Africa,Kano DC,Bayelsa,Retailer,Dangote 3X (42.5R),389,19.45,37181.62,723182.45,447432.79,223888.95,51860.71,7.17,1279,Rail,1,1,0,1,Delivered,None,27098.0,87.5,3.5,Cash & Carry,Pending
DCP-2023-031943,2023-07-16,2023,Q3,July,7,Ibese Plant (Ogun),Southwest,Onitsha DC,Nassarawa,Retailer,Dangote 3X (42.5R),112,5.6,36979.45,207084.93,125165.11,106036.0,-24116.18,-11.65,1082,Road (Truck),1,1,0,1,Delivered,None,13158.0,87.1,3.8,30-Day Credit,Paid
DCP-2023-032040,2023-07-16,2023,Q3,July,7,Gboko Plant (Benue),North Central,Onitsha DC,Katsina,Retailer,Dangote 3X (42.5N),346,17.3,40172.74,694988.42,442516.87,84164.5,168307.05,24.22,278,Road (Truck),1,1,0,1,Delivered,None,25895.0,94.6,3.7,Cash & Carry,Paid
DCP-2023-032097,2023-07-16,2023,Q3,July,7,Obajana Plant (Kogi),North Central,Port Harcourt DC,Plateau,Government,Dangote 3X (42.5R),14695,734.75,38798.8,28507420.58,16983324.09,7303415.0,4220681.49,14.81,568,Road (Truck),2,15,13,0,Delayed,Customs Delay,71478.0,96.0,3.3,Cash & Carry,Paid
DCP-2023-032227,2023-07-16,2023,Q3,July,7,Ibese Plant (Ogun),Southwest,Kano DC,Kano,Government,Dangote 3X (42.5R),32577,1628.85,39455.83,64267625.54,42383389.81,35745113.25,-13860877.52,-21.57,1254,Road (Truck),13,13,0,1,Delivered,None,80175.0,96.3,3.6,60-Day Credit,Paid
DCP-2023-031506,2023-07-17,2023,Q3,July,7,Gboko Plant (Benue),North Central,Ibadan DC,Akwa Ibom,Export,Dangote BLC,51523,2576.15,38975.04,100405562.17,60924922.6,16734670.4,22745969.17,22.65,464,Road (Articulated),6,6,0,1,Delivered,,73199.0,99.9,4.7,Cash & Carry,Paid
DCP-2023-031609,2023-07-17,2023,Q3,July,7,Dangote Cement Senegal,West Africa,Onitsha DC,Katsina,Government,Dangote Falcon,41375,2068.75,47211.22,97668209.04,57878046.58,16537587.5,23252574.96,23.81,571,Road (Articulated),13,13,0,1,In Transit,None,65739.0,95.1,4.2,Cash & Carry,Overdue
DCP-2023-031678,2023-07-17,2023,Q3,July,7,Benue Plant (Benue),North Central,Port Harcourt DC,Sokoto,Wholesaler,Dangote 3X (42.5N),136,6.8,36979.79,251462.6,151510.22,13035.6,86916.78,34.56,213,Rail,2,2,0,1,Delivered,None,13435.0,97.2,4.0,Cash & Carry,Paid
DCP-2023-031704,2023-07-17,2023,Q3,July,7,Gboko Plant (Benue),North Central,Kano DC,Rivers,Contractor,Dangote 3X (42.5R),8640,432.0,40215.91,17373271.9,9589040.0,4015872.0,3768359.9,21.69,1328,River Barge,6,6,0,1,Delivered,None,64240.0,98.2,3.8,30-Day Credit,Paid
DCP-2023-031848,2023-07-17,2023,Q3,July,7,Ibese Plant (Ogun),Southwest,Benin DC,Cross River,Retailer,Dangote 3X (42.5N),166,8.3,38687.82,321108.89,194324.06,225863.75,-99078.92,-30.86,1555,Road (Truck),14,17,3,0,Delayed,Customs Delay,42992.0,87.0,4.6,Advance Payment,Paid
DCP-2023-032210,2023-07-17,2023,Q3,July,7,Benue Plant (Benue),North Central,Lagos DC,Delta,Wholesaler,Dangote 3X (42.5R),1444,72.2,37205.23,2686217.67,1525720.1,405583.5,754914.07,28.1,321,Road (Truck),8,19,11,0,Delivered,Flooding,27758.0,94.6,3.7,Letter of Credit,Paid
DCP-2023-031577,2023-07-18,2023,Q3,July,7,Benue Plant (Benue),North Central,Lagos DC,Lagos,Retailer,Dangote OPC (52.5R),411,20.55,42142.16,866021.32,604737.87,303523.5,-42240.05,-4.88,1055,Road (Articulated),4,4,0,1,Delivered,None,60823.0,88.1,3.4,Advance Payment,Paid
DCP-2023-032112,2023-07-18,2023,Q3,July,7,Ibese Plant (Ogun),Southwest,Kaduna DC,Ebonyi,Retailer,Dangote 3X (42.5N),271,13.55,39740.56,538484.63,385217.95,223846.0,-70579.32,-13.11,944,Road (Truck),4,4,0,1,In Transit,None,29024.0,95.0,4.4,Letter of Credit,Paid
DCP-2023-031706,2023-07-19,2023,Q3,July,7,Gboko Plant (Benue),North Central,Maiduguri DC,Katsina,Government,Dangote 3X (42.5N),16270,813.5,35438.58,28829281.3,20411384.71,20044640.0,-11626743.41,-40.33,1408,Road (Truck),11,11,0,1,Delivered,None,21448.0,98.5,4.1,Letter of Credit,Paid
DCP-2023-032128,2023-07-19,2023,Q3,July,7,Benue Plant (Benue),North Central,Port Harcourt DC,Ondo,Wholesaler,Dangote 3X (42.5R),1674,83.7,38282.96,3204284.08,1922196.53,994565.25,287522.3,8.97,679,Road (Truck),3,3,0,1,Delivered,None,64997.0,89.0,4.2,Cash & Carry,Overdue
DCP-2023-031526,2023-07-20,2023,Q3,July,7,Benue Plant (Benue),North Central,Enugu DC,Rivers,Wholesaler,Dangote OPC (52.5R),707,35.35,43212.3,1527554.94,888616.93,536400.9,102537.11,6.71,1686,Rail,4,12,8,0,Delayed,Fuel Shortage,31156.0,94.1,3.2,30-Day Credit,Overdue
DCP-2023-031697,2023-07-20,2023,Q3,July,7,Dangote Cement Senegal,West Africa,Lagos DC,Osun,Export,Dangote 3X (42.5N),25699,1284.95,37476.19,48155036.18,29220858.78,2572469.9,16361707.5,33.98,143,Road (Articulated),13,13,0,1,Delivered,None,83948.0,87.0,4.5,30-Day Credit,Paid
DCP-2023-031603,2023-07-22,2023,Q3,July,7,Gboko Plant (Benue),North Central,Onitsha DC,Benue,Retailer,Dangote 3X (42.5R),55,2.75,37349.66,102711.56,73441.8,14966.88,14302.88,13.93,311,Road (Truck),12,12,0,1,Delivered,None,78425.0,94.5,4.7,Cash & Carry,Paid
DCP-2023-031703,2023-07-22,2023,Q3,July,7,Dangote Cement Senegal,West Africa,Enugu DC,Katsina,Export,Dangote 3X (42.5R),53951,2697.55,42141.96,113680036.03,70616340.92,24283345.1,18780350.01,16.52,643,Road (Articulated),1,1,0,1,Delivered,None,39188.0,91.0,4.0,30-Day Credit,Paid
DCP-2023-031525,2023-07-23,2023,Q3,July,7,Dangote Cement Senegal,West Africa,Maiduguri DC,Kwara,Retailer,Dangote BLC,155,7.75,35691.39,276608.3,159368.47,32224.5,85015.33,30.73,297,Road (Articulated),14,16,2,0,Delivered,Fuel Shortage,76202.0,87.3,4.2,30-Day Credit,Paid
DCP-2023-031588,2023-07-23,2023,Q3,July,7,Benue Plant (Benue),North Central,Maiduguri DC,Kano,Export,Dangote OPC (52.5R),37432,1871.6,43626.03,81650476.8,56580937.54,39513219.2,-14443679.94,-17.69,1508,Road (Articulated),6,18,12,0,Delivered,Fuel Shortage,58144.0,86.0,4.3,Advance Payment,Paid
DCP-2023-031866,2023-07-23,2023,Q3,July,7,Ibese Plant (Ogun),Southwest,Benin DC,Ogun,Wholesaler,Dangote Falcon,3144,157.2,49933.39,7849529.07,5498200.38,3645075.0,-1293746.31,-16.48,1325,Road (Truck),2,2,0,1,In Transit,None,65262.0,91.5,3.8,Advance Payment,Paid
DCP-2023-031390,2023-07-24,2023,Q3,July,7,Obajana Plant (Kogi),North Central,Abuja DC,Benue,Retailer,Dangote 3X (42.5R),164,8.2,36993.73,303348.6,205482.41,86243.5,11622.69,3.83,601,Road (Truck),2,2,0,1,Delivered,None,14019.0,89.7,3.4,30-Day Credit,Paid
DCP-2023-031409,2023-07-24,2023,Q3,July,7,Benue Plant (Benue),North Central,Maiduguri DC,Akwa Ibom,Wholesaler,Dangote 3X (42.5N),1214,60.7,36266.04,2201348.87,1582317.68,334608.75,284422.44,12.92,315,Road (Truck),6,9,3,0,Delayed,Fuel Shortage,66662.0,88.5,3.3,60-Day Credit,Pending
DCP-2023-031437,2023-07-24,2023,Q3,July,7,Dangote Cement Senegal,West Africa,Maiduguri DC,Akwa Ibom,Retailer,Dangote OPC (52.5R),412,20.6,45676.28,940931.37,524865.99,310030.0,106035.38,11.27,860,Road (Truck),3,15,12,0,In Transit,Flooding,59705.0,85.7,3.1,30-Day Credit,Overdue
DCP-2023-031613,2023-07-24,2023,Q3,July,7,Dangote Cement Senegal,West Africa,Lagos DC,Lagos,Contractor,Dangote OPC (52.5R),1923,96.15,46817.52,4501504.93,3051159.57,285373.2,1164972.16,25.88,212,Road (Articulated),7,21,14,0,Damaged in Transit,Strike Action,22005.0,96.4,4.9,Letter of Credit,Paid
DCP-2023-032161,2023-07-24,2023,Q3,July,7,Ibese Plant (Ogun),Southwest,Ibadan DC,Enugu,Retailer,Dangote BLC,176,8.8,34605.68,304530.01,197573.12,113590.4,-6633.51,-2.18,922,Road (Articulated),1,7,6,0,Delayed,Security Incident,30897.0,87.2,4.1,30-Day Credit,Paid
DCP-2023-032297,2023-07-24,2023,Q3,July,7,Ibese Plant (Ogun),Southwest,Enugu DC,Katsina,Wholesaler,Dangote 3X (42.5N),3926,196.3,36104.41,7087295.56,4561557.21,1407078.4,1118659.95,15.78,1024,River Barge,13,13,0,1,Delivered,None,30824.0,85.2,3.3,Advance Payment,Pending
DCP-2023-031257,2023-07-25,2023,Q3,July,7,Obajana Plant (Kogi),North Central,Kaduna DC,Kebbi,Export,Dangote OPC (52.5R),38893,1944.65,47119.41,91630767.14,50432844.8,44342881.62,-3144959.28,-3.43,1303,Road (Truck),3,3,0,1,Delivered,None,75396.0,89.8,3.3,Cash & Carry,Paid
DCP-2023-031286,2023-07-25,2023,Q3,July,7,Ibese Plant (Ogun),Southwest,Ibadan DC,Kogi,Government,Dangote 3X (42.5N),6859,342.95,40423.26,13863157.31,9170334.23,1478457.45,3214365.63,23.19,479,Rail,3,3,0,1,Delivered,None,32959.0,97.5,3.7,Cash & Carry,Pending
DCP-2023-031714,2023-07-25,2023,Q3,July,7,Obajana Plant (Kogi),North Central,Abuja DC,Katsina,Wholesaler,Dangote OPC (52.5R),1938,96.9,44020.65,4265601.15,3044411.44,,588674.96,13.8,373,Road (Truck),13,13,0,1,Delivered,None,21078.0,86.5,4.4,Letter of Credit,Paid
DCP-2023-031749,2023-07-25,2023,Q3,July,7,Ibese Plant (Ogun),Southwest,Lagos DC,Ogun,Contractor,Dangote 3X (42.5R),3490,174.5,40833.56,7125456.34,4062083.28,488600.0,2574773.06,36.13,160,Road (Truck),2,2,0,1,Delivered,None,45833.0,98.1,4.9,Letter of Credit,Pending
DCP-2023-031946,2023-07-25,2023,Q3,July,7,Obajana Plant (Kogi),North Central,Kaduna DC,Delta,Wholesaler,Dangote OPC (52.5R),1290,64.5,48785.99,3146696.4,2066246.96,569793.0,510656.44,16.23,631,Road (Articulated),12,19,7,0,Delivered,Road Damage,48035.0,,4.3,Letter of Credit,Paid
DCP-2023-032089,2023-07-25,2023,Q3,July,7,Gboko Plant (Benue),North Central,Maiduguri DC,Kebbi,Government,Dangote OPC (52.5R),13581,679.05,45432.05,30850635.14,18407119.48,4173441.3,8270074.36,26.81,439,Road (Articulated),2,2,0,1,Delivered,None,48288.0,93.3,3.8,60-Day Credit,Paid
DCP-2023-032242,2023-07-25,2023,Q3,July,7,Obajana Plant (Kogi),North Central,Port Harcourt DC,Rivers,Contractor,Dangote 3X (42.5R),2334,116.7,37009.08,4318959.36,2760168.52,1980982.5,-422191.66,-9.78,970,Road (Truck),12,20,8,0,Delivered,Truck Breakdown,46445.0,87.5,4.0,30-Day Credit,Paid
DCP-2023-031422,2023-07-26,2023,Q3,July,7,Dangote Cement Senegal,West Africa,Enugu DC,Rivers,Wholesaler,Dangote 3X (42.5R),432,21.6,41060.45,886905.69,496506.51,204120.0,186279.18,21.0,540,Road (Truck),14,24,10,0,Delayed,Road Damage,36195.0,90.9,4.2,30-Day Credit,Paid
DCP-2023-031424,2023-07-26,2023,Q3,July,7,Gboko Plant (Benue),North Central,Benin DC,Benue,Retailer,Dangote BLC,386,19.3,34013.67,656463.81,443825.45,73291.75,139346.61,21.23,217,Road (Truck),3,3,0,1,Delivered,None,8542.0,96.3,4.5,Letter of Credit,Paid
DCP-2023-031263,2023-07-27,2023,Q3,July,7,Dangote Cement Senegal,West Africa,Benin DC,Benue,Wholesaler,Dangote 3X (42.5R),516,25.8,40898.68,1055186.02,590290.44,413212.8,51682.78,4.9,1144,Road (Articulated),6,6,0,1,Delivered,None,80108.0,87.8,3.0,Advance Payment,Paid
DCP-2023-031423,2023-07-27,2023,Q3,July,7,Dangote Cement Senegal,West Africa,Enugu DC,Ondo,Export,Dangote BLC,29466,1473.3,37277.48,54920913.38,33837263.64,44707288.5,-23623638.76,-43.01,1734,Road (Truck),8,8,0,1,Delivered,None,8601.0,90.0,,30-Day Credit,Paid
DCP-2023-031622,2023-07-27,2023,Q3,July,7,Ibese Plant (Ogun),Southwest,Abuja DC,Ondo,Government,Dangote BLC,17686,884.3,35897.84,31744457.37,21022498.2,1563000.25,9158958.92,28.85,101,Road (Truck),5,5,0,1,Delivered,None,24716.0,99.7,4.0,30-Day Credit,Overdue
DCP-2023-031627,2023-07-27,2023,Q3,July,7,Ibese Plant (Ogun),Southwest,Kano DC,Katsina,Wholesaler,Dangote BLC,1949,97.45,38267.09,3729128.21,2618378.3,744615.45,366134.46,9.82,849,Rail,1,8,7,0,In Transit,Flooding,24667.0,96.7,3.2,60-Day Credit,Paid
DCP-2023-032081,2023-07-27,2023,Q3,July,7,Benue Plant (Benue),North Central,Kaduna DC,Lagos,Contractor,Dangote 3X (42.5R),5776,288.8,39665.12,11455285.52,6352030.74,631750.0,4471504.78,39.03,125,Road (Truck),1,2,1,0,Delivered,Fuel Shortage,8444.0,94.4,3.4,Cash & Carry,Pending
DCP-2023-032153,2023-07-27,2023,Q3,July,7,Gboko Plant (Benue),North Central,Kaduna DC,Cross River,Wholesaler,Dangote OPC (52.5R),1624,81.2,45691.68,3710164.46,2085550.41,406406.0,1218208.05,32.83,286,Road (Truck),8,8,0,1,Delivered,None,32811.0,95.7,4.4,Cash & Carry,Overdue
DCP-2023-031630,2023-07-28,2023,Q3,July,7,Gboko Plant (Benue),North Central,Benin DC,Delta,Retailer,Dangote 3X (42.5R),471,23.55,38788.34,913465.35,530052.59,419048.7,-35635.94,-3.9,1271,Road (Articulated),8,8,0,1,Delivered,None,21344.0,88.2,4.8,30-Day Credit,Pending
DCP-2023-031716,2023-07-28,2023,Q3,July,7,Benue Plant (Benue),North Central,Kaduna DC,Ekiti,Government,Dangote BLC,12006,600.3,35843.23,21516691.6,12360311.28,8005000.5,1151379.82,5.35,762,Road (Truck),2,2,0,1,Damaged in Transit,None,23571.0,86.0,4.0,Advance Payment,Paid
DCP-2023-032067,2023-07-28,2023,Q3,July,7,Obajana Plant (Kogi),North Central,Ibadan DC,Kogi,Wholesaler,Dangote OPC (52.5R),580,29.0,48772.85,1414412.66,980174.92,890155.0,-455917.26,-32.23,1754,Road (Truck),2,2,0,1,In Transit,None,61901.0,87.9,3.2,30-Day Credit,Paid
DCP-2023-032075,2023-07-28,2023,Q3,July,7,Obajana Plant (Kogi),North Central,Abuja DC,Edo,Wholesaler,Dangote OPC (52.5R),4870,243.5,46628.8,11354113.26,6703285.0,688618.0,3962210.26,34.9,202,Road (Articulated),10,23,13,0,Delayed,Customs Delay,26511.0,85.9,4.6,30-Day Credit,Paid
DCP-2023-031197,2023-07-29,2023,Q3,July,7,Gboko Plant (Benue),North Central,Kaduna DC,Nassarawa,Contractor,Dangote 3X (42.5R),2657,132.85,38175.99,5071680.26,3016516.56,1278681.25,776482.45,15.31,550,Road (Truck),13,13,0,1,Delivered,None,34237.0,90.1,3.4,Cash & Carry,Paid
DCP-2023-031261,2023-07-29,2023,Q3,July,7,Ibese Plant (Ogun),Southwest,Maiduguri DC,Enugu,Wholesaler,Dangote 3X (42.5R),4830,241.5,38238.64,9234630.55,5749561.78,2239912.5,1245156.27,13.48,530,Road (Truck),3,3,0,1,Delivered,None,42681.0,85.3,3.2,Cash & Carry,Paid
DCP-2023-031454,2023-07-29,2023,Q3,July,7,Ibese Plant (Ogun),Southwest,Kaduna DC,Niger,Retailer,Dangote 3X (42.5N),100,5.0,37664.81,188324.07,120215.42,89687.5,-21578.85,-11.46,1025,Road (Truck),10,10,0,1,Delivered,None,39012.0,88.1,4.6,Cash & Carry,Paid
DCP-2023-031720,2023-07-29,2023,Q3,July,7,Obajana Plant (Kogi),North Central,Enugu DC,Osun,Wholesaler,Dangote Falcon,191,9.55,47806.6,456553.03,279464.06,178656.62,-1567.65,-0.34,1069,Road (Truck),3,9,6,0,Delivered,Road Damage,36878.0,92.4,4.6,Cash & Carry,Paid
DCP-2023-031952,2023-07-29,2023,Q3,July,7,Benue Plant (Benue),North Central,Kaduna DC,Benue,Retailer,Dangote 3X (42.5R),428,21.4,37411.7,800610.42,562687.72,444157.0,-206234.3,-25.76,1186,Road (Truck),6,6,0,1,Delivered,None,56902.0,100.0,4.9,Cash & Carry,Overdue
DCP-2023-032150,2023-07-29,2023,Q3,July,7,Obajana Plant (Kogi),North Central,Ibadan DC,Ebonyi,Wholesaler,Dangote 3X (42.5N),1487,74.35,37269.44,2770983.22,1874314.03,478442.25,418226.94,15.09,715,Rail,3,3,0,1,Delivered,None,57695.0,93.6,3.1,Cash & Carry,Pending
DCP-2023-032048,2023-07-30,2023,Q3,July,7,Ibese Plant (Ogun),Southwest,Kano DC,Katsina,Contractor,Dangote 3X (42.5R),2720,136.0,39276.73,5341634.81,3513573.77,280840.0,1547221.04,28.97,118,Road (Truck),12,12,0,1,Delayed,None,5230.0,94.5,4.0,Cash & Carry,Paid
DCP-2023-032127,2023-07-30,2023,Q3,July,7,Obajana Plant (Kogi),North Central,Kano DC,Osun,Retailer,Dangote 3X (42.5N),413,20.65,39199.84,809476.67,486298.81,66493.0,256684.86,31.71,230,Road (Articulated),14,15,1,0,Delivered,Road Damage,18176.0,88.1,5.0,Cash & Carry,Paid
DCP-2023-032304,2023-07-30,2023,Q3,July,7,Obajana Plant (Kogi),North Central,Abuja DC,Anambra,Wholesaler,Dangote 3X (42.5R),4070,203.5,40795.17,8301817.56,5275168.79,1000711.25,2025937.52,24.4,281,Road (Truck),14,14,0,1,Delivered,None,35060.0,96.9,3.5,30-Day Credit,Paid
DCP-2023-031419,2023-07-31,2023,Q3,July,7,Gboko Plant (Benue),North Central,Ibadan DC,Akwa Ibom,Contractor,Dangote BLC,9336,466.8,36941.08,17244098.45,10063817.76,8250690.0,-1070409.31,-6.21,1010,Road (Truck),10,10,0,1,In Transit,None,12309.0,99.9,,60-Day Credit,Paid
DCP-2023-031755,2023-07-31,2023,Q3,July,7,Gboko Plant (Benue),North Central,Enugu DC,Niger,Wholesaler,Dangote BLC,1336,66.8,34725.3,2319649.79,1574792.83,281495.2,463361.76,19.98,301,Road (Articulated),6,7,1,0,Delivered,Fuel Shortage,8929.0,93.1,3.6,60-Day Credit,Pending
DCP-2023-031880,2023-07-31,2023,Q3,July,7,Ibese Plant (Ogun),Southwest,Kaduna DC,Kaduna,Retailer,Dangote 3X (42.5R),361,18.05,40441.15,729962.78,409920.52,289657.38,30384.88,4.16,917,Road (Truck),10,10,0,1,Delivered,None,67003.0,98.5,4.7,30-Day Credit,Overdue
DCP-2023-031828,2023-08-01,2023,Q3,August,8,Dangote Cement Senegal,West Africa,Ibadan DC,Benue,Wholesaler,Dangote Falcon,2775,138.75,48582.11,6740768.38,4849758.82,1434536.25,456473.31,6.77,1477,River Barge,13,13,0,1,Delivered,None,26083.0,99.9,3.1,Cash & Carry,Paid
DCP-2023-031855,2023-08-01,2023,Q3,August,8,Obajana Plant (Kogi),North Central,Port Harcourt DC,Sokoto,Retailer,Dangote BLC,148,7.4,36741.91,271890.12,192365.4,20461.0,59063.72,21.72,158,Road (Truck),11,11,0,1,Delivered,None,81009.0,88.7,4.1,Cash & Carry,Paid
DCP-2023-031343,2023-08-02,2023,Q3,August,8,Obajana Plant (Kogi),North Central,Lagos DC,Abia,Retailer,Dangote 3X (42.5R),462,23.1,37813.66,873495.48,549220.04,639927.75,-315652.31,-36.14,1583,Road (Truck),8,14,6,0,Delivered,Truck Breakdown,49773.0,92.4,4.1,Letter of Credit,Pending
DCP-2023-031310,2023-08-03,2023,Q3,August,8,Obajana Plant (Kogi),North Central,Maiduguri DC,Ekiti,Wholesaler,Dangote OPC (52.5R),688,34.4,46022.08,1583159.71,907397.74,202272.0,473489.97,29.91,336,Road (Truck),4,13,9,0,Delayed,Truck Breakdown,36811.0,89.3,4.0,Cash & Carry,Paid
DCP-2023-031501,2023-08-03,2023,Q3,August,8,Gboko Plant (Benue),North Central,Benin DC,Enugu,Wholesaler,Dangote 3X (42.5N),3723,186.15,36010.13,6703285.13,4667609.04,,-2837730.91,-42.33,1496,Road (Truck),1,1,0,1,Delivered,None,59672.0,91.2,4.1,Cash & Carry,Overdue
DCP-2023-031727,2023-08-03,2023,Q3,August,8,Obajana Plant (Kogi),North Central,Kano DC,Delta,Wholesaler,Dangote BLC,2480,124.0,38880.49,4821180.68,3331475.43,3554460.0,-2064754.75,-42.83,1638,Road (Truck),9,9,0,1,Delivered,None,62927.0,90.2,4.0,Cash & Carry,Pending
DCP-2023-032319,2023-08-03,2023,Q3,August,8,Obajana Plant (Kogi),North Central,Benin DC,Nassarawa,Retailer,Dangote 3X (42.5N),234,11.7,38335.02,448519.68,311389.69,171580.5,-34450.51,-7.68,838,Road (Truck),4,9,5,0,Delivered,Truck Breakdown,14946.0,92.6,4.2,Cash & Carry,Paid
DCP-2023-031481,2023-08-04,2023,Q3,August,8,Benue Plant (Benue),North Central,Abuja DC,Ekiti,Wholesaler,Dangote 3X (42.5R),4901,245.05,42038.35,10301498.01,7294717.03,7032935.0,-4026154.02,-39.08,1640,Road (Truck),8,8,0,1,Delivered,None,6666.0,89.5,4.6,Advance Payment,Overdue
DCP-2023-031513,2023-08-04,2023,Q3,August,8,Dangote Cement Senegal,West Africa,Maiduguri DC,Kwara,Wholesaler,Dangote OPC (52.5R),2057,102.85,43696.04,4494137.69,2530070.54,1495850.4,468216.75,10.42,1616,Rail,9,9,0,1,Delivered,None,36465.0,87.0,4.6,60-Day Credit,Paid
DCP-2023-032020,2023-08-04,2023,Q3,August,8,Ibese Plant (Ogun),Southwest,Onitsha DC,Bayelsa,Retailer,Dangote 3X (42.5R),294,14.7,38013.62,558800.2,382351.08,211716.75,-35267.63,-6.31,823,Road (Truck),8,12,4,0,Delivered,Strike Action,78973.0,90.1,3.2,60-Day Credit,Overdue
DCP-2023-032163,2023-08-04,2023,Q3,August,8,Gboko Plant (Benue),North Central,Enugu DC,Rivers,Retailer,Dangote 3X (42.5N),395,19.75,40577.53,801406.22,522100.72,601041.88,-321736.38,-40.15,1739,Road (Truck),8,8,0,1,Delivered,None,16033.0,90.7,5.0,30-Day Credit,Paid
DCP-2023-032175,2023-08-04,2023,Q3,August,8,Benue Plant (Benue),North Central,Kano DC,Sokoto,Retailer,Dangote 3X (42.5N),49,2.45,35570.66,87148.13,59896.74,27748.7,-497.31,-0.57,809,Road (Articulated),11,11,0,1,Delivered,None,32768.0,87.9,3.5,30-Day Credit,Paid
DCP-2023-031792,2023-08-05,2023,Q3,August,8,Dangote Cement Senegal,West Africa,Kaduna DC,Kano,Government,Dangote Falcon,4251,212.55,46761.08,9939068.12,6399752.34,5996035.5,-2456719.72,-24.72,1612,Road (Truck),13,16,3,0,Delivered,Fuel Shortage,8358.0,99.3,3.9,Cash & Carry,Paid
DCP-2023-031924,2023-08-05,2023,Q3,August,8,Dangote Cement Senegal,West Africa,Kano DC,Kogi,Retailer,Dangote 3X (42.5R),390,19.5,38683.02,754318.88,440330.75,211233.75,102754.38,13.62,619,Road (Truck),13,13,0,1,Delivered,None,55687.0,86.8,3.6,Letter of Credit,Paid
DCP-2023-032046,2023-08-05,2023,Q3,August,8,Dangote Cement Senegal,West Africa,Enugu DC,Nassarawa,Retailer,Dangote 3X (42.5R),440,22.0,37418.0,823196.05,524947.64,198275.0,99973.41,12.14,515,Road (Truck),9,9,0,1,In Transit,None,13736.0,92.8,4.4,Cash & Carry,Overdue
DCP-2023-032059,2023-08-05,2023,Q3,August,8,Benue Plant (Benue),North Central,Kano DC,Kano,Wholesaler,Dangote 3X (42.5N),1720,86.0,38431.81,3305135.9,1981598.91,1325088.0,-1551.01,-0.05,1712,Rail,9,21,12,0,In Transit,Road Damage,41391.0,93.2,4.5,60-Day Credit,Paid
DCP-2023-032310,2023-08-05,2023,Q3,August,8,Gboko Plant (Benue),North Central,Benin DC,Oyo,Government,Dangote 3X (42.5R),21216,1060.8,40609.64,43078708.54,25362126.43,3991260.0,13725322.11,31.86,215,Road (Truck),14,15,1,0,Delivered,Road Damage,56843.0,96.4,3.3,30-Day Credit,Paid
DCP-2023-031483,2023-08-06,2023,Q3,August,8,Dangote Cement Senegal,West Africa,Port Harcourt DC,Kwara,Retailer,Dangote OPC (52.5R),485,24.25,47260.88,1146076.27,798023.57,381513.12,-33460.42,-2.92,899,Road (Truck),1,14,13,0,Delayed,Road Damage,65690.0,89.5,4.6,30-Day Credit,Paid
DCP-2023-031507,2023-08-06,2023,Q3,August,8,Ibese Plant (Ogun),Southwest,Kano DC,Kaduna,Wholesaler,Dangote 3X (42.5N),1411,70.55,39477.17,2785114.14,1994957.31,1111162.5,-321005.67,-11.53,1750,Rail,7,21,14,0,Damaged in Transit,Truck Breakdown,14702.0,91.5,4.7,Cash & Carry,Paid
DCP-2023-031511,2023-08-06,2023,Q3,August,8,Benue Plant (Benue),North Central,Ibadan DC,Abia,Contractor,Dangote 3X (42.5N),8800,440.0,37735.57,16603649.3,10156917.87,1176120.0,5270611.43,31.74,297,Rail,12,12,0,1,Delivered,None,25971.0,91.7,5.0,30-Day Credit,Paid
DCP-2023-032270,2023-08-06,2023,Q3,August,8,Gboko Plant (Benue),North Central,Abuja DC,Plateau,Wholesaler,Dangote 3X (42.5N),998,49.9,37710.81,1881769.55,1280422.76,493386.25,107960.54,5.74,565,Road (Truck),4,4,0,1,Delivered,None,74476.0,99.8,,Cash & Carry,Pending
DCP-2023-031380,2023-08-07,2023,Q3,August,8,Dangote Cement Senegal,West Africa,Kaduna DC,Oyo,Wholesaler,Dangote 3X (42.5R),2059,102.95,37151.63,3824760.1,2602980.87,644981.75,576797.48,15.08,358,Road (Truck),3,18,15,0,Delayed,Road Damage,21305.0,86.3,3.4,Cash & Carry,Paid
DCP-2023-031558,2023-08-07,2023,Q3,August,8,Gboko Plant (Benue),North Central,Lagos DC,Ogun,Retailer,Dangote 3X (42.5N),207,10.35,40166.66,415724.94,293945.73,153775.12,-31995.91,-7.7,849,Road (Truck),7,7,0,1,Delivered,None,41598.0,97.1,4.6,30-Day Credit,Paid
DCP-2023-032092,2023-08-07,2023,Q3,August,8,Gboko Plant (Benue),North Central,Onitsha DC,Abia,Retailer,Dangote OPC (52.5R),267,13.35,47307.23,631551.51,361249.92,150641.4,119660.19,18.95,806,Road (Articulated),6,19,13,0,In Transit,Road Damage,49543.0,89.9,4.4,Advance Payment,Paid
DCP-2023-032191,2023-08-07,2023,Q3,August,8,Ibese Plant (Ogun),Southwest,Port Harcourt DC,Bayelsa,Wholesaler,Dangote 3X (42.5R),1580,79.0,36993.96,2922523.11,1799723.05,1044064.0,78736.06,2.69,944,Road (Articulated),10,12,2,0,Damaged in Transit,Road Damage,44128.0,91.3,3.2,Cash & Carry,Paid
DCP-2023-032262,2023-08-07,2023,Q3,August,8,Gboko Plant (Benue),North Central,Kaduna DC,Oyo,Wholesaler,Dangote BLC,606,30.3,37559.25,1138045.2,672444.45,699930.0,-234329.25,-20.59,1320,Road (Truck),8,8,0,1,Delivered,None,45893.0,95.2,,Cash & Carry,Pending
DCP-2023-031642,2023-08-08,2023,Q3,August,8,Gboko Plant (Benue),North Central,Kano DC,Kwara,Contractor,Dangote 3X (42.5N),6711,335.55,38983.29,13080844.53,8494911.42,3636019.8,949913.31,7.26,1204,Rail,3,3,0,1,Delivered,None,46361.0,89.0,3.9,Cash & Carry,Paid
DCP-2023-031815,2023-08-08,2023,Q3,August,8,Obajana Plant (Kogi),North Central,Kaduna DC,Ondo,Contractor,Dangote Falcon,2102,105.1,47127.85,4953137.28,2883773.61,3071547.5,-1002183.83,-20.23,1670,Road (Truck),11,15,4,0,Delivered,Fuel Shortage,30244.0,92.4,4.4,Letter of Credit,Paid
DCP-2023-031863,2023-08-08,2023,Q3,August,8,Benue Plant (Benue),North Central,Benin DC,Anambra,Wholesaler,Dangote 3X (42.5N),3605,180.25,39040.39,7037030.1,4593063.04,948836.0,1495131.06,21.25,376,Road (Articulated),3,7,4,0,Delivered,Road Damage,74131.0,88.9,3.0,30-Day Credit,Pending
DCP-2023-031280,2023-08-09,2023,Q3,August,8,Obajana Plant (Kogi),North Central,Kaduna DC,Ekiti,Contractor,Dangote OPC (52.5R),1419,70.95,48530.47,3443237.07,2278433.46,1882303.5,-717499.89,-20.84,1516,Road (Truck),6,6,0,1,In Transit,None,5062.0,91.5,3.1,Cash & Carry,Paid
DCP-2023-032171,2023-08-09,2023,Q3,August,8,Ibese Plant (Ogun),Southwest,Maiduguri DC,Kwara,Wholesaler,Dangote 3X (42.5N),966,48.3,40258.1,1944466.32,1251909.97,1136861.25,-444304.9,-22.85,1345,Road (Truck),12,21,9,0,Delivered,Fuel Shortage,25628.0,99.5,3.0,60-Day Credit,Paid
DCP-2023-031691,2023-08-10,2023,Q3,August,8,Ibese Plant (Ogun),Southwest,Ibadan DC,Ebonyi,Contractor,Dangote BLC,3846,192.3,37241.47,7161535.06,4217323.91,821121.0,2123090.15,29.65,244,Road (Truck),12,12,0,1,Delivered,None,66488.0,91.5,5.0,Advance Payment,Paid
DCP-2023-031912,2023-08-10,2023,Q3,August,8,Dangote Cement Senegal,West Africa,Enugu DC,Rivers,Wholesaler,Dangote 3X (42.5R),1344,67.2,36684.54,2465200.91,1684179.92,433708.8,347312.19,14.09,922,River Barge,3,3,0,1,Delivered,None,55917.0,98.0,4.7,Letter of Credit,Overdue
DCP-2023-031405,2023-08-11,2023,Q3,August,8,Dangote Cement Senegal,West Africa,Port Harcourt DC,Ondo,Wholesaler,Dangote 3X (42.5N),387,19.35,40260.73,779045.07,496660.27,206222.62,76162.18,9.78,609,Road (Truck),10,10,0,1,Delivered,None,39816.0,95.8,4.1,Letter of Credit,Overdue
DCP-2023-031798,2023-08-11,2023,Q3,August,8,Ibese Plant (Ogun),Southwest,Kano DC,Anambra,Export,Dangote OPC (52.5R),12151,607.55,43653.39,26521617.31,19049090.61,16713700.5,-9241173.8,-34.84,1572,Road (Truck),13,13,0,1,Delivered,None,23137.0,86.8,3.2,Cash & Carry,Paid
DCP-2023-032073,2023-08-11,2023,Q3,August,8,Ibese Plant (Ogun),Southwest,Benin DC,Ebonyi,Wholesaler,Dangote OPC (52.5R),1802,90.1,46652.52,4203391.71,2499973.91,193940.25,1509477.55,35.91,123,Road (Truck),11,17,6,0,Delivered,Flooding,25380.0,95.5,4.0,Advance Payment,Paid
DCP-2023-031256,2023-08-13,2023,Q3,August,8,Ibese Plant (Ogun),Southwest,Enugu DC,Osun,Wholesaler,Dangote 3X (42.5N),4991,249.55,36004.58,8984943.86,6152939.35,3856171.38,-1024166.87,-11.4,883,Road (Truck),11,16,5,0,Delivered,Security Incident,23546.0,95.3,4.6,Cash & Carry,Paid
DCP-2023-031575,2023-08-13,2023,Q3,August,8,Dangote Cement Senegal,West Africa,Lagos DC,Benue,Retailer,Dangote 3X (42.5R),159,7.95,40310.64,320469.61,187203.61,105039.38,28226.62,8.81,755,Road (Truck),9,15,6,0,Delivered,Flooding,51392.0,99.8,4.8,Advance Payment,Paid
DCP-2023-031606,2023-08-13,2023,Q3,August,8,Dangote Cement Senegal,West Africa,Kano DC,Abuja,Wholesaler,Dangote Falcon,3630,181.5,48037.92,8718882.6,5252806.83,3811500.0,-345424.23,-3.96,1200,Road (Truck),11,22,11,0,Returned,Flooding,55703.0,88.2,3.8,Cash & Carry,Paid
DCP-2023-031806,2023-08-13,2023,Q3,August,8,Dangote Cement Senegal,West Africa,Kano DC,Ebonyi,Wholesaler,Dangote 3X (42.5N),1107,55.35,36566.89,2023977.28,1206512.86,1414192.5,-596728.08,-29.48,1460,Road (Truck),11,25,14,0,Delivered,Fuel Shortage,14768.0,98.2,3.9,Letter of Credit,Paid
DCP-2023-032291,2023-08-13,2023,Q3,August,8,Benue Plant (Benue),North Central,Lagos DC,Kwara,Export,Dangote BLC,24951,1247.55,38903.6,48534186.29,27183805.79,4213600.12,17136780.38,35.31,193,Road (Truck),3,3,0,1,Delivered,None,72637.0,92.9,4.5,Cash & Carry,Paid
DCP-2023-031537,2023-08-14,2023,Q3,August,8,Obajana Plant (Kogi),North Central,Onitsha DC,Enugu,Retailer,Dangote 3X (42.5N),381,19.05,36263.08,690811.68,490870.59,116414.55,83526.54,12.09,679,Rail,12,24,12,0,Delivered,Fuel Shortage,16122.0,97.3,3.1,Cash & Carry,Pending
DCP-2023-031820,2023-08-14,2023,Q3,August,8,Dangote Cement Senegal,West Africa,Port Harcourt DC,Katsina,Retailer,Dangote 3X (42.5R),73,3.65,42580.61,155419.22,96689.81,51443.1,7286.31,4.69,1566,Rail,3,3,0,1,Delivered,None,5522.0,99.9,4.2,30-Day Credit,Paid
DCP-2023-031827,2023-08-14,2023,Q3,August,8,Dangote Cement Senegal,West Africa,Abuja DC,Ekiti,Wholesaler,Dangote Falcon,3788,189.4,52187.16,9884247.79,6693281.03,204552.0,2986414.76,30.21,120,Rail,8,8,0,1,Delivered,None,53427.0,97.7,3.6,Advance Payment,Paid
DCP-2023-032090,2023-08-14,2023,Q3,August,8,Ibese Plant (Ogun),Southwest,Kaduna DC,Imo,Retailer,Dangote 3X (42.5N),28,1.4,39996.31,55994.83,35671.81,23201.5,-2878.48,-5.14,947,Road (Truck),13,23,10,0,Delivered,,36388.0,88.2,4.1,Cash & Carry,Paid
DCP-2023-031382,2023-08-15,2023,Q3,August,8,Ibese Plant (Ogun),Southwest,Port Harcourt DC,Imo,Retailer,Dangote 3X (42.5N),451,22.55,37833.64,853148.5,613063.3,475759.9,-235674.7,-27.62,1507,Road (Articulated),2,4,2,0,Delivered,Security Incident,57416.0,95.4,4.8,Cash & Carry,Paid
DCP-2023-031573,2023-08-15,2023,Q3,August,8,Dangote Cement Senegal,West Africa,Onitsha DC,Edo,Government,Dangote 3X (42.5N),28490,1424.5,39329.74,56025221.33,39051323.57,29435868.0,-12461970.24,-22.24,1476,Road (Articulated),6,6,0,1,Delivered,None,54648.0,99.4,3.2,30-Day Credit,Pending
DCP-2023-031772,2023-08-15,2023,Q3,August,8,Benue Plant (Benue),North Central,Kano DC,Nassarawa,Export,Dangote 3X (42.5R),43491,2174.55,38414.28,83533781.7,57660334.67,60240471.38,-34367024.35,-41.14,1583,Road (Truck),10,19,9,0,Delivered,Truck Breakdown,55255.0,98.7,4.6,30-Day Credit,Paid
DCP-2023-031233,2023-08-16,2023,Q3,August,8,Obajana Plant (Kogi),North Central,Ibadan DC,Lagos,Retailer,Dangote 3X (42.5N),138,6.9,38463.36,265397.21,189994.3,65060.1,10342.81,3.9,1347,River Barge,5,13,8,0,In Transit,Fuel Shortage,44131.0,97.1,4.6,Cash & Carry,Paid
DCP-2023-031259,2023-08-16,2023,Q3,August,8,Benue Plant (Benue),North Central,Ibadan DC,Ekiti,Retailer,Dangote 3X (42.5R),419,20.95,39861.07,835089.35,597137.08,173088.9,64863.37,7.77,918,Rail,11,20,9,0,Delivered,Customs Delay,59299.0,85.6,4.4,Advance Payment,Paid
DCP-2023-031579,2023-08-16,2023,Q3,August,8,Obajana Plant (Kogi),North Central,Lagos DC,Anambra,Wholesaler,Dangote 3X (42.5R),4943,247.15,41823.77,10336743.85,6543098.36,2359788.2,1433857.29,13.87,682,Road (Articulated),5,5,0,1,Delivered,None,11596.0,95.9,4.7,Advance Payment,Paid
DCP-2023-032088,2023-08-16,2023,Q3,August,8,Ibese Plant (Ogun),Southwest,Kaduna DC,Osun,Wholesaler,Dangote OPC (52.5R),2300,115.0,47936.91,5512744.68,3919042.41,318780.0,1274922.27,23.13,396,River Barge,1,4,3,0,Delivered,Truck Breakdown,29182.0,96.9,3.7,Cash & Carry,Paid
DCP-2023-032295,2023-08-16,2023,Q3,August,8,Dangote Cement Senegal,West Africa,Kaduna DC,Kaduna,Contractor,Dangote OPC (52.5R),3950,197.5,45669.2,9019666.79,5777742.84,519820.0,2722103.95,30.18,188,Road (Articulated),1,1,0,1,Delivered,None,26182.0,91.5,4.9,30-Day Credit,Paid
DCP-2023-031188,2023-08-18,2023,Q3,August,8,Obajana Plant (Kogi),North Central,Enugu DC,Plateau,Retailer,Dangote 3X (42.5N),193,9.65,39281.96,379070.91,208492.32,125474.13,45104.46,11.9,743,Road (Truck),12,12,0,1,In Transit,None,59898.0,90.8,4.3,Cash & Carry,Pending
DCP-2023-031778,2023-08-18,2023,Q3,August,8,Ibese Plant (Ogun),Southwest,Abuja DC,Katsina,Contractor,Dangote 3X (42.5N),9866,493.3,35569.64,17546504.74,10837774.06,6091268.4,617462.28,3.52,882,Road (Articulated),9,9,0,1,In Transit,None,23386.0,94.4,3.6,30-Day Credit,Paid
DCP-2023-031799,2023-08-18,2023,Q3,August,8,Obajana Plant (Kogi),North Central,Maiduguri DC,Anambra,Retailer,Dangote 3X (42.5N),172,8.6,39346.09,338376.39,188764.69,242455.5,-92843.8,-27.44,1611,Road (Truck),11,17,6,0,Delivered,Road Damage,10888.0,98.4,3.0,Letter of Credit,Pending
DCP-2023-032037,2023-08-18,2023,Q3,August,8,Ibese Plant (Ogun),Southwest,Ibadan DC,Bayelsa,Wholesaler,Dangote 3X (42.5R),3581,179.05,42272.91,7568965.39,5203657.55,1640456.1,724851.74,9.58,1018,Rail,3,12,9,0,In Transit,Flooding,28108.0,90.8,4.9,Advance Payment,Overdue
DCP-2023-031413,2023-08-19,2023,Q3,August,8,Ibese Plant (Ogun),Southwest,Maiduguri DC,Kano,Retailer,Dangote 3X (42.5N),195,9.75,36463.28,355516.98,253648.6,153835.5,-51967.12,-14.62,1127,Road (Articulated),4,14,10,0,Delivered,Road Damage,53258.0,94.2,4.2,Advance Payment,Paid
DCP-2023-031450,2023-08-19,2023,Q3,August,8,Benue Plant (Benue),North Central,Kano DC,Ondo,Government,Dangote BLC,37020,1851.0,33999.89,62933790.6,44959845.8,27687258.0,-9713313.2,-15.43,1662,Rail,9,9,0,1,Delivered,None,79235.0,97.9,4.0,Letter of Credit,Paid
DCP-2023-031352,2023-08-20,2023,Q3,August,8,Gboko Plant (Benue),North Central,Ibadan DC,Enugu,Contractor,Dangote 3X (42.5R),5877,293.85,40530.83,11909985.51,7928211.43,3317860.35,663913.73,5.57,1613,River Barge,11,12,1,0,Delivered,Road Damage,37357.0,86.7,4.6,Cash & Carry,Paid
DCP-2023-031487,2023-08-20,2023,Q3,August,8,Benue Plant (Benue),North Central,Kaduna DC,Kogi,Contractor,Dangote BLC,4672,233.6,37963.0,8868155.98,5991815.71,4754344.0,-1878003.73,-21.18,1163,Road (Truck),9,12,3,0,Delivered,Fuel Shortage,64429.0,91.1,3.6,Cash & Carry,Pending
DCP-2023-031902,2023-08-20,2023,Q3,August,8,Ibese Plant (Ogun),Southwest,Lagos DC,Imo,Retailer,Dangote 3X (42.5R),278,13.9,41008.65,570020.28,317396.3,137735.1,114888.88,20.16,1101,Rail,13,24,11,0,Delivered,Truck Breakdown,53341.0,92.8,4.0,Cash & Carry,Pending
DCP-2023-032172,2023-08-20,2023,Q3,August,8,Gboko Plant (Benue),North Central,Enugu DC,Anambra,Wholesaler,Dangote BLC,3303,165.15,35820.37,5915734.31,3550287.83,1528876.12,836570.36,14.14,529,Road (Truck),12,17,5,0,Delivered,Strike Action,53240.0,92.0,4.7,30-Day Credit,Paid
DCP-2023-031620,2023-08-21,2023,Q3,August,8,Dangote Cement Senegal,West Africa,Benin DC,Kogi,Government,Dangote 3X (42.5N),10014,500.7,38292.39,19172998.86,10929123.64,12810409.5,-4566534.28,-23.82,1462,Road (Truck),4,4,0,1,Delivered,None,12199.0,87.4,4.7,Cash & Carry,Paid
DCP-2023-031966,2023-08-21,2023,Q3,August,8,Benue Plant (Benue),North Central,Lagos DC,Ekiti,Retailer,Dangote 3X (42.5N),168,8.4,34955.15,293623.24,169472.55,110754.0,13396.69,4.56,1465,Rail,9,9,0,1,Delivered,None,60587.0,88.7,3.2,30-Day Credit,Paid
DCP-2023-031499,2023-08-22,2023,Q3,August,8,Ibese Plant (Ogun),Southwest,Lagos DC,Edo,Wholesaler,Dangote OPC (52.5R),3975,198.75,43191.04,8584218.62,5777899.77,973875.0,1832443.85,21.35,280,Road (Truck),6,20,14,0,Delayed,Strike Action,59815.0,91.5,4.0,30-Day Credit,Paid
DCP-2023-031354,2023-08-23,2023,Q3,August,8,Gboko Plant (Benue),North Central,Maiduguri DC,Edo,Wholesaler,Dangote 3X (42.5N),3075,153.75,38599.65,5934695.59,3658547.15,2938162.5,-662014.06,-11.15,1092,Road (Truck),5,6,1,0,In Transit,Road Damage,21915.0,97.3,3.7,30-Day Credit,Paid
DCP-2023-031370,2023-08-23,2023,Q3,August,8,Obajana Plant (Kogi),North Central,Ibadan DC,Osun,Wholesaler,Dangote Falcon,4004,200.2,49293.51,9868559.96,7028762.02,2203000.8,636797.14,6.45,786,Road (Articulated),7,21,14,0,Delivered,Road Damage,74556.0,91.9,4.1,Letter of Credit,Overdue
DCP-2023-032269,2023-08-24,2023,Q3,August,8,Gboko Plant (Benue),North Central,Maiduguri DC,Kogi,Wholesaler,Dangote 3X (42.5R),2771,138.55,42479.31,5885508.15,3981260.71,2783469.5,-879222.06,-14.94,1435,Road (Articulated),13,13,0,1,Delivered,None,32415.0,88.7,4.0,60-Day Credit,Paid
DCP-2023-031268,2023-08-25,2023,Q3,August,8,Benue Plant (Benue),North Central,Kano DC,Abia,Contractor,Dangote 3X (42.5R),5067,253.35,38272.13,9696243.87,6370848.95,2663721.9,661673.02,6.82,751,Road (Articulated),10,19,9,0,Delivered,Strike Action,53288.0,98.0,3.7,Cash & Carry,Overdue
DCP-2023-031685,2023-08-25,2023,Q3,August,8,Gboko Plant (Benue),North Central,Benin DC,Kano,Contractor,Dangote Falcon,3146,157.3,52901.63,8321426.28,5471680.66,275275.0,2574470.62,30.94,100,Road (Truck),9,9,0,1,Returned,None,42567.0,96.4,4.5,60-Day Credit,Paid
DCP-2023-031957,2023-08-25,2023,Q3,August,8,Dangote Cement Senegal,West Africa,Kano DC,Kebbi,Retailer,Dangote 3X (42.5N),387,19.35,35862.89,693946.91,437809.37,106192.8,149944.74,21.61,392,Road (Articulated),4,4,0,1,Delivered,None,59111.0,94.5,3.2,60-Day Credit,Paid
DCP-2023-031230,2023-08-26,2023,Q3,August,8,Benue Plant (Benue),North Central,Abuja DC,Ogun,Contractor,Dangote 3X (42.5R),1998,99.9,38444.72,3840627.89,2277048.34,1372026.6,191552.95,4.99,981,Road (Articulated),13,13,0,1,Delayed,None,24231.0,86.1,4.8,Cash & Carry,Paid
DCP-2023-031543,2023-08-26,2023,Q3,August,8,Obajana Plant (Kogi),North Central,Kano DC,Anambra,Wholesaler,Dangote 3X (42.5R),4499,224.95,42476.48,9555083.28,5617864.3,1992157.2,1945061.78,20.36,984,Rail,13,13,0,1,Delivered,None,43124.0,85.6,3.7,30-Day Credit,Paid
DCP-2023-031868,2023-08-26,2023,Q3,August,8,Ibese Plant (Ogun),Southwest,Onitsha DC,Katsina,Government,Dangote BLC,36115,1805.75,36987.71,66790553.61,39999282.14,3665672.5,23125598.97,34.62,290,River Barge,1,8,7,0,Delivered,Road Damage,48193.0,92.7,5.0,Advance Payment,Paid
DCP-2023-031928,2023-08-26,2023,Q3,August,8,Ibese Plant (Ogun),Southwest,Kaduna DC,Lagos,Retailer,Dangote 3X (42.5R),198,9.9,37180.43,368086.22,244775.31,156964.5,-33653.59,-9.14,906,Road (Truck),4,15,11,0,Delivered,Security Incident,37701.0,91.9,4.7,Cash & Carry,Paid
DCP-2023-032286,2023-08-26,2023,Q3,August,8,Obajana Plant (Kogi),North Central,Kano DC,Oyo,Retailer,Dangote Falcon,302,15.1,51777.48,781839.88,517167.06,272494.6,-7821.78,-1.0,1289,Road (Articulated),8,8,0,1,Delivered,None,5083.0,97.9,5.0,30-Day Credit,Paid
DCP-2023-031348,2023-08-27,2023,Q3,August,8,Dangote Cement Senegal,West Africa,Onitsha DC,Kwara,Government,Dangote OPC (52.5R),12416,620.8,49439.88,30692278.35,17577503.0,15774528.0,-2659752.65,-8.67,1452,Road (Truck),6,11,5,0,Delivered,Fuel Shortage,36913.0,,4.2,Cash & Carry,Paid
DCP-2023-031921,2023-08-27,2023,Q3,August,8,Ibese Plant (Ogun),Southwest,Maiduguri DC,Benue,Wholesaler,Dangote 3X (42.5N),116,5.8,40115.97,232672.65,129953.73,11266.5,91452.42,39.31,111,Road (Truck),9,15,6,0,In Transit,Truck Breakdown,27410.0,95.2,3.5,30-Day Credit,Paid
DCP-2023-032206,2023-08-27,2023,Q3,August,8,Obajana Plant (Kogi),North Central,Kano DC,Katsina,Retailer,Dangote 3X (42.5N),405,20.25,36323.3,735546.72,497792.63,147845.25,89908.84,12.22,1043,River Barge,10,24,14,0,In Transit,Road Damage,10487.0,95.1,3.3,60-Day Credit,Pending
DCP-2023-032245,2023-08-27,2023,Q3,August,8,Dangote Cement Senegal,West Africa,Maiduguri DC,Kwara,Retailer,Dangote 3X (42.5N),99,4.95,40015.78,198078.13,134863.09,24185.7,39029.34,19.7,349,Road (Articulated),13,13,0,1,Delivered,None,35210.0,99.4,3.5,60-Day Credit,Paid
DCP-2023-031546,2023-08-28,2023,Q3,August,8,Obajana Plant (Kogi),North Central,Enugu DC,Kwara,Retailer,Dangote 3X (42.5R),346,17.3,36688.67,634714.05,445699.77,122224.5,66789.78,10.52,785,Rail,6,19,13,0,Delivered,Fuel Shortage,30569.0,89.2,4.5,Cash & Carry,Pending
DCP-2023-031717,2023-08-28,2023,Q3,August,8,Dangote Cement Senegal,West Africa,Kano DC,Delta,Wholesaler,Dangote 3X (42.5N),1772,88.6,34998.03,3100825.22,2071133.57,418635.0,611056.65,19.71,270,Road (Truck),13,14,1,0,In Transit,Fuel Shortage,19783.0,98.7,3.5,Cash & Carry,Paid
DCP-2023-031358,2023-08-29,2023,Q3,August,8,Gboko Plant (Benue),North Central,Maiduguri DC,Cross River,Retailer,Dangote 3X (42.5R),238,11.9,36371.09,432816.01,250888.66,92796.2,89131.15,20.59,557,Road (Articulated),2,2,0,1,Delivered,None,25166.0,92.1,4.6,Cash & Carry,Paid
DCP-2023-031436,2023-08-29,2023,Q3,August,8,Gboko Plant (Benue),North Central,Kaduna DC,Abia,Retailer,Dangote BLC,308,15.4,34084.48,524900.93,358504.21,392122.5,-225725.78,-43.0,1455,Road (Truck),10,17,7,0,Delivered,Truck Breakdown,65684.0,90.8,4.5,30-Day Credit,Paid
DCP-2023-031468,2023-08-29,2023,Q3,August,8,Obajana Plant (Kogi),North Central,Benin DC,Oyo,Retailer,Dangote OPC (52.5R),478,23.9,47120.51,1126180.1,642325.29,81092.7,402762.11,35.76,377,Rail,4,11,7,0,Delayed,Strike Action,74016.0,93.5,3.3,30-Day Credit,Paid
DCP-2023-031540,2023-08-29,2023,Q3,August,8,Dangote Cement Senegal,West Africa,Benin DC,Delta,Contractor,Dangote 3X (42.5R),3338,166.9,36745.94,6132897.23,3965152.59,3577918.75,-1410174.11,-22.99,1225,Road (Truck),14,14,0,1,Delivered,None,82012.0,89.2,4.3,60-Day Credit,Paid
DCP-2023-031684,2023-08-29,2023,Q3,August,8,Dangote Cement Senegal,West Africa,Kano DC,Plateau,Wholesaler,Dangote 3X (42.5R),4555,227.75,40383.76,9197402.44,6315826.02,1916288.5,965287.92,10.5,601,Road (Articulated),12,15,3,0,Delivered,Strike Action,35203.0,95.0,4.5,30-Day Credit,Paid
DCP-2023-031694,2023-08-29,2023,Q3,August,8,Ibese Plant (Ogun),Southwest,Kano DC,Akwa Ibom,Wholesaler,Dangote 3X (42.5R),2960,148.0,37463.06,5544533.37,3693546.96,752136.0,1098850.41,19.82,363,Road (Articulated),13,13,0,1,Delivered,,26286.0,88.8,4.7,30-Day Credit,Pending
DCP-2023-031702,2023-08-29,2023,Q3,August,8,Gboko Plant (Benue),North Central,Abuja DC,Ekiti,Wholesaler,Dangote 3X (42.5N),965,48.25,36038.11,1738838.96,1109116.45,406144.38,223578.13,12.86,481,Road (Truck),3,3,0,1,In Transit,None,68241.0,,4.2,Cash & Carry,Paid
DCP-2023-031318,2023-08-30,2023,Q3,August,8,Dangote Cement Senegal,West Africa,Onitsha DC,Kwara,Wholesaler,Dangote 3X (42.5R),3715,185.75,39037.12,7251144.67,4423445.68,2096653.12,731045.87,10.08,645,Road (Truck),3,3,0,1,Delivered,None,5527.0,94.3,4.7,30-Day Credit,Paid
DCP-2023-031785,2023-08-30,2023,Q3,August,8,Obajana Plant (Kogi),North Central,Kano DC,Plateau,Wholesaler,Dangote 3X (42.5R),2613,130.65,40536.22,5296057.31,3503965.66,1104319.12,687772.53,12.99,483,Road (Truck),2,6,4,0,Delivered,Truck Breakdown,42589.0,91.8,3.5,Letter of Credit,Paid
DCP-2023-032223,2023-08-30,2023,Q3,August,8,Gboko Plant (Benue),North Central,Abuja DC,Lagos,Export,Dangote 3X (42.5R),7535,376.75,41776.91,15739452.55,10664552.22,5037147.5,37752.83,0.24,764,Road (Truck),5,5,0,1,Delivered,None,83867.0,99.9,3.5,Cash & Carry,Pending
DCP-2023-031608,2023-08-31,2023,Q3,August,8,Obajana Plant (Kogi),North Central,Ibadan DC,Kaduna,Wholesaler,Dangote 3X (42.5R),2073,103.65,37928.88,3931328.74,2748888.43,1688717.62,-506277.31,-12.88,931,Road (Truck),2,2,0,1,Delivered,None,81513.0,94.0,4.5,Cash & Carry,Paid
DCP-2023-032014,2023-08-31,2023,Q3,August,8,Ibese Plant (Ogun),Southwest,Enugu DC,Ebonyi,Retailer,Dangote 3X (42.5N),169,8.45,38320.06,323804.54,188630.12,148614.38,-13439.96,-4.15,1005,Road (Truck),3,3,0,1,Delivered,None,40541.0,90.7,4.2,30-Day Credit,Paid
DCP-2023-031255,2023-09-01,2023,Q3,September,9,Obajana Plant (Kogi),North Central,Maiduguri DC,Imo,Government,Dangote BLC,29882,1494.1,35846.88,53558821.01,32867949.91,1391007.1,19299864.0,36.03,133,River Barge,4,19,15,0,Delayed,Road Damage,16545.0,88.3,3.9,Cash & Carry,Pending
DCP-2023-031765,2023-09-01,2023,Q3,September,9,Ibese Plant (Ogun),Southwest,Benin DC,Ebonyi,Government,Dangote 3X (42.5R),17223,861.15,42230.03,36366393.69,22818515.43,9602683.65,3945194.61,10.85,1239,Rail,9,23,14,0,Delivered,Fuel Shortage,35786.0,85.4,4.0,30-Day Credit,Paid
DCP-2023-032050,2023-09-01,2023,Q3,September,9,Ibese Plant (Ogun),Southwest,Port Harcourt DC,Edo,Retailer,Dangote 3X (42.5R),269,13.45,38003.66,511149.28,345820.61,329289.62,-163960.95,-32.08,1399,Road (Truck),6,6,0,1,Delivered,None,75690.0,87.1,4.4,Cash & Carry,Paid
DCP-2023-032309,2023-09-01,2023,Q3,September,9,Dangote Cement Senegal,West Africa,Port Harcourt DC,Kebbi,Wholesaler,Dangote 3X (42.5N),2626,131.3,36236.96,4757912.64,2739767.84,2226060.2,-207915.4,-4.37,1211,Road (Articulated),1,7,6,0,Delayed,,11612.0,96.9,4.6,60-Day Credit,Overdue
DCP-2023-031253,2023-09-02,2023,Q3,September,9,Benue Plant (Benue),North Central,Abuja DC,Osun,Wholesaler,Dangote Falcon,4065,203.25,49596.86,10080562.18,6216428.66,3450168.75,413964.77,4.11,970,Road (Truck),11,18,7,0,Delivered,Truck Breakdown,16989.0,93.5,3.9,Cash & Carry,Paid
DCP-2023-031270,2023-09-02,2023,Q3,September,9,Benue Plant (Benue),North Central,Kano DC,Abuja,Government,Dangote 3X (42.5R),27575,1378.75,41264.58,56893541.28,38002505.92,8034665.62,10856369.74,19.08,333,Road (Truck),5,20,15,0,Delivered,Road Damage,38007.0,94.0,3.1,60-Day Credit,Pending
DCP-2023-031650,2023-09-02,2023,Q3,September,9,Ibese Plant (Ogun),Southwest,Enugu DC,Ondo,Contractor,Dangote 3X (42.5R),2783,139.15,41380.88,5758148.89,4104542.85,1362556.8,291049.24,5.05,1088,Rail,8,8,0,1,Delivered,None,34939.0,87.7,3.5,Advance Payment,Paid
DCP-2023-031796,2023-09-02,2023,Q3,September,9,Gboko Plant (Benue),North Central,Enugu DC,Delta,Retailer,Dangote 3X (42.5R),341,17.05,41595.58,709204.65,430594.25,163807.88,114802.52,16.19,549,Road (Truck),6,6,0,1,In Transit,None,44984.0,92.0,3.1,30-Day Credit,Pending
DCP-2023-032292,2023-09-02,2023,Q3,September,9,Dangote Cement Senegal,West Africa,Port Harcourt DC,Edo,Government,Dangote 3X (42.5R),42920,2146.0,41367.23,88774082.77,60382893.56,20767915.0,7623274.21,8.59,553,Road (Truck),12,12,0,1,Delivered,None,39366.0,92.7,4.1,60-Day Credit,Paid
DCP-2023-031970,2023-09-03,2023,Q3,September,9,Ibese Plant (Ogun),Southwest,Kano DC,Anambra,Retailer,Dangote 3X (42.5R),218,10.9,38969.21,424764.43,288361.12,198532.6,-62129.29,-14.63,1301,Road (Articulated),11,11,0,1,Delivered,None,24214.0,93.4,4.7,Cash & Carry,Paid
DCP-2023-031614,2023-09-04,2023,Q3,September,9,Obajana Plant (Kogi),North Central,Enugu DC,Akwa Ibom,Wholesaler,Dangote OPC (52.5R),2432,121.6,44366.97,5395023.87,3534803.99,600096.0,1260123.88,23.36,282,Road (Truck),11,11,0,1,Delivered,None,49196.0,85.2,,30-Day Credit,Paid
DCP-2023-031243,2023-09-05,2023,Q3,September,9,Obajana Plant (Kogi),North Central,Maiduguri DC,Lagos,Export,Dangote OPC (52.5R),91691,4584.55,45327.28,207805158.94,148606688.31,17169139.75,42029330.88,20.23,535,River Barge,7,7,0,1,Delivered,None,5207.0,91.3,4.0,Letter of Credit,Paid
DCP-2023-031265,2023-09-05,2023,Q3,September,9,Ibese Plant (Ogun),Southwest,Lagos DC,Rivers,Wholesaler,Dangote 3X (42.5N),703,35.15,35148.28,1235462.01,857689.33,225135.75,152636.93,12.35,366,Road (Truck),12,12,0,1,Delivered,None,61403.0,99.5,3.9,Cash & Carry,Paid
DCP-2023-032034,2023-09-05,2023,Q3,September,9,Gboko Plant (Benue),North Central,Maiduguri DC,Benue,Wholesaler,Dangote 3X (42.5N),461,23.05,35925.02,828071.65,481320.23,664358.62,-317607.2,-38.36,1647,Road (Truck),7,7,0,1,Delivered,None,6769.0,98.3,4.3,Advance Payment,Pending
DCP-2023-031295,2023-09-06,2023,Q3,September,9,Benue Plant (Benue),North Central,Onitsha DC,Zamfara,Contractor,Dangote 3X (42.5R),3663,183.15,42462.96,7777090.67,4568850.67,673076.25,2535163.75,32.6,210,Road (Truck),4,13,9,0,Delivered,Truck Breakdown,80509.0,100.0,4.1,Cash & Carry,Paid
DCP-2023-031639,2023-09-06,2023,Q3,September,9,Gboko Plant (Benue),North Central,Abuja DC,Anambra,Wholesaler,Dangote 3X (42.5R),566,28.3,38178.89,1080462.61,665782.55,697312.0,-282631.94,-26.16,1408,Road (Truck),5,10,5,0,Damaged in Transit,Flooding,47112.0,98.1,3.3,Cash & Carry,Paid
DCP-2023-031683,2023-09-06,2023,Q3,September,9,Gboko Plant (Benue),North Central,Onitsha DC,Kano,Wholesaler,Dangote OPC (52.5R),2551,127.55,48730.82,6215616.47,3816760.21,3256670.37,-857814.11,-13.8,1459,Road (Truck),4,14,10,0,Delivered,Truck Breakdown,29052.0,99.6,3.7,Cash & Carry,Paid
DCP-2023-031783,2023-09-06,2023,Q3,September,9,Gboko Plant (Benue),North Central,Abuja DC,Abuja,Retailer,Dangote OPC (52.5R),442,22.1,44116.47,974973.99,668294.74,187164.9,119514.35,12.26,941,Rail,4,4,0,1,Delivered,None,31044.0,90.1,3.2,Cash & Carry,Pending
DCP-2023-031822,2023-09-07,2023,Q3,September,9,Obajana Plant (Kogi),North Central,Lagos DC,Niger,Government,Dangote 3X (42.5R),24335,1216.75,42301.82,51470739.47,32848283.79,38306331.88,-19683876.2,-38.24,1799,Road (Truck),5,7,2,0,Delayed,Road Damage,67324.0,85.4,4.1,Cash & Carry,Paid
DCP-2023-032289,2023-09-09,2023,Q3,September,9,Dangote Cement Senegal,West Africa,Enugu DC,Anambra,Government,Dangote 3X (42.5N),22474,1123.7,39074.3,43907793.66,27034409.04,14040631.5,2832753.12,6.45,714,Road (Truck),10,10,0,1,Delivered,None,38484.0,88.1,4.8,Cash & Carry,Paid
DCP-2023-031461,2023-09-10,2023,Q3,September,9,Benue Plant (Benue),North Central,Enugu DC,Rivers,Retailer,Dangote OPC (52.5R),456,22.8,47524.66,1083562.22,691422.39,222322.8,169817.03,15.67,1393,River Barge,7,21,14,0,In Transit,Road Damage,26206.0,91.6,3.2,30-Day Credit,Paid
DCP-2023-032244,2023-09-10,2023,Q3,September,9,Obajana Plant (Kogi),North Central,Kaduna DC,Abuja,Contractor,Dangote 3X (42.5R),9954,497.7,37964.44,18894901.85,13059723.27,3162385.8,2672792.78,14.15,706,Rail,14,14,0,1,Delivered,None,37563.0,92.0,4.4,Cash & Carry,Paid
DCP-2023-031700,2023-09-11,2023,Q3,September,9,Obajana Plant (Kogi),North Central,Enugu DC,Kebbi,Wholesaler,Dangote 3X (42.5R),2680,134.0,37131.63,4975637.93,2915418.44,2459905.0,-399685.51,-8.03,1049,Road (Truck),1,9,8,0,Delivered,Road Damage,25572.0,,3.5,Cash & Carry,Paid
DCP-2023-031857,2023-09-11,2023,Q3,September,9,Benue Plant (Benue),North Central,Maiduguri DC,Kano,Retailer,Dangote 3X (42.5R),443,22.15,42108.69,932707.53,646604.65,282966.25,3136.63,0.34,730,Road (Truck),6,6,0,1,Delivered,None,26869.0,87.7,3.8,Cash & Carry,Paid
DCP-2023-032085,2023-09-11,2023,Q3,September,9,Gboko Plant (Benue),North Central,Onitsha DC,Kano,Retailer,Dangote BLC,194,9.7,36037.72,349565.86,214083.92,31641.4,103840.54,29.71,466,River Barge,6,21,15,0,Delivered,,25697.0,95.5,5.0,Cash & Carry,Paid
DCP-2023-032226,2023-09-11,2023,Q3,September,9,Benue Plant (Benue),North Central,Port Harcourt DC,Anambra,Wholesaler,Dangote 3X (42.5R),855,42.75,38576.65,1649151.84,1073892.22,1327921.88,-752662.26,-45.64,1775,Road (Truck),7,7,0,1,Delivered,None,64830.0,97.8,3.6,Letter of Credit,Paid
DCP-2023-032205,2023-09-12,2023,Q3,September,9,Obajana Plant (Kogi),North Central,Abuja DC,Zamfara,Retailer,Dangote OPC (52.5R),332,16.6,47181.43,783211.82,524634.75,66524.5,192052.57,24.52,229,Road (Truck),4,4,0,1,Delivered,None,31064.0,,3.3,Cash & Carry,Paid
DCP-2023-031202,2023-09-14,2023,Q3,September,9,Gboko Plant (Benue),North Central,Kano DC,Benue,Retailer,Dangote 3X (42.5R),452,22.6,37150.24,839595.39,488607.73,510195.0,-159207.34,-18.96,1290,Road (Truck),2,2,0,1,In Transit,None,74901.0,87.5,4.4,60-Day Credit,Paid
DCP-2023-031376,2023-09-14,2023,Q3,September,9,Ibese Plant (Ogun),Southwest,Abuja DC,Plateau,Contractor,Dangote BLC,1777,88.85,36838.62,3273111.09,2195145.25,371615.12,706350.72,21.58,239,Road (Truck),6,6,0,1,Delivered,None,30574.0,85.9,3.4,60-Day Credit,Paid
DCP-2023-031811,2023-09-15,2023,Q3,September,9,Gboko Plant (Benue),North Central,Kano DC,Enugu,Export,Dangote 3X (42.5R),36643,1832.15,41450.67,75943848.54,50837254.83,43143468.2,-18036874.49,-23.75,1682,Road (Articulated),1,1,0,1,Delivered,None,50081.0,92.1,3.2,60-Day Credit,Paid
DCP-2023-032083,2023-09-16,2023,Q3,September,9,Obajana Plant (Kogi),North Central,Ibadan DC,Rivers,Government,Dangote 3X (42.5N),14794,739.7,38032.66,28132759.51,18389974.58,6925441.25,2817343.68,10.01,535,Road (Truck),2,2,0,1,Delivered,,71682.0,95.4,4.9,60-Day Credit,Paid
DCP-2023-031663,2023-09-17,2023,Q3,September,9,Obajana Plant (Kogi),North Central,Port Harcourt DC,Ondo,Retailer,Dangote 3X (42.5R),444,22.2,39597.46,879063.71,533740.09,172494.0,172829.62,19.66,444,Road (Truck),11,11,0,1,Delivered,None,18843.0,95.0,3.6,Advance Payment,Pending
DCP-2023-032025,2023-09-17,2023,Q3,September,9,Ibese Plant (Ogun),Southwest,Enugu DC,Sokoto,Wholesaler,Dangote Falcon,4687,234.35,50646.64,11869040.71,7888331.82,,2647843.27,22.31,325,Road (Truck),2,2,0,1,Delivered,None,44187.0,86.6,3.6,30-Day Credit,Overdue
DCP-2023-032066,2023-09-17,2023,Q3,September,9,Obajana Plant (Kogi),North Central,Maiduguri DC,Enugu,Wholesaler,Dangote OPC (52.5R),504,25.2,46301.41,1166795.59,701683.93,53802.0,411309.66,35.25,122,Road (Truck),7,10,3,0,Delayed,Flooding,72391.0,89.9,3.4,60-Day Credit,Paid
DCP-2023-032267,2023-09-17,2023,Q3,September,9,Dangote Cement Senegal,West Africa,Maiduguri DC,Anambra,Wholesaler,Dangote Falcon,966,48.3,49268.8,2379683.09,1662904.13,264563.25,452215.71,19.0,313,Road (Truck),6,6,0,1,Delivered,None,81408.0,92.0,3.7,30-Day Credit,Paid
DCP-2023-031713,2023-09-18,2023,Q3,September,9,Benue Plant (Benue),North Central,Onitsha DC,Bayelsa,Export,Dangote Falcon,92424,4621.2,46988.16,217141677.82,144043157.96,12098301.6,61000218.26,28.09,187,Road (Articulated),14,18,4,0,Damaged in Transit,Fuel Shortage,64588.0,87.1,4.3,30-Day Credit,Pending
DCP-2023-032041,2023-09-18,2023,Q3,September,9,Gboko Plant (Benue),North Central,Ibadan DC,Kaduna,Wholesaler,Dangote OPC (52.5R),1068,53.4,44417.71,2371905.52,1318752.14,528553.2,524600.18,22.12,1414,River Barge,4,12,8,0,Delivered,Truck Breakdown,53269.0,90.0,3.2,Cash & Carry,Paid
DCP-2023-032139,2023-09-18,2023,Q3,September,9,Dangote Cement Senegal,West Africa,Ibadan DC,Ondo,Wholesaler,Dangote 3X (42.5N),1992,99.6,39875.4,3971589.57,2458502.7,1291214.4,221872.47,5.59,926,Road (Articulated),5,5,0,1,Delivered,None,67865.0,96.0,3.2,30-Day Credit,Paid
DCP-2023-031356,2023-09-19,2023,Q3,September,9,Dangote Cement Senegal,West Africa,Onitsha DC,Edo,Export,Dangote 3X (42.5N),47140,2357.0,39831.42,93882663.97,52854400.82,25771438.0,15256825.15,16.25,781,Road (Articulated),7,7,0,1,Delivered,None,9185.0,94.9,4.4,Cash & Carry,Paid
DCP-2023-031374,2023-09-19,2023,Q3,September,9,Benue Plant (Benue),North Central,Abuja DC,Niger,Government,Dangote 3X (42.5N),24974,1248.7,38870.54,48537649.17,29732972.32,25820618.6,-7015941.75,-14.45,1477,Road (Articulated),11,17,6,0,Damaged in Transit,Strike Action,32250.0,90.1,4.1,Advance Payment,Paid
DCP-2023-031776,2023-09-19,2023,Q3,September,9,Obajana Plant (Kogi),North Central,Benin DC,Ogun,Retailer,Dangote 3X (42.5R),123,6.15,36748.41,226002.71,153623.11,56567.7,15811.9,7.0,657,Road (Articulated),11,11,0,1,Delivered,None,55884.0,96.8,4.3,60-Day Credit,Paid
DCP-2023-031897,2023-09-19,2023,Q3,September,9,Ibese Plant (Ogun),Southwest,Ibadan DC,Osun,Retailer,Dangote 3X (42.5N),15,0.75,38675.09,29006.32,19860.06,2651.25,6495.01,22.39,202,Road (Truck),10,19,9,0,Delivered,Road Damage,83743.0,94.2,3.3,30-Day Credit,Paid
DCP-2023-032232,2023-09-19,2023,Q3,September,9,Obajana Plant (Kogi),North Central,Enugu DC,Sokoto,Wholesaler,Dangote Falcon,3410,170.5,49175.92,8384493.94,5720017.92,3786378.75,-1121902.73,-13.38,1269,Road (Truck),2,2,0,1,Delayed,None,53196.0,88.3,4.8,Cash & Carry,Paid
DCP-2023-032316,2023-09-19,2023,Q3,September,9,Gboko Plant (Benue),North Central,Maiduguri DC,Delta,Wholesaler,Dangote 3X (42.5R),3311,165.55,38772.74,6418827.12,3705133.87,3210014.5,-496321.25,-7.73,1108,Road (Truck),4,13,9,0,Delayed,Fuel Shortage,57737.0,96.3,3.4,60-Day Credit,Paid
DCP-2023-031282,2023-09-20,2023,Q3,September,9,Dangote Cement Senegal,West Africa,Onitsha DC,Zamfara,Wholesaler,Dangote 3X (42.5R),4965,248.25,38116.22,9462351.8,6770766.06,1899112.5,792473.24,8.38,850,Rail,7,16,9,0,Delivered,Security Incident,37611.0,92.6,4.4,60-Day Credit,Paid
DCP-2023-031729,2023-09-20,2023,Q3,September,9,Obajana Plant (Kogi),North Central,Port Harcourt DC,Lagos,Wholesaler,Dangote 3X (42.5N),4807,240.35,40018.55,9618457.83,5785935.97,2327549.4,1504972.46,15.65,1076,Rail,13,13,0,1,Delivered,None,36835.0,90.3,4.1,Cash & Carry,Pending
DCP-2023-031873,2023-09-20,2023,Q3,September,9,Obajana Plant (Kogi),North Central,Enugu DC,Cross River,Wholesaler,Dangote 3X (42.5R),2471,123.55,36479.46,4507036.74,3025309.82,3759935.38,-2278208.46,-50.55,1739,Road (Truck),5,6,1,0,Returned,Road Damage,63798.0,90.6,3.7,30-Day Credit,Overdue
DCP-2023-032283,2023-09-20,2023,Q3,September,9,Dangote Cement Senegal,West Africa,Benin DC,Ebonyi,Contractor,Dangote BLC,2861,143.05,37703.86,5393536.5,3684987.75,1300324.5,408224.25,7.57,1010,Rail,11,23,12,0,Damaged in Transit,Flooding,63206.0,99.4,4.3,Cash & Carry,Paid
DCP-2023-031191,2023-09-21,2023,Q3,September,9,Obajana Plant (Kogi),North Central,Kaduna DC,Imo,Contractor,Dangote 3X (42.5N),8675,433.75,38342.49,16631055.69,11292253.28,5362017.5,-23215.09,-0.14,883,Road (Articulated),14,14,0,1,Delivered,None,30846.0,90.3,3.0,Letter of Credit,Paid
DCP-2023-031219,2023-09-21,2023,Q3,September,9,Gboko Plant (Benue),North Central,Kaduna DC,Zamfara,Contractor,Dangote 3X (42.5N),7120,356.0,37351.23,13297039.15,8432789.95,278748.0,4585501.2,34.49,87,Rail,7,7,0,1,Delivered,None,22505.0,99.6,4.5,30-Day Credit,Pending
DCP-2023-031371,2023-09-21,2023,Q3,September,9,Gboko Plant (Benue),North Central,Kaduna DC,Katsina,Contractor,Dangote 3X (42.5R),3595,179.75,37466.96,6734685.32,4675110.3,4598903.75,-2539328.73,-37.71,1462,Road (Truck),9,15,6,0,In Transit,Road Damage,78442.0,91.6,3.0,Letter of Credit,Pending
DCP-2023-031725,2023-09-21,2023,Q3,September,9,Obajana Plant (Kogi),North Central,Benin DC,Imo,Government,Dangote 3X (42.5R),17366,868.3,36429.78,31631974.35,21977425.83,10819018.0,-1164469.48,-3.68,712,Road (Truck),13,27,14,0,Delivered,Road Damage,73221.0,98.6,4.0,30-Day Credit,Paid
DCP-2023-032266,2023-09-21,2023,Q3,September,9,Ibese Plant (Ogun),Southwest,Enugu DC,Kebbi,Contractor,Dangote 3X (42.5R),6553,327.65,36373.78,11917870.62,6691089.86,4131338.85,1095441.91,9.19,1401,Rail,1,9,8,0,Delivered,Strike Action,55574.0,93.0,4.1,30-Day Credit,Pending
DCP-2023-031323,2023-09-22,2023,Q3,September,9,Obajana Plant (Kogi),North Central,Maiduguri DC,Ekiti,Wholesaler,Dangote 3X (42.5R),1074,53.7,38348.82,2059331.59,1138989.39,975836.4,-55494.2,-2.69,1298,Road (Articulated),7,19,12,0,In Transit,Road Damage,63465.0,96.6,3.2,Letter of Credit,Pending
DCP-2023-031695,2023-09-22,2023,Q3,September,9,Gboko Plant (Benue),North Central,Lagos DC,Ondo,Wholesaler,Dangote Falcon,309,15.45,50087.36,773849.72,524155.46,478834.12,-229139.86,-29.61,1771,Road (Truck),8,8,0,1,Delivered,None,23719.0,88.3,3.4,Cash & Carry,Pending
DCP-2023-031751,2023-09-22,2023,Q3,September,9,Dangote Cement Senegal,West Africa,Maiduguri DC,Bayelsa,Contractor,Dangote 3X (42.5R),7969,398.45,37491.17,14938356.1,9708865.11,8988035.88,-3758544.89,-25.16,1289,Road (Truck),13,15,2,0,Delivered,Road Damage,61304.0,87.7,4.6,30-Day Credit,Paid
DCP-2023-031771,2023-09-22,2023,Q3,September,9,Obajana Plant (Kogi),North Central,Kaduna DC,Kaduna,Wholesaler,Dangote 3X (42.5R),4488,224.4,38463.34,8631174.38,5354260.86,3404709.0,-127795.48,-1.48,867,Road (Truck),6,12,6,0,In Transit,Customs Delay,40912.0,88.7,4.8,60-Day Credit,Paid
DCP-2023-032169,2023-09-22,2023,Q3,September,9,Benue Plant (Benue),North Central,Abuja DC,Anambra,Wholesaler,Dangote OPC (52.5R),3917,195.85,48355.29,9470384.5,5340301.45,873980.62,3256102.43,34.38,255,Road (Truck),1,1,0,1,Delivered,None,41214.0,85.3,4.5,60-Day Credit,Pending
DCP-2023-032294,2023-09-22,2023,Q3,September,9,Gboko Plant (Benue),North Central,Maiduguri DC,Plateau,Wholesaler,Dangote Falcon,1713,85.65,52364.65,4485032.39,2601348.58,1058205.75,825478.06,18.41,1765,River Barge,12,12,0,1,Delivered,None,42096.0,100.0,3.3,60-Day Credit,Paid
DCP-2023-031234,2023-09-23,2023,Q3,September,9,Ibese Plant (Ogun),Southwest,Benin DC,Abuja,Retailer,Dangote 3X (42.5N),402,20.1,35611.82,715797.53,396779.25,364694.4,-45676.12,-6.38,1296,Road (Articulated),2,2,0,1,Delivered,None,54262.0,85.5,4.7,60-Day Credit,Paid
DCP-2023-031485,2023-09-23,2023,Q3,September,9,Dangote Cement Senegal,West Africa,Onitsha DC,Nassarawa,Retailer,Dangote Falcon,22,1.1,45341.95,49876.14,30584.4,15948.9,3342.84,6.7,1611,Rail,10,10,0,1,Delivered,None,72298.0,87.6,3.3,Cash & Carry,Paid
DCP-2023-031984,2023-09-23,2023,Q3,September,9,Benue Plant (Benue),North Central,Port Harcourt DC,Kebbi,Government,Dangote 3X (42.5R),20465,1023.25,40717.87,41664563.98,25207221.95,916832.0,15540510.03,37.3,128,River Barge,10,10,0,1,Delivered,None,27516.0,89.4,3.9,Cash & Carry,Paid
DCP-2023-031615,2023-09-24,2023,Q3,September,9,Obajana Plant (Kogi),North Central,Onitsha DC,Akwa Ibom,Contractor,Dangote 3X (42.5N),4837,241.85,38311.76,9265698.01,5275753.68,7465909.5,-3475965.17,-37.51,1764,Road (Truck),2,2,0,1,Delivered,None,7001.0,97.9,4.7,Cash & Carry,Paid
DCP-2023-031906,2023-09-25,2023,Q3,September,9,Benue Plant (Benue),North Central,Lagos DC,Imo,Wholesaler,Dangote 3X (42.5N),1088,54.4,40582.09,2207665.83,1299524.42,1317568.0,-409426.59,-18.55,1384,Road (Truck),11,15,4,0,Delivered,Truck Breakdown,61014.0,90.0,3.4,30-Day Credit,Pending
DCP-2023-032147,2023-09-25,2023,Q3,September,9,Benue Plant (Benue),North Central,Enugu DC,Kogi,Wholesaler,Dangote OPC (52.5R),2316,115.8,43688.04,5059075.54,3555518.37,845050.5,658506.67,13.02,417,Road (Truck),14,14,0,1,Delivered,None,11294.0,95.3,4.9,30-Day Credit,Paid
DCP-2023-031244,2023-09-26,2023,Q3,September,9,Dangote Cement Senegal,West Africa,Kaduna DC,Zamfara,Wholesaler,Dangote 3X (42.5R),2555,127.75,38804.36,4957257.49,3210476.03,315223.12,1431558.34,28.88,141,Road (Truck),14,21,7,0,Delayed,Fuel Shortage,57347.0,96.9,3.5,30-Day Credit,Paid
DCP-2023-031460,2023-09-26,2023,Q3,September,9,Gboko Plant (Benue),North Central,Maiduguri DC,Katsina,Wholesaler,Dangote 3X (42.5N),2940,147.0,40848.98,6004800.7,3791457.56,3599442.0,-1386098.86,-23.08,1749,Road (Articulated),14,28,14,0,Delivered,Road Damage,60749.0,87.9,4.7,Cash & Carry,Pending
DCP-2023-031224,2023-09-27,2023,Q3,September,9,Benue Plant (Benue),North Central,Kaduna DC,Cross River,Retailer,Dangote 3X (42.5R),485,24.25,37990.88,921278.76,571985.97,34798.75,314494.04,34.14,82,Road (Truck),10,10,0,1,Delivered,None,54204.0,91.6,4.7,Advance Payment,Pending
DCP-2023-031760,2023-09-27,2023,Q3,September,9,Gboko Plant (Benue),North Central,Onitsha DC,Kaduna,Contractor,Dangote OPC (52.5R),8489,424.45,47141.17,20009070.26,12183130.51,8259797.0,-433857.25,-2.17,1390,Road (Articulated),8,8,0,1,Delivered,None,55540.0,93.0,4.9,Cash & Carry,Pending
DCP-2023-031810,2023-09-27,2023,Q3,September,9,Ibese Plant (Ogun),Southwest,Lagos DC,Benue,Wholesaler,Dangote 3X (42.5N),2743,137.15,40731.34,5586303.15,3679046.4,2520131.25,-612874.5,-10.97,1050,Road (Truck),8,8,0,1,Delivered,None,22832.0,99.8,4.7,Letter of Credit,Paid
DCP-2023-031879,2023-09-27,2023,Q3,September,9,Ibese Plant (Ogun),Southwest,Port Harcourt DC,Kwara,Government,Dangote 3X (42.5N),3828,191.4,35047.15,6708023.78,4383559.3,4150030.5,-1825566.02,-27.21,1239,Road (Truck),5,5,0,1,Delivered,None,59994.0,90.4,,Advance Payment,Paid
DCP-2023-031937,2023-09-27,2023,Q3,September,9,Benue Plant (Benue),North Central,Ibadan DC,Kaduna,Wholesaler,Dangote OPC (52.5R),849,42.45,47210.67,2004093.03,1180065.33,223605.38,600422.32,29.96,301,Road (Truck),7,7,0,1,Delivered,None,29734.0,85.1,3.1,60-Day Credit,Paid
DCP-2023-031218,2023-09-28,2023,Q3,September,9,Benue Plant (Benue),North Central,Enugu DC,Plateau,Contractor,Dangote 3X (42.5N),2645,132.25,35879.47,4745059.8,3234378.54,3254011.25,-1743329.99,-36.74,1406,Road (Truck),3,6,3,0,Delivered,Strike Action,18180.0,93.0,3.0,60-Day Credit,Paid
DCP-2023-031477,2023-09-28,2023,Q3,September,9,Dangote Cement Senegal,West Africa,Abuja DC,Niger,Government,Dangote 3X (42.5R),39780,1989.0,36678.99,72954510.48,46491089.29,42708802.5,-16245381.31,-22.27,1227,Road (Truck),12,22,10,0,Delivered,Flooding,29267.0,96.1,,Cash & Carry,Pending
DCP-2023-031593,2023-09-28,2023,Q3,September,9,Gboko Plant (Benue),North Central,Port Harcourt DC,Imo,Government,Dangote 3X (42.5N),4228,211.4,37106.06,7844220.25,5327750.24,3000400.2,-483930.19,-6.17,1577,Rail,12,15,3,0,Delivered,Strike Action,73397.0,94.6,4.8,30-Day Credit,Paid
DCP-2023-031789,2023-09-28,2023,Q3,September,9,Dangote Cement Senegal,West Africa,Enugu DC,Kwara,Wholesaler,Dangote 3X (42.5R),2996,149.8,41935.07,6281873.39,4409850.01,3153664.5,-1281641.12,-20.4,1203,Road (Truck),2,2,0,1,Delivered,,69730.0,97.9,4.2,Cash & Carry,Paid
DCP-2023-031831,2023-09-28,2023,Q3,September,9,Ibese Plant (Ogun),Southwest,Ibadan DC,Cross River,Export,Dangote 3X (42.5R),62766,3138.3,38623.3,121211500.73,67056327.61,33300501.3,20854671.82,17.21,1179,Rail,3,10,7,0,In Transit,Flooding,30300.0,91.3,3.2,Cash & Carry,Paid
DCP-2023-031837,2023-09-29,2023,Q3,September,9,Obajana Plant (Kogi),North Central,Enugu DC,Kogi,Wholesaler,Dangote 3X (42.5R),1312,65.6,39897.55,2617279.0,1819926.21,1125040.0,-327687.21,-12.52,980,Road (Truck),3,13,10,0,In Transit,Flooding,40323.0,97.1,3.9,60-Day Credit,Paid
DCP-2023-031916,2023-09-29,2023,Q3,September,9,Benue Plant (Benue),North Central,Onitsha DC,Edo,Retailer,Dangote 3X (42.5N),100,5.0,36406.05,182030.23,115657.94,129062.5,-62690.21,-34.44,1475,Road (Truck),14,15,1,0,In Transit,Truck Breakdown,40222.0,98.5,3.5,Letter of Credit,Paid
DCP-2023-032013,2023-09-29,2023,Q3,September,9,Obajana Plant (Kogi),North Central,Benin DC,Kano,Government,Dangote BLC,16268,813.4,34049.4,27695785.26,16804428.35,12896457.0,-2005100.09,-7.24,906,Road (Truck),14,16,2,0,Delivered,Fuel Shortage,41160.0,85.1,3.8,30-Day Credit,Paid
DCP-2023-032230,2023-09-29,2023,Q3,September,9,Dangote Cement Senegal,West Africa,Port Harcourt DC,Niger,Retailer,Dangote 3X (42.5R),393,19.65,38566.49,757831.48,481565.08,175032.38,101234.02,13.36,509,Road (Truck),6,6,0,1,Delivered,None,34845.0,94.2,4.1,60-Day Credit,Pending
DCP-2023-031539,2023-09-30,2023,Q3,September,9,Obajana Plant (Kogi),North Central,Onitsha DC,Anambra,Wholesaler,Dangote 3X (42.5R),3520,176.0,42355.6,7454585.15,5006460.4,4425960.0,-1977835.25,-26.53,1437,Road (Truck),1,1,0,1,Delivered,None,29364.0,95.6,3.0,Cash & Carry,Paid
DCP-2023-031910,2023-09-30,2023,Q3,September,9,Benue Plant (Benue),North Central,Benin DC,Ekiti,Export,Dangote 3X (42.5R),67503,3375.15,37006.22,124901534.36,74594931.65,92673181.12,-42366578.41,-33.92,1569,Road (Truck),7,9,2,0,In Transit,Security Incident,69482.0,95.9,4.4,60-Day Credit,Overdue
DCP-2023-031995,2023-09-30,2023,Q3,September,9,Benue Plant (Benue),North Central,Lagos DC,Katsina,Contractor,Dangote 3X (42.5R),8575,428.75,41134.42,17636384.39,12045104.67,8155896.88,-2564617.16,-14.54,1087,Road (Truck),12,12,0,1,Delivered,None,10839.0,,3.5,Cash & Carry,Paid
DCP-2023-031252,2023-10-01,2023,Q4,October,10,Obajana Plant (Kogi),North Central,Maiduguri DC,Abuja,Contractor,Dangote OPC (52.5R),7389,369.45,43727.76,16155222.02,9206885.26,1236179.7,5712157.06,35.36,239,Road (Articulated),7,7,0,1,Delivered,None,28161.0,92.3,3.9,60-Day Credit,Paid
DCP-2023-031264,2023-10-01,2023,Q4,October,10,Obajana Plant (Kogi),North Central,Kaduna DC,Ogun,Contractor,Dangote 3X (42.5R),4453,222.65,42519.84,9467043.03,5453963.08,1266321.88,2746758.07,29.01,325,Road (Truck),2,2,0,1,Delivered,None,32379.0,95.6,4.2,30-Day Credit,Paid
DCP-2023-031312,2023-10-01,2023,Q4,October,10,Ibese Plant (Ogun),Southwest,Kaduna DC,Anambra,Retailer,Dangote 3X (42.5R),62,3.1,41952.56,130052.94,76844.11,67487.0,-14278.17,-10.98,1244,Road (Truck),14,20,6,0,Delayed,Road Damage,18233.0,87.8,3.4,30-Day Credit,Pending
DCP-2023-031692,2023-10-01,2023,Q4,October,10,Gboko Plant (Benue),North Central,Benin DC,Rivers,Government,Dangote 3X (42.5R),25796,1289.8,41996.81,54167482.61,33033454.57,29144320.8,-8010292.76,-14.79,1614,Road (Articulated),11,11,0,1,Delivered,None,39159.0,85.5,4.5,60-Day Credit,Pending
DCP-2023-031794,2023-10-01,2023,Q4,October,10,Dangote Cement Senegal,West Africa,Maiduguri DC,Ondo,Wholesaler,Dangote 3X (42.5N),1478,73.9,38099.81,2815575.62,1974447.34,525059.5,316068.78,11.23,406,Road (Truck),13,16,3,0,Delivered,Flooding,41281.0,95.2,4.9,Cash & Carry,Paid
DCP-2023-031823,2023-10-01,2023,Q4,October,10,Gboko Plant (Benue),North Central,Benin DC,Katsina,Retailer,Dangote OPC (52.5R),293,14.65,49182.08,720517.51,459420.47,,-138078.84,-19.16,1557,Road (Truck),8,8,0,1,Delivered,None,66612.0,86.5,4.8,Letter of Credit,Paid
DCP-2023-031545,2023-10-04,2023,Q4,October,10,Gboko Plant (Benue),North Central,Port Harcourt DC,Edo,Retailer,Dangote 3X (42.5R),81,4.05,42031.33,170226.9,117563.91,90720.0,-38057.01,-22.36,1280,Road (Truck),4,12,8,0,Delivered,Road Damage,50083.0,88.8,4.9,Cash & Carry,Paid
DCP-2023-031843,2023-10-04,2023,Q4,October,10,Ibese Plant (Ogun),Southwest,Maiduguri DC,Enugu,Contractor,Dangote 3X (42.5R),4877,243.85,38617.47,9416869.37,5269939.96,2275852.05,1871077.36,19.87,1037,Rail,7,14,7,0,Delivered,Truck Breakdown,43256.0,98.1,3.9,30-Day Credit,Paid
DCP-2023-031865,2023-10-04,2023,Q4,October,10,Obajana Plant (Kogi),North Central,Abuja DC,Ondo,Contractor,Dangote 3X (42.5R),2906,145.3,38899.63,5652116.14,3232665.22,2896192.25,-476741.33,-8.43,1139,Road (Truck),2,16,14,0,In Transit,Truck Breakdown,8064.0,90.4,4.6,Cash & Carry,Paid
DCP-2023-032288,2023-10-04,2023,Q4,October,10,Benue Plant (Benue),North Central,Onitsha DC,Delta,Contractor,Dangote 3X (42.5N),5181,259.05,37967.93,9835592.91,6574919.67,2326528.05,934145.19,9.5,1283,River Barge,12,12,0,1,Delivered,None,51505.0,87.5,,Advance Payment,Paid
DCP-2023-031183,2023-10-05,2023,Q4,October,10,Ibese Plant (Ogun),Southwest,Maiduguri DC,Edo,Wholesaler,Dangote OPC (52.5R),1988,99.4,44375.02,4410877.45,2636272.31,1867527.2,-92922.06,-2.11,1342,Road (Articulated),5,5,0,1,Delivered,None,19214.0,96.2,3.5,Cash & Carry,Pending
DCP-2023-031228,2023-10-05,2023,Q4,October,10,Ibese Plant (Ogun),Southwest,Onitsha DC,Imo,Contractor,Dangote 3X (42.5N),4206,210.3,38773.78,8154125.65,5403770.14,3768576.0,-1018220.49,-12.49,1024,Road (Truck),8,8,0,1,Delivered,None,30539.0,98.5,4.0,30-Day Credit,Paid
DCP-2023-032118,2023-10-05,2023,Q4,October,10,Ibese Plant (Ogun),Southwest,Kaduna DC,Lagos,Government,Dangote BLC,2788,139.4,39021.0,5439526.75,3380626.4,2717603.0,-658702.65,-12.11,1114,Road (Truck),13,13,0,1,In Transit,None,70935.0,88.3,4.5,Cash & Carry,Paid
DCP-2023-032156,2023-10-05,2023,Q4,October,10,Obajana Plant (Kogi),North Central,Benin DC,Kebbi,Retailer,Dangote 3X (42.5R),181,9.05,36499.54,330320.87,192144.57,54322.62,83853.68,25.39,343,Road (Truck),6,6,0,1,Delivered,None,37733.0,97.2,3.6,Letter of Credit,Paid
DCP-2023-031293,2023-10-06,2023,Q4,October,10,Benue Plant (Benue),North Central,Port Harcourt DC,Cross River,Wholesaler,Dangote 3X (42.5R),3880,194.0,36825.44,7144134.49,4374985.92,1393308.0,1375840.57,19.26,513,Road (Articulated),14,16,2,0,Damaged in Transit,Flooding,7525.0,87.3,4.4,30-Day Credit,Pending
DCP-2023-031836,2023-10-06,2023,Q4,October,10,Gboko Plant (Benue),North Central,Kaduna DC,Kogi,Government,Dangote 3X (42.5R),39013,1950.65,41072.26,80117613.02,51696649.58,48500961.6,-20079998.16,-25.06,1776,Road (Articulated),8,19,11,0,Returned,Road Damage,65156.0,92.2,4.3,60-Day Credit,Paid
DCP-2023-032123,2023-10-06,2023,Q4,October,10,Obajana Plant (Kogi),North Central,Port Harcourt DC,Katsina,Wholesaler,Dangote 3X (42.5N),3804,190.2,39425.24,7498680.1,4319830.19,2140891.2,1037958.71,13.84,804,Road (Articulated),13,23,10,0,Delayed,Road Damage,29469.0,90.3,4.4,30-Day Credit,Paid
DCP-2023-031402,2023-10-07,2023,Q4,October,10,Gboko Plant (Benue),North Central,Kano DC,Kogi,Retailer,Dangote OPC (52.5R),379,18.95,49247.74,933244.64,602060.88,468785.1,-137601.34,-14.74,1767,Road (Articulated),8,8,0,1,Delivered,None,49825.0,98.3,4.3,Cash & Carry,Paid
DCP-2023-031871,2023-10-07,2023,Q4,October,10,Gboko Plant (Benue),North Central,Benin DC,Niger,Wholesaler,Dangote BLC,1818,90.9,36246.0,3294761.78,1812252.11,1000581.75,481927.92,14.63,629,Road (Truck),5,5,0,1,Delivered,None,18169.0,89.9,3.0,Cash & Carry,Paid
DCP-2023-031878,2023-10-07,2023,Q4,October,10,Benue Plant (Benue),North Central,Kaduna DC,Kano,Retailer,Dangote 3X (42.5R),249,12.45,39497.75,491747.04,283237.16,11939.55,196570.33,39.97,137,River Barge,8,8,0,1,Delivered,None,53478.0,99.3,3.4,30-Day Credit,Paid
DCP-2023-032023,2023-10-07,2023,Q4,October,10,Ibese Plant (Ogun),Southwest,Abuja DC,Ondo,Retailer,Dangote 3X (42.5N),33,1.65,39555.62,65266.78,38077.05,,-10116.77,-15.5,1292,Road (Truck),3,17,14,0,Delayed,Road Damage,78613.0,90.4,3.6,Advance Payment,Pending
DCP-2023-032086,2023-10-07,2023,Q4,October,10,Obajana Plant (Kogi),North Central,Lagos DC,Kwara,Retailer,Dangote BLC,55,2.75,33974.0,93428.49,55341.74,13205.5,24881.25,26.63,343,Road (Articulated),1,1,0,1,Delivered,None,25567.0,86.5,,Cash & Carry,Paid
DCP-2023-031199,2023-10-08,2023,Q4,October,10,Obajana Plant (Kogi),North Central,Enugu DC,Sokoto,Wholesaler,Dangote OPC (52.5R),3768,188.4,44163.52,8320407.99,5179333.23,907334.4,2233740.36,26.85,688,River Barge,8,8,0,1,In Transit,None,45858.0,96.5,3.8,30-Day Credit,Paid
DCP-2023-031754,2023-10-08,2023,Q4,October,10,Ibese Plant (Ogun),Southwest,Maiduguri DC,Akwa Ibom,Wholesaler,Dangote 3X (42.5R),2029,101.45,37248.31,3778840.83,2626885.75,1030833.45,121121.63,3.21,1129,Rail,2,2,0,1,In Transit,None,33060.0,98.6,4.3,Cash & Carry,Overdue
DCP-2023-032000,2023-10-08,2023,Q4,October,10,Benue Plant (Benue),North Central,Onitsha DC,Akwa Ibom,Wholesaler,Dangote Falcon,4436,221.8,45198.59,10025046.41,6956398.86,2895599.0,173048.55,1.73,746,Road (Truck),12,21,9,0,Delivered,Strike Action,40656.0,88.0,4.4,Cash & Carry,Paid
DCP-2023-032188,2023-10-08,2023,Q4,October,10,Gboko Plant (Benue),North Central,Enugu DC,Cross River,Wholesaler,Dangote 3X (42.5R),701,35.05,42172.28,1478138.5,1059735.6,727217.4,-308814.5,-20.89,1482,Road (Articulated),12,23,11,0,Delivered,Security Incident,29808.0,96.6,,Cash & Carry,Paid
DCP-2023-031324,2023-10-10,2023,Q4,October,10,Obajana Plant (Kogi),North Central,Enugu DC,Sokoto,Contractor,Dangote Falcon,3363,168.15,50159.71,8434354.51,5550761.5,1562533.88,1321059.13,15.66,531,Road (Truck),5,17,12,0,Delayed,Truck Breakdown,29485.0,99.9,3.3,Cash & Carry,Pending
DCP-2023-032312,2023-10-10,2023,Q4,October,10,Benue Plant (Benue),North Central,Kaduna DC,Imo,Retailer,Dangote OPC (52.5R),392,19.6,44581.08,873789.15,562847.48,39102.0,271839.67,31.11,114,Road (Truck),6,16,10,0,In Transit,Strike Action,78660.0,95.5,3.4,Cash & Carry,Paid
DCP-2023-031585,2023-10-11,2023,Q4,October,10,Gboko Plant (Benue),North Central,Lagos DC,Kano,Government,Dangote 3X (42.5N),12152,607.6,38119.58,23161454.36,15824326.63,2870910.0,4466217.73,19.28,525,Rail,7,12,5,0,Delivered,Truck Breakdown,35392.0,92.2,3.6,Letter of Credit,Paid
DCP-2023-031768,2023-10-11,2023,Q4,October,10,Benue Plant (Benue),North Central,Lagos DC,Sokoto,Contractor,Dangote 3X (42.5R),5183,259.15,38421.37,9956898.24,6010202.59,1072881.0,2873814.65,28.86,460,Rail,13,13,0,1,Delivered,None,36351.0,94.3,4.0,30-Day Credit,Paid
DCP-2023-031398,2023-10-12,2023,Q4,October,10,Obajana Plant (Kogi),North Central,Kano DC,Edo,Contractor,Dangote 3X (42.5N),4850,242.5,36916.67,8952291.78,5540180.11,344592.5,3067519.17,34.27,203,River Barge,4,4,0,1,Delivered,None,84926.0,99.2,4.1,30-Day Credit,Paid
DCP-2023-031403,2023-10-12,2023,Q4,October,10,Obajana Plant (Kogi),North Central,Onitsha DC,Ondo,Contractor,Dangote 3X (42.5N),6854,342.7,40759.72,13968354.93,7826028.97,2735774.1,3406551.86,24.39,887,Rail,7,10,3,0,Delivered,Fuel Shortage,33847.0,95.8,3.4,Advance Payment,Pending
DCP-2023-031455,2023-10-12,2023,Q4,October,10,Obajana Plant (Kogi),North Central,Onitsha DC,Delta,Retailer,Dangote 3X (42.5R),162,8.1,41311.46,334622.8,232677.99,62795.25,39149.56,11.7,443,Road (Truck),10,10,0,1,Delivered,None,72962.0,86.7,4.7,Cash & Carry,Paid
DCP-2023-031947,2023-10-12,2023,Q4,October,10,Benue Plant (Benue),North Central,Abuja DC,Abia,Wholesaler,Dangote 3X (42.5R),1962,98.1,40597.32,3982596.77,2344443.27,1800870.75,-162717.25,-4.09,1049,Road (Truck),5,5,0,1,Delivered,None,16412.0,99.5,4.7,30-Day Credit,Paid
DCP-2023-031306,2023-10-13,2023,Q4,October,10,Dangote Cement Senegal,West Africa,Port Harcourt DC,Akwa Ibom,Government,Dangote 3X (42.5R),18234,911.7,38872.07,35439666.97,24429758.49,9395068.5,1614839.98,4.56,1145,Rail,8,8,0,1,In Transit,None,58010.0,94.4,3.7,30-Day Credit,Pending
DCP-2023-031770,2023-10-13,2023,Q4,October,10,Ibese Plant (Ogun),Southwest,Abuja DC,Abuja,Export,Dangote 3X (42.5R),80170,4008.5,36873.86,147808857.97,93183544.85,72323361.25,-17698048.13,-11.97,1031,Road (Truck),14,26,12,0,Delivered,Strike Action,7827.0,99.4,3.7,Cash & Carry,Paid
DCP-2023-031859,2023-10-13,2023,Q4,October,10,Ibese Plant (Ogun),Southwest,Kaduna DC,Katsina,Contractor,Dangote BLC,6449,322.45,35192.77,11347907.29,6331321.1,1363318.6,3653267.59,32.19,604,River Barge,2,17,15,0,Returned,Strike Action,64728.0,94.4,4.8,60-Day Credit,Pending
DCP-2023-031981,2023-10-13,2023,Q4,October,10,Benue Plant (Benue),North Central,Kano DC,Kogi,Wholesaler,Dangote Falcon,1818,90.9,47811.91,4346102.71,3028356.22,723791.25,593955.24,13.67,455,Road (Truck),2,8,6,0,Delivered,Road Damage,68000.0,89.3,3.5,30-Day Credit,Paid
DCP-2023-032214,2023-10-13,2023,Q4,October,10,Gboko Plant (Benue),North Central,Kano DC,Oyo,Wholesaler,Dangote 3X (42.5R),4982,249.1,41249.76,10275314.82,6879260.07,4582443.6,-1186388.85,-11.55,1314,Road (Articulated),6,6,0,1,Delivered,None,22172.0,92.3,4.8,Cash & Carry,Pending
DCP-2023-031453,2023-10-14,2023,Q4,October,10,Ibese Plant (Ogun),Southwest,Kaduna DC,Benue,Retailer,Dangote 3X (42.5R),280,14.0,40696.36,569749.04,383739.61,302820.0,-116810.57,-20.5,1236,Road (Truck),6,20,14,0,In Transit,Truck Breakdown,55034.0,90.6,4.9,Cash & Carry,Paid
DCP-2023-031488,2023-10-14,2023,Q4,October,10,Ibese Plant (Ogun),Southwest,Kano DC,Imo,Retailer,Dangote 3X (42.5N),430,21.5,36321.04,780902.42,508336.36,520353.75,-247787.69,-31.73,1383,Road (Truck),2,11,9,0,Delivered,Fuel Shortage,70983.0,89.5,4.2,Cash & Carry,Paid
DCP-2023-031728,2023-10-14,2023,Q4,October,10,Gboko Plant (Benue),North Central,Maiduguri DC,Abia,Contractor,Dangote 3X (42.5N),5459,272.95,40005.63,10919537.68,6727470.19,5899131.88,-1707064.39,-15.63,1235,Road (Truck),4,4,0,1,Delivered,None,25777.0,91.5,3.8,60-Day Credit,Paid
DCP-2023-031882,2023-10-14,2023,Q4,October,10,Obajana Plant (Kogi),North Central,Maiduguri DC,Zamfara,Government,Dangote BLC,23658,1182.9,34801.11,41166230.14,28998145.83,10465116.3,1702968.01,4.14,983,Rail,1,14,13,0,Delayed,Security Incident,76790.0,93.0,3.4,30-Day Credit,Pending
DCP-2023-032182,2023-10-14,2023,Q4,October,10,Ibese Plant (Ogun),Southwest,Ibadan DC,Oyo,Wholesaler,Dangote 3X (42.5N),1062,53.1,35165.35,1867280.08,1237092.33,1549059.75,-918872.0,-49.21,1667,Road (Truck),14,27,13,0,In Transit,Truck Breakdown,21108.0,94.6,4.1,Letter of Credit,Paid
DCP-2023-031190,2023-10-15,2023,Q4,October,10,Benue Plant (Benue),North Central,Abuja DC,Katsina,Contractor,Dangote 3X (42.5N),8999,449.95,40322.62,18143163.11,12450951.43,2393734.0,3298477.68,18.18,304,Road (Truck),1,7,6,0,Delivered,Flooding,73976.0,97.9,4.1,Letter of Credit,Overdue
DCP-2023-031395,2023-10-15,2023,Q4,October,10,Gboko Plant (Benue),North Central,Port Harcourt DC,Ebonyi,Contractor,Dangote BLC,7963,398.15,33500.5,13338224.17,8902926.51,2246362.3,2188935.36,16.41,403,Road (Articulated),10,10,0,1,Delivered,None,31831.0,95.6,3.6,Cash & Carry,Overdue
DCP-2023-031667,2023-10-15,2023,Q4,October,10,Gboko Plant (Benue),North Central,Maiduguri DC,Imo,Wholesaler,Dangote OPC (52.5R),2197,109.85,44479.79,4886104.54,3086277.89,2623657.4,-823830.75,-16.86,1706,Road (Articulated),14,14,0,1,Delivered,None,24017.0,93.1,4.7,Cash & Carry,Paid
DCP-2023-031733,2023-10-15,2023,Q4,October,10,Obajana Plant (Kogi),North Central,Kano DC,Abia,Export,Dangote BLC,22590,1129.5,33406.8,37732976.01,26275430.49,21110355.0,-9652809.48,-25.58,1068,Road (Truck),1,1,0,1,Delivered,None,34028.0,98.7,3.3,30-Day Credit,Pending
DCP-2023-031985,2023-10-15,2023,Q4,October,10,Benue Plant (Benue),North Central,Abuja DC,Ogun,Retailer,Dangote 3X (42.5N),139,6.95,38804.93,269694.25,173530.25,60034.1,36129.9,13.4,617,Road (Articulated),8,8,0,1,Delivered,None,54091.0,94.2,4.9,30-Day Credit,Paid
DCP-2023-032120,2023-10-15,2023,Q4,October,10,Dangote Cement Senegal,West Africa,Onitsha DC,Delta,Export,Dangote 3X (42.5R),75713,3785.65,41392.59,156697852.81,112671592.21,70488803.0,-26462542.4,-16.89,1064,Road (Truck),7,7,0,1,In Transit,None,31437.0,90.3,5.0,60-Day Credit,Paid
DCP-2023-031327,2023-10-16,2023,Q4,October,10,Benue Plant (Benue),North Central,Benin DC,Niger,Retailer,Dangote 3X (42.5N),316,15.8,40038.1,632602.04,359435.44,96222.0,176944.6,27.97,435,Road (Articulated),10,14,4,0,Delivered,Truck Breakdown,29436.0,90.0,3.8,Cash & Carry,Pending
DCP-2023-031510,2023-10-16,2023,Q4,October,10,Obajana Plant (Kogi),North Central,Maiduguri DC,Enugu,Wholesaler,Dangote 3X (42.5R),402,20.1,41496.83,834086.34,578464.89,164970.75,90650.7,10.87,469,Road (Truck),4,16,12,0,Delayed,Flooding,79700.0,94.9,4.6,60-Day Credit,Pending
DCP-2023-031625,2023-10-16,2023,Q4,October,10,Dangote Cement Senegal,West Africa,Benin DC,Anambra,Wholesaler,Dangote 3X (42.5N),4212,210.6,40801.44,8592783.83,6124453.83,2498137.2,-29807.2,-0.35,1318,Rail,4,4,0,1,Delivered,None,61047.0,98.4,,Cash & Carry,Overdue
DCP-2023-031741,2023-10-16,2023,Q4,October,10,Dangote Cement Senegal,West Africa,Benin DC,Edo,Retailer,Dangote OPC (52.5R),53,2.65,46195.38,122417.77,80475.32,63403.9,-21461.45,-17.53,1709,Road (Articulated),3,3,0,1,Delivered,None,56584.0,85.3,3.1,60-Day Credit,Paid
DCP-2023-031954,2023-10-16,2023,Q4,October,10,Obajana Plant (Kogi),North Central,Onitsha DC,Imo,Export,Dangote OPC (52.5R),78767,3938.35,46013.22,181216164.42,123665876.33,29636083.75,27914204.34,15.4,430,Road (Truck),4,17,13,0,Returned,Truck Breakdown,8416.0,97.9,3.4,Advance Payment,Paid
DCP-2023-031249,2023-10-17,2023,Q4,October,10,Dangote Cement Senegal,West Africa,Lagos DC,Akwa Ibom,Wholesaler,Dangote 3X (42.5R),3817,190.85,42210.95,8055958.96,4542318.66,1794944.25,1718696.05,21.33,1045,Rail,4,4,0,1,Delivered,None,41152.0,85.9,4.1,Cash & Carry,Paid
DCP-2023-031355,2023-10-17,2023,Q4,October,10,Dangote Cement Senegal,West Africa,Maiduguri DC,Zamfara,Retailer,Dangote 3X (42.5R),103,5.15,41173.87,212045.42,128064.29,34355.65,49625.48,23.4,953,River Barge,2,2,0,1,Delivered,None,60318.0,85.9,4.4,30-Day Credit,Paid
DCP-2023-031590,2023-10-17,2023,Q4,October,10,Dangote Cement Senegal,West Africa,Lagos DC,Oyo,Contractor,Dangote 3X (42.5R),264,13.2,42584.47,562115.02,387211.01,196257.6,-21353.59,-3.8,1062,Road (Articulated),10,21,11,0,Delayed,Truck Breakdown,54612.0,97.8,4.5,Letter of Credit,Pending
DCP-2023-031761,2023-10-17,2023,Q4,October,10,Gboko Plant (Benue),North Central,Kano DC,Niger,Retailer,Dangote 3X (42.5N),254,12.7,36551.78,464207.58,289925.49,82899.25,91382.84,19.69,373,Road (Truck),4,4,0,1,Delivered,None,40550.0,90.8,4.6,60-Day Credit,Overdue
DCP-2023-032222,2023-10-17,2023,Q4,October,10,Benue Plant (Benue),North Central,Benin DC,Sokoto,Retailer,Dangote 3X (42.5N),64,3.2,37040.59,118529.9,83611.34,12006.4,22912.16,19.33,268,Road (Articulated),1,1,0,1,Delivered,None,82879.0,96.3,3.9,30-Day Credit,Paid
DCP-2023-032229,2023-10-17,2023,Q4,October,10,Dangote Cement Senegal,West Africa,Enugu DC,Ondo,Government,Dangote OPC (52.5R),7282,364.1,46819.92,17047134.35,12124250.81,4466596.75,456286.79,2.68,701,Road (Truck),3,3,0,1,Delivered,None,6833.0,96.1,3.4,30-Day Credit,Paid
DCP-2023-031569,2023-10-19,2023,Q4,October,10,Benue Plant (Benue),North Central,Lagos DC,Ekiti,Wholesaler,Dangote BLC,717,35.85,37999.52,1362282.89,959290.47,832526.62,-429534.2,-31.53,1327,Road (Truck),8,10,2,0,Delivered,Security Incident,40638.0,94.3,3.4,Cash & Carry,Pending
DCP-2023-032106,2023-10-19,2023,Q4,October,10,Obajana Plant (Kogi),North Central,Kaduna DC,Kano,Retailer,Dangote OPC (52.5R),406,20.3,45244.52,918463.79,553669.73,261443.7,103350.36,11.25,1431,Rail,10,19,9,0,Delayed,Fuel Shortage,56444.0,91.5,4.8,30-Day Credit,Overdue
DCP-2023-031412,2023-10-20,2023,Q4,October,10,Benue Plant (Benue),North Central,Onitsha DC,Lagos,Government,Dangote 3X (42.5N),43765,2188.25,36661.69,80224932.4,55636439.84,29869612.5,-5281119.94,-6.58,780,Road (Truck),12,15,3,0,Delivered,Flooding,44157.0,95.5,4.6,30-Day Credit,Paid
DCP-2023-031486,2023-10-20,2023,Q4,October,10,Benue Plant (Benue),North Central,Port Harcourt DC,Katsina,Retailer,Dangote BLC,104,5.2,37159.67,193230.3,135495.12,54381.6,3353.58,1.74,1162,Rail,8,8,0,1,In Transit,None,84543.0,85.9,4.1,Cash & Carry,Paid
DCP-2023-031555,2023-10-20,2023,Q4,October,10,Dangote Cement Senegal,West Africa,Ibadan DC,Benue,Contractor,Dangote OPC (52.5R),6968,348.4,42760.87,14897886.01,8890850.78,10627071.0,-4620035.77,-31.01,1743,Road (Truck),4,4,0,1,Delivered,None,75231.0,93.0,3.3,30-Day Credit,Pending
DCP-2023-031246,2023-10-21,2023,Q4,October,10,Obajana Plant (Kogi),North Central,Port Harcourt DC,Plateau,Export,Dangote 3X (42.5N),23638,1181.9,37685.01,44539915.97,24578537.09,12761565.25,7199813.63,16.16,617,Road (Truck),6,8,2,0,In Transit,,56009.0,91.0,3.3,Letter of Credit,Overdue
DCP-2023-031294,2023-10-21,2023,Q4,October,10,Benue Plant (Benue),North Central,Lagos DC,Plateau,Wholesaler,Dangote 3X (42.5N),2260,113.0,39613.15,4476285.85,2532358.14,1094292.0,849635.71,18.98,1076,Rail,12,12,0,1,Delivered,None,51413.0,97.0,3.3,Cash & Carry,Overdue
DCP-2023-031782,2023-10-21,2023,Q4,October,10,Obajana Plant (Kogi),North Central,Port Harcourt DC,Akwa Ibom,Contractor,Dangote 3X (42.5N),7784,389.2,36410.02,14170778.84,9012854.08,11892006.0,-6734081.24,-47.52,1746,Road (Truck),1,14,13,0,In Transit,Road Damage,20387.0,,3.8,Cash & Carry,Paid
DCP-2023-031235,2023-10-22,2023,Q4,October,10,Obajana Plant (Kogi),North Central,Benin DC,Zamfara,Retailer,Dangote 3X (42.5R),315,15.75,39683.29,625011.87,377100.12,68906.25,179005.5,28.64,250,Road (Truck),12,12,0,1,Delivered,None,34213.0,97.2,3.5,30-Day Credit,Pending
DCP-2023-031275,2023-10-22,2023,Q4,October,10,Benue Plant (Benue),North Central,Maiduguri DC,Lagos,Wholesaler,Dangote OPC (52.5R),1836,91.8,47059.45,4320057.95,3011389.24,,-837615.29,-19.39,1670,Road (Articulated),6,6,0,1,Delivered,None,60513.0,90.0,3.4,Letter of Credit,Pending
DCP-2023-031331,2023-10-22,2023,Q4,October,10,Benue Plant (Benue),North Central,Kaduna DC,Bayelsa,Wholesaler,Dangote 3X (42.5R),4756,237.8,36365.74,8647773.05,5105005.5,5210198.0,-1667430.45,-19.28,1252,Road (Truck),10,24,14,0,Delayed,Customs Delay,63240.0,97.4,4.6,Cash & Carry,Paid
DCP-2023-031494,2023-10-22,2023,Q4,October,10,Obajana Plant (Kogi),North Central,Maiduguri DC,Sokoto,Wholesaler,Dangote BLC,277,13.85,35672.05,494057.85,324422.8,128943.5,40691.55,8.24,532,Road (Truck),14,14,0,1,Delivered,None,12007.0,88.9,3.4,Cash & Carry,Paid
DCP-2023-031571,2023-10-22,2023,Q4,October,10,Obajana Plant (Kogi),North Central,Ibadan DC,Niger,Wholesaler,Dangote 3X (42.5R),3685,184.25,37908.04,6984556.43,4331062.34,1071229.5,1582264.59,22.65,646,Rail,3,3,0,1,Delivered,None,81435.0,86.6,4.8,Cash & Carry,Paid
DCP-2023-031907,2023-10-22,2023,Q4,October,10,Ibese Plant (Ogun),Southwest,Benin DC,Abuja,Contractor,Dangote OPC (52.5R),6504,325.2,43447.61,14129162.46,9958809.49,4199958.0,-29605.03,-0.21,1435,Rail,6,6,0,1,Delivered,None,75542.0,87.5,3.5,60-Day Credit,Paid
DCP-2023-031909,2023-10-22,2023,Q4,October,10,Ibese Plant (Ogun),Southwest,Benin DC,Kaduna,Government,Dangote BLC,5879,293.95,35913.1,10556656.97,7463423.79,3738162.15,-644928.97,-6.11,1413,Rail,9,9,0,1,Delivered,None,9703.0,95.1,4.8,Cash & Carry,Paid
DCP-2023-031939,2023-10-22,2023,Q4,October,10,Gboko Plant (Benue),North Central,Port Harcourt DC,Osun,Government,Dangote Falcon,2219,110.95,51552.65,5719766.32,3592849.6,2173066.7,-46149.98,-0.81,1399,Road (Articulated),13,13,0,1,Delivered,None,74395.0,87.5,3.4,60-Day Credit,Paid
DCP-2023-032093,2023-10-22,2023,Q4,October,10,Dangote Cement Senegal,West Africa,Kaduna DC,Kwara,Retailer,Dangote 3X (42.5R),473,23.65,37943.77,897370.17,643069.16,180496.8,73804.21,8.22,848,Rail,1,1,0,1,Returned,None,28537.0,93.0,5.0,Cash & Carry,Pending
DCP-2023-032303,2023-10-22,2023,Q4,October,10,Gboko Plant (Benue),North Central,Abuja DC,Akwa Ibom,Retailer,Dangote 3X (42.5N),298,14.9,36133.01,538381.82,300850.55,307424.25,-69892.98,-12.98,1179,Road (Truck),7,17,10,0,Damaged in Transit,,43530.0,90.2,4.3,60-Day Credit,Paid
DCP-2023-031429,2023-10-23,2023,Q4,October,10,Gboko Plant (Benue),North Central,Kano DC,Ekiti,Wholesaler,Dangote 3X (42.5R),2272,113.6,36669.66,4165673.9,2993638.48,966168.0,205867.42,4.94,486,Road (Truck),11,11,0,1,In Transit,None,44682.0,92.8,3.7,Cash & Carry,Paid
DCP-2023-031670,2023-10-23,2023,Q4,October,10,Dangote Cement Senegal,West Africa,Kaduna DC,Plateau,Government,Dangote Falcon,29089,1454.45,48552.14,70616664.43,50174826.21,,14446595.32,20.46,458,Rail,4,4,0,1,Delivered,None,22903.0,98.4,3.7,30-Day Credit,Paid
DCP-2023-032117,2023-10-23,2023,Q4,October,10,Obajana Plant (Kogi),North Central,Benin DC,Rivers,Contractor,Dangote 3X (42.5N),1965,98.25,39976.62,3927702.99,2823177.98,1818411.0,-713885.99,-18.18,1322,Road (Articulated),1,3,2,0,Delivered,Road Damage,28423.0,92.4,,Advance Payment,Paid
DCP-2023-032187,2023-10-23,2023,Q4,October,10,Obajana Plant (Kogi),North Central,Lagos DC,Plateau,Government,Dangote 3X (42.5R),32511,1625.55,37686.61,61261461.55,39106185.27,27309240.0,-5153963.72,-8.41,960,Road (Truck),6,19,13,0,Delivered,Flooding,58588.0,97.9,4.4,30-Day Credit,Paid
DCP-2023-031427,2023-10-24,2023,Q4,October,10,Obajana Plant (Kogi),North Central,Port Harcourt DC,Akwa Ibom,Retailer,Dangote OPC (52.5R),411,20.55,42401.14,871343.47,532008.41,,284404.91,32.64,297,Rail,11,24,13,0,In Transit,Flooding,71665.0,,4.1,Cash & Carry,Paid
DCP-2023-031556,2023-10-25,2023,Q4,October,10,Gboko Plant (Benue),North Central,Lagos DC,Ondo,Contractor,Dangote 3X (42.5R),2388,119.4,39848.61,4757924.53,3096635.79,3635730.0,-1974441.26,-41.5,1740,Road (Truck),1,12,11,0,Delayed,Fuel Shortage,55287.0,98.1,3.3,30-Day Credit,Paid
DCP-2023-032138,2023-10-25,2023,Q4,October,10,Ibese Plant (Ogun),Southwest,Benin DC,Oyo,Contractor,Dangote 3X (42.5N),7764,388.2,37880.99,14705400.33,10248686.25,3888599.4,568114.68,3.86,1113,Rail,6,14,8,0,Delayed,Road Damage,10400.0,99.6,4.7,30-Day Credit,Paid
DCP-2023-032194,2023-10-25,2023,Q4,October,10,Benue Plant (Benue),North Central,Ibadan DC,Ebonyi,Wholesaler,Dangote 3X (42.5R),914,45.7,40392.15,1845921.13,1113482.89,211773.8,520664.44,28.21,331,Road (Articulated),14,14,0,1,Delivered,None,5222.0,98.1,3.8,30-Day Credit,Paid
DCP-2023-032231,2023-10-25,2023,Q4,October,10,Obajana Plant (Kogi),North Central,Ibadan DC,Kwara,Retailer,Dangote OPC (52.5R),95,4.75,44529.45,211514.87,134856.03,82992.0,-6333.16,-2.99,1248,Road (Articulated),11,11,0,1,Delivered,None,60423.0,98.8,4.0,30-Day Credit,Paid
DCP-2023-031232,2023-10-26,2023,Q4,October,10,Gboko Plant (Benue),North Central,Benin DC,Cross River,Retailer,Dangote 3X (42.5N),436,21.8,40495.19,882795.06,500202.78,338390.5,44201.78,5.01,887,Road (Truck),3,18,15,0,Delivered,Truck Breakdown,77727.0,94.4,3.2,Cash & Carry,Paid
DCP-2023-031589,2023-10-26,2023,Q4,October,10,Obajana Plant (Kogi),North Central,Kaduna DC,Ekiti,Wholesaler,Dangote Falcon,3578,178.9,47483.11,8494727.98,5351590.11,3734358.6,-591220.73,-6.96,1491,Road (Articulated),10,10,0,1,Delivered,None,59720.0,93.1,3.3,30-Day Credit,Paid
DCP-2023-031668,2023-10-26,2023,Q4,October,10,Obajana Plant (Kogi),North Central,Enugu DC,Rivers,Wholesaler,Dangote OPC (52.5R),3379,168.95,45914.08,7757184.61,4453244.55,723781.8,2580158.26,33.26,476,Rail,11,24,13,0,Delayed,Customs Delay,81742.0,96.4,4.5,30-Day Credit,Paid
DCP-2023-032305,2023-10-26,2023,Q4,October,10,Dangote Cement Senegal,West Africa,Maiduguri DC,Abia,Retailer,Dangote 3X (42.5N),79,3.95,40700.19,160765.73,94831.92,58621.95,7311.86,4.55,1649,Rail,9,9,0,1,Delivered,None,10977.0,90.4,3.6,Letter of Credit,Paid
DCP-2023-031365,2023-10-27,2023,Q4,October,10,Obajana Plant (Kogi),North Central,Enugu DC,Enugu,Export,Dangote 3X (42.5R),40718,2035.9,42169.2,85852283.25,56059180.94,57290226.0,-27497123.69,-32.03,1608,Road (Truck),9,9,0,1,Delivered,None,60414.0,93.0,3.6,Letter of Credit,Paid
DCP-2023-031478,2023-10-27,2023,Q4,October,10,Obajana Plant (Kogi),North Central,Enugu DC,Cross River,Wholesaler,Dangote 3X (42.5R),4786,239.3,37953.54,9082283.18,5624001.5,2696911.0,761370.68,8.38,644,Road (Truck),6,6,0,1,In Transit,None,38038.0,99.0,3.7,30-Day Credit,Paid
DCP-2023-031722,2023-10-27,2023,Q4,October,10,Ibese Plant (Ogun),Southwest,Benin DC,Abia,Retailer,Dangote 3X (42.5R),311,15.55,36762.92,571663.34,409581.79,213346.0,-51264.45,-8.97,980,Road (Articulated),5,10,5,0,Delayed,Truck Breakdown,31738.0,94.7,4.3,30-Day Credit,Paid
DCP-2023-031740,2023-10-27,2023,Q4,October,10,Ibese Plant (Ogun),Southwest,Abuja DC,Osun,Contractor,Dangote OPC (52.5R),5693,284.65,43403.13,12354701.64,8796364.86,2909123.0,649213.78,5.25,730,Road (Articulated),1,1,0,1,Delivered,None,22101.0,92.3,3.8,30-Day Credit,Paid
DCP-2023-032180,2023-10-27,2023,Q4,October,10,Gboko Plant (Benue),North Central,Lagos DC,Oyo,Contractor,Dangote 3X (42.5R),1734,86.7,37962.44,3291343.35,2187608.02,2703739.5,-1600004.17,-48.61,1782,Road (Truck),10,22,12,0,Delivered,Road Damage,34612.0,86.9,4.0,Cash & Carry,Paid
DCP-2023-031251,2023-10-28,2023,Q4,October,10,Benue Plant (Benue),North Central,Port Harcourt DC,Enugu,Wholesaler,Dangote OPC (52.5R),3970,198.5,42462.88,8428881.99,4959433.7,1055821.5,2413626.79,28.64,591,Rail,7,19,12,0,Delayed,Truck Breakdown,31666.0,96.3,4.0,Advance Payment,Overdue
DCP-2023-031426,2023-10-28,2023,Q4,October,10,Gboko Plant (Benue),North Central,Benin DC,Kwara,Contractor,Dangote 3X (42.5R),389,19.45,41876.14,814490.88,452285.42,116272.1,245933.36,30.19,427,Road (Articulated),13,13,0,1,Delivered,None,82049.0,86.4,3.7,Cash & Carry,Pending
DCP-2023-031654,2023-10-28,2023,Q4,October,10,Dangote Cement Senegal,West Africa,Kano DC,Anambra,Contractor,Dangote 3X (42.5R),1638,81.9,38034.99,3115065.66,1968233.52,2545452.0,-1398619.86,-44.9,1776,Road (Truck),6,6,0,1,Delivered,None,45227.0,98.8,4.7,Letter of Credit,Pending
DCP-2023-031738,2023-10-28,2023,Q4,October,10,Dangote Cement Senegal,West Africa,Port Harcourt DC,Nassarawa,Contractor,Dangote 3X (42.5R),9933,496.65,41097.8,20411222.26,11420409.7,3732324.75,5258487.81,25.76,835,Rail,12,23,11,0,In Transit,Flooding,47098.0,88.6,4.3,Cash & Carry,Overdue
DCP-2023-031844,2023-10-28,2023,Q4,October,10,Obajana Plant (Kogi),North Central,Kaduna DC,Kwara,Government,Dangote 3X (42.5N),29070,1453.5,34999.63,50871962.88,35212570.48,20633886.0,-4974493.6,-9.78,1014,Road (Articulated),6,12,6,0,Delivered,Road Damage,36056.0,86.1,3.9,30-Day Credit,Paid
DCP-2023-032070,2023-10-28,2023,Q4,October,10,Obajana Plant (Kogi),North Central,Lagos DC,Benue,Wholesaler,Dangote BLC,669,33.45,37114.52,1241480.76,847281.27,103026.0,291173.49,23.45,176,Road (Truck),12,12,0,1,Delivered,,72196.0,89.4,4.1,Advance Payment,Paid
DCP-2023-032204,2023-10-28,2023,Q4,October,10,Benue Plant (Benue),North Central,Maiduguri DC,Osun,Wholesaler,Dangote 3X (42.5R),3944,197.2,37989.02,7491435.0,4453135.01,795110.4,2243189.59,29.94,448,Rail,11,15,4,0,Delivered,Fuel Shortage,33682.0,98.0,4.4,Cash & Carry,Paid
DCP-2023-031187,2023-10-29,2023,Q4,October,10,Dangote Cement Senegal,West Africa,Maiduguri DC,Kebbi,Wholesaler,Dangote 3X (42.5N),234,11.7,35513.77,415511.06,277996.68,279483.75,-141969.37,-34.17,1365,Road (Truck),14,21,7,0,In Transit,Strike Action,11800.0,88.9,3.9,Cash & Carry,Paid
DCP-2023-031490,2023-10-29,2023,Q4,October,10,Benue Plant (Benue),North Central,Kaduna DC,Kano,Contractor,Dangote 3X (42.5R),8709,435.45,42011.41,18293866.96,12118204.95,8771051.62,-2595389.61,-14.19,1151,Road (Truck),3,16,13,0,Delivered,Road Damage,58199.0,94.7,4.9,30-Day Credit,Paid
DCP-2023-031676,2023-10-29,2023,Q4,October,10,Obajana Plant (Kogi),North Central,Port Harcourt DC,Imo,Contractor,Dangote 3X (42.5N),4245,212.25,39171.68,8314190.09,5533050.53,3744090.0,-962950.44,-11.58,1008,Road (Truck),7,7,0,1,Delivered,None,71511.0,97.6,4.0,Advance Payment,Pending
DCP-2023-031448,2023-10-30,2023,Q4,October,10,Ibese Plant (Ogun),Southwest,Benin DC,Rivers,Wholesaler,Dangote 3X (42.5N),3838,191.9,40436.64,7759791.64,4947214.36,,-21785.72,-0.28,1055,Road (Articulated),10,25,15,0,Delivered,Strike Action,14402.0,87.5,3.5,30-Day Credit,Paid
DCP-2023-031753,2023-10-30,2023,Q4,October,10,Gboko Plant (Benue),North Central,Kaduna DC,Imo,Wholesaler,Dangote OPC (52.5R),3669,183.45,48783.91,8949408.53,5433359.71,4102859.25,-586810.43,-6.56,1278,Road (Truck),4,10,6,0,Delayed,,60264.0,89.8,4.0,Cash & Carry,Overdue
DCP-2023-032165,2023-10-30,2023,Q4,October,10,Benue Plant (Benue),North Central,Port Harcourt DC,Sokoto,Wholesaler,Dangote 3X (42.5R),4821,241.05,37809.87,9114069.44,5700291.47,1105214.25,2308563.72,25.33,262,Road (Truck),2,2,0,1,Delivered,None,79249.0,93.1,4.5,Cash & Carry,Paid
DCP-2023-031302,2023-10-31,2023,Q4,October,10,Benue Plant (Benue),North Central,Benin DC,Benue,Wholesaler,Dangote OPC (52.5R),2011,100.55,45939.11,4619177.14,3061639.68,2718620.62,-1161083.16,-25.14,1545,Road (Truck),12,18,6,0,Delayed,Security Incident,23305.0,99.8,4.0,60-Day Credit,Pending
DCP-2023-031372,2023-10-31,2023,Q4,October,10,Gboko Plant (Benue),North Central,Kano DC,Kano,Wholesaler,Dangote 3X (42.5N),4099,204.95,38725.8,7936851.85,5167595.14,1692887.0,1076369.71,13.56,472,Road (Truck),3,4,1,0,Delivered,Security Incident,81417.0,93.6,3.1,Cash & Carry,Pending
DCP-2023-032124,2023-10-31,2023,Q4,October,10,Gboko Plant (Benue),North Central,Abuja DC,Akwa Ibom,Wholesaler,Dangote 3X (42.5R),2716,135.8,36794.39,4996677.78,2833946.31,2859404.8,-696673.33,-13.94,1504,Road (Articulated),7,7,0,1,In Transit,None,5188.0,99.5,4.0,30-Day Credit,Pending
DCP-2023-031759,2023-11-01,2023,Q4,November,11,Obajana Plant (Kogi),North Central,Ibadan DC,Nassarawa,Government,Dangote 3X (42.5N),32903,1645.15,40789.54,67104905.91,41581371.33,1214120.7,24309413.88,36.23,82,Rail,13,19,6,0,In Transit,Truck Breakdown,53520.0,86.4,4.5,30-Day Credit,Pending
DCP-2023-032212,2023-11-01,2023,Q4,November,11,Benue Plant (Benue),North Central,Kano DC,Nassarawa,Wholesaler,Dangote OPC (52.5R),1301,65.05,47731.29,3104920.18,1860168.72,512724.1,732027.36,23.58,563,Road (Articulated),5,16,11,0,Delivered,Customs Delay,71931.0,91.2,4.1,30-Day Credit,Overdue
DCP-2023-032253,2023-11-01,2023,Q4,November,11,Gboko Plant (Benue),North Central,Ibadan DC,Ebonyi,Wholesaler,Dangote 3X (42.5R),4460,223.0,39339.31,8772665.97,5192025.76,3347676.0,232964.21,2.66,1668,Rail,8,11,3,0,Delayed,Strike Action,80892.0,92.3,4.6,60-Day Credit,Paid
DCP-2023-031621,2023-11-02,2023,Q4,November,11,Obajana Plant (Kogi),North Central,Enugu DC,Lagos,Wholesaler,Dangote 3X (42.5N),439,21.95,35257.41,773900.05,514372.18,208349.4,51178.47,6.61,1356,River Barge,5,13,8,0,Delayed,Flooding,62521.0,91.9,4.3,Cash & Carry,Paid
DCP-2023-032197,2023-11-02,2023,Q4,November,11,Gboko Plant (Benue),North Central,Ibadan DC,Nassarawa,Contractor,Dangote 3X (42.5N),9380,469.0,39295.49,18429585.16,11847491.44,3328962.0,3253131.72,17.65,507,Road (Articulated),14,14,0,1,Delivered,None,57861.0,93.6,4.3,30-Day Credit,Paid
DCP-2023-031192,2023-11-04,2023,Q4,November,11,Gboko Plant (Benue),North Central,Abuja DC,Anambra,Retailer,Dangote 3X (42.5R),116,5.8,38197.74,221546.88,156525.6,81707.5,-16686.22,-7.53,805,Road (Truck),14,22,8,0,Delivered,Strike Action,46934.0,96.4,3.1,Cash & Carry,Paid
DCP-2023-031340,2023-11-04,2023,Q4,November,11,Obajana Plant (Kogi),North Central,Ibadan DC,Edo,Contractor,Dangote 3X (42.5R),779,38.95,37464.6,1459246.21,986612.63,374893.75,97739.83,6.7,550,Road (Truck),7,21,14,0,Delayed,Fuel Shortage,80843.0,91.4,4.9,Cash & Carry,Overdue
DCP-2023-031597,2023-11-05,2023,Q4,November,11,Dangote Cement Senegal,West Africa,Lagos DC,Kogi,Retailer,Dangote OPC (52.5R),67,3.35,42939.46,143847.19,103237.33,22883.85,17726.01,12.32,759,Rail,10,16,6,0,Delivered,Fuel Shortage,58437.0,86.3,3.6,Cash & Carry,Pending
DCP-2023-031967,2023-11-05,2023,Q4,November,11,Dangote Cement Senegal,West Africa,Enugu DC,Abia,Retailer,Dangote Falcon,124,6.2,52885.04,327887.22,223653.84,31855.6,72377.78,22.07,367,Road (Articulated),13,13,0,1,Delivered,None,81400.0,86.4,3.9,Cash & Carry,Paid
DCP-2023-032064,2023-11-05,2023,Q4,November,11,Gboko Plant (Benue),North Central,Onitsha DC,Enugu,Wholesaler,Dangote 3X (42.5R),3838,191.9,40884.68,7845770.81,5319817.99,529260.2,1996692.62,25.45,394,River Barge,2,2,0,1,Delivered,None,34339.0,94.7,4.7,Cash & Carry,Paid
DCP-2023-031298,2023-11-06,2023,Q4,November,11,Ibese Plant (Ogun),Southwest,Port Harcourt DC,Rivers,Wholesaler,Dangote 3X (42.5R),1973,98.65,42468.32,4189499.53,2742144.77,400519.0,1046835.76,24.99,232,Road (Truck),11,11,0,1,Delivered,None,5345.0,90.8,3.4,30-Day Credit,Pending
DCP-2023-031570,2023-11-06,2023,Q4,November,11,Gboko Plant (Benue),North Central,Abuja DC,Kaduna,Wholesaler,Dangote Falcon,1486,74.3,50836.48,3777150.61,2155619.42,522180.4,1099350.79,29.11,502,Road (Articulated),1,1,0,1,Delivered,None,38856.0,94.7,4.0,60-Day Credit,Paid
DCP-2023-031581,2023-11-06,2023,Q4,November,11,Dangote Cement Senegal,West Africa,Onitsha DC,Katsina,Wholesaler,Dangote OPC (52.5R),1797,89.85,47163.37,4237628.78,2454622.24,2116416.75,-333410.21,-7.87,1346,Road (Truck),4,14,10,0,Delayed,,71760.0,92.9,4.7,Advance Payment,Paid
DCP-2023-031646,2023-11-06,2023,Q4,November,11,Ibese Plant (Ogun),Southwest,Abuja DC,Kogi,Retailer,Dangote 3X (42.5N),293,14.65,39301.76,575770.81,383639.6,47685.75,144445.46,25.09,186,Road (Truck),4,12,8,0,Delayed,Security Incident,62856.0,91.2,4.9,60-Day Credit,Paid
DCP-2023-031746,2023-11-06,2023,Q4,November,11,Benue Plant (Benue),North Central,Ibadan DC,Katsina,Wholesaler,Dangote 3X (42.5N),838,41.9,39420.24,1651707.92,956251.85,1189331.5,-493875.43,-29.9,1622,Road (Truck),7,7,0,1,Delivered,None,24598.0,99.8,3.1,Cash & Carry,Pending
DCP-2023-032299,2023-11-07,2023,Q4,November,11,Benue Plant (Benue),North Central,Enugu DC,Benue,Wholesaler,Dangote Falcon,2451,122.55,47601.29,5833538.27,4191617.31,3800275.5,-2158354.54,-37.0,1772,Road (Truck),10,10,0,1,Delivered,None,43986.0,95.8,4.1,30-Day Credit,Paid
DCP-2023-031285,2023-11-08,2023,Q4,November,11,Dangote Cement Senegal,West Africa,Port Harcourt DC,Kano,Retailer,Dangote 3X (42.5R),50,2.5,39378.69,98446.73,63589.78,41125.0,-6268.05,-6.37,940,Road (Truck),9,17,8,0,Delivered,Fuel Shortage,74472.0,90.1,4.0,Cash & Carry,Paid
DCP-2023-031637,2023-11-08,2023,Q4,November,11,Dangote Cement Senegal,West Africa,Kano DC,Kebbi,Wholesaler,Dangote 3X (42.5R),2885,144.25,39360.08,5677691.26,3575633.43,2245972.5,-143914.67,-2.53,1730,Rail,9,13,4,0,Delivered,Flooding,39764.0,92.0,4.4,Cash & Carry,Paid
DCP-2023-031816,2023-11-08,2023,Q4,November,11,Gboko Plant (Benue),North Central,Kano DC,Ogun,Retailer,Dangote BLC,132,6.6,34815.16,229780.03,140817.18,125895.0,-36932.15,-16.07,1090,Road (Truck),10,15,5,0,Delivered,Fuel Shortage,9033.0,97.9,3.7,30-Day Credit,Paid
DCP-2023-032258,2023-11-08,2023,Q4,November,11,Ibese Plant (Ogun),Southwest,Enugu DC,Abia,Contractor,Dangote OPC (52.5R),8613,430.65,42750.27,18410403.39,10302259.58,4618290.6,3489853.21,18.96,766,Road (Articulated),5,5,0,1,Delivered,None,84541.0,90.0,3.3,Advance Payment,Paid
DCP-2023-031333,2023-11-09,2023,Q4,November,11,Dangote Cement Senegal,West Africa,Enugu DC,Delta,Retailer,Dangote 3X (42.5N),451,22.55,35196.61,793683.54,546136.61,470708.7,-223161.77,-28.12,1491,Road (Articulated),7,7,0,1,In Transit,None,41035.0,96.3,4.8,30-Day Credit,Paid
DCP-2023-031489,2023-11-09,2023,Q4,November,11,Ibese Plant (Ogun),Southwest,Maiduguri DC,Rivers,Contractor,Dangote 3X (42.5R),4284,214.2,38406.87,8226751.64,5654860.6,3283686.0,-711794.96,-8.65,876,Road (Truck),3,3,0,1,Delivered,None,80324.0,94.4,4.6,30-Day Credit,Paid
DCP-2023-031686,2023-11-09,2023,Q4,November,11,Ibese Plant (Ogun),Southwest,Kano DC,Cross River,Retailer,Dangote 3X (42.5R),153,7.65,41359.25,316398.28,225817.26,199072.12,-108491.1,-34.29,1487,Road (Truck),9,10,1,0,Delayed,Truck Breakdown,66143.0,97.8,3.4,Cash & Carry,Paid
DCP-2023-031645,2023-11-10,2023,Q4,November,11,Obajana Plant (Kogi),North Central,Benin DC,Oyo,Contractor,Dangote 3X (42.5R),6501,325.05,37889.72,12316053.49,8837022.99,7103642.7,-3624612.2,-29.43,1561,Road (Articulated),4,4,0,1,Delivered,None,28350.0,,4.3,Cash & Carry,Paid
DCP-2023-031764,2023-11-10,2023,Q4,November,11,Benue Plant (Benue),North Central,Enugu DC,Akwa Ibom,Government,Dangote OPC (52.5R),39359,1967.95,42283.56,83211931.93,51367702.71,58890903.75,-27046674.53,-32.5,1710,Road (Truck),3,5,2,0,In Transit,Truck Breakdown,78298.0,92.9,4.1,60-Day Credit,Paid
DCP-2023-032054,2023-11-10,2023,Q4,November,11,Obajana Plant (Kogi),North Central,Kaduna DC,Niger,Retailer,Dangote BLC,213,10.65,36181.68,385334.9,263627.28,112346.85,9360.77,2.43,1507,River Barge,3,3,0,1,Delivered,None,8370.0,88.6,3.1,Cash & Carry,Paid
DCP-2023-031362,2023-11-11,2023,Q4,November,11,Gboko Plant (Benue),North Central,Onitsha DC,Lagos,Government,Dangote 3X (42.5R),16208,810.4,36561.98,29629827.55,19855362.62,7074792.0,2699672.93,9.11,970,Rail,5,5,0,1,Delivered,None,71960.0,99.4,3.4,Letter of Credit,Paid
DCP-2023-031471,2023-11-11,2023,Q4,November,11,Obajana Plant (Kogi),North Central,Port Harcourt DC,Osun,Government,Dangote BLC,37312,1865.6,36235.04,67600094.41,46280127.51,54163032.0,-32843065.1,-48.58,1659,Road (Truck),5,5,0,1,In Transit,None,39242.0,96.2,3.7,30-Day Credit,Pending
DCP-2023-031786,2023-11-11,2023,Q4,November,11,Gboko Plant (Benue),North Central,Onitsha DC,Anambra,Retailer,Dangote 3X (42.5N),73,3.65,39989.19,145960.55,99193.88,58765.0,-11998.33,-8.22,1150,Road (Articulated),11,24,13,0,Delivered,Fuel Shortage,59880.0,99.6,3.6,30-Day Credit,Paid
DCP-2023-032003,2023-11-11,2023,Q4,November,11,Ibese Plant (Ogun),Southwest,Lagos DC,Ekiti,Wholesaler,Dangote BLC,2192,109.6,37816.18,4144653.1,2288740.52,1971704.0,-115791.42,-2.79,1028,Road (Truck),2,4,2,0,Damaged in Transit,Road Damage,57218.0,96.2,3.0,Cash & Carry,Paid
DCP-2023-032238,2023-11-11,2023,Q4,November,11,Obajana Plant (Kogi),North Central,Enugu DC,Osun,Contractor,Dangote 3X (42.5R),785,39.25,42448.19,1666091.63,938061.83,641816.0,86213.8,5.17,1168,Road (Articulated),12,12,0,1,Delivered,None,26489.0,93.8,3.0,30-Day Credit,Paid
DCP-2023-031182,2023-11-12,2023,Q4,November,11,Gboko Plant (Benue),North Central,Kano DC,Cross River,Retailer,Dangote 3X (42.5R),99,4.95,42387.04,209815.85,124025.62,28828.8,56961.43,27.15,832,River Barge,7,22,15,0,Returned,Road Damage,52996.0,96.6,4.1,Cash & Carry,Paid
DCP-2023-031216,2023-11-12,2023,Q4,November,11,Obajana Plant (Kogi),North Central,Port Harcourt DC,Sokoto,Wholesaler,Dangote 3X (42.5R),2797,139.85,40896.92,5719433.68,3394939.51,1405912.05,918582.12,16.06,1117,Rail,13,13,0,1,Delivered,None,18479.0,95.8,3.6,Cash & Carry,Pending
DCP-2023-031366,2023-11-12,2023,Q4,November,11,Dangote Cement Senegal,West Africa,Onitsha DC,Ebonyi,Government,Dangote OPC (52.5R),6974,348.7,47665.97,16621123.69,9615150.39,9623248.25,-2617274.95,-15.75,1577,Road (Truck),1,1,0,1,Delivered,None,35531.0,91.5,3.6,60-Day Credit,Overdue
DCP-2023-031442,2023-11-12,2023,Q4,November,11,Benue Plant (Benue),North Central,Port Harcourt DC,Edo,Wholesaler,Dangote 3X (42.5N),4228,211.4,40764.66,8617648.37,5876989.05,2249296.0,491363.32,5.7,760,Road (Articulated),7,7,0,1,Delivered,None,45181.0,99.3,3.3,60-Day Credit,Overdue
DCP-2023-031992,2023-11-12,2023,Q4,November,11,Gboko Plant (Benue),North Central,Kano DC,Lagos,Wholesaler,Dangote 3X (42.5R),2293,114.65,38365.45,4398598.67,2713651.66,1653253.0,31694.01,0.72,824,Road (Truck),14,25,11,0,Damaged in Transit,Flooding,75739.0,97.6,4.8,60-Day Credit,Paid
DCP-2023-032031,2023-11-12,2023,Q4,November,11,Gboko Plant (Benue),North Central,Enugu DC,Rivers,Wholesaler,Dangote OPC (52.5R),1253,62.65,47606.16,2982526.12,2117071.03,861750.75,3704.34,0.12,786,Road (Truck),9,9,0,1,Delivered,None,82309.0,98.4,4.3,Cash & Carry,Paid
DCP-2023-032104,2023-11-12,2023,Q4,November,11,Gboko Plant (Benue),North Central,Onitsha DC,Imo,Wholesaler,Dangote 3X (42.5N),3575,178.75,37204.07,6650227.35,4476148.38,2147681.25,26397.72,0.4,1335,Rail,9,10,1,0,In Transit,Road Damage,41110.0,88.0,4.8,Cash & Carry,Paid
DCP-2023-031648,2023-11-13,2023,Q4,November,11,Ibese Plant (Ogun),Southwest,Port Harcourt DC,Bayelsa,Wholesaler,Dangote 3X (42.5R),773,38.65,40629.48,1570329.35,1126204.97,371735.7,72388.68,4.61,687,Road (Articulated),9,9,0,1,Delivered,,7279.0,85.3,3.8,Cash & Carry,Paid
DCP-2023-032068,2023-11-13,2023,Q4,November,11,Gboko Plant (Benue),North Central,Port Harcourt DC,Cross River,Export,Dangote OPC (52.5R),15227,761.35,43501.46,33119839.42,23797845.3,2046508.8,7275485.32,21.97,384,River Barge,13,13,0,1,Delivered,None,27538.0,93.2,3.1,30-Day Credit,Paid
DCP-2023-032218,2023-11-14,2023,Q4,November,11,Gboko Plant (Benue),North Central,Kano DC,Zamfara,Wholesaler,Dangote 3X (42.5R),4689,234.45,37192.59,8719802.13,5748350.02,3663867.38,-692415.27,-7.94,893,Road (Truck),4,14,10,0,Delayed,Fuel Shortage,76455.0,89.8,3.4,Cash & Carry,Paid
DCP-2023-032274,2023-11-14,2023,Q4,November,11,Benue Plant (Benue),North Central,Kaduna DC,Enugu,Retailer,Dangote OPC (52.5R),225,11.25,49092.07,552285.74,376363.7,143640.0,32282.04,5.85,912,Road (Articulated),11,11,0,1,Delivered,None,53551.0,88.2,3.8,Letter of Credit,Paid
DCP-2023-031204,2023-11-15,2023,Q4,November,11,Dangote Cement Senegal,West Africa,Onitsha DC,Nassarawa,Retailer,Dangote 3X (42.5R),365,18.25,39818.38,726685.52,440180.76,338537.5,-52032.74,-7.16,1325,Road (Articulated),1,10,9,0,Delivered,Truck Breakdown,75895.0,96.9,3.2,Cash & Carry,Overdue
DCP-2023-031864,2023-11-15,2023,Q4,November,11,Benue Plant (Benue),North Central,Onitsha DC,Kogi,Wholesaler,Dangote BLC,3899,194.95,34928.01,6809215.19,4541608.88,1968605.1,299001.21,4.39,1122,Rail,2,2,0,1,Delivered,None,32623.0,93.8,3.5,Cash & Carry,Paid
DCP-2023-031562,2023-11-16,2023,Q4,November,11,Gboko Plant (Benue),North Central,Benin DC,Cross River,Retailer,Dangote 3X (42.5R),69,3.45,40922.86,141183.88,95067.59,25574.85,20541.44,14.55,1059,River Barge,5,19,14,0,In Transit,Fuel Shortage,16498.0,95.9,4.1,Cash & Carry,Paid
DCP-2023-031874,2023-11-16,2023,Q4,November,11,Ibese Plant (Ogun),Southwest,Kaduna DC,Zamfara,Retailer,Dangote 3X (42.5N),479,23.95,37585.12,900163.56,573276.2,380230.2,-53342.84,-5.93,1764,Rail,1,4,3,0,Delayed,Road Damage,19253.0,88.1,3.1,Advance Payment,Paid
DCP-2023-031351,2023-11-17,2023,Q4,November,11,Ibese Plant (Ogun),Southwest,Maiduguri DC,Ondo,Wholesaler,Dangote Falcon,197,9.85,46429.65,457332.0,321599.26,174615.88,-38883.14,-8.5,1013,Road (Truck),10,18,8,0,Delivered,Truck Breakdown,41857.0,95.4,4.3,Advance Payment,Paid
DCP-2023-031411,2023-11-17,2023,Q4,November,11,Dangote Cement Senegal,West Africa,Onitsha DC,Kwara,Retailer,Dangote 3X (42.5R),197,9.85,41181.4,405636.74,228788.54,69767.55,107080.65,26.4,787,Rail,9,10,1,0,Delivered,Road Damage,22530.0,86.5,4.0,60-Day Credit,Paid
DCP-2023-031689,2023-11-17,2023,Q4,November,11,Ibese Plant (Ogun),Southwest,Ibadan DC,Kaduna,Retailer,Dangote OPC (52.5R),360,18.0,48174.31,867137.63,615959.5,128520.0,122658.13,14.15,408,Road (Truck),10,10,0,1,Delivered,None,40149.0,92.8,4.6,30-Day Credit,Paid
DCP-2023-032183,2023-11-17,2023,Q4,November,11,Ibese Plant (Ogun),Southwest,Port Harcourt DC,Abuja,Contractor,Dangote Falcon,4029,201.45,50636.0,10200621.65,5683992.88,2259060.3,2257568.47,22.13,1602,River Barge,8,8,0,1,Delivered,,17149.0,99.6,4.3,30-Day Credit,Paid
DCP-2023-031457,2023-11-18,2023,Q4,November,11,Dangote Cement Senegal,West Africa,Maiduguri DC,Oyo,Wholesaler,Dangote 3X (42.5R),4042,202.1,40520.56,8189204.59,4541318.55,1782522.0,1865364.04,22.78,980,Rail,10,10,0,1,Delivered,None,35968.0,87.7,3.1,60-Day Credit,Paid
DCP-2023-031566,2023-11-18,2023,Q4,November,11,Gboko Plant (Benue),North Central,Onitsha DC,Plateau,Export,Dangote OPC (52.5R),79612,3980.6,44940.12,178888623.8,122415729.95,122045196.0,-65572302.15,-36.66,1752,Road (Truck),14,14,0,1,Delivered,None,33518.0,88.7,4.9,30-Day Credit,Paid
DCP-2023-031313,2023-11-19,2023,Q4,November,11,Benue Plant (Benue),North Central,Onitsha DC,Kano,Retailer,Dangote Falcon,456,22.8,45990.59,1048585.47,631823.86,201495.0,215266.61,20.53,505,Road (Truck),7,7,0,1,Delivered,None,46579.0,89.8,4.0,Cash & Carry,Paid
DCP-2023-031674,2023-11-19,2023,Q4,November,11,Gboko Plant (Benue),North Central,Benin DC,Abuja,Wholesaler,Dangote OPC (52.5R),3392,169.6,43835.93,7434573.44,4814149.3,177062.4,2443361.74,32.86,116,Rail,5,5,0,1,Delivered,None,47490.0,99.2,3.8,Cash & Carry,Paid
DCP-2023-031773,2023-11-19,2023,Q4,November,11,Ibese Plant (Ogun),Southwest,Lagos DC,Sokoto,Wholesaler,Dangote Falcon,2460,123.0,45208.7,5560670.43,3328972.75,1737067.5,494630.18,8.9,807,Road (Truck),8,23,15,0,Delayed,Truck Breakdown,51388.0,86.8,3.8,30-Day Credit,Paid
DCP-2023-031774,2023-11-19,2023,Q4,November,11,Benue Plant (Benue),North Central,Kaduna DC,Oyo,Wholesaler,Dangote 3X (42.5R),2430,121.5,38081.11,4626855.24,3066707.7,1656348.75,-96201.21,-2.08,779,Road (Truck),1,6,5,0,Delivered,Strike Action,29070.0,99.2,,Cash & Carry,Paid
DCP-2023-031830,2023-11-19,2023,Q4,November,11,Dangote Cement Senegal,West Africa,Lagos DC,Plateau,Retailer,Dangote 3X (42.5N),19,0.95,39979.37,37980.4,25947.55,8059.8,3973.05,10.46,606,Road (Articulated),6,6,0,1,Delivered,None,83102.0,85.2,4.8,Cash & Carry,Paid
DCP-2023-032107,2023-11-19,2023,Q4,November,11,Ibese Plant (Ogun),Southwest,Kano DC,Benue,Retailer,Dangote Falcon,343,17.15,52358.61,897950.2,558536.99,32653.6,306759.61,34.16,136,Road (Articulated),8,8,0,1,Delivered,None,12360.0,89.0,4.3,30-Day Credit,Paid
DCP-2023-031394,2023-11-20,2023,Q4,November,11,Benue Plant (Benue),North Central,Lagos DC,Anambra,Retailer,Dangote 3X (42.5R),142,7.1,40865.98,290148.45,187873.95,56359.8,45914.7,15.82,882,Rail,6,6,0,1,Delivered,None,20118.0,97.1,4.6,Letter of Credit,Pending
DCP-2023-031757,2023-11-21,2023,Q4,November,11,Gboko Plant (Benue),North Central,Kaduna DC,Imo,Wholesaler,Dangote 3X (42.5R),1896,94.8,41504.95,3934669.04,2460177.75,1342083.6,132407.69,3.37,1573,Rail,4,4,0,1,Delivered,None,76533.0,87.2,4.6,Advance Payment,Paid
DCP-2023-032285,2023-11-21,2023,Q4,November,11,Gboko Plant (Benue),North Central,Abuja DC,Rivers,Retailer,Dangote 3X (42.5N),97,4.85,36543.8,177237.42,112070.78,77915.25,-12748.61,-7.19,918,Road (Truck),12,12,0,1,Delivered,None,67309.0,91.5,4.7,Advance Payment,Paid
DCP-2023-032315,2023-11-21,2023,Q4,November,11,Benue Plant (Benue),North Central,Port Harcourt DC,Katsina,Government,Dangote 3X (42.5N),33524,1676.2,37054.54,62110820.26,40715029.86,11631151.8,9764638.6,15.72,771,Rail,1,1,0,1,Delivered,None,27526.0,96.6,3.3,Letter of Credit,Paid
DCP-2023-031338,2023-11-22,2023,Q4,November,11,Ibese Plant (Ogun),Southwest,Benin DC,Edo,Contractor,Dangote BLC,433,21.65,35185.98,761776.5,475647.08,333031.12,-46901.7,-6.16,879,Road (Truck),3,3,0,1,Delivered,None,83274.0,94.7,4.3,30-Day Credit,Paid
DCP-2023-031368,2023-11-22,2023,Q4,November,11,Gboko Plant (Benue),North Central,Benin DC,Kogi,Wholesaler,Dangote 3X (42.5R),3583,179.15,42369.53,7590501.59,4341319.83,4256245.7,-1007063.94,-13.27,1697,Road (Articulated),8,8,0,1,Delivered,None,7924.0,88.8,3.4,30-Day Credit,Pending
DCP-2023-031369,2023-11-22,2023,Q4,November,11,Ibese Plant (Ogun),Southwest,Kano DC,Zamfara,Wholesaler,Dangote Falcon,3771,188.55,45257.54,8533308.85,5722109.1,5493875.62,-2682675.87,-31.44,1665,Road (Truck),13,16,3,0,Delivered,Fuel Shortage,32020.0,98.6,4.0,60-Day Credit,Pending
DCP-2023-031965,2023-11-22,2023,Q4,November,11,Benue Plant (Benue),North Central,Onitsha DC,Osun,Retailer,Dangote 3X (42.5R),196,9.8,37651.67,368986.37,239301.94,70295.4,59389.03,16.1,797,Rail,9,9,0,1,In Transit,None,12070.0,91.0,3.1,Cash & Carry,Paid
DCP-2023-032121,2023-11-23,2023,Q4,November,11,Benue Plant (Benue),North Central,Ibadan DC,Osun,Wholesaler,Dangote 3X (42.5R),4734,236.7,37597.84,8899409.44,5043158.44,219539.25,3636711.75,40.86,53,Road (Truck),11,13,2,0,In Transit,Truck Breakdown,70146.0,91.0,3.9,Cash & Carry,Pending
DCP-2023-032261,2023-11-23,2023,Q4,November,11,Dangote Cement Senegal,West Africa,Enugu DC,Abuja,Export,Dangote 3X (42.5R),27301,1365.05,41667.96,56878845.65,32244352.07,3201042.25,21433451.33,37.68,134,Road (Truck),12,13,1,0,Delayed,Fuel Shortage,65016.0,91.1,3.3,60-Day Credit,Pending
DCP-2023-031314,2023-11-24,2023,Q4,November,11,Benue Plant (Benue),North Central,Kano DC,Imo,Retailer,Dangote Falcon,255,12.75,45488.7,579980.96,409924.77,274666.88,-104610.69,-18.04,1231,Road (Truck),3,3,0,1,Delivered,None,81362.0,99.3,3.9,Cash & Carry,Paid
DCP-2023-031240,2023-11-25,2023,Q4,November,11,Dangote Cement Senegal,West Africa,Maiduguri DC,Anambra,Export,Dangote BLC,48666,2433.3,38314.93,93231720.49,57527090.56,27287026.2,8417603.73,9.03,1602,River Barge,8,19,11,0,In Transit,Customs Delay,35203.0,90.6,3.4,30-Day Credit,Pending
DCP-2023-031584,2023-11-25,2023,Q4,November,11,Ibese Plant (Ogun),Southwest,Maiduguri DC,Kano,Wholesaler,Dangote Falcon,2726,136.3,45633.58,6219856.9,3805548.86,782634.6,1631673.44,26.23,638,Rail,9,9,0,1,Delivered,None,52463.0,92.5,5.0,30-Day Credit,Paid
DCP-2023-031596,2023-11-25,2023,Q4,November,11,Obajana Plant (Kogi),North Central,Port Harcourt DC,Abia,Wholesaler,Dangote 3X (42.5N),1923,96.15,38320.81,3684545.43,2300014.44,880060.95,504470.04,13.69,1017,Rail,12,12,0,1,Delivered,None,75825.0,92.6,4.8,Letter of Credit,Paid
DCP-2023-031791,2023-11-25,2023,Q4,November,11,Obajana Plant (Kogi),North Central,Port Harcourt DC,Niger,Wholesaler,Dangote 3X (42.5R),3506,175.3,36721.38,6437258.53,3856853.85,638092.0,1942312.68,30.17,208,Road (Truck),8,23,15,0,In Transit,Flooding,78858.0,85.3,3.3,30-Day Credit,Paid
DCP-2023-031905,2023-11-25,2023,Q4,November,11,Gboko Plant (Benue),North Central,Benin DC,Niger,Government,Dangote 3X (42.5N),5166,258.3,37433.2,9668995.85,5473720.73,4524770.25,-329495.13,-3.41,1001,Road (Truck),11,11,0,1,Delivered,None,6632.0,85.3,3.1,30-Day Credit,Paid
DCP-2023-031918,2023-11-25,2023,Q4,November,11,Ibese Plant (Ogun),Southwest,Benin DC,Oyo,Retailer,Dangote 3X (42.5R),176,8.8,38100.47,335284.11,220878.05,173588.8,-59182.74,-17.65,1409,Road (Articulated),4,10,6,0,Delayed,Fuel Shortage,37665.0,88.5,5.0,Cash & Carry,Paid
DCP-2023-031316,2023-11-26,2023,Q4,November,11,Ibese Plant (Ogun),Southwest,Ibadan DC,Cross River,Retailer,Dangote 3X (42.5R),359,17.95,36746.95,659607.73,438520.49,213856.3,7230.94,1.1,851,Road (Articulated),8,8,0,1,Delivered,None,39056.0,99.4,3.8,60-Day Credit,Pending
DCP-2023-031680,2023-11-26,2023,Q4,November,11,Ibese Plant (Ogun),Southwest,Ibadan DC,Imo,Retailer,Dangote Falcon,349,17.45,48043.56,838360.12,509783.84,306291.12,22285.16,2.66,1003,Road (Truck),7,7,0,1,Delivered,None,43130.0,88.9,3.7,60-Day Credit,Paid
DCP-2023-031971,2023-11-26,2023,Q4,November,11,Ibese Plant (Ogun),Southwest,Kaduna DC,Plateau,Government,Dangote OPC (52.5R),16970,848.5,45621.4,38709755.52,26780620.95,12027487.5,-98352.93,-0.25,810,Road (Truck),2,11,9,0,Delivered,Strike Action,22714.0,92.2,4.0,30-Day Credit,Paid
DCP-2023-032007,2023-11-26,2023,Q4,November,11,Ibese Plant (Ogun),Southwest,Benin DC,Akwa Ibom,Retailer,Dangote BLC,282,14.1,34256.9,483022.32,286653.57,286723.5,-90354.75,-18.71,1162,Road (Truck),1,1,0,1,Delivered,None,7034.0,94.9,3.9,Letter of Credit,Pending
DCP-2023-032131,2023-11-26,2023,Q4,November,11,Ibese Plant (Ogun),Southwest,Maiduguri DC,Zamfara,Wholesaler,Dangote 3X (42.5R),1427,71.35,37319.07,2662715.6,1498927.7,987912.1,175875.8,6.61,989,Road (Articulated),7,7,0,1,Delivered,None,56829.0,95.8,3.3,Cash & Carry,Paid
DCP-2023-031415,2023-11-27,2023,Q4,November,11,Benue Plant (Benue),North Central,Port Harcourt DC,Abuja,Retailer,Dangote 3X (42.5R),251,12.55,38222.37,479690.71,310168.51,316040.38,-146518.18,-30.54,1439,Road (Truck),4,4,0,1,Delivered,None,62933.0,86.3,4.5,Cash & Carry,Paid
DCP-2023-031515,2023-11-27,2023,Q4,November,11,Benue Plant (Benue),North Central,Onitsha DC,Kano,Wholesaler,Dangote OPC (52.5R),166,8.3,46295.8,384255.12,229428.55,177437.4,-22610.83,-5.88,1527,Road (Articulated),8,8,0,1,Delivered,None,56870.0,89.7,4.9,60-Day Credit,Paid
DCP-2023-031544,2023-11-27,2023,Q4,November,11,Benue Plant (Benue),North Central,Port Harcourt DC,Benue,Wholesaler,Dangote BLC,4650,232.5,33481.36,7784415.56,5554280.67,2584237.5,-354102.61,-4.55,1235,Rail,13,13,0,1,Delivered,None,24838.0,94.5,3.2,Letter of Credit,Pending
DCP-2023-031735,2023-11-27,2023,Q4,November,11,Ibese Plant (Ogun),Southwest,Lagos DC,Bayelsa,Government,Dangote OPC (52.5R),6208,310.4,42586.8,13218941.51,7273871.37,2830072.0,3114998.14,23.56,521,Road (Truck),4,18,14,0,In Transit,Truck Breakdown,36542.0,96.9,4.3,30-Day Credit,Pending
DCP-2023-032198,2023-11-27,2023,Q4,November,11,Dangote Cement Senegal,West Africa,Enugu DC,Ekiti,Wholesaler,Dangote OPC (52.5R),3978,198.9,44493.37,8849730.92,5062554.22,114566.4,3672610.3,41.5,64,Rail,1,1,0,1,Delivered,None,58389.0,96.3,3.9,60-Day Credit,Paid
DCP-2023-032072,2023-11-28,2023,Q4,November,11,Obajana Plant (Kogi),North Central,Ibadan DC,Osun,Wholesaler,Dangote 3X (42.5R),1967,98.35,36794.87,3618775.84,2238333.76,2082561.25,-702119.17,-19.4,1210,Road (Truck),5,20,15,0,Delivered,Fuel Shortage,9140.0,87.3,3.7,Cash & Carry,Paid
DCP-2023-032220,2023-11-28,2023,Q4,November,11,Ibese Plant (Ogun),Southwest,Lagos DC,Edo,Retailer,Dangote OPC (52.5R),417,20.85,47741.2,995403.99,576359.01,208343.62,210701.36,21.17,571,Road (Truck),4,16,12,0,Delivered,Flooding,43875.0,98.4,3.2,Advance Payment,Paid
DCP-2023-031226,2023-11-29,2023,Q4,November,11,Ibese Plant (Ogun),Southwest,Onitsha DC,Kogi,Government,Dangote 3X (42.5N),45143,2257.15,36930.88,83358527.72,50382256.89,13193041.75,19783229.08,23.73,334,Road (Truck),3,3,0,1,Delivered,,22404.0,94.1,3.8,30-Day Credit,Paid
DCP-2023-032004,2023-11-29,2023,Q4,November,11,Obajana Plant (Kogi),North Central,Kaduna DC,Rivers,Contractor,Dangote Falcon,4339,216.95,52082.74,11299350.94,6373220.64,2060808.05,2865322.25,25.36,1357,River Barge,7,7,0,1,Delivered,None,43673.0,99.9,4.0,30-Day Credit,Paid
DCP-2023-031221,2023-11-30,2023,Q4,November,11,Obajana Plant (Kogi),North Central,Maiduguri DC,Rivers,Retailer,Dangote 3X (42.5R),141,7.05,38035.16,268147.85,166000.69,205049.25,-102902.09,-38.38,1662,Road (Truck),13,13,0,1,Delivered,,29854.0,86.7,3.8,30-Day Credit,Paid
DCP-2023-031529,2023-11-30,2023,Q4,November,11,Dangote Cement Senegal,West Africa,Onitsha DC,Katsina,Retailer,Dangote BLC,475,23.75,37406.64,888407.64,626054.07,,-15699.55,-1.77,669,Road (Truck),9,24,15,0,Delayed,Fuel Shortage,43944.0,87.0,3.1,60-Day Credit,Paid
DCP-2023-031775,2023-11-30,2023,Q4,November,11,Benue Plant (Benue),North Central,Ibadan DC,Rivers,Contractor,Dangote 3X (42.5R),4164,208.2,40442.47,8420121.42,5689032.61,5232066.0,-2500977.19,-29.7,1795,Road (Articulated),14,14,0,1,Delivered,None,59220.0,96.8,3.8,30-Day Credit,Paid
DCP-2023-031809,2023-12-01,2023,Q4,December,12,Obajana Plant (Kogi),North Central,Port Harcourt DC,Delta,Contractor,Dangote OPC (52.5R),7167,358.35,47923.33,17173324.37,11292580.4,5160240.0,720503.97,4.2,1600,Rail,8,8,0,1,Delivered,None,8641.0,92.3,3.9,Letter of Credit,Pending
DCP-2023-031940,2023-12-01,2023,Q4,December,12,Dangote Cement Senegal,West Africa,Abuja DC,Enugu,Retailer,Dangote 3X (42.5R),12,0.6,42128.36,25277.01,15093.72,13765.5,-3582.21,-14.17,1311,Road (Truck),14,28,14,0,Delivered,Fuel Shortage,79854.0,92.4,4.8,Cash & Carry,Paid
DCP-2023-031900,2023-12-02,2023,Q4,December,12,Gboko Plant (Benue),North Central,Enugu DC,Rivers,Wholesaler,Dangote 3X (42.5R),3971,198.55,40706.93,8082361.0,5589494.23,1282136.62,1210730.15,14.98,369,Road (Truck),2,15,13,0,Delivered,Road Damage,36476.0,94.6,3.2,60-Day Credit,Paid
DCP-2023-031980,2023-12-02,2023,Q4,December,12,Dangote Cement Senegal,West Africa,Port Harcourt DC,Abia,Wholesaler,Dangote 3X (42.5R),2485,124.25,42304.52,5256336.82,2953674.41,834960.0,1467702.41,27.92,384,Road (Truck),4,4,0,1,Delivered,None,30883.0,97.5,4.2,30-Day Credit,Overdue
DCP-2023-032119,2023-12-02,2023,Q4,December,12,Gboko Plant (Benue),North Central,Maiduguri DC,Katsina,Wholesaler,Dangote 3X (42.5R),581,29.05,40027.03,1162785.2,646128.63,146412.0,370244.57,31.84,288,Road (Truck),6,6,0,1,Delivered,None,82966.0,85.4,3.4,60-Day Credit,Paid
DCP-2023-032203,2023-12-03,2023,Q4,December,12,Obajana Plant (Kogi),North Central,Enugu DC,Plateau,Retailer,Dangote BLC,353,17.65,36767.8,648951.6,404909.15,22733.2,221309.25,34.1,92,Road (Articulated),11,11,0,1,Delivered,None,6555.0,87.5,,Letter of Credit,Paid
DCP-2023-031472,2023-12-04,2023,Q4,December,12,Dangote Cement Senegal,West Africa,Enugu DC,Cross River,Retailer,Dangote 3X (42.5R),22,1.1,37516.72,41268.4,27086.71,9840.6,4341.09,10.52,994,Rail,6,6,0,1,Delivered,None,70988.0,87.3,4.2,60-Day Credit,Paid
DCP-2023-032033,2023-12-04,2023,Q4,December,12,Ibese Plant (Ogun),Southwest,Lagos DC,Ondo,Retailer,Dangote BLC,409,20.45,36866.88,753927.78,508299.04,88037.25,157591.49,20.9,246,Road (Truck),14,14,0,1,Delivered,None,69768.0,93.4,4.2,Cash & Carry,Paid
DCP-2023-031675,2023-12-05,2023,Q4,December,12,Dangote Cement Senegal,West Africa,Ibadan DC,Delta,Contractor,Dangote 3X (42.5R),3069,153.45,36768.27,5642090.78,3186199.89,1716645.15,739245.74,13.1,1243,Rail,4,14,10,0,Delivered,Truck Breakdown,64839.0,93.7,3.3,30-Day Credit,Paid
DCP-2023-032065,2023-12-05,2023,Q4,December,12,Obajana Plant (Kogi),North Central,Kano DC,Niger,Contractor,Dangote BLC,6245,312.25,36982.73,11547857.74,7738847.26,7273083.12,-3464072.64,-30.0,1331,Road (Truck),2,3,1,0,Delayed,Truck Breakdown,74940.0,90.3,3.8,60-Day Credit,Overdue
DCP-2023-032032,2023-12-06,2023,Q4,December,12,Dangote Cement Senegal,West Africa,Lagos DC,Nassarawa,Wholesaler,Dangote 3X (42.5N),4647,232.35,36129.05,8394584.12,5613408.73,744449.4,2036725.99,24.26,356,Rail,2,2,0,1,Delivered,None,58539.0,85.9,4.6,60-Day Credit,Pending
DCP-2023-032078,2023-12-06,2023,Q4,December,12,Benue Plant (Benue),North Central,Benin DC,Kaduna,Retailer,Dangote 3X (42.5N),15,0.75,37964.77,28473.58,19972.23,5922.0,2579.35,9.06,564,Road (Articulated),9,13,4,0,Delayed,Road Damage,11660.0,95.4,4.8,Cash & Carry,Pending
DCP-2023-032186,2023-12-06,2023,Q4,December,12,Ibese Plant (Ogun),Southwest,Port Harcourt DC,Sokoto,Contractor,Dangote 3X (42.5R),2557,127.85,36784.41,4702887.11,3093205.64,2964521.88,-1354840.41,-28.81,1325,Road (Truck),6,6,0,1,Delivered,None,56416.0,94.8,4.2,30-Day Credit,Paid
DCP-2023-031557,2023-12-07,2023,Q4,December,12,Dangote Cement Senegal,West Africa,Abuja DC,Kebbi,Contractor,Dangote BLC,7590,379.5,35393.25,13431736.51,9187598.39,11515927.5,-7271789.38,-54.14,1734,Road (Truck),3,3,0,1,Delivered,None,61099.0,92.4,4.0,Cash & Carry,Overdue
DCP-2023-031567,2023-12-07,2023,Q4,December,12,Dangote Cement Senegal,West Africa,Enugu DC,Ogun,Retailer,Dangote BLC,117,5.85,36009.28,210654.32,146299.1,52825.5,11529.72,5.47,516,Road (Truck),3,7,4,0,Delayed,Road Damage,27013.0,86.3,3.6,Cash & Carry,Pending
DCP-2023-031626,2023-12-07,2023,Q4,December,12,Benue Plant (Benue),North Central,Port Harcourt DC,Bayelsa,Retailer,Dangote 3X (42.5R),280,14.0,38767.67,542747.31,347755.37,145775.0,49216.94,9.07,595,Road (Truck),8,8,0,1,Delivered,None,30528.0,96.4,4.6,Cash & Carry,Pending
DCP-2023-031739,2023-12-07,2023,Q4,December,12,Benue Plant (Benue),North Central,Maiduguri DC,Abuja,Retailer,Dangote 3X (42.5N),237,11.85,38053.66,450935.83,308813.51,184812.6,-42690.28,-9.47,1114,Road (Articulated),10,10,0,1,Delivered,None,62406.0,96.2,3.2,Cash & Carry,Paid
DCP-2023-032052,2023-12-07,2023,Q4,December,12,Ibese Plant (Ogun),Southwest,Port Harcourt DC,Niger,Retailer,Dangote 3X (42.5N),193,9.65,37955.3,366268.62,238188.6,30228.63,97851.39,26.72,179,Road (Truck),3,18,15,0,Delivered,Road Damage,50106.0,91.6,4.1,30-Day Credit,Paid
DCP-2023-031238,2023-12-08,2023,Q4,December,12,Obajana Plant (Kogi),North Central,Lagos DC,Akwa Ibom,Retailer,Dangote 3X (42.5R),379,18.95,38641.78,732261.68,481031.01,589297.62,-338066.95,-46.17,1777,Road (Truck),14,14,0,1,Delivered,None,46093.0,99.6,3.7,Advance Payment,Paid
DCP-2023-031281,2023-12-08,2023,Q4,December,12,Benue Plant (Benue),North Central,Maiduguri DC,Kaduna,Retailer,Dangote 3X (42.5R),49,2.45,40674.5,99652.53,66544.39,39230.63,-6122.49,-6.14,915,Road (Truck),9,9,0,1,Delivered,None,8035.0,85.7,4.8,60-Day Credit,Paid
DCP-2023-032164,2023-12-08,2023,Q4,December,12,Obajana Plant (Kogi),North Central,Ibadan DC,Kwara,Government,Dangote Falcon,17511,875.55,47406.58,41506832.48,23559685.26,13881845.25,4065301.97,9.79,906,Road (Truck),4,4,0,1,Delivered,None,66116.0,95.6,3.5,Cash & Carry,Paid
DCP-2023-031404,2023-12-09,2023,Q4,December,12,Dangote Cement Senegal,West Africa,Kano DC,Osun,Contractor,Dangote BLC,219,10.95,34398.18,376660.05,270748.56,194882.62,-88971.13,-23.62,1017,Road (Truck),13,27,14,0,Returned,Truck Breakdown,40761.0,97.2,4.0,60-Day Credit,Paid
DCP-2023-031431,2023-12-09,2023,Q4,December,12,Ibese Plant (Ogun),Southwest,Maiduguri DC,Ebonyi,Retailer,Dangote 3X (42.5R),123,6.15,37490.93,230569.24,140813.27,169617.0,-79861.03,-34.64,1576,Road (Truck),8,23,15,0,Delivered,Road Damage,39335.0,87.3,3.2,Cash & Carry,Paid
DCP-2023-031576,2023-12-09,2023,Q4,December,12,Ibese Plant (Ogun),Southwest,Benin DC,Kwara,Export,Dangote 3X (42.5R),70053,3502.65,38641.78,135348634.56,94943601.7,20987878.8,19417154.06,14.35,428,Road (Articulated),3,4,1,0,Delivered,Flooding,67434.0,91.9,4.0,30-Day Credit,Pending
DCP-2023-032296,2023-12-09,2023,Q4,December,12,Benue Plant (Benue),North Central,Kano DC,Benue,Wholesaler,Dangote 3X (42.5R),1061,53.05,37827.63,2006755.8,1155374.35,567210.6,284170.85,14.16,1188,Rail,8,8,0,1,Delivered,None,47252.0,89.1,4.2,30-Day Credit,Pending
DCP-2023-031198,2023-12-10,2023,Q4,December,12,Obajana Plant (Kogi),North Central,Lagos DC,Benue,Retailer,Dangote Falcon,447,22.35,50857.0,1136654.0,638712.85,608590.5,-110649.35,-9.73,1556,Road (Truck),5,18,13,0,Delayed,Road Damage,70958.0,86.2,4.2,60-Day Credit,Paid
DCP-2023-032079,2023-12-10,2023,Q4,December,12,Ibese Plant (Ogun),Southwest,Kaduna DC,Plateau,Wholesaler,Dangote 3X (42.5N),3273,163.65,34965.94,5722176.55,3581263.29,528753.15,1612160.11,28.17,359,Rail,6,17,11,0,Delivered,Truck Breakdown,56553.0,98.1,3.1,60-Day Credit,Overdue
DCP-2023-031718,2023-12-11,2023,Q4,December,12,Obajana Plant (Kogi),North Central,Kaduna DC,Plateau,Retailer,Dangote Falcon,217,10.85,47326.06,513487.73,282789.65,40177.55,190520.53,37.1,529,River Barge,3,3,0,1,Delivered,None,57154.0,95.4,3.8,30-Day Credit,Paid
DCP-2023-031841,2023-12-11,2023,Q4,December,12,Benue Plant (Benue),North Central,Port Harcourt DC,Kogi,Contractor,Dangote Falcon,4648,232.4,45105.28,10482466.33,7377517.63,2981111.0,123837.7,1.18,733,Road (Truck),10,14,4,0,Delayed,Strike Action,59866.0,87.4,4.9,30-Day Credit,Paid
DCP-2023-031842,2023-12-11,2023,Q4,December,12,Dangote Cement Senegal,West Africa,Onitsha DC,Katsina,Wholesaler,Dangote 3X (42.5N),4649,232.45,36521.67,8489461.54,6023492.66,605299.8,1860669.08,21.92,372,River Barge,11,25,14,0,Delivered,Customs Delay,23780.0,98.9,4.6,30-Day Credit,Pending
DCP-2023-032308,2023-12-11,2023,Q4,December,12,Ibese Plant (Ogun),Southwest,Enugu DC,Ogun,Retailer,Dangote 3X (42.5R),331,16.55,38717.26,640770.63,443526.49,413121.1,-215876.96,-33.69,1783,Road (Articulated),6,6,0,1,Delivered,None,6666.0,92.7,3.7,30-Day Credit,Paid
DCP-2023-031561,2023-12-12,2023,Q4,December,12,Dangote Cement Senegal,West Africa,Onitsha DC,Akwa Ibom,Retailer,Dangote 3X (42.5R),495,24.75,37316.79,923590.46,595399.83,338703.75,-10513.12,-1.14,782,Road (Truck),4,4,0,1,Delivered,None,44950.0,98.7,4.1,60-Day Credit,Paid
DCP-2023-031990,2023-12-12,2023,Q4,December,12,Dangote Cement Senegal,West Africa,Kano DC,Enugu,Wholesaler,Dangote BLC,2116,105.8,35165.23,3720481.78,2228948.11,,54769.67,1.47,776,Road (Truck),7,17,10,0,Delivered,Road Damage,79191.0,94.0,4.8,Cash & Carry,Pending
DCP-2023-032185,2023-12-12,2023,Q4,December,12,Ibese Plant (Ogun),Southwest,Enugu DC,Kaduna,Retailer,Dangote 3X (42.5R),172,8.6,38600.71,331966.13,200053.92,210700.0,-78787.79,-23.73,1400,Road (Truck),2,13,11,0,Delivered,Road Damage,28358.0,96.7,4.4,30-Day Credit,Paid
DCP-2023-032263,2023-12-12,2023,Q4,December,12,Benue Plant (Benue),North Central,Benin DC,Katsina,Government,Dangote 3X (42.5N),8936,446.8,36647.79,16374234.69,10175251.7,5542107.2,656875.79,4.01,1772,River Barge,13,13,0,1,Delivered,None,21797.0,91.0,3.4,Cash & Carry,Paid
DCP-2023-031269,2023-12-13,2023,Q4,December,12,Obajana Plant (Kogi),North Central,Kano DC,Rivers,Government,Dangote OPC (52.5R),4072,203.6,43795.02,8916665.72,6311004.53,4899125.0,-2293463.81,-25.72,1375,Road (Truck),5,5,0,1,Delivered,None,74132.0,99.4,,60-Day Credit,Paid
DCP-2023-031341,2023-12-13,2023,Q4,December,12,Obajana Plant (Kogi),North Central,Kaduna DC,Osun,Retailer,Dangote 3X (42.5R),320,16.0,40405.75,646492.01,456243.22,21952.0,168296.79,26.03,98,Road (Articulated),2,13,11,0,Delivered,Security Incident,8094.0,88.1,4.7,Cash & Carry,Paid
DCP-2023-032146,2023-12-13,2023,Q4,December,12,Ibese Plant (Ogun),Southwest,Lagos DC,Zamfara,Retailer,Dangote 3X (42.5N),261,13.05,35074.73,457725.21,256299.09,380472.75,-179046.63,-39.12,1666,Road (Truck),4,6,2,0,Delayed,Security Incident,14586.0,99.4,3.9,Cash & Carry,Paid
DCP-2023-031271,2023-12-14,2023,Q4,December,12,Gboko Plant (Benue),North Central,Kano DC,Kaduna,Wholesaler,Dangote OPC (52.5R),1031,51.55,43486.89,2241749.3,1302428.21,495086.2,444234.89,19.82,686,Road (Articulated),5,5,0,1,In Transit,None,38688.0,99.5,3.0,Cash & Carry,Paid
DCP-2023-031262,2023-12-15,2023,Q4,December,12,Ibese Plant (Ogun),Southwest,Lagos DC,Oyo,Contractor,Dangote 3X (42.5R),8213,410.65,38656.75,15874393.5,9463844.62,6216214.38,194334.5,1.22,865,Road (Truck),8,19,11,0,Delayed,Road Damage,10452.0,98.0,3.5,30-Day Credit,Pending
DCP-2023-031504,2023-12-15,2023,Q4,December,12,Ibese Plant (Ogun),Southwest,Port Harcourt DC,Akwa Ibom,Government,Dangote OPC (52.5R),38053,1902.65,42814.09,81460234.64,53692920.84,59400733.0,-31633419.2,-38.83,1784,Road (Truck),7,7,0,1,Delivered,None,53410.0,90.6,3.7,Cash & Carry,Overdue
DCP-2023-031824,2023-12-15,2023,Q4,December,12,Benue Plant (Benue),North Central,Lagos DC,Delta,Government,Dangote 3X (42.5N),46750,2337.5,39510.3,92355323.71,54452491.54,5343525.0,32559307.17,35.25,254,Rail,2,14,12,0,Delivered,Fuel Shortage,13348.0,99.4,3.7,60-Day Credit,Paid
DCP-2023-031959,2023-12-15,2023,Q4,December,12,Gboko Plant (Benue),North Central,Kano DC,Ebonyi,Wholesaler,Dangote 3X (42.5N),2068,103.4,39287.97,4062375.74,2382800.89,1013320.0,666254.85,16.4,560,Road (Truck),2,2,0,1,Delivered,None,84624.0,87.9,3.2,Cash & Carry,Paid
DCP-2023-032001,2023-12-15,2023,Q4,December,12,Dangote Cement Senegal,West Africa,Ibadan DC,Plateau,Contractor,Dangote BLC,490,24.5,37669.34,922898.88,561168.97,389733.75,-28003.84,-3.03,909,Road (Truck),6,13,7,0,In Transit,Fuel Shortage,5284.0,88.1,3.3,Cash & Carry,Paid
DCP-2023-032026,2023-12-15,2023,Q4,December,12,Benue Plant (Benue),North Central,Ibadan DC,Benue,Retailer,Dangote Falcon,475,23.75,45189.83,1073258.5,686292.3,579796.88,-192830.68,-17.97,1395,Road (Truck),13,28,15,0,Delayed,Truck Breakdown,52608.0,87.4,4.1,Cash & Carry,Paid
DCP-2023-031203,2023-12-16,2023,Q4,December,12,Benue Plant (Benue),North Central,Kaduna DC,Abuja,Government,Dangote 3X (42.5N),33564,1678.2,35447.18,59487465.82,33630009.65,10948576.8,14908879.37,25.06,466,Road (Articulated),2,2,0,1,Delivered,None,16308.0,92.7,3.4,Advance Payment,Overdue
DCP-2023-031835,2023-12-16,2023,Q4,December,12,Gboko Plant (Benue),North Central,Benin DC,Akwa Ibom,Contractor,Dangote OPC (52.5R),2774,138.7,45488.99,6309322.72,4239213.42,2975808.5,-905699.2,-14.35,1226,Road (Truck),14,14,0,1,Delivered,None,82713.0,98.6,4.2,Cash & Carry,Pending
DCP-2023-031209,2023-12-17,2023,Q4,December,12,Obajana Plant (Kogi),North Central,Maiduguri DC,Akwa Ibom,Contractor,Dangote 3X (42.5R),1887,94.35,42481.14,4008095.32,2829763.66,2612079.75,-1433748.09,-35.77,1582,Road (Truck),11,11,0,1,Delivered,None,6382.0,98.4,4.8,Letter of Credit,Pending
DCP-2023-031245,2023-12-17,2023,Q4,December,12,Ibese Plant (Ogun),Southwest,Maiduguri DC,Edo,Wholesaler,Dangote OPC (52.5R),2149,107.45,46306.57,4975640.84,3553072.98,1145524.45,277043.41,5.57,1523,River Barge,8,12,4,0,Delivered,Road Damage,31903.0,94.9,3.2,Advance Payment,Paid
DCP-2023-031825,2023-12-17,2023,Q4,December,12,Obajana Plant (Kogi),North Central,Port Harcourt DC,Katsina,Retailer,Dangote Falcon,49,2.45,45146.02,110607.76,78658.22,23020.2,8929.34,8.07,1044,Rail,11,11,0,1,Delivered,None,69860.0,93.7,4.8,Letter of Credit,Paid
DCP-2023-031979,2023-12-17,2023,Q4,December,12,Obajana Plant (Kogi),North Central,Onitsha DC,Kaduna,Contractor,Dangote 3X (42.5N),8679,433.95,36617.15,15890010.78,9520522.82,683471.25,5686016.71,35.78,90,Road (Truck),4,13,9,0,Delivered,Security Incident,31692.0,87.1,4.5,Cash & Carry,Paid
DCP-2023-032275,2023-12-17,2023,Q4,December,12,Dangote Cement Senegal,West Africa,Ibadan DC,Kwara,Retailer,Dangote 3X (42.5R),471,23.55,41219.45,970717.97,552372.69,141771.0,276574.28,28.49,430,Road (Articulated),1,5,4,0,In Transit,Strike Action,78167.0,85.5,4.5,Cash & Carry,Pending
DCP-2023-031449,2023-12-18,2023,Q4,December,12,Obajana Plant (Kogi),North Central,Ibadan DC,Cross River,Government,Dangote BLC,49352,2467.6,36346.89,89689579.65,61489784.47,,-23058425.82,-25.71,1187,Road (Truck),8,8,0,1,In Transit,None,25467.0,91.9,3.4,30-Day Credit,Pending
DCP-2023-031618,2023-12-18,2023,Q4,December,12,Gboko Plant (Benue),North Central,Port Harcourt DC,Delta,Government,Dangote Falcon,19541,977.05,45173.5,44136765.21,30217351.32,1829037.6,12090376.29,27.39,208,Rail,5,6,1,0,In Transit,Truck Breakdown,7197.0,89.8,3.6,30-Day Credit,Paid
DCP-2023-032061,2023-12-18,2023,Q4,December,12,Obajana Plant (Kogi),North Central,Ibadan DC,Abuja,Wholesaler,Dangote 3X (42.5R),2651,132.55,37353.74,4951238.71,3220011.87,851302.38,879924.46,17.77,367,Road (Truck),6,6,0,1,Delivered,None,46792.0,97.4,4.1,30-Day Credit,Paid
DCP-2023-031241,2023-12-19,2023,Q4,December,12,Dangote Cement Senegal,West Africa,Enugu DC,Oyo,Wholesaler,Dangote 3X (42.5R),3787,189.35,42447.47,8037427.59,5359480.54,1143200.62,1534746.43,19.09,345,Road (Truck),9,20,11,0,In Transit,Flooding,60201.0,88.2,4.7,60-Day Credit,Paid
DCP-2023-031983,2023-12-19,2023,Q4,December,12,Gboko Plant (Benue),North Central,Ibadan DC,Kwara,Retailer,Dangote 3X (42.5N),387,19.35,37154.54,718940.32,467283.13,,99101.79,13.78,876,Rail,2,2,0,1,Delivered,None,43952.0,96.5,4.0,Letter of Credit,Paid
DCP-2023-031930,2023-12-20,2023,Q4,December,12,Gboko Plant (Benue),North Central,Port Harcourt DC,Sokoto,Wholesaler,Dangote 3X (42.5N),4878,243.9,40909.39,9977799.98,6841538.31,6368229.0,-3231967.33,-32.39,1492,Road (Truck),13,24,11,0,Delayed,Truck Breakdown,36228.0,97.4,3.9,60-Day Credit,Pending
DCP-2023-032012,2023-12-20,2023,Q4,December,12,Dangote Cement Senegal,West Africa,Kaduna DC,Abia,Contractor,Dangote 3X (42.5R),1958,97.9,38661.56,3784966.58,2095049.63,461206.9,1228710.05,32.46,673,River Barge,4,4,0,1,Damaged in Transit,None,59513.0,,4.8,Cash & Carry,Paid
DCP-2023-032098,2023-12-20,2023,Q4,December,12,Ibese Plant (Ogun),Southwest,Ibadan DC,Delta,Wholesaler,Dangote 3X (42.5N),2571,128.55,35323.97,4540896.84,2904693.88,3315947.25,-1679744.29,-36.99,1474,Road (Truck),6,14,8,0,Delivered,Truck Breakdown,65998.0,86.0,4.7,30-Day Credit,Paid
DCP-2023-032189,2023-12-20,2023,Q4,December,12,Dangote Cement Senegal,West Africa,Benin DC,Lagos,Export,Dangote 3X (42.5R),93935,4696.75,36988.93,173727751.63,114797953.47,80878035.0,-21948236.84,-12.63,984,Road (Truck),10,10,0,1,Delivered,None,25091.0,,4.2,Advance Payment,Paid
DCP-2023-031876,2023-12-21,2023,Q4,December,12,Dangote Cement Senegal,West Africa,Ibadan DC,Nassarawa,Export,Dangote OPC (52.5R),77341,3867.05,44833.88,173374839.15,117583698.1,84253351.88,-28462210.83,-16.42,1245,Road (Truck),2,9,7,0,Delayed,Security Incident,68182.0,98.9,3.2,30-Day Credit,Paid
DCP-2023-031963,2023-12-21,2023,Q4,December,12,Benue Plant (Benue),North Central,Lagos DC,Akwa Ibom,Government,Dangote 3X (42.5N),36724,1836.2,39501.51,72532668.98,45243570.0,14845677.0,12443421.98,17.16,462,Road (Truck),10,10,0,1,Delivered,None,11831.0,,3.3,Cash & Carry,Pending
DCP-2023-031982,2023-12-21,2023,Q4,December,12,Ibese Plant (Ogun),Southwest,Kano DC,Cross River,Export,Dangote BLC,40561,2028.05,35522.51,72041431.36,42294132.93,3869519.4,25877779.03,35.92,212,Rail,8,8,0,1,Delivered,,51610.0,86.8,3.3,Letter of Credit,Paid
DCP-2023-031387,2023-12-22,2023,Q4,December,12,Dangote Cement Senegal,West Africa,Onitsha DC,Kwara,Retailer,Dangote 3X (42.5R),343,17.15,39298.52,673969.62,439402.83,14406.0,220160.79,32.67,60,Road (Articulated),8,8,0,1,Delivered,None,76147.0,98.7,4.7,Cash & Carry,Paid
DCP-2023-031307,2023-12-23,2023,Q4,December,12,Obajana Plant (Kogi),North Central,Onitsha DC,Plateau,Retailer,Dangote 3X (42.5N),392,19.6,35783.15,701349.76,424152.64,353152.8,-75955.68,-10.83,1287,Road (Articulated),11,11,0,1,Delivered,None,78913.0,90.8,3.1,Cash & Carry,Paid
DCP-2023-031330,2023-12-23,2023,Q4,December,12,Benue Plant (Benue),North Central,Lagos DC,Akwa Ibom,Contractor,Dangote 3X (42.5R),3809,190.45,40617.12,7735529.87,5238412.7,1907737.65,589379.52,7.62,1113,Rail,14,14,0,1,Delivered,None,56417.0,99.2,4.7,30-Day Credit,Paid
DCP-2023-032043,2023-12-23,2023,Q4,December,12,Benue Plant (Benue),North Central,Ibadan DC,Enugu,Wholesaler,Dangote BLC,522,26.1,36463.56,951698.88,680707.95,577332.0,-306341.07,-32.19,1264,Road (Truck),10,10,0,1,Delivered,None,25663.0,95.3,4.1,Cash & Carry,Paid
DCP-2023-032044,2023-12-23,2023,Q4,December,12,Dangote Cement Senegal,West Africa,Onitsha DC,Kebbi,Wholesaler,Dangote 3X (42.5N),4242,212.1,37238.8,7898348.55,5334090.45,4406589.6,-1842331.5,-23.33,1484,Road (Articulated),11,11,0,1,Delivered,None,29570.0,95.9,4.0,Cash & Carry,Paid
DCP-2023-032116,2023-12-23,2023,Q4,December,12,Gboko Plant (Benue),North Central,Kaduna DC,Sokoto,Wholesaler,Dangote 3X (42.5R),1743,87.15,41833.22,3645765.33,2175119.25,826617.75,644028.33,17.67,542,Road (Truck),6,6,0,1,Delivered,None,13189.0,98.2,3.2,Advance Payment,Paid
DCP-2023-031500,2023-12-24,2023,Q4,December,12,Dangote Cement Senegal,West Africa,Abuja DC,Ebonyi,Retailer,Dangote OPC (52.5R),455,22.75,43620.72,992371.42,576209.36,216181.88,199980.18,20.15,543,Road (Truck),13,13,0,1,Delivered,None,65819.0,98.8,3.0,Letter of Credit,Paid
DCP-2023-031530,2023-12-24,2023,Q4,December,12,Obajana Plant (Kogi),North Central,Enugu DC,Ebonyi,Wholesaler,Dangote Falcon,4139,206.95,46213.98,9563984.09,6558094.63,4916718.1,-1910828.64,-19.98,1697,Road (Articulated),6,6,0,1,Delivered,None,28147.0,86.0,4.5,60-Day Credit,Paid
DCP-2023-031547,2023-12-24,2023,Q4,December,12,Dangote Cement Senegal,West Africa,Onitsha DC,Zamfara,Export,Dangote Falcon,82046,4102.3,46371.58,190230135.78,127775154.67,110844146.0,-48389164.89,-25.44,1544,Road (Truck),13,13,0,1,In Transit,None,64221.0,91.8,,60-Day Credit,Overdue
DCP-2023-031721,2023-12-24,2023,Q4,December,12,Dangote Cement Senegal,West Africa,Maiduguri DC,Kano,Contractor,Dangote 3X (42.5N),5409,270.45,38486.4,10408646.64,7271725.4,2622012.75,514908.49,4.95,554,Road (Truck),1,1,0,1,Delivered,None,31778.0,90.2,3.7,30-Day Credit,Pending
DCP-2023-031926,2023-12-24,2023,Q4,December,12,Ibese Plant (Ogun),Southwest,Abuja DC,Cross River,Wholesaler,Dangote OPC (52.5R),2962,148.1,45672.15,6764045.57,4382681.1,2423286.25,-41921.78,-0.62,935,Road (Truck),7,7,0,1,Delivered,None,20782.0,88.3,3.0,30-Day Credit,Paid
DCP-2023-031996,2023-12-24,2023,Q4,December,12,Dangote Cement Senegal,West Africa,Kano DC,Edo,Wholesaler,Dangote OPC (52.5R),2932,146.6,44446.28,6515825.18,3882154.45,3871339.5,-1237668.77,-18.99,1509,Road (Truck),3,3,0,1,Delivered,None,57950.0,94.7,3.2,30-Day Credit,Pending
DCP-2023-031665,2023-12-25,2023,Q4,December,12,Benue Plant (Benue),North Central,Enugu DC,Ekiti,Wholesaler,Dangote OPC (52.5R),2492,124.6,46559.42,5801303.56,3684318.26,657638.8,1459346.5,25.16,377,Road (Articulated),10,14,4,0,Delivered,Security Incident,76957.0,98.6,4.8,Cash & Carry,Paid
DCP-2023-031349,2023-12-26,2023,Q4,December,12,Obajana Plant (Kogi),North Central,Benin DC,Lagos,Contractor,Dangote 3X (42.5N),6759,337.95,40315.97,13624782.35,8343724.62,768836.25,4512221.48,33.12,130,Road (Truck),11,11,0,1,In Transit,None,42704.0,89.3,3.6,Cash & Carry,Overdue
DCP-2023-031367,2023-12-26,2023,Q4,December,12,Gboko Plant (Benue),North Central,Kano DC,Katsina,Wholesaler,Dangote OPC (52.5R),3890,194.5,49328.85,9594461.77,6455190.24,1211735.0,1927536.53,20.09,356,Road (Truck),8,8,0,1,Delivered,None,26491.0,99.5,4.9,Cash & Carry,Paid
DCP-2023-031505,2023-12-26,2023,Q4,December,12,Obajana Plant (Kogi),North Central,Lagos DC,Edo,Wholesaler,Dangote BLC,3074,153.7,36719.32,5643759.77,3847107.4,1390062.8,406589.57,7.2,1292,River Barge,4,4,0,1,Delivered,None,44050.0,88.2,4.8,Cash & Carry,Paid
DCP-2023-031884,2023-12-26,2023,Q4,December,12,Ibese Plant (Ogun),Southwest,Benin DC,Sokoto,Wholesaler,Dangote OPC (52.5R),2839,141.95,48298.51,6855973.87,4282231.54,767594.62,1806147.71,26.34,309,Road (Truck),14,14,0,1,Delivered,None,27986.0,98.4,3.7,Advance Payment,Paid
DCP-2023-031206,2023-12-27,2023,Q4,December,12,Dangote Cement Senegal,West Africa,Kano DC,Abuja,Government,Dangote OPC (52.5R),7736,386.8,48557.54,18782055.63,12163628.44,8523524.8,-1905097.61,-10.14,1574,Road (Articulated),13,27,14,0,In Transit,Flooding,78899.0,87.6,4.0,Cash & Carry,Overdue
DCP-2023-031679,2023-12-27,2023,Q4,December,12,Dangote Cement Senegal,West Africa,Onitsha DC,Rivers,Wholesaler,Dangote BLC,373,18.65,33646.17,627500.98,361775.99,312993.62,-47268.63,-7.53,959,Road (Truck),8,8,0,1,Delivered,None,54940.0,98.6,,Letter of Credit,Paid
DCP-2023-032277,2023-12-27,2023,Q4,December,12,Benue Plant (Benue),North Central,Maiduguri DC,Cross River,Government,Dangote OPC (52.5R),31490,1574.5,45632.11,71847761.26,40724899.78,35158585.0,-4035723.52,-5.62,1276,Road (Truck),10,17,7,0,Delivered,Flooding,74402.0,85.8,3.8,60-Day Credit,Overdue
DCP-2023-031274,2023-12-28,2023,Q4,December,12,Gboko Plant (Benue),North Central,Enugu DC,Benue,Contractor,Dangote OPC (52.5R),1060,53.0,44218.18,2343563.5,1544456.62,282887.5,516219.38,22.03,305,Road (Truck),8,20,12,0,Delayed,Road Damage,9893.0,91.5,4.9,Letter of Credit,Paid
DCP-2023-031598,2023-12-28,2023,Q4,December,12,Benue Plant (Benue),North Central,Enugu DC,Rivers,Wholesaler,Dangote OPC (52.5R),131,6.55,48248.73,316029.16,184001.74,51718.8,80308.62,25.41,564,Road (Articulated),7,7,0,1,Delivered,None,70897.0,96.2,4.1,60-Day Credit,Paid
DCP-2023-031239,2023-12-29,2023,Q4,December,12,Obajana Plant (Kogi),North Central,Kano DC,Abia,Retailer,Dangote 3X (42.5N),400,20.0,37470.45,749409.04,486483.8,64680.0,198245.24,26.45,231,Road (Articulated),11,11,0,1,Delivered,None,69181.0,86.1,4.3,Cash & Carry,Pending
DCP-2023-031384,2023-12-29,2023,Q4,December,12,Benue Plant (Benue),North Central,Kano DC,Kogi,Wholesaler,Dangote OPC (52.5R),3191,159.55,43667.31,6967120.0,4299016.6,4914140.0,-2246036.6,-32.24,1760,Road (Truck),8,17,9,0,Delayed,Security Incident,12426.0,99.6,4.3,Advance Payment,Paid
DCP-2023-031420,2023-12-29,2023,Q4,December,12,Gboko Plant (Benue),North Central,Onitsha DC,Osun,Wholesaler,Dangote OPC (52.5R),2967,148.35,48105.46,7136444.93,4793416.7,2354685.38,-11657.15,-0.16,907,Road (Truck),10,15,5,0,Damaged in Transit,Flooding,68422.0,95.3,4.9,30-Day Credit,Pending
DCP-2023-031446,2023-12-29,2023,Q4,December,12,Benue Plant (Benue),North Central,Ibadan DC,Benue,Government,Dangote 3X (42.5R),14994,749.7,41368.8,31014191.38,21540430.67,2602958.4,6870802.31,22.15,248,Road (Articulated),11,15,4,0,Delivered,Flooding,24443.0,89.1,4.2,30-Day Credit,Paid
DCP-2023-031445,2023-12-30,2023,Q4,December,12,Ibese Plant (Ogun),Southwest,Kaduna DC,Ekiti,Wholesaler,Dangote 3X (42.5N),382,19.1,36660.12,700208.29,492065.24,72866.5,135276.55,19.32,218,Road (Truck),5,5,0,1,Delivered,None,14742.0,97.1,3.2,Advance Payment,Paid
DCP-2023-031495,2023-12-30,2023,Q4,December,12,Ibese Plant (Ogun),Southwest,Kano DC,Ebonyi,Retailer,Dangote OPC (52.5R),312,15.6,42484.96,662765.42,395972.76,129402.0,137390.66,20.73,474,Road (Truck),2,2,0,1,Delivered,None,83536.0,97.0,4.2,Cash & Carry,Pending
DCP-2023-031531,2023-12-30,2023,Q4,December,12,Ibese Plant (Ogun),Southwest,Maiduguri DC,Zamfara,Wholesaler,Dangote 3X (42.5R),1617,80.85,40495.81,3274085.95,2248771.35,448232.4,577082.2,17.63,396,Road (Articulated),9,24,15,0,Delivered,,20336.0,95.1,3.3,Letter of Credit,Paid
DCP-2023-032193,2023-12-30,2023,Q4,December,12,Ibese Plant (Ogun),Southwest,Enugu DC,Kano,Government,Dangote 3X (42.5R),34295,1714.75,39047.56,66956796.5,40374595.36,32078685.62,-5496484.48,-8.21,1069,Road (Truck),10,10,0,1,Delivered,None,59159.0,92.3,3.0,Cash & Carry,Paid
DCP-2023-031400,2023-12-31,2023,Q4,December,12,Benue Plant (Benue),North Central,Abuja DC,Enugu,Wholesaler,Dangote 3X (42.5N),4340,217.0,40225.73,8728984.45,5882647.7,552916.0,2293420.75,26.27,182,Road (Articulated),14,22,8,0,Damaged in Transit,Customs Delay,59011.0,92.8,,Cash & Carry,Pending
DCP-2023-031425,2023-12-31,2023,Q4,December,12,Obajana Plant (Kogi),North Central,Maiduguri DC,Abia,Retailer,Dangote OPC (52.5R),31,1.55,44354.17,68748.96,41480.07,34801.38,-7532.49,-10.96,1283,Road (Truck),4,4,0,1,Delivered,None,38279.0,95.7,3.8,Cash & Carry,Paid
DCP-2024-033190,2024-01-01,2024,Q1,January,1,Gboko Plant (Benue),North Central,Port Harcourt DC,Lagos,Retailer,Dangote 3X (42.5R),330,16.5,43138.27,711781.45,483638.3,28875.0,199268.15,28.0,125,Road (Articulated),5,5,0,1,Delivered,None,44184.0,86.7,3.2,Advance Payment,Paid
DCP-2024-032724,2024-01-02,2024,Q1,January,1,Dangote Cement Senegal,West Africa,Onitsha DC,Abuja,Retailer,Dangote OPC (52.5R),217,10.85,47037.84,510360.54,303528.98,44506.7,162324.86,31.81,293,Road (Articulated),5,5,0,1,Delivered,None,64717.0,98.3,3.1,Letter of Credit,Paid
DCP-2024-032841,2024-01-02,2024,Q1,January,1,Dangote Cement Senegal,West Africa,Maiduguri DC,Katsina,Retailer,Dangote 3X (42.5N),276,13.8,39042.89,538791.83,361366.14,23722.2,153703.49,28.53,191,Rail,7,22,15,0,In Transit,Fuel Shortage,36232.0,91.6,3.4,30-Day Credit,Pending
DCP-2024-033416,2024-01-02,2024,Q1,January,1,Gboko Plant (Benue),North Central,Ibadan DC,Ekiti,Wholesaler,Dangote BLC,716,35.8,38326.28,1372080.68,842609.56,211130.5,318340.62,23.2,337,Road (Truck),8,8,0,1,Delivered,None,52679.0,98.6,3.8,60-Day Credit,Paid
DCP-2024-032478,2024-01-03,2024,Q1,January,1,Obajana Plant (Kogi),North Central,Kano DC,Ondo,Wholesaler,Dangote 3X (42.5R),1560,78.0,44069.48,3437419.34,2153603.59,954408.0,329407.75,9.58,874,Road (Articulated),5,5,0,1,Delivered,None,63416.0,96.0,4.7,60-Day Credit,Overdue
DCP-2024-033126,2024-01-03,2024,Q1,January,1,Gboko Plant (Benue),North Central,Enugu DC,Rivers,Retailer,Dangote 3X (42.5N),406,20.3,41489.7,842240.92,555128.66,589359.75,-302247.49,-35.89,1659,Road (Truck),5,20,15,0,Delayed,Road Damage,36671.0,99.2,4.3,Cash & Carry,Pending
DCP-2024-033396,2024-01-03,2024,Q1,January,1,Dangote Cement Senegal,West Africa,Lagos DC,Kebbi,Wholesaler,Dangote 3X (42.5R),2622,131.1,38701.83,5073809.36,3143212.23,2488802.4,-558205.27,-11.0,1356,Road (Articulated),4,10,6,0,Delivered,Fuel Shortage,32108.0,94.5,3.5,Cash & Carry,Paid
DCP-2024-032891,2024-01-04,2024,Q1,January,1,Dangote Cement Senegal,West Africa,Benin DC,Benue,Wholesaler,Dangote 3X (42.5R),1516,75.8,41043.92,3111129.17,1818191.09,868061.6,424876.48,13.66,1636,River Barge,6,6,0,1,Delivered,None,66291.0,91.0,4.2,Cash & Carry,Paid
DCP-2024-032346,2024-01-05,2024,Q1,January,1,Dangote Cement Senegal,West Africa,Benin DC,Kebbi,Contractor,Dangote OPC (52.5R),7332,366.6,46518.13,17053548.06,12028754.84,8986832.4,-3962039.18,-23.23,1751,Road (Articulated),6,8,2,0,In Transit,Road Damage,56951.0,,3.9,Cash & Carry,Pending
DCP-2024-032393,2024-01-05,2024,Q1,January,1,Gboko Plant (Benue),North Central,Lagos DC,Edo,Contractor,Dangote 3X (42.5N),5515,275.75,42242.19,11648282.83,7205450.44,1331872.5,3110959.89,26.71,345,Road (Articulated),7,7,0,1,Delivered,None,31437.0,93.0,3.8,Cash & Carry,Paid
DCP-2024-032587,2024-01-05,2024,Q1,January,1,Dangote Cement Senegal,West Africa,Kaduna DC,Kano,Retailer,Dangote 3X (42.5R),37,1.85,42154.49,77985.8,44606.43,39950.75,-6571.38,-8.43,1234,Road (Truck),11,11,0,1,Delivered,None,22034.0,89.2,3.1,Letter of Credit,Paid
DCP-2024-033253,2024-01-05,2024,Q1,January,1,Obajana Plant (Kogi),North Central,Kaduna DC,Ekiti,Contractor,Dangote 3X (42.5R),4373,218.65,38182.61,8348628.28,5455078.54,3413126.5,-519576.76,-6.22,892,Road (Truck),8,8,0,1,Delivered,None,71032.0,95.0,4.2,30-Day Credit,Paid
DCP-2024-033328,2024-01-06,2024,Q1,January,1,Obajana Plant (Kogi),North Central,Kano DC,Bayelsa,Retailer,Dangote OPC (52.5R),301,15.05,45259.27,681151.95,380905.86,185679.38,114566.71,16.82,705,Road (Truck),7,7,0,1,In Transit,None,18502.0,89.3,3.5,Cash & Carry,Paid
DCP-2024-032454,2024-01-07,2024,Q1,January,1,Ibese Plant (Ogun),Southwest,Benin DC,Imo,Retailer,Dangote 3X (42.5R),261,13.05,39997.36,521965.6,366607.57,264915.0,-109556.97,-20.99,1160,Road (Truck),5,5,0,1,Delivered,None,76264.0,93.4,4.2,Letter of Credit,Paid
DCP-2024-032536,2024-01-07,2024,Q1,January,1,Dangote Cement Senegal,West Africa,Maiduguri DC,Enugu,Government,Dangote 3X (42.5N),3520,176.0,39090.89,6879997.09,3943328.03,3237696.0,-301026.94,-4.38,1314,Road (Articulated),2,2,0,1,Delivered,None,6201.0,91.0,3.6,60-Day Credit,Paid
DCP-2024-032912,2024-01-07,2024,Q1,January,1,Benue Plant (Benue),North Central,Abuja DC,Katsina,Contractor,Dangote 3X (42.5N),7722,386.1,38801.4,14981221.8,10151962.11,10567557.0,-5738297.31,-38.3,1564,Road (Truck),7,8,1,0,Delivered,Security Incident,67060.0,89.7,5.0,Cash & Carry,Paid
DCP-2024-032966,2024-01-07,2024,Q1,January,1,Benue Plant (Benue),North Central,Enugu DC,Imo,Wholesaler,Dangote 3X (42.5R),1506,75.3,42253.68,3181702.1,1961974.79,1860663.0,-640935.69,-20.14,1765,Road (Articulated),2,13,11,0,In Transit,Flooding,35413.0,98.3,4.5,Advance Payment,Paid
DCP-2024-033063,2024-01-07,2024,Q1,January,1,Ibese Plant (Ogun),Southwest,Benin DC,Abia,Retailer,Dangote 3X (42.5N),107,5.35,41292.9,220917.04,156699.8,162345.75,-98128.51,-44.42,1734,Road (Truck),14,14,0,1,Delivered,None,75472.0,95.6,4.2,30-Day Credit,Paid
DCP-2024-033092,2024-01-07,2024,Q1,January,1,Obajana Plant (Kogi),North Central,Benin DC,Oyo,Wholesaler,Dangote 3X (42.5N),1749,87.45,42068.43,3678884.25,2454499.11,459112.5,765272.64,20.8,300,Road (Truck),9,22,13,0,Delivered,Truck Breakdown,21876.0,95.3,4.7,60-Day Credit,Pending
DCP-2024-033104,2024-01-07,2024,Q1,January,1,Ibese Plant (Ogun),Southwest,Enugu DC,Kaduna,Government,Dangote 3X (42.5R),36074,1803.7,39758.03,71711552.77,40312774.17,7272518.4,24126260.2,33.64,288,Road (Articulated),14,14,0,1,Delayed,,67345.0,90.1,4.2,30-Day Credit,Paid
DCP-2024-033226,2024-01-07,2024,Q1,January,1,Dangote Cement Senegal,West Africa,Lagos DC,Osun,Wholesaler,Dangote BLC,3965,198.25,37288.67,7392479.42,5122110.37,2146452.75,123916.3,1.68,1203,Rail,5,8,3,0,Delivered,Strike Action,7767.0,98.5,3.5,Advance Payment,Paid
DCP-2024-033349,2024-01-07,2024,Q1,January,1,Gboko Plant (Benue),North Central,Ibadan DC,Kwara,Retailer,Dangote 3X (42.5R),284,14.2,39972.48,567609.22,408577.55,66349.5,92682.17,16.33,267,Road (Truck),7,15,8,0,Delivered,Fuel Shortage,78944.0,91.7,3.9,Cash & Carry,Pending
DCP-2024-032508,2024-01-08,2024,Q1,January,1,Ibese Plant (Ogun),Southwest,Maiduguri DC,Katsina,Retailer,Dangote 3X (42.5N),225,11.25,40750.94,458448.13,295188.15,262040.62,-98780.64,-21.55,1331,Road (Truck),6,10,4,0,Delivered,,16796.0,87.7,3.3,Cash & Carry,Paid
DCP-2024-033235,2024-01-08,2024,Q1,January,1,Dangote Cement Senegal,West Africa,Kaduna DC,Ogun,Wholesaler,Dangote 3X (42.5N),2016,100.8,37132.12,3742917.52,2550805.31,319334.4,872777.81,23.32,352,Rail,4,16,12,0,Delivered,Road Damage,24175.0,88.2,3.6,60-Day Credit,Overdue
DCP-2024-032975,2024-01-09,2024,Q1,January,1,Obajana Plant (Kogi),North Central,Ibadan DC,Delta,Wholesaler,Dangote 3X (42.5R),1256,62.8,37755.31,2371033.17,1457652.77,746440.8,166939.6,7.04,849,Road (Articulated),13,13,0,1,Delivered,None,63240.0,91.1,4.3,Cash & Carry,Overdue
DCP-2024-033109,2024-01-09,2024,Q1,January,1,Benue Plant (Benue),North Central,Ibadan DC,Ekiti,Retailer,Dangote 3X (42.5R),329,16.45,40654.77,668771.05,374758.22,289026.5,4986.33,0.75,1004,Road (Truck),5,5,0,1,Delivered,None,22635.0,86.1,3.8,30-Day Credit,Paid
DCP-2024-033129,2024-01-09,2024,Q1,January,1,Obajana Plant (Kogi),North Central,Abuja DC,Imo,Retailer,Dangote 3X (42.5N),207,10.35,39214.82,405873.42,283603.06,211010.62,-88740.26,-21.86,1165,Road (Truck),11,11,0,1,In Transit,None,56363.0,89.7,5.0,30-Day Credit,Paid
DCP-2024-033280,2024-01-09,2024,Q1,January,1,Gboko Plant (Benue),North Central,Kano DC,Nassarawa,Wholesaler,Dangote 3X (42.5R),1817,90.85,40843.22,3710606.1,2648131.34,651848.75,410626.01,11.07,410,Road (Truck),14,14,0,1,Delivered,None,12883.0,94.4,3.0,30-Day Credit,Overdue
DCP-2024-033301,2024-01-09,2024,Q1,January,1,Dangote Cement Senegal,West Africa,Benin DC,Sokoto,Retailer,Dangote 3X (42.5R),158,7.9,41078.84,324522.81,201547.96,72166.5,50808.35,15.66,1015,Rail,13,13,0,1,Delivered,None,22249.0,93.9,4.1,60-Day Credit,Pending
DCP-2024-033400,2024-01-09,2024,Q1,January,1,Obajana Plant (Kogi),North Central,Benin DC,Kwara,Retailer,Dangote 3X (42.5R),244,12.2,43926.97,535909.07,304152.77,84973.0,146783.3,27.39,398,Road (Truck),7,11,4,0,Delivered,Fuel Shortage,74703.0,92.7,4.2,Cash & Carry,Paid
DCP-2024-033429,2024-01-09,2024,Q1,January,1,Ibese Plant (Ogun),Southwest,Kano DC,Bayelsa,Wholesaler,Dangote 3X (42.5R),1321,66.05,41065.49,2712375.69,1788171.8,917236.35,6967.54,0.26,1543,Rail,2,16,14,0,Delivered,Truck Breakdown,26155.0,98.5,3.7,30-Day Credit,Paid
DCP-2024-032349,2024-01-10,2024,Q1,January,1,Dangote Cement Senegal,West Africa,Maiduguri DC,Lagos,Export,Dangote Falcon,89152,4457.6,54620.82,243477772.71,162531516.72,22622320.0,58323935.99,23.95,290,Road (Truck),6,17,11,0,Delivered,Flooding,73709.0,95.6,3.9,Cash & Carry,Paid
DCP-2024-032659,2024-01-10,2024,Q1,January,1,Obajana Plant (Kogi),North Central,Kaduna DC,Enugu,Retailer,Dangote 3X (42.5R),460,23.0,38391.02,882993.42,619246.84,215694.0,48052.58,5.44,1042,Rail,14,18,4,0,Delivered,,54587.0,94.5,4.9,60-Day Credit,Paid
DCP-2024-032706,2024-01-10,2024,Q1,January,1,Benue Plant (Benue),North Central,Lagos DC,Delta,Wholesaler,Dangote 3X (42.5R),2378,118.9,41651.31,4952340.34,3040954.76,1875885.3,35500.28,0.72,1753,Rail,3,3,0,1,Delivered,None,60577.0,91.4,4.7,Advance Payment,Paid
DCP-2024-033020,2024-01-10,2024,Q1,January,1,Dangote Cement Senegal,West Africa,Kaduna DC,Imo,Wholesaler,Dangote 3X (42.5R),1893,94.65,40532.95,3836443.85,2242666.41,751331.7,842445.74,21.96,567,Road (Articulated),10,10,0,1,Delivered,,16562.0,92.3,3.8,Cash & Carry,Paid
DCP-2024-032405,2024-01-11,2024,Q1,January,1,Benue Plant (Benue),North Central,Benin DC,Abia,Wholesaler,Dangote BLC,4181,209.05,38617.52,8072993.26,5442690.75,2865448.35,-235145.84,-2.91,1523,Rail,11,11,0,1,Delivered,None,25293.0,95.7,3.7,60-Day Credit,Overdue
DCP-2024-033144,2024-01-11,2024,Q1,January,1,Dangote Cement Senegal,West Africa,Port Harcourt DC,Oyo,Wholesaler,Dangote OPC (52.5R),3854,192.7,49049.82,9451899.63,5598503.58,944230.0,2909166.05,30.78,280,Road (Truck),10,10,0,1,Delivered,None,48839.0,88.9,5.0,Cash & Carry,Paid
DCP-2024-032641,2024-01-12,2024,Q1,January,1,Ibese Plant (Ogun),Southwest,Enugu DC,Benue,Export,Dangote BLC,89765,4488.25,37860.9,169929193.93,96520616.23,17652287.25,55756290.45,32.81,437,Rail,7,7,0,1,Delivered,None,31347.0,89.7,3.9,30-Day Credit,Paid
DCP-2024-033075,2024-01-12,2024,Q1,January,1,Ibese Plant (Ogun),Southwest,Abuja DC,Nassarawa,Wholesaler,Dangote Falcon,508,25.4,53497.73,1358842.46,934064.44,72453.5,352324.52,25.93,163,Road (Truck),14,14,0,1,Delivered,None,44106.0,99.1,3.3,60-Day Credit,Paid
DCP-2024-033120,2024-01-12,2024,Q1,January,1,Ibese Plant (Ogun),Southwest,Onitsha DC,Oyo,Contractor,Dangote 3X (42.5R),8343,417.15,43073.62,17968162.31,11359584.44,7475328.0,-866750.13,-4.82,1280,Road (Articulated),1,14,13,0,Delivered,Truck Breakdown,19606.0,87.1,3.7,Cash & Carry,Paid
DCP-2024-032605,2024-01-13,2024,Q1,January,1,Gboko Plant (Benue),North Central,Lagos DC,Sokoto,Wholesaler,Dangote OPC (52.5R),4907,245.35,48804.69,11974231.46,6763168.99,5434011.8,-222949.33,-1.86,1582,Road (Articulated),5,5,0,1,Delivered,None,27626.0,88.2,3.0,30-Day Credit,Paid
DCP-2024-032667,2024-01-14,2024,Q1,January,1,Obajana Plant (Kogi),North Central,Benin DC,Ondo,Wholesaler,Dangote BLC,3322,166.1,40223.24,6681080.58,3686202.25,908068.7,2086809.63,31.23,781,River Barge,4,4,0,1,Delivered,None,61251.0,96.4,3.4,Cash & Carry,Paid
DCP-2024-032816,2024-01-14,2024,Q1,January,1,Obajana Plant (Kogi),North Central,Kaduna DC,Benue,Retailer,Dangote 3X (42.5R),458,22.9,39423.09,902788.72,508539.98,199573.5,194675.24,21.56,498,Road (Truck),6,18,12,0,In Transit,Road Damage,37643.0,88.8,4.8,Cash & Carry,Pending
DCP-2024-032870,2024-01-14,2024,Q1,January,1,Ibese Plant (Ogun),Southwest,Kaduna DC,Abia,Government,Dangote 3X (42.5R),44334,2216.7,39577.16,87730696.02,56266118.1,36154377.0,-4689799.08,-5.35,932,Road (Truck),3,3,0,1,In Transit,None,82436.0,87.1,3.9,30-Day Credit,Pending
DCP-2024-032873,2024-01-14,2024,Q1,January,1,Dangote Cement Senegal,West Africa,Maiduguri DC,Abia,Government,Dangote 3X (42.5N),43290,2164.5,41228.42,89238905.79,63702173.4,20833312.5,4703419.89,5.27,550,Road (Truck),11,19,8,0,Returned,Truck Breakdown,22687.0,88.6,3.2,30-Day Credit,Paid
DCP-2024-032886,2024-01-14,2024,Q1,January,1,Benue Plant (Benue),North Central,Port Harcourt DC,Katsina,Wholesaler,Dangote Falcon,4237,211.85,53407.32,11314340.9,6781906.46,2773116.5,1759317.94,15.55,935,Road (Articulated),5,5,0,1,Delivered,None,6349.0,92.8,3.3,60-Day Credit,Paid
DCP-2024-033334,2024-01-14,2024,Q1,January,1,Ibese Plant (Ogun),Southwest,Maiduguri DC,Osun,Government,Dangote 3X (42.5R),14810,740.5,40859.24,30256264.53,21048772.7,3152308.5,6055183.33,20.01,473,Rail,3,13,10,0,Delivered,Truck Breakdown,84473.0,91.2,3.7,60-Day Credit,Paid
DCP-2024-033362,2024-01-14,2024,Q1,January,1,Obajana Plant (Kogi),North Central,Kano DC,Kwara,Retailer,Dangote 3X (42.5R),380,19.0,38266.69,727067.13,494168.47,337487.5,-104588.84,-14.39,1015,Road (Truck),14,14,0,1,Delivered,None,61838.0,85.3,3.6,Cash & Carry,Pending
DCP-2024-032373,2024-01-15,2024,Q1,January,1,Obajana Plant (Kogi),North Central,Benin DC,Ogun,Contractor,Dangote 3X (42.5N),6595,329.75,41336.24,13630623.93,9632547.55,2525225.5,1472850.88,10.81,547,Road (Articulated),3,3,0,1,Delivered,None,34041.0,93.3,3.4,Cash & Carry,Overdue
DCP-2024-032585,2024-01-15,2024,Q1,January,1,Gboko Plant (Benue),North Central,Enugu DC,Oyo,Export,Dangote 3X (42.5N),26815,1340.75,38225.17,51250403.15,35528281.76,39699607.5,-23977486.11,-46.78,1692,Road (Truck),11,15,4,0,In Transit,Truck Breakdown,7396.0,86.7,4.5,Cash & Carry,Paid
DCP-2024-032872,2024-01-15,2024,Q1,January,1,Ibese Plant (Ogun),Southwest,Kano DC,Plateau,Wholesaler,Dangote BLC,1141,57.05,35936.31,2050166.3,1446478.32,1491572.25,-887884.27,-43.31,1494,Road (Truck),6,9,3,0,Delivered,Fuel Shortage,26005.0,99.8,3.9,Cash & Carry,Pending
DCP-2024-033394,2024-01-15,2024,Q1,January,1,Ibese Plant (Ogun),Southwest,Port Harcourt DC,Enugu,Wholesaler,Dangote 3X (42.5R),816,40.8,38455.64,1568990.28,902918.07,309549.6,356522.61,22.72,843,Rail,7,20,13,0,Delivered,Fuel Shortage,18371.0,95.7,3.2,30-Day Credit,Pending
DCP-2024-032586,2024-01-16,2024,Q1,January,1,Gboko Plant (Benue),North Central,Maiduguri DC,Akwa Ibom,Wholesaler,Dangote 3X (42.5R),3393,169.65,42691.32,7242582.99,5077931.39,1062857.25,1101794.35,15.21,358,Road (Truck),6,6,0,1,Delivered,None,50994.0,97.0,4.3,Advance Payment,Paid
DCP-2024-032736,2024-01-16,2024,Q1,January,1,Obajana Plant (Kogi),North Central,Kano DC,Benue,Wholesaler,Dangote BLC,691,34.55,37096.27,1281676.18,786737.84,64694.87,430243.47,33.57,107,Road (Truck),7,10,3,0,Delivered,Customs Delay,51575.0,99.6,3.9,30-Day Credit,Paid
DCP-2024-032335,2024-01-17,2024,Q1,January,1,Obajana Plant (Kogi),North Central,Abuja DC,Delta,Retailer,Dangote 3X (42.5R),320,16.0,38891.69,622267.05,399025.36,120680.0,102561.69,16.48,431,Road (Truck),3,10,7,0,Delivered,Fuel Shortage,33426.0,89.0,4.2,Cash & Carry,Paid
DCP-2024-032661,2024-01-17,2024,Q1,January,1,Obajana Plant (Kogi),North Central,Kano DC,Rivers,Wholesaler,Dangote 3X (42.5R),2056,102.8,38766.08,3985153.18,2853547.56,1652201.6,-520595.98,-13.06,1148,Road (Articulated),7,7,0,1,Delivered,None,28477.0,98.4,4.9,Letter of Credit,Pending
DCP-2024-032842,2024-01-17,2024,Q1,January,1,Benue Plant (Benue),North Central,Maiduguri DC,Sokoto,Retailer,Dangote BLC,375,18.75,37321.61,699780.12,465782.73,,-65777.61,-9.4,1142,Road (Articulated),11,11,0,1,Delivered,None,57713.0,95.9,4.0,Cash & Carry,Overdue
DCP-2024-033010,2024-01-17,2024,Q1,January,1,Dangote Cement Senegal,West Africa,Maiduguri DC,Abia,Government,Dangote 3X (42.5R),5784,289.2,43500.93,12580468.1,8514070.94,3173247.0,893150.16,7.1,627,Road (Truck),8,8,0,1,Delivered,None,30037.0,85.5,3.1,Letter of Credit,Paid
DCP-2024-033039,2024-01-17,2024,Q1,January,1,Dangote Cement Senegal,West Africa,Abuja DC,Bayelsa,Wholesaler,Dangote OPC (52.5R),455,22.75,48326.54,1099428.86,681502.71,268017.75,149908.4,13.64,1309,Rail,10,22,12,0,Delayed,Fuel Shortage,64868.0,91.5,,Cash & Carry,Pending
DCP-2024-033213,2024-01-17,2024,Q1,January,1,Ibese Plant (Ogun),Southwest,Kano DC,Akwa Ibom,Wholesaler,Dangote 3X (42.5R),3894,194.7,41744.92,8127735.05,5475628.25,2693285.1,-41178.3,-0.51,1537,Rail,13,22,9,0,Delivered,Strike Action,18173.0,88.5,4.7,30-Day Credit,Paid
DCP-2024-032600,2024-01-18,2024,Q1,January,1,Obajana Plant (Kogi),North Central,Maiduguri DC,Abia,Contractor,Dangote 3X (42.5R),4582,229.1,41058.74,9406556.82,6030706.94,1087308.6,2288541.28,24.33,678,River Barge,5,5,0,1,Delivered,None,43861.0,87.1,4.2,Cash & Carry,Pending
DCP-2024-032692,2024-01-18,2024,Q1,January,1,Gboko Plant (Benue),North Central,Abuja DC,Cross River,Wholesaler,Dangote BLC,1938,96.9,37610.38,3644445.87,2580594.92,153489.6,910361.35,24.98,176,Rail,5,5,0,1,Delivered,,36572.0,98.4,4.7,30-Day Credit,Paid
DCP-2024-032558,2024-01-19,2024,Q1,January,1,Gboko Plant (Benue),North Central,Lagos DC,Kebbi,Retailer,Dangote 3X (42.5N),428,21.4,41783.65,894170.09,528489.93,213465.0,152215.16,17.02,570,Road (Truck),10,22,12,0,Delivered,Flooding,63325.0,98.8,4.8,30-Day Credit,Paid
DCP-2024-032567,2024-01-19,2024,Q1,January,1,Ibese Plant (Ogun),Southwest,Ibadan DC,Sokoto,Retailer,Dangote BLC,400,20.0,34775.62,695512.39,430975.05,157920.0,106617.34,15.33,564,Road (Articulated),4,19,15,0,Delivered,Customs Delay,16014.0,99.2,4.5,30-Day Credit,Paid
DCP-2024-032623,2024-01-20,2024,Q1,January,1,Benue Plant (Benue),North Central,Kano DC,Abia,Wholesaler,Dangote Falcon,2434,121.7,47694.67,5804441.41,3406182.92,1241644.25,1156614.24,19.93,583,Road (Truck),13,21,8,0,Delivered,Fuel Shortage,73995.0,89.8,3.7,Letter of Credit,Paid
DCP-2024-033318,2024-01-20,2024,Q1,January,1,Benue Plant (Benue),North Central,Abuja DC,Bayelsa,Retailer,Dangote 3X (42.5R),404,20.2,42281.5,854086.34,539992.36,334764.5,-20670.52,-2.42,947,Road (Truck),8,8,0,1,Delivered,None,79927.0,88.2,4.5,Letter of Credit,Paid
DCP-2024-033398,2024-01-21,2024,Q1,January,1,Obajana Plant (Kogi),North Central,Enugu DC,Kaduna,Contractor,Dangote 3X (42.5R),8071,403.55,38279.27,15447601.08,9604053.39,6475968.63,-632420.94,-4.09,917,Road (Truck),5,17,12,0,In Transit,Fuel Shortage,29470.0,94.8,4.6,30-Day Credit,Pending
DCP-2024-033248,2024-01-22,2024,Q1,January,1,Gboko Plant (Benue),North Central,Port Harcourt DC,Kwara,Contractor,Dangote OPC (52.5R),4341,217.05,43793.31,9505336.94,6799570.82,3437529.38,-731763.26,-7.7,905,Road (Truck),13,24,11,0,In Transit,Flooding,63742.0,95.0,4.6,30-Day Credit,Paid
DCP-2024-033312,2024-01-22,2024,Q1,January,1,Benue Plant (Benue),North Central,Ibadan DC,Enugu,Retailer,Dangote BLC,97,4.85,38466.08,186560.47,107099.29,98879.38,-19418.2,-10.41,1165,Road (Truck),12,12,0,1,Delivered,None,26906.0,85.5,3.1,Cash & Carry,Pending
DCP-2024-032498,2024-01-23,2024,Q1,January,1,Gboko Plant (Benue),North Central,Abuja DC,Imo,Wholesaler,Dangote 3X (42.5R),955,47.75,42180.04,2014096.67,1402055.76,1382959.38,-770918.47,-38.28,1655,Road (Truck),8,21,13,0,Delivered,Flooding,67870.0,89.8,4.9,30-Day Credit,Pending
DCP-2024-032564,2024-01-23,2024,Q1,January,1,Benue Plant (Benue),North Central,Ibadan DC,Anambra,Retailer,Dangote 3X (42.5R),289,14.45,41139.02,594458.8,407316.74,260967.0,-73824.94,-12.42,1290,Road (Articulated),2,2,0,1,Delivered,None,53654.0,86.0,3.1,30-Day Credit,Pending
DCP-2024-033347,2024-01-23,2024,Q1,January,1,Gboko Plant (Benue),North Central,Benin DC,Sokoto,Government,Dangote 3X (42.5R),44785,2239.25,43632.58,97704245.9,57593562.7,24201814.0,15908869.2,16.28,1544,River Barge,9,9,0,1,Delivered,None,44119.0,97.5,4.0,30-Day Credit,Paid
DCP-2024-032368,2024-01-24,2024,Q1,January,1,Gboko Plant (Benue),North Central,Abuja DC,Lagos,Retailer,Dangote OPC (52.5R),400,20.0,45738.0,914760.0,539288.54,14840.0,360631.46,39.42,53,Road (Articulated),9,9,0,1,Returned,None,18169.0,86.4,3.2,Cash & Carry,Paid
DCP-2024-032717,2024-01-24,2024,Q1,January,1,Obajana Plant (Kogi),North Central,Kano DC,Delta,Retailer,Dangote BLC,332,16.6,37956.36,630075.52,347821.08,16558.5,265695.94,42.17,57,Road (Truck),3,6,3,0,Delivered,Road Damage,58103.0,92.5,4.1,60-Day Credit,Paid
DCP-2024-032721,2024-01-24,2024,Q1,January,1,Obajana Plant (Kogi),North Central,Enugu DC,Ekiti,Wholesaler,Dangote BLC,315,15.75,34559.73,544315.7,307656.32,28113.75,208545.63,38.31,102,Road (Truck),3,16,13,0,Delivered,Road Damage,6860.0,87.2,3.2,Cash & Carry,Paid
DCP-2024-032914,2024-01-24,2024,Q1,January,1,Obajana Plant (Kogi),North Central,Maiduguri DC,Osun,Contractor,Dangote OPC (52.5R),5867,293.35,47683.38,13987918.34,8253912.56,1412773.6,4321232.18,30.89,688,River Barge,1,1,0,1,Delivered,,6350.0,98.8,3.7,30-Day Credit,Pending
DCP-2024-033016,2024-01-24,2024,Q1,January,1,Obajana Plant (Kogi),North Central,Onitsha DC,Katsina,Retailer,Dangote 3X (42.5N),319,15.95,41068.74,655046.39,414633.28,287610.4,-47197.29,-7.21,1288,Road (Articulated),9,18,9,0,Delivered,Truck Breakdown,79651.0,,4.0,60-Day Credit,Paid
DCP-2024-033156,2024-01-24,2024,Q1,January,1,Dangote Cement Senegal,West Africa,Benin DC,Zamfara,Wholesaler,Dangote 3X (42.5R),2688,134.4,40194.09,5402085.09,3574392.31,1513209.6,314483.18,5.82,1251,Rail,8,17,9,0,Delayed,Strike Action,57021.0,96.3,3.1,Cash & Carry,Paid
DCP-2024-033288,2024-01-24,2024,Q1,January,1,Obajana Plant (Kogi),North Central,Benin DC,Kaduna,Wholesaler,Dangote 3X (42.5N),3175,158.75,36481.98,5791513.84,3971702.87,1151255.0,668555.97,11.54,518,Road (Articulated),8,8,0,1,Delivered,None,55703.0,90.7,4.2,60-Day Credit,Paid
DCP-2024-032656,2024-01-25,2024,Q1,January,1,Gboko Plant (Benue),North Central,Kano DC,Osun,Export,Dangote 3X (42.5N),73993,3699.65,36272.18,134194359.69,94675444.27,43456088.9,-3937173.48,-2.93,1678,River Barge,8,8,0,1,Delivered,None,81448.0,92.5,3.2,Cash & Carry,Paid
DCP-2024-032807,2024-01-25,2024,Q1,January,1,Benue Plant (Benue),North Central,Kaduna DC,Ebonyi,Contractor,Dangote 3X (42.5R),726,36.3,44145.67,1602487.73,1038806.74,403510.8,160170.19,10.0,794,Road (Articulated),9,20,11,0,In Transit,Fuel Shortage,84528.0,85.7,3.3,Cash & Carry,Paid
DCP-2024-032835,2024-01-25,2024,Q1,January,1,Obajana Plant (Kogi),North Central,Enugu DC,Cross River,Retailer,Dangote Falcon,173,8.65,48161.71,416598.8,243830.17,59944.5,112824.13,27.08,396,Road (Truck),2,2,0,1,Delivered,None,68259.0,97.7,4.3,Cash & Carry,Paid
DCP-2024-033310,2024-01-25,2024,Q1,January,1,Dangote Cement Senegal,West Africa,Kano DC,Ekiti,Export,Dangote 3X (42.5R),71481,3574.05,39749.35,142066164.12,87463136.83,41593006.88,13010020.41,9.16,665,Road (Truck),7,7,0,1,Delivered,None,72419.0,,3.8,30-Day Credit,Paid
DCP-2024-033342,2024-01-25,2024,Q1,January,1,Gboko Plant (Benue),North Central,Lagos DC,Osun,Contractor,Dangote 3X (42.5R),6482,324.1,44263.14,14345682.96,8933633.65,1945572.3,3466477.01,24.16,667,Rail,7,7,0,1,In Transit,None,39639.0,86.8,3.4,Cash & Carry,Pending
DCP-2024-032640,2024-01-27,2024,Q1,January,1,Ibese Plant (Ogun),Southwest,Kano DC,Lagos,Wholesaler,Dangote OPC (52.5R),2147,107.35,47067.57,5052704.09,3442939.25,928040.75,681724.09,13.49,494,Road (Truck),3,3,0,1,Delivered,None,16281.0,94.0,3.2,Advance Payment,Overdue
DCP-2024-033191,2024-01-27,2024,Q1,January,1,Ibese Plant (Ogun),Southwest,Kano DC,Cross River,Contractor,Dangote OPC (52.5R),5060,253.0,48453.69,12258782.54,7235541.4,571147.5,4452093.64,36.32,129,Road (Truck),4,4,0,1,Delivered,,40924.0,90.9,4.6,Advance Payment,Paid
DCP-2024-033302,2024-01-27,2024,Q1,January,1,Ibese Plant (Ogun),Southwest,Enugu DC,Ondo,Wholesaler,Dangote 3X (42.5N),2576,128.8,41898.49,5396525.4,3076894.06,3890404.0,-1570772.66,-29.11,1726,Road (Truck),7,7,0,1,Delivered,None,75702.0,97.7,4.6,30-Day Credit,Overdue
DCP-2024-032366,2024-01-28,2024,Q1,January,1,Obajana Plant (Kogi),North Central,Ibadan DC,Plateau,Wholesaler,Dangote OPC (52.5R),1667,83.35,46615.23,3885379.34,2724814.37,1572981.2,-412416.23,-10.61,1348,Road (Articulated),7,7,0,1,Delivered,None,6180.0,96.8,4.9,30-Day Credit,Pending
DCP-2024-032571,2024-01-28,2024,Q1,January,1,Ibese Plant (Ogun),Southwest,Kano DC,Ondo,Retailer,Dangote Falcon,257,12.85,52517.17,674845.57,386036.49,213001.6,75807.48,11.23,1184,Road (Articulated),7,21,14,0,Delivered,Truck Breakdown,31860.0,91.7,3.4,60-Day Credit,Pending
DCP-2024-032907,2024-01-28,2024,Q1,January,1,Ibese Plant (Ogun),Southwest,Benin DC,Delta,Wholesaler,Dangote 3X (42.5N),1879,93.95,42222.79,3966831.28,2312648.03,2265604.25,-611421.0,-15.41,1378,Road (Truck),4,4,0,1,In Transit,None,27005.0,85.1,3.2,Cash & Carry,Paid
DCP-2024-033128,2024-01-28,2024,Q1,January,1,Ibese Plant (Ogun),Southwest,Benin DC,Zamfara,Retailer,Dangote Falcon,348,17.4,52431.07,912300.7,561520.84,279061.2,71718.66,7.86,1782,Rail,2,2,0,1,Delivered,None,30352.0,99.5,3.4,Letter of Credit,Paid
DCP-2024-033134,2024-01-28,2024,Q1,January,1,Obajana Plant (Kogi),North Central,Enugu DC,Kwara,Wholesaler,Dangote BLC,1230,61.5,37094.46,2281309.59,1470558.94,122262.0,688488.65,30.18,142,Road (Articulated),6,6,0,1,Delivered,None,47622.0,87.9,4.1,60-Day Credit,Paid
DCP-2024-033183,2024-01-28,2024,Q1,January,1,Dangote Cement Senegal,West Africa,Ibadan DC,Edo,Retailer,Dangote OPC (52.5R),193,9.65,50482.5,487156.17,331444.98,128345.0,27366.19,5.62,760,Road (Truck),3,16,13,0,Delivered,Fuel Shortage,47603.0,87.8,4.3,60-Day Credit,Paid
DCP-2024-032387,2024-01-29,2024,Q1,January,1,Gboko Plant (Benue),North Central,Ibadan DC,Benue,Wholesaler,Dangote BLC,3593,179.65,39394.8,7077274.98,4352383.9,1688260.88,1036630.2,14.65,537,Road (Truck),6,21,15,0,Delivered,Fuel Shortage,34837.0,87.3,4.8,Letter of Credit,Paid
DCP-2024-032742,2024-01-29,2024,Q1,January,1,Obajana Plant (Kogi),North Central,Port Harcourt DC,Enugu,Wholesaler,Dangote 3X (42.5R),3948,197.4,40874.75,8068675.49,4515476.2,870534.0,2682665.29,33.25,252,Road (Truck),5,5,0,1,Delivered,None,33648.0,99.2,4.4,60-Day Credit,Overdue
DCP-2024-032871,2024-01-29,2024,Q1,January,1,Benue Plant (Benue),North Central,Lagos DC,Akwa Ibom,Retailer,Dangote 3X (42.5N),91,4.55,39267.41,178666.72,103220.3,68099.85,7346.57,4.11,1663,Rail,7,7,0,1,Delivered,None,11014.0,88.9,4.4,30-Day Credit,Paid
DCP-2024-033133,2024-01-29,2024,Q1,January,1,Obajana Plant (Kogi),North Central,Ibadan DC,Katsina,Retailer,Dangote 3X (42.5N),290,14.5,41312.13,599025.91,339560.88,65163.0,194302.03,32.44,321,Road (Articulated),9,9,0,1,Delivered,None,7602.0,89.1,4.9,Letter of Credit,Paid
DCP-2024-033412,2024-01-29,2024,Q1,January,1,Dangote Cement Senegal,West Africa,Lagos DC,Nassarawa,Wholesaler,Dangote OPC (52.5R),1826,91.3,51039.54,4659910.23,2788837.1,265226.5,1605846.63,34.46,166,Road (Truck),14,14,0,1,Delivered,None,5989.0,87.7,4.8,30-Day Credit,Pending
DCP-2024-032363,2024-01-30,2024,Q1,January,1,Dangote Cement Senegal,West Africa,Onitsha DC,Imo,Wholesaler,Dangote Falcon,1039,51.95,52263.03,2715064.42,1690761.27,291829.12,732474.03,26.98,321,Road (Truck),2,2,0,1,Delivered,None,77017.0,89.8,4.4,Cash & Carry,Paid
DCP-2024-032436,2024-01-30,2024,Q1,January,1,Obajana Plant (Kogi),North Central,Port Harcourt DC,Ekiti,Contractor,Dangote BLC,6297,314.85,36790.43,11583468.28,7254721.7,507223.35,3821523.23,32.99,179,Rail,10,10,0,1,Delivered,None,42181.0,85.1,4.6,60-Day Credit,Paid
DCP-2024-032594,2024-01-30,2024,Q1,January,1,Gboko Plant (Benue),North Central,Kano DC,Osun,Wholesaler,Dangote 3X (42.5N),4131,206.55,42266.92,8730232.93,5648674.79,6213540.38,-3131982.24,-35.88,1719,Road (Truck),1,1,0,1,Delivered,None,50025.0,95.7,3.4,60-Day Credit,Overdue
DCP-2024-032660,2024-01-30,2024,Q1,January,1,Gboko Plant (Benue),North Central,Lagos DC,Kogi,Retailer,Dangote OPC (52.5R),491,24.55,46064.27,1130877.9,676539.74,39095.88,415242.28,36.72,91,Road (Truck),2,2,0,1,Delivered,None,38980.0,95.6,4.3,Letter of Credit,Overdue
DCP-2024-032819,2024-01-30,2024,Q1,January,1,Ibese Plant (Ogun),Southwest,Benin DC,Abuja,Contractor,Dangote 3X (42.5R),3522,176.1,38210.71,6728906.46,4089096.32,1950747.75,689062.39,10.24,633,Road (Truck),11,23,12,0,Delivered,Fuel Shortage,12801.0,99.1,4.1,30-Day Credit,Paid
DCP-2024-033200,2024-01-30,2024,Q1,January,1,Gboko Plant (Benue),North Central,Kano DC,Kebbi,Retailer,Dangote 3X (42.5R),144,7.2,38579.89,277775.2,169123.15,59673.6,48978.45,17.63,592,Road (Articulated),4,9,5,0,Delayed,Road Damage,59903.0,88.2,4.3,Cash & Carry,Paid
DCP-2024-033290,2024-01-30,2024,Q1,January,1,Dangote Cement Senegal,West Africa,Port Harcourt DC,Anambra,Contractor,Dangote 3X (42.5R),7372,368.6,43642.9,16086771.46,9997140.53,208996.2,5880634.73,36.56,81,River Barge,10,10,0,1,Delivered,None,55750.0,98.8,4.6,30-Day Credit,Paid
DCP-2024-032466,2024-01-31,2024,Q1,January,1,Obajana Plant (Kogi),North Central,Maiduguri DC,Kaduna,Wholesaler,Dangote 3X (42.5R),1885,94.25,41836.33,3943074.29,2520772.11,659750.0,762552.18,19.34,1000,River Barge,3,3,0,1,Delivered,None,31165.0,98.8,4.1,Cash & Carry,Pending
DCP-2024-033042,2024-02-01,2024,Q1,February,2,Gboko Plant (Benue),North Central,Kaduna DC,Lagos,Government,Dangote 3X (42.5R),9399,469.95,43399.12,20395417.34,12624515.22,14285305.12,-6514403.0,-31.94,1737,Road (Truck),12,12,0,1,Delivered,,23627.0,90.5,3.5,30-Day Credit,Pending
DCP-2024-032475,2024-02-02,2024,Q1,February,2,Benue Plant (Benue),North Central,Kaduna DC,Kwara,Retailer,Dangote OPC (52.5R),117,5.85,45372.26,265427.71,151967.31,25184.25,88276.15,33.26,246,Road (Truck),9,18,9,0,Delivered,Fuel Shortage,5250.0,92.7,4.7,Cash & Carry,Pending
DCP-2024-033326,2024-02-02,2024,Q1,February,2,Gboko Plant (Benue),North Central,Port Harcourt DC,Delta,Government,Dangote OPC (52.5R),5061,253.05,45091.66,11410444.36,6718838.84,3595840.5,1095765.02,9.6,812,Road (Truck),3,14,11,0,In Transit,,5719.0,86.2,4.9,Cash & Carry,Pending
DCP-2024-033335,2024-02-02,2024,Q1,February,2,Ibese Plant (Ogun),Southwest,Maiduguri DC,Kebbi,Retailer,Dangote OPC (52.5R),216,10.8,50302.12,543262.93,346526.7,20979.0,175757.23,32.35,111,Road (Truck),4,5,1,0,In Transit,Truck Breakdown,36253.0,85.4,4.3,Advance Payment,Paid
DCP-2024-033360,2024-02-02,2024,Q1,February,2,Dangote Cement Senegal,West Africa,Ibadan DC,Kwara,Retailer,Dangote 3X (42.5N),154,7.7,38215.86,294262.16,168739.43,66943.8,58578.93,19.91,966,Rail,3,3,0,1,Delivered,None,82530.0,99.4,4.9,Advance Payment,Paid
DCP-2024-033417,2024-02-02,2024,Q1,February,2,Dangote Cement Senegal,West Africa,Ibadan DC,Kogi,Wholesaler,Dangote 3X (42.5R),2854,142.7,38643.7,5514456.36,3331910.32,135850.4,2046695.64,37.12,68,Road (Articulated),6,8,2,0,Delivered,Truck Breakdown,29506.0,93.6,3.5,60-Day Credit,Pending
DCP-2024-032479,2024-02-03,2024,Q1,February,2,Obajana Plant (Kogi),North Central,Abuja DC,Niger,Wholesaler,Dangote 3X (42.5N),1424,71.2,41466.88,2952441.52,2044666.24,1305808.0,-398032.72,-13.48,1310,Road (Articulated),10,10,0,1,Delivered,None,69947.0,91.4,3.5,Cash & Carry,Overdue
DCP-2024-032483,2024-02-03,2024,Q1,February,2,Obajana Plant (Kogi),North Central,Kaduna DC,Ogun,Contractor,Dangote OPC (52.5R),4547,227.35,47337.18,10762107.98,7164541.13,605660.4,2991906.45,27.8,296,Rail,3,3,0,1,Delivered,None,26325.0,89.1,4.1,Cash & Carry,Paid
DCP-2024-032539,2024-02-03,2024,Q1,February,2,Obajana Plant (Kogi),North Central,Onitsha DC,Edo,Contractor,Dangote 3X (42.5R),5551,277.55,43783.32,12152060.68,6841471.24,2734561.38,2576028.06,21.2,563,Road (Truck),10,12,2,0,Delayed,Customs Delay,38747.0,85.8,4.1,30-Day Credit,Paid
DCP-2024-032677,2024-02-03,2024,Q1,February,2,Obajana Plant (Kogi),North Central,Enugu DC,Akwa Ibom,Retailer,Dangote 3X (42.5N),297,14.85,41777.42,620394.72,438249.32,264240.9,-82095.5,-13.23,1271,Road (Articulated),5,11,6,0,Delivered,Fuel Shortage,44471.0,91.4,3.1,60-Day Credit,Overdue
DCP-2024-032947,2024-02-03,2024,Q1,February,2,Dangote Cement Senegal,West Africa,Abuja DC,Kogi,Retailer,Dangote 3X (42.5N),203,10.15,37676.07,382412.09,248740.18,211160.6,-77488.69,-20.26,1486,Road (Articulated),3,12,9,0,Delivered,Truck Breakdown,41096.0,92.3,3.4,60-Day Credit,Paid
DCP-2024-033009,2024-02-03,2024,Q1,February,2,Gboko Plant (Benue),North Central,Onitsha DC,Delta,Retailer,Dangote 3X (42.5N),489,24.45,41575.53,1016521.77,607913.75,422055.9,-13447.88,-1.32,1233,Road (Articulated),8,14,6,0,Delivered,Truck Breakdown,72821.0,87.5,4.1,Letter of Credit,Pending
DCP-2024-033066,2024-02-03,2024,Q1,February,2,Benue Plant (Benue),North Central,Enugu DC,Enugu,Retailer,Dangote BLC,76,3.8,39404.2,149735.97,88213.11,6327.0,55195.86,36.86,185,Rail,13,19,6,0,Delivered,Customs Delay,78248.0,85.4,3.1,Letter of Credit,Paid
DCP-2024-033276,2024-02-03,2024,Q1,February,2,Obajana Plant (Kogi),North Central,Benin DC,Katsina,Wholesaler,Dangote OPC (52.5R),3340,167.0,47567.78,7943819.5,5031029.23,3694040.0,-781249.73,-9.83,1580,Road (Articulated),2,9,7,0,Returned,Fuel Shortage,9064.0,89.0,3.7,30-Day Credit,Paid
DCP-2024-033297,2024-02-03,2024,Q1,February,2,Ibese Plant (Ogun),Southwest,Ibadan DC,Delta,Retailer,Dangote 3X (42.5R),138,6.9,37747.97,260460.97,170614.63,6085.8,83760.54,32.16,63,Road (Articulated),4,4,0,1,Delivered,None,27775.0,86.8,3.7,30-Day Credit,Overdue
DCP-2024-032419,2024-02-04,2024,Q1,February,2,Obajana Plant (Kogi),North Central,Kaduna DC,Nassarawa,Wholesaler,Dangote 3X (42.5R),462,23.1,42901.99,991035.96,684268.76,422845.5,-116078.3,-11.71,1046,Road (Truck),8,10,2,0,Delayed,Road Damage,47720.0,98.2,3.3,30-Day Credit,Paid
DCP-2024-032610,2024-02-04,2024,Q1,February,2,Ibese Plant (Ogun),Southwest,Maiduguri DC,Ebonyi,Wholesaler,Dangote 3X (42.5R),4444,222.2,43360.85,9634781.35,5877065.04,1360975.0,2396741.31,24.88,875,River Barge,6,7,1,0,Delayed,Strike Action,76315.0,85.1,4.1,30-Day Credit,Paid
DCP-2024-032986,2024-02-04,2024,Q1,February,2,Benue Plant (Benue),North Central,Abuja DC,Nassarawa,Retailer,Dangote OPC (52.5R),105,5.25,47133.04,247448.44,165490.85,33166.88,48790.71,19.72,361,Road (Truck),3,3,0,1,Delivered,None,78499.0,91.7,3.6,60-Day Credit,Paid
DCP-2024-033250,2024-02-04,2024,Q1,February,2,Gboko Plant (Benue),North Central,Kano DC,Edo,Wholesaler,Dangote 3X (42.5R),343,17.15,43037.97,738101.11,460871.4,307808.2,-30578.49,-4.14,1282,Road (Articulated),12,12,0,1,Delivered,None,72749.0,89.5,4.3,Cash & Carry,Pending
DCP-2024-032356,2024-02-05,2024,Q1,February,2,Gboko Plant (Benue),North Central,Maiduguri DC,Ondo,Retailer,Dangote 3X (42.5R),107,5.35,39933.0,213641.54,151980.61,54409.5,7251.43,3.39,1130,Rail,9,9,0,1,Delivered,None,8463.0,93.5,3.4,Letter of Credit,Pending
DCP-2024-032546,2024-02-05,2024,Q1,February,2,Benue Plant (Benue),North Central,Kano DC,Katsina,Contractor,Dangote 3X (42.5R),6982,349.1,38689.03,13506340.9,9109876.19,9848111.0,-5451646.29,-40.36,1612,Road (Truck),13,13,0,1,Delivered,None,11806.0,87.0,4.8,Cash & Carry,Overdue
DCP-2024-032676,2024-02-05,2024,Q1,February,2,Gboko Plant (Benue),North Central,Port Harcourt DC,Zamfara,Wholesaler,Dangote 3X (42.5R),3195,159.75,41914.04,6695767.54,4562938.52,910095.75,1222733.27,18.26,633,Rail,5,5,0,1,Delivered,None,9196.0,89.4,3.3,Advance Payment,Paid
DCP-2024-032761,2024-02-05,2024,Q1,February,2,Gboko Plant (Benue),North Central,Abuja DC,Anambra,Wholesaler,Dangote 3X (42.5R),4945,247.25,39405.03,9742894.52,5660055.58,1351715.75,2731123.19,28.03,781,River Barge,5,5,0,1,Delivered,None,39845.0,93.0,3.8,Cash & Carry,Paid
DCP-2024-032943,2024-02-05,2024,Q1,February,2,Dangote Cement Senegal,West Africa,Kaduna DC,Imo,Retailer,Dangote 3X (42.5R),92,4.6,40788.04,187624.98,126495.48,38092.6,23036.9,12.28,1183,River Barge,7,7,0,1,Delivered,None,40594.0,86.6,3.3,30-Day Credit,Paid
DCP-2024-033084,2024-02-05,2024,Q1,February,2,Benue Plant (Benue),North Central,Port Harcourt DC,Zamfara,Wholesaler,Dangote OPC (52.5R),652,32.6,50037.39,1631218.8,1167652.56,122771.6,340794.64,20.89,538,River Barge,12,17,5,0,Delayed,Road Damage,12880.0,94.9,3.7,Advance Payment,Overdue
DCP-2024-033203,2024-02-05,2024,Q1,February,2,Obajana Plant (Kogi),North Central,Onitsha DC,Imo,Government,Dangote 3X (42.5R),4007,200.35,42584.45,8531795.49,5270806.9,774853.62,2486134.97,29.14,221,Road (Truck),4,4,0,1,Returned,None,6924.0,85.3,3.1,Cash & Carry,Pending
DCP-2024-032357,2024-02-06,2024,Q1,February,2,Obajana Plant (Kogi),North Central,Kano DC,Ogun,Wholesaler,Dangote 3X (42.5R),1841,92.05,43249.94,3981157.28,2283693.69,681722.3,1015741.29,25.51,529,Road (Articulated),11,17,6,0,Delayed,Flooding,71592.0,95.5,4.6,60-Day Credit,Paid
DCP-2024-033330,2024-02-07,2024,Q1,February,2,Benue Plant (Benue),North Central,Enugu DC,Ebonyi,Wholesaler,Dangote 3X (42.5R),1579,78.95,38111.01,3008864.22,2155916.16,38685.5,814262.56,27.06,70,River Barge,4,4,0,1,In Transit,None,76007.0,91.3,4.3,30-Day Credit,Paid
DCP-2024-032441,2024-02-08,2024,Q1,February,2,Dangote Cement Senegal,West Africa,Ibadan DC,Ogun,Government,Dangote Falcon,25813,1290.65,51804.36,66861297.7,43605500.7,6702345.45,16553451.55,24.76,577,Rail,7,7,0,1,Delivered,None,21356.0,98.8,3.2,Cash & Carry,Paid
DCP-2024-033251,2024-02-08,2024,Q1,February,2,Benue Plant (Benue),North Central,Benin DC,Niger,Retailer,Dangote OPC (52.5R),248,12.4,49908.51,618865.53,408232.44,21873.6,188759.49,30.5,126,Road (Articulated),3,3,0,1,Delivered,None,70623.0,,,Cash & Carry,Paid
DCP-2024-032392,2024-02-09,2024,Q1,February,2,Obajana Plant (Kogi),North Central,Port Harcourt DC,Oyo,Retailer,Dangote BLC,234,11.7,40379.35,472438.44,336470.49,85176.0,50791.95,10.75,416,Road (Truck),14,21,7,0,Returned,Road Damage,74991.0,95.0,4.0,30-Day Credit,Paid
DCP-2024-032403,2024-02-09,2024,Q1,February,2,Obajana Plant (Kogi),North Central,Port Harcourt DC,Ekiti,Wholesaler,Dangote 3X (42.5N),2000,100.0,40331.3,4033129.98,2460923.76,1009750.0,562456.22,13.95,577,Road (Truck),12,12,0,1,In Transit,None,23890.0,96.2,4.1,30-Day Credit,Paid
DCP-2024-032850,2024-02-09,2024,Q1,February,2,Obajana Plant (Kogi),North Central,Kano DC,Kogi,Wholesaler,Dangote OPC (52.5R),1394,69.7,49531.06,3452314.57,1969830.06,762169.5,720315.01,20.86,1215,Rail,11,11,0,1,Delivered,None,30176.0,98.3,4.0,Cash & Carry,Overdue
DCP-2024-032915,2024-02-09,2024,Q1,February,2,Ibese Plant (Ogun),Southwest,Benin DC,Benue,Retailer,Dangote BLC,210,10.5,37739.47,396264.43,226719.89,,-154406.71,-38.97,1763,Road (Truck),8,8,0,1,Delivered,None,36816.0,85.1,4.4,30-Day Credit,Paid
DCP-2024-032961,2024-02-09,2024,Q1,February,2,Obajana Plant (Kogi),North Central,Kaduna DC,Niger,Wholesaler,Dangote BLC,1288,64.4,36921.95,2377773.66,1447776.08,481068.0,448929.58,18.88,830,Rail,10,10,0,1,In Transit,None,72141.0,85.5,4.0,Letter of Credit,Paid
DCP-2024-033015,2024-02-09,2024,Q1,February,2,Ibese Plant (Ogun),Southwest,Kaduna DC,Sokoto,Wholesaler,Dangote Falcon,2029,101.45,52834.91,5360101.37,3515480.92,85218.0,1759402.45,32.82,120,River Barge,7,7,0,1,Delivered,None,28431.0,95.2,4.3,Advance Payment,Paid
DCP-2024-032932,2024-02-10,2024,Q1,February,2,Gboko Plant (Benue),North Central,Enugu DC,Abia,Wholesaler,Dangote 3X (42.5N),1404,70.2,39117.58,2746054.06,1826847.31,285012.0,634194.75,23.09,232,Road (Truck),9,23,14,0,Delayed,Road Damage,14390.0,97.1,3.0,Cash & Carry,Paid
DCP-2024-033018,2024-02-10,2024,Q1,February,2,Obajana Plant (Kogi),North Central,Abuja DC,Kwara,Wholesaler,Dangote Falcon,1976,98.8,50082.32,4948133.29,3392796.87,1454731.2,100605.22,2.03,1636,Rail,7,7,0,1,Delivered,None,40171.0,99.3,3.9,Advance Payment,Paid
DCP-2024-032502,2024-02-11,2024,Q1,February,2,Obajana Plant (Kogi),North Central,Kano DC,Edo,Government,Dangote 3X (42.5N),37482,1874.1,40517.52,75933890.16,51896333.0,20577618.0,3459939.16,4.56,1220,Rail,2,2,0,1,Delivered,None,12180.0,86.9,4.6,30-Day Credit,Pending
DCP-2024-032688,2024-02-11,2024,Q1,February,2,Benue Plant (Benue),North Central,Benin DC,Osun,Wholesaler,Dangote 3X (42.5R),433,21.65,42288.83,915553.24,582534.76,261575.3,71443.18,7.8,863,Road (Articulated),10,11,1,0,Delayed,Road Damage,58948.0,95.8,3.8,30-Day Credit,Paid
DCP-2024-032820,2024-02-11,2024,Q1,February,2,Dangote Cement Senegal,West Africa,Port Harcourt DC,Anambra,Contractor,Dangote 3X (42.5N),9150,457.5,36264.05,16590800.91,11050935.81,826245.0,4713620.1,28.41,129,Road (Articulated),11,11,0,1,In Transit,None,45450.0,91.7,4.6,60-Day Credit,Overdue
DCP-2024-032909,2024-02-11,2024,Q1,February,2,Dangote Cement Senegal,West Africa,Lagos DC,Kwara,Wholesaler,Dangote OPC (52.5R),3300,165.0,47929.37,7908346.76,4607844.27,3632475.0,-331972.51,-4.2,1258,Road (Truck),12,12,0,1,Delivered,None,58887.0,88.7,4.8,60-Day Credit,Paid
DCP-2024-033422,2024-02-11,2024,Q1,February,2,Obajana Plant (Kogi),North Central,Abuja DC,Nassarawa,Retailer,Dangote BLC,478,23.9,35816.96,856025.25,562736.04,521641.4,-228352.19,-26.68,1559,Road (Articulated),1,16,15,0,Delivered,Truck Breakdown,48573.0,90.1,4.4,30-Day Credit,Paid
DCP-2024-033196,2024-02-13,2024,Q1,February,2,Benue Plant (Benue),North Central,Enugu DC,Niger,Retailer,Dangote 3X (42.5R),491,24.55,38340.85,941267.9,573105.18,46829.12,321333.6,34.14,109,Road (Truck),6,6,0,1,Delivered,None,73040.0,95.2,4.3,60-Day Credit,Pending
DCP-2024-032598,2024-02-14,2024,Q1,February,2,Gboko Plant (Benue),North Central,Onitsha DC,Osun,Retailer,Dangote 3X (42.5R),340,17.0,40330.85,685624.38,488483.12,381692.5,-184551.24,-26.92,1283,Road (Truck),3,18,15,0,Delayed,Truck Breakdown,19751.0,99.0,3.1,30-Day Credit,Pending
DCP-2024-032648,2024-02-14,2024,Q1,February,2,Ibese Plant (Ogun),Southwest,Ibadan DC,Kogi,Wholesaler,Dangote 3X (42.5N),4861,243.05,42164.22,10248012.48,6076630.99,3470754.0,700627.49,6.84,1020,Road (Articulated),12,12,0,1,Delivered,None,26910.0,88.4,4.3,Cash & Carry,Paid
DCP-2024-032693,2024-02-14,2024,Q1,February,2,Dangote Cement Senegal,West Africa,Enugu DC,Kebbi,Wholesaler,Dangote 3X (42.5R),2965,148.25,39210.87,5813012.03,3274442.14,3050985.0,-512415.11,-8.81,1176,Road (Truck),7,7,0,1,Delivered,None,78814.0,87.8,3.2,30-Day Credit,Overdue
DCP-2024-033272,2024-02-14,2024,Q1,February,2,Ibese Plant (Ogun),Southwest,Kano DC,Rivers,Retailer,Dangote 3X (42.5R),261,13.05,39631.23,517187.53,362541.1,302596.88,-147950.45,-28.61,1325,Road (Truck),2,16,14,0,Delivered,Fuel Shortage,26417.0,93.0,3.6,Advance Payment,Paid
DCP-2024-032381,2024-02-15,2024,Q1,February,2,Gboko Plant (Benue),North Central,Abuja DC,Bayelsa,Wholesaler,Dangote BLC,2786,139.3,39164.83,5455660.54,3698290.78,2479191.75,-721821.99,-13.23,1017,Road (Truck),1,14,13,0,Damaged in Transit,Truck Breakdown,32028.0,90.1,3.6,Cash & Carry,Paid
DCP-2024-032438,2024-02-15,2024,Q1,February,2,Gboko Plant (Benue),North Central,Kaduna DC,Enugu,Government,Dangote 3X (42.5R),24869,1243.45,38283.45,47603550.18,34161901.36,9679014.8,3762634.02,7.9,556,Road (Articulated),6,6,0,1,Delivered,,68505.0,96.3,4.5,Cash & Carry,Paid
DCP-2024-032876,2024-02-15,2024,Q1,February,2,Obajana Plant (Kogi),North Central,Ibadan DC,Anambra,Retailer,Dangote 3X (42.5N),20,1.0,41927.74,41927.74,25301.8,24255.0,-7629.06,-18.2,1386,Road (Truck),5,16,11,0,In Transit,Customs Delay,61729.0,92.3,4.1,Advance Payment,Pending
DCP-2024-032426,2024-02-16,2024,Q1,February,2,Ibese Plant (Ogun),Southwest,Port Harcourt DC,Ogun,Contractor,Dangote OPC (52.5R),2960,148.0,45896.2,6792637.33,4368237.44,225330.0,2199069.89,32.37,87,Road (Truck),1,1,0,1,Delivered,None,76779.0,97.5,4.5,30-Day Credit,Paid
DCP-2024-032675,2024-02-17,2024,Q1,February,2,Gboko Plant (Benue),North Central,Maiduguri DC,Sokoto,Retailer,Dangote 3X (42.5R),476,23.8,40570.33,965573.74,638929.92,468146.0,-141502.18,-14.65,1405,Road (Articulated),14,23,9,0,Delivered,Fuel Shortage,66233.0,98.6,3.7,Cash & Carry,Pending
DCP-2024-032737,2024-02-17,2024,Q1,February,2,Benue Plant (Benue),North Central,Kano DC,Anambra,Retailer,Dangote BLC,403,20.15,38185.72,769442.21,433368.34,272569.05,63504.82,8.25,1503,Rail,1,16,15,0,Delivered,Fuel Shortage,73804.0,93.4,4.1,Advance Payment,Paid
DCP-2024-032857,2024-02-17,2024,Q1,February,2,Benue Plant (Benue),North Central,Kaduna DC,Anambra,Export,Dangote 3X (42.5R),91059,4552.95,42220.19,192226429.83,109001463.76,133936406.62,-50711440.55,-26.38,1681,Road (Truck),11,11,0,1,Delivered,None,48256.0,92.8,4.2,Cash & Carry,Paid
DCP-2024-032901,2024-02-17,2024,Q1,February,2,Gboko Plant (Benue),North Central,Benin DC,Edo,Retailer,Dangote Falcon,428,21.4,52670.63,1127151.47,756272.66,261101.4,109777.41,9.74,1743,River Barge,10,12,2,0,Delayed,Security Incident,6008.0,99.4,3.3,Letter of Credit,Paid
DCP-2024-033384,2024-02-17,2024,Q1,February,2,Ibese Plant (Ogun),Southwest,Onitsha DC,Kebbi,Export,Dangote 3X (42.5R),20268,1013.4,41964.49,42526812.03,27328390.35,26867767.5,-11669345.82,-27.44,1515,Road (Truck),3,13,10,0,In Transit,Security Incident,72020.0,90.0,4.4,Cash & Carry,Paid
DCP-2024-033186,2024-02-18,2024,Q1,February,2,Ibese Plant (Ogun),Southwest,Enugu DC,Niger,Government,Dangote 3X (42.5N),48352,2417.6,39031.38,94362265.06,59364522.05,49754208.0,-14756464.99,-15.64,1176,Road (Truck),9,9,0,1,Delivered,None,68150.0,88.8,3.2,Cash & Carry,Paid
DCP-2024-032678,2024-02-19,2024,Q1,February,2,Gboko Plant (Benue),North Central,Benin DC,Kogi,Wholesaler,Dangote Falcon,2495,124.75,52790.4,6585602.97,3789379.51,2783484.38,12739.08,0.19,1275,Road (Truck),12,27,15,0,Delivered,Fuel Shortage,6002.0,97.4,4.8,30-Day Credit,Pending
DCP-2024-032699,2024-02-19,2024,Q1,February,2,Obajana Plant (Kogi),North Central,Onitsha DC,Kwara,Wholesaler,Dangote BLC,1791,89.55,34519.86,3091253.29,2112671.93,1935399.38,-956818.02,-30.95,1235,Road (Truck),12,12,0,1,Delivered,None,51174.0,93.0,4.7,Cash & Carry,Paid
DCP-2024-032334,2024-02-20,2024,Q1,February,2,Gboko Plant (Benue),North Central,Kano DC,Akwa Ibom,Wholesaler,Dangote 3X (42.5N),1989,99.45,38749.55,3853642.73,2774057.78,541256.62,538328.33,13.97,311,Road (Truck),5,5,0,1,In Transit,None,13512.0,94.7,3.5,Cash & Carry,Paid
DCP-2024-032635,2024-02-20,2024,Q1,February,2,Obajana Plant (Kogi),North Central,Benin DC,Niger,Government,Dangote 3X (42.5N),36653,1832.65,36184.11,66312811.27,47582704.33,43777426.88,-25047319.94,-37.77,1365,Road (Truck),1,9,8,0,Delayed,Customs Delay,78595.0,94.9,4.5,30-Day Credit,Paid
DCP-2024-032896,2024-02-20,2024,Q1,February,2,Obajana Plant (Kogi),North Central,Kaduna DC,Ekiti,Wholesaler,Dangote BLC,3299,164.95,38084.18,6281985.07,4250334.73,2223855.9,-192205.56,-3.06,963,Road (Articulated),9,9,0,1,Delivered,None,58583.0,99.9,3.9,Letter of Credit,Paid
DCP-2024-032917,2024-02-20,2024,Q1,February,2,Benue Plant (Benue),North Central,Abuja DC,Akwa Ibom,Retailer,Dangote 3X (42.5R),196,9.8,38699.35,379253.66,265737.7,170471.0,-56955.04,-15.02,994,Road (Truck),12,12,0,1,Delivered,None,49622.0,89.7,4.2,30-Day Credit,Paid
DCP-2024-032970,2024-02-20,2024,Q1,February,2,Obajana Plant (Kogi),North Central,Kaduna DC,Ogun,Government,Dangote 3X (42.5N),40289,2014.45,39392.7,79354627.48,51245074.35,50587875.62,-22478322.49,-28.33,1435,Road (Truck),11,23,12,0,Delivered,Road Damage,40008.0,97.8,3.9,60-Day Credit,Pending
DCP-2024-033243,2024-02-20,2024,Q1,February,2,Obajana Plant (Kogi),North Central,Lagos DC,Bayelsa,Retailer,Dangote 3X (42.5N),182,9.1,36636.34,333390.7,193757.39,141195.6,-1562.29,-0.47,1724,Rail,14,15,1,0,In Transit,Strike Action,29336.0,97.0,3.2,Cash & Carry,Paid
DCP-2024-032866,2024-02-21,2024,Q1,February,2,Benue Plant (Benue),North Central,Abuja DC,Anambra,Contractor,Dangote Falcon,7136,356.8,49889.86,17800701.76,11870749.88,9915472.0,-3985520.12,-22.39,1588,Road (Truck),8,8,0,1,Delivered,None,22010.0,90.7,3.7,30-Day Credit,Paid
DCP-2024-032869,2024-02-21,2024,Q1,February,2,Benue Plant (Benue),North Central,Enugu DC,Akwa Ibom,Wholesaler,Dangote 3X (42.5N),4524,226.2,40164.72,9085260.18,5966313.53,3380559.0,-261612.35,-2.88,854,Road (Truck),14,14,0,1,Delivered,None,68074.0,92.4,3.0,30-Day Credit,Overdue
DCP-2024-033263,2024-02-21,2024,Q1,February,2,Benue Plant (Benue),North Central,Maiduguri DC,Kwara,Contractor,Dangote 3X (42.5R),5574,278.7,39633.36,11045817.52,6103220.84,5072340.0,-129743.32,-1.17,1040,Road (Truck),9,9,0,1,Delivered,None,53531.0,88.7,3.7,30-Day Credit,Paid
DCP-2024-032549,2024-02-22,2024,Q1,February,2,Benue Plant (Benue),North Central,Ibadan DC,Oyo,Retailer,Dangote OPC (52.5R),439,21.95,48645.89,1067777.28,669422.12,101409.0,296946.16,27.81,264,Road (Truck),7,7,0,1,Delivered,None,37668.0,90.8,4.4,30-Day Credit,Overdue
DCP-2024-033202,2024-02-22,2024,Q1,February,2,Obajana Plant (Kogi),North Central,Lagos DC,Enugu,Contractor,Dangote 3X (42.5R),9314,465.7,42496.34,19790545.82,12763525.69,5919978.4,1107041.73,5.59,908,Road (Articulated),8,8,0,1,Delivered,None,83974.0,88.0,4.3,Cash & Carry,Paid
DCP-2024-032864,2024-02-23,2024,Q1,February,2,Obajana Plant (Kogi),North Central,Kaduna DC,Abia,Retailer,Dangote BLC,434,21.7,36615.14,794548.64,467090.33,508105.5,-180647.19,-22.74,1338,Road (Truck),4,4,0,1,In Transit,None,28633.0,,3.4,Cash & Carry,Pending
DCP-2024-033175,2024-02-23,2024,Q1,February,2,Obajana Plant (Kogi),North Central,Maiduguri DC,Kano,Contractor,Dangote OPC (52.5R),8386,419.3,46818.84,19631137.75,11735382.04,2622721.5,5273034.21,26.86,695,Rail,12,16,4,0,Delayed,Flooding,33489.0,,4.0,60-Day Credit,Pending
DCP-2024-032365,2024-02-24,2024,Q1,February,2,Ibese Plant (Ogun),Southwest,Kano DC,Edo,Government,Dangote OPC (52.5R),4846,242.3,44557.14,10796194.89,6045912.41,1404370.8,3345911.68,30.99,414,Road (Articulated),11,11,0,1,Delivered,None,66789.0,98.9,4.3,Cash & Carry,Paid
DCP-2024-032804,2024-02-24,2024,Q1,February,2,Gboko Plant (Benue),North Central,Port Harcourt DC,Kaduna,Government,Dangote 3X (42.5R),11850,592.5,41046.4,24319990.16,14723531.38,7706055.0,1890403.78,7.77,929,Road (Articulated),12,14,2,0,Delayed,Fuel Shortage,27315.0,88.5,3.6,30-Day Credit,Pending
DCP-2024-032829,2024-02-24,2024,Q1,February,2,Gboko Plant (Benue),North Central,Lagos DC,Imo,Wholesaler,Dangote 3X (42.5N),2321,116.05,37741.5,4379901.34,2662389.72,1253049.88,464461.74,10.6,617,Road (Truck),7,7,0,1,Delivered,None,72424.0,94.8,3.3,30-Day Credit,Paid
DCP-2024-033135,2024-02-24,2024,Q1,February,2,Dangote Cement Senegal,West Africa,Ibadan DC,Benue,Retailer,Dangote 3X (42.5N),209,10.45,40700.26,425317.73,269756.89,71321.25,84239.59,19.81,390,Road (Truck),11,24,13,0,Delivered,Truck Breakdown,50705.0,92.2,4.4,Letter of Credit,Paid
DCP-2024-033273,2024-02-24,2024,Q1,February,2,Dangote Cement Senegal,West Africa,Benin DC,Kwara,Wholesaler,Dangote BLC,4634,231.7,36288.78,8408110.42,5471327.33,3787136.5,-850353.41,-10.11,934,Road (Truck),14,19,5,0,In Transit,Security Incident,65079.0,93.2,3.2,Cash & Carry,Paid
DCP-2024-033368,2024-02-24,2024,Q1,February,2,Obajana Plant (Kogi),North Central,Abuja DC,Kaduna,Retailer,Dangote Falcon,11,0.55,48407.47,26624.11,17414.04,13908.13,-4698.06,-17.65,1445,Road (Truck),7,7,0,1,Delivered,None,80776.0,92.7,4.8,30-Day Credit,Paid
DCP-2024-032823,2024-02-25,2024,Q1,February,2,Ibese Plant (Ogun),Southwest,Port Harcourt DC,Cross River,Wholesaler,Dangote 3X (42.5R),1849,92.45,40524.83,3746520.23,2574651.51,1730479.1,-558610.38,-14.91,1337,Road (Articulated),2,2,0,1,Delivered,None,60963.0,92.4,4.9,60-Day Credit,Pending
DCP-2024-032938,2024-02-25,2024,Q1,February,2,Gboko Plant (Benue),North Central,Kano DC,Plateau,Government,Dangote 3X (42.5R),12372,618.6,42045.31,26009230.88,17309920.29,5127575.4,3571735.19,13.73,921,Rail,10,10,0,1,Delivered,None,30043.0,91.9,4.5,30-Day Credit,Pending
DCP-2024-033037,2024-02-25,2024,Q1,February,2,Dangote Cement Senegal,West Africa,Enugu DC,Enugu,Wholesaler,Dangote 3X (42.5R),3249,162.45,38335.39,6227583.49,3638965.13,789182.1,1799436.26,28.89,347,Road (Articulated),9,9,0,1,Delivered,None,21711.0,89.5,4.1,30-Day Credit,Paid
DCP-2024-032406,2024-02-26,2024,Q1,February,2,Gboko Plant (Benue),North Central,Kaduna DC,Anambra,Retailer,Dangote 3X (42.5R),259,12.95,42139.97,545712.6,312250.18,84304.5,149157.92,27.33,372,Road (Truck),5,5,0,1,Delivered,None,39340.0,,4.9,Advance Payment,Paid
DCP-2024-032464,2024-02-26,2024,Q1,February,2,Obajana Plant (Kogi),North Central,Maiduguri DC,Osun,Retailer,Dangote 3X (42.5R),202,10.1,37835.84,382141.99,262438.14,65175.3,54528.55,14.27,717,Rail,14,23,9,0,Delivered,Flooding,22211.0,92.5,4.2,30-Day Credit,Paid
DCP-2024-032733,2024-02-26,2024,Q1,February,2,Benue Plant (Benue),North Central,Port Harcourt DC,Sokoto,Retailer,Dangote 3X (42.5R),363,18.15,40041.71,726757.1,442416.4,422758.88,-138418.18,-19.05,1331,Road (Truck),14,29,15,0,Delivered,Fuel Shortage,59116.0,90.7,4.7,Cash & Carry,Paid
DCP-2024-032977,2024-02-26,2024,Q1,February,2,Obajana Plant (Kogi),North Central,Benin DC,Enugu,Government,Dangote Falcon,44479,2223.95,52741.87,117295287.84,73027392.83,13660612.87,30607282.14,26.09,351,Road (Truck),13,20,7,0,Delayed,Truck Breakdown,83799.0,89.9,4.4,30-Day Credit,Paid
DCP-2024-033118,2024-02-26,2024,Q1,February,2,Obajana Plant (Kogi),North Central,Kano DC,Cross River,Wholesaler,Dangote OPC (52.5R),3267,163.35,48068.34,7851963.53,4700898.1,603169.88,2547895.55,32.45,211,Road (Truck),10,10,0,1,Delivered,None,8956.0,99.2,4.2,60-Day Credit,Paid
DCP-2024-033154,2024-02-26,2024,Q1,February,2,Benue Plant (Benue),North Central,Lagos DC,Anambra,Wholesaler,Dangote OPC (52.5R),4692,234.6,47687.14,11187403.45,7866780.11,5846232.0,-2525608.66,-22.58,1424,Road (Truck),10,10,0,1,Delivered,None,53934.0,86.6,4.7,30-Day Credit,Paid
DCP-2024-033286,2024-02-26,2024,Q1,February,2,Dangote Cement Senegal,West Africa,Onitsha DC,Niger,Retailer,Dangote 3X (42.5R),185,9.25,43531.85,402669.57,232511.58,45972.5,124185.49,30.84,284,Road (Truck),3,15,12,0,Returned,Road Damage,12462.0,96.0,3.1,Cash & Carry,Paid
DCP-2024-033376,2024-02-26,2024,Q1,February,2,Gboko Plant (Benue),North Central,Benin DC,Kebbi,Retailer,Dangote Falcon,218,10.9,54474.14,593768.12,346913.99,86676.8,160177.33,26.98,1136,River Barge,6,6,0,1,In Transit,None,61502.0,94.6,4.9,30-Day Credit,Paid
DCP-2024-032375,2024-02-27,2024,Q1,February,2,Obajana Plant (Kogi),North Central,Abuja DC,Ekiti,Wholesaler,Dangote 3X (42.5R),4148,207.4,41146.35,8533752.79,5646895.69,5328106.0,-2441248.9,-28.61,1468,Road (Truck),9,13,4,0,Delayed,Truck Breakdown,50574.0,92.4,4.2,Cash & Carry,Overdue
DCP-2024-032516,2024-02-27,2024,Q1,February,2,Benue Plant (Benue),North Central,Enugu DC,Delta,Wholesaler,Dangote 3X (42.5N),3306,165.3,41642.27,6883467.36,4347500.61,2325771.0,210195.75,3.05,804,Road (Truck),7,7,0,1,Delivered,None,28768.0,95.4,4.6,60-Day Credit,Paid
DCP-2024-033006,2024-02-28,2024,Q1,February,2,Dangote Cement Senegal,West Africa,Kaduna DC,Plateau,Wholesaler,Dangote BLC,1674,83.7,38731.35,3241813.98,1809047.91,515592.0,917174.07,28.29,440,Road (Articulated),4,4,0,1,Delivered,None,74608.0,99.6,3.7,Advance Payment,Pending
DCP-2024-033403,2024-02-28,2024,Q1,February,2,Dangote Cement Senegal,West Africa,Onitsha DC,Kogi,Wholesaler,Dangote 3X (42.5R),4932,246.6,39700.26,9790085.14,6360531.86,725004.0,2704549.28,27.63,210,Road (Articulated),3,7,4,0,In Transit,,64016.0,89.3,3.4,Cash & Carry,Paid
DCP-2024-033230,2024-02-29,2024,Q1,February,2,Benue Plant (Benue),North Central,Abuja DC,Sokoto,Wholesaler,Dangote 3X (42.5R),112,5.6,40756.12,228234.3,142565.33,161504.0,-75835.03,-33.23,1648,Road (Truck),5,15,10,0,Delivered,Flooding,7382.0,96.3,4.0,30-Day Credit,Pending
DCP-2024-032386,2024-03-01,2024,Q1,March,3,Obajana Plant (Kogi),North Central,Lagos DC,Kwara,Contractor,Dangote 3X (42.5N),5952,297.6,42252.47,12574333.74,7596749.73,7650552.0,-2672967.99,-21.26,1469,Road (Truck),2,2,0,1,Returned,None,55067.0,85.5,4.1,Cash & Carry,Pending
DCP-2024-032609,2024-03-01,2024,Q1,March,3,Gboko Plant (Benue),North Central,Onitsha DC,Nassarawa,Wholesaler,Dangote BLC,126,6.3,36980.0,232974.01,151990.93,69501.6,11481.48,4.93,788,Road (Articulated),9,21,12,0,Delayed,Fuel Shortage,69305.0,89.1,3.1,30-Day Credit,Pending
DCP-2024-033364,2024-03-01,2024,Q1,March,3,Benue Plant (Benue),North Central,Kaduna DC,Enugu,Export,Dangote OPC (52.5R),61228,3061.4,50930.64,155919067.11,91779615.48,48774224.8,15365226.83,9.85,1138,Road (Articulated),5,5,0,1,Delivered,None,39435.0,91.1,3.8,Cash & Carry,Paid
DCP-2024-032425,2024-03-02,2024,Q1,March,3,Obajana Plant (Kogi),North Central,Port Harcourt DC,Abuja,Wholesaler,Dangote Falcon,536,26.8,50930.14,1364927.79,801474.63,86765.0,476688.16,34.92,185,Road (Truck),6,6,0,1,Returned,None,13439.0,94.4,,Cash & Carry,Paid
DCP-2024-033421,2024-03-02,2024,Q1,March,3,Gboko Plant (Benue),North Central,Abuja DC,Lagos,Contractor,Dangote 3X (42.5R),9770,488.5,39375.58,19234970.48,11962453.69,4556483.75,2716033.04,14.12,533,Road (Truck),14,14,0,1,Delivered,None,48437.0,,3.2,60-Day Credit,Pending
DCP-2024-032411,2024-03-03,2024,Q1,March,3,Benue Plant (Benue),North Central,Port Harcourt DC,Kebbi,Wholesaler,Dangote 3X (42.5N),3312,165.6,36522.52,6048128.72,3740715.8,1694584.8,612828.12,10.13,1137,Rail,9,9,0,1,Delivered,None,67307.0,87.7,4.9,Cash & Carry,Paid
DCP-2024-033081,2024-03-03,2024,Q1,March,3,Obajana Plant (Kogi),North Central,Maiduguri DC,Edo,Contractor,Dangote 3X (42.5N),274,13.7,36900.41,505535.66,338828.96,31647.0,135059.7,26.72,330,River Barge,13,21,8,0,Delivered,Security Incident,38472.0,95.6,3.9,30-Day Credit,Paid
DCP-2024-033369,2024-03-03,2024,Q1,March,3,Obajana Plant (Kogi),North Central,Lagos DC,Kogi,Wholesaler,Dangote 3X (42.5R),2887,144.35,41486.18,5988529.56,3406345.33,2586752.0,-4567.77,-0.08,1024,Road (Truck),3,3,0,1,Delivered,None,82867.0,92.5,3.2,60-Day Credit,Pending
DCP-2024-032355,2024-03-04,2024,Q1,March,3,Benue Plant (Benue),North Central,Lagos DC,Anambra,Wholesaler,Dangote 3X (42.5N),2419,120.95,38207.65,4621215.37,3084560.85,1830880.62,-294226.1,-6.37,865,Road (Truck),7,7,0,1,Delivered,None,17615.0,92.5,4.1,60-Day Credit,Paid
DCP-2024-032694,2024-03-04,2024,Q1,March,3,Obajana Plant (Kogi),North Central,Abuja DC,Edo,Retailer,Dangote BLC,422,21.1,40333.84,851044.03,558990.16,159516.0,132537.87,15.57,432,Road (Truck),5,17,12,0,Delayed,Road Damage,25384.0,97.9,3.1,60-Day Credit,Paid
DCP-2024-032712,2024-03-04,2024,Q1,March,3,Benue Plant (Benue),North Central,Lagos DC,Oyo,Retailer,Dangote 3X (42.5R),229,11.45,38428.7,440008.57,305763.02,139861.75,-5616.2,-1.28,1745,River Barge,14,28,14,0,Delivered,Truck Breakdown,26656.0,85.9,3.8,Cash & Carry,Paid
DCP-2024-032824,2024-03-04,2024,Q1,March,3,Ibese Plant (Ogun),Southwest,Enugu DC,Cross River,Retailer,Dangote Falcon,388,19.4,47543.48,922343.47,525664.53,88949.0,307729.94,33.36,262,Road (Truck),1,10,9,0,Delivered,Security Incident,63468.0,92.6,4.2,Cash & Carry,Paid
DCP-2024-032878,2024-03-04,2024,Q1,March,3,Dangote Cement Senegal,West Africa,Maiduguri DC,Niger,Wholesaler,Dangote OPC (52.5R),713,35.65,49124.26,1751279.85,1199367.32,308336.85,243575.68,13.91,961,Rail,3,9,6,0,Delayed,Flooding,37148.0,88.4,3.4,30-Day Credit,Paid
DCP-2024-032456,2024-03-05,2024,Q1,March,3,Gboko Plant (Benue),North Central,Maiduguri DC,Edo,Contractor,Dangote OPC (52.5R),550,27.5,44903.87,1234856.35,805588.17,443712.5,-14444.32,-1.17,922,Road (Truck),9,14,5,0,Delayed,Fuel Shortage,60892.0,99.8,4.9,60-Day Credit,Paid
DCP-2024-032566,2024-03-05,2024,Q1,March,3,Obajana Plant (Kogi),North Central,Maiduguri DC,Enugu,Government,Dangote 3X (42.5N),47551,2377.55,39815.44,94663191.22,52084520.81,6804548.1,35774122.31,37.79,318,Rail,3,3,0,1,Delivered,None,80257.0,95.5,4.6,Cash & Carry,Overdue
DCP-2024-032837,2024-03-05,2024,Q1,March,3,Benue Plant (Benue),North Central,Abuja DC,Delta,Retailer,Dangote OPC (52.5R),471,23.55,50529.28,1189964.56,811176.94,653630.25,-274842.63,-23.1,1586,Road (Truck),5,5,0,1,Delivered,None,49828.0,87.1,3.8,Cash & Carry,Paid
DCP-2024-033022,2024-03-05,2024,Q1,March,3,Benue Plant (Benue),North Central,Onitsha DC,Anambra,Wholesaler,Dangote OPC (52.5R),1290,64.5,48330.49,3117316.78,1838369.11,1372560.0,-93612.33,-3.0,1520,Road (Articulated),11,21,10,0,In Transit,Road Damage,62931.0,93.7,3.8,30-Day Credit,Pending
DCP-2024-032434,2024-03-06,2024,Q1,March,3,Ibese Plant (Ogun),Southwest,Abuja DC,Nassarawa,Contractor,Dangote OPC (52.5R),3883,194.15,46028.07,8936350.52,5034606.94,5918662.75,-2016919.17,-22.57,1742,Road (Truck),14,14,0,1,Delivered,None,82726.0,89.3,4.5,30-Day Credit,Paid
DCP-2024-033205,2024-03-06,2024,Q1,March,3,Benue Plant (Benue),North Central,Maiduguri DC,Rivers,Wholesaler,Dangote 3X (42.5R),3788,189.4,41115.2,7787218.84,4317458.98,727864.2,2741895.66,35.21,427,Rail,12,12,0,1,Delivered,None,44138.0,86.2,4.8,Cash & Carry,Paid
DCP-2024-032485,2024-03-07,2024,Q1,March,3,Benue Plant (Benue),North Central,Kaduna DC,Anambra,Wholesaler,Dangote 3X (42.5R),3348,167.4,42745.68,7155626.31,4192950.09,3752689.5,-790013.28,-11.04,1281,Road (Truck),5,5,0,1,In Transit,None,55998.0,87.2,3.7,30-Day Credit,Paid
DCP-2024-032530,2024-03-07,2024,Q1,March,3,Dangote Cement Senegal,West Africa,Ibadan DC,Abuja,Wholesaler,Dangote OPC (52.5R),1601,80.05,45190.28,3617481.76,2550973.37,798498.75,268009.64,7.41,570,Road (Truck),2,8,6,0,Delayed,Strike Action,15612.0,85.6,3.5,Cash & Carry,Overdue
DCP-2024-032583,2024-03-08,2024,Q1,March,3,Obajana Plant (Kogi),North Central,Benin DC,Oyo,Retailer,Dangote 3X (42.5N),59,2.95,37748.48,111358.02,77094.49,72688.0,-38424.47,-34.51,1408,Road (Truck),3,3,0,1,Delivered,None,80365.0,95.0,4.0,60-Day Credit,Paid
DCP-2024-033220,2024-03-08,2024,Q1,March,3,Gboko Plant (Benue),North Central,Onitsha DC,Abia,Wholesaler,Dangote 3X (42.5R),3734,186.7,40563.54,7573213.58,4445483.9,4374847.75,-1247118.07,-16.47,1339,Road (Truck),8,8,0,1,Delivered,None,61684.0,96.5,3.9,Cash & Carry,Pending
DCP-2024-033359,2024-03-08,2024,Q1,March,3,Obajana Plant (Kogi),North Central,Ibadan DC,Niger,Wholesaler,Dangote Falcon,1412,70.6,48526.79,3425991.47,1982455.58,243146.4,1200389.49,35.04,492,River Barge,1,1,0,1,Delivered,None,48926.0,90.8,4.9,30-Day Credit,Paid
DCP-2024-033108,2024-03-09,2024,Q1,March,3,Obajana Plant (Kogi),North Central,Maiduguri DC,Katsina,Retailer,Dangote BLC,184,9.2,35688.89,328337.76,200620.37,23432.4,104284.99,31.76,283,Rail,8,21,13,0,Delivered,Strike Action,6029.0,96.1,3.3,30-Day Credit,Paid
DCP-2024-032453,2024-03-10,2024,Q1,March,3,Gboko Plant (Benue),North Central,Benin DC,Kebbi,Export,Dangote BLC,79793,3989.65,39795.13,158768637.97,94006549.92,59784905.25,4977182.8,3.13,1665,Rail,13,18,5,0,Delayed,Truck Breakdown,18507.0,96.8,3.5,Letter of Credit,Paid
DCP-2024-032722,2024-03-11,2024,Q1,March,3,Gboko Plant (Benue),North Central,Abuja DC,Edo,Retailer,Dangote 3X (42.5R),344,17.2,40708.48,700185.94,446054.9,145082.0,109049.04,15.57,482,Road (Truck),11,19,8,0,Delivered,Fuel Shortage,8158.0,95.5,3.5,30-Day Credit,Paid
DCP-2024-032798,2024-03-11,2024,Q1,March,3,Benue Plant (Benue),North Central,Onitsha DC,Kebbi,Wholesaler,Dangote 3X (42.5R),3251,162.55,42283.35,6873159.0,4163418.1,3845933.0,-1136192.1,-16.53,1352,Road (Truck),4,4,0,1,Delivered,None,63088.0,99.3,,30-Day Credit,Paid
DCP-2024-033076,2024-03-11,2024,Q1,March,3,Ibese Plant (Ogun),Southwest,Port Harcourt DC,Edo,Contractor,Dangote OPC (52.5R),8022,401.1,47728.6,19143942.28,13542043.44,2319160.2,3282738.64,17.15,413,Road (Articulated),12,12,0,1,Delivered,None,38212.0,94.8,3.7,Letter of Credit,Paid
DCP-2024-032861,2024-03-12,2024,Q1,March,3,Obajana Plant (Kogi),North Central,Maiduguri DC,Nassarawa,Wholesaler,Dangote 3X (42.5R),3092,154.6,41673.0,6442645.1,3743422.29,3049098.5,-349875.69,-5.43,1127,Road (Truck),14,14,0,1,Delivered,None,60749.0,97.8,4.9,30-Day Credit,Overdue
DCP-2024-032945,2024-03-12,2024,Q1,March,3,Benue Plant (Benue),North Central,Enugu DC,Ekiti,Wholesaler,Dangote 3X (42.5R),3835,191.75,37781.22,7244548.08,4637376.99,2979795.0,-372623.91,-5.14,888,Road (Truck),14,20,6,0,Delayed,Strike Action,34294.0,88.8,3.6,30-Day Credit,Pending
DCP-2024-033072,2024-03-12,2024,Q1,March,3,Gboko Plant (Benue),North Central,Benin DC,Ebonyi,Wholesaler,Dangote OPC (52.5R),4889,244.45,44699.08,10926690.99,7145458.28,2676238.6,1104994.11,10.11,782,Road (Articulated),4,4,0,1,Delivered,None,34371.0,99.1,3.1,Cash & Carry,Paid
DCP-2024-033161,2024-03-12,2024,Q1,March,3,Dangote Cement Senegal,West Africa,Ibadan DC,Anambra,Wholesaler,Dangote 3X (42.5N),4485,224.25,36630.02,8214281.22,5697371.51,2935432.5,-418522.79,-5.1,935,Road (Articulated),5,15,10,0,In Transit,Flooding,58659.0,92.9,3.5,Cash & Carry,Pending
DCP-2024-032620,2024-03-13,2024,Q1,March,3,Dangote Cement Senegal,West Africa,Ibadan DC,Kano,Contractor,Dangote 3X (42.5R),6984,349.2,43702.25,15260826.07,10246423.06,8007854.4,-2993451.39,-19.62,1638,Road (Articulated),8,8,0,1,Delivered,None,74304.0,88.0,3.4,Cash & Carry,Paid
DCP-2024-033397,2024-03-13,2024,Q1,March,3,Ibese Plant (Ogun),Southwest,Lagos DC,Ondo,Wholesaler,Dangote 3X (42.5N),1965,98.25,41419.39,4069454.64,2780033.0,177095.62,1112326.02,27.33,103,Road (Truck),7,18,11,0,Delayed,Strike Action,32492.0,88.2,3.7,Advance Payment,Overdue
DCP-2024-032341,2024-03-14,2024,Q1,March,3,Benue Plant (Benue),North Central,Enugu DC,Kebbi,Retailer,Dangote Falcon,295,14.75,51373.67,757761.61,491254.33,187656.88,78850.4,10.41,727,Road (Truck),10,10,0,1,Delivered,None,31539.0,92.8,3.4,Advance Payment,Paid
DCP-2024-032617,2024-03-14,2024,Q1,March,3,Benue Plant (Benue),North Central,Onitsha DC,Katsina,Wholesaler,Dangote 3X (42.5R),1906,95.3,40950.65,3902597.11,2777860.62,370907.6,753828.89,19.32,278,Road (Articulated),11,14,3,0,In Transit,Security Incident,23184.0,85.3,4.1,60-Day Credit,Pending
DCP-2024-032817,2024-03-14,2024,Q1,March,3,Gboko Plant (Benue),North Central,Kaduna DC,Kebbi,Wholesaler,Dangote 3X (42.5R),2828,141.4,42623.51,6026964.68,4060214.11,3548433.0,-1581682.43,-26.24,1434,Road (Truck),6,8,2,0,Damaged in Transit,,44971.0,90.7,4.8,Cash & Carry,Overdue
DCP-2024-032828,2024-03-15,2024,Q1,March,3,Ibese Plant (Ogun),Southwest,Ibadan DC,Zamfara,Retailer,Dangote 3X (42.5R),28,1.4,40761.45,57066.04,36633.54,11524.8,8907.7,15.61,1176,River Barge,14,14,0,1,Delivered,None,56796.0,94.1,3.2,Letter of Credit,Paid
DCP-2024-033057,2024-03-15,2024,Q1,March,3,Obajana Plant (Kogi),North Central,Kano DC,Osun,Government,Dangote 3X (42.5R),28969,1448.45,43744.56,63361806.71,43047108.65,27923219.1,-7608521.04,-12.01,1377,Road (Articulated),7,7,0,1,In Transit,None,65780.0,93.6,3.4,60-Day Credit,Paid
DCP-2024-032619,2024-03-16,2024,Q1,March,3,Ibese Plant (Ogun),Southwest,Onitsha DC,Ekiti,Retailer,Dangote 3X (42.5N),283,14.15,41967.58,593841.25,334707.45,125567.1,133566.7,22.49,986,Rail,10,21,11,0,Delivered,Strike Action,73524.0,85.4,3.5,Letter of Credit,Paid
DCP-2024-032990,2024-03-16,2024,Q1,March,3,Gboko Plant (Benue),North Central,Onitsha DC,Kebbi,Government,Dangote 3X (42.5R),29696,1484.8,40842.29,60642630.36,43573612.1,27257216.0,-10188197.74,-16.8,1049,Road (Truck),7,8,1,0,Returned,Flooding,69462.0,96.6,4.3,Cash & Carry,Paid
DCP-2024-033074,2024-03-16,2024,Q1,March,3,Gboko Plant (Benue),North Central,Benin DC,Rivers,Government,Dangote OPC (52.5R),44489,2224.45,50224.24,111721300.75,64597944.19,13640327.4,33483029.16,29.97,438,Road (Articulated),2,3,1,0,Delayed,Fuel Shortage,9120.0,95.7,4.2,60-Day Credit,Paid
DCP-2024-033164,2024-03-16,2024,Q1,March,3,Dangote Cement Senegal,West Africa,Ibadan DC,Enugu,Contractor,Dangote Falcon,4715,235.75,50715.17,11956101.9,8507936.06,6860914.38,-3412748.54,-28.54,1663,Road (Truck),5,5,0,1,Delivered,None,36184.0,93.8,4.1,Advance Payment,Paid
DCP-2024-033305,2024-03-16,2024,Q1,March,3,Obajana Plant (Kogi),North Central,Maiduguri DC,Abia,Retailer,Dangote 3X (42.5R),67,3.35,40184.98,134619.69,92637.2,,15296.39,11.36,569,Road (Articulated),2,2,0,1,Delivered,None,10534.0,98.6,4.6,60-Day Credit,Overdue
DCP-2024-032427,2024-03-17,2024,Q1,March,3,Benue Plant (Benue),North Central,Benin DC,Ekiti,Wholesaler,Dangote 3X (42.5N),2146,107.3,40624.75,4359036.1,3101878.57,1333202.5,-76044.97,-1.74,710,Road (Truck),9,21,12,0,Delayed,Truck Breakdown,29820.0,93.4,4.8,30-Day Credit,Paid
DCP-2024-032495,2024-03-17,2024,Q1,March,3,Dangote Cement Senegal,West Africa,Onitsha DC,Cross River,Contractor,Dangote BLC,6857,342.85,37432.55,12833749.06,8211438.91,1499968.75,3122341.4,24.33,250,Road (Truck),11,24,13,0,Delayed,Fuel Shortage,62903.0,93.0,3.6,Cash & Carry,Paid
DCP-2024-033294,2024-03-17,2024,Q1,March,3,Gboko Plant (Benue),North Central,Abuja DC,Ondo,Contractor,Dangote 3X (42.5R),8079,403.95,38495.71,15550341.68,9476127.68,3371972.62,2702241.38,17.38,477,Road (Truck),7,18,11,0,Delivered,Road Damage,23151.0,92.7,4.3,Cash & Carry,Paid
DCP-2024-033430,2024-03-18,2024,Q1,March,3,Benue Plant (Benue),North Central,Port Harcourt DC,Kaduna,Contractor,Dangote 3X (42.5R),583,29.15,40580.79,1182930.08,812676.89,,249572.19,21.1,460,Rail,5,5,0,1,Delivered,None,74937.0,99.0,3.6,30-Day Credit,Paid
DCP-2024-032602,2024-03-19,2024,Q1,March,3,Gboko Plant (Benue),North Central,Kano DC,Nassarawa,Wholesaler,Dangote 3X (42.5R),3295,164.75,38087.29,6274881.59,3852856.48,1072522.5,1349502.61,21.51,372,Road (Truck),9,9,0,1,In Transit,None,80671.0,92.0,4.6,60-Day Credit,Pending
DCP-2024-032679,2024-03-19,2024,Q1,March,3,Obajana Plant (Kogi),North Central,Benin DC,Abuja,Government,Dangote 3X (42.5R),43755,2187.75,41366.63,90499843.25,63786486.42,44717610.0,-18004253.17,-19.89,1168,Road (Truck),4,11,7,0,In Transit,Truck Breakdown,71145.0,97.6,4.4,Cash & Carry,Paid
DCP-2024-032601,2024-03-20,2024,Q1,March,3,Ibese Plant (Ogun),Southwest,Maiduguri DC,Ekiti,Retailer,Dangote 3X (42.5R),337,16.85,38082.68,641693.2,360104.11,223869.1,57719.99,8.99,949,Road (Articulated),10,11,1,0,Delivered,Strike Action,24202.0,93.9,4.5,60-Day Credit,Paid
DCP-2024-032697,2024-03-20,2024,Q1,March,3,Obajana Plant (Kogi),North Central,Enugu DC,Kaduna,Wholesaler,Dangote 3X (42.5N),1929,96.45,39732.06,3832157.05,2351363.58,729162.0,751631.47,19.61,432,Road (Truck),1,1,0,1,Delivered,None,75790.0,97.6,4.5,Cash & Carry,Paid
DCP-2024-032780,2024-03-20,2024,Q1,March,3,Gboko Plant (Benue),North Central,Ibadan DC,Akwa Ibom,Wholesaler,Dangote OPC (52.5R),2763,138.15,46883.63,6476972.89,4131640.72,473854.5,1871477.67,28.89,490,River Barge,4,8,4,0,Delayed,Road Damage,70310.0,97.0,3.8,30-Day Credit,Paid
DCP-2024-033414,2024-03-20,2024,Q1,March,3,Ibese Plant (Ogun),Southwest,Maiduguri DC,Edo,Retailer,Dangote BLC,237,11.85,36084.29,427598.8,305676.46,283896.38,-161974.04,-37.88,1369,Road (Truck),2,5,3,0,Delivered,Security Incident,38638.0,95.3,3.0,Letter of Credit,Paid
DCP-2024-032547,2024-03-21,2024,Q1,March,3,Benue Plant (Benue),North Central,Abuja DC,Kebbi,Retailer,Dangote OPC (52.5R),212,10.6,50707.7,537501.59,329979.61,118905.5,88616.48,16.49,641,Road (Truck),13,17,4,0,Delivered,Truck Breakdown,13752.0,95.0,4.5,30-Day Credit,Paid
DCP-2024-032908,2024-03-21,2024,Q1,March,3,Dangote Cement Senegal,West Africa,Kano DC,Plateau,Retailer,Dangote BLC,93,4.65,36728.14,170785.83,95447.81,15754.2,59583.82,34.89,242,Road (Articulated),4,4,0,1,In Transit,None,25118.0,92.6,4.0,Cash & Carry,Paid
DCP-2024-033004,2024-03-21,2024,Q1,March,3,Obajana Plant (Kogi),North Central,Enugu DC,Oyo,Contractor,Dangote 3X (42.5R),962,48.1,41645.98,2003171.45,1307328.41,176190.3,519652.74,25.94,407,Rail,10,10,0,1,Damaged in Transit,None,70172.0,92.8,4.9,Cash & Carry,Paid
DCP-2024-033031,2024-03-21,2024,Q1,March,3,Benue Plant (Benue),North Central,Kaduna DC,Ekiti,Wholesaler,Dangote BLC,2377,118.85,38769.19,4607717.88,2610415.8,1662236.1,335065.98,7.27,999,Road (Articulated),11,11,0,1,Delivered,None,59186.0,85.6,4.2,Advance Payment,Paid
DCP-2024-033048,2024-03-21,2024,Q1,March,3,Obajana Plant (Kogi),North Central,Abuja DC,Niger,Wholesaler,Dangote Falcon,4853,242.65,48217.36,11699943.21,7296951.4,4351685.1,51306.71,0.44,1281,Road (Articulated),7,7,0,1,Delivered,None,8155.0,87.9,4.2,30-Day Credit,Paid
DCP-2024-032957,2024-03-22,2024,Q1,March,3,Benue Plant (Benue),North Central,Lagos DC,Imo,Government,Dangote OPC (52.5R),45979,2298.95,45164.59,103831129.3,59753925.95,38702823.25,5374380.1,5.18,962,Road (Truck),2,2,0,1,In Transit,None,84974.0,90.3,3.4,60-Day Credit,Paid
DCP-2024-032606,2024-03-23,2024,Q1,March,3,Ibese Plant (Ogun),Southwest,Onitsha DC,Ebonyi,Wholesaler,Dangote 3X (42.5R),1047,52.35,42172.45,2207727.6,1334951.17,1268833.12,-396056.69,-17.94,1385,Road (Truck),3,5,2,0,Delivered,Fuel Shortage,43425.0,92.1,3.1,Cash & Carry,Paid
DCP-2024-032969,2024-03-23,2024,Q1,March,3,Dangote Cement Senegal,West Africa,Kano DC,Kogi,Contractor,Dangote 3X (42.5N),2240,112.0,40960.46,4587571.73,2539433.9,2072896.0,-24758.17,-0.54,1322,Road (Articulated),3,17,14,0,In Transit,Truck Breakdown,55493.0,88.1,4.1,Cash & Carry,Pending
DCP-2024-033256,2024-03-23,2024,Q1,March,3,Dangote Cement Senegal,West Africa,Abuja DC,Kwara,Wholesaler,Dangote 3X (42.5N),3937,196.85,41331.46,8136097.88,5093041.82,1934641.8,1108414.26,13.62,702,Road (Articulated),14,18,4,0,Delivered,,35124.0,99.6,3.4,Cash & Carry,Paid
DCP-2024-033411,2024-03-23,2024,Q1,March,3,Benue Plant (Benue),North Central,Ibadan DC,Kwara,Wholesaler,Dangote OPC (52.5R),4277,213.85,46721.02,9991290.85,5854326.1,5023764.2,-886799.45,-8.88,1678,Road (Articulated),9,21,12,0,Delayed,Customs Delay,26248.0,95.5,4.8,60-Day Credit,Paid
DCP-2024-033413,2024-03-23,2024,Q1,March,3,Benue Plant (Benue),North Central,Abuja DC,Katsina,Retailer,Dangote BLC,197,9.85,34927.8,344038.8,243462.35,238222.25,-137645.8,-40.01,1382,Road (Truck),12,12,0,1,Delivered,None,41124.0,85.8,3.1,Cash & Carry,Pending
DCP-2024-032408,2024-03-24,2024,Q1,March,3,Dangote Cement Senegal,West Africa,Onitsha DC,Lagos,Retailer,Dangote Falcon,232,11.6,54539.58,632659.07,443775.26,157852.8,31031.01,4.9,1512,Rail,10,11,1,0,Delivered,Customs Delay,54999.0,89.7,4.4,Cash & Carry,Pending
DCP-2024-032559,2024-03-24,2024,Q1,March,3,Gboko Plant (Benue),North Central,Kano DC,Ebonyi,Retailer,Dangote 3X (42.5N),209,10.45,39096.02,408553.43,250139.38,137522.0,20892.05,5.11,940,Road (Articulated),5,5,0,1,Delivered,None,19033.0,92.4,3.0,30-Day Credit,Paid
DCP-2024-032575,2024-03-24,2024,Q1,March,3,Ibese Plant (Ogun),Southwest,Abuja DC,Ebonyi,Contractor,Dangote Falcon,2824,141.2,54325.47,7670756.79,4262665.51,1667925.0,1740166.28,22.69,675,Road (Truck),3,3,0,1,Delayed,None,15629.0,98.9,3.1,Cash & Carry,Pending
DCP-2024-032689,2024-03-24,2024,Q1,March,3,Ibese Plant (Ogun),Southwest,Kano DC,Ebonyi,Contractor,Dangote 3X (42.5R),9099,454.95,38133.02,17348619.55,9623066.6,2030214.38,5695338.57,32.83,255,Road (Truck),1,7,6,0,Delivered,Fuel Shortage,50669.0,90.7,3.5,30-Day Credit,Paid
DCP-2024-032710,2024-03-24,2024,Q1,March,3,Dangote Cement Senegal,West Africa,Ibadan DC,Lagos,Government,Dangote 3X (42.5N),18454,922.7,42038.5,38788928.09,23981053.32,25302740.75,-10494865.98,-27.06,1567,Road (Truck),5,10,5,0,Delivered,Security Incident,36445.0,,4.2,Cash & Carry,Paid
DCP-2024-032765,2024-03-24,2024,Q1,March,3,Gboko Plant (Benue),North Central,Abuja DC,Benue,Wholesaler,Dangote OPC (52.5R),2400,120.0,50618.99,6074278.64,4078218.49,1667400.0,328660.15,5.41,794,Road (Truck),7,11,4,0,In Transit,Security Incident,11360.0,92.5,4.7,Cash & Carry,Overdue
DCP-2024-032887,2024-03-24,2024,Q1,March,3,Dangote Cement Senegal,West Africa,Port Harcourt DC,Nassarawa,Retailer,Dangote Falcon,286,14.3,52050.02,744315.24,431131.07,18790.2,294393.97,39.55,146,Rail,4,5,1,0,Delivered,Flooding,27520.0,96.8,4.7,30-Day Credit,Pending
DCP-2024-033194,2024-03-24,2024,Q1,March,3,Gboko Plant (Benue),North Central,Kano DC,Zamfara,Export,Dangote 3X (42.5N),61100,3055.0,37886.24,115742461.23,68386953.1,31799495.0,15556013.13,13.44,1487,River Barge,5,5,0,1,Delivered,None,55842.0,97.2,3.9,Cash & Carry,Paid
DCP-2024-033061,2024-03-25,2024,Q1,March,3,Benue Plant (Benue),North Central,Maiduguri DC,Ekiti,Retailer,Dangote Falcon,117,5.85,47244.71,276381.52,180814.26,89987.62,5579.64,2.02,879,Road (Truck),8,23,15,0,Delivered,Customs Delay,68136.0,92.3,3.1,60-Day Credit,Paid
DCP-2024-032956,2024-03-26,2024,Q1,March,3,Ibese Plant (Ogun),Southwest,Benin DC,Plateau,Wholesaler,Dangote 3X (42.5R),1844,92.2,40828.74,3764409.59,2159114.77,1001983.5,603311.32,16.03,621,Road (Truck),3,3,0,1,Delivered,None,73624.0,87.4,3.8,Advance Payment,Paid
DCP-2024-032342,2024-03-27,2024,Q1,March,3,Gboko Plant (Benue),North Central,Onitsha DC,Kano,Wholesaler,Dangote 3X (42.5N),1238,61.9,40942.85,2534362.45,1719871.51,1189408.5,-374917.56,-14.79,1098,Road (Truck),1,2,1,0,In Transit,Fuel Shortage,74824.0,95.8,4.5,30-Day Credit,Paid
DCP-2024-033102,2024-03-27,2024,Q1,March,3,Benue Plant (Benue),North Central,Benin DC,Enugu,Wholesaler,Dangote BLC,2740,137.0,38789.1,5314106.91,3478208.95,764802.5,1071095.46,20.16,319,Road (Truck),10,12,2,0,In Transit,Road Damage,49018.0,85.4,4.4,Cash & Carry,Paid
DCP-2024-032362,2024-03-28,2024,Q1,March,3,Benue Plant (Benue),North Central,Abuja DC,Enugu,Contractor,Dangote 3X (42.5N),2921,146.05,41732.43,6095020.92,4351877.71,347599.0,1395544.21,22.9,340,River Barge,5,16,11,0,Delivered,Customs Delay,79081.0,96.9,3.8,60-Day Credit,Paid
DCP-2024-032691,2024-03-28,2024,Q1,March,3,Ibese Plant (Ogun),Southwest,Maiduguri DC,Akwa Ibom,Wholesaler,Dangote 3X (42.5R),3159,157.95,43735.41,6908007.81,4916546.56,3460684.5,-1469223.25,-21.27,1252,Road (Truck),7,7,0,1,Delivered,None,15769.0,86.5,3.7,Letter of Credit,Pending
DCP-2024-032631,2024-03-29,2024,Q1,March,3,Ibese Plant (Ogun),Southwest,Port Harcourt DC,Delta,Contractor,Dangote 3X (42.5N),9302,465.1,36635.32,17039087.9,10820155.04,12982103.75,-6763170.89,-39.69,1595,Road (Truck),11,11,0,1,Delivered,None,54769.0,86.1,4.0,30-Day Credit,Pending
DCP-2024-033001,2024-03-29,2024,Q1,March,3,Obajana Plant (Kogi),North Central,Onitsha DC,Nassarawa,Retailer,Dangote Falcon,300,15.0,47340.62,710109.27,393568.68,88290.0,228250.59,32.14,654,Rail,5,8,3,0,Damaged in Transit,Road Damage,26322.0,97.0,4.1,30-Day Credit,Paid
DCP-2024-032751,2024-03-30,2024,Q1,March,3,Ibese Plant (Ogun),Southwest,Onitsha DC,Imo,Retailer,Dangote 3X (42.5N),488,24.4,40412.34,986061.08,574032.49,198555.0,213473.59,21.65,465,Road (Truck),5,12,7,0,Delayed,Truck Breakdown,9107.0,85.0,3.8,60-Day Credit,Paid
DCP-2024-033258,2024-03-30,2024,Q1,March,3,Obajana Plant (Kogi),North Central,Enugu DC,Nassarawa,Wholesaler,Dangote BLC,4073,203.65,35324.83,7193901.48,4999522.34,1589080.95,605298.19,8.41,867,Rail,2,8,6,0,Delayed,Road Damage,33421.0,93.5,,Cash & Carry,Paid
DCP-2024-033389,2024-03-30,2024,Q1,March,3,Dangote Cement Senegal,West Africa,Maiduguri DC,Ekiti,Retailer,Dangote OPC (52.5R),229,11.45,46442.65,531768.29,369724.19,37069.38,124974.72,23.5,185,Road (Truck),6,15,9,0,Delivered,Road Damage,26488.0,99.8,4.2,30-Day Credit,Paid
DCP-2024-032529,2024-03-31,2024,Q1,March,3,Dangote Cement Senegal,West Africa,Abuja DC,Ondo,Government,Dangote BLC,11574,578.7,35708.08,20664264.65,14168736.15,12258023.4,-5762494.9,-27.89,1513,Road (Articulated),2,2,0,1,Delivered,None,7688.0,99.4,3.8,Cash & Carry,Paid
DCP-2024-032727,2024-03-31,2024,Q1,March,3,Dangote Cement Senegal,West Africa,Enugu DC,Lagos,Wholesaler,Dangote 3X (42.5N),1748,87.4,37694.28,3294479.98,2116600.24,1012529.0,165350.74,5.02,662,Road (Truck),2,2,0,1,Delivered,None,28847.0,93.6,3.1,30-Day Credit,Overdue
DCP-2024-032831,2024-03-31,2024,Q1,March,3,Ibese Plant (Ogun),Southwest,Port Harcourt DC,Enugu,Retailer,Dangote BLC,467,23.35,37934.39,885768.05,488904.64,313824.0,83039.41,9.37,768,Road (Truck),14,14,0,1,Delivered,None,65837.0,96.7,5.0,Cash & Carry,Paid
DCP-2024-033012,2024-03-31,2024,Q1,March,3,Gboko Plant (Benue),North Central,Maiduguri DC,Oyo,Wholesaler,Dangote 3X (42.5N),3492,174.6,39985.54,6981475.35,4782978.25,4665748.5,-2467251.4,-35.34,1527,Road (Truck),9,17,8,0,Delivered,Truck Breakdown,53644.0,92.1,4.5,30-Day Credit,Paid
DCP-2024-032344,2024-04-01,2024,Q2,April,4,Gboko Plant (Benue),North Central,Enugu DC,Kwara,Retailer,Dangote 3X (42.5R),380,19.0,43277.96,822281.25,469936.9,34247.5,318096.85,38.68,103,Road (Truck),2,2,0,1,Delivered,None,27116.0,90.5,3.5,30-Day Credit,Pending
DCP-2024-032732,2024-04-01,2024,Q2,April,4,Gboko Plant (Benue),North Central,Onitsha DC,Lagos,Wholesaler,Dangote OPC (52.5R),2854,142.7,48865.42,6973095.31,4272290.88,803971.8,1896832.63,27.2,626,Rail,3,4,1,0,Delivered,Strike Action,72195.0,85.5,3.0,Advance Payment,Paid
DCP-2024-032625,2024-04-02,2024,Q2,April,4,Benue Plant (Benue),North Central,Ibadan DC,Niger,Contractor,Dangote 3X (42.5R),4708,235.4,40009.27,9418181.85,6604656.03,2277259.6,536266.22,5.69,1382,River Barge,3,4,1,0,Delivered,Customs Delay,74654.0,99.7,4.0,60-Day Credit,Paid
DCP-2024-033333,2024-04-02,2024,Q2,April,4,Gboko Plant (Benue),North Central,Lagos DC,Bayelsa,Contractor,Dangote BLC,8728,436.4,36171.37,15785187.04,8725939.59,10523786.0,-3464538.55,-21.95,1378,Road (Truck),10,10,0,1,Delivered,None,76050.0,91.1,4.8,Letter of Credit,Paid
DCP-2024-032325,2024-04-03,2024,Q2,April,4,Ibese Plant (Ogun),Southwest,Port Harcourt DC,Anambra,Retailer,Dangote 3X (42.5N),436,21.8,41545.49,905691.61,507253.04,668388.0,-269949.43,-29.81,1752,Road (Truck),11,11,0,1,Delivered,None,51811.0,88.9,3.5,Cash & Carry,Pending
DCP-2024-032671,2024-04-03,2024,Q2,April,4,Obajana Plant (Kogi),North Central,Enugu DC,Benue,Wholesaler,Dangote 3X (42.5N),1154,57.7,40741.5,2350784.45,1493216.4,1602473.25,-744905.2,-31.69,1587,Road (Truck),13,13,0,1,Delivered,None,80664.0,90.6,3.3,Cash & Carry,Pending
DCP-2024-032683,2024-04-03,2024,Q2,April,4,Benue Plant (Benue),North Central,Maiduguri DC,Kano,Retailer,Dangote Falcon,224,11.2,48246.48,540360.57,368449.6,260915.2,-89004.23,-16.47,1664,Road (Articulated),12,16,4,0,Delivered,Flooding,69771.0,87.7,4.8,Advance Payment,Paid
DCP-2024-032468,2024-04-04,2024,Q2,April,4,Gboko Plant (Benue),North Central,Ibadan DC,Abuja,Government,Dangote 3X (42.5R),36721,1836.05,44179.77,81116263.32,52448984.6,54140524.38,-25473245.66,-31.4,1685,Road (Truck),10,10,0,1,Delivered,,73301.0,94.2,4.9,Cash & Carry,Pending
DCP-2024-032514,2024-04-04,2024,Q2,April,4,Ibese Plant (Ogun),Southwest,Onitsha DC,Cross River,Government,Dangote BLC,39805,1990.25,36149.48,71946493.48,47825211.59,25007491.25,-886209.36,-1.23,718,Road (Truck),12,12,0,1,Delivered,None,35385.0,86.6,4.2,30-Day Credit,Pending
DCP-2024-032847,2024-04-04,2024,Q2,April,4,Ibese Plant (Ogun),Southwest,Ibadan DC,Katsina,Contractor,Dangote 3X (42.5R),3983,199.15,43765.25,8715849.43,5815729.73,1488845.4,1411274.3,16.19,534,Road (Articulated),12,20,8,0,In Transit,Flooding,76034.0,85.9,4.1,Cash & Carry,Paid
DCP-2024-032424,2024-04-05,2024,Q2,April,4,Benue Plant (Benue),North Central,Kano DC,Akwa Ibom,Retailer,Dangote BLC,491,24.55,37055.84,909720.89,621501.24,274960.0,13259.65,1.46,640,Road (Truck),10,21,11,0,Delayed,Flooding,16015.0,99.4,3.2,30-Day Credit,Paid
DCP-2024-032455,2024-04-05,2024,Q2,April,4,Ibese Plant (Ogun),Southwest,Onitsha DC,Kano,Government,Dangote 3X (42.5R),3977,198.85,41475.85,8247472.66,5409867.66,2742141.5,95463.5,1.16,985,Road (Articulated),5,20,15,0,Delivered,Road Damage,67340.0,86.6,5.0,Letter of Credit,Paid
DCP-2024-032881,2024-04-05,2024,Q2,April,4,Dangote Cement Senegal,West Africa,Maiduguri DC,Kaduna,Contractor,Dangote 3X (42.5N),8574,428.7,37049.03,15882920.61,9416816.48,6541962.0,-75857.87,-0.48,872,Road (Truck),12,12,0,1,Delivered,,76252.0,95.1,3.1,30-Day Credit,Paid
DCP-2024-033117,2024-04-05,2024,Q2,April,4,Ibese Plant (Ogun),Southwest,Onitsha DC,Akwa Ibom,Wholesaler,Dangote 3X (42.5N),4484,224.2,41707.74,9350874.69,6067047.58,859246.5,2424580.61,25.93,219,Road (Truck),10,12,2,0,Delayed,Strike Action,28953.0,89.9,3.3,30-Day Credit,Paid
DCP-2024-033267,2024-04-05,2024,Q2,April,4,Benue Plant (Benue),North Central,Benin DC,Delta,Export,Dangote 3X (42.5N),20158,1007.9,38269.07,38571397.66,24468812.18,10216074.4,3886511.08,10.08,724,Road (Articulated),9,9,0,1,Delivered,None,14831.0,86.2,3.9,60-Day Credit,Pending
DCP-2024-032555,2024-04-06,2024,Q2,April,4,Dangote Cement Senegal,West Africa,Maiduguri DC,Edo,Government,Dangote 3X (42.5R),22874,1143.7,43469.93,49716560.81,32716737.62,3222374.75,13777448.44,27.71,161,Road (Truck),8,8,0,1,Delivered,None,20631.0,85.1,4.9,30-Day Credit,Paid
DCP-2024-032670,2024-04-06,2024,Q2,April,4,Ibese Plant (Ogun),Southwest,Enugu DC,Anambra,Retailer,Dangote 3X (42.5N),211,10.55,37829.39,399100.07,224371.27,121852.5,52876.3,13.25,825,Road (Articulated),5,5,0,1,In Transit,None,35974.0,98.7,4.2,30-Day Credit,Pending
DCP-2024-032843,2024-04-06,2024,Q2,April,4,Benue Plant (Benue),North Central,Kano DC,Benue,Wholesaler,Dangote 3X (42.5R),1664,83.2,39913.01,3320762.51,2210243.67,1764672.0,-654153.16,-19.7,1515,Road (Articulated),7,7,0,1,Delivered,None,27873.0,88.8,3.6,60-Day Credit,Paid
DCP-2024-032854,2024-04-06,2024,Q2,April,4,Ibese Plant (Ogun),Southwest,Benin DC,Kwara,Retailer,Dangote 3X (42.5R),198,9.9,42243.76,418213.2,270052.5,41698.8,106461.9,25.46,468,Rail,3,3,0,1,Delivered,None,61236.0,85.8,5.0,Cash & Carry,Paid
DCP-2024-033224,2024-04-06,2024,Q2,April,4,Gboko Plant (Benue),North Central,Maiduguri DC,Abuja,Wholesaler,Dangote 3X (42.5R),2122,106.1,43372.92,4601866.47,3222895.54,607157.25,771813.68,16.77,327,Road (Truck),7,7,0,1,Delivered,None,63189.0,86.1,4.2,30-Day Credit,Paid
DCP-2024-032463,2024-04-07,2024,Q2,April,4,Obajana Plant (Kogi),North Central,Kaduna DC,Katsina,Retailer,Dangote 3X (42.5R),398,19.9,42962.96,854962.95,512097.75,448824.6,-105959.4,-12.39,1611,Road (Articulated),12,12,0,1,Delivered,,32759.0,90.1,4.6,30-Day Credit,Paid
DCP-2024-032487,2024-04-07,2024,Q2,April,4,Dangote Cement Senegal,West Africa,Kano DC,Sokoto,Government,Dangote BLC,37990,1899.5,37460.35,71155931.4,47860139.98,50892353.75,-27596562.33,-38.78,1531,Road (Truck),8,8,0,1,Delivered,None,47578.0,99.1,3.7,30-Day Credit,Paid
DCP-2024-033366,2024-04-07,2024,Q2,April,4,Benue Plant (Benue),North Central,Ibadan DC,Edo,Retailer,Dangote 3X (42.5R),154,7.7,38610.61,297301.66,212563.08,9563.4,75175.18,25.29,138,Rail,5,5,0,1,Delivered,None,50081.0,,4.5,Advance Payment,Paid
DCP-2024-032979,2024-04-08,2024,Q2,April,4,Benue Plant (Benue),North Central,Kaduna DC,Sokoto,Wholesaler,Dangote Falcon,1404,70.2,52967.59,3718324.53,2375191.13,651105.0,692028.4,18.61,530,Road (Truck),11,11,0,1,In Transit,None,8699.0,89.3,4.5,Cash & Carry,Pending
DCP-2024-033094,2024-04-08,2024,Q2,April,4,Gboko Plant (Benue),North Central,Abuja DC,Kebbi,Government,Dangote 3X (42.5N),4398,219.9,42216.9,9283495.86,5404208.51,2131930.5,1747356.85,18.82,554,Road (Truck),1,15,14,0,Delayed,Fuel Shortage,50322.0,96.2,4.4,Cash & Carry,Pending
DCP-2024-032380,2024-04-09,2024,Q2,April,4,Benue Plant (Benue),North Central,Benin DC,Edo,Export,Dangote 3X (42.5N),13712,685.6,40616.5,27846675.64,16822389.4,15285452.0,-4261165.76,-15.3,1274,Road (Truck),11,16,5,0,Damaged in Transit,Road Damage,68087.0,95.3,4.2,30-Day Credit,Paid
DCP-2024-032646,2024-04-09,2024,Q2,April,4,Ibese Plant (Ogun),Southwest,Kaduna DC,Cross River,Contractor,Dangote 3X (42.5N),5318,265.9,36930.49,9819817.21,5414188.22,1098167.0,3307461.99,33.68,590,River Barge,4,19,15,0,Delivered,Flooding,76493.0,95.4,4.4,Advance Payment,Paid
DCP-2024-032709,2024-04-09,2024,Q2,April,4,Benue Plant (Benue),North Central,Benin DC,Katsina,Contractor,Dangote 3X (42.5R),1077,53.85,43781.33,2357624.37,1696345.58,279885.38,381393.41,16.18,297,Road (Truck),9,12,3,0,Delivered,Fuel Shortage,13891.0,90.6,4.2,Cash & Carry,Paid
DCP-2024-033217,2024-04-09,2024,Q2,April,4,Ibese Plant (Ogun),Southwest,Enugu DC,Edo,Contractor,Dangote 3X (42.5N),6702,335.1,41226.75,13815084.79,9719140.33,480868.5,3615075.96,26.17,82,Road (Truck),9,9,0,1,Delivered,None,12896.0,92.9,4.1,30-Day Credit,Paid
DCP-2024-033426,2024-04-09,2024,Q2,April,4,Benue Plant (Benue),North Central,Kano DC,Niger,Retailer,Dangote 3X (42.5N),427,21.35,38619.18,824519.42,528473.16,335109.6,-39063.34,-4.74,1744,Rail,14,14,0,1,Delivered,,13470.0,93.3,3.2,60-Day Credit,Overdue
DCP-2024-032358,2024-04-10,2024,Q2,April,4,Obajana Plant (Kogi),North Central,Port Harcourt DC,Kogi,Retailer,Dangote 3X (42.5R),293,14.65,39191.47,574154.99,368584.7,367385.38,-161815.09,-28.18,1433,Road (Truck),2,6,4,0,In Transit,Fuel Shortage,84350.0,93.7,4.5,30-Day Credit,Pending
DCP-2024-032920,2024-04-10,2024,Q2,April,4,Obajana Plant (Kogi),North Central,Lagos DC,Cross River,Contractor,Dangote Falcon,3547,177.35,48259.04,8558740.5,5300648.21,2706361.0,551731.29,6.45,872,Road (Truck),7,15,8,0,Delivered,Fuel Shortage,82814.0,88.6,4.6,30-Day Credit,Paid
DCP-2024-032616,2024-04-11,2024,Q2,April,4,Dangote Cement Senegal,West Africa,Kano DC,Lagos,Wholesaler,Dangote BLC,759,37.95,39199.82,1487633.14,1005545.53,665453.25,-183365.64,-12.33,1002,Road (Truck),5,19,14,0,Delayed,Flooding,63943.0,88.5,3.6,Cash & Carry,Paid
DCP-2024-032884,2024-04-11,2024,Q2,April,4,Gboko Plant (Benue),North Central,Lagos DC,Kwara,Contractor,Dangote Falcon,4653,232.65,47278.04,10999236.55,6322212.51,3186839.7,1490184.34,13.55,1522,Rail,12,12,0,1,Delivered,None,15931.0,98.4,4.1,Letter of Credit,Overdue
DCP-2024-033149,2024-04-11,2024,Q2,April,4,Dangote Cement Senegal,West Africa,Kaduna DC,Plateau,Retailer,Dangote 3X (42.5N),363,18.15,36503.84,662544.75,414484.34,220939.95,27120.46,4.09,1739,River Barge,11,13,2,0,Delivered,Customs Delay,84611.0,95.9,4.0,60-Day Credit,Paid
DCP-2024-033240,2024-04-11,2024,Q2,April,4,Ibese Plant (Ogun),Southwest,Enugu DC,Katsina,Contractor,Dangote Falcon,8580,429.0,54798.58,23508590.91,14465968.92,2999997.0,6042624.99,25.7,777,Rail,13,13,0,1,Delivered,None,16955.0,95.1,3.8,Letter of Credit,Paid
DCP-2024-033382,2024-04-11,2024,Q2,April,4,Gboko Plant (Benue),North Central,Lagos DC,Zamfara,Government,Dangote 3X (42.5R),24109,1205.45,38475.28,46380029.37,32627261.96,9822006.6,3930760.81,8.48,582,Road (Articulated),11,18,7,0,Delivered,Fuel Shortage,64611.0,94.4,3.7,Advance Payment,Paid
DCP-2024-033150,2024-04-12,2024,Q2,April,4,Benue Plant (Benue),North Central,Maiduguri DC,Imo,Retailer,Dangote 3X (42.5R),200,10.0,42408.48,424084.83,242891.71,189000.0,-7806.88,-1.84,1350,Road (Articulated),6,6,0,1,Delivered,None,81982.0,88.4,3.7,Letter of Credit,Paid
DCP-2024-032473,2024-04-13,2024,Q2,April,4,Ibese Plant (Ogun),Southwest,Lagos DC,Ogun,Wholesaler,Dangote 3X (42.5R),1924,96.2,43164.85,4152458.15,2897535.73,1459594.5,-204672.08,-4.93,867,Road (Truck),5,5,0,1,Delivered,None,48563.0,96.6,4.4,30-Day Credit,Paid
DCP-2024-032797,2024-04-13,2024,Q2,April,4,Dangote Cement Senegal,West Africa,Maiduguri DC,Abia,Contractor,Dangote 3X (42.5R),3343,167.15,38384.24,6415926.24,3736157.1,816694.9,1863074.24,29.04,349,Road (Articulated),7,7,0,1,In Transit,None,33664.0,87.3,4.3,Cash & Carry,Paid
DCP-2024-032900,2024-04-13,2024,Q2,April,4,Benue Plant (Benue),North Central,Port Harcourt DC,Kwara,Contractor,Dangote OPC (52.5R),6675,333.75,50184.94,16749224.63,10693986.65,3844800.0,2210437.98,13.2,1280,Rail,5,5,0,1,Delivered,None,9812.0,99.5,3.0,Cash & Carry,Pending
DCP-2024-033131,2024-04-13,2024,Q2,April,4,Ibese Plant (Ogun),Southwest,Onitsha DC,Kwara,Retailer,Dangote 3X (42.5R),114,5.7,43001.37,245107.83,169090.8,173964.0,-97946.97,-39.96,1744,Road (Truck),7,7,0,1,Delivered,None,8200.0,91.7,3.4,30-Day Credit,Paid
DCP-2024-033165,2024-04-13,2024,Q2,April,4,Ibese Plant (Ogun),Southwest,Kaduna DC,Imo,Government,Dangote 3X (42.5N),14731,736.55,41291.18,30413019.53,18958692.67,1144598.7,10309728.16,33.9,111,Road (Articulated),5,13,8,0,Delivered,Security Incident,81258.0,96.1,4.1,30-Day Credit,Paid
DCP-2024-032708,2024-04-14,2024,Q2,April,4,Ibese Plant (Ogun),Southwest,Ibadan DC,Kwara,Wholesaler,Dangote BLC,3059,152.95,40245.12,6155491.12,3504237.47,1177715.0,1473538.65,23.94,440,Road (Truck),12,24,12,0,In Transit,Security Incident,77585.0,87.9,3.5,Cash & Carry,Paid
DCP-2024-033246,2024-04-14,2024,Q2,April,4,Benue Plant (Benue),North Central,Port Harcourt DC,Plateau,Wholesaler,Dangote 3X (42.5R),493,24.65,43586.91,1074417.4,624392.46,358558.9,91466.04,8.51,1039,Road (Articulated),8,8,0,1,Delivered,None,76885.0,86.8,3.6,30-Day Credit,Paid
DCP-2024-032777,2024-04-15,2024,Q2,April,4,Obajana Plant (Kogi),North Central,Maiduguri DC,Ogun,Retailer,Dangote 3X (42.5N),75,3.75,42165.57,158120.88,105052.53,45412.5,7655.85,4.84,692,Road (Truck),13,13,0,1,Delivered,None,40358.0,86.5,4.8,60-Day Credit,Pending
DCP-2024-032834,2024-04-15,2024,Q2,April,4,Ibese Plant (Ogun),Southwest,Ibadan DC,Ebonyi,Government,Dangote OPC (52.5R),15899,794.95,51268.76,40756096.92,25671757.11,3605893.2,11478446.61,28.16,324,Road (Articulated),8,18,10,0,Delayed,Fuel Shortage,60639.0,86.4,,30-Day Credit,Pending
DCP-2024-033319,2024-04-15,2024,Q2,April,4,Dangote Cement Senegal,West Africa,Lagos DC,Rivers,Wholesaler,Dangote OPC (52.5R),2088,104.4,44094.25,4603439.56,2940428.45,3182634.0,-1519622.89,-33.01,1742,Road (Truck),5,5,0,1,In Transit,None,20491.0,86.8,4.2,30-Day Credit,Pending
DCP-2024-032773,2024-04-16,2024,Q2,April,4,Dangote Cement Senegal,West Africa,Ibadan DC,Nassarawa,Wholesaler,Dangote 3X (42.5R),1772,88.6,41833.56,3706453.01,2415879.7,1541197.0,-250623.69,-6.76,994,Road (Truck),4,7,3,0,Delivered,Fuel Shortage,69265.0,97.1,3.1,60-Day Credit,Pending
DCP-2024-032859,2024-04-16,2024,Q2,April,4,Obajana Plant (Kogi),North Central,Maiduguri DC,Delta,Wholesaler,Dangote 3X (42.5N),3816,190.8,40254.48,7680554.5,4497664.12,408693.6,2774196.78,36.12,153,Road (Articulated),3,4,1,0,Delivered,Strike Action,60007.0,85.6,,Cash & Carry,Paid
DCP-2024-032913,2024-04-16,2024,Q2,April,4,Ibese Plant (Ogun),Southwest,Kaduna DC,Ebonyi,Government,Dangote BLC,38715,1935.75,35611.5,68934954.97,39639616.48,23340305.62,5955032.87,8.64,689,Road (Truck),8,10,2,0,Delivered,Fuel Shortage,17721.0,98.6,3.6,Cash & Carry,Paid
DCP-2024-032576,2024-04-17,2024,Q2,April,4,Gboko Plant (Benue),North Central,Lagos DC,Anambra,Wholesaler,Dangote 3X (42.5R),894,44.7,42492.88,1899431.82,1122146.68,356706.0,420579.14,22.14,456,Road (Truck),7,18,11,0,Delayed,Road Damage,37568.0,90.1,3.8,30-Day Credit,Paid
DCP-2024-032687,2024-04-17,2024,Q2,April,4,Gboko Plant (Benue),North Central,Kano DC,Lagos,Contractor,Dangote 3X (42.5N),9202,460.1,41956.73,19304291.86,10839456.57,8639527.75,-174692.46,-0.9,1073,Road (Truck),14,21,7,0,Delivered,Fuel Shortage,42808.0,96.9,4.9,Letter of Credit,Pending
DCP-2024-032853,2024-04-17,2024,Q2,April,4,Obajana Plant (Kogi),North Central,Kaduna DC,Bayelsa,Retailer,Dangote 3X (42.5R),36,1.8,39637.98,71348.37,50686.25,1310.4,19351.72,27.12,52,Road (Articulated),5,20,15,0,Delayed,Fuel Shortage,46745.0,97.2,3.8,60-Day Credit,Paid
DCP-2024-032331,2024-04-19,2024,Q2,April,4,Gboko Plant (Benue),North Central,Ibadan DC,Edo,Contractor,Dangote OPC (52.5R),5632,281.6,47250.18,13305652.02,8593623.74,2223513.6,2488514.68,18.7,1128,River Barge,4,19,15,0,In Transit,Road Damage,21016.0,95.4,3.7,30-Day Credit,Paid
DCP-2024-032753,2024-04-19,2024,Q2,April,4,Obajana Plant (Kogi),North Central,Port Harcourt DC,Kaduna,Wholesaler,Dangote 3X (42.5N),2080,104.0,37762.1,3927258.78,2816105.34,1629576.0,-518422.56,-13.2,1741,Rail,1,14,13,0,Delayed,Security Incident,21300.0,95.8,4.1,Cash & Carry,Paid
DCP-2024-032361,2024-04-21,2024,Q2,April,4,Dangote Cement Senegal,West Africa,Abuja DC,Abuja,Government,Dangote OPC (52.5R),38958,1947.9,44676.91,87026145.73,62509647.73,40496841.0,-15980343.0,-18.36,1485,Road (Articulated),8,12,4,0,Delayed,Road Damage,6692.0,90.1,3.0,30-Day Credit,Overdue
DCP-2024-033223,2024-04-21,2024,Q2,April,4,Dangote Cement Senegal,West Africa,Kano DC,Nassarawa,Wholesaler,Dangote Falcon,4418,220.9,50039.28,11053675.94,7343313.25,3216745.8,493616.89,4.47,1618,Rail,1,1,0,1,Delivered,None,25095.0,96.6,3.7,Cash & Carry,Overdue
DCP-2024-032561,2024-04-22,2024,Q2,April,4,Obajana Plant (Kogi),North Central,Kano DC,Benue,Wholesaler,Dangote 3X (42.5R),4929,246.45,40234.14,9915702.73,7080833.7,3527931.75,-693062.72,-6.99,818,Road (Truck),4,19,15,0,Delivered,Customs Delay,56145.0,88.1,4.5,Cash & Carry,Paid
DCP-2024-032764,2024-04-22,2024,Q2,April,4,Gboko Plant (Benue),North Central,Kano DC,Abuja,Retailer,Dangote OPC (52.5R),223,11.15,46056.38,513528.6,340755.23,63025.38,109747.99,21.37,323,Road (Truck),3,3,0,1,Delivered,None,70124.0,86.5,4.4,Cash & Carry,Pending
DCP-2024-032895,2024-04-22,2024,Q2,April,4,Benue Plant (Benue),North Central,Abuja DC,Lagos,Retailer,Dangote 3X (42.5R),224,11.2,38798.5,434543.18,255684.13,253428.0,-74568.95,-17.16,1293,Road (Truck),5,5,0,1,Returned,None,17187.0,92.4,4.9,Cash & Carry,Paid
DCP-2024-033045,2024-04-22,2024,Q2,April,4,Gboko Plant (Benue),North Central,Maiduguri DC,Benue,Wholesaler,Dangote 3X (42.5R),4095,204.75,40179.19,8226688.37,5125520.43,2502454.5,598713.44,7.28,873,Road (Articulated),6,6,0,1,Delivered,None,77173.0,99.1,4.0,60-Day Credit,Paid
DCP-2024-033162,2024-04-22,2024,Q2,April,4,Ibese Plant (Ogun),Southwest,Benin DC,Nassarawa,Retailer,Dangote 3X (42.5R),405,20.25,39397.01,797789.55,545586.75,61377.75,190825.05,23.92,433,River Barge,4,4,0,1,Delivered,None,44096.0,91.0,3.5,60-Day Credit,Pending
DCP-2024-033324,2024-04-22,2024,Q2,April,4,Dangote Cement Senegal,West Africa,Kano DC,Benue,Wholesaler,Dangote BLC,3235,161.75,35411.43,5727799.47,4084901.45,1923045.75,-280147.73,-4.89,1321,Rail,3,3,0,1,In Transit,None,70338.0,88.3,3.9,60-Day Credit,Pending
DCP-2024-032523,2024-04-23,2024,Q2,April,4,Gboko Plant (Benue),North Central,Abuja DC,Cross River,Retailer,Dangote BLC,500,25.0,37652.16,941304.11,584598.02,166075.0,190631.09,20.25,949,River Barge,13,16,3,0,In Transit,Road Damage,42293.0,94.8,4.0,Cash & Carry,Paid
DCP-2024-032574,2024-04-23,2024,Q2,April,4,Gboko Plant (Benue),North Central,Lagos DC,Ondo,Export,Dangote 3X (42.5N),28848,1442.4,38960.1,56196054.64,37127475.66,17654976.0,1413602.98,2.52,1360,Rail,4,4,0,1,Delivered,None,74947.0,88.3,4.0,Cash & Carry,Paid
DCP-2024-032729,2024-04-23,2024,Q2,April,4,Ibese Plant (Ogun),Southwest,Abuja DC,Rivers,Export,Dangote 3X (42.5R),32736,1636.8,38740.27,63410066.54,35677645.57,2136024.0,25596396.97,40.37,145,Rail,2,3,1,0,Delivered,Fuel Shortage,44128.0,87.9,4.5,Advance Payment,Paid
DCP-2024-033188,2024-04-23,2024,Q2,April,4,Benue Plant (Benue),North Central,Port Harcourt DC,Imo,Wholesaler,Dangote 3X (42.5R),4349,217.45,42556.05,9253812.79,5352807.92,1892467.35,2008537.52,21.7,967,Rail,9,9,0,1,In Transit,None,10847.0,96.4,4.0,60-Day Credit,Paid
DCP-2024-033212,2024-04-23,2024,Q2,April,4,Dangote Cement Senegal,West Africa,Lagos DC,Ondo,Contractor,Dangote 3X (42.5R),5699,284.95,38716.94,11032391.34,6163609.36,8666754.25,-3797972.27,-34.43,1738,Road (Truck),2,2,0,1,In Transit,None,76157.0,95.5,4.4,Letter of Credit,Paid
DCP-2024-032885,2024-04-24,2024,Q2,April,4,Dangote Cement Senegal,West Africa,Kano DC,Oyo,Contractor,Dangote OPC (52.5R),5319,265.95,48613.97,12928884.77,8200088.04,3527826.75,1200969.98,9.29,758,Road (Truck),4,4,0,1,Delivered,None,59509.0,89.0,3.8,Advance Payment,Paid
DCP-2024-033323,2024-04-24,2024,Q2,April,4,Ibese Plant (Ogun),Southwest,Kano DC,Kwara,Export,Dangote 3X (42.5R),25909,1295.45,42375.42,54895243.62,32280776.97,33076077.13,-10461610.48,-19.06,1459,Road (Truck),5,5,0,1,Delivered,None,61137.0,90.0,3.1,Cash & Carry,Paid
DCP-2024-032612,2024-04-25,2024,Q2,April,4,Gboko Plant (Benue),North Central,Lagos DC,Lagos,Retailer,Dangote OPC (52.5R),237,11.85,49896.78,591276.83,390742.03,278297.25,-77762.45,-13.15,1342,Road (Truck),12,12,0,1,Delivered,None,63606.0,96.6,4.7,30-Day Credit,Paid
DCP-2024-032682,2024-04-26,2024,Q2,April,4,Gboko Plant (Benue),North Central,Lagos DC,Kebbi,Retailer,Dangote 3X (42.5N),334,16.7,40172.88,670887.04,419305.5,313525.8,-61944.26,-9.23,1341,Road (Articulated),2,2,0,1,Delivered,None,38534.0,88.3,4.6,Letter of Credit,Paid
DCP-2024-032940,2024-04-26,2024,Q2,April,4,Gboko Plant (Benue),North Central,Benin DC,Oyo,Government,Dangote 3X (42.5N),4852,242.6,37395.41,9072125.26,6178572.47,,1331208.79,14.67,920,River Barge,8,14,6,0,Delivered,Customs Delay,45580.0,92.9,4.0,60-Day Credit,Paid
DCP-2024-032962,2024-04-27,2024,Q2,April,4,Ibese Plant (Ogun),Southwest,Port Harcourt DC,Nassarawa,Retailer,Dangote 3X (42.5N),405,20.25,41167.03,833632.32,506223.43,106312.5,221096.39,26.52,300,Road (Truck),13,15,2,0,Delayed,Road Damage,9403.0,96.0,4.5,Cash & Carry,Pending
DCP-2024-033380,2024-04-27,2024,Q2,April,4,Dangote Cement Senegal,West Africa,Abuja DC,Plateau,Wholesaler,Dangote 3X (42.5R),3776,188.8,39615.65,7479434.06,4994824.77,1218326.4,1266282.89,16.93,717,Rail,8,8,0,1,In Transit,None,32863.0,98.9,3.7,60-Day Credit,Paid
DCP-2024-032743,2024-04-28,2024,Q2,April,4,Ibese Plant (Ogun),Southwest,Lagos DC,Oyo,Retailer,Dangote Falcon,367,18.35,53782.75,986913.38,619233.68,258505.63,109174.07,11.06,805,Road (Truck),2,8,6,0,Delayed,Security Incident,10884.0,90.9,4.9,Letter of Credit,Paid
DCP-2024-033298,2024-04-28,2024,Q2,April,4,Gboko Plant (Benue),North Central,Lagos DC,Nassarawa,Export,Dangote BLC,15426,771.3,34625.96,26707001.84,16275315.73,5817530.25,4614155.86,17.28,431,Road (Truck),6,6,0,1,Delivered,None,50219.0,92.6,3.5,Letter of Credit,Paid
DCP-2024-032337,2024-04-29,2024,Q2,April,4,Obajana Plant (Kogi),North Central,Maiduguri DC,Rivers,Contractor,Dangote 3X (42.5N),8950,447.5,39973.03,17887930.87,10076468.85,12005306.25,-4193844.23,-23.45,1533,Road (Truck),8,15,7,0,Delivered,Fuel Shortage,50519.0,90.9,4.1,30-Day Credit,Paid
DCP-2024-032384,2024-04-29,2024,Q2,April,4,Obajana Plant (Kogi),North Central,Onitsha DC,Edo,Retailer,Dangote 3X (42.5R),133,6.65,42814.29,284715.0,171592.23,161994.0,-48871.23,-17.16,1392,Road (Truck),13,26,13,0,Delivered,Strike Action,10027.0,96.2,5.0,Letter of Credit,Paid
DCP-2024-032394,2024-04-29,2024,Q2,April,4,Dangote Cement Senegal,West Africa,Kano DC,Delta,Retailer,Dangote BLC,338,16.9,38139.18,644552.19,412758.28,207143.3,24650.61,3.82,1751,River Barge,11,11,0,1,Delivered,None,13644.0,94.6,3.9,30-Day Credit,Paid
DCP-2024-032833,2024-04-29,2024,Q2,April,4,Obajana Plant (Kogi),North Central,Port Harcourt DC,Kano,Retailer,Dangote OPC (52.5R),325,16.25,49605.85,806095.09,507095.35,174321.88,124677.86,15.47,613,Road (Truck),13,17,4,0,Delivered,Security Incident,79647.0,93.5,4.4,Cash & Carry,Paid
DCP-2024-033083,2024-04-29,2024,Q2,April,4,Obajana Plant (Kogi),North Central,Onitsha DC,Delta,Wholesaler,Dangote 3X (42.5N),4466,223.3,38799.87,8664010.45,5628952.66,708084.3,2326973.49,26.86,453,River Barge,11,18,7,0,Delivered,,20703.0,94.0,3.9,Cash & Carry,Paid
DCP-2024-033242,2024-04-29,2024,Q2,April,4,Gboko Plant (Benue),North Central,Kano DC,Niger,Retailer,Dangote 3X (42.5R),332,16.6,43891.33,728596.1,469712.73,239488.2,19395.17,2.66,1603,Rail,3,15,12,0,Delivered,Road Damage,64058.0,98.4,4.3,Cash & Carry,Overdue
DCP-2024-033265,2024-04-29,2024,Q2,April,4,Obajana Plant (Kogi),North Central,Abuja DC,Bayelsa,Retailer,Dangote 3X (42.5N),49,2.45,37343.92,91492.61,65529.07,61096.88,-35133.34,-38.4,1425,Road (Truck),8,21,13,0,Delayed,Flooding,17612.0,88.2,4.9,Cash & Carry,Paid
DCP-2024-033393,2024-04-29,2024,Q2,April,4,Gboko Plant (Benue),North Central,Onitsha DC,Plateau,Wholesaler,Dangote 3X (42.5R),3609,180.45,41070.4,7411153.42,4672838.19,,-2664808.89,-35.96,1711,Road (Truck),14,14,0,1,Delivered,None,49325.0,94.1,4.5,30-Day Credit,Paid
DCP-2024-032410,2024-04-30,2024,Q2,April,4,Dangote Cement Senegal,West Africa,Enugu DC,Plateau,Export,Dangote 3X (42.5N),11461,573.05,39478.19,22622979.09,13563588.75,8363664.75,695725.59,3.08,834,Road (Truck),8,8,0,1,Delivered,None,74159.0,89.3,4.7,Cash & Carry,Pending
DCP-2024-032415,2024-04-30,2024,Q2,April,4,Gboko Plant (Benue),North Central,Enugu DC,Ogun,Wholesaler,Dangote 3X (42.5R),2360,118.0,40959.4,4833209.65,2961516.61,1904756.0,-33062.96,-0.68,1153,Road (Articulated),14,14,0,1,Delivered,None,57119.0,85.5,4.8,30-Day Credit,Pending
DCP-2024-033204,2024-04-30,2024,Q2,April,4,Benue Plant (Benue),North Central,Onitsha DC,Imo,Government,Dangote Falcon,19850,992.5,49807.67,49434114.03,34916115.14,18480350.0,-3962351.11,-8.02,1330,Road (Articulated),7,10,3,0,Delivered,,72532.0,85.2,3.5,60-Day Credit,Pending
DCP-2024-032931,2024-05-01,2024,Q2,May,5,Dangote Cement Senegal,West Africa,Ibadan DC,Benue,Retailer,Dangote 3X (42.5R),318,15.9,40336.5,641350.28,397887.73,70548.3,172914.25,26.96,493,Rail,6,6,0,1,Delayed,None,46784.0,95.7,3.5,Letter of Credit,Paid
DCP-2024-033278,2024-05-01,2024,Q2,May,5,Obajana Plant (Kogi),North Central,Enugu DC,Nassarawa,Wholesaler,Dangote 3X (42.5R),2310,115.5,40778.09,4709869.6,3022055.24,784245.0,903569.36,19.18,485,Road (Articulated),2,2,0,1,Delivered,None,48110.0,86.6,3.8,30-Day Credit,Pending
DCP-2024-032351,2024-05-02,2024,Q2,May,5,Ibese Plant (Ogun),Southwest,Enugu DC,Ondo,Wholesaler,Dangote 3X (42.5R),4164,208.2,42202.88,8786639.58,5272106.82,,100573.26,1.14,937,Road (Truck),3,3,0,1,Delivered,None,67930.0,94.6,3.6,Cash & Carry,Paid
DCP-2024-033146,2024-05-02,2024,Q2,May,5,Gboko Plant (Benue),North Central,Kaduna DC,Abuja,Wholesaler,Dangote 3X (42.5N),1963,98.15,40573.31,3982270.14,2412997.19,3076266.38,-1506993.43,-37.84,1791,Road (Truck),10,19,9,0,Delivered,,82843.0,87.8,3.3,60-Day Credit,Paid
DCP-2024-033433,2024-05-02,2024,Q2,May,5,Dangote Cement Senegal,West Africa,Kaduna DC,Zamfara,Wholesaler,Dangote 3X (42.5N),4891,244.55,37339.56,9131388.35,5344450.83,5323853.5,-1536915.98,-16.83,1244,Road (Truck),6,6,0,1,Delivered,None,80850.0,88.1,3.1,Cash & Carry,Paid
DCP-2024-032791,2024-05-04,2024,Q2,May,5,Dangote Cement Senegal,West Africa,Kaduna DC,Edo,Contractor,Dangote 3X (42.5R),2288,114.4,41074.52,4698925.08,3245676.11,2890888.0,-1437639.03,-30.6,1444,Road (Truck),9,9,0,1,Delayed,None,31694.0,99.5,3.1,30-Day Credit,Paid
DCP-2024-032418,2024-05-05,2024,Q2,May,5,Dangote Cement Senegal,West Africa,Enugu DC,Bayelsa,Export,Dangote 3X (42.5R),93646,4682.3,38436.0,179968874.24,127772276.49,17361968.4,34834629.35,19.36,412,Rail,3,15,12,0,Delivered,Security Incident,30854.0,85.7,3.9,Letter of Credit,Overdue
DCP-2024-032923,2024-05-05,2024,Q2,May,5,Obajana Plant (Kogi),North Central,Benin DC,Kwara,Retailer,Dangote BLC,490,24.5,37767.79,925310.91,518545.95,745596.25,-338831.29,-36.62,1739,Road (Truck),3,3,0,1,Delivered,None,55044.0,96.2,4.5,60-Day Credit,Paid
DCP-2024-033177,2024-05-05,2024,Q2,May,5,Ibese Plant (Ogun),Southwest,Lagos DC,Oyo,Government,Dangote BLC,23575,1178.75,36655.77,43207989.26,24723887.0,4736217.5,13747884.76,31.82,574,River Barge,14,16,2,0,Delayed,Flooding,56189.0,93.0,4.3,30-Day Credit,Paid
DCP-2024-033232,2024-05-05,2024,Q2,May,5,Gboko Plant (Benue),North Central,Enugu DC,Ekiti,Retailer,Dangote 3X (42.5R),245,12.25,41231.91,505090.86,282871.01,383088.12,-160868.27,-31.85,1787,Road (Truck),2,2,0,1,Delivered,,45998.0,,4.7,Cash & Carry,Paid
DCP-2024-033410,2024-05-05,2024,Q2,May,5,Benue Plant (Benue),North Central,Lagos DC,Kano,Retailer,Dangote BLC,226,11.3,40308.42,455485.13,308696.73,96343.8,50444.6,11.07,609,Road (Articulated),9,9,0,1,Delivered,None,24391.0,91.8,3.4,Cash & Carry,Paid
DCP-2024-033337,2024-05-06,2024,Q2,May,5,Ibese Plant (Ogun),Southwest,Enugu DC,Ebonyi,Wholesaler,Dangote OPC (52.5R),4817,240.85,49680.35,11965511.22,8338363.12,2309751.5,1317396.6,11.01,548,Road (Truck),9,12,3,0,Delivered,Road Damage,26262.0,96.2,,Cash & Carry,Overdue
DCP-2024-032398,2024-05-07,2024,Q2,May,5,Gboko Plant (Benue),North Central,Maiduguri DC,Sokoto,Retailer,Dangote 3X (42.5R),278,13.9,41658.77,579056.96,398511.22,259791.0,-79245.26,-13.69,1068,Road (Truck),10,18,8,0,Delayed,Customs Delay,45838.0,96.4,3.9,30-Day Credit,Overdue
DCP-2024-032808,2024-05-07,2024,Q2,May,5,Ibese Plant (Ogun),Southwest,Enugu DC,Abia,Wholesaler,Dangote 3X (42.5R),3314,165.7,43620.93,7227988.29,5112461.14,4804885.75,-2689358.6,-37.21,1657,Road (Truck),9,13,4,0,Returned,Road Damage,68652.0,97.6,3.4,Cash & Carry,Paid
DCP-2024-033058,2024-05-07,2024,Q2,May,5,Ibese Plant (Ogun),Southwest,Abuja DC,Ekiti,Retailer,Dangote BLC,487,24.35,38315.64,932985.83,528289.59,55566.7,349129.54,37.42,163,Road (Articulated),5,18,13,0,Delayed,Truck Breakdown,48720.0,94.9,4.1,Cash & Carry,Paid
DCP-2024-033304,2024-05-07,2024,Q2,May,5,Obajana Plant (Kogi),North Central,Abuja DC,Kano,Wholesaler,Dangote OPC (52.5R),442,22.1,43985.59,972081.45,697473.14,572776.75,-298168.44,-30.67,1481,Road (Truck),11,11,0,1,Delivered,None,47263.0,93.3,3.9,Cash & Carry,Paid
DCP-2024-032526,2024-05-08,2024,Q2,May,5,Obajana Plant (Kogi),North Central,Maiduguri DC,Zamfara,Retailer,Dangote 3X (42.5R),391,19.55,43699.79,854330.97,496891.6,22580.25,334859.12,39.2,165,River Barge,2,6,4,0,Delayed,Road Damage,17007.0,92.1,4.7,30-Day Credit,Pending
DCP-2024-032840,2024-05-08,2024,Q2,May,5,Gboko Plant (Benue),North Central,Onitsha DC,Zamfara,Government,Dangote 3X (42.5R),6491,324.55,39491.33,12816910.48,7377979.72,,3093407.91,24.14,803,Rail,1,1,0,1,Delivered,None,45459.0,91.8,4.5,Advance Payment,Pending
DCP-2024-032446,2024-05-09,2024,Q2,May,5,Obajana Plant (Kogi),North Central,Ibadan DC,Anambra,Retailer,Dangote 3X (42.5R),264,13.2,43181.96,570001.82,366855.41,135313.2,67833.21,11.9,1139,Rail,9,9,0,1,Delivered,None,15287.0,89.3,4.1,Letter of Credit,Paid
DCP-2024-032622,2024-05-09,2024,Q2,May,5,Ibese Plant (Ogun),Southwest,Onitsha DC,Sokoto,Contractor,Dangote 3X (42.5R),7961,398.05,41890.64,16674571.06,11542478.53,8595889.75,-3463797.22,-20.77,1234,Road (Truck),10,10,0,1,Delivered,None,84392.0,93.0,4.9,30-Day Credit,Overdue
DCP-2024-032967,2024-05-09,2024,Q2,May,5,Benue Plant (Benue),North Central,Enugu DC,Rivers,Government,Dangote 3X (42.5N),13574,678.7,41041.64,27854960.55,19710437.86,15060353.0,-6915830.31,-24.83,1268,Road (Truck),3,3,0,1,Delivered,,47164.0,85.1,3.9,Cash & Carry,Paid
DCP-2024-033078,2024-05-09,2024,Q2,May,5,Gboko Plant (Benue),North Central,Abuja DC,Plateau,Wholesaler,Dangote 3X (42.5R),4986,249.3,40393.54,10070108.97,5962137.72,4367112.75,-259141.5,-2.57,1001,Road (Truck),3,3,0,1,Delivered,None,42676.0,97.1,4.6,Letter of Credit,Paid
DCP-2024-033308,2024-05-09,2024,Q2,May,5,Obajana Plant (Kogi),North Central,Port Harcourt DC,Plateau,Wholesaler,Dangote 3X (42.5R),430,21.5,42234.66,908045.27,602013.29,233877.0,72154.98,7.95,777,Road (Articulated),11,11,0,1,Delivered,None,26533.0,98.1,4.9,Advance Payment,Paid
DCP-2024-032496,2024-05-10,2024,Q2,May,5,Obajana Plant (Kogi),North Central,Kaduna DC,Enugu,Contractor,Dangote OPC (52.5R),4026,201.3,43928.03,8842712.89,5822548.45,3007019.4,13145.04,0.15,1067,Road (Articulated),12,12,0,1,Delivered,None,74996.0,94.9,4.6,Letter of Credit,Paid
DCP-2024-032726,2024-05-10,2024,Q2,May,5,Benue Plant (Benue),North Central,Kaduna DC,Cross River,Retailer,Dangote 3X (42.5N),41,2.05,38382.57,78684.28,54780.6,42081.38,-18177.7,-23.1,1173,Road (Truck),6,6,0,1,Delivered,None,47068.0,89.1,5.0,Cash & Carry,Paid
DCP-2024-032800,2024-05-10,2024,Q2,May,5,Dangote Cement Senegal,West Africa,Port Harcourt DC,Lagos,Retailer,Dangote 3X (42.5N),365,18.25,38224.0,697587.96,485372.48,344286.25,-132070.77,-18.93,1078,Road (Truck),10,11,1,0,Delayed,Fuel Shortage,18491.0,96.3,3.1,Letter of Credit,Paid
DCP-2024-033237,2024-05-10,2024,Q2,May,5,Dangote Cement Senegal,West Africa,Port Harcourt DC,Rivers,Retailer,Dangote BLC,10,0.5,36752.63,18376.32,11435.15,1422.0,5519.17,30.03,316,Rail,7,7,0,1,Delivered,None,35076.0,91.6,4.0,60-Day Credit,Pending
DCP-2024-032532,2024-05-12,2024,Q2,May,5,Dangote Cement Senegal,West Africa,Abuja DC,Abuja,Contractor,Dangote OPC (52.5R),1866,93.3,49399.51,4608974.58,2922520.23,1708509.6,-22055.25,-0.48,1308,Road (Articulated),2,16,14,0,Delivered,Road Damage,54892.0,85.0,4.4,Cash & Carry,Paid
DCP-2024-032647,2024-05-12,2024,Q2,May,5,Dangote Cement Senegal,West Africa,Benin DC,Sokoto,Wholesaler,Dangote 3X (42.5R),1976,98.8,38816.97,3835116.42,2170115.66,1094457.0,570543.76,14.88,633,Road (Truck),5,5,0,1,Delivered,None,76815.0,88.3,4.4,Cash & Carry,Paid
DCP-2024-032793,2024-05-12,2024,Q2,May,5,Gboko Plant (Benue),North Central,Lagos DC,Ebonyi,Export,Dangote 3X (42.5N),7660,383.0,36468.7,13967512.29,8316947.17,7522886.0,-1872320.88,-13.4,1403,Road (Articulated),1,13,12,0,Delivered,Truck Breakdown,84565.0,94.6,4.4,Cash & Carry,Paid
DCP-2024-033028,2024-05-12,2024,Q2,May,5,Gboko Plant (Benue),North Central,Onitsha DC,Katsina,Contractor,Dangote OPC (52.5R),1091,54.55,45419.15,2477614.84,1370353.49,1036340.9,70920.45,2.86,1357,Road (Articulated),1,8,7,0,Delivered,Truck Breakdown,64280.0,91.2,4.9,Cash & Carry,Paid
DCP-2024-033119,2024-05-12,2024,Q2,May,5,Dangote Cement Senegal,West Africa,Lagos DC,Anambra,Wholesaler,Dangote 3X (42.5N),2781,139.05,38818.58,5397723.14,3445325.95,2559910.5,-607513.31,-11.25,1052,Road (Truck),11,11,0,1,Delivered,None,11031.0,98.7,4.1,Advance Payment,Paid
DCP-2024-033289,2024-05-12,2024,Q2,May,5,Ibese Plant (Ogun),Southwest,Kaduna DC,Benue,Retailer,Dangote 3X (42.5R),301,15.05,42306.02,636705.6,356203.59,72586.15,207915.86,32.65,689,River Barge,3,3,0,1,Delivered,None,51617.0,90.9,3.2,Advance Payment,Paid
DCP-2024-032740,2024-05-13,2024,Q2,May,5,Benue Plant (Benue),North Central,Ibadan DC,Kebbi,Retailer,Dangote 3X (42.5N),183,9.15,37724.24,345176.84,194722.0,24851.4,125603.44,36.39,194,Road (Articulated),6,6,0,1,Delivered,None,10921.0,98.0,4.1,30-Day Credit,Pending
DCP-2024-032827,2024-05-13,2024,Q2,May,5,Gboko Plant (Benue),North Central,Kano DC,Akwa Ibom,Wholesaler,Dangote Falcon,2921,146.05,51241.9,7483879.64,5369335.5,3902821.12,-1788276.98,-23.9,1527,Road (Truck),9,9,0,1,Delivered,None,80724.0,93.8,4.4,30-Day Credit,Pending
DCP-2024-033153,2024-05-13,2024,Q2,May,5,Ibese Plant (Ogun),Southwest,Ibadan DC,Anambra,Retailer,Dangote 3X (42.5R),154,7.7,39854.25,306877.75,199469.54,143158.4,-35750.19,-11.65,1328,Road (Articulated),12,12,0,1,In Transit,None,44338.0,89.6,5.0,Cash & Carry,Paid
DCP-2024-032715,2024-05-15,2024,Q2,May,5,Benue Plant (Benue),North Central,Maiduguri DC,Kano,Contractor,Dangote 3X (42.5R),5653,282.65,39315.44,11112508.2,7816895.29,310349.7,2985263.21,26.86,122,Rail,8,23,15,0,Delayed,Road Damage,41027.0,99.2,4.1,60-Day Credit,Paid
DCP-2024-033080,2024-05-15,2024,Q2,May,5,Dangote Cement Senegal,West Africa,Maiduguri DC,Rivers,Wholesaler,Dangote BLC,111,5.55,37430.6,207739.84,118608.21,2952.6,86179.03,41.48,76,River Barge,7,7,0,1,Delivered,None,81587.0,89.6,4.9,Letter of Credit,Paid
DCP-2024-033122,2024-05-15,2024,Q2,May,5,Dangote Cement Senegal,West Africa,Benin DC,Abuja,Wholesaler,Dangote 3X (42.5R),2183,109.15,39636.02,4326271.77,2421639.81,2681815.5,-777183.54,-17.96,1755,Road (Articulated),4,7,3,0,Delivered,Truck Breakdown,66392.0,96.6,3.8,Letter of Credit,Paid
DCP-2024-033406,2024-05-15,2024,Q2,May,5,Gboko Plant (Benue),North Central,Onitsha DC,Katsina,Wholesaler,Dangote OPC (52.5R),3250,162.5,48771.37,7925347.86,4561063.66,828100.0,2536184.2,32.0,728,River Barge,9,9,0,1,Delivered,None,52009.0,86.1,4.6,Cash & Carry,Paid
DCP-2024-032409,2024-05-16,2024,Q2,May,5,Ibese Plant (Ogun),Southwest,Port Harcourt DC,Nassarawa,Retailer,Dangote 3X (42.5N),106,5.3,41112.25,217894.92,126219.46,15433.6,76241.86,34.99,208,Road (Articulated),9,9,0,1,Delivered,None,81843.0,85.6,4.7,Cash & Carry,Overdue
DCP-2024-033136,2024-05-16,2024,Q2,May,5,Obajana Plant (Kogi),North Central,Maiduguri DC,Nassarawa,Wholesaler,Dangote 3X (42.5N),4646,232.3,36779.58,8543895.97,5643745.97,1695209.25,1204940.75,14.1,417,Road (Truck),7,16,9,0,Delayed,Road Damage,37991.0,92.0,4.7,30-Day Credit,Paid
DCP-2024-033209,2024-05-16,2024,Q2,May,5,Ibese Plant (Ogun),Southwest,Onitsha DC,Katsina,Wholesaler,Dangote 3X (42.5N),1992,99.6,37700.27,3754946.62,2289006.85,691124.4,774815.37,20.63,771,Rail,3,10,7,0,Delivered,Security Incident,7798.0,93.8,4.9,30-Day Credit,Paid
DCP-2024-032449,2024-05-17,2024,Q2,May,5,Gboko Plant (Benue),North Central,Ibadan DC,Edo,Retailer,Dangote 3X (42.5R),128,6.4,40174.81,257118.8,166625.51,140224.0,-49730.71,-19.34,1252,Road (Truck),1,12,11,0,In Transit,Truck Breakdown,40965.0,89.8,4.6,30-Day Credit,Pending
DCP-2024-032799,2024-05-17,2024,Q2,May,5,Gboko Plant (Benue),North Central,Kaduna DC,Sokoto,Retailer,Dangote 3X (42.5N),150,7.5,42197.61,316482.11,219908.21,14512.5,82061.4,25.93,215,Rail,8,18,10,0,In Transit,Road Damage,50216.0,87.7,4.3,30-Day Credit,Paid
DCP-2024-032851,2024-05-17,2024,Q2,May,5,Dangote Cement Senegal,West Africa,Abuja DC,Plateau,Contractor,Dangote OPC (52.5R),1058,52.9,44434.71,2350596.14,1621654.97,1147004.25,-418063.08,-17.79,1239,Road (Truck),11,11,0,1,Delivered,None,31290.0,92.2,4.3,Advance Payment,Pending
DCP-2024-032988,2024-05-17,2024,Q2,May,5,Ibese Plant (Ogun),Southwest,Port Harcourt DC,Ondo,Contractor,Dangote 3X (42.5R),6528,326.4,39470.68,12883229.58,7905963.06,6254640.0,-1277373.48,-9.92,1095,Road (Truck),5,10,5,0,In Transit,Road Damage,12675.0,89.9,3.3,30-Day Credit,Paid
DCP-2024-032461,2024-05-18,2024,Q2,May,5,Ibese Plant (Ogun),Southwest,Kano DC,Plateau,Wholesaler,Dangote Falcon,2275,113.75,51559.43,5864885.37,3957547.81,219082.5,1688255.06,28.79,214,Rail,10,19,9,0,Delivered,Road Damage,51342.0,92.5,4.3,Letter of Credit,Paid
DCP-2024-032949,2024-05-18,2024,Q2,May,5,Dangote Cement Senegal,West Africa,Kaduna DC,Zamfara,Wholesaler,Dangote Falcon,1388,69.4,52525.32,3645257.23,2031215.31,185575.6,1428466.32,39.19,191,Road (Articulated),3,5,2,0,Delivered,Strike Action,13830.0,86.4,5.0,30-Day Credit,Pending
DCP-2024-033019,2024-05-18,2024,Q2,May,5,Obajana Plant (Kogi),North Central,Kaduna DC,Anambra,Retailer,Dangote OPC (52.5R),218,10.9,46561.04,507515.36,321667.08,30710.75,155137.53,30.57,161,Road (Truck),3,18,15,0,Delivered,Customs Delay,69770.0,91.8,4.3,Advance Payment,Paid
DCP-2024-033098,2024-05-18,2024,Q2,May,5,Dangote Cement Senegal,West Africa,Abuja DC,Kebbi,Government,Dangote 3X (42.5N),49323,2466.15,39709.07,97928522.22,54216040.06,31461908.62,12250573.54,12.51,729,Road (Truck),14,18,4,0,Delivered,Fuel Shortage,45334.0,96.0,4.0,Cash & Carry,Paid
DCP-2024-032459,2024-05-19,2024,Q2,May,5,Ibese Plant (Ogun),Southwest,Onitsha DC,Kaduna,Wholesaler,Dangote 3X (42.5R),1000,50.0,39713.58,1985679.06,1381841.75,251125.0,352712.31,17.76,287,Road (Truck),12,12,0,1,Delivered,None,69471.0,94.2,4.2,Letter of Credit,Paid
DCP-2024-033392,2024-05-20,2024,Q2,May,5,Benue Plant (Benue),North Central,Ibadan DC,Edo,Contractor,Dangote BLC,6164,308.2,34662.75,10683058.71,5963889.81,2916804.8,1802364.1,16.87,676,Road (Articulated),9,20,11,0,Delivered,Flooding,64133.0,91.4,3.4,Advance Payment,Overdue
DCP-2024-033424,2024-05-20,2024,Q2,May,5,Ibese Plant (Ogun),Southwest,Abuja DC,Akwa Ibom,Contractor,Dangote 3X (42.5R),1343,67.15,43330.31,2909630.6,2034455.86,60166.4,815008.34,28.01,64,Road (Articulated),4,4,0,1,Delivered,None,37858.0,98.2,3.2,30-Day Credit,Paid
DCP-2024-032762,2024-05-21,2024,Q2,May,5,Benue Plant (Benue),North Central,Kano DC,Anambra,Retailer,Dangote 3X (42.5R),116,5.8,43371.12,251552.47,162703.74,12687.5,76161.23,30.28,125,Road (Truck),1,1,0,1,Delivered,None,6387.0,91.6,4.9,60-Day Credit,Paid
DCP-2024-033218,2024-05-21,2024,Q2,May,5,Ibese Plant (Ogun),Southwest,Kano DC,Rivers,Retailer,Dangote 3X (42.5R),498,24.9,42744.4,1064335.56,600283.1,372006.0,92046.46,8.65,1660,Rail,13,21,8,0,Delayed,Truck Breakdown,64347.0,94.4,4.6,60-Day Credit,Paid
DCP-2024-033307,2024-05-21,2024,Q2,May,5,Benue Plant (Benue),North Central,Kano DC,Imo,Contractor,Dangote OPC (52.5R),2925,146.25,50167.05,7336930.48,4165222.53,1296067.5,1875640.45,25.56,1266,River Barge,4,11,7,0,Delivered,,81993.0,91.7,4.8,Advance Payment,Pending
DCP-2024-033427,2024-05-21,2024,Q2,May,5,Benue Plant (Benue),North Central,Enugu DC,Bayelsa,Retailer,Dangote OPC (52.5R),44,2.2,49754.39,109459.66,66902.81,10348.8,32208.05,29.42,336,Road (Articulated),3,3,0,1,In Transit,None,70254.0,89.7,3.4,Cash & Carry,Paid
DCP-2024-032759,2024-05-22,2024,Q2,May,5,Benue Plant (Benue),North Central,Abuja DC,Akwa Ibom,Contractor,Dangote 3X (42.5R),8152,407.6,40257.7,16409037.46,11298316.24,8302812.0,-3192090.78,-19.45,1164,Road (Truck),13,13,0,1,Delivered,None,83806.0,91.5,3.2,Cash & Carry,Paid
DCP-2024-032767,2024-05-22,2024,Q2,May,5,Obajana Plant (Kogi),North Central,Port Harcourt DC,Ondo,Wholesaler,Dangote 3X (42.5R),1261,63.05,40496.37,2553295.88,1708870.93,1733402.12,-888977.17,-34.82,1571,Road (Truck),12,12,0,1,Delivered,None,62717.0,89.3,,Cash & Carry,Paid
DCP-2024-033091,2024-05-22,2024,Q2,May,5,Ibese Plant (Ogun),Southwest,Maiduguri DC,Kwara,Retailer,Dangote BLC,90,4.5,37097.11,166936.99,92089.11,87444.0,-12596.12,-7.55,1388,Road (Articulated),10,14,4,0,Delivered,Fuel Shortage,57275.0,87.6,3.3,30-Day Credit,Paid
DCP-2024-033234,2024-05-22,2024,Q2,May,5,Dangote Cement Senegal,West Africa,Onitsha DC,Rivers,Wholesaler,Dangote 3X (42.5N),3228,161.4,41691.7,6729040.01,4357551.3,2478781.2,-107292.49,-1.59,1097,Road (Articulated),5,5,0,1,Delivered,,46673.0,94.6,4.3,Advance Payment,Paid
DCP-2024-032377,2024-05-23,2024,Q2,May,5,Ibese Plant (Ogun),Southwest,Kano DC,Kebbi,Retailer,Dangote BLC,350,17.5,37640.47,658708.29,386577.56,426790.0,-154659.27,-23.48,1742,Road (Articulated),12,14,2,0,Delayed,Fuel Shortage,22520.0,93.7,4.1,Cash & Carry,Paid
DCP-2024-032442,2024-05-23,2024,Q2,May,5,Ibese Plant (Ogun),Southwest,Onitsha DC,Benue,Contractor,Dangote OPC (52.5R),623,31.15,48063.93,1497191.44,970024.51,104850.9,422316.03,28.21,374,Rail,6,6,0,1,Delivered,None,84506.0,97.9,3.5,60-Day Credit,Overdue
DCP-2024-032560,2024-05-23,2024,Q2,May,5,Ibese Plant (Ogun),Southwest,Kano DC,Imo,Contractor,Dangote 3X (42.5N),1677,83.85,36520.82,3062270.46,2184486.93,1140150.38,-262366.85,-8.57,777,Road (Truck),9,14,5,0,In Transit,Truck Breakdown,41006.0,95.3,3.4,Cash & Carry,Overdue
DCP-2024-032696,2024-05-23,2024,Q2,May,5,Gboko Plant (Benue),North Central,Kaduna DC,Cross River,Wholesaler,Dangote 3X (42.5R),2918,145.9,38867.22,5670726.82,3627105.07,168076.8,1875544.95,33.07,128,Rail,2,10,8,0,Delayed,Truck Breakdown,5168.0,92.4,3.2,Cash & Carry,Overdue
DCP-2024-032527,2024-05-24,2024,Q2,May,5,Benue Plant (Benue),North Central,Kano DC,Kaduna,Retailer,Dangote OPC (52.5R),263,13.15,50162.1,659631.68,395335.9,387070.25,-122774.47,-18.61,1682,Road (Truck),11,19,8,0,Delayed,Fuel Shortage,11066.0,89.7,3.8,30-Day Credit,Paid
DCP-2024-032763,2024-05-24,2024,Q2,May,5,Ibese Plant (Ogun),Southwest,Abuja DC,Benue,Wholesaler,Dangote 3X (42.5R),849,42.45,37882.27,1608102.45,1063822.9,1213114.88,-668835.33,-41.59,1633,Road (Truck),4,15,11,0,Delivered,Customs Delay,29992.0,87.0,4.2,30-Day Credit,Paid
DCP-2024-032775,2024-05-24,2024,Q2,May,5,Gboko Plant (Benue),North Central,Benin DC,Nassarawa,Wholesaler,Dangote 3X (42.5N),1739,86.95,36543.7,3177474.63,2006640.63,1682917.25,-512083.25,-16.12,1106,Road (Truck),4,8,4,0,Delivered,Flooding,21889.0,95.4,4.9,Advance Payment,Paid
DCP-2024-033044,2024-05-25,2024,Q2,May,5,Dangote Cement Senegal,West Africa,Enugu DC,Nassarawa,Wholesaler,Dangote 3X (42.5R),3770,188.5,39049.38,7360808.61,4302480.42,1659931.0,1398397.19,19.0,629,Road (Articulated),2,2,0,1,In Transit,None,58119.0,85.8,4.3,Advance Payment,Pending
DCP-2024-033247,2024-05-25,2024,Q2,May,5,Gboko Plant (Benue),North Central,Lagos DC,Kebbi,Wholesaler,Dangote 3X (42.5R),1475,73.75,39829.06,2937393.0,1873186.17,1413234.38,-349027.55,-11.88,1095,Road (Truck),14,14,0,1,Delayed,None,83802.0,85.3,3.3,Letter of Credit,Overdue
DCP-2024-032750,2024-05-27,2024,Q2,May,5,Ibese Plant (Ogun),Southwest,Kaduna DC,Zamfara,Wholesaler,Dangote 3X (42.5N),3234,161.7,38319.63,6196283.92,3508120.1,1131900.0,1556263.82,25.12,500,Road (Articulated),11,25,14,0,Delivered,Road Damage,6752.0,86.6,4.1,Cash & Carry,Paid
DCP-2024-032836,2024-05-28,2024,Q2,May,5,Ibese Plant (Ogun),Southwest,Lagos DC,Cross River,Contractor,Dangote 3X (42.5N),1679,83.95,38624.4,3242518.29,2064909.84,1486754.5,-309146.05,-9.53,1012,Road (Truck),4,5,1,0,Delivered,Truck Breakdown,45747.0,86.4,4.1,Letter of Credit,Paid
DCP-2024-032994,2024-05-29,2024,Q2,May,5,Obajana Plant (Kogi),North Central,Maiduguri DC,Kwara,Export,Dangote 3X (42.5N),87998,4399.9,41982.38,184718277.49,113373038.24,64229740.2,7115499.05,3.85,1622,Rail,2,14,12,0,Delivered,Truck Breakdown,25419.0,85.4,4.0,60-Day Credit,Paid
DCP-2024-032707,2024-05-30,2024,Q2,May,5,Ibese Plant (Ogun),Southwest,Enugu DC,Ondo,Wholesaler,Dangote BLC,3451,172.55,39927.42,6889476.73,3928990.86,1497734.0,1462751.87,21.23,496,Road (Truck),12,23,11,0,Delayed,Security Incident,71002.0,92.3,3.4,30-Day Credit,Pending
DCP-2024-032738,2024-05-30,2024,Q2,May,5,Dangote Cement Senegal,West Africa,Onitsha DC,Delta,Contractor,Dangote 3X (42.5N),9484,474.2,36629.78,17369841.67,10004464.67,2270469.6,5094907.4,29.33,532,Rail,12,20,8,0,Delayed,Flooding,29683.0,89.6,4.3,60-Day Credit,Paid
DCP-2024-032852,2024-05-30,2024,Q2,May,5,Ibese Plant (Ogun),Southwest,Enugu DC,Enugu,Wholesaler,Dangote OPC (52.5R),2595,129.75,44722.41,5802732.34,4038161.94,1832848.5,-68278.1,-1.18,1009,Road (Articulated),13,13,0,1,Delivered,None,37525.0,85.3,3.2,Letter of Credit,Pending
DCP-2024-032937,2024-05-30,2024,Q2,May,5,Gboko Plant (Benue),North Central,Benin DC,Osun,Government,Dangote 3X (42.5R),25794,1289.7,39151.69,50493935.44,31835506.32,12855729.6,5802699.52,11.49,712,Road (Articulated),12,13,1,0,Delivered,Strike Action,49379.0,88.3,4.0,30-Day Credit,Paid
DCP-2024-033322,2024-05-30,2024,Q2,May,5,Ibese Plant (Ogun),Southwest,Lagos DC,Rivers,Wholesaler,Dangote BLC,1264,63.2,37806.04,2389341.61,1642717.29,1163512.0,-416887.68,-17.45,1315,Road (Articulated),8,16,8,0,Delayed,Truck Breakdown,73664.0,86.3,3.8,Letter of Credit,Overdue
DCP-2024-033352,2024-05-30,2024,Q2,May,5,Dangote Cement Senegal,West Africa,Onitsha DC,Kaduna,Retailer,Dangote OPC (52.5R),464,23.2,44027.34,1021434.4,589716.11,486794.0,-55075.71,-5.39,1199,Road (Truck),4,11,7,0,Delivered,Truck Breakdown,30436.0,87.3,3.6,Letter of Credit,Paid
DCP-2024-032638,2024-05-31,2024,Q2,May,5,Ibese Plant (Ogun),Southwest,Benin DC,Kwara,Contractor,Dangote 3X (42.5N),9504,475.2,37802.6,17963796.05,10048911.42,6184252.8,1730631.83,9.63,1446,Rail,8,8,0,1,Delivered,None,30755.0,92.0,3.1,30-Day Credit,Paid
DCP-2024-032652,2024-05-31,2024,Q2,May,5,Dangote Cement Senegal,West Africa,Benin DC,Enugu,Retailer,Dangote 3X (42.5R),459,22.95,40291.68,924694.01,652389.07,98398.12,173906.82,18.81,245,Road (Truck),14,14,0,1,Damaged in Transit,None,37658.0,97.6,3.7,Cash & Carry,Pending
DCP-2024-032490,2024-06-01,2024,Q2,June,6,Dangote Cement Senegal,West Africa,Abuja DC,Kwara,Wholesaler,Dangote Falcon,539,26.95,54068.13,1457136.17,862126.0,286936.65,308073.52,21.14,1183,Rail,10,11,1,0,Returned,Fuel Shortage,61112.0,94.8,3.4,60-Day Credit,Paid
DCP-2024-032538,2024-06-02,2024,Q2,June,6,Dangote Cement Senegal,West Africa,Kaduna DC,Kwara,Retailer,Dangote Falcon,134,6.7,52919.78,354562.55,216113.02,66598.0,71851.53,20.26,568,Road (Truck),1,1,0,1,Delivered,None,68519.0,88.9,3.7,60-Day Credit,Paid
DCP-2024-033296,2024-06-02,2024,Q2,June,6,Dangote Cement Senegal,West Africa,Kaduna DC,Niger,Export,Dangote 3X (42.5N),82476,4123.8,42255.12,174251662.74,99168892.67,39547242.0,35535528.07,20.39,548,Road (Truck),3,3,0,1,Delivered,None,43943.0,95.2,4.1,Cash & Carry,Paid
DCP-2024-032350,2024-06-03,2024,Q2,June,6,Gboko Plant (Benue),North Central,Kano DC,Ondo,Retailer,Dangote 3X (42.5R),337,16.85,38633.19,650969.24,394013.92,116298.7,140656.62,21.61,493,Road (Articulated),9,21,12,0,Delivered,Fuel Shortage,62336.0,91.7,4.2,Cash & Carry,Paid
DCP-2024-032369,2024-06-03,2024,Q2,June,6,Ibese Plant (Ogun),Southwest,Lagos DC,Benue,Contractor,Dangote 3X (42.5R),5264,263.2,40766.74,10729806.52,7044689.3,3026142.0,658975.22,6.14,657,Road (Truck),6,10,4,0,Delivered,Road Damage,79564.0,96.3,4.5,Advance Payment,Paid
DCP-2024-032522,2024-06-03,2024,Q2,June,6,Ibese Plant (Ogun),Southwest,Port Harcourt DC,Lagos,Wholesaler,Dangote Falcon,3994,199.7,54464.53,10876565.81,6314372.28,4095847.0,466346.53,4.29,1465,Road (Articulated),6,6,0,1,Delivered,None,72407.0,87.5,4.6,60-Day Credit,Overdue
DCP-2024-032989,2024-06-03,2024,Q2,June,6,Obajana Plant (Kogi),North Central,Benin DC,Bayelsa,Contractor,Dangote 3X (42.5N),4333,216.65,38915.61,8431067.94,5632084.92,3943030.0,-1144046.98,-13.57,1300,Road (Articulated),1,1,0,1,Delivered,None,84416.0,99.7,3.2,Cash & Carry,Pending
DCP-2024-032421,2024-06-04,2024,Q2,June,6,Ibese Plant (Ogun),Southwest,Enugu DC,Zamfara,Contractor,Dangote 3X (42.5N),566,28.3,38179.32,1080474.89,775854.6,725541.25,-420920.96,-38.96,1465,Road (Truck),2,12,10,0,Delayed,Security Incident,80549.0,92.5,4.2,Advance Payment,Paid
DCP-2024-032845,2024-06-04,2024,Q2,June,6,Ibese Plant (Ogun),Southwest,Benin DC,Ebonyi,Export,Dangote BLC,43820,2191.0,39499.14,86542619.69,51780804.12,54983145.0,-20221329.43,-23.37,1434,Road (Truck),9,9,0,1,Delivered,None,77827.0,91.9,4.8,60-Day Credit,Paid
DCP-2024-032983,2024-06-04,2024,Q2,June,6,Obajana Plant (Kogi),North Central,Enugu DC,Ekiti,Wholesaler,Dangote 3X (42.5N),3785,189.25,41195.59,7796265.76,4988532.53,5573885.62,-2766152.39,-35.48,1683,Road (Truck),1,1,0,1,Delivered,None,26687.0,90.2,3.8,30-Day Credit,Pending
DCP-2024-032374,2024-06-05,2024,Q2,June,6,Benue Plant (Benue),North Central,Lagos DC,Imo,Government,Dangote OPC (52.5R),24998,1249.9,44464.9,55576677.61,39034416.72,6561975.0,9980285.89,17.96,375,Road (Articulated),6,6,0,1,Delivered,None,73555.0,95.4,3.2,30-Day Credit,Paid
DCP-2024-032655,2024-06-05,2024,Q2,June,6,Ibese Plant (Ogun),Southwest,Maiduguri DC,Anambra,Retailer,Dangote 3X (42.5N),273,13.65,42193.11,575935.91,373406.75,78746.85,123782.31,21.49,641,Rail,14,14,0,1,In Transit,None,66395.0,97.7,3.8,Cash & Carry,Paid
DCP-2024-032664,2024-06-05,2024,Q2,June,6,Benue Plant (Benue),North Central,Benin DC,Kwara,Government,Dangote 3X (42.5N),17326,866.3,37763.93,32714891.5,22907166.93,9156791.0,650933.57,1.99,1510,River Barge,10,10,0,1,Delivered,None,23441.0,89.6,3.0,30-Day Credit,Paid
DCP-2024-032728,2024-06-05,2024,Q2,June,6,Dangote Cement Senegal,West Africa,Port Harcourt DC,Lagos,Retailer,Dangote BLC,220,11.0,39864.27,438507.01,255890.3,247362.5,-64745.79,-14.77,1285,Road (Truck),7,13,6,0,Delayed,Strike Action,44438.0,99.5,4.7,30-Day Credit,Paid
DCP-2024-032942,2024-06-06,2024,Q2,June,6,Ibese Plant (Ogun),Southwest,Ibadan DC,Ogun,Wholesaler,Dangote 3X (42.5N),4339,216.95,40480.86,8782323.12,6100572.83,2469975.75,211774.54,2.41,1265,Rail,2,2,0,1,Delivered,,13661.0,89.7,3.9,60-Day Credit,Paid
DCP-2024-033024,2024-06-06,2024,Q2,June,6,Ibese Plant (Ogun),Southwest,Kaduna DC,Edo,Retailer,Dangote 3X (42.5N),240,12.0,36330.35,435964.2,259206.57,54096.0,122661.63,28.14,322,Road (Articulated),6,14,8,0,In Transit,Fuel Shortage,58913.0,88.6,3.1,Advance Payment,Paid
DCP-2024-032713,2024-06-07,2024,Q2,June,6,Obajana Plant (Kogi),North Central,Ibadan DC,Delta,Retailer,Dangote 3X (42.5R),259,12.95,37954.98,491516.94,337805.44,199248.7,-45537.2,-9.26,1099,Road (Articulated),5,19,14,0,Delivered,Road Damage,36026.0,87.7,5.0,Cash & Carry,Paid
DCP-2024-032952,2024-06-07,2024,Q2,June,6,Dangote Cement Senegal,West Africa,Kano DC,Benue,Retailer,Dangote OPC (52.5R),161,8.05,50542.98,406870.95,231753.23,159611.38,15506.34,3.81,1133,Road (Truck),14,14,0,1,Delivered,None,41146.0,95.5,3.8,60-Day Credit,Paid
DCP-2024-032954,2024-06-07,2024,Q2,June,6,Obajana Plant (Kogi),North Central,Lagos DC,Oyo,Retailer,Dangote 3X (42.5R),195,9.75,41603.94,405638.42,239523.72,165676.88,437.82,0.11,971,Road (Truck),5,5,0,1,Delayed,None,80361.0,85.4,4.7,60-Day Credit,Paid
DCP-2024-032720,2024-06-08,2024,Q2,June,6,Dangote Cement Senegal,West Africa,Maiduguri DC,Anambra,Retailer,Dangote 3X (42.5R),232,11.6,39360.13,456577.53,294830.67,63057.6,98689.26,21.62,604,Rail,10,25,15,0,Delivered,Flooding,61084.0,93.5,3.9,30-Day Credit,Paid
DCP-2024-032976,2024-06-08,2024,Q2,June,6,Ibese Plant (Ogun),Southwest,Maiduguri DC,Zamfara,Contractor,Dangote BLC,9423,471.15,38585.3,18179463.13,11751355.05,1843609.95,4584498.13,25.22,559,River Barge,7,12,5,0,Delivered,Road Damage,80748.0,85.2,4.9,Letter of Credit,Paid
DCP-2024-033030,2024-06-08,2024,Q2,June,6,Ibese Plant (Ogun),Southwest,Ibadan DC,Bayelsa,Government,Dangote OPC (52.5R),19525,976.25,46842.67,45730153.18,27412637.23,12164075.0,6153440.95,13.46,712,Road (Truck),2,16,14,0,Delivered,Fuel Shortage,9035.0,87.7,3.3,30-Day Credit,Overdue
DCP-2024-033110,2024-06-08,2024,Q2,June,6,Obajana Plant (Kogi),North Central,Maiduguri DC,Cross River,Retailer,Dangote 3X (42.5R),13,0.65,37890.18,24628.62,14426.24,837.2,9365.18,38.03,92,Road (Articulated),9,11,2,0,Delayed,Fuel Shortage,41849.0,85.9,3.6,30-Day Credit,Overdue
DCP-2024-033277,2024-06-08,2024,Q2,June,6,Gboko Plant (Benue),North Central,Kano DC,Abuja,Wholesaler,Dangote OPC (52.5R),2332,116.6,49478.73,5769219.44,3674378.54,1054530.4,1040310.5,18.03,646,Road (Articulated),4,4,0,1,Delivered,None,84150.0,89.4,3.2,30-Day Credit,Pending
DCP-2024-032552,2024-06-09,2024,Q2,June,6,Ibese Plant (Ogun),Southwest,Abuja DC,Lagos,Wholesaler,Dangote 3X (42.5N),1777,88.85,40345.21,3584672.16,1972571.85,1516003.12,96097.19,2.68,975,Road (Truck),14,21,7,0,Delivered,Truck Breakdown,28043.0,87.0,,Advance Payment,Pending
DCP-2024-033077,2024-06-09,2024,Q2,June,6,Obajana Plant (Kogi),North Central,Kano DC,Oyo,Wholesaler,Dangote BLC,775,38.75,36665.47,1420787.04,810483.09,1217234.38,-606930.43,-42.72,1795,Road (Truck),2,14,12,0,Returned,Customs Delay,81664.0,89.8,4.9,Cash & Carry,Paid
DCP-2024-033291,2024-06-09,2024,Q2,June,6,Gboko Plant (Benue),North Central,Maiduguri DC,Kogi,Wholesaler,Dangote BLC,4461,223.05,36688.23,8183309.15,4944865.87,3442776.75,-204333.47,-2.5,882,Road (Truck),1,1,0,1,Delayed,None,58227.0,91.6,3.5,30-Day Credit,Paid
DCP-2024-032435,2024-06-10,2024,Q2,June,6,Dangote Cement Senegal,West Africa,Kaduna DC,Kogi,Wholesaler,Dangote 3X (42.5R),3561,178.05,42886.38,7635920.47,5139910.13,363934.2,2132076.14,27.92,146,Road (Articulated),5,5,0,1,In Transit,None,55491.0,96.7,,Advance Payment,Paid
DCP-2024-032431,2024-06-11,2024,Q2,June,6,Obajana Plant (Kogi),North Central,Kaduna DC,Sokoto,Wholesaler,Dangote OPC (52.5R),2133,106.65,45581.78,4861296.55,3418219.64,2256447.38,-813370.47,-16.73,1209,Road (Truck),8,20,12,0,Delivered,Truck Breakdown,58143.0,87.6,4.0,30-Day Credit,Pending
DCP-2024-032535,2024-06-11,2024,Q2,June,6,Dangote Cement Senegal,West Africa,Kano DC,Niger,Wholesaler,Dangote 3X (42.5N),3605,180.25,38924.66,7016169.36,4142432.62,2580278.75,293457.99,4.18,818,Road (Truck),8,8,0,1,Delivered,None,81785.0,89.8,3.2,Cash & Carry,Paid
DCP-2024-032745,2024-06-11,2024,Q2,June,6,Obajana Plant (Kogi),North Central,Kaduna DC,Abuja,Contractor,Dangote 3X (42.5N),1813,90.65,36254.07,3286431.85,1993807.55,112632.63,1179991.67,35.9,71,Road (Truck),6,15,9,0,Delayed,Fuel Shortage,69369.0,95.0,4.2,60-Day Credit,Paid
DCP-2024-032849,2024-06-11,2024,Q2,June,6,Benue Plant (Benue),North Central,Lagos DC,Benue,Wholesaler,Dangote 3X (42.5N),1643,82.15,36167.43,2971154.36,2014577.47,1196104.0,-239527.11,-8.06,832,Road (Truck),2,2,0,1,Delivered,None,76099.0,92.6,3.4,Cash & Carry,Paid
DCP-2024-033158,2024-06-11,2024,Q2,June,6,Gboko Plant (Benue),North Central,Maiduguri DC,Cross River,Retailer,Dangote 3X (42.5N),391,19.55,36579.35,715126.32,510207.97,75267.5,129650.85,18.13,220,Road (Truck),1,1,0,1,In Transit,None,56490.0,89.6,4.3,30-Day Credit,Paid
DCP-2024-033236,2024-06-11,2024,Q2,June,6,Obajana Plant (Kogi),North Central,Abuja DC,Zamfara,Government,Dangote BLC,42276,2113.8,37066.58,78351334.33,43709972.03,48569839.5,-13928477.2,-17.78,1313,Road (Truck),14,27,13,0,Delivered,Truck Breakdown,37494.0,99.1,4.5,30-Day Credit,Overdue
DCP-2024-032822,2024-06-12,2024,Q2,June,6,Gboko Plant (Benue),North Central,Kano DC,Bayelsa,Government,Dangote 3X (42.5R),25541,1277.05,44007.87,56200247.01,36849454.04,10244495.1,9106297.87,16.2,573,Road (Articulated),3,3,0,1,Returned,None,78757.0,88.9,4.8,60-Day Credit,Pending
DCP-2024-033287,2024-06-12,2024,Q2,June,6,Ibese Plant (Ogun),Southwest,Abuja DC,Cross River,Government,Dangote OPC (52.5R),6356,317.8,44648.81,14189390.27,9749065.34,2276719.2,2163605.73,15.25,796,Rail,5,9,4,0,Delivered,Truck Breakdown,49964.0,96.3,4.5,Advance Payment,Paid
DCP-2024-033315,2024-06-12,2024,Q2,June,6,Dangote Cement Senegal,West Africa,Abuja DC,Lagos,Wholesaler,Dangote 3X (42.5R),3122,156.1,40734.01,6358579.55,3565851.41,1276273.6,1516454.54,23.85,584,Road (Articulated),8,8,0,1,Delivered,None,60779.0,89.0,,60-Day Credit,Paid
DCP-2024-032563,2024-06-13,2024,Q2,June,6,Dangote Cement Senegal,West Africa,Abuja DC,Akwa Ibom,Wholesaler,Dangote 3X (42.5N),2655,132.75,36953.85,4905623.26,3170700.58,1671720.75,63201.93,1.29,1799,River Barge,7,7,0,1,Delivered,None,54925.0,91.9,3.0,30-Day Credit,Paid
DCP-2024-032930,2024-06-13,2024,Q2,June,6,Dangote Cement Senegal,West Africa,Benin DC,Zamfara,Wholesaler,Dangote Falcon,3925,196.25,52238.88,10251880.55,6616771.06,791280.0,2843829.49,27.74,288,Road (Articulated),7,8,1,0,Delayed,Road Damage,30409.0,88.9,3.9,Cash & Carry,Pending
DCP-2024-033100,2024-06-13,2024,Q2,June,6,Benue Plant (Benue),North Central,Kano DC,Imo,Wholesaler,Dangote 3X (42.5N),3467,173.35,40821.56,7076417.83,5041717.52,,-2072827.94,-29.29,1354,Road (Truck),12,24,12,0,Delivered,Truck Breakdown,82233.0,99.7,3.1,Cash & Carry,Overdue
DCP-2024-033259,2024-06-13,2024,Q2,June,6,Gboko Plant (Benue),North Central,Benin DC,Sokoto,Contractor,Dangote 3X (42.5N),2600,130.0,38046.96,4946104.9,3271422.77,2450175.0,-775492.87,-15.68,1077,Road (Truck),13,13,0,1,Delivered,None,74833.0,86.6,4.1,Letter of Credit,Pending
DCP-2024-033270,2024-06-13,2024,Q2,June,6,Gboko Plant (Benue),North Central,Port Harcourt DC,Oyo,Retailer,Dangote 3X (42.5R),304,15.2,41184.62,626006.27,363085.62,186998.0,75922.65,12.13,703,Road (Truck),13,21,8,0,Delivered,Road Damage,51580.0,91.1,3.4,30-Day Credit,Overdue
DCP-2024-032474,2024-06-14,2024,Q2,June,6,Benue Plant (Benue),North Central,Kano DC,Enugu,Government,Dangote BLC,37408,1870.4,36439.48,68156395.58,45439504.24,53680480.0,-30963588.66,-45.43,1640,Road (Truck),9,23,14,0,Delivered,Security Incident,35296.0,93.4,3.2,Cash & Carry,Pending
DCP-2024-032642,2024-06-14,2024,Q2,June,6,Obajana Plant (Kogi),North Central,Maiduguri DC,Delta,Government,Dangote 3X (42.5R),27713,1385.65,43805.67,60699323.63,41731752.25,10088917.65,8878653.73,14.63,809,Rail,8,8,0,1,Delayed,None,58088.0,87.9,,Cash & Carry,Paid
DCP-2024-032702,2024-06-14,2024,Q2,June,6,Gboko Plant (Benue),North Central,Abuja DC,Kogi,Wholesaler,Dangote 3X (42.5N),3872,193.6,37798.13,7317718.86,4692988.29,4638172.0,-2013441.43,-27.51,1369,Road (Truck),12,12,0,1,Delivered,None,25220.0,99.2,4.3,Cash & Carry,Paid
DCP-2024-032918,2024-06-14,2024,Q2,June,6,Obajana Plant (Kogi),North Central,Kaduna DC,Abuja,Wholesaler,Dangote OPC (52.5R),2098,104.9,48280.9,5064666.79,2897844.93,2100098.0,66723.86,1.32,1144,Road (Truck),14,22,8,0,Damaged in Transit,Truck Breakdown,8243.0,91.8,4.7,Letter of Credit,Paid
DCP-2024-033027,2024-06-14,2024,Q2,June,6,Obajana Plant (Kogi),North Central,Enugu DC,Cross River,Contractor,Dangote 3X (42.5R),5015,250.75,43983.2,11028787.38,7415710.44,245735.0,3367341.94,30.53,70,Road (Articulated),8,23,15,0,Delivered,Road Damage,61105.0,87.7,4.7,30-Day Credit,Paid
DCP-2024-033172,2024-06-16,2024,Q2,June,6,Obajana Plant (Kogi),North Central,Enugu DC,Zamfara,Wholesaler,Dangote 3X (42.5N),4783,239.15,37504.02,8969085.8,5585009.23,2757997.38,626079.19,6.98,659,Road (Truck),6,17,11,0,Delivered,Road Damage,68343.0,97.9,3.9,Cash & Carry,Paid
DCP-2024-033199,2024-06-16,2024,Q2,June,6,Ibese Plant (Ogun),Southwest,Enugu DC,Katsina,Government,Dangote 3X (42.5R),3090,154.5,39082.73,6038281.03,3843134.24,578602.5,1616544.29,26.77,214,Road (Truck),1,2,1,0,Delivered,Strike Action,63164.0,99.1,4.9,30-Day Credit,Paid
DCP-2024-033371,2024-06-16,2024,Q2,June,6,Dangote Cement Senegal,West Africa,Kano DC,Niger,Wholesaler,Dangote OPC (52.5R),2488,124.4,45914.22,5711729.29,3320081.63,3376527.0,-984879.34,-17.24,1551,Road (Truck),3,3,0,1,Delivered,None,82647.0,87.7,4.1,60-Day Credit,Paid
DCP-2024-032428,2024-06-17,2024,Q2,June,6,Dangote Cement Senegal,West Africa,Benin DC,Abuja,Retailer,Dangote Falcon,32,1.6,52056.99,83291.19,54172.06,18088.0,11031.13,13.24,646,Road (Truck),12,14,2,0,In Transit,Customs Delay,60788.0,94.1,3.0,30-Day Credit,Paid
DCP-2024-032844,2024-06-17,2024,Q2,June,6,Obajana Plant (Kogi),North Central,Enugu DC,Abuja,Retailer,Dangote OPC (52.5R),248,12.4,50376.02,624662.63,431687.1,138663.0,54312.53,8.69,639,Road (Truck),9,23,14,0,Delivered,Flooding,71394.0,90.6,,30-Day Credit,Paid
DCP-2024-033391,2024-06-17,2024,Q2,June,6,Benue Plant (Benue),North Central,Kaduna DC,Edo,Government,Dangote 3X (42.5R),32080,1604.0,43523.51,69811705.88,43761793.27,17874976.0,8174936.61,11.71,796,Road (Articulated),3,3,0,1,Delivered,None,8652.0,91.9,3.7,30-Day Credit,Overdue
DCP-2024-032524,2024-06-18,2024,Q2,June,6,Benue Plant (Benue),North Central,Ibadan DC,Abia,Contractor,Dangote 3X (42.5N),1198,59.9,41138.57,2464200.37,1452610.16,789242.4,222347.81,9.02,1464,Rail,7,17,10,0,Delivered,Truck Breakdown,12508.0,95.4,4.5,30-Day Credit,Paid
DCP-2024-032653,2024-06-18,2024,Q2,June,6,Ibese Plant (Ogun),Southwest,Abuja DC,Plateau,Government,Dangote 3X (42.5R),22901,1145.05,40282.58,46125565.64,30992150.94,29095720.5,-13962305.8,-30.27,1452,Road (Truck),8,12,4,0,Delivered,Truck Breakdown,14075.0,99.2,3.3,Cash & Carry,Paid
DCP-2024-032703,2024-06-18,2024,Q2,June,6,Obajana Plant (Kogi),North Central,Lagos DC,Sokoto,Retailer,Dangote 3X (42.5N),87,4.35,36806.36,160107.66,90672.29,3166.8,66268.57,41.39,52,Road (Articulated),11,11,0,1,Delivered,None,24471.0,90.1,4.7,60-Day Credit,Pending
DCP-2024-032910,2024-06-18,2024,Q2,June,6,Dangote Cement Senegal,West Africa,Abuja DC,Rivers,Retailer,Dangote 3X (42.5R),283,14.15,39140.66,553840.38,358096.88,412048.0,-216304.5,-39.06,1664,Road (Truck),4,13,9,0,Delivered,Truck Breakdown,56447.0,88.4,3.4,60-Day Credit,Paid
DCP-2024-033373,2024-06-18,2024,Q2,June,6,Obajana Plant (Kogi),North Central,Onitsha DC,Kebbi,Retailer,Dangote 3X (42.5N),349,17.45,37853.38,660541.56,445927.96,480660.25,-266046.65,-40.28,1574,Road (Truck),12,12,0,1,Delivered,None,41905.0,88.7,4.5,Cash & Carry,Paid
DCP-2024-032339,2024-06-19,2024,Q2,June,6,Ibese Plant (Ogun),Southwest,Port Harcourt DC,Ondo,Government,Dangote 3X (42.5R),3245,162.25,42805.18,6945139.75,4520130.46,2475935.0,-50925.71,-0.73,872,Road (Truck),7,7,0,1,Delivered,None,79818.0,90.5,4.1,60-Day Credit,Paid
DCP-2024-032352,2024-06-20,2024,Q2,June,6,Obajana Plant (Kogi),North Central,Abuja DC,Plateau,Wholesaler,Dangote 3X (42.5N),4175,208.75,42183.88,8805885.14,5817397.06,4453159.38,-1464671.3,-16.63,1219,Road (Truck),2,13,11,0,Delivered,Strike Action,35434.0,94.1,3.8,Letter of Credit,Paid
DCP-2024-032364,2024-06-20,2024,Q2,June,6,Dangote Cement Senegal,West Africa,Ibadan DC,Osun,Contractor,Dangote 3X (42.5R),2307,115.35,43473.16,5014628.89,3213326.8,2277009.0,-475706.91,-9.49,1128,Road (Truck),13,13,0,1,Delivered,None,46362.0,99.9,3.2,Cash & Carry,Pending
DCP-2024-032469,2024-06-20,2024,Q2,June,6,Gboko Plant (Benue),North Central,Ibadan DC,Abuja,Government,Dangote 3X (42.5R),28707,1435.35,42597.62,61142494.4,37517321.69,43857119.25,-20231946.54,-33.09,1746,Road (Truck),6,6,0,1,In Transit,None,54202.0,97.3,4.9,60-Day Credit,Pending
DCP-2024-032794,2024-06-20,2024,Q2,June,6,Ibese Plant (Ogun),Southwest,Ibadan DC,Delta,Wholesaler,Dangote Falcon,1226,61.3,51490.75,3156382.85,2100656.34,458064.25,597662.26,18.94,427,Road (Truck),6,8,2,0,Delivered,Road Damage,7406.0,92.7,4.3,Cash & Carry,Paid
DCP-2024-033064,2024-06-21,2024,Q2,June,6,Benue Plant (Benue),North Central,Onitsha DC,Ekiti,Export,Dangote 3X (42.5N),30817,1540.85,37865.1,58344435.83,40980309.83,42173064.5,-24808938.5,-42.52,1564,Road (Truck),1,5,4,0,Delivered,Security Incident,39777.0,90.6,4.2,60-Day Credit,Paid
DCP-2024-033329,2024-06-21,2024,Q2,June,6,Gboko Plant (Benue),North Central,Abuja DC,Enugu,Wholesaler,Dangote OPC (52.5R),3338,166.9,49363.12,8238704.11,5363295.62,1563686.1,1311722.39,15.92,1041,Rail,3,6,3,0,Delayed,Flooding,74001.0,86.7,3.9,60-Day Credit,Paid
DCP-2024-033365,2024-06-21,2024,Q2,June,6,Obajana Plant (Kogi),North Central,Port Harcourt DC,Niger,Export,Dangote 3X (42.5R),86726,4336.3,42021.75,182218897.69,116769285.38,66854905.25,-1405292.94,-0.77,881,Road (Truck),14,14,0,1,Delayed,,25404.0,95.3,3.9,Cash & Carry,Paid
DCP-2024-032332,2024-06-22,2024,Q2,June,6,Ibese Plant (Ogun),Southwest,Abuja DC,Nassarawa,Wholesaler,Dangote OPC (52.5R),1703,85.15,45974.2,3914703.16,2405827.66,2667323.75,-1158448.25,-29.59,1790,Road (Truck),13,13,0,1,Delivered,None,50921.0,93.5,4.4,Advance Payment,Overdue
DCP-2024-032534,2024-06-22,2024,Q2,June,6,Benue Plant (Benue),North Central,Enugu DC,Ogun,Wholesaler,Dangote 3X (42.5R),1531,76.55,39350.13,3012252.62,2024348.31,199795.5,788108.81,26.16,290,Rail,13,13,0,1,Delivered,,34825.0,98.2,4.4,30-Day Credit,Paid
DCP-2024-032927,2024-06-22,2024,Q2,June,6,Dangote Cement Senegal,West Africa,Abuja DC,Enugu,Wholesaler,Dangote BLC,2849,142.45,40155.85,5720200.86,3870617.0,1328203.8,521380.06,9.11,666,Road (Articulated),8,18,10,0,Delayed,Road Damage,33317.0,96.5,4.4,Advance Payment,Paid
DCP-2024-033244,2024-06-22,2024,Q2,June,6,Dangote Cement Senegal,West Africa,Enugu DC,Sokoto,Retailer,Dangote BLC,196,9.8,39355.09,385679.86,271197.29,42071.4,72411.17,18.77,477,Rail,4,9,5,0,Delivered,Road Damage,83772.0,85.1,3.7,Cash & Carry,Overdue
DCP-2024-033292,2024-06-22,2024,Q2,June,6,Dangote Cement Senegal,West Africa,Kaduna DC,Ekiti,Contractor,Dangote 3X (42.5R),7959,397.95,43128.68,17163059.6,10115842.62,9742810.88,-2695593.9,-15.71,1399,Road (Truck),14,14,0,1,Delivered,None,28003.0,98.8,4.3,30-Day Credit,Paid
DCP-2024-032324,2024-06-23,2024,Q2,June,6,Obajana Plant (Kogi),North Central,Port Harcourt DC,Lagos,Contractor,Dangote OPC (52.5R),6387,319.35,45785.23,14621513.09,9814619.95,873741.6,3933151.54,26.9,304,Rail,10,10,0,1,Delivered,None,46060.0,88.5,3.1,Cash & Carry,Paid
DCP-2024-032336,2024-06-23,2024,Q2,June,6,Benue Plant (Benue),North Central,Abuja DC,Kebbi,Retailer,Dangote 3X (42.5R),100,5.0,41316.15,206580.74,126051.7,,15166.54,7.34,747,Road (Truck),8,17,9,0,Delayed,Customs Delay,39963.0,96.7,4.3,Cash & Carry,Paid
DCP-2024-032412,2024-06-23,2024,Q2,June,6,Obajana Plant (Kogi),North Central,Kaduna DC,Enugu,Export,Dangote 3X (42.5R),31115,1555.75,40757.39,63408313.08,43878573.63,3789807.0,15739932.45,24.82,174,Road (Articulated),12,15,3,0,Delayed,Fuel Shortage,27031.0,86.3,4.9,30-Day Credit,Pending
DCP-2024-032630,2024-06-23,2024,Q2,June,6,Ibese Plant (Ogun),Southwest,Port Harcourt DC,Kaduna,Contractor,Dangote 3X (42.5N),6545,327.25,42112.61,13781352.0,8981236.02,8447140.62,-3647024.64,-26.46,1475,Road (Truck),8,8,0,1,Delivered,None,26858.0,93.6,4.3,Cash & Carry,Paid
DCP-2024-033141,2024-06-23,2024,Q2,June,6,Gboko Plant (Benue),North Central,Lagos DC,Oyo,Contractor,Dangote 3X (42.5R),8008,400.4,38177.43,15286244.43,10407988.38,538137.6,4340118.45,28.39,96,Road (Articulated),3,6,3,0,Delivered,Strike Action,36548.0,99.3,4.0,60-Day Credit,Paid
DCP-2024-033279,2024-06-23,2024,Q2,June,6,Benue Plant (Benue),North Central,Maiduguri DC,Katsina,Government,Dangote 3X (42.5R),5153,257.65,40129.3,10339313.36,7393088.97,3906489.3,-960264.91,-9.29,1083,Road (Articulated),12,15,3,0,Delivered,Strike Action,60901.0,,4.6,Cash & Carry,Paid
DCP-2024-033096,2024-06-24,2024,Q2,June,6,Benue Plant (Benue),North Central,Benin DC,Benue,Retailer,Dangote BLC,78,3.9,39665.47,154695.32,97248.05,10715.25,46732.02,30.21,157,Road (Truck),4,4,0,1,Delivered,None,27231.0,92.9,3.1,Letter of Credit,Paid
DCP-2024-033395,2024-06-24,2024,Q2,June,6,Benue Plant (Benue),North Central,Ibadan DC,Abia,Wholesaler,Dangote 3X (42.5R),2919,145.95,38121.53,5563837.43,3095669.54,138944.4,2329223.49,41.86,68,Road (Articulated),2,2,0,1,Delivered,None,80175.0,95.3,3.4,Advance Payment,Paid
DCP-2024-033215,2024-06-25,2024,Q2,June,6,Obajana Plant (Kogi),North Central,Benin DC,Ekiti,Retailer,Dangote OPC (52.5R),496,24.8,46050.43,1142050.68,808329.37,627564.0,-293842.69,-25.73,1446,Road (Truck),1,11,10,0,In Transit,Strike Action,78938.0,98.8,3.8,30-Day Credit,Paid
DCP-2024-033353,2024-06-25,2024,Q2,June,6,Benue Plant (Benue),North Central,Abuja DC,Plateau,Contractor,Dangote 3X (42.5N),1228,61.4,40650.63,2495948.4,1546788.45,386820.0,562339.95,22.53,360,Road (Truck),1,16,15,0,Delivered,Truck Breakdown,29314.0,93.2,4.4,30-Day Credit,Pending
DCP-2024-033354,2024-06-25,2024,Q2,June,6,Obajana Plant (Kogi),North Central,Ibadan DC,Kano,Wholesaler,Dangote Falcon,2480,124.0,50181.63,6222522.29,3989228.45,1282284.0,951009.84,15.28,1149,Rail,12,25,13,0,Delivered,Road Damage,28909.0,95.6,3.9,Cash & Carry,Paid
DCP-2024-032391,2024-06-26,2024,Q2,June,6,Ibese Plant (Ogun),Southwest,Kano DC,Edo,Retailer,Dangote 3X (42.5R),463,23.15,38427.6,889598.94,572573.03,418899.25,-101873.34,-11.45,1034,Road (Truck),4,4,0,1,Delivered,None,26899.0,93.4,4.0,30-Day Credit,Paid
DCP-2024-032554,2024-06-26,2024,Q2,June,6,Benue Plant (Benue),North Central,Benin DC,Kwara,Retailer,Dangote 3X (42.5N),83,4.15,40544.97,168261.64,115666.05,25912.6,26682.99,15.86,892,River Barge,14,14,0,1,Damaged in Transit,None,71657.0,88.8,4.0,30-Day Credit,Pending
DCP-2024-032573,2024-06-26,2024,Q2,June,6,Gboko Plant (Benue),North Central,Kano DC,Anambra,Wholesaler,Dangote 3X (42.5R),2052,102.6,42235.52,4333364.64,2799949.04,1766772.0,-233356.4,-5.39,984,Road (Truck),5,12,7,0,Delivered,Customs Delay,82294.0,97.6,4.3,60-Day Credit,Overdue
DCP-2024-032811,2024-06-26,2024,Q2,June,6,Benue Plant (Benue),North Central,Ibadan DC,Ebonyi,Retailer,Dangote 3X (42.5R),17,0.85,40440.39,34374.33,20414.75,24365.25,-10405.67,-30.27,1638,Road (Truck),13,24,11,0,Delivered,Truck Breakdown,76897.0,91.1,3.4,30-Day Credit,Paid
DCP-2024-033127,2024-06-26,2024,Q2,June,6,Gboko Plant (Benue),North Central,Kaduna DC,Niger,Export,Dangote 3X (42.5N),28262,1413.1,37041.11,52342798.28,34737121.05,3866241.6,13739435.63,26.25,304,Rail,7,7,0,1,Delivered,None,5861.0,95.6,3.9,30-Day Credit,Paid
DCP-2024-032752,2024-06-27,2024,Q2,June,6,Dangote Cement Senegal,West Africa,Enugu DC,Kwara,Retailer,Dangote 3X (42.5R),96,4.8,37756.36,181230.55,117096.48,66024.0,-1889.93,-1.04,786,Road (Truck),12,12,0,1,Delivered,None,15864.0,99.6,3.9,30-Day Credit,Overdue
DCP-2024-032423,2024-06-28,2024,Q2,June,6,Dangote Cement Senegal,West Africa,Lagos DC,Edo,Contractor,Dangote OPC (52.5R),9240,462.0,46596.51,21527587.23,14132572.89,4471005.0,2924009.34,13.58,553,Road (Truck),5,17,12,0,Delayed,Road Damage,8135.0,92.8,4.7,Cash & Carry,Paid
DCP-2024-032815,2024-06-28,2024,Q2,June,6,Obajana Plant (Kogi),North Central,Kaduna DC,Abia,Retailer,Dangote 3X (42.5N),442,22.1,42187.03,932333.31,535445.52,28310.1,368577.69,39.53,183,River Barge,14,14,0,1,Delivered,None,43650.0,92.7,3.9,60-Day Credit,Paid
DCP-2024-033379,2024-06-28,2024,Q2,June,6,Ibese Plant (Ogun),Southwest,Onitsha DC,Plateau,Wholesaler,Dangote 3X (42.5N),4489,224.45,41231.7,9254454.72,5850635.78,2663099.25,740719.69,8.0,678,Road (Truck),12,12,0,1,Delivered,None,53010.0,95.9,3.3,Cash & Carry,Overdue
DCP-2024-032553,2024-06-30,2024,Q2,June,6,Ibese Plant (Ogun),Southwest,Abuja DC,Ogun,Government,Dangote 3X (42.5R),35489,1774.45,40551.38,71956387.42,43240691.0,12137238.0,16578458.42,23.04,760,Rail,6,18,12,0,Delivered,Fuel Shortage,70021.0,87.7,4.2,Advance Payment,Paid
DCP-2024-032673,2024-06-30,2024,Q2,June,6,Dangote Cement Senegal,West Africa,Enugu DC,Ekiti,Wholesaler,Dangote 3X (42.5R),493,24.65,37976.5,936120.75,559036.52,240534.7,136549.53,14.59,697,Road (Articulated),12,13,1,0,Delayed,Truck Breakdown,56410.0,96.5,3.0,30-Day Credit,Paid
DCP-2024-033026,2024-06-30,2024,Q2,June,6,Benue Plant (Benue),North Central,Lagos DC,Rivers,Retailer,Dangote OPC (52.5R),48,2.4,49852.75,119646.61,66093.87,49770.0,3782.74,3.16,1185,Road (Truck),7,21,14,0,In Transit,Road Damage,64602.0,95.3,4.9,30-Day Credit,Pending
DCP-2024-033261,2024-06-30,2024,Q2,June,6,Obajana Plant (Kogi),North Central,Benin DC,Kano,Export,Dangote 3X (42.5N),45181,2259.05,42418.85,95826297.28,61046989.35,7875048.3,26904259.63,28.08,249,Road (Articulated),13,13,0,1,Delivered,None,47828.0,92.0,4.9,Advance Payment,Paid
DCP-2024-032343,2024-07-02,2024,Q3,July,7,Obajana Plant (Kogi),North Central,Onitsha DC,Nassarawa,Wholesaler,Dangote OPC (52.5R),748,37.4,48929.0,1829944.42,1155543.7,159174.4,515226.32,28.16,608,River Barge,10,25,15,0,Delivered,Fuel Shortage,38171.0,86.1,3.4,Letter of Credit,Paid
DCP-2024-032481,2024-07-02,2024,Q3,July,7,Ibese Plant (Ogun),Southwest,Benin DC,Edo,Retailer,Dangote 3X (42.5N),79,3.95,40595.46,160352.08,102622.23,61892.55,-4162.7,-2.6,1741,Rail,3,4,1,0,Delivered,Truck Breakdown,68139.0,87.7,,30-Day Credit,Pending
DCP-2024-032860,2024-07-02,2024,Q3,July,7,Benue Plant (Benue),North Central,Enugu DC,Cross River,Retailer,Dangote 3X (42.5R),196,9.8,43068.86,422074.85,285732.51,253991.5,-117649.16,-27.87,1481,Road (Truck),10,11,1,0,Delivered,Truck Breakdown,75048.0,96.3,5.0,30-Day Credit,Paid
DCP-2024-032875,2024-07-02,2024,Q3,July,7,Dangote Cement Senegal,West Africa,Kaduna DC,Kwara,Retailer,Dangote OPC (52.5R),345,17.25,50899.52,878016.77,491117.49,79332.75,307566.53,35.03,657,River Barge,2,4,2,0,Delivered,Security Incident,55874.0,99.8,3.2,60-Day Credit,Paid
DCP-2024-032370,2024-07-03,2024,Q3,July,7,Obajana Plant (Kogi),North Central,Lagos DC,Benue,Wholesaler,Dangote 3X (42.5R),3082,154.1,38288.42,5900245.51,3876674.42,1318710.75,704860.34,11.95,489,Road (Truck),13,13,0,1,Delivered,None,43137.0,90.8,4.9,30-Day Credit,Pending
DCP-2024-032905,2024-07-03,2024,Q3,July,7,Dangote Cement Senegal,West Africa,Maiduguri DC,Anambra,Wholesaler,Dangote 3X (42.5R),3617,180.85,41669.27,7535888.29,4742369.32,1889430.38,904088.59,12.0,597,Road (Truck),11,11,0,1,Delivered,None,43146.0,90.2,3.8,Letter of Credit,Paid
DCP-2024-032929,2024-07-03,2024,Q3,July,7,Benue Plant (Benue),North Central,Kaduna DC,Abia,Retailer,Dangote Falcon,77,3.85,50688.99,195152.61,109269.72,46138.4,39744.49,20.37,1712,River Barge,2,7,5,0,Delivered,Security Incident,65905.0,88.7,3.9,Advance Payment,Pending
DCP-2024-032981,2024-07-03,2024,Q3,July,7,Ibese Plant (Ogun),Southwest,Kano DC,Kogi,Retailer,Dangote 3X (42.5R),168,8.4,41459.35,348258.53,211602.58,109221.0,27434.95,7.88,743,Road (Truck),13,13,0,1,Delivered,None,14819.0,86.9,3.8,Cash & Carry,Paid
DCP-2024-033268,2024-07-03,2024,Q3,July,7,Benue Plant (Benue),North Central,Ibadan DC,Kwara,Government,Dangote BLC,32540,1627.0,36418.03,59252129.62,42344020.78,36387855.0,-19479746.16,-32.88,1278,Road (Truck),5,7,2,0,Delivered,Security Incident,79027.0,96.8,3.2,Advance Payment,Pending
DCP-2024-033320,2024-07-03,2024,Q3,July,7,Benue Plant (Benue),North Central,Kaduna DC,Enugu,Contractor,Dangote Falcon,6281,314.05,49970.16,15693130.29,8793528.42,1362977.0,5536624.87,35.28,248,Road (Truck),5,15,10,0,In Transit,Security Incident,11877.0,89.5,3.7,30-Day Credit,Pending
DCP-2024-032803,2024-07-04,2024,Q3,July,7,Ibese Plant (Ogun),Southwest,Kaduna DC,Nassarawa,Government,Dangote 3X (42.5N),35428,1771.4,36990.79,65525477.33,40568256.37,24179610.0,777610.96,1.19,780,Road (Truck),13,13,0,1,Delivered,None,74324.0,97.8,3.0,Advance Payment,Paid
DCP-2024-032848,2024-07-04,2024,Q3,July,7,Gboko Plant (Benue),North Central,Enugu DC,Ogun,Retailer,Dangote 3X (42.5R),310,15.5,42836.56,663966.64,462963.32,17631.25,183372.07,27.62,65,Road (Truck),12,15,3,0,In Transit,Truck Breakdown,69101.0,89.5,4.4,60-Day Credit,Paid
DCP-2024-033137,2024-07-04,2024,Q3,July,7,Benue Plant (Benue),North Central,Onitsha DC,Sokoto,Contractor,Dangote 3X (42.5R),8683,434.15,42233.69,18335754.44,12137837.05,6723898.12,-525980.73,-2.87,885,Road (Truck),3,3,0,1,Delivered,None,76699.0,99.8,4.3,Cash & Carry,Paid
DCP-2024-033404,2024-07-04,2024,Q3,July,7,Ibese Plant (Ogun),Southwest,Onitsha DC,Zamfara,Government,Dangote 3X (42.5R),11211,560.55,42493.14,23819530.25,13222984.02,2913458.62,7683087.61,32.26,297,Road (Truck),13,13,0,1,Delivered,None,30652.0,98.7,5.0,Cash & Carry,Paid
DCP-2024-032581,2024-07-05,2024,Q3,July,7,Benue Plant (Benue),North Central,Abuja DC,Ondo,Wholesaler,Dangote OPC (52.5R),4590,229.5,45544.77,10452525.52,7385933.23,2321392.5,745199.79,7.13,578,Road (Truck),7,7,0,1,Delivered,None,35757.0,96.0,4.6,30-Day Credit,Paid
DCP-2024-033050,2024-07-05,2024,Q3,July,7,Obajana Plant (Kogi),North Central,Kaduna DC,Lagos,Export,Dangote 3X (42.5R),19350,967.5,42809.76,41418438.1,29811915.48,11242350.0,364172.62,0.88,664,Road (Truck),12,12,0,1,In Transit,None,29933.0,97.6,3.1,Cash & Carry,Pending
DCP-2024-033166,2024-07-05,2024,Q3,July,7,Dangote Cement Senegal,West Africa,Kaduna DC,Oyo,Wholesaler,Dangote 3X (42.5N),3821,191.05,38098.57,7278732.45,5139488.7,2092952.75,46291.0,0.64,626,Road (Truck),3,8,5,0,Delayed,Security Incident,31048.0,98.4,4.9,Cash & Carry,Paid
DCP-2024-033181,2024-07-05,2024,Q3,July,7,Ibese Plant (Ogun),Southwest,Abuja DC,Kaduna,Contractor,Dangote 3X (42.5N),3180,159.0,39715.56,6314773.29,3612810.23,508005.0,2193958.06,34.74,355,Rail,4,9,5,0,Delayed,Fuel Shortage,37969.0,86.6,3.6,30-Day Credit,Paid
DCP-2024-032458,2024-07-06,2024,Q3,July,7,Ibese Plant (Ogun),Southwest,Port Harcourt DC,Plateau,Contractor,Dangote 3X (42.5N),5923,296.15,36875.38,10920643.27,7739298.45,2161154.62,1020190.2,9.34,417,Road (Truck),1,14,13,0,In Transit,Security Incident,34828.0,93.0,4.4,30-Day Credit,Overdue
DCP-2024-032580,2024-07-06,2024,Q3,July,7,Benue Plant (Benue),North Central,Kano DC,Enugu,Retailer,Dangote 3X (42.5R),123,6.15,41659.92,256208.49,159293.22,78243.38,18671.89,7.29,727,Road (Truck),12,12,0,1,Delivered,None,81211.0,88.2,3.1,Letter of Credit,Paid
DCP-2024-032948,2024-07-06,2024,Q3,July,7,Obajana Plant (Kogi),North Central,Port Harcourt DC,Kwara,Retailer,Dangote OPC (52.5R),275,13.75,48287.85,663957.87,457636.44,79076.25,127245.18,19.16,639,Rail,8,15,7,0,In Transit,Road Damage,27331.0,92.4,3.3,Cash & Carry,Paid
DCP-2024-033014,2024-07-06,2024,Q3,July,7,Dangote Cement Senegal,West Africa,Benin DC,Kwara,Wholesaler,Dangote BLC,799,39.95,36596.99,1462049.64,985155.6,292933.38,183960.66,12.58,419,Road (Truck),7,7,0,1,Delivered,None,68467.0,98.8,3.6,Cash & Carry,Paid
DCP-2024-032432,2024-07-07,2024,Q3,July,7,Gboko Plant (Benue),North Central,Kaduna DC,Lagos,Contractor,Dangote 3X (42.5R),6088,304.4,44103.21,13425018.13,9654581.3,2556960.0,1213476.83,9.04,480,Road (Truck),4,4,0,1,Delivered,,46116.0,91.6,4.1,Cash & Carry,Paid
DCP-2024-032613,2024-07-07,2024,Q3,July,7,Gboko Plant (Benue),North Central,Port Harcourt DC,Delta,Contractor,Dangote BLC,7805,390.25,36325.62,14176072.45,8042004.4,4917150.0,1216918.05,8.58,720,Road (Truck),14,14,0,1,Delivered,None,19794.0,94.9,3.5,Cash & Carry,Pending
DCP-2024-033051,2024-07-08,2024,Q3,July,7,Dangote Cement Senegal,West Africa,Kano DC,Ebonyi,Wholesaler,Dangote BLC,706,35.3,35504.75,1253317.62,823560.16,625780.75,-196023.29,-15.64,1013,Road (Truck),2,7,5,0,In Transit,Fuel Shortage,35791.0,94.1,4.3,30-Day Credit,Pending
DCP-2024-033123,2024-07-08,2024,Q3,July,7,Gboko Plant (Benue),North Central,Enugu DC,Delta,Government,Dangote 3X (42.5N),35720,1786.0,36224.4,64696780.08,42133875.58,42319270.0,-19756365.5,-30.54,1354,Road (Truck),13,22,9,0,Delivered,Strike Action,44939.0,94.6,3.9,60-Day Credit,Overdue
DCP-2024-033239,2024-07-08,2024,Q3,July,7,Ibese Plant (Ogun),Southwest,Ibadan DC,Bayelsa,Retailer,Dangote BLC,344,17.2,36163.29,622008.61,361555.74,217322.0,43130.87,6.93,722,Road (Truck),5,20,15,0,Delivered,,63757.0,99.2,3.6,Letter of Credit,Pending
DCP-2024-033378,2024-07-08,2024,Q3,July,7,Obajana Plant (Kogi),North Central,Abuja DC,Ogun,Retailer,Dangote BLC,465,23.25,38601.28,897479.8,576340.49,245101.5,76037.81,8.47,753,Road (Articulated),7,7,0,1,Delivered,,68023.0,97.6,3.7,Letter of Credit,Pending
DCP-2024-033401,2024-07-08,2024,Q3,July,7,Dangote Cement Senegal,West Africa,Ibadan DC,Ondo,Wholesaler,Dangote 3X (42.5R),2144,107.2,38620.09,4140073.46,2531225.15,1821596.0,-212747.69,-5.14,971,Road (Truck),5,5,0,1,Delivered,None,36048.0,,4.2,Advance Payment,Paid
DCP-2024-033418,2024-07-08,2024,Q3,July,7,Ibese Plant (Ogun),Southwest,Ibadan DC,Enugu,Wholesaler,Dangote OPC (52.5R),2560,128.0,51277.81,6563559.96,4458110.14,2688000.0,-582550.18,-8.88,1200,Road (Truck),4,11,7,0,Delivered,Fuel Shortage,50569.0,94.7,4.4,Advance Payment,Paid
DCP-2024-032911,2024-07-09,2024,Q3,July,7,Gboko Plant (Benue),North Central,Ibadan DC,Anambra,Wholesaler,Dangote OPC (52.5R),2848,142.4,47495.59,6763371.97,4124442.35,1056608.0,1582321.62,23.4,424,Road (Truck),2,9,7,0,Returned,Security Incident,54566.0,97.2,3.1,Letter of Credit,Pending
DCP-2024-033293,2024-07-10,2024,Q3,July,7,Benue Plant (Benue),North Central,Enugu DC,Kogi,Government,Dangote 3X (42.5R),5249,262.45,41713.74,10947772.04,6372658.17,2700610.5,1874503.37,17.12,588,Road (Truck),13,17,4,0,Delivered,Road Damage,36309.0,99.0,3.2,Advance Payment,Paid
DCP-2024-033374,2024-07-10,2024,Q3,July,7,Obajana Plant (Kogi),North Central,Enugu DC,Anambra,Export,Dangote 3X (42.5N),42834,2141.7,38428.68,82302701.83,51945332.61,31996998.0,-1639628.78,-1.99,1660,Rail,2,2,0,1,In Transit,None,5484.0,94.2,3.8,30-Day Credit,Paid
DCP-2024-032993,2024-07-11,2024,Q3,July,7,Ibese Plant (Ogun),Southwest,Enugu DC,Edo,Retailer,Dangote BLC,29,1.45,38866.98,56357.12,37214.2,42173.25,-23030.33,-40.86,1662,Road (Truck),14,14,0,1,Delivered,None,13144.0,86.9,3.3,Advance Payment,Paid
DCP-2024-033143,2024-07-11,2024,Q3,July,7,Ibese Plant (Ogun),Southwest,Maiduguri DC,Lagos,Government,Dangote 3X (42.5R),30388,1519.4,42062.45,63909690.96,39747498.5,12789549.5,11372642.96,17.79,481,Road (Truck),11,14,3,0,Delivered,Road Damage,75192.0,85.4,3.4,Cash & Carry,Paid
DCP-2024-032784,2024-07-12,2024,Q3,July,7,Obajana Plant (Kogi),North Central,Benin DC,Delta,Wholesaler,Dangote BLC,4294,214.7,35207.12,7558968.02,5008866.38,1118801.7,1431299.94,18.94,579,Rail,12,12,0,1,Delivered,None,14380.0,97.1,4.7,Cash & Carry,Paid
DCP-2024-033331,2024-07-12,2024,Q3,July,7,Gboko Plant (Benue),North Central,Lagos DC,Benue,Retailer,Dangote 3X (42.5R),25,1.25,43789.97,54737.46,30508.7,20352.5,3876.26,7.08,1163,Road (Articulated),7,19,12,0,Delivered,Truck Breakdown,64446.0,91.3,,30-Day Credit,Paid
DCP-2024-032814,2024-07-13,2024,Q3,July,7,Dangote Cement Senegal,West Africa,Kaduna DC,Imo,Export,Dangote Falcon,56318,2815.9,48761.68,137308009.82,89974916.48,28358928.9,18974164.44,13.82,1119,Rail,13,13,0,1,Delivered,None,63944.0,95.7,3.1,30-Day Credit,Paid
DCP-2024-032951,2024-07-13,2024,Q3,July,7,Dangote Cement Senegal,West Africa,Kano DC,Benue,Wholesaler,Dangote 3X (42.5N),3982,199.1,38619.34,7689109.62,4858891.88,2456396.25,373821.49,4.86,705,Road (Truck),10,19,9,0,Delivered,Road Damage,13091.0,92.2,5.0,30-Day Credit,Paid
DCP-2024-033055,2024-07-13,2024,Q3,July,7,Gboko Plant (Benue),North Central,Onitsha DC,Benue,Wholesaler,Dangote 3X (42.5R),2917,145.85,40077.45,5845296.78,3499663.93,3644791.5,-1299158.65,-22.23,1428,Road (Truck),7,7,0,1,Delivered,None,45259.0,90.4,3.7,30-Day Credit,Paid
DCP-2024-033249,2024-07-13,2024,Q3,July,7,Gboko Plant (Benue),North Central,Onitsha DC,Akwa Ibom,Wholesaler,Dangote 3X (42.5R),273,13.65,43514.92,593978.68,427347.58,,-209835.9,-35.33,1576,Road (Truck),12,12,0,1,Delivered,None,48012.0,86.6,4.6,60-Day Credit,Paid
DCP-2024-032413,2024-07-14,2024,Q3,July,7,Dangote Cement Senegal,West Africa,Kaduna DC,Plateau,Retailer,Dangote 3X (42.5N),405,20.25,40306.94,816215.58,547665.2,162749.25,105801.13,12.96,893,Rail,2,2,0,1,Delivered,None,29401.0,85.3,4.9,Letter of Credit,Pending
DCP-2024-032982,2024-07-14,2024,Q3,July,7,Gboko Plant (Benue),North Central,Kaduna DC,Ekiti,Retailer,Dangote OPC (52.5R),417,20.85,44042.97,918295.95,640870.82,238920.15,38504.98,4.19,1637,River Barge,6,6,0,1,Delivered,None,15587.0,91.0,4.7,Cash & Carry,Paid
DCP-2024-032882,2024-07-16,2024,Q3,July,7,Obajana Plant (Kogi),North Central,Onitsha DC,Kebbi,Retailer,Dangote 3X (42.5R),166,8.3,41947.05,348160.54,210599.59,127438.2,10122.75,2.91,1706,Rail,4,4,0,1,Delayed,None,79578.0,98.8,3.8,60-Day Credit,Overdue
DCP-2024-032774,2024-07-17,2024,Q3,July,7,Ibese Plant (Ogun),Southwest,Maiduguri DC,Osun,Export,Dangote BLC,96025,4801.25,40229.85,193153578.82,108804525.79,22210582.5,62138470.53,32.17,514,Rail,14,14,0,1,Delivered,None,5177.0,97.6,,60-Day Credit,Paid
DCP-2024-033370,2024-07-17,2024,Q3,July,7,Benue Plant (Benue),North Central,Onitsha DC,Delta,Retailer,Dangote BLC,136,6.8,39603.6,269304.49,175900.42,137683.0,-44278.93,-16.44,1157,Road (Truck),4,11,7,0,Delayed,Road Damage,15684.0,92.8,4.0,60-Day Credit,Pending
DCP-2024-032347,2024-07-18,2024,Q3,July,7,Obajana Plant (Kogi),North Central,Ibadan DC,Abia,Retailer,Dangote OPC (52.5R),249,12.45,50806.57,632541.74,407077.24,36428.7,189035.8,29.89,418,River Barge,4,4,0,1,Delivered,None,7838.0,86.7,3.5,Cash & Carry,Paid
DCP-2024-032525,2024-07-18,2024,Q3,July,7,Obajana Plant (Kogi),North Central,Enugu DC,Kogi,Contractor,Dangote 3X (42.5R),9981,499.05,43752.99,21834928.51,14027470.47,1580740.88,6226717.16,28.52,181,Road (Truck),1,1,0,1,Delivered,None,61233.0,93.1,4.9,Cash & Carry,Pending
DCP-2024-032792,2024-07-18,2024,Q3,July,7,Obajana Plant (Kogi),North Central,Benin DC,Ondo,Retailer,Dangote 3X (42.5N),463,23.15,36221.68,838531.93,586294.32,94799.25,157438.36,18.78,234,Road (Truck),6,19,13,0,In Transit,Strike Action,69339.0,91.8,4.7,30-Day Credit,Paid
DCP-2024-032867,2024-07-18,2024,Q3,July,7,Dangote Cement Senegal,West Africa,Port Harcourt DC,Rivers,Government,Dangote 3X (42.5R),13037,651.85,41555.25,27087789.87,16771001.22,4175099.25,6141689.4,22.67,366,Road (Truck),5,5,0,1,Delivered,None,18771.0,98.6,3.2,30-Day Credit,Pending
DCP-2024-032883,2024-07-18,2024,Q3,July,7,Obajana Plant (Kogi),North Central,Kaduna DC,Edo,Export,Dangote OPC (52.5R),7265,363.25,48914.65,17768246.39,12321936.72,9236539.38,-3790229.71,-21.33,1453,Road (Truck),2,2,0,1,Delivered,None,76236.0,92.5,3.9,Cash & Carry,Paid
DCP-2024-033070,2024-07-18,2024,Q3,July,7,Ibese Plant (Ogun),Southwest,Onitsha DC,Plateau,Wholesaler,Dangote 3X (42.5R),727,36.35,44084.43,1602469.17,1005512.87,372260.35,224695.95,14.02,1463,River Barge,3,3,0,1,Delivered,None,25564.0,86.8,3.8,Letter of Credit,Paid
DCP-2024-032399,2024-07-19,2024,Q3,July,7,Dangote Cement Senegal,West Africa,Onitsha DC,Benue,Wholesaler,Dangote Falcon,4538,226.9,52846.37,11990841.92,7821897.18,3283810.25,885134.49,7.38,827,Road (Truck),14,14,0,1,Delivered,None,46957.0,99.6,4.6,Cash & Carry,Pending
DCP-2024-033231,2024-07-19,2024,Q3,July,7,Obajana Plant (Kogi),North Central,Lagos DC,Nassarawa,Wholesaler,Dangote 3X (42.5N),4670,233.5,38342.01,8952860.32,5667563.03,418432.0,2866865.29,32.02,128,Road (Articulated),9,15,6,0,Delivered,Strike Action,29578.0,89.5,4.9,Cash & Carry,Pending
DCP-2024-033311,2024-07-19,2024,Q3,July,7,Benue Plant (Benue),North Central,Ibadan DC,Abuja,Retailer,Dangote 3X (42.5R),198,9.9,40757.79,403502.07,255221.31,213444.0,-65163.24,-16.15,1232,Road (Truck),4,5,1,0,Returned,Customs Delay,47059.0,88.0,4.6,30-Day Credit,Paid
DCP-2024-033182,2024-07-20,2024,Q3,July,7,Benue Plant (Benue),North Central,Benin DC,Ebonyi,Contractor,Dangote Falcon,286,14.3,47732.16,682569.94,435647.11,378378.0,-131455.17,-19.26,1512,Road (Truck),13,24,11,0,Delivered,Fuel Shortage,35853.0,94.0,,Cash & Carry,Paid
DCP-2024-033187,2024-07-20,2024,Q3,July,7,Benue Plant (Benue),North Central,Lagos DC,Anambra,Government,Dangote 3X (42.5N),19966,998.3,39659.56,39592142.5,24886844.61,18169060.0,-3463762.11,-8.75,1040,Road (Truck),12,12,0,1,Delivered,None,10812.0,86.9,4.8,Cash & Carry,Pending
DCP-2024-033367,2024-07-20,2024,Q3,July,7,Dangote Cement Senegal,West Africa,Ibadan DC,Kebbi,Retailer,Dangote 3X (42.5R),236,11.8,41570.68,490534.06,299941.19,148473.5,42119.37,8.59,719,Road (Truck),8,8,0,1,Delivered,None,60368.0,98.1,3.6,30-Day Credit,Paid
DCP-2024-032520,2024-07-21,2024,Q3,July,7,Ibese Plant (Ogun),Southwest,Maiduguri DC,Osun,Retailer,Dangote 3X (42.5R),224,11.2,39533.41,442774.14,275807.4,99993.6,66973.14,15.13,992,Rail,4,17,13,0,Delivered,Strike Action,10087.0,90.8,3.1,30-Day Credit,Paid
DCP-2024-032548,2024-07-21,2024,Q3,July,7,Obajana Plant (Kogi),North Central,Onitsha DC,Kogi,Wholesaler,Dangote BLC,4680,234.0,35995.74,8423003.26,4800304.48,6437340.0,-2814641.22,-33.42,1572,Road (Truck),8,8,0,1,In Transit,None,21177.0,98.9,4.9,Cash & Carry,Pending
DCP-2024-032592,2024-07-22,2024,Q3,July,7,Obajana Plant (Kogi),North Central,Enugu DC,Cross River,Retailer,Dangote OPC (52.5R),338,16.9,45965.56,776817.97,444743.79,418545.4,-86471.22,-11.13,1769,Road (Articulated),4,13,9,0,Delivered,Strike Action,63920.0,85.1,3.4,Cash & Carry,Paid
DCP-2024-032690,2024-07-22,2024,Q3,July,7,Obajana Plant (Kogi),North Central,Onitsha DC,Ekiti,Wholesaler,Dangote 3X (42.5R),3736,186.8,44220.19,8260331.45,5200959.32,3828652.8,-769280.67,-9.31,1464,Road (Articulated),4,4,0,1,Delivered,None,14032.0,99.6,4.6,30-Day Credit,Pending
DCP-2024-033341,2024-07-22,2024,Q3,July,7,Ibese Plant (Ogun),Southwest,Enugu DC,Nassarawa,Wholesaler,Dangote OPC (52.5R),4120,206.0,46829.56,9646888.89,5784156.55,2191840.0,1670892.34,17.32,608,Road (Truck),7,7,0,1,Delivered,None,28229.0,91.3,3.3,60-Day Credit,Paid
DCP-2024-032672,2024-07-23,2024,Q3,July,7,Gboko Plant (Benue),North Central,Port Harcourt DC,Edo,Retailer,Dangote BLC,116,5.8,37639.68,218310.17,132356.83,43952.4,42000.94,19.24,842,Rail,4,4,0,1,In Transit,None,34234.0,99.0,3.3,Advance Payment,Paid
DCP-2024-033089,2024-07-23,2024,Q3,July,7,Ibese Plant (Ogun),Southwest,Lagos DC,Kano,Retailer,Dangote BLC,403,20.15,37380.08,753208.66,447367.2,218627.5,87213.96,11.58,620,Road (Truck),1,11,10,0,Returned,Flooding,81102.0,92.1,3.7,30-Day Credit,Paid
DCP-2024-033176,2024-07-23,2024,Q3,July,7,Dangote Cement Senegal,West Africa,Benin DC,Katsina,Retailer,Dangote 3X (42.5R),130,6.5,43059.57,279887.19,200455.18,112385.0,-32952.99,-11.77,1235,Road (Articulated),6,14,8,0,Delayed,Strike Action,8119.0,87.1,3.9,Cash & Carry,Paid
DCP-2024-033274,2024-07-23,2024,Q3,July,7,Dangote Cement Senegal,West Africa,Kano DC,Kaduna,Contractor,Dangote 3X (42.5R),4842,242.1,41735.02,10104047.41,6981756.38,669406.5,2452884.53,24.28,158,Road (Truck),14,14,0,1,Delivered,None,16039.0,86.2,4.8,Advance Payment,Paid
DCP-2024-033025,2024-07-24,2024,Q3,July,7,Benue Plant (Benue),North Central,Ibadan DC,Katsina,Retailer,Dangote OPC (52.5R),451,22.55,47765.54,1077112.92,597566.59,274264.38,205281.95,19.06,695,Road (Truck),2,2,0,1,Delivered,None,37067.0,90.9,4.6,60-Day Credit,Paid
DCP-2024-033121,2024-07-24,2024,Q3,July,7,Ibese Plant (Ogun),Southwest,Lagos DC,Bayelsa,Contractor,Dangote 3X (42.5R),2929,146.45,40385.26,5914421.64,4168152.41,1399329.75,346939.48,5.87,546,Road (Truck),9,22,13,0,Delivered,Fuel Shortage,32167.0,99.3,4.3,Advance Payment,Paid
DCP-2024-032360,2024-07-25,2024,Q3,July,7,Ibese Plant (Ogun),Southwest,Lagos DC,Plateau,Retailer,Dangote OPC (52.5R),168,8.4,51206.94,430138.31,277312.43,77733.6,75092.28,17.46,661,Road (Articulated),10,20,10,0,In Transit,,40123.0,85.8,,30-Day Credit,Paid
DCP-2024-032470,2024-07-25,2024,Q3,July,7,Benue Plant (Benue),North Central,Kaduna DC,Katsina,Retailer,Dangote BLC,87,4.35,38263.28,166445.26,96687.24,135198.0,-65439.98,-39.32,1776,Road (Truck),14,20,6,0,Delivered,Customs Delay,52498.0,85.1,4.8,Cash & Carry,Paid
DCP-2024-032593,2024-07-25,2024,Q3,July,7,Obajana Plant (Kogi),North Central,Kano DC,Ogun,Wholesaler,Dangote 3X (42.5R),3489,174.45,39862.34,6953984.48,4200053.47,2588838.0,165093.01,2.37,848,Road (Truck),7,11,4,0,Delivered,Truck Breakdown,83028.0,93.3,4.5,Cash & Carry,Paid
DCP-2024-032637,2024-07-25,2024,Q3,July,7,Gboko Plant (Benue),North Central,Benin DC,Enugu,Wholesaler,Dangote 3X (42.5N),1889,94.45,39488.18,3729658.81,2176298.72,2014854.62,-461494.53,-12.37,1219,Road (Truck),11,16,5,0,Delivered,Truck Breakdown,51233.0,86.8,4.5,Letter of Credit,Paid
DCP-2024-032681,2024-07-25,2024,Q3,July,7,Ibese Plant (Ogun),Southwest,Maiduguri DC,Abia,Wholesaler,Dangote OPC (52.5R),2427,121.35,47595.08,5775662.49,4130980.79,1892695.95,-248014.25,-4.29,1733,Rail,7,7,0,1,Delivered,None,35671.0,93.7,3.8,Advance Payment,Paid
DCP-2024-032810,2024-07-25,2024,Q3,July,7,Dangote Cement Senegal,West Africa,Onitsha DC,Kebbi,Wholesaler,Dangote Falcon,4248,212.4,51884.91,11020354.42,7697493.35,1293516.0,2029345.07,18.41,348,Road (Truck),2,16,14,0,Delayed,Fuel Shortage,20089.0,85.5,3.6,Cash & Carry,Paid
DCP-2024-033415,2024-07-25,2024,Q3,July,7,Gboko Plant (Benue),North Central,Ibadan DC,Delta,Contractor,Dangote BLC,257,12.85,34632.92,445033.03,281776.3,94087.7,69169.03,15.54,523,Road (Articulated),6,16,10,0,Delivered,Fuel Shortage,23774.0,88.7,3.3,30-Day Credit,Paid
DCP-2024-032353,2024-07-26,2024,Q3,July,7,Gboko Plant (Benue),North Central,Enugu DC,Abuja,Wholesaler,Dangote 3X (42.5N),4084,204.2,40229.83,8214930.77,5590481.07,3719298.8,-1094849.1,-13.33,1301,Road (Articulated),8,15,7,0,Delivered,Fuel Shortage,73441.0,87.8,4.2,30-Day Credit,Paid
DCP-2024-033106,2024-07-26,2024,Q3,July,7,Gboko Plant (Benue),North Central,Kano DC,Kwara,Wholesaler,Dangote 3X (42.5R),2584,129.2,37865.38,4892206.78,2931107.85,638506.4,1322592.53,27.03,353,Road (Articulated),8,9,1,0,Delivered,Strike Action,46755.0,99.7,3.6,Advance Payment,Paid
DCP-2024-032491,2024-07-27,2024,Q3,July,7,Dangote Cement Senegal,West Africa,Benin DC,Ogun,Contractor,Dangote BLC,6816,340.8,35612.71,12136812.18,7804851.56,7043484.0,-2711523.38,-22.34,1181,Road (Truck),12,12,0,1,Delivered,None,59694.0,85.3,3.0,Advance Payment,Paid
DCP-2024-032492,2024-07-28,2024,Q3,July,7,Ibese Plant (Ogun),Southwest,Enugu DC,Edo,Contractor,Dangote 3X (42.5N),5935,296.75,40750.78,12092795.13,6941148.98,2570596.88,2581049.27,21.34,495,Road (Truck),4,4,0,1,Delivered,None,22740.0,95.3,3.4,60-Day Credit,Paid
DCP-2024-032629,2024-07-28,2024,Q3,July,7,Benue Plant (Benue),North Central,Lagos DC,Oyo,Wholesaler,Dangote 3X (42.5N),635,31.75,38749.06,1230282.76,768528.72,191579.5,270174.54,21.96,431,Road (Articulated),2,13,11,0,Delivered,Fuel Shortage,66565.0,91.7,3.7,Cash & Carry,Paid
DCP-2024-033169,2024-07-28,2024,Q3,July,7,Ibese Plant (Ogun),Southwest,Port Harcourt DC,Akwa Ibom,Retailer,Dangote 3X (42.5R),142,7.1,41516.1,294764.29,182572.32,197557.5,-85365.53,-28.96,1590,Road (Truck),3,3,0,1,In Transit,None,17740.0,96.9,4.1,Advance Payment,Pending
DCP-2024-033407,2024-07-28,2024,Q3,July,7,Dangote Cement Senegal,West Africa,Onitsha DC,Lagos,Retailer,Dangote 3X (42.5N),364,18.2,38124.56,693866.93,396167.4,131859.0,165840.53,23.9,414,Road (Truck),14,14,0,1,Delivered,None,40165.0,86.3,4.8,60-Day Credit,Paid
DCP-2024-032591,2024-07-30,2024,Q3,July,7,Benue Plant (Benue),North Central,Benin DC,Sokoto,Retailer,Dangote OPC (52.5R),128,6.4,46129.44,295228.43,184986.6,66124.8,44117.03,14.94,738,Road (Articulated),10,10,0,1,Delivered,None,36259.0,86.1,4.2,30-Day Credit,Paid
DCP-2024-032639,2024-07-30,2024,Q3,July,7,Benue Plant (Benue),North Central,Maiduguri DC,Enugu,Wholesaler,Dangote 3X (42.5R),3961,198.05,41683.5,8255417.1,5855473.03,5150290.25,-2750346.18,-33.32,1486,Road (Truck),9,9,0,1,Delivered,None,62187.0,95.9,3.1,Advance Payment,Overdue
DCP-2024-032333,2024-07-31,2024,Q3,July,7,Obajana Plant (Kogi),North Central,Lagos DC,Zamfara,Wholesaler,Dangote 3X (42.5R),729,36.45,39119.5,1425905.67,789159.67,212795.1,423950.9,29.73,417,Road (Articulated),12,12,0,1,Delivered,None,81894.0,86.6,3.2,Letter of Credit,Paid
DCP-2024-032348,2024-07-31,2024,Q3,July,7,Gboko Plant (Benue),North Central,Benin DC,Imo,Wholesaler,Dangote 3X (42.5R),650,32.5,43664.93,1419110.15,797385.59,145031.25,476693.31,33.59,255,Road (Truck),10,10,0,1,Delivered,None,28254.0,93.1,4.6,Cash & Carry,Paid
DCP-2024-032565,2024-07-31,2024,Q3,July,7,Dangote Cement Senegal,West Africa,Port Harcourt DC,Delta,Wholesaler,Dangote 3X (42.5R),3425,171.25,43448.11,7440489.64,4327686.24,2544346.88,568456.52,7.64,849,Road (Truck),11,13,2,0,Delayed,Strike Action,37302.0,96.5,4.0,30-Day Credit,Paid
DCP-2024-033228,2024-07-31,2024,Q3,July,7,Ibese Plant (Ogun),Southwest,Onitsha DC,Nassarawa,Wholesaler,Dangote BLC,4096,204.8,38026.66,7787859.15,5022995.03,6074880.0,-3310015.88,-42.5,1695,Road (Truck),8,21,13,0,Delayed,Customs Delay,70226.0,88.0,4.4,Cash & Carry,Pending
DCP-2024-032467,2024-08-02,2024,Q3,August,8,Obajana Plant (Kogi),North Central,Enugu DC,Ebonyi,Wholesaler,Dangote 3X (42.5N),341,17.05,39318.02,670372.17,399028.91,92197.88,179145.38,26.72,309,Road (Truck),8,8,0,1,Delivered,None,82700.0,85.9,4.7,Advance Payment,Pending
DCP-2024-032578,2024-08-02,2024,Q3,August,8,Benue Plant (Benue),North Central,Port Harcourt DC,Kogi,Contractor,Dangote OPC (52.5R),3227,161.35,49964.48,8061768.72,5260687.55,703082.62,2097998.55,26.02,249,Road (Truck),12,12,0,1,Delivered,None,28626.0,96.9,3.9,60-Day Credit,Paid
DCP-2024-032813,2024-08-02,2024,Q3,August,8,Dangote Cement Senegal,West Africa,Lagos DC,Imo,Wholesaler,Dangote OPC (52.5R),4680,234.0,44529.2,10419832.51,6612868.4,3521700.0,285264.11,2.74,1075,Road (Articulated),9,9,0,1,Delivered,None,27041.0,99.3,4.0,Cash & Carry,Overdue
DCP-2024-032378,2024-08-03,2024,Q3,August,8,Gboko Plant (Benue),North Central,Onitsha DC,Abuja,Contractor,Dangote OPC (52.5R),9493,474.65,43913.07,20843336.69,14623485.69,903733.6,5316117.4,25.51,136,Road (Articulated),7,7,0,1,Delivered,None,71727.0,91.8,4.0,60-Day Credit,Pending
DCP-2024-032429,2024-08-04,2024,Q3,August,8,Obajana Plant (Kogi),North Central,Maiduguri DC,Katsina,Retailer,Dangote OPC (52.5R),421,21.05,46675.42,982517.56,688523.55,120458.62,173535.39,17.66,327,Road (Truck),7,17,10,0,Delivered,Fuel Shortage,63372.0,93.6,4.1,Cash & Carry,Pending
DCP-2024-032644,2024-08-04,2024,Q3,August,8,Gboko Plant (Benue),North Central,Kaduna DC,Zamfara,Export,Dangote BLC,12073,603.65,36711.81,22161082.93,14194830.71,11937178.75,-3970926.53,-17.92,1130,Road (Truck),6,6,0,1,Delivered,None,52904.0,87.1,4.6,60-Day Credit,Paid
DCP-2024-033189,2024-08-04,2024,Q3,August,8,Benue Plant (Benue),North Central,Benin DC,Nassarawa,Wholesaler,Dangote 3X (42.5R),3631,181.55,40630.1,7376394.6,4543466.55,2506116.2,326811.85,4.43,986,Road (Articulated),4,18,14,0,Delayed,Strike Action,18847.0,89.5,4.9,Cash & Carry,Paid
DCP-2024-032557,2024-08-05,2024,Q3,August,8,Benue Plant (Benue),North Central,Enugu DC,Akwa Ibom,Contractor,Dangote 3X (42.5R),689,34.45,38088.65,1312153.99,856022.66,173386.85,282744.48,21.55,719,River Barge,2,2,0,1,Delivered,,9936.0,93.8,3.2,Cash & Carry,Overdue
DCP-2024-032855,2024-08-05,2024,Q3,August,8,Benue Plant (Benue),North Central,Abuja DC,Abia,Export,Dangote BLC,65806,3290.3,40113.58,131985702.98,86423695.1,97656104.0,-52094096.12,-39.47,1696,Road (Truck),1,1,0,1,Delivered,None,83179.0,91.8,3.6,Cash & Carry,Paid
DCP-2024-033214,2024-08-05,2024,Q3,August,8,Dangote Cement Senegal,West Africa,Abuja DC,Kogi,Wholesaler,Dangote 3X (42.5R),3291,164.55,42389.89,6975255.64,4291795.1,1004989.13,1678471.41,24.06,349,Road (Truck),11,11,0,1,Delivered,None,81508.0,90.0,3.8,30-Day Credit,Paid
DCP-2024-032603,2024-08-06,2024,Q3,August,8,Dangote Cement Senegal,West Africa,Benin DC,Bayelsa,Wholesaler,Dangote 3X (42.5R),3516,175.8,43419.15,7633087.06,4589284.94,2567910.6,475891.52,6.23,1623,Rail,6,15,9,0,In Transit,Truck Breakdown,9644.0,86.4,,Cash & Carry,Paid
DCP-2024-032634,2024-08-06,2024,Q3,August,8,Benue Plant (Benue),North Central,Benin DC,Enugu,Retailer,Dangote 3X (42.5R),329,16.45,39230.76,645346.04,395768.35,294496.12,-44918.43,-6.96,1023,Road (Truck),1,1,0,1,Delivered,None,33900.0,85.2,3.0,30-Day Credit,Paid
DCP-2024-032636,2024-08-06,2024,Q3,August,8,Gboko Plant (Benue),North Central,Lagos DC,Abia,Wholesaler,Dangote 3X (42.5R),130,6.5,43774.63,284535.11,157758.31,36309.0,90467.8,31.79,399,Road (Articulated),3,8,5,0,Delayed,Fuel Shortage,39650.0,99.6,3.8,Cash & Carry,Paid
DCP-2024-032902,2024-08-06,2024,Q3,August,8,Gboko Plant (Benue),North Central,Kano DC,Abia,Export,Dangote OPC (52.5R),87354,4367.7,44752.0,195463326.23,112534866.92,67262580.0,15665879.31,8.01,880,Road (Truck),5,5,0,1,Delivered,None,17264.0,94.1,3.3,Advance Payment,Paid
DCP-2024-032450,2024-08-07,2024,Q3,August,8,Benue Plant (Benue),North Central,Kano DC,Nassarawa,Contractor,Dangote 3X (42.5R),208,10.4,40532.93,421542.46,244266.62,18746.0,158529.84,37.61,103,Road (Truck),11,19,8,0,Returned,Flooding,25724.0,98.0,4.1,30-Day Credit,Paid
DCP-2024-032880,2024-08-07,2024,Q3,August,8,Ibese Plant (Ogun),Southwest,Maiduguri DC,Ondo,Wholesaler,Dangote 3X (42.5N),2735,136.75,36934.25,5050758.09,2982800.86,4111388.75,-2043431.52,-40.46,1718,Road (Truck),6,8,2,0,Delayed,Security Incident,18842.0,98.3,3.6,Cash & Carry,Paid
DCP-2024-033008,2024-08-07,2024,Q3,August,8,Dangote Cement Senegal,West Africa,Maiduguri DC,Bayelsa,Retailer,Dangote Falcon,444,22.2,50791.09,1127562.13,705358.92,75757.5,346445.71,30.73,195,Road (Truck),10,13,3,0,Returned,Customs Delay,32976.0,94.3,4.4,Cash & Carry,Pending
DCP-2024-033049,2024-08-07,2024,Q3,August,8,Dangote Cement Senegal,West Africa,Onitsha DC,Imo,Retailer,Dangote 3X (42.5N),180,9.0,36787.37,331086.35,194774.66,179550.0,-43238.31,-13.06,1425,Road (Articulated),14,14,0,1,Delivered,None,29138.0,88.7,4.9,30-Day Credit,Paid
DCP-2024-033068,2024-08-07,2024,Q3,August,8,Benue Plant (Benue),North Central,Ibadan DC,Kogi,Export,Dangote 3X (42.5R),55408,2770.4,41025.31,113656523.37,74478176.81,54105912.0,-14927565.44,-13.13,1116,Road (Truck),7,7,0,1,Delivered,None,56907.0,99.0,3.9,Advance Payment,Paid
DCP-2024-032447,2024-08-08,2024,Q3,August,8,Gboko Plant (Benue),North Central,Benin DC,Abia,Wholesaler,Dangote 3X (42.5R),1430,71.5,38632.19,2762201.73,1584091.96,375375.0,802734.77,29.06,375,Road (Articulated),4,4,0,1,In Transit,None,63003.0,90.9,4.5,Cash & Carry,Paid
DCP-2024-032790,2024-08-08,2024,Q3,August,8,Ibese Plant (Ogun),Southwest,Kano DC,Rivers,Government,Dangote BLC,43541,2177.05,36759.62,80027528.13,49647298.26,,24467362.07,30.57,194,Road (Articulated),12,12,0,1,Delivered,None,42820.0,96.9,4.5,Cash & Carry,Paid
DCP-2024-033125,2024-08-08,2024,Q3,August,8,Benue Plant (Benue),North Central,Benin DC,Nassarawa,Retailer,Dangote 3X (42.5R),363,18.15,39216.08,711771.88,427324.42,192163.12,92284.34,12.97,605,Road (Truck),14,14,0,1,Delivered,None,64745.0,88.5,4.4,30-Day Credit,Paid
DCP-2024-033238,2024-08-08,2024,Q3,August,8,Obajana Plant (Kogi),North Central,Maiduguri DC,Bayelsa,Contractor,Dangote BLC,8298,414.9,34457.19,14296290.13,8392001.94,1202380.2,4701907.99,32.89,207,Road (Articulated),5,10,5,0,Delivered,,49667.0,85.0,3.7,Cash & Carry,Paid
DCP-2024-032771,2024-08-09,2024,Q3,August,8,Benue Plant (Benue),North Central,Enugu DC,Niger,Government,Dangote 3X (42.5R),15202,760.1,38022.22,28900687.83,18577363.89,1867565.7,8455758.24,29.26,273,Rail,13,13,0,1,Delivered,None,8538.0,88.7,4.4,Cash & Carry,Paid
DCP-2024-033252,2024-08-09,2024,Q3,August,8,Obajana Plant (Kogi),North Central,Enugu DC,Katsina,Retailer,Dangote 3X (42.5R),468,23.4,40820.09,955190.11,619151.93,545454.0,-209415.82,-21.92,1665,Road (Articulated),14,16,2,0,Delayed,Road Damage,17770.0,97.7,4.2,Letter of Credit,Paid
DCP-2024-032465,2024-08-10,2024,Q3,August,8,Benue Plant (Benue),North Central,Enugu DC,Benue,Government,Dangote 3X (42.5R),17106,855.3,40752.18,34855341.06,22192652.72,25056013.5,-12393325.16,-35.56,1674,Road (Truck),7,7,0,1,Delivered,None,14937.0,92.0,4.8,30-Day Credit,Paid
DCP-2024-032493,2024-08-10,2024,Q3,August,8,Gboko Plant (Benue),North Central,Ibadan DC,Lagos,Wholesaler,Dangote 3X (42.5R),807,40.35,38871.19,1568452.41,894517.57,372269.1,301665.74,19.23,1318,River Barge,13,13,0,1,Delayed,None,60829.0,87.7,4.8,Cash & Carry,Paid
DCP-2024-032562,2024-08-10,2024,Q3,August,8,Gboko Plant (Benue),North Central,Onitsha DC,Nassarawa,Retailer,Dangote BLC,242,12.1,36987.74,447551.64,273253.73,186219.0,-11921.09,-2.66,1710,Rail,7,22,15,0,Delayed,Flooding,84014.0,90.2,4.3,30-Day Credit,Paid
DCP-2024-032879,2024-08-10,2024,Q3,August,8,Ibese Plant (Ogun),Southwest,Abuja DC,Kaduna,Wholesaler,Dangote Falcon,1727,86.35,51488.64,4446043.64,2711426.07,915482.7,819134.87,18.42,1178,Rail,7,18,11,0,Delivered,Road Damage,8172.0,95.9,,60-Day Credit,Paid
DCP-2024-033000,2024-08-10,2024,Q3,August,8,Benue Plant (Benue),North Central,Abuja DC,Kano,Wholesaler,Dangote BLC,1204,60.2,37070.81,2231662.51,1316201.43,1095640.0,-180178.92,-8.07,1300,Road (Articulated),6,6,0,1,Delivered,None,12488.0,94.4,4.3,Cash & Carry,Paid
DCP-2024-033115,2024-08-10,2024,Q3,August,8,Obajana Plant (Kogi),North Central,Lagos DC,Delta,Retailer,Dangote 3X (42.5N),41,2.05,40939.87,83926.73,46594.82,63247.62,-25915.71,-30.88,1763,Road (Truck),2,15,13,0,Delayed,Strike Action,65882.0,98.6,4.4,30-Day Credit,Paid
DCP-2024-032607,2024-08-11,2024,Q3,August,8,Ibese Plant (Ogun),Southwest,Benin DC,Abuja,Contractor,Dangote 3X (42.5N),6262,313.1,36491.12,11425368.75,7270770.66,9429789.25,-5275191.16,-46.17,1721,Road (Truck),3,3,0,1,Delivered,None,7857.0,86.4,3.2,Cash & Carry,Pending
DCP-2024-032809,2024-08-11,2024,Q3,August,8,Ibese Plant (Ogun),Southwest,Maiduguri DC,Plateau,Contractor,Dangote 3X (42.5N),6525,326.25,40987.16,13372059.68,7766807.82,2957456.25,2647795.61,19.8,518,Road (Truck),9,10,1,0,Delayed,Road Damage,26244.0,91.0,3.6,60-Day Credit,Paid
DCP-2024-032939,2024-08-11,2024,Q3,August,8,Dangote Cement Senegal,West Africa,Benin DC,Kogi,Retailer,Dangote OPC (52.5R),490,24.5,47206.19,1156551.57,777158.91,330750.0,48642.66,4.21,1500,Rail,10,24,14,0,Delayed,Fuel Shortage,21844.0,94.5,3.2,Cash & Carry,Overdue
DCP-2024-032858,2024-08-12,2024,Q3,August,8,Dangote Cement Senegal,West Africa,Abuja DC,Abuja,Government,Dangote 3X (42.5R),3332,166.6,42589.81,7095463.04,4265717.38,4775589.0,-1945843.34,-27.42,1638,Road (Truck),2,5,3,0,In Transit,Flooding,18620.0,93.5,3.2,Letter of Credit,Paid
DCP-2024-033065,2024-08-13,2024,Q3,August,8,Gboko Plant (Benue),North Central,Enugu DC,Kebbi,Contractor,Dangote 3X (42.5R),4715,235.75,41237.77,9721803.34,5973489.23,2642050.25,1106263.86,11.38,1601,River Barge,9,18,9,0,Damaged in Transit,Road Damage,46922.0,95.6,3.1,60-Day Credit,Paid
DCP-2024-033079,2024-08-13,2024,Q3,August,8,Benue Plant (Benue),North Central,Lagos DC,Rivers,Retailer,Dangote 3X (42.5R),429,21.45,43407.3,931086.63,668159.89,149613.75,113312.99,12.17,775,Rail,2,2,0,1,Delivered,None,69810.0,89.8,4.1,Cash & Carry,Paid
DCP-2024-033405,2024-08-13,2024,Q3,August,8,Gboko Plant (Benue),North Central,Maiduguri DC,Sokoto,Government,Dangote 3X (42.5N),25666,1283.3,36432.64,46754007.42,30285966.66,36179435.25,-19711394.49,-42.16,1611,Road (Truck),14,14,0,1,Delivered,None,13718.0,91.6,4.6,30-Day Credit,Paid
DCP-2024-032497,2024-08-14,2024,Q3,August,8,Dangote Cement Senegal,West Africa,Maiduguri DC,Kogi,Retailer,Dangote 3X (42.5N),236,11.8,39683.24,468262.25,324794.36,24119.2,119348.69,25.49,146,Road (Articulated),9,9,0,1,Delivered,None,32846.0,94.0,4.5,Letter of Credit,Paid
DCP-2024-032922,2024-08-14,2024,Q3,August,8,Benue Plant (Benue),North Central,Kano DC,Kebbi,Export,Dangote 3X (42.5R),89669,4483.45,40791.59,182887056.2,106718817.82,33204430.7,42963807.68,23.49,529,Road (Articulated),9,9,0,1,Delivered,None,31031.0,88.3,4.7,Cash & Carry,Paid
DCP-2024-032924,2024-08-14,2024,Q3,August,8,Gboko Plant (Benue),North Central,Enugu DC,Ondo,Government,Dangote OPC (52.5R),4086,204.3,49152.72,10041899.78,5581824.75,4397557.5,62517.53,0.62,1230,Road (Truck),10,18,8,0,Delivered,Road Damage,45356.0,92.7,3.7,Cash & Carry,Overdue
DCP-2024-032890,2024-08-15,2024,Q3,August,8,Obajana Plant (Kogi),North Central,Kaduna DC,Katsina,Retailer,Dangote OPC (52.5R),141,7.05,49709.09,350449.11,249911.38,87878.25,12659.48,3.61,1385,Rail,9,9,0,1,Delivered,None,69209.0,89.7,3.7,Cash & Carry,Paid
DCP-2024-033185,2024-08-15,2024,Q3,August,8,Gboko Plant (Benue),North Central,Onitsha DC,Oyo,Retailer,Dangote 3X (42.5R),112,5.6,41828.71,234240.78,144713.9,73684.8,15842.08,6.76,1462,Rail,13,20,7,0,Delivered,Truck Breakdown,81204.0,86.9,4.7,30-Day Credit,Overdue
DCP-2024-032511,2024-08-16,2024,Q3,August,8,Gboko Plant (Benue),North Central,Kano DC,Oyo,Contractor,Dangote OPC (52.5R),5848,292.4,50078.3,14642895.42,8694224.89,1627206.0,4321464.53,29.51,318,Road (Truck),1,15,14,0,Delivered,Fuel Shortage,46274.0,94.2,4.4,30-Day Credit,Paid
DCP-2024-033095,2024-08-16,2024,Q3,August,8,Dangote Cement Senegal,West Africa,Benin DC,Kwara,Contractor,Dangote 3X (42.5R),3964,198.2,41159.78,8157867.94,4939349.87,4075487.5,-856969.43,-10.5,1175,Road (Truck),11,21,10,0,Damaged in Transit,Flooding,53184.0,90.1,4.5,Cash & Carry,Overdue
DCP-2024-032414,2024-08-17,2024,Q3,August,8,Dangote Cement Senegal,West Africa,Ibadan DC,Katsina,Contractor,Dangote OPC (52.5R),482,24.1,45621.75,1099484.24,756438.46,148456.0,194589.78,17.7,440,Road (Articulated),3,3,0,1,Delivered,None,58042.0,93.1,3.4,30-Day Credit,Pending
DCP-2024-032649,2024-08-17,2024,Q3,August,8,Ibese Plant (Ogun),Southwest,Benin DC,Kwara,Wholesaler,Dangote 3X (42.5N),3303,165.15,41847.78,6911161.37,4752818.12,1699393.5,458949.75,6.64,588,Road (Truck),13,13,0,1,Delivered,None,61792.0,98.7,4.7,Advance Payment,Pending
DCP-2024-032776,2024-08-17,2024,Q3,August,8,Gboko Plant (Benue),North Central,Kaduna DC,Nassarawa,Retailer,Dangote Falcon,182,9.1,49049.03,446346.14,301485.05,172945.5,-28084.41,-6.29,1086,Road (Truck),12,27,15,0,Delayed,,35057.0,87.1,4.8,60-Day Credit,Pending
DCP-2024-032718,2024-08-18,2024,Q3,August,8,Obajana Plant (Kogi),North Central,Benin DC,Ogun,Retailer,Dangote OPC (52.5R),402,20.1,48668.09,978228.58,616989.98,455023.8,-93785.2,-9.59,1617,Road (Articulated),12,12,0,1,Delivered,None,34899.0,88.6,3.6,60-Day Credit,Paid
DCP-2024-032396,2024-08-19,2024,Q3,August,8,Ibese Plant (Ogun),Southwest,Enugu DC,Osun,Retailer,Dangote 3X (42.5R),132,6.6,43890.91,289680.0,168183.46,155601.6,-34105.06,-11.77,1684,Road (Articulated),12,12,0,1,Delivered,None,11458.0,85.8,3.3,60-Day Credit,Paid
DCP-2024-032402,2024-08-19,2024,Q3,August,8,Benue Plant (Benue),North Central,Benin DC,Nassarawa,Wholesaler,Dangote OPC (52.5R),541,27.05,45358.17,1226938.49,707859.97,726630.62,-207552.1,-16.92,1535,Road (Truck),8,8,0,1,Delivered,None,42144.0,96.2,3.5,30-Day Credit,Overdue
DCP-2024-032513,2024-08-20,2024,Q3,August,8,Benue Plant (Benue),North Central,Port Harcourt DC,Kano,Contractor,Dangote 3X (42.5N),6455,322.75,38441.24,12406911.08,7894736.89,7009323.12,-2497148.93,-20.13,1241,Road (Truck),8,20,12,0,Delayed,Security Incident,63795.0,92.0,3.5,Cash & Carry,Overdue
DCP-2024-032786,2024-08-20,2024,Q3,August,8,Obajana Plant (Kogi),North Central,Kano DC,Nassarawa,Wholesaler,Dangote 3X (42.5R),4274,213.7,42526.67,9087948.5,5210494.33,1489916.4,2387537.77,26.27,498,Road (Articulated),6,6,0,1,Delivered,None,82866.0,98.9,4.3,30-Day Credit,Overdue
DCP-2024-033005,2024-08-20,2024,Q3,August,8,Benue Plant (Benue),North Central,Abuja DC,Ogun,Government,Dangote 3X (42.5R),7044,352.2,43868.48,15450480.34,9164287.0,3693169.2,2593024.14,16.78,749,Road (Articulated),10,10,0,1,Delivered,None,33798.0,98.7,3.8,30-Day Credit,Paid
DCP-2024-033314,2024-08-20,2024,Q3,August,8,Dangote Cement Senegal,West Africa,Port Harcourt DC,Enugu,Wholesaler,Dangote 3X (42.5N),2719,135.95,42240.12,5742544.35,3341658.31,1877129.62,523756.42,9.12,789,Road (Truck),3,14,11,0,Delivered,Truck Breakdown,11795.0,86.9,4.9,30-Day Credit,Paid
DCP-2024-033184,2024-08-21,2024,Q3,August,8,Obajana Plant (Kogi),North Central,Lagos DC,Abia,Wholesaler,Dangote 3X (42.5N),2697,134.85,37332.32,5034263.04,2820168.76,,1390025.93,27.61,873,River Barge,1,7,6,0,Delivered,Fuel Shortage,60341.0,93.7,3.7,Letter of Credit,Paid
DCP-2024-033385,2024-08-21,2024,Q3,August,8,Dangote Cement Senegal,West Africa,Onitsha DC,Ondo,Wholesaler,Dangote BLC,2320,116.0,35510.48,4119215.56,2624366.47,2762830.0,-1267980.91,-30.78,1361,Road (Truck),3,11,8,0,Delivered,Truck Breakdown,71826.0,99.6,3.1,30-Day Credit,Paid
DCP-2024-032719,2024-08-22,2024,Q3,August,8,Benue Plant (Benue),North Central,Kaduna DC,Ogun,Wholesaler,Dangote 3X (42.5R),4089,204.45,43669.01,8928130.08,6088464.02,95682.6,2743983.46,30.73,52,Rail,2,9,7,0,Delivered,Road Damage,23115.0,93.3,3.7,Cash & Carry,Paid
DCP-2024-032856,2024-08-22,2024,Q3,August,8,Ibese Plant (Ogun),Southwest,Lagos DC,Plateau,Retailer,Dangote 3X (42.5N),453,22.65,39127.8,886244.71,570463.76,299342.4,16438.55,1.85,944,Road (Articulated),10,10,0,1,In Transit,None,9859.0,95.1,4.8,Letter of Credit,Paid
DCP-2024-032972,2024-08-22,2024,Q3,August,8,Gboko Plant (Benue),North Central,Lagos DC,Kebbi,Contractor,Dangote BLC,5256,262.8,39916.05,10489938.36,6687131.55,1011780.0,2791026.81,26.61,220,Road (Truck),13,24,11,0,Returned,Truck Breakdown,64761.0,98.2,3.4,30-Day Credit,Pending
DCP-2024-033174,2024-08-22,2024,Q3,August,8,Gboko Plant (Benue),North Central,Maiduguri DC,Anambra,Government,Dangote 3X (42.5R),14831,741.55,42828.28,31759307.96,18717622.12,7354692.9,5686992.94,17.91,1102,Rail,5,5,0,1,Delivered,None,58812.0,91.2,4.3,30-Day Credit,Paid
DCP-2024-032376,2024-08-23,2024,Q3,August,8,Benue Plant (Benue),North Central,Abuja DC,Nassarawa,Wholesaler,Dangote 3X (42.5R),2046,102.3,43438.7,4443779.24,2902933.67,,-850928.43,-19.15,1336,Road (Truck),5,5,0,1,Delivered,None,38423.0,92.6,4.3,60-Day Credit,Paid
DCP-2024-032385,2024-08-23,2024,Q3,August,8,Ibese Plant (Ogun),Southwest,Lagos DC,Anambra,Government,Dangote Falcon,38111,1905.55,51594.83,98316532.88,55344135.27,,16801573.91,17.09,1526,Rail,11,22,11,0,In Transit,Security Incident,72493.0,92.5,4.6,Advance Payment,Paid
DCP-2024-032488,2024-08-23,2024,Q3,August,8,Dangote Cement Senegal,West Africa,Enugu DC,Plateau,Contractor,Dangote 3X (42.5R),6867,343.35,40799.78,14008605.42,9939402.61,9571739.62,-5502536.81,-39.28,1593,Road (Truck),3,18,15,0,Delayed,Fuel Shortage,29781.0,97.3,4.7,Advance Payment,Paid
DCP-2024-032556,2024-08-23,2024,Q3,August,8,Gboko Plant (Benue),North Central,Port Harcourt DC,Zamfara,Wholesaler,Dangote OPC (52.5R),3333,166.65,45020.39,7502648.67,4289073.01,492867.38,2720708.28,36.26,169,Road (Truck),13,13,0,1,Delivered,None,41437.0,98.5,4.4,Cash & Carry,Overdue
DCP-2024-032802,2024-08-23,2024,Q3,August,8,Obajana Plant (Kogi),North Central,Onitsha DC,Delta,Retailer,Dangote OPC (52.5R),151,7.55,45718.99,345178.37,208386.7,27534.85,109256.82,31.65,521,River Barge,14,20,6,0,Delivered,Fuel Shortage,15710.0,99.6,4.8,Cash & Carry,Paid
DCP-2024-032877,2024-08-23,2024,Q3,August,8,Obajana Plant (Kogi),North Central,Port Harcourt DC,Zamfara,Retailer,Dangote 3X (42.5R),398,19.9,41446.6,824787.28,485873.8,494515.0,-155601.52,-18.87,1420,Road (Truck),14,25,11,0,Delivered,Flooding,67995.0,93.1,4.5,60-Day Credit,Paid
DCP-2024-033124,2024-08-23,2024,Q3,August,8,Obajana Plant (Kogi),North Central,Lagos DC,Kaduna,Wholesaler,Dangote 3X (42.5R),4300,215.0,44253.43,9514488.07,5756547.81,474075.0,3283865.26,34.51,126,Road (Truck),5,5,0,1,Delivered,None,11143.0,98.3,,60-Day Credit,Paid
DCP-2024-032372,2024-08-24,2024,Q3,August,8,Ibese Plant (Ogun),Southwest,Abuja DC,Anambra,Wholesaler,Dangote 3X (42.5N),4775,238.75,37388.64,8926536.94,6374087.57,1512481.25,1039968.12,11.65,362,Road (Truck),10,10,0,1,Delivered,None,57881.0,89.1,4.4,Cash & Carry,Paid
DCP-2024-032379,2024-08-24,2024,Q3,August,8,Dangote Cement Senegal,West Africa,Maiduguri DC,Lagos,Wholesaler,Dangote 3X (42.5R),1680,84.0,43353.36,3641681.86,2484413.48,1218672.0,-61403.62,-1.69,1612,Rail,2,2,0,1,Delivered,None,46735.0,98.2,4.1,30-Day Credit,Paid
DCP-2024-032584,2024-08-24,2024,Q3,August,8,Gboko Plant (Benue),North Central,Lagos DC,Nassarawa,Contractor,Dangote 3X (42.5N),1465,73.25,39821.68,2916938.39,2028575.41,823403.25,64959.73,2.23,1249,Rail,12,22,10,0,Delivered,Strike Action,30470.0,96.8,4.7,Advance Payment,Paid
DCP-2024-033002,2024-08-25,2024,Q3,August,8,Obajana Plant (Kogi),North Central,Lagos DC,Oyo,Contractor,Dangote 3X (42.5R),9596,479.8,43823.98,21026746.19,14415442.93,4382973.0,2228330.26,10.6,522,Road (Truck),12,12,0,1,Delivered,None,58476.0,97.0,4.8,30-Day Credit,Overdue
DCP-2024-033069,2024-08-25,2024,Q3,August,8,Obajana Plant (Kogi),North Central,Onitsha DC,Anambra,Retailer,Dangote OPC (52.5R),16,0.8,46760.78,37408.62,24548.63,20454.0,-7594.01,-20.3,1461,Road (Truck),14,16,2,0,In Transit,Customs Delay,75868.0,89.1,,30-Day Credit,Paid
DCP-2024-033285,2024-08-25,2024,Q3,August,8,Ibese Plant (Ogun),Southwest,Benin DC,Rivers,Government,Dangote 3X (42.5N),11100,555.0,40060.1,22233356.04,12753181.94,3830610.0,5649564.1,25.41,986,River Barge,2,2,0,1,Returned,None,80865.0,95.3,4.6,Advance Payment,Paid
DCP-2024-032542,2024-08-26,2024,Q3,August,8,Gboko Plant (Benue),North Central,Ibadan DC,Oyo,Export,Dangote OPC (52.5R),14297,714.85,46242.47,33056429.3,20225880.02,12735052.75,95496.53,0.29,1018,Road (Truck),2,8,6,0,Delayed,Security Incident,83815.0,87.4,3.8,60-Day Credit,Paid
DCP-2024-032657,2024-08-26,2024,Q3,August,8,Benue Plant (Benue),North Central,Lagos DC,Nassarawa,Wholesaler,Dangote 3X (42.5N),4140,207.0,38378.3,7944307.72,5099664.51,372393.0,2472250.21,31.12,257,River Barge,3,15,12,0,Delivered,Security Incident,55568.0,96.8,3.3,Cash & Carry,Paid
DCP-2024-032359,2024-08-27,2024,Q3,August,8,Benue Plant (Benue),North Central,Benin DC,Zamfara,Contractor,Dangote 3X (42.5R),4228,211.4,41884.39,8854360.86,5945056.2,1564888.5,1344416.16,15.18,423,Road (Truck),13,13,0,1,In Transit,None,72828.0,91.1,3.2,Cash & Carry,Paid
DCP-2024-032486,2024-08-27,2024,Q3,August,8,Benue Plant (Benue),North Central,Port Harcourt DC,Ogun,Government,Dangote 3X (42.5N),45327,2266.35,36321.94,82318233.31,57211108.74,20671378.35,4435746.22,5.39,1303,River Barge,5,5,0,1,Delivered,None,9069.0,92.2,4.9,Advance Payment,Paid
DCP-2024-033140,2024-08-29,2024,Q3,August,8,Dangote Cement Senegal,West Africa,Kano DC,Ebonyi,Retailer,Dangote 3X (42.5R),60,3.0,43967.15,131901.45,84625.42,4725.0,42551.03,32.26,175,Rail,6,18,12,0,Delivered,Security Incident,35102.0,93.6,3.5,Cash & Carry,Paid
DCP-2024-033345,2024-08-29,2024,Q3,August,8,Obajana Plant (Kogi),North Central,Port Harcourt DC,Ebonyi,Retailer,Dangote 3X (42.5R),477,23.85,42089.75,1003840.57,718394.55,494172.0,-208725.98,-20.79,1184,Road (Truck),11,19,8,0,In Transit,Road Damage,77712.0,88.7,3.4,Cash & Carry,Paid
DCP-2024-032471,2024-08-30,2024,Q3,August,8,Benue Plant (Benue),North Central,Onitsha DC,Kogi,Retailer,Dangote 3X (42.5R),177,8.85,42951.14,380117.61,236302.64,169897.88,-26082.91,-6.86,1097,Road (Truck),2,5,3,0,In Transit,Road Damage,66121.0,91.3,3.3,Letter of Credit,Paid
DCP-2024-032830,2024-08-30,2024,Q3,August,8,Gboko Plant (Benue),North Central,Maiduguri DC,Plateau,Retailer,Dangote Falcon,54,2.7,49297.67,133103.7,88139.82,39973.5,4990.38,3.75,846,Road (Truck),11,11,0,1,Delivered,None,46969.0,94.1,4.9,30-Day Credit,Paid
DCP-2024-033313,2024-08-30,2024,Q3,August,8,Dangote Cement Senegal,West Africa,Lagos DC,Kogi,Government,Dangote 3X (42.5N),48398,2419.9,37774.73,91411058.39,64426672.17,34767913.25,-7783527.03,-8.51,821,Road (Truck),3,6,3,0,Delayed,Customs Delay,14200.0,91.0,3.8,60-Day Credit,Paid
DCP-2024-032390,2024-08-31,2024,Q3,August,8,Gboko Plant (Benue),North Central,Kaduna DC,Anambra,Wholesaler,Dangote OPC (52.5R),2875,143.75,47135.34,6775704.78,4154806.37,4357062.5,-1736164.09,-25.62,1732,Road (Truck),2,12,10,0,Delivered,Truck Breakdown,16004.0,93.5,3.5,30-Day Credit,Paid
DCP-2024-032460,2024-08-31,2024,Q3,August,8,Ibese Plant (Ogun),Southwest,Port Harcourt DC,Plateau,Contractor,Dangote 3X (42.5R),7131,356.55,38507.1,13729704.78,8071897.42,2475883.2,3181924.16,23.18,496,Road (Articulated),5,5,0,1,Delivered,None,5049.0,86.4,,Letter of Credit,Pending
DCP-2024-032503,2024-08-31,2024,Q3,August,8,Dangote Cement Senegal,West Africa,Kaduna DC,Osun,Export,Dangote BLC,40925,2046.25,35537.89,72719410.93,46184849.6,6173536.25,20361025.08,28.0,431,River Barge,3,3,0,1,Delivered,None,48122.0,88.9,,60-Day Credit,Paid
DCP-2024-032980,2024-08-31,2024,Q3,August,8,Ibese Plant (Ogun),Southwest,Kaduna DC,Anambra,Retailer,Dangote 3X (42.5N),303,15.15,41735.45,632292.02,434512.15,38973.38,158806.49,25.12,147,Road (Truck),12,12,0,1,Delivered,None,20270.0,85.7,4.6,30-Day Credit,Pending
DCP-2024-033067,2024-08-31,2024,Q3,August,8,Benue Plant (Benue),North Central,Lagos DC,Edo,Wholesaler,Dangote 3X (42.5N),4346,217.3,42153.38,9159928.66,6534996.68,2133342.75,491589.23,5.37,561,Road (Truck),13,13,0,1,Delivered,None,74992.0,92.5,3.4,30-Day Credit,Paid
DCP-2024-033085,2024-08-31,2024,Q3,August,8,Ibese Plant (Ogun),Southwest,Maiduguri DC,Ogun,Wholesaler,Dangote 3X (42.5N),3276,163.8,41045.67,6723281.28,4656634.22,593938.8,1472708.26,21.9,259,Road (Articulated),13,19,6,0,In Transit,Truck Breakdown,47732.0,85.6,3.5,Letter of Credit,Paid
DCP-2024-032621,2024-09-01,2024,Q3,September,9,Gboko Plant (Benue),North Central,Lagos DC,Ondo,Retailer,Dangote 3X (42.5N),185,9.25,40036.25,370335.29,220198.46,154882.0,-4745.17,-1.28,1196,Road (Articulated),3,3,0,1,Delivered,None,14655.0,92.6,4.0,30-Day Credit,Pending
DCP-2024-033130,2024-09-01,2024,Q3,September,9,Ibese Plant (Ogun),Southwest,Onitsha DC,Ebonyi,Wholesaler,Dangote 3X (42.5N),126,6.3,36627.44,230752.87,129351.25,196906.5,-95504.88,-41.39,1786,Road (Truck),3,3,0,1,Delivered,None,43283.0,95.9,4.0,30-Day Credit,Pending
DCP-2024-033425,2024-09-01,2024,Q3,September,9,Benue Plant (Benue),North Central,Benin DC,Ondo,Government,Dangote 3X (42.5R),29101,1455.05,39615.47,57642488.48,40451789.17,4298217.7,12892481.61,22.37,211,Road (Articulated),3,3,0,1,Delivered,None,81727.0,90.4,3.9,60-Day Credit,Paid
DCP-2024-032889,2024-09-02,2024,Q3,September,9,Obajana Plant (Kogi),North Central,Maiduguri DC,Sokoto,Wholesaler,Dangote OPC (52.5R),3468,173.4,46347.4,8036639.15,5426518.84,2733477.6,-123357.29,-1.53,1126,Road (Articulated),10,15,5,0,In Transit,Strike Action,59551.0,88.2,4.5,30-Day Credit,Paid
DCP-2024-032389,2024-09-03,2024,Q3,September,9,Gboko Plant (Benue),North Central,Kaduna DC,Katsina,Retailer,Dangote 3X (42.5R),483,24.15,40185.85,970488.34,676537.75,302176.88,-8226.29,-0.85,715,Road (Truck),3,3,0,1,Delayed,None,28483.0,89.2,3.8,Advance Payment,Paid
DCP-2024-032417,2024-09-03,2024,Q3,September,9,Gboko Plant (Benue),North Central,Benin DC,Imo,Wholesaler,Dangote 3X (42.5R),2791,139.55,42243.78,5895119.58,3352201.07,3934263.38,-1391344.87,-23.6,1611,Road (Truck),12,16,4,0,In Transit,Road Damage,58224.0,93.1,3.5,30-Day Credit,Overdue
DCP-2024-032531,2024-09-03,2024,Q3,September,9,Dangote Cement Senegal,West Africa,Kaduna DC,Edo,Retailer,Dangote OPC (52.5R),476,23.8,47344.78,1126805.85,659247.75,147940.8,319617.3,28.36,444,Road (Articulated),8,8,0,1,Delivered,None,9016.0,94.1,4.8,30-Day Credit,Paid
DCP-2024-032668,2024-09-03,2024,Q3,September,9,Ibese Plant (Ogun),Southwest,Ibadan DC,Imo,Contractor,Dangote 3X (42.5R),4409,220.45,41065.29,9052843.17,6183461.37,760001.37,2109380.43,23.3,197,Road (Truck),9,20,11,0,Delivered,Fuel Shortage,78546.0,96.8,3.3,60-Day Credit,Paid
DCP-2024-033132,2024-09-03,2024,Q3,September,9,Gboko Plant (Benue),North Central,Benin DC,Enugu,Contractor,Dangote 3X (42.5N),8980,449.0,37258.87,16729231.55,11344289.85,670806.0,4714135.7,28.18,166,Rail,14,20,6,0,Delivered,Fuel Shortage,34144.0,87.3,4.9,30-Day Credit,Overdue
DCP-2024-032505,2024-09-04,2024,Q3,September,9,Ibese Plant (Ogun),Southwest,Maiduguri DC,Kaduna,Wholesaler,Dangote OPC (52.5R),2029,101.45,49276.81,4999132.08,3194193.84,1343603.8,461334.44,9.23,946,Road (Articulated),9,21,12,0,Delivered,Strike Action,71222.0,89.5,4.5,30-Day Credit,Paid
DCP-2024-032894,2024-09-04,2024,Q3,September,9,Dangote Cement Senegal,West Africa,Maiduguri DC,Sokoto,Government,Dangote BLC,20556,1027.8,38533.05,39604272.98,22464321.79,25882573.5,-8742622.31,-22.07,1439,Road (Truck),10,19,9,0,Delivered,Road Damage,17694.0,96.1,4.9,60-Day Credit,Overdue
DCP-2024-033043,2024-09-04,2024,Q3,September,9,Benue Plant (Benue),North Central,Kaduna DC,Edo,Retailer,Dangote 3X (42.5N),225,11.25,39645.55,446012.39,310278.22,304762.5,-169028.33,-37.9,1548,Road (Truck),5,5,0,1,Delivered,None,83686.0,94.3,4.9,Cash & Carry,Paid
DCP-2024-033197,2024-09-04,2024,Q3,September,9,Benue Plant (Benue),North Central,Kano DC,Delta,Wholesaler,Dangote 3X (42.5R),3674,183.7,41246.38,7576960.84,4519465.33,3921995.0,-864499.49,-11.41,1525,Road (Articulated),9,9,0,1,Delivered,None,63665.0,99.6,4.4,30-Day Credit,Paid
DCP-2024-033309,2024-09-04,2024,Q3,September,9,Benue Plant (Benue),North Central,Enugu DC,Imo,Wholesaler,Dangote 3X (42.5R),4835,241.75,38584.47,9327796.51,6139045.61,1208266.5,1980484.4,21.23,714,River Barge,7,7,0,1,Delivered,None,51929.0,,3.1,Letter of Credit,Paid
DCP-2024-032916,2024-09-05,2024,Q3,September,9,Dangote Cement Senegal,West Africa,Ibadan DC,Lagos,Wholesaler,Dangote OPC (52.5R),2787,139.35,46331.51,6456295.75,3850824.0,185335.5,2420136.25,37.48,76,Road (Truck),1,1,0,1,Delivered,None,55682.0,99.9,,Cash & Carry,Paid
DCP-2024-032998,2024-09-05,2024,Q3,September,9,Obajana Plant (Kogi),North Central,Kaduna DC,Delta,Contractor,Dangote 3X (42.5R),9114,455.7,42644.86,19433261.21,11176464.49,4832698.5,3424098.22,17.62,606,Road (Truck),2,2,0,1,Delivered,None,79478.0,86.3,3.8,60-Day Credit,Overdue
DCP-2024-033013,2024-09-05,2024,Q3,September,9,Dangote Cement Senegal,West Africa,Kano DC,Oyo,Retailer,Dangote OPC (52.5R),368,18.4,44830.17,824875.16,538338.43,13781.6,272755.13,33.07,107,River Barge,1,1,0,1,Delivered,None,25235.0,97.7,3.6,30-Day Credit,Overdue
DCP-2024-033099,2024-09-05,2024,Q3,September,9,Dangote Cement Senegal,West Africa,Ibadan DC,Oyo,Export,Dangote 3X (42.5R),6213,310.65,38562.1,11979315.31,6739583.88,2178899.1,3060832.33,25.55,501,Road (Articulated),9,9,0,1,Delivered,None,77907.0,86.0,,Letter of Credit,Pending
DCP-2024-033167,2024-09-05,2024,Q3,September,9,Ibese Plant (Ogun),Southwest,Lagos DC,Niger,Contractor,Dangote 3X (42.5R),3158,157.9,40545.81,6402184.01,3888311.5,3979080.0,-1465207.49,-22.89,1440,Road (Truck),11,11,0,1,Delivered,None,54441.0,92.0,4.6,30-Day Credit,Paid
DCP-2024-033171,2024-09-05,2024,Q3,September,9,Ibese Plant (Ogun),Southwest,Abuja DC,Imo,Retailer,Dangote 3X (42.5R),247,12.35,43470.15,536856.3,369033.69,43793.1,124029.51,23.1,394,Rail,9,20,11,0,Delayed,Road Damage,20146.0,93.2,4.1,Cash & Carry,Paid
DCP-2024-032354,2024-09-06,2024,Q3,September,9,Dangote Cement Senegal,West Africa,Onitsha DC,Cross River,Contractor,Dangote Falcon,9213,460.65,53544.15,24665114.64,17045480.09,419191.5,7200443.05,29.19,52,Road (Truck),7,15,8,0,Delivered,Fuel Shortage,50334.0,86.1,4.7,Cash & Carry,Paid
DCP-2024-032517,2024-09-06,2024,Q3,September,9,Benue Plant (Benue),North Central,Onitsha DC,Abia,Contractor,Dangote 3X (42.5R),8641,432.05,37839.05,16348360.49,9452117.69,3846973.2,3049269.6,18.65,636,Road (Articulated),10,14,4,0,Delayed,Flooding,63435.0,99.7,3.0,Cash & Carry,Paid
DCP-2024-032812,2024-09-06,2024,Q3,September,9,Obajana Plant (Kogi),North Central,Lagos DC,Ogun,Wholesaler,Dangote 3X (42.5N),3709,185.45,37773.63,7005119.81,4848516.54,3089597.0,-932993.73,-13.32,952,Road (Truck),3,3,0,1,Delivered,,8129.0,97.1,4.3,Cash & Carry,Pending
DCP-2024-032906,2024-09-06,2024,Q3,September,9,Obajana Plant (Kogi),North Central,Maiduguri DC,Imo,Wholesaler,Dangote OPC (52.5R),3657,182.85,50614.01,9254771.76,5901809.8,2789376.75,563585.21,6.09,1695,Rail,13,13,0,1,In Transit,None,78715.0,98.3,4.9,Advance Payment,Pending
DCP-2024-033105,2024-09-06,2024,Q3,September,9,Dangote Cement Senegal,West Africa,Onitsha DC,Abuja,Wholesaler,Dangote 3X (42.5R),2893,144.65,40903.37,5916672.01,4217770.2,561965.25,1136936.56,19.22,222,Road (Truck),11,11,0,1,Delivered,None,32279.0,85.6,3.7,Letter of Credit,Paid
DCP-2024-033227,2024-09-07,2024,Q3,September,9,Obajana Plant (Kogi),North Central,Benin DC,Sokoto,Contractor,Dangote 3X (42.5R),3199,159.95,42000.14,6717922.71,4154093.06,4985241.62,-2421411.97,-36.04,1781,Road (Truck),7,7,0,1,Delivered,None,81235.0,89.1,,30-Day Credit,Paid
DCP-2024-032330,2024-09-08,2024,Q3,September,9,Benue Plant (Benue),North Central,Kaduna DC,Nassarawa,Contractor,Dangote 3X (42.5R),1154,57.7,42542.87,2454723.6,1382763.19,161502.3,910458.11,37.09,311,Rail,4,4,0,1,Delivered,None,60986.0,92.7,3.7,Cash & Carry,Pending
DCP-2024-032618,2024-09-08,2024,Q3,September,9,Gboko Plant (Benue),North Central,Enugu DC,Kebbi,Retailer,Dangote 3X (42.5N),415,20.75,36607.82,759612.36,471547.13,177931.25,110133.98,14.5,490,Road (Truck),5,10,5,0,Delivered,Truck Breakdown,9748.0,88.2,4.9,Advance Payment,Paid
DCP-2024-032735,2024-09-08,2024,Q3,September,9,Gboko Plant (Benue),North Central,Port Harcourt DC,Oyo,Retailer,Dangote 3X (42.5N),396,19.8,36597.28,724626.16,443229.26,180873.0,100523.9,13.87,522,Road (Truck),6,6,0,1,Delivered,None,76543.0,92.4,4.9,Cash & Carry,Paid
DCP-2024-032933,2024-09-09,2024,Q3,September,9,Dangote Cement Senegal,West Africa,Benin DC,Oyo,Contractor,Dangote 3X (42.5N),9063,453.15,39964.37,18109852.61,11380352.55,11895187.5,-5165687.44,-28.52,1500,Road (Truck),14,24,10,0,Delayed,Road Damage,9675.0,85.9,4.6,Advance Payment,Paid
DCP-2024-032367,2024-09-10,2024,Q3,September,9,Benue Plant (Benue),North Central,Kaduna DC,Ogun,Wholesaler,Dangote 3X (42.5R),878,43.9,41544.53,1823804.96,1146695.15,531804.6,145305.21,7.97,1346,Rail,5,14,9,0,Delayed,Strike Action,68229.0,99.4,4.1,Letter of Credit,Paid
DCP-2024-032626,2024-09-10,2024,Q3,September,9,Obajana Plant (Kogi),North Central,Kano DC,Osun,Wholesaler,Dangote 3X (42.5R),2098,104.9,38113.9,3998148.07,2786209.64,1900368.4,-688429.97,-17.22,1294,Road (Articulated),9,9,0,1,Delivered,None,18737.0,96.3,4.1,Letter of Credit,Paid
DCP-2024-033300,2024-09-10,2024,Q3,September,9,Gboko Plant (Benue),North Central,Kaduna DC,Akwa Ibom,Retailer,Dangote 3X (42.5N),495,24.75,39725.67,983210.24,700037.61,50118.75,233053.88,23.7,225,Rail,6,10,4,0,Delivered,Truck Breakdown,21691.0,90.3,4.6,30-Day Credit,Pending
DCP-2024-033306,2024-09-10,2024,Q3,September,9,Gboko Plant (Benue),North Central,Kaduna DC,Sokoto,Contractor,Dangote 3X (42.5N),1412,70.6,37744.97,2664794.59,1500488.37,500130.4,664175.82,24.92,506,Road (Articulated),10,10,0,1,Delivered,None,51789.0,94.1,4.8,30-Day Credit,Paid
DCP-2024-033316,2024-09-10,2024,Q3,September,9,Obajana Plant (Kogi),North Central,Benin DC,Sokoto,Contractor,Dangote OPC (52.5R),6497,324.85,47437.34,15410019.53,10372430.89,9135594.12,-4098005.48,-26.59,1607,Road (Truck),3,17,14,0,Delivered,Fuel Shortage,58231.0,94.0,3.2,30-Day Credit,Pending
DCP-2024-033431,2024-09-10,2024,Q3,September,9,Benue Plant (Benue),North Central,Kano DC,Benue,Wholesaler,Dangote 3X (42.5N),1144,57.2,42090.61,2407582.72,1412407.32,157157.0,838018.4,34.81,157,Road (Truck),10,10,0,1,Delivered,None,46641.0,87.3,4.8,Letter of Credit,Pending
DCP-2024-032590,2024-09-11,2024,Q3,September,9,Gboko Plant (Benue),North Central,Ibadan DC,Sokoto,Retailer,Dangote OPC (52.5R),32,1.6,44193.52,70709.64,44066.77,25004.0,1638.87,2.32,893,Road (Truck),7,12,5,0,In Transit,Road Damage,83718.0,96.9,4.7,30-Day Credit,Paid
DCP-2024-032627,2024-09-11,2024,Q3,September,9,Gboko Plant (Benue),North Central,Benin DC,Benue,Contractor,Dangote 3X (42.5R),3478,173.9,40937.69,7119063.59,4309705.93,1046878.0,1762479.66,24.76,344,Road (Truck),1,1,0,1,Delivered,None,18359.0,97.5,4.2,Letter of Credit,Pending
DCP-2024-032723,2024-09-11,2024,Q3,September,9,Dangote Cement Senegal,West Africa,Maiduguri DC,Nassarawa,Wholesaler,Dangote BLC,3077,153.85,35383.74,5443788.31,3487819.53,1195414.5,760554.28,13.97,555,Road (Articulated),6,16,10,0,In Transit,Road Damage,14594.0,89.1,4.9,Cash & Carry,Overdue
DCP-2024-033041,2024-09-11,2024,Q3,September,9,Benue Plant (Benue),North Central,Ibadan DC,Abia,Retailer,Dangote 3X (42.5N),370,18.5,40788.22,754582.03,522100.12,318893.75,-86411.84,-11.45,985,Road (Truck),6,18,12,0,Delayed,Road Damage,58086.0,85.1,3.7,30-Day Credit,Paid
DCP-2024-033101,2024-09-11,2024,Q3,September,9,Gboko Plant (Benue),North Central,Maiduguri DC,Ondo,Government,Dangote BLC,42961,2148.05,40069.36,86070994.07,47947728.29,43417460.62,-5294194.84,-6.15,1155,Road (Truck),1,1,0,1,Delivered,None,77148.0,97.7,3.5,30-Day Credit,Paid
DCP-2024-033192,2024-09-11,2024,Q3,September,9,Gboko Plant (Benue),North Central,Onitsha DC,Anambra,Contractor,Dangote BLC,8735,436.75,37332.43,16304939.51,9990221.65,4102829.5,2211888.36,13.57,671,Road (Articulated),8,22,14,0,Delivered,Road Damage,58619.0,97.0,3.2,30-Day Credit,Paid
DCP-2024-033339,2024-09-11,2024,Q3,September,9,Obajana Plant (Kogi),North Central,Enugu DC,Niger,Wholesaler,Dangote OPC (52.5R),3454,172.7,44583.49,7699568.89,4591982.66,560929.6,2546656.63,33.08,232,Road (Articulated),3,15,12,0,Damaged in Transit,Security Incident,38445.0,99.6,3.6,30-Day Credit,Paid
DCP-2024-033432,2024-09-11,2024,Q3,September,9,Ibese Plant (Ogun),Southwest,Abuja DC,Zamfara,Wholesaler,Dangote BLC,4109,205.45,34858.88,7161757.72,4377191.7,3793120.62,-1008554.6,-14.08,1055,Road (Truck),2,8,6,0,Delivered,Security Incident,37480.0,94.1,4.1,30-Day Credit,Paid
DCP-2024-032416,2024-09-12,2024,Q3,September,9,Dangote Cement Senegal,West Africa,Port Harcourt DC,Rivers,Wholesaler,Dangote Falcon,1788,89.4,51066.93,4565383.26,2959476.02,991893.0,614014.24,13.45,634,Road (Truck),7,18,11,0,In Transit,Customs Delay,82103.0,,3.2,Cash & Carry,Paid
DCP-2024-032645,2024-09-12,2024,Q3,September,9,Gboko Plant (Benue),North Central,Abuja DC,Cross River,Contractor,Dangote 3X (42.5R),5784,289.2,42709.89,12351700.34,8810957.37,4591339.2,-1050596.23,-8.51,1764,Rail,11,15,4,0,In Transit,Security Incident,77166.0,96.0,,Cash & Carry,Overdue
DCP-2024-032892,2024-09-12,2024,Q3,September,9,Obajana Plant (Kogi),North Central,Ibadan DC,Osun,Contractor,Dangote OPC (52.5R),9238,461.9,49602.49,22911391.25,16359279.24,6771915.9,-219803.89,-0.96,1629,Rail,2,2,0,1,Delivered,None,20522.0,86.9,4.8,Letter of Credit,Paid
DCP-2024-033112,2024-09-12,2024,Q3,September,9,Ibese Plant (Ogun),Southwest,Onitsha DC,Abuja,Wholesaler,Dangote 3X (42.5R),1475,73.75,42736.0,3151780.24,1857049.03,678352.5,616378.71,19.56,657,Road (Articulated),10,18,8,0,Delivered,Strike Action,45305.0,94.4,3.3,Cash & Carry,Paid
DCP-2024-033216,2024-09-12,2024,Q3,September,9,Obajana Plant (Kogi),North Central,Kaduna DC,Cross River,Contractor,Dangote 3X (42.5R),5235,261.75,42577.08,11144550.77,7424653.97,3843144.38,-123247.58,-1.11,839,Road (Truck),11,11,0,1,In Transit,None,9368.0,95.9,4.8,60-Day Credit,Paid
DCP-2024-032500,2024-09-13,2024,Q3,September,9,Gboko Plant (Benue),North Central,Kano DC,Kaduna,Government,Dangote 3X (42.5N),25907,1295.35,41448.83,53690747.42,32068827.26,21240501.62,381418.54,0.71,937,Road (Truck),13,13,0,1,In Transit,None,63799.0,96.4,3.9,Cash & Carry,Paid
DCP-2024-032588,2024-09-13,2024,Q3,September,9,Gboko Plant (Benue),North Central,Onitsha DC,Sokoto,Government,Dangote Falcon,27109,1355.45,52328.69,70928926.61,45494719.73,40039993.0,-14605786.12,-20.59,1688,Road (Truck),13,25,12,0,Delayed,Security Incident,11069.0,87.6,3.3,Cash & Carry,Paid
DCP-2024-032643,2024-09-13,2024,Q3,September,9,Gboko Plant (Benue),North Central,Onitsha DC,Kebbi,Retailer,Dangote 3X (42.5R),241,12.05,42042.68,506614.25,348683.22,19611.38,138319.65,27.3,93,Road (Truck),10,19,9,0,Delivered,Fuel Shortage,50292.0,88.3,4.7,Cash & Carry,Paid
DCP-2024-032992,2024-09-13,2024,Q3,September,9,Obajana Plant (Kogi),North Central,Kano DC,Plateau,Government,Dangote 3X (42.5R),19008,950.4,38718.07,36797652.94,23528335.37,23401224.0,-10131906.43,-27.53,1407,Road (Truck),5,5,0,1,Delivered,None,32506.0,86.8,3.8,30-Day Credit,Paid
DCP-2024-033262,2024-09-13,2024,Q3,September,9,Obajana Plant (Kogi),North Central,Benin DC,Cross River,Wholesaler,Dangote 3X (42.5R),1399,69.95,37728.26,2639091.5,1537633.45,2017358.0,-915899.95,-34.71,1648,Road (Truck),4,5,1,0,Delivered,Truck Breakdown,29158.0,87.8,3.5,Cash & Carry,Pending
DCP-2024-032651,2024-09-14,2024,Q3,September,9,Benue Plant (Benue),North Central,Port Harcourt DC,Imo,Wholesaler,Dangote 3X (42.5R),1111,55.55,40141.64,2229867.95,1270716.89,476952.3,482198.76,21.62,954,Rail,3,3,0,1,Delivered,None,48422.0,92.5,4.4,Cash & Carry,Overdue
DCP-2024-033155,2024-09-14,2024,Q3,September,9,Obajana Plant (Kogi),North Central,Onitsha DC,Ondo,Government,Dangote 3X (42.5R),7383,369.15,44231.09,16327906.68,11402169.2,425260.8,4500476.68,27.56,128,Rail,3,3,0,1,Delivered,None,57256.0,96.6,,60-Day Credit,Paid
DCP-2024-032701,2024-09-15,2024,Q3,September,9,Obajana Plant (Kogi),North Central,Maiduguri DC,Lagos,Wholesaler,Dangote BLC,4066,203.3,38826.23,7893372.58,5168782.67,2227151.5,497438.41,6.3,626,Road (Truck),8,20,12,0,Delivered,Strike Action,75735.0,92.9,3.7,30-Day Credit,Pending
DCP-2024-033147,2024-09-15,2024,Q3,September,9,Gboko Plant (Benue),North Central,Onitsha DC,Rivers,Wholesaler,Dangote 3X (42.5R),3274,163.7,41660.9,6819889.47,4687592.42,1271949.0,860348.05,12.62,555,Road (Articulated),11,11,0,1,Delivered,None,42260.0,98.7,4.6,30-Day Credit,Paid
DCP-2024-032716,2024-09-16,2024,Q3,September,9,Ibese Plant (Ogun),Southwest,Maiduguri DC,Niger,Wholesaler,Dangote Falcon,1785,89.25,53837.69,4805014.05,2812469.13,623500.5,1369044.42,28.49,499,Road (Articulated),1,1,0,1,Delivered,None,41505.0,90.7,3.8,Letter of Credit,Paid
DCP-2024-032958,2024-09-16,2024,Q3,September,9,Obajana Plant (Kogi),North Central,Onitsha DC,Imo,Wholesaler,Dangote OPC (52.5R),4804,240.2,50930.23,12233441.67,7329380.68,5884900.0,-980839.01,-8.02,1400,Road (Truck),2,5,3,0,In Transit,Flooding,83494.0,90.3,4.2,30-Day Credit,Paid
DCP-2024-033388,2024-09-16,2024,Q3,September,9,Obajana Plant (Kogi),North Central,Ibadan DC,Ondo,Retailer,Dangote 3X (42.5N),260,13.0,39903.42,518744.51,314160.69,276867.5,-72283.68,-13.93,1217,Road (Truck),8,20,12,0,Delivered,Fuel Shortage,77131.0,90.4,4.9,30-Day Credit,Paid
DCP-2024-032541,2024-09-17,2024,Q3,September,9,Gboko Plant (Benue),North Central,Ibadan DC,Niger,Retailer,Dangote 3X (42.5N),468,23.4,40442.73,946359.86,524254.18,53644.5,368461.18,38.93,131,Road (Truck),11,23,12,0,Delivered,Truck Breakdown,62730.0,95.0,3.6,60-Day Credit,Pending
DCP-2024-032686,2024-09-17,2024,Q3,September,9,Benue Plant (Benue),North Central,Onitsha DC,Ebonyi,Contractor,Dangote 3X (42.5R),3187,159.35,43376.72,6912079.81,4818908.49,437814.12,1655357.2,23.95,157,Road (Truck),7,13,6,0,Delayed,Security Incident,54917.0,92.2,3.9,30-Day Credit,Paid
DCP-2024-033356,2024-09-17,2024,Q3,September,9,Gboko Plant (Benue),North Central,Lagos DC,Osun,Retailer,Dangote 3X (42.5N),309,15.45,42401.1,655096.93,428409.32,15141.0,211546.61,32.29,70,Road (Articulated),1,1,0,1,Delivered,None,81805.0,95.2,3.0,Advance Payment,Paid
DCP-2024-032779,2024-09-18,2024,Q3,September,9,Obajana Plant (Kogi),North Central,Enugu DC,Abia,Retailer,Dangote 3X (42.5N),390,19.5,41235.92,804100.46,444133.32,54600.0,305367.14,37.98,160,Road (Truck),11,11,0,1,Delivered,None,42183.0,85.3,3.6,Cash & Carry,Paid
DCP-2024-033355,2024-09-18,2024,Q3,September,9,Benue Plant (Benue),North Central,Benin DC,Kwara,Retailer,Dangote OPC (52.5R),478,23.9,44619.0,1066394.06,694704.47,285079.2,86610.39,8.12,852,Road (Articulated),8,12,4,0,Delivered,Flooding,38675.0,95.8,3.2,Cash & Carry,Paid
DCP-2024-032439,2024-09-19,2024,Q3,September,9,Benue Plant (Benue),North Central,Ibadan DC,Sokoto,Retailer,Dangote 3X (42.5R),19,0.95,43868.32,41674.9,24776.76,11903.5,4994.64,11.98,716,Road (Truck),13,13,0,1,Delivered,None,10144.0,93.5,,Cash & Carry,Paid
DCP-2024-033062,2024-09-19,2024,Q3,September,9,Ibese Plant (Ogun),Southwest,Kano DC,Ekiti,Retailer,Dangote 3X (42.5R),357,17.85,39824.65,710870.05,465542.2,55915.13,189412.72,26.65,179,Road (Truck),6,6,0,1,Delivered,None,57923.0,92.3,3.5,Advance Payment,Paid
DCP-2024-032519,2024-09-20,2024,Q3,September,9,Dangote Cement Senegal,West Africa,Abuja DC,Imo,Retailer,Dangote OPC (52.5R),265,13.25,48096.19,637274.58,457643.15,231179.38,-51547.95,-8.09,997,Road (Truck),12,12,0,1,Delivered,None,74981.0,92.2,3.1,30-Day Credit,Overdue
DCP-2024-032832,2024-09-20,2024,Q3,September,9,Gboko Plant (Benue),North Central,Onitsha DC,Edo,Contractor,Dangote OPC (52.5R),6670,333.5,44297.09,14773080.91,8399807.27,3688510.0,2684763.64,18.17,632,Road (Truck),12,12,0,1,Delivered,None,81198.0,91.5,,30-Day Credit,Paid
DCP-2024-033340,2024-09-20,2024,Q3,September,9,Obajana Plant (Kogi),North Central,Ibadan DC,Bayelsa,Wholesaler,Dangote Falcon,175,8.75,52397.8,458480.77,297145.87,115609.38,45725.52,9.97,755,Road (Truck),5,17,12,0,Delivered,Fuel Shortage,48422.0,91.3,,30-Day Credit,Pending
DCP-2024-032323,2024-09-21,2024,Q3,September,9,Obajana Plant (Kogi),North Central,Onitsha DC,Benue,Wholesaler,Dangote 3X (42.5N),4363,218.15,36587.25,7981509.15,5513004.19,2618890.75,-150385.79,-1.88,686,Road (Truck),14,14,0,1,Delivered,None,20630.0,98.3,,30-Day Credit,Paid
DCP-2024-032437,2024-09-21,2024,Q3,September,9,Dangote Cement Senegal,West Africa,Onitsha DC,Akwa Ibom,Contractor,Dangote 3X (42.5R),566,28.3,38236.73,1082099.46,614402.98,302328.9,165367.58,15.28,1187,Rail,7,7,0,1,Delivered,None,78507.0,90.8,4.7,30-Day Credit,Paid
DCP-2024-032748,2024-09-21,2024,Q3,September,9,Gboko Plant (Benue),North Central,Benin DC,Rivers,Wholesaler,Dangote 3X (42.5R),594,29.7,43370.14,1288093.3,916020.78,266112.0,105960.52,8.23,640,Road (Articulated),2,3,1,0,Delivered,Fuel Shortage,67812.0,93.4,3.2,30-Day Credit,Paid
DCP-2024-032451,2024-09-22,2024,Q3,September,9,Ibese Plant (Ogun),Southwest,Lagos DC,Niger,Contractor,Dangote 3X (42.5R),9203,460.15,38056.74,17511809.38,12553123.57,1175683.25,3783002.56,21.6,146,Road (Truck),1,12,11,0,Delivered,Fuel Shortage,5345.0,,4.8,Cash & Carry,Paid
DCP-2024-033423,2024-09-22,2024,Q3,September,9,Obajana Plant (Kogi),North Central,Kano DC,Benue,Wholesaler,Dangote 3X (42.5N),2443,122.15,38584.05,4713041.65,3377791.39,1314639.38,20610.88,0.44,615,Road (Truck),7,7,0,1,Delivered,None,13499.0,86.7,3.6,Advance Payment,Overdue
DCP-2024-032544,2024-09-23,2024,Q3,September,9,Ibese Plant (Ogun),Southwest,Port Harcourt DC,Kogi,Contractor,Dangote 3X (42.5N),4515,225.75,40248.61,9086124.58,5549817.51,2504696.25,1031610.82,11.35,634,Road (Truck),10,19,9,0,Delayed,Fuel Shortage,81921.0,87.6,3.0,Advance Payment,Paid
DCP-2024-032888,2024-09-23,2024,Q3,September,9,Benue Plant (Benue),North Central,Lagos DC,Akwa Ibom,Retailer,Dangote OPC (52.5R),405,20.25,46591.74,943482.78,633564.9,141750.0,168167.88,17.82,500,Road (Articulated),4,16,12,0,In Transit,,74660.0,96.5,,60-Day Credit,Paid
DCP-2024-032987,2024-09-23,2024,Q3,September,9,Dangote Cement Senegal,West Africa,Lagos DC,Kano,Retailer,Dangote 3X (42.5N),128,6.4,37826.37,242088.78,157105.11,10304.0,74679.67,30.85,230,River Barge,7,9,2,0,Delayed,Strike Action,50260.0,86.9,4.9,Letter of Credit,Paid
DCP-2024-033052,2024-09-23,2024,Q3,September,9,Obajana Plant (Kogi),North Central,Kano DC,Imo,Retailer,Dangote BLC,73,3.65,37005.23,135069.08,92826.62,19742.85,22499.61,16.66,601,Rail,12,25,13,0,Delayed,Strike Action,64041.0,93.4,4.8,60-Day Credit,Paid
DCP-2024-033138,2024-09-23,2024,Q3,September,9,Obajana Plant (Kogi),North Central,Abuja DC,Ogun,Wholesaler,Dangote 3X (42.5N),1052,52.6,39335.61,2069053.01,1419403.21,158115.6,491534.2,23.76,334,Rail,13,13,0,1,Delivered,None,64276.0,87.4,4.6,Cash & Carry,Paid
DCP-2024-033180,2024-09-23,2024,Q3,September,9,Obajana Plant (Kogi),North Central,Abuja DC,Kano,Contractor,Dangote 3X (42.5R),9254,462.7,40091.01,18550112.01,10815198.1,11724818.0,-3989904.09,-21.51,1448,Road (Truck),6,6,0,1,Delivered,None,33756.0,91.5,3.8,30-Day Credit,Paid
DCP-2024-033375,2024-09-23,2024,Q3,September,9,Benue Plant (Benue),North Central,Abuja DC,Bayelsa,Wholesaler,Dangote BLC,1959,97.95,34459.88,3375345.32,2083690.08,1126180.12,165475.12,4.9,657,Road (Truck),7,9,2,0,Delivered,Truck Breakdown,56638.0,93.8,4.1,30-Day Credit,Paid
DCP-2024-032568,2024-09-25,2024,Q3,September,9,Benue Plant (Benue),North Central,Benin DC,Ebonyi,Wholesaler,Dangote 3X (42.5N),645,32.25,39268.15,1266397.9,898798.69,,97827.96,7.72,478,Road (Truck),11,11,0,1,In Transit,None,33930.0,87.8,4.1,Cash & Carry,Paid
DCP-2024-032965,2024-09-26,2024,Q3,September,9,Gboko Plant (Benue),North Central,Maiduguri DC,Delta,Wholesaler,Dangote 3X (42.5R),1656,82.8,43069.87,3566185.63,2109825.23,1386693.0,69667.4,1.95,957,Road (Truck),3,10,7,0,Delayed,Road Damage,72852.0,96.2,3.4,60-Day Credit,Paid
DCP-2024-033327,2024-09-26,2024,Q3,September,9,Benue Plant (Benue),North Central,Abuja DC,Delta,Wholesaler,Dangote OPC (52.5R),3841,192.05,48223.91,9261402.84,6518787.32,4819494.75,-2076879.23,-22.43,1434,Road (Truck),7,18,11,0,Delivered,Fuel Shortage,26272.0,97.9,4.9,Advance Payment,Paid
DCP-2024-032444,2024-09-29,2024,Q3,September,9,Obajana Plant (Kogi),North Central,Onitsha DC,Kwara,Government,Dangote 3X (42.5N),43968,2198.4,37842.78,83193563.49,47396161.34,20992521.6,14804880.55,17.8,1061,Rail,8,8,0,1,Delivered,None,62224.0,91.6,4.0,Letter of Credit,Paid
DCP-2024-032838,2024-09-29,2024,Q3,September,9,Dangote Cement Senegal,West Africa,Kaduna DC,Delta,Retailer,Dangote 3X (42.5R),110,5.5,39557.32,217565.28,155360.08,169881.25,-107676.05,-49.49,1765,Road (Truck),6,6,0,1,Delivered,None,60389.0,96.9,3.4,Cash & Carry,Paid
DCP-2024-032968,2024-09-29,2024,Q3,September,9,Gboko Plant (Benue),North Central,Port Harcourt DC,Akwa Ibom,Retailer,Dangote OPC (52.5R),113,5.65,45828.45,258930.72,162638.98,23018.1,73273.64,28.3,291,Road (Articulated),14,14,0,1,Delivered,,49974.0,92.9,4.3,Cash & Carry,Pending
DCP-2024-032749,2024-09-30,2024,Q3,September,9,Benue Plant (Benue),North Central,Port Harcourt DC,Benue,Retailer,Dangote 3X (42.5N),38,1.9,38170.56,72524.07,48490.08,34819.4,-10785.41,-14.87,1309,Road (Articulated),14,14,0,1,Delivered,None,57708.0,95.4,3.8,Cash & Carry,Paid
DCP-2024-033157,2024-09-30,2024,Q3,September,9,Dangote Cement Senegal,West Africa,Abuja DC,Kano,Retailer,Dangote 3X (42.5N),210,10.5,38687.45,406218.21,258501.39,44026.5,103690.32,25.53,599,River Barge,3,3,0,1,Delivered,None,78671.0,88.4,5.0,Advance Payment,Overdue
DCP-2024-032382,2024-10-01,2024,Q4,October,10,Dangote Cement Senegal,West Africa,Kaduna DC,Kaduna,Retailer,Dangote OPC (52.5R),312,15.6,50371.8,785800.1,445738.66,334425.0,5636.44,0.72,1225,Road (Truck),10,10,0,1,Delivered,None,40059.0,89.2,4.4,Cash & Carry,Paid
DCP-2024-032509,2024-10-01,2024,Q4,October,10,Ibese Plant (Ogun),Southwest,Kano DC,Bayelsa,Government,Dangote 3X (42.5R),15918,795.9,38662.26,30771295.47,18519547.16,4638107.25,7613641.06,24.74,333,Road (Truck),13,27,14,0,Delivered,Strike Action,22142.0,92.9,4.3,Cash & Carry,Pending
DCP-2024-032985,2024-10-01,2024,Q4,October,10,Obajana Plant (Kogi),North Central,Port Harcourt DC,Oyo,Retailer,Dangote 3X (42.5N),321,16.05,38893.8,624245.45,390966.63,362609.62,-129330.8,-20.72,1291,Road (Truck),7,8,1,0,Delivered,Road Damage,31819.0,96.4,4.5,30-Day Credit,Paid
DCP-2024-032371,2024-10-02,2024,Q4,October,10,Ibese Plant (Ogun),Southwest,Lagos DC,Akwa Ibom,Retailer,Dangote 3X (42.5R),260,13.0,39750.46,516756.02,330183.56,319592.0,-133019.54,-25.74,1756,Road (Articulated),9,9,0,1,Delivered,None,36456.0,87.1,4.6,Cash & Carry,Paid
DCP-2024-032383,2024-10-02,2024,Q4,October,10,Gboko Plant (Benue),North Central,Port Harcourt DC,Zamfara,Export,Dangote 3X (42.5N),27864,1393.2,40961.71,57067854.88,32116495.13,16725366.0,8225993.75,14.41,686,Road (Truck),7,7,0,1,Delivered,None,39997.0,95.9,4.6,Letter of Credit,Overdue
DCP-2024-032521,2024-10-02,2024,Q4,October,10,Benue Plant (Benue),North Central,Ibadan DC,Benue,Contractor,Dangote 3X (42.5R),9810,490.5,41299.85,20257574.11,11423561.36,2283277.5,6550735.25,32.34,266,Road (Truck),11,11,0,1,Delivered,None,19023.0,90.0,3.9,Cash & Carry,Paid
DCP-2024-032698,2024-10-02,2024,Q4,October,10,Obajana Plant (Kogi),North Central,Abuja DC,Cross River,Retailer,Dangote 3X (42.5R),478,23.9,44205.06,1056500.93,667307.96,70266.0,318926.97,30.19,420,River Barge,12,12,0,1,Delivered,None,35899.0,95.4,3.4,30-Day Credit,Paid
DCP-2024-032755,2024-10-02,2024,Q4,October,10,Dangote Cement Senegal,West Africa,Kano DC,Kwara,Retailer,Dangote BLC,298,14.9,39174.95,583706.73,321307.1,250111.4,12288.23,2.11,1199,Road (Articulated),8,8,0,1,In Transit,None,30280.0,87.5,4.5,60-Day Credit,Overdue
DCP-2024-032769,2024-10-02,2024,Q4,October,10,Ibese Plant (Ogun),Southwest,Ibadan DC,Oyo,Wholesaler,Dangote 3X (42.5N),505,25.25,36381.63,918636.1,646079.76,322126.88,-49570.54,-5.4,729,Road (Truck),4,9,5,0,Delayed,Customs Delay,34793.0,88.1,3.9,Cash & Carry,Paid
DCP-2024-032955,2024-10-02,2024,Q4,October,10,Ibese Plant (Ogun),Southwest,Maiduguri DC,Ondo,Retailer,Dangote 3X (42.5R),475,23.75,39299.68,933367.4,619996.55,516040.0,-202669.15,-21.71,1552,Road (Articulated),11,19,8,0,Delivered,Road Damage,57217.0,85.7,4.6,Cash & Carry,Pending
DCP-2024-033111,2024-10-03,2024,Q4,October,10,Dangote Cement Senegal,West Africa,Onitsha DC,Niger,Government,Dangote BLC,13921,696.05,35380.68,24626724.89,17382791.57,14909391.0,-7665457.68,-31.13,1224,Road (Truck),5,14,9,0,Delayed,Strike Action,46599.0,89.5,3.3,60-Day Credit,Paid
DCP-2024-032448,2024-10-04,2024,Q4,October,10,Gboko Plant (Benue),North Central,Benin DC,Nassarawa,Retailer,Dangote 3X (42.5R),152,7.6,39576.7,300782.89,170046.8,122094.0,8642.09,2.87,918,Road (Truck),5,5,0,1,Delivered,None,41659.0,89.5,4.5,30-Day Credit,Paid
DCP-2024-033038,2024-10-05,2024,Q4,October,10,Gboko Plant (Benue),North Central,Maiduguri DC,Bayelsa,Government,Dangote Falcon,42476,2123.8,50569.4,107399285.81,74072783.29,12696076.4,20630426.12,19.21,427,Road (Articulated),6,19,13,0,Delivered,Strike Action,70861.0,90.2,3.3,60-Day Credit,Paid
DCP-2024-033088,2024-10-05,2024,Q4,October,10,Ibese Plant (Ogun),Southwest,Lagos DC,Osun,Retailer,Dangote 3X (42.5N),260,13.0,40532.75,526925.81,304474.04,193869.0,28582.77,5.42,1657,Rail,11,23,12,0,Delivered,Customs Delay,10548.0,88.3,3.0,30-Day Credit,Paid
DCP-2024-032422,2024-10-06,2024,Q4,October,10,Benue Plant (Benue),North Central,Port Harcourt DC,Benue,Government,Dangote 3X (42.5R),44226,2211.3,41599.99,91990048.47,56569096.76,12378857.4,23042094.31,25.05,622,Rail,3,3,0,1,Delivered,None,71187.0,93.5,4.5,60-Day Credit,Paid
DCP-2024-032757,2024-10-06,2024,Q4,October,10,Obajana Plant (Kogi),North Central,Port Harcourt DC,Imo,Wholesaler,Dangote BLC,340,17.0,35034.15,595580.61,410890.97,252756.0,-68066.36,-11.43,1652,Rail,4,19,15,0,Delivered,Strike Action,84260.0,90.2,4.6,60-Day Credit,Paid
DCP-2024-033170,2024-10-06,2024,Q4,October,10,Benue Plant (Benue),North Central,Kano DC,Nassarawa,Export,Dangote 3X (42.5R),44295,2214.75,40953.28,90701275.24,61211789.68,35750494.5,-6261008.94,-6.9,1153,Road (Articulated),9,23,14,0,Delivered,Fuel Shortage,75358.0,98.3,4.7,Cash & Carry,Paid
DCP-2024-032597,2024-10-07,2024,Q4,October,10,Obajana Plant (Kogi),North Central,Lagos DC,Bayelsa,Contractor,Dangote 3X (42.5N),4291,214.55,41378.79,8877818.88,6268014.29,5951080.63,-3341276.04,-37.64,1585,Road (Truck),13,17,4,0,Damaged in Transit,Flooding,37367.0,89.5,4.9,Cash & Carry,Paid
DCP-2024-033321,2024-10-07,2024,Q4,October,10,Gboko Plant (Benue),North Central,Ibadan DC,Akwa Ibom,Wholesaler,Dangote BLC,1926,96.3,35573.19,3425698.63,2452999.46,,123333.17,3.6,504,Road (Truck),6,18,12,0,Delivered,Road Damage,52797.0,87.7,4.5,Advance Payment,Pending
DCP-2024-033336,2024-10-07,2024,Q4,October,10,Dangote Cement Senegal,West Africa,Enugu DC,Abia,Retailer,Dangote 3X (42.5N),450,22.5,38430.89,864694.99,507637.09,256770.0,100287.9,11.6,1268,Rail,5,15,10,0,Returned,Road Damage,69577.0,99.9,4.3,60-Day Credit,Overdue
DCP-2024-033434,2024-10-07,2024,Q4,October,10,Dangote Cement Senegal,West Africa,Benin DC,Ebonyi,Wholesaler,Dangote OPC (52.5R),1318,65.9,47951.77,3160021.95,1908473.15,1577646.0,-326097.2,-10.32,1368,Road (Truck),4,15,11,0,Delivered,Security Incident,65407.0,100.0,,60-Day Credit,Paid
DCP-2024-032596,2024-10-09,2024,Q4,October,10,Gboko Plant (Benue),North Central,Lagos DC,Akwa Ibom,Contractor,Dangote OPC (52.5R),7941,397.05,48376.27,19207798.42,10819894.48,1195120.5,7192783.44,37.45,215,Road (Articulated),10,10,0,1,Delivered,None,74845.0,91.2,3.8,Cash & Carry,Paid
DCP-2024-032654,2024-10-09,2024,Q4,October,10,Gboko Plant (Benue),North Central,Kano DC,Benue,Retailer,Dangote 3X (42.5R),214,10.7,43191.36,462147.58,276965.57,145493.25,39688.76,8.59,777,Road (Truck),9,9,0,1,Delivered,None,46413.0,90.0,4.0,Letter of Credit,Overdue
DCP-2024-033338,2024-10-09,2024,Q4,October,10,Gboko Plant (Benue),North Central,Kaduna DC,Anambra,Retailer,Dangote OPC (52.5R),290,14.5,46662.0,676598.98,440861.08,87797.5,147940.4,21.87,865,River Barge,9,9,0,1,Delivered,None,16795.0,96.5,3.1,Cash & Carry,Paid
DCP-2024-032669,2024-10-10,2024,Q4,October,10,Benue Plant (Benue),North Central,Benin DC,Rivers,Retailer,Dangote 3X (42.5R),442,22.1,44218.53,977229.44,677232.88,39780.0,260216.56,26.63,200,Rail,12,19,7,0,Delayed,Flooding,14742.0,97.7,3.7,Advance Payment,Pending
DCP-2024-033139,2024-10-10,2024,Q4,October,10,Dangote Cement Senegal,West Africa,Lagos DC,Bayelsa,Retailer,Dangote 3X (42.5R),187,9.35,43339.32,405222.68,272907.05,158061.75,-25746.12,-6.35,966,Road (Truck),11,14,3,0,Delivered,,82700.0,85.2,4.4,30-Day Credit,Paid
DCP-2024-033195,2024-10-10,2024,Q4,October,10,Benue Plant (Benue),North Central,Maiduguri DC,Bayelsa,Contractor,Dangote 3X (42.5R),752,37.6,43549.59,1637464.7,1044790.44,857374.0,-264699.74,-16.17,1303,Road (Truck),8,22,14,0,Delayed,Road Damage,34373.0,93.6,4.8,30-Day Credit,Paid
DCP-2024-033059,2024-10-11,2024,Q4,October,10,Obajana Plant (Kogi),North Central,Lagos DC,Zamfara,Government,Dangote 3X (42.5N),27810,1390.5,39419.85,54813305.18,36257131.78,13510098.0,5046075.4,9.21,694,Road (Articulated),10,10,0,1,Damaged in Transit,None,17452.0,98.1,3.5,Cash & Carry,Paid
DCP-2024-033284,2024-10-11,2024,Q4,October,10,Gboko Plant (Benue),North Central,Kaduna DC,Nassarawa,Retailer,Dangote 3X (42.5N),313,15.65,37414.81,585541.73,400894.55,203489.12,-18841.94,-3.22,743,Road (Truck),8,17,9,0,Delayed,Security Incident,33812.0,92.6,4.8,Cash & Carry,Paid
DCP-2024-032744,2024-10-12,2024,Q4,October,10,Benue Plant (Benue),North Central,Ibadan DC,Ekiti,Wholesaler,Dangote 3X (42.5N),1875,93.75,41756.32,3914655.22,2472609.06,393750.0,1048296.16,26.78,240,Road (Truck),8,11,3,0,Delayed,Security Incident,18884.0,95.1,4.2,Advance Payment,Paid
DCP-2024-033047,2024-10-12,2024,Q4,October,10,Ibese Plant (Ogun),Southwest,Benin DC,Ekiti,Wholesaler,Dangote BLC,2119,105.95,35890.33,3802580.75,2131789.21,1623895.65,46895.89,1.23,1703,Rail,11,11,0,1,In Transit,None,10807.0,92.1,3.2,30-Day Credit,Paid
DCP-2024-033152,2024-10-12,2024,Q4,October,10,Benue Plant (Benue),North Central,Kano DC,Plateau,Wholesaler,Dangote 3X (42.5R),3528,176.4,38387.72,6771594.21,4763870.6,1896652.8,111070.81,1.64,768,Road (Articulated),14,14,0,1,Delivered,None,78786.0,100.0,4.7,Cash & Carry,Paid
DCP-2024-032666,2024-10-13,2024,Q4,October,10,Obajana Plant (Kogi),North Central,Kano DC,Niger,Government,Dangote 3X (42.5R),12090,604.5,40622.44,24556262.0,15490221.29,1555076.25,7510964.46,30.59,147,Road (Truck),5,5,0,1,Delivered,None,13684.0,87.2,4.4,Cash & Carry,Paid
DCP-2024-032704,2024-10-13,2024,Q4,October,10,Benue Plant (Benue),North Central,Kano DC,Enugu,Contractor,Dangote 3X (42.5N),4310,215.5,39274.24,8463598.46,5372118.41,1608061.0,1483419.05,17.53,533,Road (Articulated),13,15,2,0,Delayed,Customs Delay,68512.0,93.1,3.7,Cash & Carry,Paid
DCP-2024-032730,2024-10-13,2024,Q4,October,10,Dangote Cement Senegal,West Africa,Onitsha DC,Osun,Government,Dangote 3X (42.5N),46305,2315.25,41028.77,94991849.77,59558982.78,1500282.0,33932584.99,35.72,72,Rail,7,14,7,0,Delivered,Strike Action,45565.0,99.0,,Advance Payment,Paid
DCP-2024-032329,2024-10-14,2024,Q4,October,10,Dangote Cement Senegal,West Africa,Kano DC,Ekiti,Wholesaler,Dangote 3X (42.5R),4053,202.65,40909.08,8290224.17,4807584.02,1101605.4,2381034.75,28.72,604,Rail,8,8,0,1,Delivered,None,13171.0,92.7,4.6,30-Day Credit,Pending
DCP-2024-032388,2024-10-14,2024,Q4,October,10,Ibese Plant (Ogun),Southwest,Maiduguri DC,Bayelsa,Wholesaler,Dangote 3X (42.5N),1688,84.4,36895.02,3113939.64,1832742.55,607933.2,673263.89,21.62,1029,River Barge,12,23,11,0,Delivered,Truck Breakdown,5385.0,97.5,3.3,60-Day Credit,Paid
DCP-2024-032615,2024-10-14,2024,Q4,October,10,Obajana Plant (Kogi),North Central,Kano DC,Anambra,Retailer,Dangote 3X (42.5R),102,5.1,39698.35,202461.57,116154.75,40698.0,45608.82,22.53,1140,River Barge,5,5,0,1,Delivered,None,80202.0,95.6,4.8,30-Day Credit,Paid
DCP-2024-032741,2024-10-14,2024,Q4,October,10,Dangote Cement Senegal,West Africa,Kaduna DC,Plateau,Wholesaler,Dangote Falcon,4627,231.35,48814.73,11293287.23,6666641.12,3279386.25,1347259.86,11.93,810,Road (Truck),4,10,6,0,Delayed,Fuel Shortage,18813.0,95.8,,60-Day Credit,Paid
DCP-2024-032796,2024-10-14,2024,Q4,October,10,Obajana Plant (Kogi),North Central,Kaduna DC,Imo,Wholesaler,Dangote Falcon,534,26.7,52769.93,1408957.01,789276.98,424730.25,194949.78,13.84,909,Road (Truck),6,6,0,1,Delivered,None,19240.0,96.0,3.0,60-Day Credit,Paid
DCP-2024-033107,2024-10-14,2024,Q4,October,10,Dangote Cement Senegal,West Africa,Port Harcourt DC,Ekiti,Contractor,Dangote 3X (42.5N),560,28.0,41783.06,1169925.68,780553.75,565264.0,-175892.07,-15.03,1442,Road (Articulated),8,8,0,1,Delivered,,50559.0,87.4,4.2,Cash & Carry,Paid
DCP-2024-033207,2024-10-14,2024,Q4,October,10,Gboko Plant (Benue),North Central,Ibadan DC,Ondo,Contractor,Dangote 3X (42.5R),1958,97.9,39638.11,3880570.81,2268821.84,532820.75,1078928.22,27.8,311,Road (Truck),4,8,4,0,Delayed,Strike Action,75722.0,94.7,3.6,Advance Payment,Paid
DCP-2024-033211,2024-10-14,2024,Q4,October,10,Benue Plant (Benue),North Central,Onitsha DC,Abuja,Wholesaler,Dangote 3X (42.5R),3114,155.7,42843.17,6670680.91,4486053.1,2713851.0,-529223.19,-7.93,996,Road (Truck),10,10,0,1,Delayed,None,19992.0,98.3,3.0,30-Day Credit,Paid
DCP-2024-033357,2024-10-14,2024,Q4,October,10,Dangote Cement Senegal,West Africa,Port Harcourt DC,Abuja,Wholesaler,Dangote 3X (42.5N),1840,92.0,38818.64,3571314.54,1964746.98,2244340.0,-637772.44,-17.86,1394,Road (Truck),14,29,15,0,In Transit,Flooding,70348.0,87.6,4.8,30-Day Credit,Paid
DCP-2024-032400,2024-10-16,2024,Q4,October,10,Dangote Cement Senegal,West Africa,Onitsha DC,Katsina,Wholesaler,Dangote 3X (42.5R),2292,114.6,39691.48,4548643.07,3203821.45,1095003.0,249818.62,5.49,546,Road (Truck),12,12,0,1,Delivered,None,16183.0,98.9,4.2,Cash & Carry,Paid
DCP-2024-033056,2024-10-16,2024,Q4,October,10,Obajana Plant (Kogi),North Central,Port Harcourt DC,Akwa Ibom,Wholesaler,Dangote OPC (52.5R),3861,193.05,45711.61,8824625.45,5971116.42,4162158.0,-1308648.97,-14.83,1232,Road (Truck),14,20,6,0,Delivered,Customs Delay,53613.0,96.6,3.2,60-Day Credit,Pending
DCP-2024-032395,2024-10-17,2024,Q4,October,10,Ibese Plant (Ogun),Southwest,Maiduguri DC,Kano,Retailer,Dangote Falcon,64,3.2,53569.03,171420.91,104037.32,65721.6,1661.99,0.97,1467,Road (Articulated),3,3,0,1,Delivered,None,15698.0,99.9,4.9,30-Day Credit,Paid
DCP-2024-032936,2024-10-17,2024,Q4,October,10,Obajana Plant (Kogi),North Central,Enugu DC,Abia,Wholesaler,Dangote OPC (52.5R),1694,84.7,44674.65,3783942.61,2461296.23,1074631.25,248015.13,6.55,725,Road (Truck),14,14,0,1,Delivered,None,40848.0,88.9,3.7,60-Day Credit,Paid
DCP-2024-033060,2024-10-17,2024,Q4,October,10,Gboko Plant (Benue),North Central,Kaduna DC,Akwa Ibom,Retailer,Dangote BLC,487,24.35,39823.0,969690.0,556992.99,337491.0,75206.01,7.76,792,Road (Truck),9,9,0,1,Delivered,None,77140.0,87.3,3.9,Cash & Carry,Paid
DCP-2024-032533,2024-10-18,2024,Q4,October,10,Gboko Plant (Benue),North Central,Lagos DC,Nassarawa,Government,Dangote 3X (42.5R),36361,1818.05,42203.05,76727264.1,50467380.97,31586800.7,-5326917.57,-6.94,1241,Road (Articulated),12,12,0,1,In Transit,None,12938.0,97.5,3.7,Cash & Carry,Paid
DCP-2024-032662,2024-10-18,2024,Q4,October,10,Gboko Plant (Benue),North Central,Onitsha DC,Cross River,Wholesaler,Dangote BLC,4256,212.8,35548.53,7564726.36,5297353.46,2365272.0,-97899.1,-1.29,1235,Rail,1,9,8,0,Delayed,Fuel Shortage,70027.0,86.0,3.6,Cash & Carry,Paid
DCP-2024-032974,2024-10-18,2024,Q4,October,10,Gboko Plant (Benue),North Central,Benin DC,Zamfara,Retailer,Dangote Falcon,98,4.9,48622.78,238251.65,170797.43,98578.2,-31123.98,-13.06,1437,Road (Articulated),14,20,6,0,In Transit,Flooding,15902.0,89.1,4.7,60-Day Credit,Paid
DCP-2024-033114,2024-10-18,2024,Q4,October,10,Ibese Plant (Ogun),Southwest,Lagos DC,Ondo,Government,Dangote Falcon,9960,498.0,47927.27,23867782.37,13713583.84,5016354.0,5137844.53,21.53,1439,River Barge,11,11,0,1,Delivered,None,55773.0,94.8,3.3,30-Day Credit,Paid
DCP-2024-033264,2024-10-18,2024,Q4,October,10,Ibese Plant (Ogun),Southwest,Kaduna DC,Cross River,Wholesaler,Dangote OPC (52.5R),3014,150.7,44921.12,6769612.65,4598241.31,3800277.25,-1628905.91,-24.06,1441,Road (Truck),2,2,0,1,Delivered,None,65958.0,91.2,4.7,30-Day Credit,Paid
DCP-2024-032846,2024-10-19,2024,Q4,October,10,Benue Plant (Benue),North Central,Maiduguri DC,Imo,Retailer,Dangote 3X (42.5R),261,13.05,42227.42,551067.82,334622.82,304652.25,-88207.25,-16.01,1334,Road (Truck),14,17,3,0,Delayed,Security Incident,5953.0,,4.6,Cash & Carry,Paid
DCP-2024-032944,2024-10-19,2024,Q4,October,10,Benue Plant (Benue),North Central,Kaduna DC,Oyo,Export,Dangote 3X (42.5R),94016,4700.8,43072.04,202473038.44,128378931.64,57876249.6,16217857.2,8.01,1368,Rail,1,1,0,1,Delivered,None,62091.0,93.0,3.9,Cash & Carry,Paid
DCP-2024-033383,2024-10-19,2024,Q4,October,10,Ibese Plant (Ogun),Southwest,Kano DC,Abia,Export,Dangote 3X (42.5N),13432,671.6,40982.89,27524106.24,17016444.22,10072321.0,435341.02,1.58,857,Road (Truck),11,11,0,1,Delivered,None,52926.0,87.4,4.1,30-Day Credit,Paid
DCP-2024-032322,2024-10-20,2024,Q4,October,10,Gboko Plant (Benue),North Central,Benin DC,Delta,Wholesaler,Dangote BLC,2550,127.5,35016.35,4464584.61,2897911.46,562275.0,1004398.15,22.5,252,Road (Truck),14,20,6,0,Delivered,Fuel Shortage,66984.0,93.1,4.7,30-Day Credit,Paid
DCP-2024-032407,2024-10-20,2024,Q4,October,10,Obajana Plant (Kogi),North Central,Port Harcourt DC,Ebonyi,Wholesaler,Dangote 3X (42.5N),2925,146.25,39150.55,5725767.95,3517123.17,3698296.88,-1489652.1,-26.02,1445,Road (Truck),13,13,0,1,Delivered,None,19985.0,94.5,4.2,30-Day Credit,Paid
DCP-2024-032632,2024-10-20,2024,Q4,October,10,Dangote Cement Senegal,West Africa,Benin DC,Kaduna,Wholesaler,Dangote Falcon,1059,52.95,49802.64,2637050.01,1757718.27,816330.15,63001.59,2.39,1713,Rail,8,8,0,1,Delivered,None,76984.0,92.8,4.6,Cash & Carry,Paid
DCP-2024-032756,2024-10-20,2024,Q4,October,10,Ibese Plant (Ogun),Southwest,Kano DC,Osun,Wholesaler,Dangote Falcon,1859,92.95,50769.49,4719023.9,3280085.67,2801048.25,-1362110.02,-28.86,1722,Road (Truck),10,10,0,1,Delivered,None,70837.0,95.0,3.5,30-Day Credit,Pending
DCP-2024-033241,2024-10-20,2024,Q4,October,10,Dangote Cement Senegal,West Africa,Lagos DC,Benue,Contractor,Dangote 3X (42.5R),318,15.9,43824.88,696815.62,492371.14,466903.5,-262459.02,-37.67,1678,Road (Truck),13,22,9,0,Delivered,Road Damage,64676.0,95.9,3.5,Cash & Carry,Pending
DCP-2024-032680,2024-10-21,2024,Q4,October,10,Gboko Plant (Benue),North Central,Enugu DC,Cross River,Contractor,Dangote 3X (42.5R),7646,382.3,43392.33,16588889.1,10089281.07,2456659.8,4042948.23,24.37,918,River Barge,10,18,8,0,In Transit,Security Incident,47353.0,90.2,3.8,Cash & Carry,Paid
DCP-2024-032999,2024-10-21,2024,Q4,October,10,Benue Plant (Benue),North Central,Enugu DC,Delta,Retailer,Dangote 3X (42.5R),379,18.95,40939.48,775803.06,436474.69,,40865.87,5.27,1750,Rail,1,1,0,1,In Transit,None,33017.0,85.8,3.7,30-Day Credit,Paid
DCP-2024-033206,2024-10-21,2024,Q4,October,10,Dangote Cement Senegal,West Africa,Kaduna DC,Nassarawa,Retailer,Dangote BLC,447,22.35,37808.43,845018.33,516229.93,323460.38,5328.02,0.63,827,Road (Truck),12,12,0,1,Delayed,None,80533.0,94.9,4.5,30-Day Credit,Paid
DCP-2024-032778,2024-10-22,2024,Q4,October,10,Benue Plant (Benue),North Central,Enugu DC,Abuja,Retailer,Dangote OPC (52.5R),70,3.5,45174.94,158112.28,94685.27,43757.0,19670.01,12.44,1786,River Barge,10,22,12,0,Delivered,Flooding,54440.0,93.6,3.3,30-Day Credit,Paid
DCP-2024-032928,2024-10-22,2024,Q4,October,10,Obajana Plant (Kogi),North Central,Benin DC,Zamfara,Wholesaler,Dangote 3X (42.5R),3554,177.7,41962.24,7456690.83,5280147.94,,676399.49,9.07,603,Road (Articulated),11,22,11,0,Delivered,Security Incident,80174.0,92.6,3.1,30-Day Credit,Paid
DCP-2024-032462,2024-10-23,2024,Q4,October,10,Dangote Cement Senegal,West Africa,Lagos DC,Abia,Retailer,Dangote 3X (42.5R),119,5.95,41672.07,247948.82,147186.44,131926.38,-31164.0,-12.57,1267,Road (Truck),5,6,1,0,In Transit,Road Damage,53663.0,86.0,4.9,30-Day Credit,Paid
DCP-2024-032754,2024-10-23,2024,Q4,October,10,Benue Plant (Benue),North Central,Benin DC,Ekiti,Retailer,Dangote 3X (42.5N),79,3.95,40055.22,158218.13,89287.9,68903.8,26.43,0.02,1246,Road (Articulated),7,21,14,0,Damaged in Transit,Strike Action,41158.0,94.2,4.6,Cash & Carry,Paid
DCP-2024-032477,2024-10-24,2024,Q4,October,10,Benue Plant (Benue),North Central,Kano DC,Nassarawa,Wholesaler,Dangote BLC,3797,189.85,35020.87,6648712.07,3795636.5,1093061.38,1760014.19,26.47,329,Road (Truck),5,17,12,0,Damaged in Transit,Customs Delay,60357.0,86.8,5.0,30-Day Credit,Paid
DCP-2024-032569,2024-10-24,2024,Q4,October,10,Benue Plant (Benue),North Central,Port Harcourt DC,Benue,Contractor,Dangote 3X (42.5R),4066,203.3,43273.28,8797458.72,4870561.92,2668312.5,1258584.3,14.31,750,Road (Truck),1,1,0,1,In Transit,None,25332.0,98.3,3.2,30-Day Credit,Paid
DCP-2024-032599,2024-10-24,2024,Q4,October,10,Ibese Plant (Ogun),Southwest,Kano DC,Ogun,Wholesaler,Dangote Falcon,417,20.85,51485.87,1073480.48,735207.18,532352.62,-194079.32,-18.08,1459,Road (Truck),1,1,0,1,Delivered,None,63186.0,87.1,4.8,Letter of Credit,Overdue
DCP-2024-032684,2024-10-24,2024,Q4,October,10,Dangote Cement Senegal,West Africa,Abuja DC,Imo,Wholesaler,Dangote 3X (42.5R),478,23.9,40821.08,975623.84,650764.92,405284.25,-80425.33,-8.24,969,Road (Truck),8,8,0,1,Delivered,None,38759.0,86.3,,60-Day Credit,Pending
DCP-2024-032443,2024-10-25,2024,Q4,October,10,Ibese Plant (Ogun),Southwest,Kano DC,Ebonyi,Retailer,Dangote 3X (42.5N),194,9.7,41094.31,398614.76,226768.31,199897.6,-28051.15,-7.04,1472,Road (Articulated),10,10,0,1,Delivered,,50911.0,86.6,,60-Day Credit,Pending
DCP-2024-032499,2024-10-25,2024,Q4,October,10,Obajana Plant (Kogi),North Central,Abuja DC,Plateau,Retailer,Dangote OPC (52.5R),154,7.7,46138.89,355269.46,224248.57,60706.8,70314.09,19.79,876,Rail,4,4,0,1,Delivered,None,83220.0,93.7,3.9,30-Day Credit,Paid
DCP-2024-032782,2024-10-25,2024,Q4,October,10,Ibese Plant (Ogun),Southwest,Benin DC,Rivers,Contractor,Dangote Falcon,5288,264.4,47849.93,12651520.44,8315953.39,3072063.6,1263503.45,9.99,1291,Rail,5,5,0,1,In Transit,None,46575.0,99.8,3.3,30-Day Credit,Paid
DCP-2024-032946,2024-10-25,2024,Q4,October,10,Benue Plant (Benue),North Central,Port Harcourt DC,Kano,Wholesaler,Dangote 3X (42.5N),3499,174.95,36619.28,6406542.52,4420385.33,4558759.62,-2572602.43,-40.16,1489,Road (Truck),10,24,14,0,In Transit,Road Damage,56195.0,89.5,3.6,30-Day Credit,Pending
DCP-2024-032950,2024-10-25,2024,Q4,October,10,Benue Plant (Benue),North Central,Port Harcourt DC,Enugu,Wholesaler,Dangote 3X (42.5R),4138,206.9,37792.84,7819338.68,4523349.38,2690734.5,605254.8,7.74,1445,Rail,6,18,12,0,Delayed,Customs Delay,84299.0,92.0,3.2,Cash & Carry,Paid
DCP-2024-033283,2024-10-25,2024,Q4,October,10,Obajana Plant (Kogi),North Central,Kaduna DC,Cross River,Export,Dangote BLC,73448,3672.4,36303.77,133321970.98,80655136.63,16580886.0,36085948.35,27.07,258,Road (Truck),10,10,0,1,Delivered,None,68531.0,89.7,4.3,Advance Payment,Paid
DCP-2024-033325,2024-10-25,2024,Q4,October,10,Ibese Plant (Ogun),Southwest,Maiduguri DC,Ebonyi,Wholesaler,Dangote Falcon,2966,148.3,49802.09,7385650.23,4100840.08,2571892.75,712917.4,9.65,991,Road (Truck),14,14,0,1,Delayed,None,71223.0,91.2,4.7,30-Day Credit,Paid
DCP-2024-032747,2024-10-26,2024,Q4,October,10,Obajana Plant (Kogi),North Central,Kaduna DC,Ebonyi,Retailer,Dangote BLC,226,11.3,37002.5,418128.26,233462.38,242837.0,-58171.12,-13.91,1228,Road (Truck),7,7,0,1,Delivered,None,48746.0,89.9,4.5,30-Day Credit,Paid
DCP-2024-033402,2024-10-26,2024,Q4,October,10,Dangote Cement Senegal,West Africa,Enugu DC,Zamfara,Retailer,Dangote OPC (52.5R),345,17.25,44859.14,773820.22,440769.13,177261.0,155790.09,20.13,734,Road (Articulated),14,27,13,0,Returned,Flooding,60120.0,91.4,5.0,30-Day Credit,Paid
DCP-2024-032543,2024-10-27,2024,Q4,October,10,Ibese Plant (Ogun),Southwest,Lagos DC,Ogun,Retailer,Dangote 3X (42.5R),140,7.0,43075.76,301530.32,187492.34,78841.0,35196.98,11.67,1609,River Barge,12,13,1,0,Delivered,Security Incident,59898.0,94.5,4.1,Cash & Carry,Paid
DCP-2024-032783,2024-10-27,2024,Q4,October,10,Gboko Plant (Benue),North Central,Abuja DC,Enugu,Contractor,Dangote 3X (42.5R),6741,337.05,42175.83,14215363.97,8956011.2,7278594.75,-2019241.98,-14.2,1234,Road (Truck),9,9,0,1,Delivered,None,29840.0,96.0,,Cash & Carry,Pending
DCP-2024-032326,2024-10-28,2024,Q4,October,10,Ibese Plant (Ogun),Southwest,Lagos DC,Anambra,Contractor,Dangote BLC,5835,291.75,40160.92,11716948.01,7566415.33,894505.5,3256027.18,27.79,438,River Barge,14,14,0,1,Delivered,None,57687.0,97.1,4.2,Cash & Carry,Paid
DCP-2024-032572,2024-10-28,2024,Q4,October,10,Obajana Plant (Kogi),North Central,Kaduna DC,Kaduna,Retailer,Dangote 3X (42.5R),338,16.9,42525.64,718683.32,396224.85,379033.2,-56574.73,-7.87,1602,Road (Articulated),4,4,0,1,Delivered,None,27135.0,88.0,4.5,Cash & Carry,Paid
DCP-2024-032665,2024-10-28,2024,Q4,October,10,Ibese Plant (Ogun),Southwest,Benin DC,Benue,Government,Dangote Falcon,2768,138.4,52806.69,7308446.07,4524901.36,976550.4,1806994.31,24.72,784,Rail,3,3,0,1,In Transit,None,75798.0,96.1,3.2,Cash & Carry,Paid
DCP-2024-032959,2024-10-28,2024,Q4,October,10,Benue Plant (Benue),North Central,Ibadan DC,Rivers,Retailer,Dangote 3X (42.5R),428,21.4,42894.97,917952.38,532370.87,195489.0,190092.51,20.71,522,Road (Truck),8,8,0,1,Delivered,None,27047.0,90.2,3.5,60-Day Credit,Paid
DCP-2024-033011,2024-10-28,2024,Q4,October,10,Obajana Plant (Kogi),North Central,Lagos DC,Abia,Retailer,Dangote 3X (42.5R),30,1.5,43144.1,64716.15,44678.08,7857.0,12181.07,18.82,582,Rail,2,17,15,0,In Transit,Road Damage,16239.0,93.5,4.6,Cash & Carry,Paid
DCP-2024-032540,2024-10-29,2024,Q4,October,10,Dangote Cement Senegal,West Africa,Benin DC,Zamfara,Government,Dangote 3X (42.5N),6329,316.45,38792.25,12275807.47,8076747.21,7348760.12,-3149699.86,-25.66,1327,Road (Truck),2,2,0,1,Delivered,None,65064.0,92.6,3.9,30-Day Credit,Pending
DCP-2024-033363,2024-10-29,2024,Q4,October,10,Benue Plant (Benue),North Central,Maiduguri DC,Kebbi,Wholesaler,Dangote 3X (42.5N),1357,67.85,36524.55,2478190.69,1737506.49,161483.0,579201.2,23.37,136,Road (Truck),9,24,15,0,In Transit,Strike Action,80875.0,100.0,4.2,Advance Payment,Paid
DCP-2024-032633,2024-10-30,2024,Q4,October,10,Ibese Plant (Ogun),Southwest,Maiduguri DC,Kogi,Government,Dangote OPC (52.5R),27127,1356.35,50902.39,69041456.42,45613168.23,16026631.6,7401656.59,10.72,844,Road (Articulated),14,14,0,1,Delivered,None,82602.0,99.2,4.1,30-Day Credit,Pending
DCP-2024-032582,2024-10-31,2024,Q4,October,10,Ibese Plant (Ogun),Southwest,Benin DC,Kwara,Contractor,Dangote 3X (42.5N),2814,140.7,39421.03,5546538.46,3262459.36,1582734.3,701344.8,12.64,1607,River Barge,12,12,0,1,Delivered,None,38745.0,95.3,4.8,Cash & Carry,Pending
DCP-2024-032897,2024-10-31,2024,Q4,October,10,Benue Plant (Benue),North Central,Kano DC,Delta,Contractor,Dangote 3X (42.5N),7812,390.6,38636.17,15091289.32,10303561.44,1647355.5,3140372.38,20.81,241,Road (Truck),10,10,0,1,Delivered,None,23441.0,95.7,4.5,Advance Payment,Paid
DCP-2024-033082,2024-10-31,2024,Q4,October,10,Ibese Plant (Ogun),Southwest,Ibadan DC,Zamfara,Wholesaler,Dangote 3X (42.5N),3075,153.75,39779.16,6116046.45,3927177.2,2556093.75,-367224.5,-6.0,950,Road (Truck),8,8,0,1,Delivered,None,30582.0,91.1,4.0,60-Day Credit,Paid
DCP-2024-032935,2024-11-01,2024,Q4,November,11,Benue Plant (Benue),North Central,Port Harcourt DC,Kaduna,Retailer,Dangote 3X (42.5R),144,7.2,42042.66,302707.14,180027.52,18468.0,104211.62,34.43,285,Rail,3,17,14,0,Delivered,Customs Delay,82436.0,96.6,3.2,30-Day Credit,Paid
DCP-2024-032997,2024-11-01,2024,Q4,November,11,Dangote Cement Senegal,West Africa,Port Harcourt DC,Zamfara,Retailer,Dangote Falcon,277,13.85,49126.05,680395.72,383088.77,229529.12,67777.83,9.96,947,Road (Truck),2,2,0,1,Returned,None,41093.0,97.5,3.4,Cash & Carry,Pending
DCP-2024-033233,2024-11-01,2024,Q4,November,11,Gboko Plant (Benue),North Central,Lagos DC,Kaduna,Contractor,Dangote 3X (42.5R),2238,111.9,42122.68,4713528.28,3004826.98,2126659.5,-417958.2,-8.87,1086,Road (Truck),14,24,10,0,Delivered,Fuel Shortage,80174.0,88.6,4.7,30-Day Credit,Pending
DCP-2024-032781,2024-11-02,2024,Q4,November,11,Ibese Plant (Ogun),Southwest,Maiduguri DC,Abuja,Retailer,Dangote OPC (52.5R),367,18.35,49027.57,899655.91,566806.89,199354.4,133494.62,14.84,776,Road (Articulated),13,13,0,1,Delivered,None,61780.0,85.2,3.4,Cash & Carry,Paid
DCP-2024-033071,2024-11-02,2024,Q4,November,11,Obajana Plant (Kogi),North Central,Kaduna DC,Bayelsa,Wholesaler,Dangote 3X (42.5R),381,19.05,38381.01,731158.17,520880.49,97678.88,112598.8,15.4,293,Road (Truck),13,20,7,0,Delayed,Truck Breakdown,24004.0,98.5,4.1,Letter of Credit,Paid
DCP-2024-032789,2024-11-03,2024,Q4,November,11,Dangote Cement Senegal,West Africa,Maiduguri DC,Plateau,Retailer,Dangote OPC (52.5R),137,6.85,48941.62,335250.09,223530.45,117837.12,-6117.48,-1.82,983,Road (Truck),11,11,0,1,Delivered,None,21488.0,85.1,3.1,Cash & Carry,Overdue
DCP-2024-032839,2024-11-03,2024,Q4,November,11,Dangote Cement Senegal,West Africa,Lagos DC,Kaduna,Wholesaler,Dangote 3X (42.5R),2129,106.45,40627.54,4324801.62,2454466.54,,1612513.18,37.29,346,River Barge,6,6,0,1,In Transit,None,66052.0,97.5,3.9,30-Day Credit,Paid
DCP-2024-033361,2024-11-03,2024,Q4,November,11,Obajana Plant (Kogi),North Central,Ibadan DC,Sokoto,Retailer,Dangote 3X (42.5R),181,9.05,43941.85,397673.7,251756.81,217417.2,-71500.31,-17.98,1716,Road (Articulated),9,10,1,0,Delivered,Road Damage,71275.0,91.9,3.1,30-Day Credit,Paid
DCP-2024-033387,2024-11-03,2024,Q4,November,11,Dangote Cement Senegal,West Africa,Kano DC,Kaduna,Wholesaler,Dangote 3X (42.5R),153,7.65,40856.53,312552.48,198960.79,86858.1,26733.59,8.55,1622,River Barge,10,18,8,0,Delivered,Truck Breakdown,19253.0,97.9,3.2,Advance Payment,Pending
DCP-2024-032739,2024-11-04,2024,Q4,November,11,Dangote Cement Senegal,West Africa,Benin DC,Ogun,Wholesaler,Dangote 3X (42.5R),4310,215.5,39517.07,8515927.71,4929779.51,4763088.75,-1176940.55,-13.82,1263,Road (Truck),12,12,0,1,Delivered,None,54202.0,94.4,3.5,Cash & Carry,Paid
DCP-2024-032971,2024-11-04,2024,Q4,November,11,Gboko Plant (Benue),North Central,Enugu DC,Kwara,Wholesaler,Dangote 3X (42.5R),2381,119.05,43721.13,5205000.31,3202227.81,2620052.4,-617279.9,-11.86,1572,Road (Articulated),3,3,0,1,Delivered,None,74039.0,96.6,3.4,60-Day Credit,Paid
DCP-2024-032926,2024-11-05,2024,Q4,November,11,Ibese Plant (Ogun),Southwest,Benin DC,Akwa Ibom,Government,Dangote 3X (42.5N),8043,402.15,36354.17,14619828.11,8960180.49,4715208.75,944438.87,6.46,670,Road (Truck),7,16,9,0,Delayed,Fuel Shortage,14671.0,92.4,4.5,Cash & Carry,Paid
DCP-2024-033163,2024-11-05,2024,Q4,November,11,Ibese Plant (Ogun),Southwest,Ibadan DC,Delta,Contractor,Dangote 3X (42.5N),6860,343.0,39126.58,13420418.04,8133617.75,4340322.0,946478.29,7.05,1406,Rail,6,8,2,0,Delivered,Flooding,30900.0,,3.4,30-Day Credit,Paid
DCP-2024-033332,2024-11-05,2024,Q4,November,11,Gboko Plant (Benue),North Central,Abuja DC,Niger,Wholesaler,Dangote 3X (42.5R),2748,137.4,39020.35,5361395.99,3408519.44,3287432.4,-1334555.85,-24.89,1709,Road (Articulated),11,17,6,0,Delayed,Security Incident,54672.0,97.3,4.8,Cash & Carry,Paid
DCP-2024-032515,2024-11-06,2024,Q4,November,11,Benue Plant (Benue),North Central,Kano DC,Benue,Retailer,Dangote 3X (42.5N),460,23.0,40014.95,920343.8,530952.18,121302.0,268089.62,29.13,586,Rail,13,13,0,1,Delivered,None,74606.0,95.7,4.8,30-Day Credit,Paid
DCP-2024-033210,2024-11-06,2024,Q4,November,11,Benue Plant (Benue),North Central,Kaduna DC,Katsina,Export,Dangote 3X (42.5N),38916,1945.8,36713.6,71437313.82,50811263.95,8274514.5,12351535.37,17.29,243,Road (Truck),14,14,0,1,Delayed,None,33994.0,90.9,4.9,Cash & Carry,Paid
DCP-2024-033260,2024-11-06,2024,Q4,November,11,Obajana Plant (Kogi),North Central,Lagos DC,Kano,Wholesaler,Dangote 3X (42.5R),423,21.15,37931.83,802258.11,467103.83,301651.87,33502.41,4.18,815,Road (Truck),8,8,0,1,Delivered,None,19850.0,99.8,3.8,30-Day Credit,Pending
DCP-2024-033295,2024-11-06,2024,Q4,November,11,Ibese Plant (Ogun),Southwest,Maiduguri DC,Anambra,Retailer,Dangote 3X (42.5R),212,10.6,42347.44,448882.86,288681.62,291977.0,-131775.76,-29.36,1574,Road (Truck),13,19,6,0,Delayed,Truck Breakdown,5525.0,86.5,4.0,Cash & Carry,Paid
DCP-2024-032785,2024-11-07,2024,Q4,November,11,Dangote Cement Senegal,West Africa,Enugu DC,Osun,Wholesaler,Dangote BLC,4010,200.5,38906.68,7800788.5,5137058.58,1911567.0,752162.92,9.64,681,Road (Articulated),6,19,13,0,Delayed,Security Incident,23333.0,90.1,,Cash & Carry,Pending
DCP-2024-033097,2024-11-08,2024,Q4,November,11,Obajana Plant (Kogi),North Central,Maiduguri DC,Ekiti,Retailer,Dangote 3X (42.5N),472,23.6,38941.06,919008.98,538963.52,286952.4,93093.06,10.13,1351,Rail,8,18,10,0,Delayed,Truck Breakdown,45825.0,98.9,4.6,60-Day Credit,Paid
DCP-2024-032404,2024-11-09,2024,Q4,November,11,Benue Plant (Benue),North Central,Onitsha DC,Ekiti,Wholesaler,Dangote 3X (42.5R),1787,89.35,38613.41,3450108.5,2287772.31,333052.12,829284.07,24.04,213,Road (Truck),6,15,9,0,In Transit,Security Incident,20636.0,94.3,4.4,Cash & Carry,Paid
DCP-2024-032537,2024-11-09,2024,Q4,November,11,Gboko Plant (Benue),North Central,Kaduna DC,Niger,Wholesaler,Dangote OPC (52.5R),2761,138.05,45930.39,6340690.97,3811566.32,3283174.13,-754049.48,-11.89,1359,Road (Truck),3,12,9,0,Delivered,Truck Breakdown,31241.0,91.0,4.4,Cash & Carry,Paid
DCP-2024-032628,2024-11-09,2024,Q4,November,11,Benue Plant (Benue),North Central,Ibadan DC,Katsina,Contractor,Dangote 3X (42.5R),3417,170.85,41793.07,7140345.7,4908789.47,1765222.2,466334.03,6.53,738,Road (Articulated),3,15,12,0,Delivered,Truck Breakdown,16964.0,97.0,3.3,30-Day Credit,Pending
DCP-2024-032788,2024-11-09,2024,Q4,November,11,Benue Plant (Benue),North Central,Benin DC,Anambra,Wholesaler,Dangote 3X (42.5N),3089,154.45,41143.8,6354660.2,3801296.42,2588273.1,-34909.32,-0.55,1197,Road (Articulated),6,9,3,0,Delivered,Flooding,8043.0,89.4,5.0,60-Day Credit,Paid
DCP-2024-033032,2024-11-09,2024,Q4,November,11,Ibese Plant (Ogun),Southwest,Abuja DC,Bayelsa,Wholesaler,Dangote 3X (42.5R),4872,243.6,42180.75,10275229.99,6591674.56,6765381.0,-3081825.57,-29.99,1587,Road (Truck),5,8,3,0,Delayed,Customs Delay,62130.0,92.1,4.0,60-Day Credit,Paid
DCP-2024-033245,2024-11-09,2024,Q4,November,11,Obajana Plant (Kogi),North Central,Ibadan DC,Imo,Contractor,Dangote BLC,4092,204.6,36304.28,7427855.79,5082364.72,6179943.0,-3834451.93,-51.62,1726,Road (Truck),10,17,7,0,In Transit,Truck Breakdown,14732.0,99.7,4.9,30-Day Credit,Paid
DCP-2024-032420,2024-11-10,2024,Q4,November,11,Obajana Plant (Kogi),North Central,Kaduna DC,Bayelsa,Wholesaler,Dangote 3X (42.5N),1048,52.4,40030.91,2097619.58,1292124.02,953680.0,-148184.44,-7.06,1300,Road (Articulated),7,7,0,1,Delivered,,11795.0,96.1,4.1,30-Day Credit,Paid
DCP-2024-032512,2024-11-10,2024,Q4,November,11,Benue Plant (Benue),North Central,Port Harcourt DC,Ogun,Wholesaler,Dangote 3X (42.5N),2173,108.65,41223.05,4478884.67,2956591.32,2137145.5,-614852.15,-13.73,1124,Road (Truck),8,22,14,0,Delivered,Flooding,63737.0,,,Advance Payment,Paid
DCP-2024-033035,2024-11-10,2024,Q4,November,11,Obajana Plant (Kogi),North Central,Kano DC,Sokoto,Retailer,Dangote 3X (42.5R),417,20.85,38178.32,796018.05,448248.98,54981.45,292787.62,36.78,293,Rail,1,1,0,1,Delivered,None,67533.0,98.2,4.7,Cash & Carry,Pending
DCP-2024-033282,2024-11-10,2024,Q4,November,11,Benue Plant (Benue),North Central,Ibadan DC,Anambra,Contractor,Dangote 3X (42.5R),360,18.0,42432.28,763781.08,450073.95,557550.0,-243842.87,-31.93,1770,Road (Truck),4,4,0,1,Delivered,None,25306.0,90.6,3.9,Letter of Credit,Paid
DCP-2024-032899,2024-11-11,2024,Q4,November,11,Ibese Plant (Ogun),Southwest,Onitsha DC,Katsina,Retailer,Dangote OPC (52.5R),249,12.45,47093.38,586312.56,353951.9,345549.75,-113189.09,-19.31,1586,Road (Truck),7,9,2,0,Delivered,Road Damage,32402.0,94.7,4.5,Letter of Credit,Paid
DCP-2024-032768,2024-11-13,2024,Q4,November,11,Obajana Plant (Kogi),North Central,Lagos DC,Niger,Contractor,Dangote OPC (52.5R),1842,92.1,51077.65,4704251.16,2740806.39,1287788.25,675656.52,14.36,799,Road (Truck),5,5,0,1,Delivered,None,52629.0,86.3,4.8,30-Day Credit,Paid
DCP-2024-033087,2024-11-13,2024,Q4,November,11,Gboko Plant (Benue),North Central,Enugu DC,Katsina,Retailer,Dangote BLC,343,17.15,35345.48,606174.94,424765.41,17527.3,163882.23,27.04,146,River Barge,12,12,0,1,Delivered,None,69811.0,95.8,4.2,30-Day Credit,Paid
DCP-2024-032327,2024-11-14,2024,Q4,November,11,Benue Plant (Benue),North Central,Kano DC,Kaduna,Wholesaler,Dangote OPC (52.5R),190,9.5,44475.26,422515.02,279410.57,90772.5,52331.95,12.39,546,Road (Truck),14,14,0,1,Delivered,None,10509.0,94.2,3.2,Cash & Carry,Paid
DCP-2024-032772,2024-11-14,2024,Q4,November,11,Obajana Plant (Kogi),North Central,Benin DC,Kebbi,Wholesaler,Dangote OPC (52.5R),678,33.9,46365.68,1571796.69,947736.0,,-68262.06,-4.34,1167,Road (Truck),2,2,0,1,In Transit,None,28540.0,99.8,4.1,Advance Payment,Paid
DCP-2024-032964,2024-11-15,2024,Q4,November,11,Dangote Cement Senegal,West Africa,Kaduna DC,Anambra,Wholesaler,Dangote 3X (42.5N),4522,226.1,37591.87,8499520.86,5534377.11,,-2178631.25,-25.63,1300,Road (Truck),8,8,0,1,Delivered,None,80745.0,93.6,4.2,60-Day Credit,Paid
DCP-2024-032345,2024-11-16,2024,Q4,November,11,Ibese Plant (Ogun),Southwest,Benin DC,Anambra,Contractor,Dangote 3X (42.5N),7286,364.3,37268.52,13576922.99,8779196.95,3842636.4,955089.64,7.03,1172,Rail,2,2,0,1,Delivered,None,83356.0,,3.2,Cash & Carry,Paid
DCP-2024-032440,2024-11-16,2024,Q4,November,11,Benue Plant (Benue),North Central,Benin DC,Sokoto,Retailer,Dangote BLC,430,21.5,35992.22,773832.65,466249.24,282187.5,25395.91,3.28,750,Road (Truck),14,14,0,1,In Transit,,26976.0,93.8,,Cash & Carry,Paid
DCP-2024-032711,2024-11-16,2024,Q4,November,11,Dangote Cement Senegal,West Africa,Lagos DC,Oyo,Wholesaler,Dangote 3X (42.5N),4531,226.55,36868.99,8352668.93,4863467.43,1844343.55,1644857.95,19.69,1163,River Barge,12,12,0,1,Delivered,None,60581.0,97.2,4.9,30-Day Credit,Paid
DCP-2024-032996,2024-11-16,2024,Q4,November,11,Dangote Cement Senegal,West Africa,Onitsha DC,Edo,Retailer,Dangote Falcon,346,17.3,47557.79,822749.72,573070.29,122916.5,126762.93,15.41,406,Road (Truck),11,11,0,1,Delivered,None,51604.0,98.1,3.6,60-Day Credit,Paid
DCP-2024-033254,2024-11-16,2024,Q4,November,11,Benue Plant (Benue),North Central,Ibadan DC,Kogi,Retailer,Dangote 3X (42.5N),490,24.5,41675.76,1021056.06,710346.21,56668.5,254041.35,24.88,257,Rail,7,7,0,1,Delivered,None,27483.0,93.1,3.8,Cash & Carry,Paid
DCP-2024-032338,2024-11-17,2024,Q4,November,11,Dangote Cement Senegal,West Africa,Ibadan DC,Zamfara,Export,Dangote 3X (42.5N),94389,4719.45,38600.63,182173723.73,105563355.87,115626525.0,-39016157.14,-21.42,1400,Road (Truck),12,13,1,0,Delivered,Fuel Shortage,12284.0,90.1,4.0,Advance Payment,Paid
DCP-2024-033086,2024-11-17,2024,Q4,November,11,Benue Plant (Benue),North Central,Port Harcourt DC,Benue,Retailer,Dangote OPC (52.5R),498,24.9,50472.04,1256753.86,878968.77,164016.3,213768.79,17.01,941,River Barge,6,20,14,0,In Transit,Fuel Shortage,9862.0,99.8,4.4,60-Day Credit,Overdue
DCP-2024-033148,2024-11-17,2024,Q4,November,11,Obajana Plant (Kogi),North Central,Kaduna DC,Nassarawa,Retailer,Dangote 3X (42.5R),84,4.2,43693.36,183512.11,127186.12,74676.0,-18350.01,-10.0,1016,Road (Truck),7,7,0,1,Delivered,None,72924.0,99.7,4.1,Advance Payment,Paid
DCP-2024-032472,2024-11-18,2024,Q4,November,11,Benue Plant (Benue),North Central,Kano DC,Ebonyi,Retailer,Dangote 3X (42.5N),181,9.05,41424.53,374891.96,219192.81,211969.1,-56269.95,-15.01,1673,Road (Articulated),2,2,0,1,Delivered,None,25797.0,87.0,3.9,Letter of Credit,Paid
DCP-2024-032868,2024-11-18,2024,Q4,November,11,Gboko Plant (Benue),North Central,Abuja DC,Katsina,Contractor,Dangote OPC (52.5R),3859,192.95,46950.43,9059085.18,6431277.72,969091.37,1658716.09,18.31,287,Road (Truck),8,15,7,0,Delivered,Security Incident,66800.0,85.7,3.4,60-Day Credit,Paid
DCP-2024-033193,2024-11-18,2024,Q4,November,11,Benue Plant (Benue),North Central,Port Harcourt DC,Kogi,Retailer,Dangote Falcon,485,24.25,47502.46,1151934.77,672895.24,99134.0,379905.53,32.98,292,Road (Articulated),1,9,8,0,Delayed,Customs Delay,38305.0,85.8,4.6,Cash & Carry,Paid
DCP-2024-033358,2024-11-18,2024,Q4,November,11,Dangote Cement Senegal,West Africa,Kano DC,Edo,Wholesaler,Dangote 3X (42.5R),2149,107.45,40342.62,4334814.35,2948501.47,,775137.28,17.88,632,Rail,14,14,0,1,Delivered,None,77084.0,92.1,3.4,Cash & Carry,Paid
DCP-2024-033281,2024-11-19,2024,Q4,November,11,Gboko Plant (Benue),North Central,Benin DC,Osun,Contractor,Dangote OPC (52.5R),1323,66.15,46651.74,3086012.51,1763160.34,944622.0,378230.17,12.26,816,Road (Truck),4,4,0,1,Delivered,None,83127.0,85.4,3.2,Letter of Credit,Paid
DCP-2024-032430,2024-11-20,2024,Q4,November,11,Benue Plant (Benue),North Central,Kaduna DC,Nassarawa,Retailer,Dangote OPC (52.5R),473,23.65,50846.88,1202528.64,811306.52,,123031.12,10.23,810,Road (Articulated),8,8,0,1,Delayed,None,53037.0,98.6,4.0,30-Day Credit,Paid
DCP-2024-033017,2024-11-20,2024,Q4,November,11,Ibese Plant (Ogun),Southwest,Kaduna DC,Oyo,Government,Dangote 3X (42.5R),16655,832.75,39712.76,33070804.62,22688320.45,25765285.0,-15382800.83,-46.51,1768,Road (Truck),4,18,14,0,Delivered,Truck Breakdown,35982.0,94.6,5.0,30-Day Credit,Pending
DCP-2024-033029,2024-11-20,2024,Q4,November,11,Dangote Cement Senegal,West Africa,Benin DC,Bayelsa,Wholesaler,Dangote 3X (42.5R),915,45.75,43317.86,1981791.99,1416805.2,1093653.75,-528666.96,-26.68,1366,Road (Truck),1,1,0,1,Delivered,None,38182.0,89.6,3.8,Cash & Carry,Pending
DCP-2024-033054,2024-11-20,2024,Q4,November,11,Gboko Plant (Benue),North Central,Enugu DC,Ebonyi,Wholesaler,Dangote 3X (42.5N),1916,95.8,41803.11,4004738.14,2409993.03,792361.8,802383.31,20.04,919,Rail,10,13,3,0,Delayed,Road Damage,20006.0,97.7,3.4,30-Day Credit,Paid
DCP-2024-033255,2024-11-20,2024,Q4,November,11,Benue Plant (Benue),North Central,Lagos DC,Kaduna,Wholesaler,Dangote BLC,597,29.85,39762.49,1186910.43,691142.71,565418.7,-69650.98,-5.87,1353,Road (Articulated),12,12,0,1,In Transit,None,16875.0,97.2,4.5,Cash & Carry,Paid
DCP-2024-032604,2024-11-21,2024,Q4,November,11,Ibese Plant (Ogun),Southwest,Port Harcourt DC,Ogun,Retailer,Dangote 3X (42.5R),59,2.95,40433.02,119277.41,68868.3,91273.0,-40863.89,-34.26,1768,Road (Truck),2,2,0,1,Delivered,,68530.0,92.6,3.1,Cash & Carry,Paid
DCP-2024-032766,2024-11-21,2024,Q4,November,11,Dangote Cement Senegal,West Africa,Maiduguri DC,Bayelsa,Retailer,Dangote 3X (42.5N),149,7.45,38139.52,284139.42,175828.14,101562.12,6749.16,2.38,779,Road (Truck),7,15,8,0,Delivered,Fuel Shortage,79840.0,97.1,4.9,60-Day Credit,Paid
DCP-2024-032862,2024-11-21,2024,Q4,November,11,Dangote Cement Senegal,West Africa,Enugu DC,Edo,Retailer,Dangote Falcon,245,12.25,49334.61,604348.94,377423.11,219177.0,7748.83,1.28,1278,Road (Articulated),7,8,1,0,Delayed,Truck Breakdown,54210.0,89.8,4.3,Cash & Carry,Overdue
DCP-2024-032963,2024-11-21,2024,Q4,November,11,Ibese Plant (Ogun),Southwest,Kano DC,Ogun,Wholesaler,Dangote 3X (42.5R),3828,191.4,43092.9,8247981.87,5936287.7,,-3683910.83,-44.66,1790,Road (Truck),7,8,1,0,Damaged in Transit,Truck Breakdown,36745.0,90.9,5.0,Advance Payment,Paid
DCP-2024-033040,2024-11-21,2024,Q4,November,11,Dangote Cement Senegal,West Africa,Kano DC,Osun,Contractor,Dangote 3X (42.5N),347,17.35,41994.71,728608.24,515342.88,499159.5,-285894.14,-39.24,1644,Road (Truck),1,9,8,0,Delivered,Fuel Shortage,59740.0,91.7,3.2,30-Day Credit,Pending
DCP-2024-033173,2024-11-21,2024,Q4,November,11,Gboko Plant (Benue),North Central,Enugu DC,Plateau,Contractor,Dangote OPC (52.5R),8580,429.0,45583.15,19555169.33,11215954.85,8438430.0,-99215.52,-0.51,1124,Road (Truck),8,8,0,1,Returned,None,7832.0,87.8,4.9,Letter of Credit,Paid
DCP-2024-033201,2024-11-21,2024,Q4,November,11,Ibese Plant (Ogun),Southwest,Port Harcourt DC,Bayelsa,Wholesaler,Dangote 3X (42.5N),3375,168.75,37658.1,6354805.19,3646018.15,2494800.0,213987.04,3.37,1056,Road (Articulated),12,27,15,0,Delivered,Road Damage,56949.0,95.5,4.9,Cash & Carry,Paid
DCP-2024-033419,2024-11-21,2024,Q4,November,11,Dangote Cement Senegal,West Africa,Benin DC,Edo,Contractor,Dangote OPC (52.5R),3592,179.6,45033.72,8088056.08,4585657.19,1902502.8,1599896.09,19.78,1177,Rail,7,9,2,0,Delivered,Strike Action,75604.0,91.7,3.9,Cash & Carry,Paid
DCP-2024-032760,2024-11-22,2024,Q4,November,11,Gboko Plant (Benue),North Central,Abuja DC,Enugu,Retailer,Dangote OPC (52.5R),61,3.05,44193.97,134791.6,83237.61,83531.88,-31977.89,-23.72,1565,Road (Truck),10,17,7,0,In Transit,Security Incident,78024.0,87.4,4.5,Cash & Carry,Paid
DCP-2024-032650,2024-11-24,2024,Q4,November,11,Dangote Cement Senegal,West Africa,Kano DC,Ekiti,Retailer,Dangote 3X (42.5R),113,5.65,38714.88,218739.05,123115.18,50327.38,45296.49,20.71,509,Road (Truck),8,8,0,1,Delivered,None,68041.0,85.6,4.3,30-Day Credit,Overdue
DCP-2024-032934,2024-11-24,2024,Q4,November,11,Obajana Plant (Kogi),North Central,Kaduna DC,Ondo,Retailer,Dangote 3X (42.5N),23,1.15,41000.64,47150.74,29205.71,8652.6,9292.43,19.71,836,Rail,1,1,0,1,In Transit,None,5149.0,92.8,3.1,Letter of Credit,Paid
DCP-2024-033159,2024-11-24,2024,Q4,November,11,Dangote Cement Senegal,West Africa,Port Harcourt DC,Oyo,Government,Dangote 3X (42.5R),16023,801.15,43217.18,34623443.12,22142817.56,20777825.25,-8297199.69,-23.96,1482,Road (Truck),8,13,5,0,Delayed,Truck Breakdown,13315.0,90.4,4.7,Cash & Carry,Paid
DCP-2024-033222,2024-11-24,2024,Q4,November,11,Ibese Plant (Ogun),Southwest,Kano DC,Benue,Wholesaler,Dangote OPC (52.5R),989,49.45,45620.89,2255952.92,1554778.55,282161.7,419012.67,18.57,634,Rail,2,2,0,1,Delivered,None,33119.0,87.2,4.7,Cash & Carry,Pending
DCP-2024-032504,2024-11-25,2024,Q4,November,11,Gboko Plant (Benue),North Central,Benin DC,Benue,Contractor,Dangote OPC (52.5R),6912,345.6,45037.86,15565083.09,9287171.19,8684928.0,-2407016.1,-15.46,1436,Road (Truck),8,8,0,1,Delivered,None,54962.0,86.6,3.6,60-Day Credit,Paid
DCP-2024-032826,2024-11-25,2024,Q4,November,11,Dangote Cement Senegal,West Africa,Kaduna DC,Ondo,Export,Dangote BLC,37524,1876.2,36617.63,68701998.09,46169887.95,2199844.5,20332265.64,29.59,67,Road (Truck),9,9,0,1,Delivered,None,43878.0,99.3,4.2,30-Day Credit,Paid
DCP-2024-032903,2024-11-25,2024,Q4,November,11,Benue Plant (Benue),North Central,Benin DC,Ogun,Government,Dangote Falcon,29860,1493.0,50509.14,75410151.88,42335940.18,2069298.0,31004913.7,41.12,154,Rail,6,21,15,0,Delivered,Customs Delay,67152.0,90.3,4.8,Letter of Credit,Overdue
DCP-2024-033179,2024-11-25,2024,Q4,November,11,Dangote Cement Senegal,West Africa,Lagos DC,Kebbi,Government,Dangote 3X (42.5R),5577,278.85,43784.27,12209242.31,7035445.1,1361485.12,3812312.09,31.22,279,Road (Truck),14,26,12,0,Delivered,Strike Action,63746.0,93.9,4.6,Cash & Carry,Paid
DCP-2024-033225,2024-11-25,2024,Q4,November,11,Obajana Plant (Kogi),North Central,Port Harcourt DC,Imo,Government,Dangote 3X (42.5R),21478,1073.9,39207.11,42104518.88,23655160.7,14899288.6,3550069.58,8.43,991,Road (Articulated),8,20,12,0,Returned,Road Damage,17155.0,95.3,3.2,60-Day Credit,Paid
DCP-2024-033409,2024-11-25,2024,Q4,November,11,Gboko Plant (Benue),North Central,Enugu DC,Cross River,Retailer,Dangote 3X (42.5N),422,21.1,38015.37,802124.36,496223.89,94528.0,211372.47,26.35,256,Road (Truck),12,12,0,1,In Transit,None,7485.0,93.3,3.2,30-Day Credit,Paid
DCP-2024-033420,2024-11-25,2024,Q4,November,11,Gboko Plant (Benue),North Central,Port Harcourt DC,Nassarawa,Export,Dangote 3X (42.5N),91367,4568.35,39615.01,180975226.21,125623831.65,139426042.0,-84074647.44,-46.46,1744,Road (Truck),14,22,8,0,Delayed,Flooding,13544.0,91.6,3.2,30-Day Credit,Paid
DCP-2024-032658,2024-11-26,2024,Q4,November,11,Obajana Plant (Kogi),North Central,Ibadan DC,Imo,Wholesaler,Dangote 3X (42.5N),1515,75.75,37271.05,2823282.26,1599450.39,1511212.5,-287380.63,-10.18,1425,Road (Articulated),2,15,13,0,Delayed,Truck Breakdown,31084.0,94.8,,Advance Payment,Pending
DCP-2024-032960,2024-11-26,2024,Q4,November,11,Benue Plant (Benue),North Central,Port Harcourt DC,Katsina,Wholesaler,Dangote 3X (42.5R),4705,235.25,42916.4,10096084.12,5903318.35,6957518.75,-2764752.98,-27.38,1690,Road (Truck),4,4,0,1,Delivered,None,34753.0,95.3,4.3,Letter of Credit,Pending
DCP-2024-033113,2024-11-26,2024,Q4,November,11,Dangote Cement Senegal,West Africa,Maiduguri DC,Nassarawa,Export,Dangote 3X (42.5R),63680,3184.0,39280.36,125068667.76,86695670.65,28918680.0,9454317.11,7.56,519,Road (Truck),7,19,12,0,Delayed,Security Incident,10753.0,96.9,4.6,Advance Payment,Paid
DCP-2024-032550,2024-11-27,2024,Q4,November,11,Ibese Plant (Ogun),Southwest,Benin DC,Sokoto,Retailer,Dangote BLC,91,4.55,36142.59,164448.78,107902.47,56597.45,-51.14,-0.03,1777,River Barge,7,7,0,1,Delivered,None,78718.0,94.8,5.0,Cash & Carry,Paid
DCP-2024-032608,2024-11-27,2024,Q4,November,11,Dangote Cement Senegal,West Africa,Maiduguri DC,Ekiti,Contractor,Dangote OPC (52.5R),5868,293.4,47239.08,13859946.54,8297670.23,2405586.6,3156689.71,22.78,911,Rail,12,12,0,1,Damaged in Transit,None,9516.0,97.2,3.4,Letter of Credit,Paid
DCP-2024-032624,2024-11-27,2024,Q4,November,11,Gboko Plant (Benue),North Central,Benin DC,Kaduna,Contractor,Dangote 3X (42.5R),9347,467.35,40672.61,19008344.87,11267987.04,,5074126.08,26.69,326,Road (Truck),11,26,15,0,Delivered,Road Damage,72314.0,91.2,3.3,30-Day Credit,Pending
DCP-2024-033073,2024-11-27,2024,Q4,November,11,Obajana Plant (Kogi),North Central,Onitsha DC,Kwara,Retailer,Dangote BLC,77,3.85,35337.05,136047.62,80425.95,103555.38,-47933.71,-35.23,1537,Road (Truck),4,4,0,1,Delivered,None,65272.0,94.4,3.1,30-Day Credit,Pending
DCP-2024-033346,2024-11-27,2024,Q4,November,11,Dangote Cement Senegal,West Africa,Enugu DC,Ogun,Retailer,Dangote 3X (42.5N),214,10.7,37135.12,397345.81,276977.34,,-8908.93,-2.24,863,Road (Articulated),14,14,0,1,Delivered,None,61937.0,90.6,3.0,30-Day Credit,Paid
DCP-2024-033390,2024-11-27,2024,Q4,November,11,Gboko Plant (Benue),North Central,Port Harcourt DC,Ogun,Wholesaler,Dangote OPC (52.5R),4289,214.45,46690.53,10012784.47,6861609.64,2206690.5,944484.33,9.43,588,Road (Truck),14,14,0,1,Delivered,None,8557.0,92.5,4.2,30-Day Credit,Paid
DCP-2024-032494,2024-11-28,2024,Q4,November,11,Dangote Cement Senegal,West Africa,Enugu DC,Abia,Contractor,Dangote 3X (42.5R),5397,269.85,40262.06,10864717.18,7683568.98,2391410.7,789737.5,7.27,633,Road (Articulated),1,1,0,1,Delivered,None,21684.0,90.9,3.9,Cash & Carry,Paid
DCP-2024-032825,2024-11-28,2024,Q4,November,11,Dangote Cement Senegal,West Africa,Abuja DC,Delta,Retailer,Dangote Falcon,297,14.85,53543.97,795127.93,548422.61,24168.37,222536.95,27.99,93,Road (Truck),14,29,15,0,Delivered,Truck Breakdown,49951.0,91.1,4.8,60-Day Credit,Paid
DCP-2024-033021,2024-11-28,2024,Q4,November,11,Obajana Plant (Kogi),North Central,Kano DC,Lagos,Retailer,Dangote OPC (52.5R),74,3.7,47694.25,176468.74,111343.71,36195.25,28929.78,16.39,559,Road (Truck),2,2,0,1,Delivered,None,73121.0,97.5,3.9,Cash & Carry,Pending
DCP-2024-033344,2024-11-28,2024,Q4,November,11,Obajana Plant (Kogi),North Central,Onitsha DC,Katsina,Retailer,Dangote BLC,112,5.6,38847.61,217546.62,144969.89,98588.0,-26011.27,-11.96,1006,Road (Truck),13,13,0,1,Delivered,None,55779.0,92.2,4.9,Cash & Carry,Pending
DCP-2024-032501,2024-11-30,2024,Q4,November,11,Obajana Plant (Kogi),North Central,Abuja DC,Plateau,Contractor,Dangote 3X (42.5N),6246,312.3,38492.16,12021101.03,8407711.39,3749161.5,-135771.86,-1.13,686,Road (Truck),8,8,0,1,Delivered,None,29064.0,93.2,3.6,30-Day Credit,Paid
DCP-2024-032506,2024-11-30,2024,Q4,November,11,Obajana Plant (Kogi),North Central,Port Harcourt DC,Sokoto,Contractor,Dangote 3X (42.5R),5478,273.9,43341.98,11871367.65,7541572.46,820878.3,3508916.89,29.56,333,Rail,5,5,0,1,In Transit,None,41059.0,88.0,4.4,60-Day Credit,Paid
DCP-2024-032674,2024-11-30,2024,Q4,November,11,Dangote Cement Senegal,West Africa,Abuja DC,Niger,Export,Dangote 3X (42.5N),87051,4352.55,37181.42,161833971.11,115059556.83,132687486.75,-85913072.47,-53.09,1742,Road (Truck),3,3,0,1,Delivered,None,64918.0,91.0,4.3,Cash & Carry,Pending
DCP-2024-033003,2024-11-30,2024,Q4,November,11,Ibese Plant (Ogun),Southwest,Onitsha DC,Kano,Contractor,Dangote 3X (42.5N),1376,68.8,42284.18,2909151.62,2083090.4,1347516.8,-521455.58,-17.92,1399,Road (Articulated),12,16,4,0,In Transit,Fuel Shortage,16891.0,92.3,3.7,30-Day Credit,Pending
DCP-2024-032984,2024-12-01,2024,Q4,December,12,Obajana Plant (Kogi),North Central,Kano DC,Kwara,Government,Dangote Falcon,20470,1023.5,54649.29,55933548.84,39982404.15,24824992.5,-8873847.81,-15.86,1386,Road (Truck),1,4,3,0,Delivered,Customs Delay,44476.0,91.2,,Letter of Credit,Paid
DCP-2024-033178,2024-12-01,2024,Q4,December,12,Dangote Cement Senegal,West Africa,Ibadan DC,Enugu,Retailer,Dangote 3X (42.5N),86,4.3,41946.94,180371.86,119854.69,108435.25,-47918.08,-26.57,1441,Road (Truck),9,9,0,1,In Transit,None,45315.0,97.6,3.0,30-Day Credit,Paid
DCP-2024-033348,2024-12-01,2024,Q4,December,12,Dangote Cement Senegal,West Africa,Lagos DC,Rivers,Wholesaler,Dangote 3X (42.5R),3962,198.1,42242.84,8368306.72,5742840.55,5356128.75,-2730662.58,-32.63,1545,Road (Truck),9,9,0,1,Delivered,None,27221.0,,3.8,60-Day Credit,Overdue
DCP-2024-032457,2024-12-02,2024,Q4,December,12,Ibese Plant (Ogun),Southwest,Maiduguri DC,Bayelsa,Contractor,Dangote OPC (52.5R),5766,288.3,50822.5,14652126.36,9540534.54,2877810.6,2233781.22,15.25,713,Road (Articulated),2,7,5,0,Delivered,Truck Breakdown,74563.0,92.5,3.1,Advance Payment,Paid
DCP-2024-033221,2024-12-02,2024,Q4,December,12,Dangote Cement Senegal,West Africa,Port Harcourt DC,Plateau,Wholesaler,Dangote OPC (52.5R),4057,202.85,44807.92,9089286.18,6079065.49,3805466.0,-795245.31,-8.75,1340,Road (Articulated),11,11,0,1,In Transit,None,62027.0,92.2,4.3,30-Day Credit,Pending
DCP-2024-033275,2024-12-02,2024,Q4,December,12,Benue Plant (Benue),North Central,Port Harcourt DC,Katsina,Wholesaler,Dangote 3X (42.5R),503,25.15,38494.2,968129.1,645527.65,678232.62,-355631.17,-36.73,1541,Road (Truck),1,1,0,1,Delivered,None,72978.0,96.5,3.1,Cash & Carry,Paid
DCP-2024-033428,2024-12-02,2024,Q4,December,12,Obajana Plant (Kogi),North Central,Benin DC,Abuja,Retailer,Dangote OPC (52.5R),299,14.95,45436.24,679271.75,432977.3,292758.38,-46463.93,-6.84,1119,Road (Truck),8,21,13,0,Delivered,Fuel Shortage,52928.0,99.8,4.4,30-Day Credit,Paid
DCP-2024-033033,2024-12-03,2024,Q4,December,12,Obajana Plant (Kogi),North Central,Port Harcourt DC,Abia,Retailer,Dangote 3X (42.5R),140,7.0,38062.97,266440.81,188030.74,16513.0,61897.07,23.23,337,River Barge,9,21,12,0,Delivered,Truck Breakdown,63238.0,89.9,4.0,Cash & Carry,Paid
DCP-2024-033219,2024-12-03,2024,Q4,December,12,Dangote Cement Senegal,West Africa,Kaduna DC,Katsina,Wholesaler,Dangote 3X (42.5N),3820,191.0,38487.99,7351205.67,4406481.05,3974232.5,-1029507.88,-14.0,1189,Road (Truck),8,22,14,0,Delayed,Road Damage,47352.0,90.0,4.4,Advance Payment,Pending
DCP-2024-033303,2024-12-03,2024,Q4,December,12,Gboko Plant (Benue),North Central,Maiduguri DC,Ekiti,Wholesaler,Dangote OPC (52.5R),2750,137.5,49061.88,6746008.71,3864377.0,767250.0,2114381.71,31.34,620,Rail,8,10,2,0,Delivered,Truck Breakdown,27303.0,92.0,3.4,Advance Payment,Overdue
DCP-2024-033408,2024-12-03,2024,Q4,December,12,Benue Plant (Benue),North Central,Enugu DC,Osun,Retailer,Dangote 3X (42.5N),98,4.9,37551.06,184000.22,109936.67,46373.6,27689.95,15.05,676,Road (Articulated),9,9,0,1,Delivered,None,45371.0,99.7,3.5,Advance Payment,Overdue
DCP-2024-033142,2024-12-04,2024,Q4,December,12,Benue Plant (Benue),North Central,Port Harcourt DC,Kogi,Export,Dangote 3X (42.5N),7062,353.1,38265.55,13511566.74,8338725.67,4356371.25,816469.82,6.04,705,Road (Truck),10,10,0,1,Delivered,None,35668.0,97.0,3.9,Cash & Carry,Paid
DCP-2024-033372,2024-12-04,2024,Q4,December,12,Gboko Plant (Benue),North Central,Ibadan DC,Akwa Ibom,Wholesaler,Dangote 3X (42.5R),1555,77.75,39823.71,3096293.24,2072673.98,1511926.5,-488307.24,-15.77,1389,Road (Articulated),5,5,0,1,In Transit,None,27090.0,95.6,4.5,Cash & Carry,Paid
DCP-2024-032705,2024-12-05,2024,Q4,December,12,Obajana Plant (Kogi),North Central,Kaduna DC,Ekiti,Wholesaler,Dangote 3X (42.5N),4361,218.05,41122.12,8966678.29,5321063.63,2415448.88,1230165.78,13.72,633,Road (Truck),13,15,2,0,Delivered,Customs Delay,60393.0,97.1,4.7,Letter of Credit,Paid
DCP-2024-032714,2024-12-05,2024,Q4,December,12,Obajana Plant (Kogi),North Central,Kano DC,Kogi,Wholesaler,Dangote 3X (42.5N),859,42.95,39763.62,1707847.51,978171.66,199932.25,529743.6,31.02,266,Road (Truck),9,9,0,1,Delivered,,10552.0,85.4,4.4,Cash & Carry,Paid
DCP-2024-032731,2024-12-05,2024,Q4,December,12,Ibese Plant (Ogun),Southwest,Benin DC,Ekiti,Contractor,Dangote 3X (42.5R),930,46.5,43707.59,2032402.94,1136639.87,548467.5,347295.57,17.09,674,Road (Truck),10,10,0,1,Delivered,None,54733.0,94.0,3.5,60-Day Credit,Paid
DCP-2024-032995,2024-12-05,2024,Q4,December,12,Ibese Plant (Ogun),Southwest,Onitsha DC,Niger,Wholesaler,Dangote Falcon,1460,73.0,48700.83,3555160.25,2530460.61,702114.0,322585.64,9.07,687,Road (Articulated),14,14,0,1,Delivered,None,74795.0,89.7,4.6,30-Day Credit,Paid
DCP-2024-033266,2024-12-05,2024,Q4,December,12,Benue Plant (Benue),North Central,Maiduguri DC,Sokoto,Wholesaler,Dangote 3X (42.5R),1382,69.1,43112.81,2979095.17,1675093.76,2064189.75,-760188.34,-25.52,1707,Road (Truck),2,2,0,1,In Transit,,5548.0,99.5,4.6,30-Day Credit,Paid
DCP-2024-033343,2024-12-05,2024,Q4,December,12,Benue Plant (Benue),North Central,Maiduguri DC,Ebonyi,Wholesaler,Dangote 3X (42.5R),2002,100.1,42209.43,4225163.84,2459909.85,1168767.6,596486.39,14.12,834,Road (Articulated),8,10,2,0,Delivered,Strike Action,69701.0,88.0,3.4,Advance Payment,Pending
DCP-2024-032484,2024-12-06,2024,Q4,December,12,Benue Plant (Benue),North Central,Maiduguri DC,Anambra,Government,Dangote 3X (42.5R),21341,1067.05,39875.42,42549067.48,28462778.4,7693430.5,6392858.58,15.02,412,Road (Truck),6,6,0,1,Delivered,None,51914.0,88.9,3.8,Cash & Carry,Paid
DCP-2024-032925,2024-12-06,2024,Q4,December,12,Gboko Plant (Benue),North Central,Abuja DC,Ondo,Contractor,Dangote 3X (42.5R),5829,291.45,38217.32,11138438.47,7974842.05,5513505.38,-2349908.96,-21.1,1081,Road (Truck),13,14,1,0,Returned,,19536.0,92.0,3.1,30-Day Credit,Paid
DCP-2024-033116,2024-12-06,2024,Q4,December,12,Benue Plant (Benue),North Central,Benin DC,Kwara,Government,Dangote 3X (42.5R),48917,2445.85,38483.07,94123820.03,60511434.66,51671027.1,-18058641.73,-19.19,1509,Road (Articulated),14,17,3,0,Delayed,Fuel Shortage,46185.0,95.0,3.0,60-Day Credit,Pending
DCP-2024-032865,2024-12-07,2024,Q4,December,12,Gboko Plant (Benue),North Central,Enugu DC,Bayelsa,Retailer,Dangote BLC,156,7.8,35991.59,280734.38,173011.8,168168.0,-60445.42,-21.53,1540,Road (Articulated),4,4,0,1,Delayed,None,16643.0,92.6,4.4,Letter of Credit,Paid
DCP-2024-032921,2024-12-07,2024,Q4,December,12,Ibese Plant (Ogun),Southwest,Maiduguri DC,Plateau,Wholesaler,Dangote OPC (52.5R),4285,214.25,45137.3,9670666.43,5831827.99,3812364.5,26473.94,0.27,1271,Road (Articulated),12,12,0,1,In Transit,None,49734.0,88.5,3.7,30-Day Credit,Paid
DCP-2024-033269,2024-12-07,2024,Q4,December,12,Gboko Plant (Benue),North Central,Enugu DC,Kaduna,Government,Dangote 3X (42.5R),22281,1114.05,39449.28,43948475.2,30165606.85,2717167.95,11065700.4,25.18,271,Rail,5,20,15,0,In Transit,Flooding,20811.0,85.6,3.9,60-Day Credit,Paid
DCP-2024-032874,2024-12-08,2024,Q4,December,12,Obajana Plant (Kogi),North Central,Onitsha DC,Imo,Wholesaler,Dangote 3X (42.5R),4487,224.35,42160.08,9458613.37,5294707.54,4766315.75,-602409.92,-6.37,1214,Road (Truck),3,3,0,1,Delivered,None,81019.0,90.5,4.5,Cash & Carry,Paid
DCP-2024-032898,2024-12-08,2024,Q4,December,12,Dangote Cement Senegal,West Africa,Port Harcourt DC,Niger,Contractor,Dangote OPC (52.5R),9083,454.15,47330.08,21494956.49,14139567.89,3846650.5,3508738.1,16.32,484,Road (Truck),5,5,0,1,In Transit,None,66849.0,96.9,,30-Day Credit,Paid
DCP-2024-032510,2024-12-09,2024,Q4,December,12,Ibese Plant (Ogun),Southwest,Port Harcourt DC,Edo,Export,Dangote 3X (42.5R),21633,1081.65,43882.7,47465725.49,28535746.9,24138101.4,-5208122.81,-10.97,1594,Road (Articulated),7,7,0,1,Delivered,None,40577.0,85.7,4.4,60-Day Credit,Paid
DCP-2024-033036,2024-12-09,2024,Q4,December,12,Obajana Plant (Kogi),North Central,Ibadan DC,Oyo,Government,Dangote BLC,21420,1071.0,35224.19,37725105.09,24092968.02,19042380.0,-5410242.93,-14.34,1016,Road (Truck),12,12,0,1,In Transit,None,6711.0,99.2,4.2,60-Day Credit,Paid
DCP-2024-032476,2024-12-10,2024,Q4,December,12,Obajana Plant (Kogi),North Central,Kano DC,Anambra,Contractor,Dangote 3X (42.5R),1845,92.25,41293.47,3809322.54,2218450.25,2369902.5,-779030.21,-20.45,1468,Road (Truck),1,3,2,0,In Transit,Flooding,62067.0,93.9,3.6,Advance Payment,Pending
DCP-2024-033257,2024-12-10,2024,Q4,December,12,Ibese Plant (Ogun),Southwest,Enugu DC,Anambra,Government,Dangote 3X (42.5R),5313,265.65,43491.71,11553573.57,7839046.07,2990953.35,723574.15,6.26,1251,Rail,14,14,0,1,Delivered,None,67631.0,95.0,3.8,30-Day Credit,Paid
DCP-2024-032579,2024-12-11,2024,Q4,December,12,Gboko Plant (Benue),North Central,Lagos DC,Ebonyi,Retailer,Dangote 3X (42.5R),339,16.95,40960.96,694288.28,423566.06,99903.3,170818.92,24.6,421,Road (Articulated),7,7,0,1,Delivered,None,56883.0,89.1,4.2,Cash & Carry,Paid
DCP-2024-032685,2024-12-11,2024,Q4,December,12,Dangote Cement Senegal,West Africa,Ibadan DC,Edo,Retailer,Dangote BLC,50,2.5,36693.05,91732.62,56482.14,23580.0,11670.48,12.72,1048,Rail,6,6,0,1,Delivered,None,60614.0,90.9,4.8,30-Day Credit,Overdue
DCP-2024-033046,2024-12-11,2024,Q4,December,12,Obajana Plant (Kogi),North Central,Abuja DC,Anambra,Retailer,Dangote 3X (42.5N),192,9.6,41128.91,394837.5,260780.5,104025.6,30031.4,7.61,774,Road (Articulated),7,12,5,0,Delivered,Security Incident,23195.0,99.4,3.7,Cash & Carry,Pending
DCP-2024-032433,2024-12-12,2024,Q4,December,12,Ibese Plant (Ogun),Southwest,Maiduguri DC,Edo,Contractor,Dangote OPC (52.5R),5666,283.3,50422.78,14284773.49,9070648.91,2609759.6,2604364.98,18.23,1316,River Barge,1,1,0,1,Delivered,None,44853.0,,3.9,60-Day Credit,Pending
DCP-2024-032551,2024-12-12,2024,Q4,December,12,Dangote Cement Senegal,West Africa,Maiduguri DC,Nassarawa,Wholesaler,Dangote BLC,1667,83.35,36423.9,3035931.81,1858310.3,94810.62,1082810.89,35.67,65,Road (Truck),10,10,0,1,Delivered,None,63431.0,85.9,4.6,30-Day Credit,Paid
DCP-2024-032978,2024-12-12,2024,Q4,December,12,Obajana Plant (Kogi),North Central,Kano DC,Zamfara,Export,Dangote BLC,67014,3350.7,37130.38,124412752.53,74717499.32,61358018.4,-11662765.19,-9.37,1308,Road (Articulated),5,14,9,0,Delivered,Customs Delay,62115.0,97.1,3.9,Cash & Carry,Paid
DCP-2024-033090,2024-12-12,2024,Q4,December,12,Gboko Plant (Benue),North Central,Enugu DC,Niger,Contractor,Dangote Falcon,7476,373.8,54528.2,20382642.44,12623359.33,9230056.5,-1470773.39,-7.22,1411,Road (Truck),2,2,0,1,In Transit,None,5620.0,98.1,3.8,Cash & Carry,Paid
DCP-2024-033151,2024-12-13,2024,Q4,December,12,Dangote Cement Senegal,West Africa,Lagos DC,Nassarawa,Wholesaler,Dangote OPC (52.5R),414,20.7,46817.52,969122.72,534499.83,,410569.49,42.37,83,Road (Articulated),11,11,0,1,Delivered,None,6618.0,96.0,3.2,Advance Payment,Paid
DCP-2024-032528,2024-12-14,2024,Q4,December,12,Benue Plant (Benue),North Central,Abuja DC,Kwara,Retailer,Dangote Falcon,321,16.05,54007.55,866821.13,504907.85,230036.62,131876.66,15.21,819,Road (Truck),9,9,0,1,Delayed,None,53406.0,98.5,4.9,Advance Payment,Paid
DCP-2024-033145,2024-12-14,2024,Q4,December,12,Gboko Plant (Benue),North Central,Kano DC,Kogi,Contractor,Dangote 3X (42.5N),5792,289.6,38918.89,11270911.53,6865903.05,,1019584.48,9.05,1670,River Barge,7,7,0,1,Delivered,,16337.0,98.0,4.5,30-Day Credit,Overdue
DCP-2024-032725,2024-12-15,2024,Q4,December,12,Obajana Plant (Kogi),North Central,Abuja DC,Niger,Export,Dangote 3X (42.5N),7192,359.6,36162.28,13003957.03,8098406.07,7696339.0,-2790788.04,-21.46,1223,Road (Truck),5,5,0,1,Delivered,None,55195.0,98.5,4.3,Cash & Carry,Overdue
DCP-2024-032787,2024-12-15,2024,Q4,December,12,Benue Plant (Benue),North Central,Kano DC,Bayelsa,Wholesaler,Dangote 3X (42.5R),1327,66.35,40121.13,2662036.93,1693300.96,1165769.5,-197033.53,-7.4,1004,Road (Truck),14,24,10,0,Delivered,Truck Breakdown,78810.0,99.8,4.2,Letter of Credit,Overdue
DCP-2024-032893,2024-12-15,2024,Q4,December,12,Benue Plant (Benue),North Central,Onitsha DC,Cross River,Retailer,Dangote 3X (42.5R),443,22.15,40872.42,905324.13,556958.14,329481.25,18884.74,2.09,850,Road (Truck),4,4,0,1,Delivered,None,22514.0,87.2,3.2,30-Day Credit,Pending
DCP-2024-033160,2024-12-15,2024,Q4,December,12,Gboko Plant (Benue),North Central,Abuja DC,Kano,Government,Dangote Falcon,20078,1003.9,54150.22,54361401.81,30422593.2,31060666.0,-7121857.39,-13.1,1768,Road (Truck),1,2,1,0,Delivered,Customs Delay,66168.0,96.2,4.4,Advance Payment,Paid
DCP-2024-033208,2024-12-15,2024,Q4,December,12,Obajana Plant (Kogi),North Central,Maiduguri DC,Niger,Government,Dangote 3X (42.5N),33136,1656.8,36321.94,60178189.97,33342660.31,28327138.0,-1491608.34,-2.48,977,Road (Truck),1,1,0,1,Delivered,None,31047.0,90.9,3.4,30-Day Credit,Paid
DCP-2024-033271,2024-12-15,2024,Q4,December,12,Dangote Cement Senegal,West Africa,Abuja DC,Edo,Contractor,Dangote 3X (42.5R),2584,129.2,42442.06,5483514.59,3938735.08,569772.0,975007.51,17.78,252,Road (Truck),5,11,6,0,In Transit,Truck Breakdown,11966.0,99.0,4.5,30-Day Credit,Paid
DCP-2024-032401,2024-12-16,2024,Q4,December,12,Obajana Plant (Kogi),North Central,Kano DC,Ekiti,Wholesaler,Dangote 3X (42.5R),706,35.3,38352.03,1353826.7,776476.45,,-319622.75,-23.61,1452,Road (Truck),2,2,0,1,Delivered,None,7564.0,89.4,3.2,30-Day Credit,Paid
DCP-2024-032507,2024-12-16,2024,Q4,December,12,Gboko Plant (Benue),North Central,Benin DC,Rivers,Wholesaler,Dangote 3X (42.5N),2445,122.25,36671.27,4483063.11,2644353.87,,679045.74,15.15,1054,Rail,3,3,0,1,Delivered,None,71920.0,91.5,4.8,60-Day Credit,Pending
DCP-2024-032397,2024-12-17,2024,Q4,December,12,Gboko Plant (Benue),North Central,Enugu DC,Nassarawa,Retailer,Dangote 3X (42.5R),258,12.9,42224.42,544694.95,319638.61,270222.75,-45166.41,-8.29,1197,Road (Truck),10,10,0,1,Delivered,None,57995.0,100.0,4.1,Letter of Credit,Paid
DCP-2024-032795,2024-12-17,2024,Q4,December,12,Obajana Plant (Kogi),North Central,Enugu DC,Anambra,Wholesaler,Dangote 3X (42.5R),1780,89.0,42916.41,3819560.44,2136324.07,1376118.0,307118.37,8.04,1718,Rail,7,7,0,1,Delivered,None,43419.0,86.1,4.5,Cash & Carry,Pending
DCP-2024-032801,2024-12-17,2024,Q4,December,12,Obajana Plant (Kogi),North Central,Kano DC,Zamfara,Retailer,Dangote 3X (42.5R),439,21.95,38220.24,838934.29,497058.31,272267.8,69608.18,8.3,886,Road (Articulated),2,2,0,1,Delivered,None,77006.0,93.2,4.2,Cash & Carry,Paid
DCP-2024-032818,2024-12-17,2024,Q4,December,12,Obajana Plant (Kogi),North Central,Maiduguri DC,Nassarawa,Contractor,Dangote OPC (52.5R),1315,65.75,44489.36,2925175.32,1913364.99,1743196.88,-731386.55,-25.0,1515,Road (Truck),12,12,0,1,Delivered,None,84796.0,99.9,4.5,Cash & Carry,Paid
DCP-2024-032770,2024-12-18,2024,Q4,December,12,Obajana Plant (Kogi),North Central,Onitsha DC,Niger,Retailer,Dangote Falcon,11,0.55,55002.93,30251.61,17150.76,6437.2,6663.65,22.03,1672,River Barge,14,14,0,1,Delivered,None,50868.0,93.6,4.7,60-Day Credit,Paid
DCP-2024-032904,2024-12-18,2024,Q4,December,12,Ibese Plant (Ogun),Southwest,Benin DC,Oyo,Export,Dangote 3X (42.5N),67334,3366.7,36607.18,123245387.44,81954184.59,70052610.25,-28761407.4,-23.34,1189,Road (Truck),12,22,10,0,Delivered,Road Damage,10007.0,95.8,4.7,30-Day Credit,Paid
DCP-2024-032570,2024-12-19,2024,Q4,December,12,Obajana Plant (Kogi),North Central,Port Harcourt DC,Oyo,Wholesaler,Dangote BLC,2828,141.4,40049.62,5663016.04,3840244.05,796647.6,1026124.39,18.12,626,Rail,1,15,14,0,Delivered,Truck Breakdown,6803.0,97.4,4.5,Letter of Credit,Pending
DCP-2024-032821,2024-12-19,2024,Q4,December,12,Gboko Plant (Benue),North Central,Abuja DC,Lagos,Retailer,Dangote 3X (42.5R),448,22.4,38624.62,865191.51,546272.66,639744.0,-320825.15,-37.08,1632,Road (Truck),5,9,4,0,Delivered,Truck Breakdown,25975.0,89.5,3.2,Advance Payment,Overdue
DCP-2024-032953,2024-12-19,2024,Q4,December,12,Benue Plant (Benue),North Central,Port Harcourt DC,Katsina,Contractor,Dangote 3X (42.5R),7396,369.8,41407.15,15312363.26,8517122.63,2012636.5,4782604.13,31.23,311,Road (Truck),2,2,0,1,Delivered,None,32494.0,90.8,4.2,Advance Payment,Overdue
DCP-2024-033093,2024-12-19,2024,Q4,December,12,Obajana Plant (Kogi),North Central,Kano DC,Enugu,Retailer,Dangote BLC,38,1.9,38943.35,73992.36,44002.3,4708.2,25281.86,34.17,177,Road (Articulated),9,17,8,0,Delayed,Strike Action,25133.0,94.2,4.9,Cash & Carry,Paid
DCP-2024-033386,2024-12-19,2024,Q4,December,12,Benue Plant (Benue),North Central,Maiduguri DC,Ogun,Contractor,Dangote 3X (42.5R),7373,368.65,40617.33,14973576.87,8673216.48,6928776.75,-628416.36,-4.2,1074,Road (Truck),14,27,13,0,Delivered,Truck Breakdown,75148.0,89.0,4.9,60-Day Credit,Paid
DCP-2024-033377,2024-12-20,2024,Q4,December,12,Gboko Plant (Benue),North Central,Lagos DC,Osun,Wholesaler,Dangote 3X (42.5N),1469,73.45,41346.29,3036884.93,2076893.37,2047602.38,-1087610.82,-35.81,1593,Road (Truck),3,13,10,0,Delivered,Truck Breakdown,13495.0,99.4,4.4,Advance Payment,Overdue
DCP-2024-033399,2024-12-20,2024,Q4,December,12,Ibese Plant (Ogun),Southwest,Kaduna DC,Cross River,Wholesaler,Dangote 3X (42.5R),2737,136.85,44190.8,6047510.49,4016899.97,,-1209655.35,-20.0,1353,Road (Truck),14,29,15,0,Delayed,Truck Breakdown,58519.0,99.1,3.7,Cash & Carry,Paid
DCP-2024-032340,2024-12-21,2024,Q4,December,12,Benue Plant (Benue),North Central,Enugu DC,Ebonyi,Contractor,Dangote 3X (42.5R),1580,79.0,41759.34,3298987.76,2286870.02,523138.0,488979.74,14.82,473,Road (Articulated),7,18,11,0,Delayed,Truck Breakdown,64924.0,86.2,3.7,30-Day Credit,Paid
DCP-2024-032480,2024-12-21,2024,Q4,December,12,Ibese Plant (Ogun),Southwest,Abuja DC,Ogun,Wholesaler,Dangote 3X (42.5R),1039,51.95,42187.55,2191643.47,1303172.47,111822.38,776648.62,35.44,123,Road (Truck),6,6,0,1,In Transit,None,29907.0,90.1,3.8,30-Day Credit,Pending
DCP-2024-032577,2024-12-21,2024,Q4,December,12,Obajana Plant (Kogi),North Central,Port Harcourt DC,Bayelsa,Retailer,Dangote 3X (42.5R),168,8.4,39787.67,334216.45,202042.47,216825.0,-84651.02,-25.33,1475,Road (Truck),7,7,0,1,Delivered,None,73277.0,93.7,4.7,Cash & Carry,Paid
DCP-2024-032695,2024-12-21,2024,Q4,December,12,Ibese Plant (Ogun),Southwest,Kano DC,Ogun,Government,Dangote BLC,33157,1657.85,38602.62,63997351.19,38217027.7,33538305.5,-7757982.01,-12.12,1156,Road (Truck),9,9,0,1,In Transit,None,18441.0,97.1,3.7,30-Day Credit,Paid
DCP-2024-032806,2024-12-21,2024,Q4,December,12,Gboko Plant (Benue),North Central,Abuja DC,Delta,Wholesaler,Dangote 3X (42.5R),2345,117.25,37851.22,4438055.81,2640717.42,3547691.88,-1750353.49,-39.44,1729,Road (Truck),14,14,0,1,Delivered,None,41648.0,94.3,4.7,Advance Payment,Paid
DCP-2024-032991,2024-12-21,2024,Q4,December,12,Benue Plant (Benue),North Central,Ibadan DC,Anambra,Retailer,Dangote OPC (52.5R),13,0.65,49043.91,31878.54,19753.17,1228.5,10896.87,34.18,108,Road (Truck),6,6,0,1,Delivered,None,39914.0,87.0,3.8,30-Day Credit,Paid
DCP-2024-033053,2024-12-21,2024,Q4,December,12,Obajana Plant (Kogi),North Central,Onitsha DC,Ebonyi,Wholesaler,Dangote Falcon,3918,195.9,49229.51,9644060.3,6608360.07,606800.25,2428899.98,25.19,177,Road (Truck),5,9,4,0,In Transit,Fuel Shortage,82951.0,95.1,3.3,60-Day Credit,Paid
DCP-2024-033229,2024-12-21,2024,Q4,December,12,Ibese Plant (Ogun),Southwest,Benin DC,Cross River,Wholesaler,Dangote 3X (42.5R),2442,122.1,40869.55,4990172.42,3490975.66,2847860.4,-1348663.64,-27.03,1666,Road (Articulated),13,24,11,0,In Transit,Road Damage,6563.0,97.7,3.9,60-Day Credit,Paid
DCP-2024-032611,2024-12-22,2024,Q4,December,12,Ibese Plant (Ogun),Southwest,Benin DC,Rivers,Retailer,Dangote BLC,118,5.9,40126.32,236745.3,160114.46,88898.25,-12267.41,-5.18,861,Road (Truck),9,9,0,1,Delivered,None,80053.0,86.5,3.9,30-Day Credit,Paid
DCP-2024-032746,2024-12-22,2024,Q4,December,12,Dangote Cement Senegal,West Africa,Maiduguri DC,Ogun,Government,Dangote 3X (42.5N),41342,2067.1,39563.7,81782116.22,53204578.72,10476062.8,18101474.7,22.13,724,River Barge,12,12,0,1,Delivered,None,49479.0,92.5,5.0,60-Day Credit,Paid
DCP-2024-033299,2024-12-22,2024,Q4,December,12,Dangote Cement Senegal,West Africa,Abuja DC,Edo,Retailer,Dangote 3X (42.5R),180,9.0,44091.21,396820.91,237625.03,271372.5,-112176.62,-28.27,1723,Road (Truck),12,12,0,1,Delivered,None,76989.0,87.3,3.2,30-Day Credit,Paid
DCP-2024-032328,2024-12-23,2024,Q4,December,12,Gboko Plant (Benue),North Central,Ibadan DC,Abia,Contractor,Dangote 3X (42.5R),7212,360.6,40427.57,14578181.78,9356322.57,4452688.8,769170.41,5.28,1372,Rail,3,3,0,1,Delivered,None,21292.0,97.8,4.2,30-Day Credit,Paid
DCP-2024-032545,2024-12-23,2024,Q4,December,12,Obajana Plant (Kogi),North Central,Lagos DC,Kebbi,Wholesaler,Dangote BLC,1342,67.1,39989.75,2683312.16,1475876.56,105682.5,1101753.1,41.06,90,Road (Truck),3,10,7,0,Delivered,Truck Breakdown,12203.0,93.4,4.0,30-Day Credit,Paid
DCP-2024-032663,2024-12-23,2024,Q4,December,12,Ibese Plant (Ogun),Southwest,Maiduguri DC,Ekiti,Wholesaler,Dangote 3X (42.5N),3294,164.7,41063.3,6763125.74,3822221.29,3371079.6,-430175.15,-6.36,1462,Road (Articulated),5,5,0,1,Delivered,None,45653.0,92.8,3.4,Cash & Carry,Paid
DCP-2024-033350,2024-12-23,2024,Q4,December,12,Benue Plant (Benue),North Central,Port Harcourt DC,Benue,Wholesaler,Dangote 3X (42.5N),1369,68.45,40915.56,2800670.17,1613615.14,214659.2,972395.83,34.72,224,Road (Articulated),9,9,0,1,Delivered,None,9732.0,99.4,3.5,Advance Payment,Paid
DCP-2024-032595,2024-12-25,2024,Q4,December,12,Dangote Cement Senegal,West Africa,Port Harcourt DC,Cross River,Retailer,Dangote OPC (52.5R),251,12.55,46434.98,582759.04,321195.11,46987.2,214576.73,36.82,416,Rail,10,20,10,0,Delivered,Flooding,17382.0,,3.5,30-Day Credit,Pending
DCP-2024-032941,2024-12-25,2024,Q4,December,12,Benue Plant (Benue),North Central,Abuja DC,Ekiti,Export,Dangote OPC (52.5R),49735,2486.75,50585.89,125794453.01,76547694.79,13271784.75,35974973.47,28.6,593,Rail,10,10,0,1,Delivered,None,81533.0,87.4,4.7,30-Day Credit,Overdue
DCP-2024-033103,2024-12-25,2024,Q4,December,12,Ibese Plant (Ogun),Southwest,Kano DC,Akwa Ibom,Retailer,Dangote OPC (52.5R),471,23.55,47813.27,1126002.59,700114.22,415422.0,10466.37,0.93,1008,Road (Truck),9,9,0,1,Delivered,None,48877.0,87.8,,60-Day Credit,Paid
DCP-2024-033198,2024-12-25,2024,Q4,December,12,Obajana Plant (Kogi),North Central,Lagos DC,Rivers,Contractor,Dangote OPC (52.5R),8383,419.15,47241.34,19801209.05,13679510.17,686567.7,5435131.18,27.45,182,Rail,13,13,0,1,Delivered,None,60050.0,96.4,4.8,30-Day Credit,Paid
DCP-2024-033317,2024-12-25,2024,Q4,December,12,Ibese Plant (Ogun),Southwest,Kaduna DC,Abia,Wholesaler,Dangote BLC,3814,190.7,36120.33,6888146.39,4249052.8,2054411.1,584682.49,8.49,1539,River Barge,9,13,4,0,Delivered,Truck Breakdown,78100.0,94.2,4.7,Cash & Carry,Paid
DCP-2024-032445,2024-12-26,2024,Q4,December,12,Gboko Plant (Benue),North Central,Maiduguri DC,Osun,Wholesaler,Dangote 3X (42.5R),1816,90.8,38260.01,3474008.64,2131193.18,1225119.0,117696.46,3.39,771,Road (Truck),12,26,14,0,Delivered,Truck Breakdown,15983.0,89.7,3.7,Letter of Credit,Paid
DCP-2024-032452,2024-12-26,2024,Q4,December,12,Dangote Cement Senegal,West Africa,Ibadan DC,Imo,Wholesaler,Dangote OPC (52.5R),2930,146.5,47532.33,6963485.68,3926987.76,154850.5,2881647.42,41.38,151,River Barge,8,18,10,0,Delivered,Strike Action,72670.0,93.7,3.3,Cash & Carry,Paid
DCP-2024-033034,2024-12-26,2024,Q4,December,12,Obajana Plant (Kogi),North Central,Kano DC,Niger,Contractor,Dangote BLC,9749,487.45,35779.33,17440636.5,10585695.31,11405111.38,-4550170.19,-26.09,1337,Road (Truck),5,5,0,1,In Transit,None,38160.0,95.5,4.9,Cash & Carry,Paid
DCP-2024-032518,2024-12-27,2024,Q4,December,12,Gboko Plant (Benue),North Central,Lagos DC,Anambra,Wholesaler,Dangote 3X (42.5R),1690,84.5,43231.47,3653059.28,2325624.96,103512.5,1223921.82,33.5,70,Road (Truck),6,6,0,1,Delivered,None,78727.0,91.6,3.4,Cash & Carry,Pending
DCP-2024-032589,2024-12-27,2024,Q4,December,12,Benue Plant (Benue),North Central,Kano DC,Kaduna,Wholesaler,Dangote 3X (42.5R),2836,141.8,39493.58,5600189.79,3997593.1,1188638.5,413958.19,7.39,479,Road (Truck),2,2,0,1,Delayed,None,46462.0,98.3,3.9,60-Day Credit,Paid
DCP-2024-032700,2024-12-27,2024,Q4,December,12,Dangote Cement Senegal,West Africa,Maiduguri DC,Ondo,Wholesaler,Dangote BLC,4046,202.3,34884.77,7057188.01,4587037.66,622679.4,1847470.95,26.18,342,Rail,9,9,0,1,Delivered,None,41034.0,91.9,3.4,Advance Payment,Pending
DCP-2024-032734,2024-12-27,2024,Q4,December,12,Obajana Plant (Kogi),North Central,Ibadan DC,Delta,Contractor,Dangote 3X (42.5R),1671,83.55,41008.35,3426247.36,1915515.21,312059.25,1198672.9,34.99,415,Rail,7,17,10,0,Delivered,Strike Action,79164.0,94.8,4.0,Letter of Credit,Overdue
DCP-2024-033351,2024-12-27,2024,Q4,December,12,Gboko Plant (Benue),North Central,Port Harcourt DC,Kaduna,Export,Dangote BLC,19001,950.05,35449.33,33678639.66,20915055.58,1330070.0,11433514.08,33.95,100,Road (Articulated),7,19,12,0,In Transit,Road Damage,32401.0,96.3,3.8,Letter of Credit,Paid
DCP-2024-033435,2024-12-27,2024,Q4,December,12,Benue Plant (Benue),North Central,Port Harcourt DC,Enugu,Retailer,Dangote Falcon,89,4.45,46971.94,209025.14,148907.62,115800.12,-55682.6,-26.64,1487,Road (Truck),2,9,7,0,Delayed,,16363.0,92.0,3.6,Cash & Carry,Paid
DCP-2024-032614,2024-12-28,2024,Q4,December,12,Gboko Plant (Benue),North Central,Onitsha DC,Oyo,Retailer,Dangote 3X (42.5R),185,9.25,38015.94,351647.44,202096.99,131831.0,17719.45,5.04,1018,Road (Articulated),5,5,0,1,Delivered,None,52304.0,90.6,4.3,Advance Payment,Paid
DCP-2024-033023,2024-12-28,2024,Q4,December,12,Benue Plant (Benue),North Central,Abuja DC,Lagos,Retailer,Dangote OPC (52.5R),43,2.15,47809.12,102789.61,59170.88,39393.38,4225.35,4.11,1047,Road (Truck),11,15,4,0,In Transit,Security Incident,68772.0,95.5,5.0,30-Day Credit,Paid
DCP-2024-032482,2024-12-29,2024,Q4,December,12,Benue Plant (Benue),North Central,Enugu DC,Kaduna,Retailer,Dangote 3X (42.5R),214,10.7,39119.5,418578.65,255302.14,190246.0,-26969.49,-6.44,1270,Road (Articulated),9,14,5,0,In Transit,Road Damage,66005.0,87.5,4.3,Cash & Carry,Paid
DCP-2024-032489,2024-12-29,2024,Q4,December,12,Gboko Plant (Benue),North Central,Maiduguri DC,Rivers,Retailer,Dangote OPC (52.5R),114,5.7,44322.76,252639.71,150100.96,158103.75,-55565.0,-21.99,1585,Road (Truck),9,9,0,1,Delivered,None,31691.0,85.0,3.3,Cash & Carry,Paid
DCP-2024-032758,2024-12-29,2024,Q4,December,12,Benue Plant (Benue),North Central,Onitsha DC,Nassarawa,Export,Dangote 3X (42.5N),17689,884.45,39257.41,34721220.56,22084930.59,8927638.3,3708651.67,10.68,1442,River Barge,5,5,0,1,Delivered,None,48741.0,87.3,3.4,60-Day Credit,Paid
DCP-2024-032863,2024-12-29,2024,Q4,December,12,Gboko Plant (Benue),North Central,Abuja DC,Abia,Retailer,Dangote 3X (42.5N),289,14.45,37215.39,537762.41,357050.3,45517.5,135194.61,25.14,180,Road (Truck),12,24,12,0,Delayed,Customs Delay,65720.0,90.2,3.3,Cash & Carry,Overdue
DCP-2024-032919,2024-12-29,2024,Q4,December,12,Benue Plant (Benue),North Central,Enugu DC,Katsina,Government,Dangote OPC (52.5R),39508,1975.4,47919.07,94659326.36,59462325.94,7698133.8,27498866.62,29.05,433,Rail,11,11,0,1,Delivered,None,32279.0,98.9,4.7,Letter of Credit,Paid
DCP-2024-033007,2024-12-29,2024,Q4,December,12,Obajana Plant (Kogi),North Central,Benin DC,Katsina,Government,Dangote 3X (42.5R),36444,1822.2,42777.22,77948642.94,49847644.36,28380765.0,-279766.42,-0.36,890,Road (Truck),12,17,5,0,Delivered,Flooding,77123.0,97.5,4.9,30-Day Credit,Pending
DCP-2024-033168,2024-12-29,2024,Q4,December,12,Dangote Cement Senegal,West Africa,Abuja DC,Sokoto,Contractor,Dangote 3X (42.5R),6004,300.2,39452.06,11843508.14,7503278.84,,3997701.1,33.75,163,River Barge,7,21,14,0,Delayed,Security Incident,47336.0,99.4,4.6,Cash & Carry,Paid
DCP-2024-033381,2024-12-29,2024,Q4,December,12,Benue Plant (Benue),North Central,Benin DC,Sokoto,Export,Dangote 3X (42.5R),48547,2427.35,39535.37,95966192.2,57902394.14,17025432.9,21038365.16,21.92,1002,River Barge,6,15,9,0,Damaged in Transit,Road Damage,84432.0,99.0,4.1,30-Day Credit,Paid
DCP-2024-032805,2024-12-30,2024,Q4,December,12,Obajana Plant (Kogi),North Central,Maiduguri DC,Edo,Export,Dangote 3X (42.5R),99668,4983.4,40655.87,202604468.03,127676365.17,48401272.5,26526830.36,13.09,555,Road (Truck),1,15,14,0,Delayed,Truck Breakdown,60228.0,87.9,3.9,60-Day Credit,Pending
DCP-2024-032973,2024-12-30,2024,Q4,December,12,Benue Plant (Benue),North Central,Port Harcourt DC,Cross River,Wholesaler,Dangote 3X (42.5R),4072,203.6,38786.88,7897008.58,5472021.23,4973948.0,-2548960.65,-32.28,1396,Road (Truck),6,6,0,1,Delivered,None,37228.0,,3.9,Cash & Carry,Pending
