transaction_id,date,time,day_of_week,customer_id,customer_name,account_number,card_last4,card_type,bank,transaction_type,amount_naira,balance_before,balance_after,atm_location,home_state,customer_profile,typical_max_amount,daily_limit,daily_total_so_far,transaction_status,is_fraud_flag,fraud_reason
TXN000708,2026-01-01,01:16:15,Thursday,CUST0024,Ola Babatunde,4288813383,7897,Verve,Zenith Bank,ATM Withdrawal,4023.12,155733.84,151710.72,"ATM_LG_004 - Surulere, Lagos",Enugu,medium_spender,50000,150000,4023.12,Successful,NORMAL,
TXN000025,2026-01-01,01:27:24,Thursday,CUST0002,Efua Babatunde,9356327295,2359,Visa Credit,Zenith Bank,Online Transfer,31852.62,97819.03,97819.03,"ATM_LG_001 - Ikeja Branch, Lagos",Kaduna,medium_spender,50000,150000,0,Declined,NORMAL,
TXN000212,2026-01-01,03:23:43,Thursday,CUST0008,Tobi Ibrahim,1205673434,2732,Mastercard Debit,First Bank,ATM Withdrawal,3095.63,99902.3,96806.67,"ATM_LG_004 - Surulere, Lagos",Ibadan,low_spender,10000,50000,3095.63,Successful,NORMAL,
TXN000630,2026-01-01,04:52:53,Thursday,CUST0020,Chibundo Adeyemi,6105295550,7171,Mastercard Debit,Fidelity Bank,POS Purchase,40027.49,339693.49,299666.0,"ATM_LG_003 - Lekki Phase 1, Lagos",Lagos,medium_spender,50000,150000,40027.49,Successful,NORMAL,
TXN000914,2026-01-01,05:22:19,Thursday,CUST0034,Nkechi Babatunde,7423582839,6817,Visa Credit,Stanbic IBTC,ATM Withdrawal,4403.02,82890.73,78487.71,"ATM_LG_005 - Yaba, Lagos",Kano,low_spender,10000,50000,4403.02,Successful,NORMAL,
TXN000915,2026-01-01,07:40:08,Thursday,CUST0034,Nkechi Babatunde,7423582839,6817,Visa Credit,Stanbic IBTC,POS Purchase,4926.01,63797.59,58871.58,"ATM_EN_001 - Independence Layout, Enugu",Kano,low_spender,10000,50000,9329.03,Successful,NORMAL,
TXN002031,2026-01-01,07:54:30,Thursday,CUST0075,Seun Nwosu,6803179670,4072,Visa Credit,GTBank,ATM Balance Enquiry,7219.36,56192.51,56192.51,"ATM_PH_001 - GRA Phase 2, Port Harcourt",Kano,low_spender,10000,50000,0,Declined,NORMAL,
TXN001472,2026-01-01,08:10:44,Thursday,CUST0055,Fatima Okafor,4770704891,6439,Visa Debit,GTBank,ATM Balance Enquiry,174272.21,1085545.96,1085545.96,"ATM_LG_003 - Lekki Phase 1, Lagos",Enugu,high_spender,200000,500000,0,Declined,NORMAL,
TXN000783,2026-01-01,08:57:32,Thursday,CUST0027,Nkechi Adeyemi,6382100233,6628,Visa Debit,First Bank,ATM Withdrawal,22791.63,157459.56,134667.93,"ATM_AB_001 - Wuse Zone 5, Abuja",Abuja,medium_spender,50000,150000,22791.63,Successful,NORMAL,
TXN001394,2026-01-01,10:40:07,Thursday,CUST0052,Sola Okafor,7066503218,8039,Mastercard Debit,GTBank,ATM Withdrawal,2985.81,69612.66,66626.85,"ATM_LG_003 - Lekki Phase 1, Lagos",Port Harcourt,low_spender,10000,50000,2985.81,Reversed,NORMAL,
TXN001354,2026-01-01,11:22:13,Thursday,CUST0051,Aisha Suleiman,2787994879,8601,Visa Credit,GTBank,POS Purchase,6706.8,283345.31,276638.51,ATM_KN_001 - Kano City Centre,Abuja,medium_spender,50000,150000,6706.8,Declined,NORMAL,
TXN001512,2026-01-01,12:17:07,Thursday,CUST0056,Chibundo Musa,5954546293,6058,Visa Credit,Access Bank,Online Transfer,54931.52,58518.87,58518.87,"ATM_LG_002 - Victoria Island, Lagos",Abuja,low_spender,10000,50000,0,Declined,SUSPICIOUS,"Amount ₦54,931.52 is 5.5x above customer's typical maximum of ₦10,000"
TXN001696,2026-01-01,12:30:35,Thursday,CUST0064,Ngozi Babatunde,1232261941,4967,Visa Debit,Fidelity Bank,ATM Balance Enquiry,4653.49,217672.99,217672.99,"ATM_LG_005 - Yaba, Lagos",Benin City,medium_spender,50000,150000,0,Successful,NORMAL,
TXN002150,2026-01-01,12:43:21,Thursday,CUST0079,Fatima Okonkwo,1782327517,9193,Mastercard Debit,Access Bank,POS Purchase,83878.02,630490.4,546612.38,"ATM_LG_002 - Victoria Island, Lagos",Kano,high_spender,200000,500000,83878.02,Successful,NORMAL,
TXN001531,2026-01-01,14:07:13,Thursday,CUST0057,Tunde Okafor,1565330284,7497,Mastercard Debit,First Bank,ATM Withdrawal,157097.49,1865473.19,1708375.7,"ATM_LG_004 - Surulere, Lagos",Ibadan,high_spender,200000,500000,157097.49,Successful,NORMAL,
TXN000396,2026-01-01,14:35:08,Thursday,CUST0013,Zainab Musa,1662475227,7373,Verve,Zenith Bank,ATM Withdrawal,147478.44,1913151.16,1765672.72,"ATM_LG_003 - Lekki Phase 1, Lagos",Port Harcourt,high_spender,200000,500000,147478.44,Successful,NORMAL,
TXN000966,2026-01-01,14:37:59,Thursday,CUST0037,Rotimi Babatunde,8953520583,4419,Visa Credit,GTBank,POS Purchase,282336.14,300416.69,18080.55,"ATM_LG_005 - Yaba, Lagos",Enugu,medium_spender,50000,150000,282336.14,Successful,SUSPICIOUS,"Amount ₦282,336.14 is 5.6x above customer's typical maximum of ₦50,000"
TXN001513,2026-01-01,15:21:14,Thursday,CUST0056,Chibundo Musa,5954546293,6058,Visa Credit,Access Bank,POS Purchase,2910.23,69724.56,66814.33,"ATM_LG_002 - Victoria Island, Lagos",Abuja,low_spender,10000,50000,2910.23,Successful,NORMAL,
TXN000934,2026-01-01,18:31:20,Thursday,CUST0035,Adebayo Okafor,0569106167,2747,Mastercard Debit,Zenith Bank,ATM Withdrawal,8651.31,5072.47,0,"ATM_LG_001 - Ikeja Branch, Lagos",Port Harcourt,low_spender,10000,50000,8651.31,Successful,NORMAL,
TXN000784,2026-01-01,18:40:14,Thursday,CUST0027,Nkechi Adeyemi,6382100233,6628,Visa Debit,First Bank,ATM Withdrawal,42040.26,273328.27,231288.01,"ATM_LG_004 - Surulere, Lagos",Abuja,medium_spender,50000,150000,64831.89,Successful,NORMAL,
TXN000680,2026-01-01,19:37:08,Thursday,CUST0022,Ola Okonkwo,2404296200,9240,Mastercard Debit,Zenith Bank,Online Transfer,6792.48,27389.2,27389.2,"ATM_LG_002 - Victoria Island, Lagos",Kaduna,low_spender,10000,50000,0,Successful,NORMAL,
TXN000473,2026-01-01,20:08:18,Thursday,CUST0016,Adebayo Musa,7063317244,6982,Mastercard Debit,Fidelity Bank,POS Purchase,80920.23,1090213.8,1009293.57,"ATM_LG_005 - Yaba, Lagos",Enugu,high_spender,200000,500000,80920.23,Successful,NORMAL,
TXN001233,2026-01-01,20:20:48,Thursday,CUST0047,Musa Salami,6245202877,5548,Mastercard Debit,Zenith Bank,POS Purchase,29543.19,155511.56,125968.37,"ATM_AB_003 - Maitama, Abuja [HOME STATE: Kano]",Kano,medium_spender,50000,150000,29543.19,Successful,SUSPICIOUS,Card used at Benin City ATM but customer is based in Kano
TXN000820,2026-01-01,20:25:53,Thursday,CUST0030,Aisha Obi,7765839814,7526,Visa Credit,Fidelity Bank,Online Transfer,5920.13,32443.84,32443.84,"ATM_LG_003 - Lekki Phase 1, Lagos",Benin City,low_spender,10000,50000,0,Successful,NORMAL,
TXN000967,2026-01-01,20:26:30,Thursday,CUST0037,Rotimi Babatunde,8953520583,4419,Visa Credit,GTBank,POS Purchase,17401.7,58085.13,40683.43,"ATM_LG_005 - Yaba, Lagos",Enugu,medium_spender,50000,150000,299737.84,Declined,SUSPICIOUS,"Daily cumulative total ₦299,737.84 exceeds customer limit of ₦150,000"
TXN000836,2026-01-01,23:13:23,Thursday,CUST0031,Emeka Suleiman,9100912636,1290,Mastercard Debit,Fidelity Bank,POS Purchase,33620.79,333031.97,299411.18,"ATM_PH_002 - Trans-Amadi, Port Harcourt",Abuja,medium_spender,50000,150000,33620.79,Successful,NORMAL,
TXN001007,2026-01-02,00:42:59,Friday,CUST0038,Zainab Adeleke,2884009952,3102,Verve,Stanbic IBTC,Online Transfer,22973.55,45872.02,45872.02,"ATM_LG_002 - Victoria Island, Lagos",Enugu,low_spender,10000,50000,0,Reversed,SUSPICIOUS,Transaction at 00:42 — outside normal banking hours (midnight–4am)
TXN000631,2026-01-02,02:16:04,Friday,CUST0020,Chibundo Adeyemi,6105295550,7171,Mastercard Debit,Fidelity Bank,POS Purchase,12761.45,233233.69,220472.24,"ATM_LG_003 - Lekki Phase 1, Lagos",Lagos,medium_spender,50000,150000,12761.45,Successful,NORMAL,
TXN002110,2026-01-02,02:32:27,Friday,CUST0078,Uche Salami,0072246503,5411,Visa Credit,Access Bank,POS Purchase,49413.11,458733.9,409320.79,"ATM_LG_001 - Ikeja Branch, Lagos",Port Harcourt,medium_spender,50000,150000,49413.11,Successful,NORMAL,
TXN001962,2026-01-02,03:37:57,Friday,CUST0073,Tobi Musa,2381163847,4263,Visa Credit,UBA,ATM Withdrawal,14323.76,245123.55,230799.79,"ATM_LG_002 - Victoria Island, Lagos",Enugu,medium_spender,50000,150000,14323.76,Successful,NORMAL,
TXN000670,2026-01-02,04:17:37,Friday,CUST0021,Tunde Adeola,6683286033,5256,Visa Debit,Stanbic IBTC,POS Purchase,8911.07,31725.13,22814.06,"ATM_LG_002 - Victoria Island, Lagos",Port Harcourt,low_spender,10000,50000,8911.07,Successful,NORMAL,
TXN000001,2026-01-02,05:38:02,Friday,CUST0001,Gbenga Musa,6639233214,7276,Visa Credit,GTBank,ATM Withdrawal,2673.13,65542.87,62869.74,"ATM_LG_005 - Yaba, Lagos",Kaduna,low_spender,10000,50000,2673.13,Declined,NORMAL,
TXN001882,2026-01-02,05:41:13,Friday,CUST0071,Ngozi Usman,1234933970,6062,Verve,Stanbic IBTC,ATM Withdrawal,12660.52,129874.65,117214.13,"ATM_LG_002 - Victoria Island, Lagos",Lagos,medium_spender,50000,150000,12660.52,Successful,NORMAL,
TXN001922,2026-01-02,06:56:49,Friday,CUST0072,Uche Lawal,3911628692,4429,Visa Debit,Access Bank,ATM Withdrawal,183042.82,1990338.34,1807295.52,"ATM_LG_004 - Surulere, Lagos",Enugu,high_spender,200000,500000,183042.82,Successful,NORMAL,
TXN001355,2026-01-02,07:16:36,Friday,CUST0051,Aisha Suleiman,2787994879,8601,Visa Credit,GTBank,POS Purchase,39717.04,385522.56,345805.52,"ATM_AB_001 - Wuse Zone 5, Abuja [HOME STATE: Abuja]",Abuja,medium_spender,50000,150000,39717.04,Declined,SUSPICIOUS,Card used at Kano ATM but customer is based in Abuja
TXN001006,2026-01-02,07:58:01,Friday,CUST0038,Zainab Adeleke,2884009952,3102,Verve,Stanbic IBTC,ATM Balance Enquiry,8138.46,54327.72,54327.72,"ATM_AB_002 - Garki Area 11, Abuja",Enugu,low_spender,10000,50000,0,Successful,NORMAL,
TXN001834,2026-01-02,08:07:51,Friday,CUST0068,Gbenga Okonkwo,9274472394,1478,Visa Debit,Stanbic IBTC,ATM Withdrawal,53266.04,76521.99,23255.95,ATM_KN_001 - Kano City Centre,Kaduna,low_spender,10000,50000,53266.04,Declined,SUSPICIOUS,"Amount ₦53,266.04 is 5.3x above customer's typical maximum of ₦10,000"
TXN002190,2026-01-02,08:38:15,Friday,CUST0080,Ola Okonkwo,3342204457,4255,Visa Debit,UBA,POS Purchase,3957.44,281834.03,277876.59,"ATM_LG_001 - Ikeja Branch, Lagos",Benin City,medium_spender,50000,150000,3957.44,Successful,NORMAL,
TXN000154,2026-01-02,10:20:26,Friday,CUST0006,Kemi Obi,2961112422,7715,Visa Credit,Stanbic IBTC,ATM Withdrawal,69467.91,968212.41,898744.5,"ATM_LG_005 - Yaba, Lagos",Port Harcourt,high_spender,200000,500000,69467.91,Successful,NORMAL,
TXN000002,2026-01-02,10:33:27,Friday,CUST0001,Gbenga Musa,6639233214,7276,Visa Credit,GTBank,Online Transfer,7183.07,82532.98,82532.98,"ATM_LG_005 - Yaba, Lagos",Kaduna,low_spender,10000,50000,2673.13,Successful,NORMAL,
TXN001632,2026-01-02,11:13:51,Friday,CUST0062,Jide Nwosu,7690627387,6253,Verve,Fidelity Bank,ATM Balance Enquiry,4017.77,91582.83,91582.83,"ATM_IB_001 - Ring Road, Ibadan",Ibadan,low_spender,10000,50000,0,Successful,NORMAL,
TXN001835,2026-01-02,15:07:23,Friday,CUST0068,Gbenga Okonkwo,9274472394,1478,Visa Debit,Stanbic IBTC,ATM Balance Enquiry,5628.13,63987.32,63987.32,"ATM_LG_005 - Yaba, Lagos",Kaduna,low_spender,10000,50000,53266.04,Declined,SUSPICIOUS,"Daily cumulative total ₦53,266.04 exceeds customer limit of ₦50,000"
TXN000056,2026-01-02,16:11:37,Friday,CUST0003,Nkechi Okonkwo,4806358178,4245,Mastercard Debit,GTBank,ATM Withdrawal,197996.62,505869.43,307872.81,"ATM_LG_004 - Surulere, Lagos",Kano,high_spender,200000,500000,197996.62,Successful,NORMAL,
TXN000590,2026-01-02,17:45:48,Friday,CUST0019,Tunde Eze,2754590960,5925,Verve,Zenith Bank,Online Transfer,148783.44,267474.71,267474.71,"ATM_AB_002 - Garki Area 11, Abuja",Abuja,high_spender,200000,500000,0,Successful,NORMAL,
TXN002056,2026-01-02,19:24:42,Friday,CUST0076,Nneka Eze,5651997036,7616,Verve,GTBank,ATM Withdrawal,5191.37,80975.87,75784.5,"ATM_LG_003 - Lekki Phase 1, Lagos",Ibadan,low_spender,10000,50000,5191.37,Successful,NORMAL,
TXN001020,2026-01-02,19:26:30,Friday,CUST0039,Tunde Nwosu,8518405632,1659,Visa Credit,Zenith Bank,POS Purchase,8981.59,429789.74,420808.15,"ATM_PH_002 - Trans-Amadi, Port Harcourt",Kaduna,medium_spender,50000,150000,8981.59,Successful,NORMAL,
TXN001514,2026-01-02,19:43:14,Friday,CUST0056,Chibundo Musa,5954546293,6058,Visa Credit,Access Bank,Online Transfer,2821.78,43423.48,43423.48,"ATM_LG_002 - Victoria Island, Lagos",Abuja,low_spender,10000,50000,0,Declined,NORMAL,
TXN001433,2026-01-02,19:58:04,Friday,CUST0054,Jide Chukwu,5340712903,7552,Verve,GTBank,ATM Withdrawal,23055.23,405228.78,382173.55,"ATM_LG_003 - Lekki Phase 1, Lagos",Benin City,medium_spender,50000,150000,23055.23,Successful,NORMAL,
TXN000026,2026-01-02,19:59:19,Friday,CUST0002,Efua Babatunde,9356327295,2359,Visa Credit,Zenith Bank,ATM Withdrawal,151880.43,119659.05,0,"ATM_LG_001 - Ikeja Branch, Lagos",Kaduna,medium_spender,50000,150000,151880.43,Declined,SUSPICIOUS,"High-value transaction ₦151,880.43 flagged for velocity check"
TXN001418,2026-01-02,20:29:21,Friday,CUST0053,Gbenga Okafor,0500303393,4495,Visa Credit,Zenith Bank,POS Purchase,8711.86,42551.1,33839.24,"ATM_LG_003 - Lekki Phase 1, Lagos",Enugu,low_spender,10000,50000,8711.86,Reversed,NORMAL,
TXN001138,2026-01-02,23:20:24,Friday,CUST0043,Biodun Okafor,8010307387,9136,Mastercard Debit,GTBank,ATM Balance Enquiry,2766.4,42450.34,42450.34,"ATM_AB_002 - Garki Area 11, Abuja",Kaduna,low_spender,10000,50000,0,Declined,NORMAL,
TXN002111,2026-01-02,23:21:54,Friday,CUST0078,Uche Salami,0072246503,5411,Visa Credit,Access Bank,ATM Withdrawal,3191.35,114393.54,111202.19,"ATM_LG_005 - Yaba, Lagos",Port Harcourt,medium_spender,50000,150000,52604.46,Successful,NORMAL,
TXN001992,2026-01-02,23:50:47,Friday,CUST0074,Adebayo Okeke,7232677456,6745,Visa Credit,UBA,POS Purchase,22213.81,396442.02,374228.21,"ATM_LG_004 - Surulere, Lagos",Lagos,medium_spender,50000,150000,22213.81,Successful,NORMAL,
TXN000027,2026-01-03,01:21:42,Saturday,CUST0002,Efua Babatunde,9356327295,2359,Visa Credit,Zenith Bank,POS Purchase,46182.65,86207.92,40025.27,"ATM_LG_001 - Ikeja Branch, Lagos",Kaduna,medium_spender,50000,150000,46182.65,Declined,NORMAL,
TXN000194,2026-01-03,02:05:37,Saturday,CUST0007,Ola Usman,1521840905,4544,Visa Credit,First Bank,POS Purchase,8114.58,25194.1,17079.52,"ATM_LG_005 - Yaba, Lagos",Enugu,low_spender,10000,50000,8114.58,Successful,NORMAL,
TXN000456,2026-01-03,04:23:35,Saturday,CUST0015,Ola Adeleke,9840956422,1778,Mastercard Debit,UBA,ATM Mini Statement,14608.84,94175.35,94175.35,"ATM_PH_002 - Trans-Amadi, Port Harcourt",Ibadan,low_spender,10000,50000,0,Successful,SUSPICIOUS,Transaction at 04:23 — outside normal banking hours (midnight–4am)
TXN001963,2026-01-03,05:07:19,Saturday,CUST0073,Tobi Musa,2381163847,4263,Visa Credit,UBA,ATM Withdrawal,2248.69,282448.21,280199.52,"ATM_PH_001 - GRA Phase 2, Port Harcourt",Enugu,medium_spender,50000,150000,2248.69,Declined,NORMAL,
TXN000213,2026-01-03,06:30:20,Saturday,CUST0008,Tobi Ibrahim,1205673434,2732,Mastercard Debit,First Bank,POS Purchase,2677.97,41124.19,38446.22,"ATM_LG_003 - Lekki Phase 1, Lagos",Ibadan,low_spender,10000,50000,2677.97,Successful,NORMAL,
TXN001356,2026-01-03,06:47:34,Saturday,CUST0051,Aisha Suleiman,2787994879,8601,Visa Credit,GTBank,Online Transfer,26396.86,266385.16,266385.16,"ATM_LG_003 - Lekki Phase 1, Lagos",Abuja,medium_spender,50000,150000,0,Successful,NORMAL,
TXN001993,2026-01-03,06:56:57,Saturday,CUST0074,Adebayo Okeke,7232677456,6745,Visa Credit,UBA,ATM Withdrawal,5289.24,333631.61,328342.37,"ATM_AB_001 - Wuse Zone 5, Abuja",Lagos,medium_spender,50000,150000,5289.24,Reversed,NORMAL,
TXN001314,2026-01-03,07:39:11,Saturday,CUST0050,Nkechi Eze,5802869654,3762,Mastercard Debit,First Bank,POS Purchase,47216.26,414029.15,366812.89,"ATM_LG_004 - Surulere, Lagos",Benin City,medium_spender,50000,150000,47216.26,Successful,NORMAL,
TXN001663,2026-01-03,08:05:50,Saturday,CUST0063,Amaka Musa,0330885397,2813,Visa Debit,Access Bank,ATM Withdrawal,3851.14,332789.01,328937.87,"ATM_LG_002 - Victoria Island, Lagos",Kano,medium_spender,50000,150000,3851.14,Successful,NORMAL,
TXN000632,2026-01-03,08:36:13,Saturday,CUST0020,Chibundo Adeyemi,6105295550,7171,Mastercard Debit,Fidelity Bank,Online Transfer,25037.09,217634.79,217634.79,"ATM_LG_003 - Lekki Phase 1, Lagos",Lagos,medium_spender,50000,150000,0,Successful,NORMAL,
TXN001633,2026-01-03,09:33:52,Saturday,CUST0062,Jide Nwosu,7690627387,6253,Verve,Fidelity Bank,POS Purchase,6038.04,50159.61,44121.57,"ATM_PH_001 - GRA Phase 2, Port Harcourt",Ibadan,low_spender,10000,50000,6038.04,Successful,NORMAL,
TXN001594,2026-01-03,10:19:10,Saturday,CUST0060,Dayo Obi,7463734803,6570,Visa Debit,GTBank,ATM Withdrawal,7686.7,17741.9,10055.2,"ATM_LG_002 - Victoria Island, Lagos",Lagos,low_spender,10000,50000,7686.7,Successful,NORMAL,
TXN001473,2026-01-03,11:18:19,Saturday,CUST0055,Fatima Okafor,4770704891,6439,Visa Debit,GTBank,ATM Withdrawal,95654.76,676616.98,580962.22,"ATM_AB_001 - Wuse Zone 5, Abuja",Enugu,high_spender,200000,500000,95654.76,Successful,NORMAL,
TXN000474,2026-01-03,12:01:48,Saturday,CUST0016,Adebayo Musa,7063317244,6982,Mastercard Debit,Fidelity Bank,Online Transfer,178125.23,463908.13,463908.13,"ATM_LG_005 - Yaba, Lagos",Enugu,high_spender,200000,500000,0,Reversed,NORMAL,
TXN000243,2026-01-03,14:29:35,Saturday,CUST0009,Jide Adeyemi,1764184578,3085,Visa Credit,Fidelity Bank,ATM Mini Statement,14277.0,299847.63,299847.63,"ATM_LG_003 - Lekki Phase 1, Lagos",Kano,medium_spender,50000,150000,0,Declined,NORMAL,
TXN000096,2026-01-03,14:59:00,Saturday,CUST0004,Jide Lawal,9282010276,2329,Verve,UBA,ATM Mini Statement,33550.62,179564.22,179564.22,"ATM_IB_001 - Ring Road, Ibadan",Lagos,medium_spender,50000,150000,0,Successful,NORMAL,
TXN001100,2026-01-03,15:30:52,Saturday,CUST0041,Gbenga Musa,2240888423,7738,Visa Credit,Fidelity Bank,ATM Withdrawal,9743.28,77992.53,68249.25,"ATM_LG_001 - Ikeja Branch, Lagos",Kaduna,low_spender,10000,50000,9743.28,Successful,NORMAL,
TXN000837,2026-01-03,15:55:09,Saturday,CUST0031,Emeka Suleiman,9100912636,1290,Mastercard Debit,Fidelity Bank,ATM Balance Enquiry,46888.75,275787.33,275787.33,"ATM_LG_001 - Ikeja Branch, Lagos",Abuja,medium_spender,50000,150000,0,Successful,NORMAL,
TXN001532,2026-01-03,16:21:09,Saturday,CUST0057,Tunde Okafor,1565330284,7497,Mastercard Debit,First Bank,ATM Balance Enquiry,194661.37,1720440.54,1720440.54,"ATM_LG_004 - Surulere, Lagos",Ibadan,high_spender,200000,500000,0,Successful,NORMAL,
TXN000135,2026-01-03,17:53:01,Saturday,CUST0005,Chibundo Eze,5286303748,7620,Visa Credit,Access Bank,ATM Withdrawal,1756.89,37522.01,35765.12,"ATM_LG_005 - Yaba, Lagos",Kano,low_spender,10000,50000,1756.89,Successful,NORMAL,
TXN000513,2026-01-03,18:07:26,Saturday,CUST0017,Chidi Bello,1122281086,3728,Mastercard Debit,Zenith Bank,POS Purchase,11772.76,487444.2,475671.44,"ATM_LG_003 - Lekki Phase 1, Lagos",Lagos,medium_spender,50000,150000,11772.76,Declined,NORMAL,
TXN001664,2026-01-03,20:13:23,Saturday,CUST0063,Amaka Musa,0330885397,2813,Visa Debit,Access Bank,ATM Withdrawal,37924.06,129177.25,91253.19,"ATM_LG_004 - Surulere, Lagos",Kano,medium_spender,50000,150000,41775.2,Successful,NORMAL,
TXN000155,2026-01-03,21:44:19,Saturday,CUST0006,Kemi Obi,2961112422,7715,Visa Credit,Stanbic IBTC,POS Purchase,174548.19,1998642.26,1824094.07,"ATM_EN_001 - Independence Layout, Enugu",Port Harcourt,high_spender,200000,500000,174548.19,Successful,NORMAL,
TXN001923,2026-01-03,23:15:04,Saturday,CUST0072,Uche Lawal,3911628692,4429,Visa Debit,Access Bank,ATM Withdrawal,36737.84,1731356.68,1694618.84,"ATM_EN_001 - Independence Layout, Enugu",Enugu,high_spender,200000,500000,36737.84,Successful,NORMAL,
TXN000276,2026-01-03,23:53:51,Saturday,CUST0010,Efua Chukwu,6997365350,6821,Mastercard Debit,Stanbic IBTC,ATM Withdrawal,90245.77,1751807.08,1661561.31,"ATM_LG_004 - Surulere, Lagos",Ibadan,high_spender,200000,500000,90245.77,Declined,NORMAL,
TXN002112,2026-01-04,01:23:09,Sunday,CUST0078,Uche Salami,0072246503,5411,Visa Credit,Access Bank,ATM Withdrawal,33807.4,229812.44,196005.04,"ATM_LG_005 - Yaba, Lagos",Port Harcourt,medium_spender,50000,150000,33807.4,Successful,NORMAL,
TXN001357,2026-01-04,02:09:02,Sunday,CUST0051,Aisha Suleiman,2787994879,8601,Visa Credit,GTBank,ATM Balance Enquiry,23727.43,96839.94,96839.94,"ATM_AB_003 - Maitama, Abuja",Abuja,medium_spender,50000,150000,0,Successful,NORMAL,
TXN000681,2026-01-04,02:23:53,Sunday,CUST0022,Ola Okonkwo,2404296200,9240,Mastercard Debit,Zenith Bank,ATM Withdrawal,6458.92,66316.08,59857.16,"ATM_IB_001 - Ring Road, Ibadan [HOME STATE: Kaduna]",Kaduna,low_spender,10000,50000,6458.92,Reversed,SUSPICIOUS,Card used at Enugu ATM but customer is based in Kaduna
TXN000244,2026-01-04,03:47:40,Sunday,CUST0009,Jide Adeyemi,1764184578,3085,Visa Credit,Fidelity Bank,ATM Withdrawal,14970.57,451318.94,436348.37,"ATM_LG_003 - Lekki Phase 1, Lagos",Kano,medium_spender,50000,150000,14970.57,Successful,NORMAL,
TXN000821,2026-01-04,04:35:40,Sunday,CUST0030,Aisha Obi,7765839814,7526,Visa Credit,Fidelity Bank,ATM Withdrawal,8060.83,76779.56,68718.73,"ATM_LG_002 - Victoria Island, Lagos",Benin City,low_spender,10000,50000,8060.83,Declined,SUSPICIOUS,Transaction at 04:35 — outside normal banking hours (midnight–4am)
TXN001994,2026-01-04,04:40:44,Sunday,CUST0074,Adebayo Okeke,7232677456,6745,Visa Credit,UBA,ATM Withdrawal,18050.64,57205.87,39155.23,"ATM_AB_003 - Maitama, Abuja",Lagos,medium_spender,50000,150000,18050.64,Successful,NORMAL,
TXN001234,2026-01-04,06:26:08,Sunday,CUST0047,Musa Salami,6245202877,5548,Mastercard Debit,Zenith Bank,Online Transfer,23718.61,199692.57,199692.57,"ATM_LG_005 - Yaba, Lagos",Kano,medium_spender,50000,150000,0,Successful,NORMAL,
TXN001883,2026-01-04,10:21:57,Sunday,CUST0071,Ngozi Usman,1234933970,6062,Verve,Stanbic IBTC,Online Transfer,44780.43,202007.23,202007.23,"ATM_AB_002 - Garki Area 11, Abuja",Lagos,medium_spender,50000,150000,0,Successful,NORMAL,
TXN002191,2026-01-04,10:35:47,Sunday,CUST0080,Ola Okonkwo,3342204457,4255,Visa Debit,UBA,ATM Withdrawal,37226.45,427783.27,390556.82,"ATM_LG_001 - Ikeja Branch, Lagos",Benin City,medium_spender,50000,150000,37226.45,Declined,NORMAL,
TXN001515,2026-01-04,12:06:58,Sunday,CUST0056,Chibundo Musa,5954546293,6058,Visa Credit,Access Bank,ATM Withdrawal,6673.49,94359.15,87685.66,"ATM_LG_002 - Victoria Island, Lagos",Abuja,low_spender,10000,50000,6673.49,Successful,NORMAL,
TXN000057,2026-01-04,15:05:19,Sunday,CUST0003,Nkechi Okonkwo,4806358178,4245,Mastercard Debit,GTBank,ATM Balance Enquiry,58241.01,863815.63,863815.63,"ATM_LG_004 - Surulere, Lagos",Kano,high_spender,200000,500000,0,Successful,NORMAL,
TXN000893,2026-01-04,15:08:02,Sunday,CUST0033,Ngozi Babatunde,1091476249,8935,Verve,UBA,ATM Withdrawal,2472.98,78259.83,75786.85,"ATM_LG_002 - Victoria Island, Lagos",Ibadan,low_spender,10000,50000,2472.98,Successful,NORMAL,
TXN000633,2026-01-04,15:41:21,Sunday,CUST0020,Chibundo Adeyemi,6105295550,7171,Mastercard Debit,Fidelity Bank,Online Transfer,32196.37,130889.09,130889.09,"ATM_LG_002 - Victoria Island, Lagos",Lagos,medium_spender,50000,150000,0,Successful,NORMAL,
TXN001571,2026-01-04,16:39:50,Sunday,CUST0058,Chisom Eze,2290020457,3375,Verve,GTBank,ATM Balance Enquiry,1078.14,57637.84,57637.84,"ATM_PH_002 - Trans-Amadi, Port Harcourt",Enugu,low_spender,10000,50000,0,Successful,NORMAL,
TXN001474,2026-01-04,18:25:58,Sunday,CUST0055,Fatima Okafor,4770704891,6439,Visa Debit,GTBank,ATM Withdrawal,155934.98,218454.43,62519.45,"ATM_LG_003 - Lekki Phase 1, Lagos",Enugu,high_spender,200000,500000,155934.98,Successful,NORMAL,
TXN000316,2026-01-04,18:57:58,Sunday,CUST0011,Bola Afolabi,3656018830,9554,Visa Credit,GTBank,ATM Withdrawal,21839.97,384737.01,362897.04,"ATM_LG_004 - Surulere, Lagos",Ibadan,medium_spender,50000,150000,21839.97,Successful,NORMAL,
TXN001665,2026-01-04,19:03:13,Sunday,CUST0063,Amaka Musa,0330885397,2813,Visa Debit,Access Bank,ATM Withdrawal,20455.24,76625.64,56170.4,"ATM_LG_003 - Lekki Phase 1, Lagos",Kano,medium_spender,50000,150000,20455.24,Successful,NORMAL,
TXN001060,2026-01-04,19:31:38,Sunday,CUST0040,Uche Bello,1352141056,6134,Verve,Zenith Bank,POS Purchase,43921.3,248178.34,204257.04,"ATM_LG_002 - Victoria Island, Lagos",Kaduna,medium_spender,50000,150000,43921.3,Successful,NORMAL,
TXN001193,2026-01-04,20:08:19,Sunday,CUST0046,Tunde Babatunde,9470820432,1291,Verve,Zenith Bank,ATM Withdrawal,166189.6,1832154.95,1665965.35,"ATM_LG_003 - Lekki Phase 1, Lagos",Kaduna,high_spender,200000,500000,166189.6,Successful,NORMAL,
TXN000058,2026-01-04,20:52:41,Sunday,CUST0003,Nkechi Okonkwo,4806358178,4245,Mastercard Debit,GTBank,ATM Mini Statement,11640.53,1396425.88,1396425.88,"ATM_LG_004 - Surulere, Lagos",Kano,high_spender,200000,500000,0,Successful,NORMAL,
TXN001634,2026-01-04,23:10:45,Sunday,CUST0062,Jide Nwosu,7690627387,6253,Verve,Fidelity Bank,ATM Balance Enquiry,5566.03,86000.86,86000.86,"ATM_LG_001 - Ikeja Branch, Lagos",Ibadan,low_spender,10000,50000,0,Successful,NORMAL,
TXN002074,2026-01-04,23:21:39,Sunday,CUST0077,Chibundo Adeola,1374759620,2208,Verve,UBA,POS Purchase,41792.95,221942.14,180149.19,"ATM_LG_004 - Surulere, Lagos",Ibadan,medium_spender,50000,150000,41792.95,Successful,NORMAL,
TXN001185,2026-01-05,01:01:43,Monday,CUST0045,Tunde Babatunde,9520595836,5324,Visa Credit,Fidelity Bank,ATM Mini Statement,5427.28,74345.2,74345.2,"ATM_LG_002 - Victoria Island, Lagos",Kaduna,low_spender,10000,50000,0,Successful,NORMAL,
TXN000356,2026-01-05,01:48:00,Monday,CUST0012,Uche Adeleke,7889943014,2238,Verve,Zenith Bank,POS Purchase,153249.97,614197.63,460947.66,"ATM_LG_002 - Victoria Island, Lagos",Ibadan,high_spender,200000,500000,153249.97,Successful,NORMAL,
TXN000028,2026-01-05,02:03:25,Monday,CUST0002,Efua Babatunde,9356327295,2359,Visa Credit,Zenith Bank,ATM Withdrawal,16540.02,106794.68,90254.66,"ATM_LG_001 - Ikeja Branch, Lagos",Kaduna,medium_spender,50000,150000,16540.02,Successful,NORMAL,
TXN001419,2026-01-05,03:24:42,Monday,CUST0053,Gbenga Okafor,0500303393,4495,Visa Credit,Zenith Bank,ATM Withdrawal,5795.1,81131.72,75336.62,"ATM_LG_003 - Lekki Phase 1, Lagos",Enugu,low_spender,10000,50000,5795.1,Successful,NORMAL,
TXN000871,2026-01-05,05:17:02,Monday,CUST0032,Ola Suleiman,6422426142,7858,Verve,Zenith Bank,ATM Withdrawal,8443.16,24385.94,15942.78,"ATM_LG_003 - Lekki Phase 1, Lagos",Kano,low_spender,10000,50000,8443.16,Successful,NORMAL,
TXN001235,2026-01-05,05:45:04,Monday,CUST0047,Musa Salami,6245202877,5548,Mastercard Debit,Zenith Bank,ATM Balance Enquiry,35007.91,267661.19,267661.19,"ATM_LG_005 - Yaba, Lagos",Kano,medium_spender,50000,150000,0,Successful,NORMAL,
TXN000245,2026-01-05,06:23:23,Monday,CUST0009,Jide Adeyemi,1764184578,3085,Visa Credit,Fidelity Bank,Online Transfer,40243.31,412248.17,412248.17,"ATM_LG_003 - Lekki Phase 1, Lagos",Kano,medium_spender,50000,150000,0,Successful,NORMAL,
TXN000968,2026-01-05,06:52:13,Monday,CUST0037,Rotimi Babatunde,8953520583,4419,Visa Credit,GTBank,POS Purchase,28081.39,435726.08,407644.69,"ATM_LG_005 - Yaba, Lagos",Enugu,medium_spender,50000,150000,28081.39,Successful,NORMAL,
TXN001964,2026-01-05,07:07:05,Monday,CUST0073,Tobi Musa,2381163847,4263,Visa Credit,UBA,POS Purchase,48400.67,495170.64,446769.97,"ATM_AB_001 - Wuse Zone 5, Abuja",Enugu,medium_spender,50000,150000,48400.67,Successful,NORMAL,
TXN000634,2026-01-05,07:21:21,Monday,CUST0020,Chibundo Adeyemi,6105295550,7171,Mastercard Debit,Fidelity Bank,POS Purchase,39000.16,297732.25,258732.09,"ATM_LG_003 - Lekki Phase 1, Lagos",Lagos,medium_spender,50000,150000,39000.16,Successful,NORMAL,
TXN000277,2026-01-05,09:11:18,Monday,CUST0010,Efua Chukwu,6997365350,6821,Mastercard Debit,Stanbic IBTC,ATM Balance Enquiry,65180.49,1593302.82,1593302.82,"ATM_AB_002 - Garki Area 11, Abuja",Ibadan,high_spender,200000,500000,0,Successful,NORMAL,
TXN001965,2026-01-05,09:33:29,Monday,CUST0073,Tobi Musa,2381163847,4263,Visa Credit,UBA,ATM Balance Enquiry,19857.08,318344.55,318344.55,"ATM_LG_002 - Victoria Island, Lagos",Enugu,medium_spender,50000,150000,48400.67,Successful,NORMAL,
TXN000969,2026-01-05,11:56:49,Monday,CUST0037,Rotimi Babatunde,8953520583,4419,Visa Credit,GTBank,POS Purchase,22931.18,198037.16,175105.98,"ATM_AB_003 - Maitama, Abuja",Enugu,medium_spender,50000,150000,51012.57,Successful,NORMAL,
TXN001533,2026-01-05,12:24:35,Monday,CUST0057,Tunde Okafor,1565330284,7497,Mastercard Debit,First Bank,ATM Withdrawal,33234.87,248137.79,214902.92,"ATM_LG_004 - Surulere, Lagos",Ibadan,high_spender,200000,500000,33234.87,Successful,NORMAL,
TXN000774,2026-01-05,13:02:38,Monday,CUST0026,Chidi Bello,2562484370,1445,Visa Credit,Access Bank,ATM Withdrawal,918.24,48770.95,47852.71,"ATM_LG_003 - Lekki Phase 1, Lagos",Enugu,low_spender,10000,50000,918.24,Successful,NORMAL,
TXN001236,2026-01-05,17:41:17,Monday,CUST0047,Musa Salami,6245202877,5548,Mastercard Debit,Zenith Bank,Online Transfer,15493.17,424827.68,424827.68,"ATM_EN_001 - Independence Layout, Enugu",Kano,medium_spender,50000,150000,0,Successful,NORMAL,
TXN000970,2026-01-05,18:05:23,Monday,CUST0037,Rotimi Babatunde,8953520583,4419,Visa Credit,GTBank,POS Purchase,3601.84,374149.84,370548.0,"ATM_LG_005 - Yaba, Lagos",Enugu,medium_spender,50000,150000,54614.41,Declined,NORMAL,
TXN001995,2026-01-05,18:50:53,Monday,CUST0074,Adebayo Okeke,7232677456,6745,Visa Credit,UBA,ATM Mini Statement,33001.32,224592.02,224592.02,"ATM_LG_004 - Surulere, Lagos",Lagos,medium_spender,50000,150000,0,Successful,NORMAL,
TXN001776,2026-01-05,19:34:07,Monday,CUST0066,Ola Afolabi,2938289640,5620,Visa Debit,Access Bank,POS Purchase,37012.76,431478.24,394465.48,"ATM_LG_002 - Victoria Island, Lagos",Port Harcourt,medium_spender,50000,150000,37012.76,Successful,NORMAL,
TXN001021,2026-01-05,19:47:59,Monday,CUST0039,Tunde Nwosu,8518405632,1659,Visa Credit,Zenith Bank,POS Purchase,310407.79,436208.54,125800.75,"ATM_LG_003 - Lekki Phase 1, Lagos",Kaduna,medium_spender,50000,150000,310407.79,Successful,SUSPICIOUS,"Amount ₦310,407.79 is 6.2x above customer's typical maximum of ₦50,000"
TXN001619,2026-01-05,22:42:23,Monday,CUST0061,Adebayo Nwosu,4601120311,2220,Verve,Stanbic IBTC,POS Purchase,3111.87,46156.93,43045.06,"ATM_EN_001 - Independence Layout, Enugu",Enugu,low_spender,10000,50000,3111.87,Successful,NORMAL,
TXN000029,2026-01-06,00:04:37,Tuesday,CUST0002,Efua Babatunde,9356327295,2359,Visa Credit,Zenith Bank,ATM Withdrawal,20669.53,271040.63,250371.1,"ATM_LG_001 - Ikeja Branch, Lagos",Kaduna,medium_spender,50000,150000,20669.53,Successful,NORMAL,
TXN000475,2026-01-06,00:07:49,Tuesday,CUST0016,Adebayo Musa,7063317244,6982,Mastercard Debit,Fidelity Bank,ATM Withdrawal,473278.19,859081.8,385803.61,"ATM_AB_002 - Garki Area 11, Abuja",Enugu,high_spender,200000,500000,473278.19,Successful,SUSPICIOUS,Transaction at 00:07 — outside normal banking hours (midnight–4am)
TXN000935,2026-01-06,00:37:26,Tuesday,CUST0035,Adebayo Okafor,0569106167,2747,Mastercard Debit,Zenith Bank,ATM Withdrawal,8748.93,81317.83,72568.9,"ATM_LG_001 - Ikeja Branch, Lagos",Port Harcourt,low_spender,10000,50000,8748.93,Successful,NORMAL,
TXN002032,2026-01-06,01:29:29,Tuesday,CUST0075,Seun Nwosu,6803179670,4072,Visa Credit,GTBank,Online Transfer,5474.08,97891.58,97891.58,"ATM_LG_002 - Victoria Island, Lagos",Kano,low_spender,10000,50000,0,Successful,NORMAL,
TXN000591,2026-01-06,04:30:41,Tuesday,CUST0019,Tunde Eze,2754590960,5925,Verve,Zenith Bank,POS Purchase,113506.71,508935.48,395428.77,"ATM_LG_004 - Surulere, Lagos",Abuja,high_spender,200000,500000,113506.71,Successful,NORMAL,
TXN000592,2026-01-06,06:01:10,Tuesday,CUST0019,Tunde Eze,2754590960,5925,Verve,Zenith Bank,ATM Withdrawal,48120.83,1353153.4,1305032.57,"ATM_LG_001 - Ikeja Branch, Lagos",Abuja,high_spender,200000,500000,161627.54,Successful,NORMAL,
TXN001697,2026-01-06,08:01:54,Tuesday,CUST0064,Ngozi Babatunde,1232261941,4967,Visa Debit,Fidelity Bank,ATM Balance Enquiry,23682.01,442907.52,442907.52,"ATM_LG_005 - Yaba, Lagos",Benin City,medium_spender,50000,150000,0,Successful,NORMAL,
TXN000195,2026-01-06,08:30:45,Tuesday,CUST0007,Ola Usman,1521840905,4544,Visa Credit,First Bank,ATM Mini Statement,8555.61,68753.32,68753.32,"ATM_LG_005 - Yaba, Lagos",Enugu,low_spender,10000,50000,0,Successful,NORMAL,
TXN000709,2026-01-06,08:35:44,Tuesday,CUST0024,Ola Babatunde,4288813383,7897,Verve,Zenith Bank,ATM Balance Enquiry,22503.57,388990.6,388990.6,"ATM_LG_004 - Surulere, Lagos",Enugu,medium_spender,50000,150000,0,Declined,NORMAL,
TXN000593,2026-01-06,08:55:06,Tuesday,CUST0019,Tunde Eze,2754590960,5925,Verve,Zenith Bank,ATM Withdrawal,148037.14,1251783.53,1103746.39,"ATM_LG_004 - Surulere, Lagos",Abuja,high_spender,200000,500000,309664.68,Successful,NORMAL,
TXN001302,2026-01-06,09:00:28,Tuesday,CUST0049,Musa Adeleke,3362363512,1975,Visa Credit,GTBank,ATM Withdrawal,8451.82,43346.39,34894.57,"ATM_LG_004 - Surulere, Lagos",Ibadan,low_spender,10000,50000,8451.82,Successful,NORMAL,
TXN000457,2026-01-06,09:11:13,Tuesday,CUST0015,Ola Adeleke,9840956422,1778,Mastercard Debit,UBA,ATM Withdrawal,3731.5,51647.22,47915.72,"ATM_LG_002 - Victoria Island, Lagos",Ibadan,low_spender,10000,50000,3731.5,Successful,NORMAL,
TXN001315,2026-01-06,09:42:26,Tuesday,CUST0050,Nkechi Eze,5802869654,3762,Mastercard Debit,First Bank,Online Transfer,37617.27,267793.94,267793.94,"ATM_LG_004 - Surulere, Lagos",Benin City,medium_spender,50000,150000,0,Successful,NORMAL,
TXN001475,2026-01-06,10:05:10,Tuesday,CUST0055,Fatima Okafor,4770704891,6439,Visa Debit,GTBank,ATM Withdrawal,155017.06,1479879.37,1324862.31,"ATM_LG_003 - Lekki Phase 1, Lagos",Enugu,high_spender,200000,500000,155017.06,Declined,NORMAL,
TXN002075,2026-01-06,11:09:12,Tuesday,CUST0077,Chibundo Adeola,1374759620,2208,Verve,UBA,ATM Mini Statement,33502.13,278398.13,278398.13,"ATM_LG_004 - Surulere, Lagos",Ibadan,medium_spender,50000,150000,0,Successful,NORMAL,
TXN001777,2026-01-06,11:22:09,Tuesday,CUST0066,Ola Afolabi,2938289640,5620,Visa Debit,Access Bank,ATM Mini Statement,41965.14,407163.89,407163.89,"ATM_LG_005 - Yaba, Lagos",Port Harcourt,medium_spender,50000,150000,0,Successful,NORMAL,
TXN000214,2026-01-06,13:13:02,Tuesday,CUST0008,Tobi Ibrahim,1205673434,2732,Mastercard Debit,First Bank,Online Transfer,3889.67,92455.09,92455.09,"ATM_LG_004 - Surulere, Lagos",Ibadan,low_spender,10000,50000,0,Successful,NORMAL,
TXN000317,2026-01-06,13:15:46,Tuesday,CUST0011,Bola Afolabi,3656018830,9554,Visa Credit,GTBank,POS Purchase,38312.94,276930.88,238617.94,"ATM_AB_001 - Wuse Zone 5, Abuja",Ibadan,medium_spender,50000,150000,38312.94,Successful,NORMAL,
TXN002192,2026-01-06,14:13:52,Tuesday,CUST0080,Ola Okonkwo,3342204457,4255,Visa Debit,UBA,POS Purchase,41311.89,213636.15,172324.26,"ATM_LG_001 - Ikeja Branch, Lagos",Benin City,medium_spender,50000,150000,41311.89,Successful,NORMAL,
TXN001666,2026-01-06,14:15:48,Tuesday,CUST0063,Amaka Musa,0330885397,2813,Visa Debit,Access Bank,POS Purchase,49173.85,28134.54,0,"ATM_LG_004 - Surulere, Lagos",Kano,medium_spender,50000,150000,49173.85,Successful,NORMAL,
TXN001118,2026-01-06,19:07:14,Tuesday,CUST0042,Kemi Okonkwo,5073717438,1620,Verve,UBA,ATM Withdrawal,27902.08,72310.61,44408.53,"ATM_LG_003 - Lekki Phase 1, Lagos",Kano,medium_spender,50000,150000,27902.08,Successful,NORMAL,
TXN000097,2026-01-06,19:43:25,Tuesday,CUST0004,Jide Lawal,9282010276,2329,Verve,UBA,ATM Withdrawal,20331.54,64925.57,44594.03,"ATM_LG_004 - Surulere, Lagos",Lagos,medium_spender,50000,150000,20331.54,Successful,NORMAL,
TXN000746,2026-01-06,21:17:20,Tuesday,CUST0025,Amaka Adeyemi,3100605304,4032,Verve,GTBank,Online Transfer,5634.19,25902.05,25902.05,"ATM_LG_001 - Ikeja Branch, Lagos",Enugu,low_spender,10000,50000,0,Successful,NORMAL,
TXN001856,2026-01-06,21:49:33,Tuesday,CUST0070,Uche Adeola,6486987091,8454,Verve,Zenith Bank,ATM Withdrawal,46737.78,382743.39,336005.61,"ATM_LG_005 - Yaba, Lagos",Abuja,medium_spender,50000,150000,46737.78,Successful,NORMAL,
TXN000971,2026-01-06,22:13:13,Tuesday,CUST0037,Rotimi Babatunde,8953520583,4419,Visa Credit,GTBank,ATM Balance Enquiry,233221.92,217999.9,217999.9,"ATM_LG_005 - Yaba, Lagos",Enugu,medium_spender,50000,150000,0,Declined,SUSPICIOUS,"Amount ₦233,221.92 is 4.7x above customer's typical maximum of ₦50,000"
TXN000838,2026-01-06,22:51:45,Tuesday,CUST0031,Emeka Suleiman,9100912636,1290,Mastercard Debit,Fidelity Bank,ATM Withdrawal,35700.21,341912.46,306212.25,"ATM_LG_001 - Ikeja Branch, Lagos",Abuja,medium_spender,50000,150000,35700.21,Successful,NORMAL,
TXN001736,2026-01-06,23:36:26,Tuesday,CUST0065,Chidi Salami,7949487287,9802,Visa Debit,GTBank,ATM Mini Statement,26708.88,362603.39,362603.39,"ATM_LG_001 - Ikeja Branch, Lagos",Abuja,medium_spender,50000,150000,0,Successful,NORMAL,
TXN001667,2026-01-07,01:40:55,Wednesday,CUST0063,Amaka Musa,0330885397,2813,Visa Debit,Access Bank,ATM Balance Enquiry,49548.6,461089.74,461089.74,"ATM_AB_003 - Maitama, Abuja",Kano,medium_spender,50000,150000,0,Successful,NORMAL,
TXN001924,2026-01-07,02:02:55,Wednesday,CUST0072,Uche Lawal,3911628692,4429,Visa Debit,Access Bank,Online Transfer,89498.93,1135875.19,1135875.19,"ATM_EN_001 - Independence Layout, Enugu [HOME STATE: Enugu]",Enugu,high_spender,200000,500000,0,Successful,SUSPICIOUS,Card used at Abuja ATM but customer is based in Enugu
TXN001572,2026-01-07,02:33:57,Wednesday,CUST0058,Chisom Eze,2290020457,3375,Verve,GTBank,Online Transfer,1638.86,17476.68,17476.68,"ATM_PH_002 - Trans-Amadi, Port Harcourt",Enugu,low_spender,10000,50000,0,Successful,NORMAL,
TXN001061,2026-01-07,02:40:02,Wednesday,CUST0040,Uche Bello,1352141056,6134,Verve,Zenith Bank,POS Purchase,28358.78,213629.64,185270.86,"ATM_LG_002 - Victoria Island, Lagos",Kaduna,medium_spender,50000,150000,28358.78,Successful,NORMAL,
TXN002193,2026-01-07,02:55:26,Wednesday,CUST0080,Ola Okonkwo,3342204457,4255,Visa Debit,UBA,ATM Withdrawal,47173.07,274223.9,227050.83,"ATM_LG_001 - Ikeja Branch, Lagos",Benin City,medium_spender,50000,150000,47173.07,Successful,NORMAL,
TXN000098,2026-01-07,03:48:41,Wednesday,CUST0004,Jide Lawal,9282010276,2329,Verve,UBA,ATM Withdrawal,50908.55,305966.82,255058.27,"ATM_LG_004 - Surulere, Lagos",Lagos,medium_spender,50000,150000,50908.55,Successful,SUSPICIOUS,Transaction at 03:48 — outside normal banking hours (midnight–4am)
TXN001996,2026-01-07,04:24:36,Wednesday,CUST0074,Adebayo Okeke,7232677456,6745,Visa Credit,UBA,ATM Withdrawal,27303.23,197095.44,169792.21,"ATM_LG_004 - Surulere, Lagos",Lagos,medium_spender,50000,150000,27303.23,Successful,NORMAL,
TXN000594,2026-01-07,05:05:10,Wednesday,CUST0019,Tunde Eze,2754590960,5925,Verve,Zenith Bank,ATM Withdrawal,164871.67,733692.04,568820.37,"ATM_LG_004 - Surulere, Lagos",Abuja,high_spender,200000,500000,164871.67,Successful,NORMAL,
TXN001022,2026-01-07,05:25:19,Wednesday,CUST0039,Tunde Nwosu,8518405632,1659,Visa Credit,Zenith Bank,POS Purchase,7575.16,333716.13,326140.97,"ATM_PH_001 - GRA Phase 2, Port Harcourt",Kaduna,medium_spender,50000,150000,7575.16,Successful,NORMAL,
TXN000635,2026-01-07,05:34:08,Wednesday,CUST0020,Chibundo Adeyemi,6105295550,7171,Mastercard Debit,Fidelity Bank,ATM Withdrawal,23367.84,422216.71,398848.87,"ATM_LG_003 - Lekki Phase 1, Lagos",Lagos,medium_spender,50000,150000,23367.84,Successful,NORMAL,
TXN001698,2026-01-07,07:16:48,Wednesday,CUST0064,Ngozi Babatunde,1232261941,4967,Visa Debit,Fidelity Bank,POS Purchase,26086.24,478002.43,451916.19,"ATM_LG_005 - Yaba, Lagos",Benin City,medium_spender,50000,150000,26086.24,Successful,NORMAL,
TXN000099,2026-01-07,07:29:44,Wednesday,CUST0004,Jide Lawal,9282010276,2329,Verve,UBA,ATM Mini Statement,164363.33,285216.76,285216.76,"ATM_LG_004 - Surulere, Lagos",Lagos,medium_spender,50000,150000,50908.55,Declined,SUSPICIOUS,"Amount ₦164,363.33 is 3.3x above customer's typical maximum of ₦50,000"
TXN000397,2026-01-07,10:17:20,Wednesday,CUST0013,Zainab Musa,1662475227,7373,Verve,Zenith Bank,ATM Withdrawal,79679.1,983213.35,903534.25,"ATM_AB_003 - Maitama, Abuja",Port Harcourt,high_spender,200000,500000,79679.1,Successful,NORMAL,
TXN000156,2026-01-07,11:02:52,Wednesday,CUST0006,Kemi Obi,2961112422,7715,Visa Credit,Stanbic IBTC,ATM Withdrawal,195353.74,1140231.25,944877.51,"ATM_LG_003 - Lekki Phase 1, Lagos",Port Harcourt,high_spender,200000,500000,195353.74,Successful,NORMAL,
TXN000059,2026-01-07,11:31:10,Wednesday,CUST0003,Nkechi Okonkwo,4806358178,4245,Mastercard Debit,GTBank,POS Purchase,58374.48,1743394.19,1685019.71,"ATM_AB_002 - Garki Area 11, Abuja",Kano,high_spender,200000,500000,58374.48,Declined,NORMAL,
TXN000822,2026-01-07,11:54:22,Wednesday,CUST0030,Aisha Obi,7765839814,7526,Visa Credit,Fidelity Bank,ATM Withdrawal,4017.59,64002.55,59984.96,"ATM_LG_003 - Lekki Phase 1, Lagos",Benin City,low_spender,10000,50000,4017.59,Successful,NORMAL,
TXN002113,2026-01-07,15:53:53,Wednesday,CUST0078,Uche Salami,0072246503,5411,Visa Credit,Access Bank,Online Transfer,9258.54,119155.9,119155.9,"ATM_LG_005 - Yaba, Lagos",Port Harcourt,medium_spender,50000,150000,0,Successful,NORMAL,
TXN002057,2026-01-07,17:40:23,Wednesday,CUST0076,Nneka Eze,5651997036,7616,Verve,GTBank,POS Purchase,4825.84,54867.49,50041.65,"ATM_LG_003 - Lekki Phase 1, Lagos",Ibadan,low_spender,10000,50000,4825.84,Successful,NORMAL,
TXN000060,2026-01-07,20:12:37,Wednesday,CUST0003,Nkechi Okonkwo,4806358178,4245,Mastercard Debit,GTBank,Online Transfer,190291.07,1901312.58,1901312.58,"ATM_LG_004 - Surulere, Lagos",Kano,high_spender,200000,500000,58374.48,Successful,NORMAL,
TXN000839,2026-01-07,20:24:22,Wednesday,CUST0031,Emeka Suleiman,9100912636,1290,Mastercard Debit,Fidelity Bank,POS Purchase,37088.68,251709.24,214620.56,"ATM_LG_001 - Ikeja Branch, Lagos",Abuja,medium_spender,50000,150000,37088.68,Successful,NORMAL,
TXN001536,2026-01-08,00:04:53,Thursday,CUST0057,Tunde Okafor,1565330284,7497,Mastercard Debit,First Bank,Online Transfer,454417.01,1425452.02,1425452.02,"ATM_LG_004 - Surulere, Lagos",Ibadan,high_spender,200000,500000,143512.52,Declined,SUSPICIOUS,Transaction at 00:04 — outside normal banking hours (midnight–4am)
TXN001194,2026-01-08,00:16:47,Thursday,CUST0046,Tunde Babatunde,9470820432,1291,Verve,Zenith Bank,Online Transfer,445162.65,1548686.13,1548686.13,"ATM_LG_005 - Yaba, Lagos",Kaduna,high_spender,200000,500000,0,Reversed,SUSPICIOUS,Transaction at 00:16 — outside normal banking hours (midnight–4am)
TXN001737,2026-01-08,00:25:41,Thursday,CUST0065,Chidi Salami,7949487287,9802,Visa Debit,GTBank,ATM Balance Enquiry,34374.28,282631.35,282631.35,"ATM_LG_001 - Ikeja Branch, Lagos",Abuja,medium_spender,50000,150000,0,Successful,NORMAL,
TXN000698,2026-01-08,01:19:45,Thursday,CUST0023,Zainab Okeke,7915823973,2645,Mastercard Debit,First Bank,ATM Withdrawal,15651.0,64090.59,48439.59,"ATM_LG_002 - Victoria Island, Lagos",Port Harcourt,low_spender,10000,50000,15651.0,Declined,SUSPICIOUS,Transaction at 01:19 — outside normal banking hours (midnight–4am)
TXN001534,2026-01-08,02:07:06,Thursday,CUST0057,Tunde Okafor,1565330284,7497,Mastercard Debit,First Bank,POS Purchase,143512.52,1390855.75,1247343.23,"ATM_LG_004 - Surulere, Lagos",Ibadan,high_spender,200000,500000,143512.52,Declined,NORMAL,
TXN001237,2026-01-08,02:37:09,Thursday,CUST0047,Musa Salami,6245202877,5548,Mastercard Debit,Zenith Bank,POS Purchase,22993.19,261716.81,238723.62,"ATM_LG_005 - Yaba, Lagos",Kano,medium_spender,50000,150000,22993.19,Successful,NORMAL,
TXN000840,2026-01-08,03:48:32,Thursday,CUST0031,Emeka Suleiman,9100912636,1290,Mastercard Debit,Fidelity Bank,POS Purchase,74350.32,350460.25,276109.93,"ATM_LG_001 - Ikeja Branch, Lagos",Abuja,medium_spender,50000,150000,74350.32,Declined,SUSPICIOUS,Transaction at 03:48 — outside normal banking hours (midnight–4am)
TXN000894,2026-01-08,04:17:43,Thursday,CUST0033,Ngozi Babatunde,1091476249,8935,Verve,UBA,ATM Withdrawal,30677.39,47104.58,16427.19,"ATM_LG_001 - Ikeja Branch, Lagos",Ibadan,low_spender,10000,50000,30677.39,Successful,SUSPICIOUS,"High-value transaction ₦30,677.39 flagged for velocity check"
TXN001816,2026-01-08,05:06:56,Thursday,CUST0067,Taiwo Bello,4522759725,7104,Verve,GTBank,ATM Withdrawal,4861.29,18846.85,13985.56,ATM_KN_001 - Kano City Centre,Abuja,low_spender,10000,50000,4861.29,Reversed,NORMAL,
TXN001535,2026-01-08,05:48:43,Thursday,CUST0057,Tunde Okafor,1565330284,7497,Mastercard Debit,First Bank,Online Transfer,107372.82,1829731.72,1829731.72,"ATM_LG_004 - Surulere, Lagos",Ibadan,high_spender,200000,500000,143512.52,Successful,NORMAL,
TXN001595,2026-01-08,05:55:18,Thursday,CUST0060,Dayo Obi,7463734803,6570,Visa Debit,GTBank,POS Purchase,5710.35,80812.19,75101.84,"ATM_LG_002 - Victoria Island, Lagos",Lagos,low_spender,10000,50000,5710.35,Successful,NORMAL,
TXN001119,2026-01-08,05:58:33,Thursday,CUST0042,Kemi Okonkwo,5073717438,1620,Verve,UBA,ATM Withdrawal,47145.79,376501.29,329355.5,"ATM_LG_003 - Lekki Phase 1, Lagos",Kano,medium_spender,50000,150000,47145.79,Successful,NORMAL,
TXN001966,2026-01-08,07:14:46,Thursday,CUST0073,Tobi Musa,2381163847,4263,Visa Credit,UBA,ATM Balance Enquiry,4492.61,231835.62,231835.62,"ATM_LG_002 - Victoria Island, Lagos",Enugu,medium_spender,50000,150000,0,Successful,NORMAL,
TXN001195,2026-01-08,07:15:09,Thursday,CUST0046,Tunde Babatunde,9470820432,1291,Verve,Zenith Bank,ATM Withdrawal,110299.11,1630276.21,1519977.1,"ATM_LG_003 - Lekki Phase 1, Lagos",Kaduna,high_spender,200000,500000,110299.11,Declined,NORMAL,
TXN000595,2026-01-08,10:06:14,Thursday,CUST0019,Tunde Eze,2754590960,5925,Verve,Zenith Bank,ATM Withdrawal,715712.61,551100.57,0,"ATM_LG_004 - Surulere, Lagos",Abuja,high_spender,200000,500000,715712.61,Successful,SUSPICIOUS,"Amount ₦715,712.61 is 3.6x above customer's typical maximum of ₦200,000"
TXN001635,2026-01-08,14:57:29,Thursday,CUST0062,Jide Nwosu,7690627387,6253,Verve,Fidelity Bank,ATM Withdrawal,4393.58,63899.78,59506.2,ATM_KN_001 - Kano City Centre,Ibadan,low_spender,10000,50000,4393.58,Successful,NORMAL,
TXN001145,2026-01-08,17:15:41,Thursday,CUST0044,Uche Usman,2874900400,5082,Visa Credit,Stanbic IBTC,ATM Withdrawal,28646.8,412688.25,384041.45,"ATM_LG_003 - Lekki Phase 1, Lagos",Kano,medium_spender,50000,150000,28646.8,Successful,NORMAL,
TXN001668,2026-01-08,17:25:04,Thursday,CUST0063,Amaka Musa,0330885397,2813,Visa Debit,Access Bank,Online Transfer,35334.03,243655.42,243655.42,"ATM_AB_002 - Garki Area 11, Abuja",Kano,medium_spender,50000,150000,0,Successful,NORMAL,
TXN001101,2026-01-08,18:08:17,Thursday,CUST0041,Gbenga Musa,2240888423,7738,Visa Credit,Fidelity Bank,ATM Withdrawal,7727.44,44448.17,36720.73,"ATM_LG_004 - Surulere, Lagos",Kaduna,low_spender,10000,50000,7727.44,Successful,NORMAL,
TXN000246,2026-01-08,18:37:52,Thursday,CUST0009,Jide Adeyemi,1764184578,3085,Visa Credit,Fidelity Bank,ATM Withdrawal,20502.07,39479.98,18977.91,"ATM_LG_003 - Lekki Phase 1, Lagos",Kano,medium_spender,50000,150000,20502.07,Successful,NORMAL,
TXN001738,2026-01-08,18:44:54,Thursday,CUST0065,Chidi Salami,7949487287,9802,Visa Debit,GTBank,ATM Withdrawal,31030.38,129315.96,98285.58,"ATM_AB_002 - Garki Area 11, Abuja",Abuja,medium_spender,50000,150000,31030.38,Successful,NORMAL,
TXN001636,2026-01-08,20:54:12,Thursday,CUST0062,Jide Nwosu,7690627387,6253,Verve,Fidelity Bank,ATM Withdrawal,6938.37,27000.48,20062.11,"ATM_EN_001 - Independence Layout, Enugu",Ibadan,low_spender,10000,50000,11331.95,Successful,NORMAL,
TXN000596,2026-01-08,22:43:46,Thursday,CUST0019,Tunde Eze,2754590960,5925,Verve,Zenith Bank,POS Purchase,180908.05,610261.33,429353.28,"ATM_PH_001 - GRA Phase 2, Port Harcourt [HOME STATE: Abuja]",Abuja,high_spender,200000,500000,896620.66,Successful,SUSPICIOUS,Card used at Enugu ATM but customer is based in Abuja
TXN000514,2026-01-08,22:59:07,Thursday,CUST0017,Chidi Bello,1122281086,3728,Mastercard Debit,Zenith Bank,POS Purchase,17424.27,365140.45,347716.18,"ATM_LG_003 - Lekki Phase 1, Lagos",Lagos,medium_spender,50000,150000,17424.27,Successful,NORMAL,
TXN000318,2026-01-09,02:23:21,Friday,CUST0011,Bola Afolabi,3656018830,9554,Visa Credit,GTBank,ATM Balance Enquiry,26338.15,436423.26,436423.26,"ATM_LG_004 - Surulere, Lagos",Ibadan,medium_spender,50000,150000,0,Successful,NORMAL,
TXN000157,2026-01-09,03:28:51,Friday,CUST0006,Kemi Obi,2961112422,7715,Visa Credit,Stanbic IBTC,POS Purchase,149117.99,296363.46,147245.47,"ATM_LG_005 - Yaba, Lagos",Port Harcourt,high_spender,200000,500000,149117.99,Successful,NORMAL,
TXN000553,2026-01-09,03:44:58,Friday,CUST0018,Jide Suleiman,6342127803,7174,Visa Credit,Fidelity Bank,Online Transfer,3391.94,73943.15,73943.15,"ATM_LG_002 - Victoria Island, Lagos",Abuja,medium_spender,50000,150000,0,Successful,NORMAL,
TXN000554,2026-01-09,03:49:12,Friday,CUST0018,Jide Suleiman,6342127803,7174,Visa Credit,Fidelity Bank,POS Purchase,13723.63,405595.79,391872.16,"ATM_LG_002 - Victoria Island, Lagos",Abuja,medium_spender,50000,150000,13723.63,Successful,NORMAL,
TXN001967,2026-01-09,03:50:32,Friday,CUST0073,Tobi Musa,2381163847,4263,Visa Credit,UBA,Online Transfer,28441.25,105617.46,105617.46,"ATM_LG_002 - Victoria Island, Lagos",Enugu,medium_spender,50000,150000,0,Successful,NORMAL,
TXN001146,2026-01-09,04:03:40,Friday,CUST0044,Uche Usman,2874900400,5082,Visa Credit,Stanbic IBTC,ATM Withdrawal,27437.87,496049.03,468611.16,"ATM_LG_003 - Lekki Phase 1, Lagos",Kano,medium_spender,50000,150000,27437.87,Reversed,NORMAL,
TXN001699,2026-01-09,05:12:12,Friday,CUST0064,Ngozi Babatunde,1232261941,4967,Visa Debit,Fidelity Bank,POS Purchase,12986.62,325180.52,312193.9,"ATM_LG_005 - Yaba, Lagos",Benin City,medium_spender,50000,150000,12986.62,Reversed,NORMAL,
TXN000775,2026-01-09,06:07:58,Friday,CUST0026,Chidi Bello,2562484370,1445,Visa Credit,Access Bank,POS Purchase,7422.69,85921.66,78498.97,"ATM_LG_003 - Lekki Phase 1, Lagos",Enugu,low_spender,10000,50000,7422.69,Successful,NORMAL,
TXN001537,2026-01-09,08:02:27,Friday,CUST0057,Tunde Okafor,1565330284,7497,Mastercard Debit,First Bank,ATM Balance Enquiry,70108.63,553512.88,553512.88,"ATM_LG_003 - Lekki Phase 1, Lagos",Ibadan,high_spender,200000,500000,0,Successful,NORMAL,
TXN001538,2026-01-09,08:07:08,Friday,CUST0057,Tunde Okafor,1565330284,7497,Mastercard Debit,First Bank,POS Purchase,60947.57,754482.37,693534.8,"ATM_AB_003 - Maitama, Abuja",Ibadan,high_spender,200000,500000,60947.57,Successful,NORMAL,
TXN000946,2026-01-09,09:02:32,Friday,CUST0036,Chibundo Obi,2442831915,1411,Visa Debit,First Bank,ATM Withdrawal,787.64,56279.85,55492.21,"ATM_LG_004 - Surulere, Lagos",Ibadan,low_spender,10000,50000,787.64,Successful,NORMAL,
TXN000030,2026-01-09,10:13:44,Friday,CUST0002,Efua Babatunde,9356327295,2359,Visa Credit,Zenith Bank,POS Purchase,222527.67,310366.73,87839.06,"ATM_LG_001 - Ikeja Branch, Lagos",Kaduna,medium_spender,50000,150000,222527.67,Successful,SUSPICIOUS,"Amount ₦222,527.67 is 4.5x above customer's typical maximum of ₦50,000"
TXN000196,2026-01-09,11:13:18,Friday,CUST0007,Ola Usman,1521840905,4544,Visa Credit,First Bank,POS Purchase,3350.15,60011.37,56661.22,"ATM_LG_005 - Yaba, Lagos",Enugu,low_spender,10000,50000,3350.15,Successful,NORMAL,
TXN000003,2026-01-09,11:36:45,Friday,CUST0001,Gbenga Musa,6639233214,7276,Visa Credit,GTBank,POS Purchase,1665.53,27810.0,26144.47,"ATM_LG_001 - Ikeja Branch, Lagos",Kaduna,low_spender,10000,50000,1665.53,Successful,NORMAL,
TXN001700,2026-01-09,11:52:06,Friday,CUST0064,Ngozi Babatunde,1232261941,4967,Visa Debit,Fidelity Bank,ATM Withdrawal,49952.81,486767.82,436815.01,"ATM_LG_005 - Yaba, Lagos",Benin City,medium_spender,50000,150000,62939.43,Successful,NORMAL,
TXN002151,2026-01-09,13:02:31,Friday,CUST0079,Fatima Okonkwo,1782327517,9193,Mastercard Debit,Access Bank,POS Purchase,138147.79,321269.41,183121.62,"ATM_AB_001 - Wuse Zone 5, Abuja",Kano,high_spender,200000,500000,138147.79,Successful,NORMAL,
TXN002033,2026-01-09,14:31:46,Friday,CUST0075,Seun Nwosu,6803179670,4072,Visa Credit,GTBank,POS Purchase,6397.61,56023.16,49625.55,"ATM_LG_002 - Victoria Island, Lagos",Kano,low_spender,10000,50000,6397.61,Successful,NORMAL,
TXN000100,2026-01-09,14:58:30,Friday,CUST0004,Jide Lawal,9282010276,2329,Verve,UBA,ATM Mini Statement,32498.45,449863.75,449863.75,"ATM_LG_004 - Surulere, Lagos",Lagos,medium_spender,50000,150000,0,Successful,NORMAL,
TXN001637,2026-01-09,19:04:55,Friday,CUST0062,Jide Nwosu,7690627387,6253,Verve,Fidelity Bank,Online Transfer,9161.53,54571.82,54571.82,"ATM_LG_005 - Yaba, Lagos",Ibadan,low_spender,10000,50000,0,Successful,NORMAL,
TXN002034,2026-01-09,19:13:52,Friday,CUST0075,Seun Nwosu,6803179670,4072,Visa Credit,GTBank,Online Transfer,4022.08,79478.58,79478.58,"ATM_LG_002 - Victoria Island, Lagos",Kano,low_spender,10000,50000,6397.61,Successful,NORMAL,
TXN001476,2026-01-09,20:14:50,Friday,CUST0055,Fatima Okafor,4770704891,6439,Visa Debit,GTBank,Online Transfer,80794.86,1947177.3,1947177.3,"ATM_LG_003 - Lekki Phase 1, Lagos",Enugu,high_spender,200000,500000,0,Declined,NORMAL,
TXN000436,2026-01-09,20:38:33,Friday,CUST0014,Dayo Babatunde,7962797218,4925,Visa Credit,Access Bank,ATM Withdrawal,8254.55,93723.76,85469.21,"ATM_AB_002 - Garki Area 11, Abuja",Enugu,low_spender,10000,50000,8254.55,Successful,NORMAL,
TXN000710,2026-01-09,21:12:33,Friday,CUST0024,Ola Babatunde,4288813383,7897,Verve,Zenith Bank,POS Purchase,4240.24,260829.78,256589.54,"ATM_LG_004 - Surulere, Lagos",Enugu,medium_spender,50000,150000,4240.24,Successful,NORMAL,
TXN002035,2026-01-09,21:53:47,Friday,CUST0075,Seun Nwosu,6803179670,4072,Visa Credit,GTBank,ATM Withdrawal,1619.75,70467.01,68847.26,"ATM_AB_002 - Garki Area 11, Abuja",Kano,low_spender,10000,50000,8017.36,Reversed,NORMAL,
TXN000872,2026-01-09,22:17:06,Friday,CUST0032,Ola Suleiman,6422426142,7858,Verve,Zenith Bank,POS Purchase,8837.82,58377.89,49540.07,"ATM_LG_003 - Lekki Phase 1, Lagos",Kano,low_spender,10000,50000,8837.82,Successful,NORMAL,
TXN000597,2026-01-09,22:20:45,Friday,CUST0019,Tunde Eze,2754590960,5925,Verve,Zenith Bank,ATM Withdrawal,140255.83,319762.63,179506.8,"ATM_LG_005 - Yaba, Lagos",Abuja,high_spender,200000,500000,140255.83,Successful,NORMAL,
TXN001925,2026-01-09,22:51:50,Friday,CUST0072,Uche Lawal,3911628692,4429,Visa Debit,Access Bank,ATM Withdrawal,190123.78,997624.72,807500.94,"ATM_LG_004 - Surulere, Lagos",Enugu,high_spender,200000,500000,190123.78,Successful,NORMAL,
TXN000215,2026-01-09,23:22:03,Friday,CUST0008,Tobi Ibrahim,1205673434,2732,Mastercard Debit,First Bank,ATM Withdrawal,4181.58,29579.57,25397.99,"ATM_LG_004 - Surulere, Lagos",Ibadan,low_spender,10000,50000,4181.58,Successful,NORMAL,
TXN002152,2026-01-09,23:55:42,Friday,CUST0079,Fatima Okonkwo,1782327517,9193,Mastercard Debit,Access Bank,Online Transfer,67394.82,1538953.6,1538953.6,"ATM_LG_004 - Surulere, Lagos",Kano,high_spender,200000,500000,138147.79,Successful,NORMAL,
TXN001926,2026-01-10,00:51:54,Saturday,CUST0072,Uche Lawal,3911628692,4429,Visa Debit,Access Bank,ATM Withdrawal,245256.32,341689.77,96433.45,"ATM_LG_004 - Surulere, Lagos",Enugu,high_spender,200000,500000,245256.32,Successful,SUSPICIOUS,Transaction at 00:51 — outside normal banking hours (midnight–4am)
TXN002114,2026-01-10,01:21:16,Saturday,CUST0078,Uche Salami,0072246503,5411,Visa Credit,Access Bank,ATM Withdrawal,19935.21,143403.43,123468.22,"ATM_AB_003 - Maitama, Abuja",Port Harcourt,medium_spender,50000,150000,19935.21,Successful,NORMAL,
TXN000101,2026-01-10,02:23:51,Saturday,CUST0004,Jide Lawal,9282010276,2329,Verve,UBA,ATM Balance Enquiry,27768.27,269467.1,269467.1,"ATM_EN_001 - Independence Layout, Enugu",Lagos,medium_spender,50000,150000,0,Successful,NORMAL,
TXN000515,2026-01-10,02:41:25,Saturday,CUST0017,Chidi Bello,1122281086,3728,Mastercard Debit,Zenith Bank,ATM Mini Statement,28435.96,332867.98,332867.98,"ATM_LG_001 - Ikeja Branch, Lagos",Lagos,medium_spender,50000,150000,0,Successful,NORMAL,
TXN000636,2026-01-10,02:47:02,Saturday,CUST0020,Chibundo Adeyemi,6105295550,7171,Mastercard Debit,Fidelity Bank,ATM Withdrawal,40161.98,68549.6,28387.62,"ATM_LG_003 - Lekki Phase 1, Lagos",Lagos,medium_spender,50000,150000,40161.98,Successful,NORMAL,
TXN000004,2026-01-10,02:50:03,Saturday,CUST0001,Gbenga Musa,6639233214,7276,Visa Credit,GTBank,ATM Withdrawal,23733.45,22255.03,0,"ATM_LG_005 - Yaba, Lagos",Kaduna,low_spender,10000,50000,23733.45,Successful,SUSPICIOUS,Transaction at 02:50 — outside normal banking hours (midnight–4am)
TXN001620,2026-01-10,02:53:23,Saturday,CUST0061,Adebayo Nwosu,4601120311,2220,Verve,Stanbic IBTC,ATM Withdrawal,9675.59,66543.69,56868.1,"ATM_LG_002 - Victoria Island, Lagos",Enugu,low_spender,10000,50000,9675.59,Declined,NORMAL,
TXN000158,2026-01-10,03:36:03,Saturday,CUST0006,Kemi Obi,2961112422,7715,Visa Credit,Stanbic IBTC,ATM Withdrawal,42715.34,995669.42,952954.08,"ATM_LG_003 - Lekki Phase 1, Lagos",Port Harcourt,high_spender,200000,500000,42715.34,Declined,NORMAL,
TXN000476,2026-01-10,03:48:41,Saturday,CUST0016,Adebayo Musa,7063317244,6982,Mastercard Debit,Fidelity Bank,ATM Balance Enquiry,167500.45,1436705.64,1436705.64,"ATM_LG_005 - Yaba, Lagos",Enugu,high_spender,200000,500000,0,Reversed,NORMAL,
TXN000159,2026-01-10,06:25:59,Saturday,CUST0006,Kemi Obi,2961112422,7715,Visa Credit,Stanbic IBTC,Online Transfer,156848.3,1205094.93,1205094.93,"ATM_LG_003 - Lekki Phase 1, Lagos",Port Harcourt,high_spender,200000,500000,42715.34,Successful,NORMAL,
TXN001817,2026-01-10,06:57:49,Saturday,CUST0067,Taiwo Bello,4522759725,7104,Verve,GTBank,POS Purchase,7818.02,60183.49,52365.47,"ATM_LG_004 - Surulere, Lagos",Abuja,low_spender,10000,50000,7818.02,Successful,NORMAL,
TXN000637,2026-01-10,07:32:39,Saturday,CUST0020,Chibundo Adeyemi,6105295550,7171,Mastercard Debit,Fidelity Bank,POS Purchase,43256.38,294776.7,251520.32,"ATM_LG_003 - Lekki Phase 1, Lagos",Lagos,medium_spender,50000,150000,83418.36,Successful,NORMAL,
TXN001701,2026-01-10,07:34:05,Saturday,CUST0064,Ngozi Babatunde,1232261941,4967,Visa Debit,Fidelity Bank,POS Purchase,23187.91,138013.93,114826.02,"ATM_LG_005 - Yaba, Lagos",Benin City,medium_spender,50000,150000,23187.91,Reversed,NORMAL,
TXN001836,2026-01-10,08:16:18,Saturday,CUST0068,Gbenga Okonkwo,9274472394,1478,Visa Debit,Stanbic IBTC,ATM Withdrawal,4616.91,11000.4,6383.49,"ATM_LG_002 - Victoria Island, Lagos",Kaduna,low_spender,10000,50000,4616.91,Successful,NORMAL,
TXN000555,2026-01-10,10:18:08,Saturday,CUST0018,Jide Suleiman,6342127803,7174,Visa Credit,Fidelity Bank,Online Transfer,164840.43,405443.77,405443.77,ATM_KN_001 - Kano City Centre,Abuja,medium_spender,50000,150000,0,Successful,SUSPICIOUS,"Amount ₦164,840.43 is 3.3x above customer's typical maximum of ₦50,000"
TXN001739,2026-01-10,10:52:13,Saturday,CUST0065,Chidi Salami,7949487287,9802,Visa Debit,GTBank,POS Purchase,15829.14,212486.87,196657.73,"ATM_LG_001 - Ikeja Branch, Lagos",Abuja,medium_spender,50000,150000,15829.14,Successful,NORMAL,
TXN000556,2026-01-10,11:02:57,Saturday,CUST0018,Jide Suleiman,6342127803,7174,Visa Credit,Fidelity Bank,Online Transfer,28930.38,446839.09,446839.09,ATM_KN_001 - Kano City Centre,Abuja,medium_spender,50000,150000,0,Successful,NORMAL,
TXN001120,2026-01-10,11:09:19,Saturday,CUST0042,Kemi Okonkwo,5073717438,1620,Verve,UBA,ATM Balance Enquiry,18805.05,244968.04,244968.04,"ATM_LG_003 - Lekki Phase 1, Lagos",Kano,medium_spender,50000,150000,0,Successful,NORMAL,
TXN001968,2026-01-10,12:53:26,Saturday,CUST0073,Tobi Musa,2381163847,4263,Visa Credit,UBA,ATM Mini Statement,18719.21,416877.12,416877.12,"ATM_LG_002 - Victoria Island, Lagos",Enugu,medium_spender,50000,150000,0,Successful,NORMAL,
TXN000895,2026-01-10,13:55:18,Saturday,CUST0033,Ngozi Babatunde,1091476249,8935,Verve,UBA,Online Transfer,9791.43,89651.01,89651.01,"ATM_LG_002 - Victoria Island, Lagos",Ibadan,low_spender,10000,50000,0,Successful,NORMAL,
TXN000031,2026-01-10,14:25:12,Saturday,CUST0002,Efua Babatunde,9356327295,2359,Visa Credit,Zenith Bank,POS Purchase,25002.42,404218.75,379216.33,"ATM_LG_001 - Ikeja Branch, Lagos",Kaduna,medium_spender,50000,150000,25002.42,Successful,NORMAL,
TXN000598,2026-01-10,14:46:35,Saturday,CUST0019,Tunde Eze,2754590960,5925,Verve,Zenith Bank,ATM Withdrawal,78817.24,833380.53,754563.29,"ATM_AB_002 - Garki Area 11, Abuja",Abuja,high_spender,200000,500000,78817.24,Successful,NORMAL,
TXN000437,2026-01-10,15:36:16,Saturday,CUST0014,Dayo Babatunde,7962797218,4925,Visa Credit,Access Bank,POS Purchase,5711.81,75262.12,69550.31,"ATM_IB_001 - Ring Road, Ibadan",Enugu,low_spender,10000,50000,5711.81,Successful,NORMAL,
TXN000278,2026-01-10,15:44:58,Saturday,CUST0010,Efua Chukwu,6997365350,6821,Mastercard Debit,Stanbic IBTC,POS Purchase,71195.26,1944208.51,1873013.25,"ATM_LG_004 - Surulere, Lagos",Ibadan,high_spender,200000,500000,71195.26,Reversed,NORMAL,
TXN000477,2026-01-10,16:58:33,Saturday,CUST0016,Adebayo Musa,7063317244,6982,Mastercard Debit,Fidelity Bank,ATM Withdrawal,120081.1,1569010.11,1448929.01,"ATM_LG_005 - Yaba, Lagos",Enugu,high_spender,200000,500000,120081.1,Successful,NORMAL,
TXN000972,2026-01-10,19:08:27,Saturday,CUST0037,Rotimi Babatunde,8953520583,4419,Visa Credit,GTBank,ATM Balance Enquiry,42967.97,498510.89,498510.89,"ATM_LG_005 - Yaba, Lagos",Enugu,medium_spender,50000,150000,0,Successful,NORMAL,
TXN001997,2026-01-10,19:15:01,Saturday,CUST0074,Adebayo Okeke,7232677456,6745,Visa Credit,UBA,ATM Withdrawal,45369.57,143351.54,97981.97,"ATM_LG_004 - Surulere, Lagos",Lagos,medium_spender,50000,150000,45369.57,Successful,NORMAL,
TXN001062,2026-01-10,19:27:24,Saturday,CUST0040,Uche Bello,1352141056,6134,Verve,Zenith Bank,ATM Withdrawal,8797.25,68532.43,59735.18,"ATM_LG_002 - Victoria Island, Lagos",Kaduna,medium_spender,50000,150000,8797.25,Successful,NORMAL,
TXN000801,2026-01-10,20:20:16,Saturday,CUST0028,Amaka Babatunde,1576868455,2911,Mastercard Debit,Zenith Bank,ATM Withdrawal,9642.87,99552.53,89909.66,"ATM_LG_005 - Yaba, Lagos",Enugu,low_spender,10000,50000,9642.87,Successful,NORMAL,
TXN000102,2026-01-10,23:49:38,Saturday,CUST0004,Jide Lawal,9282010276,2329,Verve,UBA,ATM Mini Statement,22041.12,430145.45,430145.45,"ATM_LG_004 - Surulere, Lagos",Lagos,medium_spender,50000,150000,0,Successful,NORMAL,
TXN000936,2026-01-11,00:04:35,Sunday,CUST0035,Adebayo Okafor,0569106167,2747,Mastercard Debit,Zenith Bank,ATM Withdrawal,7450.52,62288.8,54838.28,"ATM_LG_001 - Ikeja Branch, Lagos",Port Harcourt,low_spender,10000,50000,7450.52,Successful,NORMAL,
TXN001102,2026-01-11,00:40:52,Sunday,CUST0041,Gbenga Musa,2240888423,7738,Visa Credit,Fidelity Bank,POS Purchase,4150.23,46622.44,42472.21,"ATM_LG_002 - Victoria Island, Lagos",Kaduna,low_spender,10000,50000,4150.23,Successful,NORMAL,
TXN001147,2026-01-11,00:55:53,Sunday,CUST0044,Uche Usman,2874900400,5082,Visa Credit,Stanbic IBTC,ATM Mini Statement,108830.02,324761.67,324761.67,"ATM_LG_003 - Lekki Phase 1, Lagos",Kano,medium_spender,50000,150000,0,Declined,SUSPICIOUS,Transaction at 00:55 — outside normal banking hours (midnight–4am)
TXN000638,2026-01-11,02:22:43,Sunday,CUST0020,Chibundo Adeyemi,6105295550,7171,Mastercard Debit,Fidelity Bank,Online Transfer,37133.26,187379.47,187379.47,"ATM_LG_003 - Lekki Phase 1, Lagos",Lagos,medium_spender,50000,150000,0,Successful,NORMAL,
TXN001420,2026-01-11,02:49:33,Sunday,CUST0053,Gbenga Okafor,0500303393,4495,Visa Credit,Zenith Bank,POS Purchase,9083.94,35168.53,26084.59,"ATM_LG_003 - Lekki Phase 1, Lagos",Enugu,low_spender,10000,50000,9083.94,Successful,NORMAL,
TXN001008,2026-01-11,05:21:09,Sunday,CUST0038,Zainab Adeleke,2884009952,3102,Verve,Stanbic IBTC,ATM Balance Enquiry,43287.17,11759.34,11759.34,"ATM_IB_001 - Ring Road, Ibadan",Enugu,low_spender,10000,50000,0,Successful,SUSPICIOUS,"Amount ₦43,287.17 is 4.3x above customer's typical maximum of ₦10,000"
TXN000841,2026-01-11,06:38:42,Sunday,CUST0031,Emeka Suleiman,9100912636,1290,Mastercard Debit,Fidelity Bank,POS Purchase,7220.24,126163.58,118943.34,"ATM_EN_001 - Independence Layout, Enugu",Abuja,medium_spender,50000,150000,7220.24,Successful,NORMAL,
TXN001063,2026-01-11,06:49:21,Sunday,CUST0040,Uche Bello,1352141056,6134,Verve,Zenith Bank,ATM Withdrawal,28964.64,162395.56,133430.92,"ATM_LG_002 - Victoria Island, Lagos",Kaduna,medium_spender,50000,150000,28964.64,Declined,NORMAL,
TXN000478,2026-01-11,07:41:30,Sunday,CUST0016,Adebayo Musa,7063317244,6982,Mastercard Debit,Fidelity Bank,Online Transfer,47681.26,166472.54,166472.54,"ATM_LG_004 - Surulere, Lagos",Enugu,high_spender,200000,500000,0,Successful,NORMAL,
TXN000947,2026-01-11,09:12:19,Sunday,CUST0036,Chibundo Obi,2442831915,1411,Visa Debit,First Bank,ATM Withdrawal,3529.57,29642.28,26112.71,"ATM_LG_004 - Surulere, Lagos",Ibadan,low_spender,10000,50000,3529.57,Successful,NORMAL,
TXN001702,2026-01-11,09:12:40,Sunday,CUST0064,Ngozi Babatunde,1232261941,4967,Visa Debit,Fidelity Bank,POS Purchase,17117.02,152175.34,135058.32,"ATM_AB_003 - Maitama, Abuja [HOME STATE: Benin City]",Benin City,medium_spender,50000,150000,17117.02,Declined,SUSPICIOUS,Card used at Kaduna ATM but customer is based in Benin City
TXN000136,2026-01-11,09:55:20,Sunday,CUST0005,Chibundo Eze,5286303748,7620,Visa Credit,Access Bank,ATM Withdrawal,2103.22,15057.02,12953.8,"ATM_LG_005 - Yaba, Lagos",Kano,low_spender,10000,50000,2103.22,Successful,NORMAL,
TXN000479,2026-01-11,10:23:08,Sunday,CUST0016,Adebayo Musa,7063317244,6982,Mastercard Debit,Fidelity Bank,ATM Mini Statement,76594.61,1220121.36,1220121.36,"ATM_LG_005 - Yaba, Lagos",Enugu,high_spender,200000,500000,0,Successful,NORMAL,
TXN001358,2026-01-11,10:35:50,Sunday,CUST0051,Aisha Suleiman,2787994879,8601,Visa Credit,GTBank,POS Purchase,23146.95,181266.31,158119.36,"ATM_LG_003 - Lekki Phase 1, Lagos",Abuja,medium_spender,50000,150000,23146.95,Successful,NORMAL,
TXN001596,2026-01-11,10:48:09,Sunday,CUST0060,Dayo Obi,7463734803,6570,Visa Debit,GTBank,Online Transfer,923.97,86200.44,86200.44,"ATM_LG_002 - Victoria Island, Lagos",Lagos,low_spender,10000,50000,0,Successful,NORMAL,
TXN000197,2026-01-11,11:37:23,Sunday,CUST0007,Ola Usman,1521840905,4544,Visa Credit,First Bank,ATM Mini Statement,8843.78,27842.88,27842.88,"ATM_LG_005 - Yaba, Lagos",Enugu,low_spender,10000,50000,0,Successful,NORMAL,
TXN000937,2026-01-11,13:08:41,Sunday,CUST0035,Adebayo Okafor,0569106167,2747,Mastercard Debit,Zenith Bank,Online Transfer,4991.45,5376.6,5376.6,"ATM_LG_001 - Ikeja Branch, Lagos",Port Harcourt,low_spender,10000,50000,7450.52,Successful,NORMAL,
TXN001621,2026-01-11,14:44:24,Sunday,CUST0061,Adebayo Nwosu,4601120311,2220,Verve,Stanbic IBTC,POS Purchase,2073.55,75041.31,72967.76,"ATM_LG_002 - Victoria Island, Lagos",Enugu,low_spender,10000,50000,2073.55,Successful,NORMAL,
TXN001703,2026-01-11,16:05:45,Sunday,CUST0064,Ngozi Babatunde,1232261941,4967,Visa Debit,Fidelity Bank,ATM Withdrawal,23731.3,169539.51,145808.21,"ATM_LG_005 - Yaba, Lagos",Benin City,medium_spender,50000,150000,40848.32,Successful,NORMAL,
TXN001359,2026-01-11,17:47:52,Sunday,CUST0051,Aisha Suleiman,2787994879,8601,Visa Credit,GTBank,Online Transfer,26464.75,68642.49,68642.49,"ATM_LG_003 - Lekki Phase 1, Lagos",Abuja,medium_spender,50000,150000,23146.95,Successful,NORMAL,
TXN001064,2026-01-11,22:28:02,Sunday,CUST0040,Uche Bello,1352141056,6134,Verve,Zenith Bank,ATM Withdrawal,43790.49,406448.0,362657.51,"ATM_LG_002 - Victoria Island, Lagos",Kaduna,medium_spender,50000,150000,72755.13,Successful,NORMAL,
TXN001884,2026-01-11,22:35:20,Sunday,CUST0071,Ngozi Usman,1234933970,6062,Verve,Stanbic IBTC,POS Purchase,6553.0,137423.45,130870.45,"ATM_LG_002 - Victoria Island, Lagos",Lagos,medium_spender,50000,150000,6553.0,Successful,NORMAL,
TXN000842,2026-01-11,22:53:52,Sunday,CUST0031,Emeka Suleiman,9100912636,1290,Mastercard Debit,Fidelity Bank,ATM Withdrawal,24062.22,300229.52,276167.3,"ATM_LG_001 - Ikeja Branch, Lagos",Abuja,medium_spender,50000,150000,31282.46,Successful,NORMAL,
TXN001023,2026-01-11,23:06:33,Sunday,CUST0039,Tunde Nwosu,8518405632,1659,Visa Credit,Zenith Bank,ATM Withdrawal,38373.59,376549.2,338175.61,"ATM_LG_003 - Lekki Phase 1, Lagos",Kaduna,medium_spender,50000,150000,38373.59,Successful,NORMAL,
TXN002115,2026-01-12,01:13:29,Monday,CUST0078,Uche Salami,0072246503,5411,Visa Credit,Access Bank,ATM Withdrawal,24638.78,487803.26,463164.48,"ATM_LG_005 - Yaba, Lagos",Port Harcourt,medium_spender,50000,150000,24638.78,Successful,NORMAL,
TXN000558,2026-01-12,01:20:22,Monday,CUST0018,Jide Suleiman,6342127803,7174,Visa Credit,Fidelity Bank,POS Purchase,65362.15,73180.62,7818.47,"ATM_LG_003 - Lekki Phase 1, Lagos",Abuja,medium_spender,50000,150000,65362.15,Declined,SUSPICIOUS,Transaction at 01:20 — outside normal banking hours (midnight–4am)
TXN000357,2026-01-12,05:03:52,Monday,CUST0012,Uche Adeleke,7889943014,2238,Verve,Zenith Bank,POS Purchase,154317.35,1408672.37,1254355.02,"ATM_LG_002 - Victoria Island, Lagos",Ibadan,high_spender,200000,500000,154317.35,Successful,NORMAL,
TXN000557,2026-01-12,06:59:49,Monday,CUST0018,Jide Suleiman,6342127803,7174,Visa Credit,Fidelity Bank,ATM Mini Statement,4467.73,240434.28,240434.28,"ATM_LG_002 - Victoria Island, Lagos",Abuja,medium_spender,50000,150000,0,Successful,NORMAL,
TXN000916,2026-01-12,07:33:05,Monday,CUST0034,Nkechi Babatunde,7423582839,6817,Visa Credit,Stanbic IBTC,ATM Withdrawal,5750.95,78572.29,72821.34,"ATM_LG_005 - Yaba, Lagos",Kano,low_spender,10000,50000,5750.95,Successful,NORMAL,
TXN001196,2026-01-12,07:36:20,Monday,CUST0046,Tunde Babatunde,9470820432,1291,Verve,Zenith Bank,POS Purchase,39278.6,1315609.37,1276330.77,"ATM_LG_004 - Surulere, Lagos",Kaduna,high_spender,200000,500000,39278.6,Successful,NORMAL,
TXN000398,2026-01-12,09:57:07,Monday,CUST0013,Zainab Musa,1662475227,7373,Verve,Zenith Bank,Online Transfer,11987.49,1146028.5,1146028.5,"ATM_LG_003 - Lekki Phase 1, Lagos",Port Harcourt,high_spender,200000,500000,0,Successful,NORMAL,
TXN000247,2026-01-12,10:24:42,Monday,CUST0009,Jide Adeyemi,1764184578,3085,Visa Credit,Fidelity Bank,ATM Balance Enquiry,15891.78,246325.31,246325.31,"ATM_PH_002 - Trans-Amadi, Port Harcourt",Kano,medium_spender,50000,150000,0,Successful,NORMAL,
TXN001065,2026-01-12,10:36:41,Monday,CUST0040,Uche Bello,1352141056,6134,Verve,Zenith Bank,ATM Withdrawal,5911.51,469087.86,463176.35,"ATM_LG_002 - Victoria Island, Lagos",Kaduna,medium_spender,50000,150000,5911.51,Successful,NORMAL,
TXN000061,2026-01-12,13:01:34,Monday,CUST0003,Nkechi Okonkwo,4806358178,4245,Mastercard Debit,GTBank,POS Purchase,114070.1,322497.23,208427.13,"ATM_LG_004 - Surulere, Lagos",Kano,high_spender,200000,500000,114070.1,Successful,NORMAL,
TXN000823,2026-01-12,15:16:48,Monday,CUST0030,Aisha Obi,7765839814,7526,Visa Credit,Fidelity Bank,POS Purchase,2927.27,83295.22,80367.95,"ATM_LG_003 - Lekki Phase 1, Lagos",Benin City,low_spender,10000,50000,2927.27,Reversed,NORMAL,
TXN001316,2026-01-12,15:35:22,Monday,CUST0050,Nkechi Eze,5802869654,3762,Mastercard Debit,First Bank,Online Transfer,45884.39,376742.37,376742.37,"ATM_LG_004 - Surulere, Lagos",Benin City,medium_spender,50000,150000,0,Successful,NORMAL,
TXN000438,2026-01-12,15:43:21,Monday,CUST0014,Dayo Babatunde,7962797218,4925,Visa Credit,Access Bank,POS Purchase,1243.78,66291.5,65047.72,"ATM_LG_001 - Ikeja Branch, Lagos",Enugu,low_spender,10000,50000,1243.78,Successful,NORMAL,
TXN001197,2026-01-12,15:44:58,Monday,CUST0046,Tunde Babatunde,9470820432,1291,Verve,Zenith Bank,POS Purchase,153327.78,922821.95,769494.17,"ATM_AB_002 - Garki Area 11, Abuja",Kaduna,high_spender,200000,500000,192606.38,Successful,NORMAL,
TXN001927,2026-01-12,16:34:32,Monday,CUST0072,Uche Lawal,3911628692,4429,Visa Debit,Access Bank,Online Transfer,63086.27,907202.14,907202.14,"ATM_LG_004 - Surulere, Lagos",Enugu,high_spender,200000,500000,0,Successful,NORMAL,
TXN000319,2026-01-12,16:42:21,Monday,CUST0011,Bola Afolabi,3656018830,9554,Visa Credit,GTBank,ATM Withdrawal,8735.24,151243.09,142507.85,"ATM_LG_004 - Surulere, Lagos",Ibadan,medium_spender,50000,150000,8735.24,Successful,NORMAL,
TXN000458,2026-01-12,18:08:50,Monday,CUST0015,Ola Adeleke,9840956422,1778,Mastercard Debit,UBA,ATM Withdrawal,4309.81,53677.39,49367.58,"ATM_LG_002 - Victoria Island, Lagos",Ibadan,low_spender,10000,50000,4309.81,Successful,NORMAL,
TXN001539,2026-01-12,19:23:28,Monday,CUST0057,Tunde Okafor,1565330284,7497,Mastercard Debit,First Bank,ATM Withdrawal,127962.28,1247924.83,1119962.55,"ATM_LG_004 - Surulere, Lagos",Ibadan,high_spender,200000,500000,127962.28,Successful,NORMAL,
TXN001969,2026-01-12,19:58:50,Monday,CUST0073,Tobi Musa,2381163847,4263,Visa Credit,UBA,POS Purchase,10274.42,195748.21,185473.79,"ATM_LG_002 - Victoria Island, Lagos",Enugu,medium_spender,50000,150000,10274.42,Successful,NORMAL,
TXN001998,2026-01-12,21:59:47,Monday,CUST0074,Adebayo Okeke,7232677456,6745,Visa Credit,UBA,ATM Withdrawal,7289.14,263597.5,256308.36,"ATM_LG_004 - Surulere, Lagos",Lagos,medium_spender,50000,150000,7289.14,Successful,NORMAL,
TXN001066,2026-01-12,23:55:18,Monday,CUST0040,Uche Bello,1352141056,6134,Verve,Zenith Bank,Online Transfer,35420.8,346065.44,346065.44,"ATM_LG_005 - Yaba, Lagos",Kaduna,medium_spender,50000,150000,5911.51,Successful,NORMAL,
TXN000320,2026-01-13,00:02:47,Tuesday,CUST0011,Bola Afolabi,3656018830,9554,Visa Credit,GTBank,POS Purchase,13245.73,300747.32,287501.59,"ATM_LG_004 - Surulere, Lagos",Ibadan,medium_spender,50000,150000,13245.73,Successful,NORMAL,
TXN002153,2026-01-13,00:21:05,Tuesday,CUST0079,Fatima Okonkwo,1782327517,9193,Mastercard Debit,Access Bank,Online Transfer,66408.13,980492.99,980492.99,"ATM_LG_004 - Surulere, Lagos",Kano,high_spender,200000,500000,0,Successful,NORMAL,
TXN000103,2026-01-13,00:57:23,Tuesday,CUST0004,Jide Lawal,9282010276,2329,Verve,UBA,ATM Withdrawal,32419.35,370401.63,337982.28,"ATM_PH_002 - Trans-Amadi, Port Harcourt",Lagos,medium_spender,50000,150000,32419.35,Successful,NORMAL,
TXN000104,2026-01-13,01:51:21,Tuesday,CUST0004,Jide Lawal,9282010276,2329,Verve,UBA,Online Transfer,16130.14,275138.01,275138.01,"ATM_LG_004 - Surulere, Lagos",Lagos,medium_spender,50000,150000,32419.35,Successful,NORMAL,
TXN001148,2026-01-13,02:17:25,Tuesday,CUST0044,Uche Usman,2874900400,5082,Visa Credit,Stanbic IBTC,ATM Balance Enquiry,6193.81,471076.43,471076.43,"ATM_LG_003 - Lekki Phase 1, Lagos",Kano,medium_spender,50000,150000,0,Successful,NORMAL,
TXN000639,2026-01-13,02:22:15,Tuesday,CUST0020,Chibundo Adeyemi,6105295550,7171,Mastercard Debit,Fidelity Bank,ATM Withdrawal,20318.84,387618.19,367299.35,"ATM_LG_003 - Lekki Phase 1, Lagos",Lagos,medium_spender,50000,150000,20318.84,Reversed,NORMAL,
TXN001999,2026-01-13,03:33:00,Tuesday,CUST0074,Adebayo Okeke,7232677456,6745,Visa Credit,UBA,Online Transfer,16428.97,262815.92,262815.92,"ATM_EN_001 - Independence Layout, Enugu",Lagos,medium_spender,50000,150000,0,Successful,NORMAL,
TXN001434,2026-01-13,03:40:26,Tuesday,CUST0054,Jide Chukwu,5340712903,7552,Verve,GTBank,ATM Withdrawal,90252.72,428055.28,337802.56,"ATM_IB_001 - Ring Road, Ibadan",Benin City,medium_spender,50000,150000,90252.72,Successful,SUSPICIOUS,Transaction at 03:40 — outside normal banking hours (midnight–4am)
TXN000062,2026-01-13,04:58:06,Tuesday,CUST0003,Nkechi Okonkwo,4806358178,4245,Mastercard Debit,GTBank,ATM Withdrawal,298092.67,931277.2,633184.53,"ATM_LG_004 - Surulere, Lagos",Kano,high_spender,200000,500000,298092.67,Successful,SUSPICIOUS,Transaction at 04:58 — outside normal banking hours (midnight–4am)
TXN000321,2026-01-13,05:57:03,Tuesday,CUST0011,Bola Afolabi,3656018830,9554,Visa Credit,GTBank,ATM Withdrawal,30492.24,425495.03,395002.79,"ATM_PH_002 - Trans-Amadi, Port Harcourt",Ibadan,medium_spender,50000,150000,43737.97,Successful,NORMAL,
TXN001317,2026-01-13,06:41:46,Tuesday,CUST0050,Nkechi Eze,5802869654,3762,Mastercard Debit,First Bank,Online Transfer,133351.68,497401.66,497401.66,"ATM_LG_004 - Surulere, Lagos",Benin City,medium_spender,50000,150000,0,Declined,SUSPICIOUS,"High-value transaction ₦133,351.68 flagged for velocity check"
TXN002036,2026-01-13,06:43:24,Tuesday,CUST0075,Seun Nwosu,6803179670,4072,Visa Credit,GTBank,ATM Withdrawal,7653.96,30162.64,22508.68,"ATM_LG_002 - Victoria Island, Lagos",Kano,low_spender,10000,50000,7653.96,Successful,NORMAL,
TXN002058,2026-01-13,06:48:45,Tuesday,CUST0076,Nneka Eze,5651997036,7616,Verve,GTBank,POS Purchase,4474.85,34317.12,29842.27,"ATM_LG_003 - Lekki Phase 1, Lagos",Ibadan,low_spender,10000,50000,4474.85,Successful,NORMAL,
TXN001121,2026-01-13,07:19:38,Tuesday,CUST0042,Kemi Okonkwo,5073717438,1620,Verve,UBA,ATM Withdrawal,18835.64,153416.42,134580.78,"ATM_LG_004 - Surulere, Lagos",Kano,medium_spender,50000,150000,18835.64,Declined,NORMAL,
TXN001067,2026-01-13,08:24:52,Tuesday,CUST0040,Uche Bello,1352141056,6134,Verve,Zenith Bank,Online Transfer,20123.89,305207.69,305207.69,"ATM_LG_002 - Victoria Island, Lagos",Kaduna,medium_spender,50000,150000,0,Successful,NORMAL,
TXN000358,2026-01-13,09:42:09,Tuesday,CUST0012,Uche Adeleke,7889943014,2238,Verve,Zenith Bank,POS Purchase,195928.34,1800951.31,1605022.97,"ATM_AB_003 - Maitama, Abuja",Ibadan,high_spender,200000,500000,195928.34,Successful,NORMAL,
TXN000399,2026-01-13,09:55:03,Tuesday,CUST0013,Zainab Musa,1662475227,7373,Verve,Zenith Bank,Online Transfer,110575.49,351412.52,351412.52,"ATM_LG_003 - Lekki Phase 1, Lagos",Port Harcourt,high_spender,200000,500000,0,Successful,NORMAL,
TXN000359,2026-01-13,10:13:45,Tuesday,CUST0012,Uche Adeleke,7889943014,2238,Verve,Zenith Bank,ATM Withdrawal,154371.16,1828264.63,1673893.47,"ATM_LG_002 - Victoria Island, Lagos",Ibadan,high_spender,200000,500000,350299.5,Reversed,NORMAL,
TXN001740,2026-01-13,11:30:07,Tuesday,CUST0065,Chidi Salami,7949487287,9802,Visa Debit,GTBank,Online Transfer,16270.65,216453.63,216453.63,"ATM_LG_001 - Ikeja Branch, Lagos",Abuja,medium_spender,50000,150000,0,Successful,NORMAL,
TXN000439,2026-01-13,12:47:52,Tuesday,CUST0014,Dayo Babatunde,7962797218,4925,Visa Credit,Access Bank,ATM Balance Enquiry,7489.08,41193.93,41193.93,"ATM_LG_001 - Ikeja Branch, Lagos",Enugu,low_spender,10000,50000,0,Successful,NORMAL,
TXN001741,2026-01-13,13:25:59,Tuesday,CUST0065,Chidi Salami,7949487287,9802,Visa Debit,GTBank,ATM Balance Enquiry,29632.65,426220.42,426220.42,"ATM_AB_001 - Wuse Zone 5, Abuja",Abuja,medium_spender,50000,150000,0,Declined,NORMAL,
TXN000711,2026-01-13,15:51:02,Tuesday,CUST0024,Ola Babatunde,4288813383,7897,Verve,Zenith Bank,Online Transfer,26138.74,281757.83,281757.83,"ATM_LG_004 - Surulere, Lagos",Enugu,medium_spender,50000,150000,0,Successful,NORMAL,
TXN000917,2026-01-13,16:13:34,Tuesday,CUST0034,Nkechi Babatunde,7423582839,6817,Visa Credit,Stanbic IBTC,POS Purchase,8232.32,76494.47,68262.15,"ATM_LG_005 - Yaba, Lagos",Kano,low_spender,10000,50000,8232.32,Successful,NORMAL,
TXN001516,2026-01-13,17:19:13,Tuesday,CUST0056,Chibundo Musa,5954546293,6058,Visa Credit,Access Bank,ATM Mini Statement,3035.81,76592.73,76592.73,"ATM_LG_002 - Victoria Island, Lagos",Abuja,low_spender,10000,50000,0,Successful,NORMAL,
TXN000948,2026-01-13,17:49:40,Tuesday,CUST0036,Chibundo Obi,2442831915,1411,Visa Debit,First Bank,POS Purchase,8786.05,43986.01,35199.96,"ATM_LG_004 - Surulere, Lagos",Ibadan,low_spender,10000,50000,8786.05,Successful,NORMAL,
TXN000459,2026-01-13,18:53:32,Tuesday,CUST0015,Ola Adeleke,9840956422,1778,Mastercard Debit,UBA,Online Transfer,4239.31,16869.27,16869.27,"ATM_PH_002 - Trans-Amadi, Port Harcourt",Ibadan,low_spender,10000,50000,0,Successful,NORMAL,
TXN000824,2026-01-13,18:57:48,Tuesday,CUST0030,Aisha Obi,7765839814,7526,Visa Credit,Fidelity Bank,ATM Withdrawal,3960.88,96258.98,92298.1,"ATM_LG_003 - Lekki Phase 1, Lagos",Benin City,low_spender,10000,50000,3960.88,Successful,NORMAL,
TXN000063,2026-01-13,20:12:25,Tuesday,CUST0003,Nkechi Okonkwo,4806358178,4245,Mastercard Debit,GTBank,POS Purchase,199580.77,1226348.93,1026768.16,"ATM_LG_004 - Surulere, Lagos",Kano,high_spender,200000,500000,497673.44,Successful,NORMAL,
TXN000938,2026-01-13,21:34:04,Tuesday,CUST0035,Adebayo Okafor,0569106167,2747,Mastercard Debit,Zenith Bank,ATM Withdrawal,3647.11,5782.66,2135.55,"ATM_LG_001 - Ikeja Branch, Lagos",Port Harcourt,low_spender,10000,50000,3647.11,Successful,NORMAL,
TXN000682,2026-01-13,22:30:22,Tuesday,CUST0022,Ola Okonkwo,2404296200,9240,Mastercard Debit,Zenith Bank,POS Purchase,2016.86,18710.53,16693.67,"ATM_AB_002 - Garki Area 11, Abuja",Kaduna,low_spender,10000,50000,2016.86,Successful,NORMAL,
TXN001238,2026-01-13,23:07:47,Tuesday,CUST0047,Musa Salami,6245202877,5548,Mastercard Debit,Zenith Bank,Online Transfer,24152.12,26804.93,26804.93,"ATM_LG_005 - Yaba, Lagos",Kano,medium_spender,50000,150000,0,Successful,NORMAL,
TXN001742,2026-01-14,00:28:27,Wednesday,CUST0065,Chidi Salami,7949487287,9802,Visa Debit,GTBank,ATM Withdrawal,5978.66,309269.14,303290.48,"ATM_PH_001 - GRA Phase 2, Port Harcourt",Abuja,medium_spender,50000,150000,5978.66,Successful,NORMAL,
TXN000279,2026-01-14,01:14:14,Wednesday,CUST0010,Efua Chukwu,6997365350,6821,Mastercard Debit,Stanbic IBTC,ATM Balance Enquiry,80826.88,1834554.71,1834554.71,ATM_KN_001 - Kano City Centre,Ibadan,high_spender,200000,500000,0,Successful,NORMAL,
TXN002076,2026-01-14,01:17:34,Wednesday,CUST0077,Chibundo Adeola,1374759620,2208,Verve,UBA,ATM Mini Statement,34616.71,273840.0,273840.0,"ATM_LG_004 - Surulere, Lagos",Ibadan,medium_spender,50000,150000,0,Successful,NORMAL,
TXN000776,2026-01-14,01:34:13,Wednesday,CUST0026,Chidi Bello,2562484370,1445,Visa Credit,Access Bank,ATM Withdrawal,3104.85,54414.68,51309.83,"ATM_LG_003 - Lekki Phase 1, Lagos",Enugu,low_spender,10000,50000,3104.85,Successful,NORMAL,
TXN000005,2026-01-14,01:34:22,Wednesday,CUST0001,Gbenga Musa,6639233214,7276,Visa Credit,GTBank,Online Transfer,9557.24,5302.25,5302.25,"ATM_LG_005 - Yaba, Lagos",Kaduna,low_spender,10000,50000,0,Successful,NORMAL,
TXN001778,2026-01-14,03:34:51,Wednesday,CUST0066,Ola Afolabi,2938289640,5620,Visa Debit,Access Bank,ATM Withdrawal,47766.93,457220.29,409453.36,"ATM_LG_005 - Yaba, Lagos",Port Harcourt,medium_spender,50000,150000,47766.93,Successful,NORMAL,
TXN001435,2026-01-14,05:02:24,Wednesday,CUST0054,Jide Chukwu,5340712903,7552,Verve,GTBank,POS Purchase,28778.48,335017.73,306239.25,"ATM_LG_003 - Lekki Phase 1, Lagos",Benin City,medium_spender,50000,150000,28778.48,Successful,NORMAL,
TXN001198,2026-01-14,05:04:43,Wednesday,CUST0046,Tunde Babatunde,9470820432,1291,Verve,Zenith Bank,POS Purchase,618017.13,1960856.79,1342839.66,"ATM_LG_003 - Lekki Phase 1, Lagos",Kaduna,high_spender,200000,500000,618017.13,Declined,SUSPICIOUS,"High-value transaction ₦618,017.13 flagged for velocity check"
TXN001669,2026-01-14,07:18:23,Wednesday,CUST0063,Amaka Musa,0330885397,2813,Visa Debit,Access Bank,ATM Balance Enquiry,28211.46,73268.54,73268.54,"ATM_LG_004 - Surulere, Lagos",Kano,medium_spender,50000,150000,0,Declined,NORMAL,
TXN000137,2026-01-14,08:45:58,Wednesday,CUST0005,Chibundo Eze,5286303748,7620,Visa Credit,Access Bank,POS Purchase,6144.62,40756.64,34612.02,"ATM_LG_005 - Yaba, Lagos",Kano,low_spender,10000,50000,6144.62,Successful,NORMAL,
TXN001360,2026-01-14,09:47:26,Wednesday,CUST0051,Aisha Suleiman,2787994879,8601,Visa Credit,GTBank,Online Transfer,17915.47,48538.21,48538.21,"ATM_LG_003 - Lekki Phase 1, Lagos",Abuja,medium_spender,50000,150000,0,Successful,NORMAL,
TXN000480,2026-01-14,10:00:37,Wednesday,CUST0016,Adebayo Musa,7063317244,6982,Mastercard Debit,Fidelity Bank,POS Purchase,124185.41,1414697.2,1290511.79,"ATM_LG_005 - Yaba, Lagos",Enugu,high_spender,200000,500000,124185.41,Successful,NORMAL,
TXN000785,2026-01-14,10:02:11,Wednesday,CUST0027,Nkechi Adeyemi,6382100233,6628,Visa Debit,First Bank,ATM Withdrawal,16938.97,468386.79,451447.82,"ATM_LG_004 - Surulere, Lagos",Abuja,medium_spender,50000,150000,16938.97,Successful,NORMAL,
TXN001585,2026-01-14,10:06:20,Wednesday,CUST0059,Yemi Salami,0346191820,4159,Mastercard Debit,GTBank,Online Transfer,1026.54,47260.32,47260.32,"ATM_LG_005 - Yaba, Lagos",Kaduna,low_spender,10000,50000,0,Successful,NORMAL,
TXN002077,2026-01-14,11:28:05,Wednesday,CUST0077,Chibundo Adeola,1374759620,2208,Verve,UBA,ATM Withdrawal,27120.48,160935.92,133815.44,"ATM_AB_001 - Wuse Zone 5, Abuja",Ibadan,medium_spender,50000,150000,27120.48,Successful,NORMAL,
TXN001318,2026-01-14,13:18:03,Wednesday,CUST0050,Nkechi Eze,5802869654,3762,Mastercard Debit,First Bank,ATM Withdrawal,19090.92,491225.59,472134.67,"ATM_LG_001 - Ikeja Branch, Lagos",Benin City,medium_spender,50000,150000,19090.92,Declined,NORMAL,
TXN001103,2026-01-14,14:50:49,Wednesday,CUST0041,Gbenga Musa,2240888423,7738,Visa Credit,Fidelity Bank,ATM Withdrawal,3186.49,6831.86,3645.37,"ATM_AB_002 - Garki Area 11, Abuja",Kaduna,low_spender,10000,50000,3186.49,Successful,NORMAL,
TXN001319,2026-01-14,16:34:50,Wednesday,CUST0050,Nkechi Eze,5802869654,3762,Mastercard Debit,First Bank,ATM Balance Enquiry,34202.82,147202.17,147202.17,"ATM_LG_004 - Surulere, Lagos",Benin City,medium_spender,50000,150000,19090.92,Successful,NORMAL,
TXN000400,2026-01-14,17:04:24,Wednesday,CUST0013,Zainab Musa,1662475227,7373,Verve,Zenith Bank,ATM Withdrawal,99488.57,1492586.19,1393097.62,"ATM_LG_003 - Lekki Phase 1, Lagos",Port Harcourt,high_spender,200000,500000,99488.57,Successful,NORMAL,
TXN001239,2026-01-14,20:01:19,Wednesday,CUST0047,Musa Salami,6245202877,5548,Mastercard Debit,Zenith Bank,ATM Withdrawal,2025.83,36859.72,34833.89,"ATM_LG_004 - Surulere, Lagos",Kano,medium_spender,50000,150000,2025.83,Successful,NORMAL,
TXN001104,2026-01-14,21:47:07,Wednesday,CUST0041,Gbenga Musa,2240888423,7738,Visa Credit,Fidelity Bank,ATM Mini Statement,2127.72,59293.16,59293.16,"ATM_LG_001 - Ikeja Branch, Lagos",Kaduna,low_spender,10000,50000,3186.49,Successful,NORMAL,
TXN000440,2026-01-14,21:58:05,Wednesday,CUST0014,Dayo Babatunde,7962797218,4925,Visa Credit,Access Bank,POS Purchase,4988.09,47546.43,42558.34,"ATM_IB_001 - Ring Road, Ibadan [HOME STATE: Enugu]",Enugu,low_spender,10000,50000,4988.09,Successful,SUSPICIOUS,Card used at Benin City ATM but customer is based in Enugu
TXN001068,2026-01-14,22:06:12,Wednesday,CUST0040,Uche Bello,1352141056,6134,Verve,Zenith Bank,ATM Withdrawal,39773.15,171937.1,132163.95,"ATM_LG_002 - Victoria Island, Lagos",Kaduna,medium_spender,50000,150000,39773.15,Declined,NORMAL,
TXN001436,2026-01-14,23:48:09,Wednesday,CUST0054,Jide Chukwu,5340712903,7552,Verve,GTBank,ATM Withdrawal,23079.18,383644.62,360565.44,"ATM_LG_003 - Lekki Phase 1, Lagos",Benin City,medium_spender,50000,150000,51857.66,Successful,NORMAL,
TXN000160,2026-01-15,02:48:15,Thursday,CUST0006,Kemi Obi,2961112422,7715,Visa Credit,Stanbic IBTC,ATM Withdrawal,145691.14,1676128.9,1530437.76,"ATM_LG_003 - Lekki Phase 1, Lagos",Port Harcourt,high_spender,200000,500000,145691.14,Successful,NORMAL,
TXN001199,2026-01-15,04:37:44,Thursday,CUST0046,Tunde Babatunde,9470820432,1291,Verve,Zenith Bank,POS Purchase,499143.86,462673.33,0,"ATM_PH_001 - GRA Phase 2, Port Harcourt",Kaduna,high_spender,200000,500000,499143.86,Successful,SUSPICIOUS,Transaction at 04:37 — outside normal banking hours (midnight–4am)
TXN001437,2026-01-15,06:35:14,Thursday,CUST0054,Jide Chukwu,5340712903,7552,Verve,GTBank,ATM Withdrawal,16317.83,424002.3,407684.47,"ATM_IB_001 - Ring Road, Ibadan",Benin City,medium_spender,50000,150000,16317.83,Successful,NORMAL,
TXN002037,2026-01-15,06:44:07,Thursday,CUST0075,Seun Nwosu,6803179670,4072,Visa Credit,GTBank,ATM Withdrawal,7611.42,38852.82,31241.4,"ATM_LG_002 - Victoria Island, Lagos",Kano,low_spender,10000,50000,7611.42,Successful,NORMAL,
TXN000064,2026-01-15,07:03:30,Thursday,CUST0003,Nkechi Okonkwo,4806358178,4245,Mastercard Debit,GTBank,Online Transfer,72069.17,1338253.81,1338253.81,"ATM_LG_004 - Surulere, Lagos",Kano,high_spender,200000,500000,0,Successful,NORMAL,
TXN000777,2026-01-15,07:07:33,Thursday,CUST0026,Chidi Bello,2562484370,1445,Visa Credit,Access Bank,POS Purchase,7658.51,43540.26,35881.75,"ATM_LG_003 - Lekki Phase 1, Lagos",Enugu,low_spender,10000,50000,7658.51,Successful,NORMAL,
TXN001928,2026-01-15,08:47:12,Thursday,CUST0072,Uche Lawal,3911628692,4429,Visa Debit,Access Bank,ATM Withdrawal,103765.89,1655843.04,1552077.15,"ATM_PH_001 - GRA Phase 2, Port Harcourt",Enugu,high_spender,200000,500000,103765.89,Successful,NORMAL,
TXN001818,2026-01-15,10:12:02,Thursday,CUST0067,Taiwo Bello,4522759725,7104,Verve,GTBank,ATM Withdrawal,1277.25,86174.87,84897.62,"ATM_LG_004 - Surulere, Lagos",Abuja,low_spender,10000,50000,1277.25,Successful,NORMAL,
TXN000065,2026-01-15,10:50:24,Thursday,CUST0003,Nkechi Okonkwo,4806358178,4245,Mastercard Debit,GTBank,ATM Withdrawal,37567.09,1768134.35,1730567.26,"ATM_LG_004 - Surulere, Lagos",Kano,high_spender,200000,500000,37567.09,Declined,NORMAL,
TXN001149,2026-01-15,11:54:17,Thursday,CUST0044,Uche Usman,2874900400,5082,Visa Credit,Stanbic IBTC,POS Purchase,34763.22,192178.85,157415.63,"ATM_LG_003 - Lekki Phase 1, Lagos",Kano,medium_spender,50000,150000,34763.22,Successful,NORMAL,
TXN000401,2026-01-15,12:13:53,Thursday,CUST0013,Zainab Musa,1662475227,7373,Verve,Zenith Bank,ATM Withdrawal,110620.49,295255.34,184634.85,"ATM_LG_003 - Lekki Phase 1, Lagos",Port Harcourt,high_spender,200000,500000,110620.49,Successful,NORMAL,
TXN000712,2026-01-15,12:39:46,Thursday,CUST0024,Ola Babatunde,4288813383,7897,Verve,Zenith Bank,ATM Withdrawal,20449.68,413468.04,393018.36,"ATM_LG_004 - Surulere, Lagos",Enugu,medium_spender,50000,150000,20449.68,Declined,NORMAL,
TXN000747,2026-01-15,13:02:55,Thursday,CUST0025,Amaka Adeyemi,3100605304,4032,Verve,GTBank,ATM Withdrawal,3088.63,45806.7,42718.07,"ATM_LG_001 - Ikeja Branch, Lagos",Enugu,low_spender,10000,50000,3088.63,Successful,NORMAL,
TXN000559,2026-01-15,13:57:14,Thursday,CUST0018,Jide Suleiman,6342127803,7174,Visa Credit,Fidelity Bank,POS Purchase,2444.26,134626.39,132182.13,"ATM_LG_005 - Yaba, Lagos",Abuja,medium_spender,50000,150000,2444.26,Successful,NORMAL,
TXN000843,2026-01-15,15:20:24,Thursday,CUST0031,Emeka Suleiman,9100912636,1290,Mastercard Debit,Fidelity Bank,Online Transfer,23270.86,326067.22,326067.22,ATM_KN_001 - Kano City Centre,Abuja,medium_spender,50000,150000,0,Successful,NORMAL,
TXN001885,2026-01-15,16:26:23,Thursday,CUST0071,Ngozi Usman,1234933970,6062,Verve,Stanbic IBTC,ATM Withdrawal,45443.88,442634.88,397191.0,"ATM_LG_002 - Victoria Island, Lagos",Lagos,medium_spender,50000,150000,45443.88,Successful,NORMAL,
TXN000939,2026-01-15,17:59:50,Thursday,CUST0035,Adebayo Okafor,0569106167,2747,Mastercard Debit,Zenith Bank,ATM Withdrawal,8337.22,24722.82,16385.6,"ATM_LG_001 - Ikeja Branch, Lagos",Port Harcourt,low_spender,10000,50000,8337.22,Successful,NORMAL,
TXN001024,2026-01-15,18:01:55,Thursday,CUST0039,Tunde Nwosu,8518405632,1659,Visa Credit,Zenith Bank,Online Transfer,13057.76,410754.4,410754.4,"ATM_LG_003 - Lekki Phase 1, Lagos",Kaduna,medium_spender,50000,150000,0,Successful,NORMAL,
TXN000949,2026-01-15,18:32:29,Thursday,CUST0036,Chibundo Obi,2442831915,1411,Visa Debit,First Bank,ATM Balance Enquiry,4536.49,63817.51,63817.51,"ATM_LG_004 - Surulere, Lagos",Ibadan,low_spender,10000,50000,0,Successful,NORMAL,
TXN000161,2026-01-15,18:35:55,Thursday,CUST0006,Kemi Obi,2961112422,7715,Visa Credit,Stanbic IBTC,ATM Withdrawal,1477951.57,576282.42,0,"ATM_LG_003 - Lekki Phase 1, Lagos",Port Harcourt,high_spender,200000,500000,1623642.71,Declined,SUSPICIOUS,"Amount ₦1,477,951.57 is 7.4x above customer's typical maximum of ₦200,000"
TXN001638,2026-01-15,18:43:17,Thursday,CUST0062,Jide Nwosu,7690627387,6253,Verve,Fidelity Bank,ATM Withdrawal,2465.73,12506.5,10040.77,"ATM_LG_004 - Surulere, Lagos",Ibadan,low_spender,10000,50000,2465.73,Successful,NORMAL,
TXN001970,2026-01-15,18:51:32,Thursday,CUST0073,Tobi Musa,2381163847,4263,Visa Credit,UBA,ATM Withdrawal,2572.93,465700.78,463127.85,"ATM_LG_002 - Victoria Island, Lagos",Enugu,medium_spender,50000,150000,2572.93,Declined,NORMAL,
TXN002116,2026-01-15,19:17:37,Thursday,CUST0078,Uche Salami,0072246503,5411,Visa Credit,Access Bank,Online Transfer,168478.79,325717.97,325717.97,"ATM_LG_005 - Yaba, Lagos",Port Harcourt,medium_spender,50000,150000,0,Successful,SUSPICIOUS,"High-value transaction ₦168,478.79 flagged for velocity check"
TXN000950,2026-01-15,19:41:48,Thursday,CUST0036,Chibundo Obi,2442831915,1411,Visa Debit,First Bank,POS Purchase,6738.48,56885.09,50146.61,"ATM_LG_003 - Lekki Phase 1, Lagos",Ibadan,low_spender,10000,50000,6738.48,Successful,NORMAL,
TXN002078,2026-01-15,19:49:12,Thursday,CUST0077,Chibundo Adeola,1374759620,2208,Verve,UBA,ATM Withdrawal,32044.18,459076.62,427032.44,"ATM_LG_004 - Surulere, Lagos",Ibadan,medium_spender,50000,150000,32044.18,Successful,NORMAL,
TXN000481,2026-01-15,19:58:44,Thursday,CUST0016,Adebayo Musa,7063317244,6982,Mastercard Debit,Fidelity Bank,ATM Withdrawal,42092.26,1386657.69,1344565.43,"ATM_LG_005 - Yaba, Lagos",Enugu,high_spender,200000,500000,42092.26,Successful,NORMAL,
TXN000560,2026-01-15,20:30:39,Thursday,CUST0018,Jide Suleiman,6342127803,7174,Visa Credit,Fidelity Bank,POS Purchase,45500.31,477480.58,431980.27,"ATM_LG_002 - Victoria Island, Lagos",Abuja,medium_spender,50000,150000,47944.57,Successful,NORMAL,
TXN001240,2026-01-15,21:40:20,Thursday,CUST0047,Musa Salami,6245202877,5548,Mastercard Debit,Zenith Bank,ATM Withdrawal,24738.31,499904.43,475166.12,"ATM_LG_005 - Yaba, Lagos",Kano,medium_spender,50000,150000,24738.31,Declined,NORMAL,
TXN001971,2026-01-15,21:57:47,Thursday,CUST0073,Tobi Musa,2381163847,4263,Visa Credit,UBA,Online Transfer,2051.98,59537.82,59537.82,"ATM_LG_002 - Victoria Island, Lagos",Enugu,medium_spender,50000,150000,2572.93,Declined,NORMAL,
TXN001586,2026-01-16,00:12:55,Friday,CUST0059,Yemi Salami,0346191820,4159,Mastercard Debit,GTBank,ATM Balance Enquiry,19954.3,7968.81,7968.81,"ATM_LG_005 - Yaba, Lagos",Kaduna,low_spender,10000,50000,0,Successful,SUSPICIOUS,Transaction at 00:12 — outside normal banking hours (midnight–4am)
TXN001517,2026-01-16,00:15:52,Friday,CUST0056,Chibundo Musa,5954546293,6058,Visa Credit,Access Bank,ATM Withdrawal,2772.75,65027.16,62254.41,"ATM_LG_002 - Victoria Island, Lagos",Abuja,low_spender,10000,50000,2772.75,Successful,NORMAL,
TXN000138,2026-01-16,02:39:32,Friday,CUST0005,Chibundo Eze,5286303748,7620,Visa Credit,Access Bank,POS Purchase,7303.64,78851.95,71548.31,"ATM_LG_005 - Yaba, Lagos",Kano,low_spender,10000,50000,7303.64,Successful,NORMAL,
TXN001186,2026-01-16,03:18:35,Friday,CUST0045,Tunde Babatunde,9520595836,5324,Visa Credit,Fidelity Bank,POS Purchase,9256.82,24522.16,15265.34,"ATM_LG_003 - Lekki Phase 1, Lagos",Kaduna,low_spender,10000,50000,9256.82,Reversed,NORMAL,
TXN000032,2026-01-16,03:37:42,Friday,CUST0002,Efua Babatunde,9356327295,2359,Visa Credit,Zenith Bank,Online Transfer,11997.91,176109.19,176109.19,"ATM_LG_002 - Victoria Island, Lagos",Kaduna,medium_spender,50000,150000,0,Successful,NORMAL,
TXN001361,2026-01-16,05:55:19,Friday,CUST0051,Aisha Suleiman,2787994879,8601,Visa Credit,GTBank,ATM Withdrawal,16795.54,432756.68,415961.14,"ATM_LG_003 - Lekki Phase 1, Lagos",Abuja,medium_spender,50000,150000,16795.54,Successful,NORMAL,
TXN000640,2026-01-16,06:31:32,Friday,CUST0020,Chibundo Adeyemi,6105295550,7171,Mastercard Debit,Fidelity Bank,ATM Balance Enquiry,9151.76,311432.12,311432.12,"ATM_PH_001 - GRA Phase 2, Port Harcourt",Lagos,medium_spender,50000,150000,0,Successful,NORMAL,
TXN000699,2026-01-16,08:48:18,Friday,CUST0023,Zainab Okeke,7915823973,2645,Mastercard Debit,First Bank,ATM Withdrawal,9072.66,91953.34,82880.68,"ATM_LG_002 - Victoria Island, Lagos",Port Harcourt,low_spender,10000,50000,9072.66,Successful,NORMAL,
TXN000162,2026-01-16,09:04:30,Friday,CUST0006,Kemi Obi,2961112422,7715,Visa Credit,Stanbic IBTC,ATM Withdrawal,16516.49,117288.74,100772.25,"ATM_LG_003 - Lekki Phase 1, Lagos",Port Harcourt,high_spender,200000,500000,16516.49,Reversed,NORMAL,
TXN002194,2026-01-16,09:17:45,Friday,CUST0080,Ola Okonkwo,3342204457,4255,Visa Debit,UBA,ATM Balance Enquiry,35304.65,85289.34,85289.34,"ATM_LG_001 - Ikeja Branch, Lagos",Benin City,medium_spender,50000,150000,0,Declined,NORMAL,
TXN001622,2026-01-16,12:34:36,Friday,CUST0061,Adebayo Nwosu,4601120311,2220,Verve,Stanbic IBTC,ATM Withdrawal,5386.13,56687.74,51301.61,"ATM_LG_005 - Yaba, Lagos",Enugu,low_spender,10000,50000,5386.13,Successful,NORMAL,
TXN000248,2026-01-16,13:32:10,Friday,CUST0009,Jide Adeyemi,1764184578,3085,Visa Credit,Fidelity Bank,POS Purchase,47793.28,162979.68,115186.4,"ATM_AB_001 - Wuse Zone 5, Abuja",Kano,medium_spender,50000,150000,47793.28,Successful,NORMAL,
TXN001573,2026-01-16,15:09:39,Friday,CUST0058,Chisom Eze,2290020457,3375,Verve,GTBank,ATM Withdrawal,2626.09,91069.45,88443.36,"ATM_LG_002 - Victoria Island, Lagos",Enugu,low_spender,10000,50000,2626.09,Reversed,NORMAL,
TXN001623,2026-01-16,16:42:04,Friday,CUST0061,Adebayo Nwosu,4601120311,2220,Verve,Stanbic IBTC,ATM Balance Enquiry,3681.61,92775.45,92775.45,"ATM_LG_002 - Victoria Island, Lagos",Enugu,low_spender,10000,50000,5386.13,Successful,NORMAL,
TXN002195,2026-01-16,17:50:48,Friday,CUST0080,Ola Okonkwo,3342204457,4255,Visa Debit,UBA,POS Purchase,49783.74,289323.36,239539.62,"ATM_LG_001 - Ikeja Branch, Lagos",Benin City,medium_spender,50000,150000,49783.74,Successful,NORMAL,
TXN000873,2026-01-16,18:03:16,Friday,CUST0032,Ola Suleiman,6422426142,7858,Verve,Zenith Bank,ATM Mini Statement,8012.64,15554.83,15554.83,"ATM_LG_003 - Lekki Phase 1, Lagos",Kano,low_spender,10000,50000,0,Successful,NORMAL,
TXN000066,2026-01-16,18:52:22,Friday,CUST0003,Nkechi Okonkwo,4806358178,4245,Mastercard Debit,GTBank,ATM Withdrawal,70748.68,880708.55,809959.87,ATM_KN_001 - Kano City Centre,Kano,high_spender,200000,500000,70748.68,Successful,NORMAL,
TXN000713,2026-01-16,18:58:05,Friday,CUST0024,Ola Babatunde,4288813383,7897,Verve,Zenith Bank,Online Transfer,27462.6,493064.19,493064.19,"ATM_LG_004 - Surulere, Lagos",Enugu,medium_spender,50000,150000,0,Successful,NORMAL,
TXN000896,2026-01-16,19:36:35,Friday,CUST0033,Ngozi Babatunde,1091476249,8935,Verve,UBA,ATM Balance Enquiry,9930.97,95262.19,95262.19,"ATM_LG_002 - Victoria Island, Lagos",Ibadan,low_spender,10000,50000,0,Successful,NORMAL,
TXN001303,2026-01-16,19:45:57,Friday,CUST0049,Musa Adeleke,3362363512,1975,Visa Credit,GTBank,ATM Withdrawal,3950.79,95496.66,91545.87,"ATM_LG_004 - Surulere, Lagos",Ibadan,low_spender,10000,50000,3950.79,Successful,NORMAL,
TXN001704,2026-01-16,20:03:21,Friday,CUST0064,Ngozi Babatunde,1232261941,4967,Visa Debit,Fidelity Bank,POS Purchase,297991.44,367169.05,69177.61,"ATM_LG_005 - Yaba, Lagos",Benin City,medium_spender,50000,150000,297991.44,Declined,SUSPICIOUS,"Amount ₦297,991.44 is 6.0x above customer's typical maximum of ₦50,000"
TXN000940,2026-01-16,21:32:04,Friday,CUST0035,Adebayo Okafor,0569106167,2747,Mastercard Debit,Zenith Bank,ATM Withdrawal,1456.32,67313.6,65857.28,"ATM_LG_001 - Ikeja Branch, Lagos",Port Harcourt,low_spender,10000,50000,1456.32,Declined,NORMAL,
TXN000441,2026-01-16,22:02:14,Friday,CUST0014,Dayo Babatunde,7962797218,4925,Visa Credit,Access Bank,ATM Withdrawal,1370.22,62158.57,60788.35,"ATM_LG_001 - Ikeja Branch, Lagos",Enugu,low_spender,10000,50000,1370.22,Successful,NORMAL,
TXN001886,2026-01-16,22:25:47,Friday,CUST0071,Ngozi Usman,1234933970,6062,Verve,Stanbic IBTC,ATM Withdrawal,20261.1,346895.47,326634.37,"ATM_LG_002 - Victoria Island, Lagos",Lagos,medium_spender,50000,150000,20261.1,Successful,NORMAL,
TXN001069,2026-01-16,23:31:10,Friday,CUST0040,Uche Bello,1352141056,6134,Verve,Zenith Bank,ATM Withdrawal,7230.36,454265.6,447035.24,"ATM_LG_002 - Victoria Island, Lagos",Kaduna,medium_spender,50000,150000,7230.36,Declined,NORMAL,
TXN001779,2026-01-17,00:37:09,Saturday,CUST0066,Ola Afolabi,2938289640,5620,Visa Debit,Access Bank,ATM Withdrawal,30180.19,434924.3,404744.11,"ATM_AB_003 - Maitama, Abuja",Port Harcourt,medium_spender,50000,150000,30180.19,Successful,NORMAL,
TXN000482,2026-01-17,01:29:31,Saturday,CUST0016,Adebayo Musa,7063317244,6982,Mastercard Debit,Fidelity Bank,ATM Withdrawal,49712.96,1846193.56,1796480.6,"ATM_LG_005 - Yaba, Lagos",Enugu,high_spender,200000,500000,49712.96,Successful,NORMAL,
TXN002079,2026-01-17,02:10:49,Saturday,CUST0077,Chibundo Adeola,1374759620,2208,Verve,UBA,ATM Withdrawal,8590.77,435816.9,427226.13,"ATM_LG_004 - Surulere, Lagos",Ibadan,medium_spender,50000,150000,8590.77,Successful,NORMAL,
TXN001705,2026-01-17,02:47:29,Saturday,CUST0064,Ngozi Babatunde,1232261941,4967,Visa Debit,Fidelity Bank,POS Purchase,21316.32,188408.77,167092.45,"ATM_LG_005 - Yaba, Lagos",Benin City,medium_spender,50000,150000,21316.32,Successful,NORMAL,
TXN000951,2026-01-17,03:39:26,Saturday,CUST0036,Chibundo Obi,2442831915,1411,Visa Debit,First Bank,POS Purchase,7053.04,96964.05,89911.01,"ATM_LG_004 - Surulere, Lagos",Ibadan,low_spender,10000,50000,7053.04,Successful,NORMAL,
TXN001241,2026-01-17,04:35:24,Saturday,CUST0047,Musa Salami,6245202877,5548,Mastercard Debit,Zenith Bank,ATM Withdrawal,111147.27,160749.63,49602.36,"ATM_LG_005 - Yaba, Lagos",Kano,medium_spender,50000,150000,111147.27,Declined,SUSPICIOUS,Transaction at 04:35 — outside normal banking hours (midnight–4am)
TXN000249,2026-01-17,04:36:27,Saturday,CUST0009,Jide Adeyemi,1764184578,3085,Visa Credit,Fidelity Bank,POS Purchase,37084.4,424613.93,387529.53,"ATM_LG_003 - Lekki Phase 1, Lagos",Kano,medium_spender,50000,150000,37084.4,Successful,NORMAL,
TXN001639,2026-01-17,04:38:10,Saturday,CUST0062,Jide Nwosu,7690627387,6253,Verve,Fidelity Bank,Online Transfer,3185.43,20026.66,20026.66,"ATM_PH_002 - Trans-Amadi, Port Harcourt",Ibadan,low_spender,10000,50000,0,Successful,NORMAL,
TXN001477,2026-01-17,04:41:00,Saturday,CUST0055,Fatima Okafor,4770704891,6439,Visa Debit,GTBank,POS Purchase,87867.51,1043170.3,955302.79,"ATM_LG_003 - Lekki Phase 1, Lagos",Enugu,high_spender,200000,500000,87867.51,Successful,NORMAL,
TXN002196,2026-01-17,04:55:04,Saturday,CUST0080,Ola Okonkwo,3342204457,4255,Visa Debit,UBA,ATM Mini Statement,48256.83,237042.24,237042.24,"ATM_LG_001 - Ikeja Branch, Lagos",Benin City,medium_spender,50000,150000,0,Successful,NORMAL,
TXN000714,2026-01-17,07:02:21,Saturday,CUST0024,Ola Babatunde,4288813383,7897,Verve,Zenith Bank,ATM Mini Statement,14727.29,71558.83,71558.83,"ATM_LG_004 - Surulere, Lagos",Enugu,medium_spender,50000,150000,0,Successful,NORMAL,
TXN001819,2026-01-17,07:33:13,Saturday,CUST0067,Taiwo Bello,4522759725,7104,Verve,GTBank,ATM Withdrawal,5727.48,22629.37,16901.89,"ATM_LG_004 - Surulere, Lagos",Abuja,low_spender,10000,50000,5727.48,Successful,NORMAL,
TXN000006,2026-01-17,10:00:00,Saturday,CUST0001,Gbenga Musa,6639233214,7276,Visa Credit,GTBank,ATM Withdrawal,4594.66,78919.68,74325.02,"ATM_LG_005 - Yaba, Lagos",Kaduna,low_spender,10000,50000,4594.66,Successful,NORMAL,
TXN000516,2026-01-17,10:19:34,Saturday,CUST0017,Chidi Bello,1122281086,3728,Mastercard Debit,Zenith Bank,ATM Withdrawal,232808.99,71829.51,0,"ATM_LG_003 - Lekki Phase 1, Lagos",Lagos,medium_spender,50000,150000,232808.99,Declined,SUSPICIOUS,"Amount ₦232,808.99 is 4.7x above customer's typical maximum of ₦50,000"
TXN000442,2026-01-17,10:32:33,Saturday,CUST0014,Dayo Babatunde,7962797218,4925,Visa Credit,Access Bank,ATM Withdrawal,8409.36,23183.02,14773.66,"ATM_LG_001 - Ikeja Branch, Lagos",Enugu,low_spender,10000,50000,8409.36,Successful,NORMAL,
TXN001857,2026-01-17,11:11:13,Saturday,CUST0070,Uche Adeola,6486987091,8454,Verve,Zenith Bank,ATM Mini Statement,49463.98,269354.58,269354.58,"ATM_PH_002 - Trans-Amadi, Port Harcourt",Abuja,medium_spender,50000,150000,0,Successful,NORMAL,
TXN001438,2026-01-17,11:56:20,Saturday,CUST0054,Jide Chukwu,5340712903,7552,Verve,GTBank,POS Purchase,27845.43,27359.11,0,"ATM_AB_003 - Maitama, Abuja",Benin City,medium_spender,50000,150000,27845.43,Successful,NORMAL,
TXN000216,2026-01-17,12:15:13,Saturday,CUST0008,Tobi Ibrahim,1205673434,2732,Mastercard Debit,First Bank,POS Purchase,9705.34,21145.01,11439.67,"ATM_LG_004 - Surulere, Lagos",Ibadan,low_spender,10000,50000,9705.34,Successful,NORMAL,
TXN001540,2026-01-17,12:39:08,Saturday,CUST0057,Tunde Okafor,1565330284,7497,Mastercard Debit,First Bank,POS Purchase,514838.4,916118.95,401280.55,"ATM_LG_004 - Surulere, Lagos",Ibadan,high_spender,200000,500000,514838.4,Declined,SUSPICIOUS,"High-value transaction ₦514,838.40 flagged for velocity check"
TXN001780,2026-01-17,13:04:34,Saturday,CUST0066,Ola Afolabi,2938289640,5620,Visa Debit,Access Bank,Online Transfer,21545.93,159150.24,159150.24,"ATM_LG_005 - Yaba, Lagos",Port Harcourt,medium_spender,50000,150000,30180.19,Successful,NORMAL,
TXN000561,2026-01-17,17:26:50,Saturday,CUST0018,Jide Suleiman,6342127803,7174,Visa Credit,Fidelity Bank,POS Purchase,13357.24,93715.31,80358.07,"ATM_LG_002 - Victoria Island, Lagos",Abuja,medium_spender,50000,150000,13357.24,Successful,NORMAL,
TXN000402,2026-01-17,17:48:30,Saturday,CUST0013,Zainab Musa,1662475227,7373,Verve,Zenith Bank,POS Purchase,55846.45,1802931.05,1747084.6,"ATM_LG_003 - Lekki Phase 1, Lagos",Port Harcourt,high_spender,200000,500000,55846.45,Successful,NORMAL,
TXN000641,2026-01-17,18:11:16,Saturday,CUST0020,Chibundo Adeyemi,6105295550,7171,Mastercard Debit,Fidelity Bank,POS Purchase,13607.31,494861.26,481253.95,"ATM_LG_004 - Surulere, Lagos",Lagos,medium_spender,50000,150000,13607.31,Successful,NORMAL,
TXN002059,2026-01-17,20:03:16,Saturday,CUST0076,Nneka Eze,5651997036,7616,Verve,GTBank,Online Transfer,1768.32,25325.55,25325.55,"ATM_LG_003 - Lekki Phase 1, Lagos",Ibadan,low_spender,10000,50000,0,Successful,NORMAL,
TXN000033,2026-01-17,21:03:50,Saturday,CUST0002,Efua Babatunde,9356327295,2359,Visa Credit,Zenith Bank,ATM Withdrawal,38854.53,51155.0,12300.47,"ATM_LG_001 - Ikeja Branch, Lagos",Kaduna,medium_spender,50000,150000,38854.53,Successful,NORMAL,
TXN001887,2026-01-17,22:27:43,Saturday,CUST0071,Ngozi Usman,1234933970,6062,Verve,Stanbic IBTC,ATM Balance Enquiry,254200.91,267141.88,267141.88,"ATM_LG_002 - Victoria Island, Lagos",Lagos,medium_spender,50000,150000,0,Declined,SUSPICIOUS,"Amount ₦254,200.91 is 5.1x above customer's typical maximum of ₦50,000"
TXN000844,2026-01-17,22:46:13,Saturday,CUST0031,Emeka Suleiman,9100912636,1290,Mastercard Debit,Fidelity Bank,ATM Balance Enquiry,33954.2,116399.15,116399.15,"ATM_LG_001 - Ikeja Branch, Lagos",Abuja,medium_spender,50000,150000,0,Successful,NORMAL,
TXN000067,2026-01-17,22:47:42,Saturday,CUST0003,Nkechi Okonkwo,4806358178,4245,Mastercard Debit,GTBank,Online Transfer,930864.48,135470.84,135470.84,"ATM_LG_004 - Surulere, Lagos",Kano,high_spender,200000,500000,0,Successful,SUSPICIOUS,"Amount ₦930,864.48 is 4.7x above customer's typical maximum of ₦200,000"
TXN000897,2026-01-17,22:51:23,Saturday,CUST0033,Ngozi Babatunde,1091476249,8935,Verve,UBA,ATM Withdrawal,5690.04,30874.68,25184.64,"ATM_LG_002 - Victoria Island, Lagos",Ibadan,low_spender,10000,50000,5690.04,Successful,NORMAL,
TXN002000,2026-01-17,23:42:57,Saturday,CUST0074,Adebayo Okeke,7232677456,6745,Visa Credit,UBA,ATM Withdrawal,19635.62,211748.15,192112.53,"ATM_LG_004 - Surulere, Lagos",Lagos,medium_spender,50000,150000,19635.62,Successful,NORMAL,
TXN002060,2026-01-18,01:32:43,Sunday,CUST0076,Nneka Eze,5651997036,7616,Verve,GTBank,Online Transfer,2660.09,10879.11,10879.11,"ATM_IB_001 - Ring Road, Ibadan",Ibadan,low_spender,10000,50000,0,Successful,NORMAL,
TXN001439,2026-01-18,02:17:34,Sunday,CUST0054,Jide Chukwu,5340712903,7552,Verve,GTBank,POS Purchase,59323.98,396163.78,336839.8,"ATM_LG_003 - Lekki Phase 1, Lagos",Benin City,medium_spender,50000,150000,59323.98,Declined,SUSPICIOUS,Transaction at 02:17 — outside normal banking hours (midnight–4am)
TXN001541,2026-01-18,04:00:16,Sunday,CUST0057,Tunde Okafor,1565330284,7497,Mastercard Debit,First Bank,ATM Withdrawal,191395.45,297282.56,105887.11,"ATM_LG_004 - Surulere, Lagos",Ibadan,high_spender,200000,500000,191395.45,Successful,NORMAL,
TXN001781,2026-01-18,04:36:39,Sunday,CUST0066,Ola Afolabi,2938289640,5620,Visa Debit,Access Bank,POS Purchase,36165.07,296828.78,260663.71,"ATM_LG_005 - Yaba, Lagos",Port Harcourt,medium_spender,50000,150000,36165.07,Successful,NORMAL,
TXN000715,2026-01-18,05:34:02,Sunday,CUST0024,Ola Babatunde,4288813383,7897,Verve,Zenith Bank,Online Transfer,37916.66,310029.18,310029.18,"ATM_LG_004 - Surulere, Lagos",Enugu,medium_spender,50000,150000,0,Successful,NORMAL,
TXN000874,2026-01-18,06:47:00,Sunday,CUST0032,Ola Suleiman,6422426142,7858,Verve,Zenith Bank,POS Purchase,4892.23,30948.39,26056.16,"ATM_LG_003 - Lekki Phase 1, Lagos",Kano,low_spender,10000,50000,4892.23,Successful,NORMAL,
TXN002080,2026-01-18,08:08:37,Sunday,CUST0077,Chibundo Adeola,1374759620,2208,Verve,UBA,POS Purchase,38427.48,339641.28,301213.8,"ATM_LG_004 - Surulere, Lagos",Ibadan,medium_spender,50000,150000,38427.48,Successful,NORMAL,
TXN001150,2026-01-18,08:45:30,Sunday,CUST0044,Uche Usman,2874900400,5082,Visa Credit,Stanbic IBTC,ATM Withdrawal,34701.09,315314.86,280613.77,"ATM_LG_003 - Lekki Phase 1, Lagos",Kano,medium_spender,50000,150000,34701.09,Successful,NORMAL,
TXN000217,2026-01-18,08:57:33,Sunday,CUST0008,Tobi Ibrahim,1205673434,2732,Mastercard Debit,First Bank,POS Purchase,9643.23,25772.59,16129.36,"ATM_LG_004 - Surulere, Lagos",Ibadan,low_spender,10000,50000,9643.23,Successful,NORMAL,
TXN000599,2026-01-18,09:22:59,Sunday,CUST0019,Tunde Eze,2754590960,5925,Verve,Zenith Bank,POS Purchase,48183.47,1861626.15,1813442.68,"ATM_LG_005 - Yaba, Lagos",Abuja,high_spender,200000,500000,48183.47,Successful,NORMAL,
TXN000716,2026-01-18,09:27:37,Sunday,CUST0024,Ola Babatunde,4288813383,7897,Verve,Zenith Bank,Online Transfer,40156.74,33414.93,33414.93,"ATM_LG_004 - Surulere, Lagos",Enugu,medium_spender,50000,150000,0,Successful,NORMAL,
TXN001782,2026-01-18,09:28:54,Sunday,CUST0066,Ola Afolabi,2938289640,5620,Visa Debit,Access Bank,ATM Withdrawal,26346.17,175040.95,148694.78,"ATM_LG_005 - Yaba, Lagos",Port Harcourt,medium_spender,50000,150000,62511.24,Successful,NORMAL,
TXN001187,2026-01-18,10:38:50,Sunday,CUST0045,Tunde Babatunde,9520595836,5324,Visa Credit,Fidelity Bank,POS Purchase,1986.5,19164.81,17178.31,"ATM_LG_003 - Lekki Phase 1, Lagos",Kaduna,low_spender,10000,50000,1986.5,Successful,NORMAL,
TXN001070,2026-01-18,11:06:04,Sunday,CUST0040,Uche Bello,1352141056,6134,Verve,Zenith Bank,Online Transfer,15952.65,315703.87,315703.87,"ATM_LG_002 - Victoria Island, Lagos",Kaduna,medium_spender,50000,150000,0,Successful,NORMAL,
TXN000034,2026-01-18,11:40:38,Sunday,CUST0002,Efua Babatunde,9356327295,2359,Visa Credit,Zenith Bank,POS Purchase,10802.93,255523.72,244720.79,"ATM_LG_001 - Ikeja Branch, Lagos",Kaduna,medium_spender,50000,150000,10802.93,Declined,NORMAL,
TXN000007,2026-01-18,11:43:06,Sunday,CUST0001,Gbenga Musa,6639233214,7276,Visa Credit,GTBank,ATM Withdrawal,8488.23,15169.55,6681.32,"ATM_LG_005 - Yaba, Lagos",Kaduna,low_spender,10000,50000,8488.23,Declined,NORMAL,
TXN000600,2026-01-18,12:25:43,Sunday,CUST0019,Tunde Eze,2754590960,5925,Verve,Zenith Bank,ATM Withdrawal,61807.74,745033.22,683225.48,"ATM_LG_004 - Surulere, Lagos",Abuja,high_spender,200000,500000,109991.21,Successful,NORMAL,
TXN001783,2026-01-18,13:11:43,Sunday,CUST0066,Ola Afolabi,2938289640,5620,Visa Debit,Access Bank,ATM Balance Enquiry,33806.42,99710.5,99710.5,"ATM_LG_005 - Yaba, Lagos",Port Harcourt,medium_spender,50000,150000,62511.24,Successful,NORMAL,
TXN000717,2026-01-18,13:37:30,Sunday,CUST0024,Ola Babatunde,4288813383,7897,Verve,Zenith Bank,ATM Mini Statement,35693.4,371951.4,371951.4,"ATM_LG_004 - Surulere, Lagos",Enugu,medium_spender,50000,150000,0,Successful,NORMAL,
TXN000163,2026-01-18,14:23:46,Sunday,CUST0006,Kemi Obi,2961112422,7715,Visa Credit,Stanbic IBTC,POS Purchase,192178.25,230435.37,38257.12,"ATM_LG_003 - Lekki Phase 1, Lagos",Port Harcourt,high_spender,200000,500000,192178.25,Successful,NORMAL,
TXN000601,2026-01-18,14:29:50,Sunday,CUST0019,Tunde Eze,2754590960,5925,Verve,Zenith Bank,POS Purchase,125563.88,483119.68,357555.8,"ATM_LG_004 - Surulere, Lagos",Abuja,high_spender,200000,500000,235555.09,Successful,NORMAL,
TXN001242,2026-01-18,15:09:01,Sunday,CUST0047,Musa Salami,6245202877,5548,Mastercard Debit,Zenith Bank,POS Purchase,32322.12,433240.21,400918.09,"ATM_LG_005 - Yaba, Lagos",Kano,medium_spender,50000,150000,32322.12,Successful,NORMAL,
TXN001071,2026-01-18,17:46:07,Sunday,CUST0040,Uche Bello,1352141056,6134,Verve,Zenith Bank,POS Purchase,48136.42,471078.81,422942.39,"ATM_LG_004 - Surulere, Lagos",Kaduna,medium_spender,50000,150000,48136.42,Successful,NORMAL,
TXN000139,2026-01-18,17:49:18,Sunday,CUST0005,Chibundo Eze,5286303748,7620,Visa Credit,Access Bank,ATM Withdrawal,6606.79,44725.01,38118.22,"ATM_LG_005 - Yaba, Lagos",Kano,low_spender,10000,50000,6606.79,Successful,NORMAL,
TXN002197,2026-01-18,18:58:53,Sunday,CUST0080,Ola Okonkwo,3342204457,4255,Visa Debit,UBA,ATM Withdrawal,25883.91,410961.16,385077.25,"ATM_LG_001 - Ikeja Branch, Lagos",Benin City,medium_spender,50000,150000,25883.91,Declined,NORMAL,
TXN001151,2026-01-18,20:06:34,Sunday,CUST0044,Uche Usman,2874900400,5082,Visa Credit,Stanbic IBTC,POS Purchase,43572.8,249265.29,205692.49,"ATM_AB_002 - Garki Area 11, Abuja",Kano,medium_spender,50000,150000,78273.89,Successful,NORMAL,
TXN000105,2026-01-18,22:27:35,Sunday,CUST0004,Jide Lawal,9282010276,2329,Verve,UBA,ATM Withdrawal,44053.69,39714.9,0,"ATM_IB_001 - Ring Road, Ibadan",Lagos,medium_spender,50000,150000,44053.69,Successful,NORMAL,
TXN001848,2026-01-18,22:30:55,Sunday,CUST0069,Sola Ogundipe,9848126899,3976,Visa Debit,First Bank,ATM Balance Enquiry,5701.17,76243.55,76243.55,"ATM_LG_005 - Yaba, Lagos",Abuja,low_spender,10000,50000,0,Successful,NORMAL,
TXN001597,2026-01-19,00:12:23,Monday,CUST0060,Dayo Obi,7463734803,6570,Visa Debit,GTBank,POS Purchase,3448.17,85577.12,82128.95,"ATM_LG_002 - Victoria Island, Lagos",Lagos,low_spender,10000,50000,3448.17,Successful,NORMAL,
TXN000322,2026-01-19,00:27:25,Monday,CUST0011,Bola Afolabi,3656018830,9554,Visa Credit,GTBank,Online Transfer,27200.71,135489.73,135489.73,"ATM_AB_002 - Garki Area 11, Abuja",Ibadan,medium_spender,50000,150000,0,Successful,NORMAL,
TXN001395,2026-01-19,01:17:55,Monday,CUST0052,Sola Okafor,7066503218,8039,Mastercard Debit,GTBank,POS Purchase,4855.89,76943.84,72087.95,"ATM_AB_003 - Maitama, Abuja",Port Harcourt,low_spender,10000,50000,4855.89,Successful,NORMAL,
TXN002117,2026-01-19,02:17:21,Monday,CUST0078,Uche Salami,0072246503,5411,Visa Credit,Access Bank,ATM Withdrawal,119460.96,147444.98,27984.02,"ATM_LG_005 - Yaba, Lagos",Port Harcourt,medium_spender,50000,150000,119460.96,Successful,SUSPICIOUS,Transaction at 02:17 — outside normal banking hours (midnight–4am)
TXN001243,2026-01-19,03:40:03,Monday,CUST0047,Musa Salami,6245202877,5548,Mastercard Debit,Zenith Bank,POS Purchase,2779.92,38147.13,35367.21,"ATM_PH_002 - Trans-Amadi, Port Harcourt",Kano,medium_spender,50000,150000,2779.92,Successful,NORMAL,
TXN000250,2026-01-19,05:04:11,Monday,CUST0009,Jide Adeyemi,1764184578,3085,Visa Credit,Fidelity Bank,ATM Withdrawal,11535.69,493077.8,481542.11,"ATM_LG_003 - Lekki Phase 1, Lagos",Kano,medium_spender,50000,150000,11535.69,Reversed,NORMAL,
TXN002001,2026-01-19,05:46:02,Monday,CUST0074,Adebayo Okeke,7232677456,6745,Visa Credit,UBA,POS Purchase,42741.0,101959.54,59218.54,"ATM_LG_004 - Surulere, Lagos",Lagos,medium_spender,50000,150000,42741.0,Declined,NORMAL,
TXN001929,2026-01-19,05:57:58,Monday,CUST0072,Uche Lawal,3911628692,4429,Visa Debit,Access Bank,ATM Balance Enquiry,31382.69,1138891.59,1138891.59,"ATM_LG_004 - Surulere, Lagos",Enugu,high_spender,200000,500000,0,Successful,NORMAL,
TXN000517,2026-01-19,07:28:02,Monday,CUST0017,Chidi Bello,1122281086,3728,Mastercard Debit,Zenith Bank,POS Purchase,29084.49,393313.68,364229.19,"ATM_LG_003 - Lekki Phase 1, Lagos",Lagos,medium_spender,50000,150000,29084.49,Successful,NORMAL,
TXN000642,2026-01-19,07:38:58,Monday,CUST0020,Chibundo Adeyemi,6105295550,7171,Mastercard Debit,Fidelity Bank,ATM Withdrawal,12286.04,324522.96,312236.92,"ATM_LG_003 - Lekki Phase 1, Lagos",Lagos,medium_spender,50000,150000,12286.04,Successful,NORMAL,
TXN002198,2026-01-19,08:01:13,Monday,CUST0080,Ola Okonkwo,3342204457,4255,Visa Debit,UBA,Online Transfer,159590.3,298928.99,298928.99,"ATM_LG_001 - Ikeja Branch, Lagos",Benin City,medium_spender,50000,150000,0,Successful,SUSPICIOUS,"Amount ₦159,590.30 is 3.2x above customer's typical maximum of ₦50,000"
TXN001820,2026-01-19,08:03:56,Monday,CUST0067,Taiwo Bello,4522759725,7104,Verve,GTBank,ATM Balance Enquiry,2542.87,16879.93,16879.93,"ATM_LG_004 - Surulere, Lagos",Abuja,low_spender,10000,50000,0,Declined,NORMAL,
TXN000973,2026-01-19,09:26:26,Monday,CUST0037,Rotimi Babatunde,8953520583,4419,Visa Credit,GTBank,POS Purchase,3316.11,141050.91,137734.8,"ATM_LG_005 - Yaba, Lagos",Enugu,medium_spender,50000,150000,3316.11,Successful,NORMAL,
TXN001273,2026-01-19,09:51:19,Monday,CUST0048,Yemi Lawal,0868927381,7500,Mastercard Debit,Fidelity Bank,POS Purchase,44458.74,403241.04,358782.3,"ATM_LG_002 - Victoria Island, Lagos",Abuja,medium_spender,50000,150000,44458.74,Successful,NORMAL,
TXN002002,2026-01-19,09:52:17,Monday,CUST0074,Adebayo Okeke,7232677456,6745,Visa Credit,UBA,ATM Withdrawal,32238.06,59500.04,27261.98,"ATM_LG_004 - Surulere, Lagos",Lagos,medium_spender,50000,150000,74979.06,Declined,NORMAL,
TXN000403,2026-01-19,10:45:18,Monday,CUST0013,Zainab Musa,1662475227,7373,Verve,Zenith Bank,Online Transfer,24225.3,612328.51,612328.51,"ATM_LG_003 - Lekki Phase 1, Lagos",Port Harcourt,high_spender,200000,500000,0,Successful,NORMAL,
TXN000941,2026-01-19,11:45:20,Monday,CUST0035,Adebayo Okafor,0569106167,2747,Mastercard Debit,Zenith Bank,ATM Balance Enquiry,21983.89,74662.92,74662.92,"ATM_LG_003 - Lekki Phase 1, Lagos",Port Harcourt,low_spender,10000,50000,0,Successful,SUSPICIOUS,"High-value transaction ₦21,983.89 flagged for velocity check"
TXN000360,2026-01-19,12:00:55,Monday,CUST0012,Uche Adeleke,7889943014,2238,Verve,Zenith Bank,ATM Balance Enquiry,61385.87,1260839.9,1260839.9,"ATM_LG_002 - Victoria Island, Lagos",Ibadan,high_spender,200000,500000,0,Successful,NORMAL,
TXN000845,2026-01-19,12:29:46,Monday,CUST0031,Emeka Suleiman,9100912636,1290,Mastercard Debit,Fidelity Bank,ATM Withdrawal,44502.37,313567.95,269065.58,"ATM_LG_001 - Ikeja Branch, Lagos",Abuja,medium_spender,50000,150000,44502.37,Successful,NORMAL,
TXN001670,2026-01-19,14:38:40,Monday,CUST0063,Amaka Musa,0330885397,2813,Visa Debit,Access Bank,ATM Withdrawal,24825.17,331987.87,307162.7,"ATM_LG_004 - Surulere, Lagos",Kano,medium_spender,50000,150000,24825.17,Successful,NORMAL,
TXN000035,2026-01-19,14:50:07,Monday,CUST0002,Efua Babatunde,9356327295,2359,Visa Credit,Zenith Bank,ATM Withdrawal,22724.51,96668.33,73943.82,"ATM_LG_001 - Ikeja Branch, Lagos",Kaduna,medium_spender,50000,150000,22724.51,Successful,NORMAL,
TXN000323,2026-01-19,19:17:34,Monday,CUST0011,Bola Afolabi,3656018830,9554,Visa Credit,GTBank,POS Purchase,49000.31,273160.8,224160.49,"ATM_LG_004 - Surulere, Lagos",Ibadan,medium_spender,50000,150000,49000.31,Declined,NORMAL,
TXN002003,2026-01-19,20:59:01,Monday,CUST0074,Adebayo Okeke,7232677456,6745,Visa Credit,UBA,ATM Withdrawal,48761.49,307733.61,258972.12,"ATM_LG_004 - Surulere, Lagos",Lagos,medium_spender,50000,150000,123740.55,Successful,NORMAL,
TXN001421,2026-01-19,21:01:26,Monday,CUST0053,Gbenga Okafor,0500303393,4495,Visa Credit,Zenith Bank,ATM Withdrawal,7961.7,54670.16,46708.46,"ATM_LG_003 - Lekki Phase 1, Lagos",Enugu,low_spender,10000,50000,7961.7,Successful,NORMAL,
TXN001320,2026-01-19,22:43:06,Monday,CUST0050,Nkechi Eze,5802869654,3762,Mastercard Debit,First Bank,Online Transfer,20576.92,183830.62,183830.62,"ATM_LG_005 - Yaba, Lagos",Benin City,medium_spender,50000,150000,0,Successful,NORMAL,
TXN002081,2026-01-19,22:54:04,Monday,CUST0077,Chibundo Adeola,1374759620,2208,Verve,UBA,Online Transfer,382732.77,236263.58,236263.58,"ATM_LG_004 - Surulere, Lagos",Ibadan,medium_spender,50000,150000,0,Successful,SUSPICIOUS,"Amount ₦382,732.77 is 7.7x above customer's typical maximum of ₦50,000"
TXN001396,2026-01-19,23:06:36,Monday,CUST0052,Sola Okafor,7066503218,8039,Mastercard Debit,GTBank,ATM Balance Enquiry,7506.47,19293.53,19293.53,"ATM_LG_003 - Lekki Phase 1, Lagos",Port Harcourt,low_spender,10000,50000,4855.89,Successful,NORMAL,
TXN001122,2026-01-20,02:53:44,Tuesday,CUST0042,Kemi Okonkwo,5073717438,1620,Verve,UBA,ATM Withdrawal,38177.75,275462.35,237284.6,"ATM_LG_003 - Lekki Phase 1, Lagos",Kano,medium_spender,50000,150000,38177.75,Successful,NORMAL,
TXN001671,2026-01-20,03:23:37,Tuesday,CUST0063,Amaka Musa,0330885397,2813,Visa Debit,Access Bank,POS Purchase,46936.15,329891.46,282955.31,ATM_KN_001 - Kano City Centre,Kano,medium_spender,50000,150000,46936.15,Successful,NORMAL,
TXN001640,2026-01-20,04:22:07,Tuesday,CUST0062,Jide Nwosu,7690627387,6253,Verve,Fidelity Bank,Online Transfer,5166.2,7384.76,7384.76,"ATM_LG_005 - Yaba, Lagos",Ibadan,low_spender,10000,50000,0,Successful,NORMAL,
TXN000361,2026-01-20,04:25:01,Tuesday,CUST0012,Uche Adeleke,7889943014,2238,Verve,Zenith Bank,ATM Withdrawal,492131.67,1140592.56,648460.89,"ATM_LG_002 - Victoria Island, Lagos",Ibadan,high_spender,200000,500000,492131.67,Successful,SUSPICIOUS,Transaction at 04:25 — outside normal banking hours (midnight–4am)
TXN000483,2026-01-20,07:03:14,Tuesday,CUST0016,Adebayo Musa,7063317244,6982,Mastercard Debit,Fidelity Bank,ATM Withdrawal,116686.93,235405.01,118718.08,"ATM_AB_001 - Wuse Zone 5, Abuja",Enugu,high_spender,200000,500000,116686.93,Successful,NORMAL,
TXN001478,2026-01-20,09:07:31,Tuesday,CUST0055,Fatima Okafor,4770704891,6439,Visa Debit,GTBank,ATM Withdrawal,74996.6,1174660.79,1099664.19,"ATM_LG_003 - Lekki Phase 1, Lagos",Enugu,high_spender,200000,500000,74996.6,Declined,NORMAL,
TXN000786,2026-01-20,09:37:28,Tuesday,CUST0027,Nkechi Adeyemi,6382100233,6628,Visa Debit,First Bank,ATM Balance Enquiry,37460.16,341162.21,341162.21,"ATM_LG_004 - Surulere, Lagos",Abuja,medium_spender,50000,150000,0,Successful,NORMAL,
TXN000671,2026-01-20,10:25:35,Tuesday,CUST0021,Tunde Adeola,6683286033,5256,Visa Debit,Stanbic IBTC,POS Purchase,779.09,38326.09,37547.0,"ATM_LG_002 - Victoria Island, Lagos",Port Harcourt,low_spender,10000,50000,779.09,Declined,NORMAL,
TXN001930,2026-01-20,11:23:13,Tuesday,CUST0072,Uche Lawal,3911628692,4429,Visa Debit,Access Bank,ATM Mini Statement,191581.7,1463520.72,1463520.72,"ATM_LG_004 - Surulere, Lagos",Enugu,high_spender,200000,500000,0,Declined,NORMAL,
TXN000518,2026-01-20,12:24:17,Tuesday,CUST0017,Chidi Bello,1122281086,3728,Mastercard Debit,Zenith Bank,POS Purchase,7844.49,89814.82,81970.33,"ATM_LG_003 - Lekki Phase 1, Lagos",Lagos,medium_spender,50000,150000,7844.49,Successful,NORMAL,
TXN001123,2026-01-20,13:55:34,Tuesday,CUST0042,Kemi Okonkwo,5073717438,1620,Verve,UBA,ATM Mini Statement,35777.12,455921.2,455921.2,"ATM_LG_003 - Lekki Phase 1, Lagos",Kano,medium_spender,50000,150000,38177.75,Declined,NORMAL,
TXN000362,2026-01-20,14:53:17,Tuesday,CUST0012,Uche Adeleke,7889943014,2238,Verve,Zenith Bank,POS Purchase,117843.1,1224368.59,1106525.49,"ATM_LG_002 - Victoria Island, Lagos",Ibadan,high_spender,200000,500000,609974.77,Successful,SUSPICIOUS,"Daily cumulative total ₦609,974.77 exceeds customer limit of ₦500,000"
TXN000363,2026-01-20,15:52:08,Tuesday,CUST0012,Uche Adeleke,7889943014,2238,Verve,Zenith Bank,ATM Withdrawal,146545.39,766959.32,620413.93,"ATM_LG_002 - Victoria Island, Lagos",Ibadan,high_spender,200000,500000,756520.16,Successful,SUSPICIOUS,"Daily cumulative total ₦756,520.16 exceeds customer limit of ₦500,000"
TXN002004,2026-01-20,15:52:10,Tuesday,CUST0074,Adebayo Okeke,7232677456,6745,Visa Credit,UBA,ATM Withdrawal,11560.79,319252.74,307691.95,"ATM_LG_004 - Surulere, Lagos",Lagos,medium_spender,50000,150000,11560.79,Successful,NORMAL,
TXN000036,2026-01-20,15:54:58,Tuesday,CUST0002,Efua Babatunde,9356327295,2359,Visa Credit,Zenith Bank,ATM Balance Enquiry,43781.2,372828.74,372828.74,"ATM_EN_001 - Independence Layout, Enugu",Kaduna,medium_spender,50000,150000,0,Successful,NORMAL,
TXN001888,2026-01-20,16:28:45,Tuesday,CUST0071,Ngozi Usman,1234933970,6062,Verve,Stanbic IBTC,ATM Withdrawal,20393.16,106294.9,85901.74,"ATM_LG_002 - Victoria Island, Lagos",Lagos,medium_spender,50000,150000,20393.16,Successful,NORMAL,
TXN001706,2026-01-20,17:21:43,Tuesday,CUST0064,Ngozi Babatunde,1232261941,4967,Visa Debit,Fidelity Bank,ATM Withdrawal,14154.22,445391.41,431237.19,"ATM_LG_005 - Yaba, Lagos",Benin City,medium_spender,50000,150000,14154.22,Successful,NORMAL,
TXN001707,2026-01-20,18:51:13,Tuesday,CUST0064,Ngozi Babatunde,1232261941,4967,Visa Debit,Fidelity Bank,ATM Balance Enquiry,40659.19,248602.86,248602.86,"ATM_LG_005 - Yaba, Lagos",Benin City,medium_spender,50000,150000,14154.22,Declined,NORMAL,
TXN002061,2026-01-20,19:14:07,Tuesday,CUST0076,Nneka Eze,5651997036,7616,Verve,GTBank,POS Purchase,8078.63,98137.01,90058.38,"ATM_AB_003 - Maitama, Abuja",Ibadan,low_spender,10000,50000,8078.63,Successful,NORMAL,
TXN002038,2026-01-20,20:35:44,Tuesday,CUST0075,Seun Nwosu,6803179670,4072,Visa Credit,GTBank,POS Purchase,1940.88,47120.71,45179.83,"ATM_LG_002 - Victoria Island, Lagos",Kano,low_spender,10000,50000,1940.88,Successful,NORMAL,
TXN000672,2026-01-20,20:46:34,Tuesday,CUST0021,Tunde Adeola,6683286033,5256,Visa Debit,Stanbic IBTC,Online Transfer,3373.49,75724.15,75724.15,"ATM_LG_002 - Victoria Island, Lagos",Port Harcourt,low_spender,10000,50000,779.09,Successful,NORMAL,
TXN001931,2026-01-20,22:15:07,Tuesday,CUST0072,Uche Lawal,3911628692,4429,Visa Debit,Access Bank,POS Purchase,80635.76,324486.95,243851.19,"ATM_AB_001 - Wuse Zone 5, Abuja",Enugu,high_spender,200000,500000,80635.76,Reversed,NORMAL,
TXN001542,2026-01-21,01:50:42,Wednesday,CUST0057,Tunde Okafor,1565330284,7497,Mastercard Debit,First Bank,ATM Withdrawal,188723.21,367569.39,178846.18,"ATM_LG_004 - Surulere, Lagos",Ibadan,high_spender,200000,500000,188723.21,Successful,NORMAL,
TXN001200,2026-01-21,02:07:41,Wednesday,CUST0046,Tunde Babatunde,9470820432,1291,Verve,Zenith Bank,ATM Withdrawal,331679.14,292397.16,0,"ATM_PH_001 - GRA Phase 2, Port Harcourt",Kaduna,high_spender,200000,500000,331679.14,Successful,SUSPICIOUS,Transaction at 02:07 — outside normal banking hours (midnight–4am)
TXN000974,2026-01-21,06:29:36,Wednesday,CUST0037,Rotimi Babatunde,8953520583,4419,Visa Credit,GTBank,POS Purchase,7049.46,63741.13,56691.67,"ATM_LG_005 - Yaba, Lagos",Enugu,medium_spender,50000,150000,7049.46,Successful,NORMAL,
TXN001972,2026-01-21,07:45:35,Wednesday,CUST0073,Tobi Musa,2381163847,4263,Visa Credit,UBA,ATM Withdrawal,31066.69,351924.3,320857.61,"ATM_LG_002 - Victoria Island, Lagos",Enugu,medium_spender,50000,150000,31066.69,Successful,NORMAL,
TXN000106,2026-01-21,08:42:28,Wednesday,CUST0004,Jide Lawal,9282010276,2329,Verve,UBA,POS Purchase,20533.25,100844.36,80311.11,"ATM_LG_001 - Ikeja Branch, Lagos",Lagos,medium_spender,50000,150000,20533.25,Declined,NORMAL,
TXN001440,2026-01-21,08:59:25,Wednesday,CUST0054,Jide Chukwu,5340712903,7552,Verve,GTBank,POS Purchase,30306.93,121720.13,91413.2,"ATM_LG_003 - Lekki Phase 1, Lagos",Benin City,medium_spender,50000,150000,30306.93,Successful,NORMAL,
TXN002118,2026-01-21,09:42:10,Wednesday,CUST0078,Uche Salami,0072246503,5411,Visa Credit,Access Bank,POS Purchase,41060.74,157072.31,116011.57,"ATM_LG_005 - Yaba, Lagos",Port Harcourt,medium_spender,50000,150000,41060.74,Successful,NORMAL,
TXN001274,2026-01-21,11:13:28,Wednesday,CUST0048,Yemi Lawal,0868927381,7500,Mastercard Debit,Fidelity Bank,POS Purchase,10859.26,430886.06,420026.8,"ATM_EN_001 - Independence Layout, Enugu",Abuja,medium_spender,50000,150000,10859.26,Successful,NORMAL,
TXN001973,2026-01-21,12:36:53,Wednesday,CUST0073,Tobi Musa,2381163847,4263,Visa Credit,UBA,ATM Withdrawal,20355.64,340718.61,320362.97,"ATM_LG_002 - Victoria Island, Lagos",Enugu,medium_spender,50000,150000,51422.33,Successful,NORMAL,
TXN000324,2026-01-21,12:53:01,Wednesday,CUST0011,Bola Afolabi,3656018830,9554,Visa Credit,GTBank,ATM Balance Enquiry,8063.48,355971.3,355971.3,"ATM_LG_004 - Surulere, Lagos",Ibadan,medium_spender,50000,150000,0,Successful,NORMAL,
TXN001244,2026-01-21,15:08:51,Wednesday,CUST0047,Musa Salami,6245202877,5548,Mastercard Debit,Zenith Bank,POS Purchase,15111.59,57347.91,42236.32,"ATM_IB_001 - Ring Road, Ibadan",Kano,medium_spender,50000,150000,15111.59,Successful,NORMAL,
TXN001784,2026-01-21,15:51:53,Wednesday,CUST0066,Ola Afolabi,2938289640,5620,Visa Debit,Access Bank,ATM Withdrawal,4704.37,466013.26,461308.89,"ATM_LG_005 - Yaba, Lagos",Port Harcourt,medium_spender,50000,150000,4704.37,Successful,NORMAL,
TXN000748,2026-01-21,17:08:31,Wednesday,CUST0025,Amaka Adeyemi,3100605304,4032,Verve,GTBank,POS Purchase,1748.82,82251.69,80502.87,"ATM_LG_001 - Ikeja Branch, Lagos",Enugu,low_spender,10000,50000,1748.82,Successful,NORMAL,
TXN000846,2026-01-21,18:34:19,Wednesday,CUST0031,Emeka Suleiman,9100912636,1290,Mastercard Debit,Fidelity Bank,ATM Withdrawal,12817.95,136646.41,123828.46,"ATM_LG_001 - Ikeja Branch, Lagos",Abuja,medium_spender,50000,150000,12817.95,Declined,NORMAL,
TXN001708,2026-01-21,20:42:50,Wednesday,CUST0064,Ngozi Babatunde,1232261941,4967,Visa Debit,Fidelity Bank,ATM Withdrawal,38873.14,115647.2,76774.06,"ATM_LG_005 - Yaba, Lagos",Benin City,medium_spender,50000,150000,38873.14,Successful,NORMAL,
TXN000918,2026-01-21,20:47:07,Wednesday,CUST0034,Nkechi Babatunde,7423582839,6817,Visa Credit,Stanbic IBTC,Online Transfer,4659.67,36957.2,36957.2,"ATM_IB_001 - Ring Road, Ibadan",Kano,low_spender,10000,50000,0,Reversed,NORMAL,
TXN000562,2026-01-21,22:51:50,Wednesday,CUST0018,Jide Suleiman,6342127803,7174,Visa Credit,Fidelity Bank,ATM Withdrawal,37691.13,229830.86,192139.73,"ATM_LG_001 - Ikeja Branch, Lagos",Abuja,medium_spender,50000,150000,37691.13,Declined,NORMAL,
TXN001890,2026-01-22,00:43:20,Thursday,CUST0071,Ngozi Usman,1234933970,6062,Verve,Stanbic IBTC,ATM Withdrawal,103154.01,128178.55,25024.54,"ATM_LG_002 - Victoria Island, Lagos",Lagos,medium_spender,50000,150000,103154.01,Successful,SUSPICIOUS,Transaction at 00:43 — outside normal banking hours (midnight–4am)
TXN000484,2026-01-22,00:58:35,Thursday,CUST0016,Adebayo Musa,7063317244,6982,Mastercard Debit,Fidelity Bank,ATM Withdrawal,177130.95,1442874.85,1265743.9,"ATM_LG_005 - Yaba, Lagos",Enugu,high_spender,200000,500000,177130.95,Successful,NORMAL,
TXN000107,2026-01-22,01:06:55,Thursday,CUST0004,Jide Lawal,9282010276,2329,Verve,UBA,ATM Withdrawal,19817.54,224363.33,204545.79,"ATM_PH_002 - Trans-Amadi, Port Harcourt",Lagos,medium_spender,50000,150000,19817.54,Declined,NORMAL,
TXN001743,2026-01-22,01:56:56,Thursday,CUST0065,Chidi Salami,7949487287,9802,Visa Debit,GTBank,POS Purchase,40554.4,233375.1,192820.7,"ATM_LG_001 - Ikeja Branch, Lagos",Abuja,medium_spender,50000,150000,40554.4,Successful,NORMAL,
TXN000807,2026-01-22,02:07:17,Thursday,CUST0029,Nkechi Adeyemi,1449933778,1276,Visa Debit,Fidelity Bank,ATM Mini Statement,9593.19,14198.54,14198.54,"ATM_LG_003 - Lekki Phase 1, Lagos",Lagos,low_spender,10000,50000,0,Successful,NORMAL,
TXN000847,2026-01-22,05:06:02,Thursday,CUST0031,Emeka Suleiman,9100912636,1290,Mastercard Debit,Fidelity Bank,ATM Withdrawal,22856.76,149358.25,126501.49,"ATM_LG_001 - Ikeja Branch, Lagos",Abuja,medium_spender,50000,150000,22856.76,Successful,NORMAL,
TXN001025,2026-01-22,05:43:52,Thursday,CUST0039,Tunde Nwosu,8518405632,1659,Visa Credit,Zenith Bank,POS Purchase,305112.54,425203.81,120091.27,"ATM_LG_003 - Lekki Phase 1, Lagos",Kaduna,medium_spender,50000,150000,305112.54,Declined,SUSPICIOUS,"Amount ₦305,112.54 is 6.1x above customer's typical maximum of ₦50,000"
TXN002199,2026-01-22,06:08:04,Thursday,CUST0080,Ola Okonkwo,3342204457,4255,Visa Debit,UBA,Online Transfer,16283.43,192391.7,192391.7,"ATM_LG_001 - Ikeja Branch, Lagos",Benin City,medium_spender,50000,150000,0,Successful,NORMAL,
TXN001837,2026-01-22,12:05:43,Thursday,CUST0068,Gbenga Okonkwo,9274472394,1478,Visa Debit,Stanbic IBTC,ATM Withdrawal,1779.63,89270.55,87490.92,"ATM_LG_002 - Victoria Island, Lagos",Kaduna,low_spender,10000,50000,1779.63,Successful,NORMAL,
TXN000643,2026-01-22,13:30:22,Thursday,CUST0020,Chibundo Adeyemi,6105295550,7171,Mastercard Debit,Fidelity Bank,ATM Balance Enquiry,22862.11,345887.04,345887.04,"ATM_LG_003 - Lekki Phase 1, Lagos",Lagos,medium_spender,50000,150000,0,Reversed,NORMAL,
TXN002200,2026-01-22,13:47:24,Thursday,CUST0080,Ola Okonkwo,3342204457,4255,Visa Debit,UBA,Online Transfer,316568.27,221692.84,221692.84,"ATM_LG_001 - Ikeja Branch, Lagos",Benin City,medium_spender,50000,150000,0,Declined,SUSPICIOUS,"Amount ₦316,568.27 is 6.3x above customer's typical maximum of ₦50,000"
TXN001275,2026-01-22,14:02:11,Thursday,CUST0048,Yemi Lawal,0868927381,7500,Mastercard Debit,Fidelity Bank,ATM Withdrawal,25556.54,29099.82,3543.28,"ATM_PH_002 - Trans-Amadi, Port Harcourt",Abuja,medium_spender,50000,150000,25556.54,Reversed,NORMAL,
TXN002119,2026-01-22,15:10:16,Thursday,CUST0078,Uche Salami,0072246503,5411,Visa Credit,Access Bank,Online Transfer,40738.76,353133.36,353133.36,"ATM_LG_005 - Yaba, Lagos",Port Harcourt,medium_spender,50000,150000,0,Successful,NORMAL,
TXN000644,2026-01-22,15:18:21,Thursday,CUST0020,Chibundo Adeyemi,6105295550,7171,Mastercard Debit,Fidelity Bank,ATM Withdrawal,24059.94,242034.19,217974.25,"ATM_LG_002 - Victoria Island, Lagos",Lagos,medium_spender,50000,150000,24059.94,Successful,NORMAL,
TXN001362,2026-01-22,15:35:02,Thursday,CUST0051,Aisha Suleiman,2787994879,8601,Visa Credit,GTBank,POS Purchase,49253.75,178058.88,128805.13,"ATM_LG_003 - Lekki Phase 1, Lagos",Abuja,medium_spender,50000,150000,49253.75,Successful,NORMAL,
TXN000485,2026-01-22,17:43:10,Thursday,CUST0016,Adebayo Musa,7063317244,6982,Mastercard Debit,Fidelity Bank,ATM Withdrawal,117258.41,433727.89,316469.48,"ATM_AB_001 - Wuse Zone 5, Abuja [HOME STATE: Enugu]",Enugu,high_spender,200000,500000,294389.36,Successful,SUSPICIOUS,Card used at Kaduna ATM but customer is based in Enugu
TXN002201,2026-01-22,17:48:05,Thursday,CUST0080,Ola Okonkwo,3342204457,4255,Visa Debit,UBA,Online Transfer,7699.96,146881.68,146881.68,"ATM_LG_001 - Ikeja Branch, Lagos",Benin City,medium_spender,50000,150000,0,Successful,NORMAL,
TXN001889,2026-01-22,19:37:56,Thursday,CUST0071,Ngozi Usman,1234933970,6062,Verve,Stanbic IBTC,Online Transfer,18010.4,204477.8,204477.8,"ATM_LG_002 - Victoria Island, Lagos",Lagos,medium_spender,50000,150000,0,Successful,NORMAL,
TXN000008,2026-01-22,19:57:09,Thursday,CUST0001,Gbenga Musa,6639233214,7276,Visa Credit,GTBank,ATM Balance Enquiry,516.79,92124.15,92124.15,"ATM_LG_005 - Yaba, Lagos",Kaduna,low_spender,10000,50000,0,Successful,NORMAL,
TXN001624,2026-01-22,21:14:55,Thursday,CUST0061,Adebayo Nwosu,4601120311,2220,Verve,Stanbic IBTC,ATM Withdrawal,4366.9,62390.4,58023.5,"ATM_LG_002 - Victoria Island, Lagos",Enugu,low_spender,10000,50000,4366.9,Reversed,NORMAL,
TXN001479,2026-01-22,22:19:02,Thursday,CUST0055,Fatima Okafor,4770704891,6439,Visa Debit,GTBank,Online Transfer,23101.13,1656865.66,1656865.66,"ATM_LG_003 - Lekki Phase 1, Lagos",Enugu,high_spender,200000,500000,0,Successful,NORMAL,
TXN000068,2026-01-22,22:54:13,Thursday,CUST0003,Nkechi Okonkwo,4806358178,4245,Mastercard Debit,GTBank,ATM Withdrawal,104177.47,447363.83,343186.36,"ATM_LG_004 - Surulere, Lagos",Kano,high_spender,200000,500000,104177.47,Successful,NORMAL,
TXN001026,2026-01-22,23:13:34,Thursday,CUST0039,Tunde Nwosu,8518405632,1659,Visa Credit,Zenith Bank,ATM Withdrawal,38766.69,422460.69,383694.0,ATM_KN_001 - Kano City Centre,Kaduna,medium_spender,50000,150000,343879.23,Declined,SUSPICIOUS,"Daily cumulative total ₦343,879.23 exceeds customer limit of ₦150,000"
TXN001744,2026-01-22,23:35:29,Thursday,CUST0065,Chidi Salami,7949487287,9802,Visa Debit,GTBank,Online Transfer,44455.08,396337.26,396337.26,"ATM_LG_001 - Ikeja Branch, Lagos",Abuja,medium_spender,50000,150000,40554.4,Successful,NORMAL,
TXN001974,2026-01-23,01:08:06,Friday,CUST0073,Tobi Musa,2381163847,4263,Visa Credit,UBA,POS Purchase,42031.11,122183.38,80152.27,"ATM_LG_002 - Victoria Island, Lagos",Enugu,medium_spender,50000,150000,42031.11,Successful,NORMAL,
TXN000037,2026-01-23,01:25:36,Friday,CUST0002,Efua Babatunde,9356327295,2359,Visa Credit,Zenith Bank,ATM Balance Enquiry,14277.79,387941.33,387941.33,"ATM_LG_001 - Ikeja Branch, Lagos",Kaduna,medium_spender,50000,150000,0,Declined,NORMAL,
TXN001276,2026-01-23,01:25:38,Friday,CUST0048,Yemi Lawal,0868927381,7500,Mastercard Debit,Fidelity Bank,ATM Withdrawal,23264.81,427103.52,403838.71,"ATM_LG_001 - Ikeja Branch, Lagos",Abuja,medium_spender,50000,150000,23264.81,Successful,NORMAL,
TXN001201,2026-01-23,01:43:33,Friday,CUST0046,Tunde Babatunde,9470820432,1291,Verve,Zenith Bank,Online Transfer,34531.65,853540.91,853540.91,"ATM_AB_002 - Garki Area 11, Abuja",Kaduna,high_spender,200000,500000,0,Successful,NORMAL,
TXN001625,2026-01-23,01:52:27,Friday,CUST0061,Adebayo Nwosu,4601120311,2220,Verve,Stanbic IBTC,ATM Withdrawal,6989.98,86472.11,79482.13,ATM_KN_001 - Kano City Centre,Enugu,low_spender,10000,50000,6989.98,Successful,NORMAL,
TXN001304,2026-01-23,02:05:47,Friday,CUST0049,Musa Adeleke,3362363512,1975,Visa Credit,GTBank,Online Transfer,9301.84,60454.73,60454.73,"ATM_LG_004 - Surulere, Lagos",Ibadan,low_spender,10000,50000,0,Successful,NORMAL,
TXN000251,2026-01-23,02:08:24,Friday,CUST0009,Jide Adeyemi,1764184578,3085,Visa Credit,Fidelity Bank,ATM Withdrawal,22966.75,57834.42,34867.67,"ATM_LG_003 - Lekki Phase 1, Lagos",Kano,medium_spender,50000,150000,22966.75,Successful,NORMAL,
TXN001891,2026-01-23,02:10:02,Friday,CUST0071,Ngozi Usman,1234933970,6062,Verve,Stanbic IBTC,ATM Withdrawal,47107.24,133067.58,85960.34,"ATM_LG_002 - Victoria Island, Lagos",Lagos,medium_spender,50000,150000,47107.24,Successful,NORMAL,
TXN002082,2026-01-23,02:21:06,Friday,CUST0077,Chibundo Adeola,1374759620,2208,Verve,UBA,ATM Withdrawal,20500.48,98768.41,78267.93,"ATM_LG_004 - Surulere, Lagos",Ibadan,medium_spender,50000,150000,20500.48,Successful,NORMAL,
TXN000519,2026-01-23,03:00:25,Friday,CUST0017,Chidi Bello,1122281086,3728,Mastercard Debit,Zenith Bank,ATM Withdrawal,29973.62,141969.35,111995.73,"ATM_LG_003 - Lekki Phase 1, Lagos",Lagos,medium_spender,50000,150000,29973.62,Successful,NORMAL,
TXN000848,2026-01-23,03:58:09,Friday,CUST0031,Emeka Suleiman,9100912636,1290,Mastercard Debit,Fidelity Bank,POS Purchase,21515.72,195242.13,173726.41,"ATM_LG_001 - Ikeja Branch, Lagos",Abuja,medium_spender,50000,150000,21515.72,Successful,NORMAL,
TXN001745,2026-01-23,04:15:18,Friday,CUST0065,Chidi Salami,7949487287,9802,Visa Debit,GTBank,POS Purchase,19682.08,279400.31,259718.23,"ATM_LG_001 - Ikeja Branch, Lagos",Abuja,medium_spender,50000,150000,19682.08,Successful,NORMAL,
TXN000645,2026-01-23,04:20:04,Friday,CUST0020,Chibundo Adeyemi,6105295550,7171,Mastercard Debit,Fidelity Bank,ATM Withdrawal,14406.47,151422.45,137015.98,ATM_KN_001 - Kano City Centre,Lagos,medium_spender,50000,150000,14406.47,Successful,NORMAL,
TXN000280,2026-01-23,04:30:53,Friday,CUST0010,Efua Chukwu,6997365350,6821,Mastercard Debit,Stanbic IBTC,ATM Withdrawal,31521.29,706811.51,675290.22,"ATM_IB_001 - Ring Road, Ibadan",Ibadan,high_spender,200000,500000,31521.29,Reversed,NORMAL,
TXN001785,2026-01-23,05:53:38,Friday,CUST0066,Ola Afolabi,2938289640,5620,Visa Debit,Access Bank,ATM Withdrawal,41595.14,260908.9,219313.76,"ATM_AB_001 - Wuse Zone 5, Abuja",Port Harcourt,medium_spender,50000,150000,41595.14,Successful,NORMAL,
TXN001105,2026-01-23,07:24:16,Friday,CUST0041,Gbenga Musa,2240888423,7738,Visa Credit,Fidelity Bank,ATM Withdrawal,4911.29,81454.8,76543.51,"ATM_LG_001 - Ikeja Branch, Lagos",Kaduna,low_spender,10000,50000,4911.29,Successful,NORMAL,
TXN000108,2026-01-23,08:14:01,Friday,CUST0004,Jide Lawal,9282010276,2329,Verve,UBA,ATM Withdrawal,45905.02,403831.76,357926.74,"ATM_LG_004 - Surulere, Lagos",Lagos,medium_spender,50000,150000,45905.02,Successful,NORMAL,
TXN002083,2026-01-23,08:33:43,Friday,CUST0077,Chibundo Adeola,1374759620,2208,Verve,UBA,POS Purchase,12532.3,173400.96,160868.66,"ATM_AB_001 - Wuse Zone 5, Abuja",Ibadan,medium_spender,50000,150000,33032.78,Declined,NORMAL,
TXN000520,2026-01-23,13:14:49,Friday,CUST0017,Chidi Bello,1122281086,3728,Mastercard Debit,Zenith Bank,POS Purchase,32242.45,342568.13,310325.68,ATM_KN_001 - Kano City Centre [HOME STATE: Lagos],Lagos,medium_spender,50000,150000,62216.07,Successful,SUSPICIOUS,Card used at Kaduna ATM but customer is based in Lagos
TXN000749,2026-01-23,14:08:53,Friday,CUST0025,Amaka Adeyemi,3100605304,4032,Verve,GTBank,ATM Balance Enquiry,8036.45,60702.64,60702.64,"ATM_LG_001 - Ikeja Branch, Lagos",Enugu,low_spender,10000,50000,0,Successful,NORMAL,
TXN002084,2026-01-23,14:42:19,Friday,CUST0077,Chibundo Adeola,1374759620,2208,Verve,UBA,ATM Withdrawal,27941.46,120024.21,92082.75,"ATM_PH_002 - Trans-Amadi, Port Harcourt",Ibadan,medium_spender,50000,150000,60974.24,Successful,NORMAL,
TXN000778,2026-01-23,15:21:16,Friday,CUST0026,Chidi Bello,2562484370,1445,Visa Credit,Access Bank,POS Purchase,6372.71,59326.68,52953.97,"ATM_LG_003 - Lekki Phase 1, Lagos",Enugu,low_spender,10000,50000,6372.71,Successful,NORMAL,
TXN001363,2026-01-23,16:07:55,Friday,CUST0051,Aisha Suleiman,2787994879,8601,Visa Credit,GTBank,Online Transfer,46729.84,231553.6,231553.6,"ATM_LG_003 - Lekki Phase 1, Lagos",Abuja,medium_spender,50000,150000,0,Successful,NORMAL,
TXN001305,2026-01-23,17:25:23,Friday,CUST0049,Musa Adeleke,3362363512,1975,Visa Credit,GTBank,POS Purchase,5642.01,33441.93,27799.92,"ATM_LG_004 - Surulere, Lagos",Ibadan,low_spender,10000,50000,5642.01,Successful,NORMAL,
TXN002154,2026-01-23,19:28:10,Friday,CUST0079,Fatima Okonkwo,1782327517,9193,Mastercard Debit,Access Bank,POS Purchase,107820.5,1429435.03,1321614.53,"ATM_LG_004 - Surulere, Lagos",Kano,high_spender,200000,500000,107820.5,Successful,NORMAL,
TXN000952,2026-01-23,19:50:30,Friday,CUST0036,Chibundo Obi,2442831915,1411,Visa Debit,First Bank,ATM Withdrawal,7207.17,66669.75,59462.58,"ATM_LG_004 - Surulere, Lagos",Ibadan,low_spender,10000,50000,7207.17,Successful,NORMAL,
TXN000109,2026-01-23,20:23:35,Friday,CUST0004,Jide Lawal,9282010276,2329,Verve,UBA,ATM Withdrawal,17435.08,364635.14,347200.06,"ATM_LG_004 - Surulere, Lagos",Lagos,medium_spender,50000,150000,63340.1,Declined,NORMAL,
TXN001709,2026-01-23,21:47:05,Friday,CUST0064,Ngozi Babatunde,1232261941,4967,Visa Debit,Fidelity Bank,ATM Withdrawal,5093.49,160726.5,155633.01,"ATM_LG_005 - Yaba, Lagos",Benin City,medium_spender,50000,150000,5093.49,Successful,NORMAL,
TXN000673,2026-01-23,21:55:55,Friday,CUST0021,Tunde Adeola,6683286033,5256,Visa Debit,Stanbic IBTC,ATM Withdrawal,8169.6,41477.43,33307.83,"ATM_LG_002 - Victoria Island, Lagos",Port Harcourt,low_spender,10000,50000,8169.6,Successful,NORMAL,
TXN000750,2026-01-23,23:19:45,Friday,CUST0025,Amaka Adeyemi,3100605304,4032,Verve,GTBank,ATM Withdrawal,9682.77,23967.96,14285.19,"ATM_LG_001 - Ikeja Branch, Lagos",Enugu,low_spender,10000,50000,9682.77,Reversed,NORMAL,
TXN000069,2026-01-23,23:33:23,Friday,CUST0003,Nkechi Okonkwo,4806358178,4245,Mastercard Debit,GTBank,ATM Withdrawal,83446.35,246160.44,162714.09,"ATM_LG_003 - Lekki Phase 1, Lagos",Kano,high_spender,200000,500000,83446.35,Successful,NORMAL,
TXN001858,2026-01-24,01:41:55,Saturday,CUST0070,Uche Adeola,6486987091,8454,Verve,Zenith Bank,ATM Withdrawal,39951.75,182317.33,142365.58,"ATM_LG_001 - Ikeja Branch, Lagos",Abuja,medium_spender,50000,150000,39951.75,Reversed,NORMAL,
TXN000919,2026-01-24,02:04:56,Saturday,CUST0034,Nkechi Babatunde,7423582839,6817,Visa Credit,Stanbic IBTC,ATM Withdrawal,10800.46,21598.45,10797.99,"ATM_LG_005 - Yaba, Lagos",Kano,low_spender,10000,50000,10800.46,Successful,SUSPICIOUS,Transaction at 02:04 — outside normal banking hours (midnight–4am)
TXN002085,2026-01-24,02:33:40,Saturday,CUST0077,Chibundo Adeola,1374759620,2208,Verve,UBA,ATM Withdrawal,24594.03,152233.38,127639.35,"ATM_LG_004 - Surulere, Lagos",Ibadan,medium_spender,50000,150000,24594.03,Successful,NORMAL,
TXN000486,2026-01-24,03:11:45,Saturday,CUST0016,Adebayo Musa,7063317244,6982,Mastercard Debit,Fidelity Bank,ATM Withdrawal,78793.25,1505468.62,1426675.37,"ATM_LG_005 - Yaba, Lagos",Enugu,high_spender,200000,500000,78793.25,Successful,NORMAL,
TXN000325,2026-01-24,04:07:44,Saturday,CUST0011,Bola Afolabi,3656018830,9554,Visa Credit,GTBank,ATM Mini Statement,15280.25,338478.78,338478.78,"ATM_LG_004 - Surulere, Lagos",Ibadan,medium_spender,50000,150000,0,Successful,NORMAL,
TXN001202,2026-01-24,04:15:13,Saturday,CUST0046,Tunde Babatunde,9470820432,1291,Verve,Zenith Bank,ATM Withdrawal,34226.31,1995929.95,1961703.64,"ATM_LG_004 - Surulere, Lagos",Kaduna,high_spender,200000,500000,34226.31,Successful,NORMAL,
TXN002202,2026-01-24,04:46:48,Saturday,CUST0080,Ola Okonkwo,3342204457,4255,Visa Debit,UBA,Online Transfer,43040.73,249141.83,249141.83,"ATM_LG_001 - Ikeja Branch, Lagos",Benin City,medium_spender,50000,150000,0,Successful,NORMAL,
TXN001574,2026-01-24,04:47:34,Saturday,CUST0058,Chisom Eze,2290020457,3375,Verve,GTBank,ATM Withdrawal,5369.77,42557.4,37187.63,"ATM_IB_001 - Ring Road, Ibadan",Enugu,low_spender,10000,50000,5369.77,Successful,NORMAL,
TXN001746,2026-01-24,05:13:38,Saturday,CUST0065,Chidi Salami,7949487287,9802,Visa Debit,GTBank,ATM Withdrawal,48846.29,415314.84,366468.55,"ATM_LG_001 - Ikeja Branch, Lagos",Abuja,medium_spender,50000,150000,48846.29,Successful,NORMAL,
TXN001441,2026-01-24,06:24:03,Saturday,CUST0054,Jide Chukwu,5340712903,7552,Verve,GTBank,ATM Mini Statement,32247.07,327755.44,327755.44,"ATM_LG_003 - Lekki Phase 1, Lagos",Benin City,medium_spender,50000,150000,0,Declined,NORMAL,
TXN000563,2026-01-24,07:20:01,Saturday,CUST0018,Jide Suleiman,6342127803,7174,Visa Credit,Fidelity Bank,ATM Withdrawal,44104.8,308643.05,264538.25,"ATM_LG_002 - Victoria Island, Lagos",Abuja,medium_spender,50000,150000,44104.8,Successful,NORMAL,
TXN000751,2026-01-24,07:45:28,Saturday,CUST0025,Amaka Adeyemi,3100605304,4032,Verve,GTBank,POS Purchase,516.99,82457.86,81940.87,"ATM_EN_001 - Independence Layout, Enugu",Enugu,low_spender,10000,50000,516.99,Successful,NORMAL,
TXN001321,2026-01-24,07:53:47,Saturday,CUST0050,Nkechi Eze,5802869654,3762,Mastercard Debit,First Bank,ATM Withdrawal,40395.25,115007.52,74612.27,"ATM_LG_004 - Surulere, Lagos",Benin City,medium_spender,50000,150000,40395.25,Successful,NORMAL,
TXN002120,2026-01-24,08:38:36,Saturday,CUST0078,Uche Salami,0072246503,5411,Visa Credit,Access Bank,ATM Balance Enquiry,32948.22,107702.0,107702.0,"ATM_LG_005 - Yaba, Lagos",Port Harcourt,medium_spender,50000,150000,0,Successful,NORMAL,
TXN000198,2026-01-24,09:16:25,Saturday,CUST0007,Ola Usman,1521840905,4544,Visa Credit,First Bank,ATM Withdrawal,32285.1,95435.84,63150.74,"ATM_EN_001 - Independence Layout, Enugu",Enugu,low_spender,10000,50000,32285.1,Successful,SUSPICIOUS,"High-value transaction ₦32,285.10 flagged for velocity check"
TXN000521,2026-01-24,09:32:10,Saturday,CUST0017,Chidi Bello,1122281086,3728,Mastercard Debit,Zenith Bank,POS Purchase,44524.69,285246.17,240721.48,"ATM_LG_003 - Lekki Phase 1, Lagos",Lagos,medium_spender,50000,150000,44524.69,Successful,NORMAL,
TXN001838,2026-01-24,12:00:08,Saturday,CUST0068,Gbenga Okonkwo,9274472394,1478,Visa Debit,Stanbic IBTC,ATM Withdrawal,9478.93,95295.83,85816.9,"ATM_LG_002 - Victoria Island, Lagos",Kaduna,low_spender,10000,50000,9478.93,Successful,NORMAL,
TXN001480,2026-01-24,12:02:41,Saturday,CUST0055,Fatima Okafor,4770704891,6439,Visa Debit,GTBank,ATM Withdrawal,32041.61,1178224.98,1146183.37,"ATM_AB_002 - Garki Area 11, Abuja",Enugu,high_spender,200000,500000,32041.61,Successful,NORMAL,
TXN001786,2026-01-24,12:51:09,Saturday,CUST0066,Ola Afolabi,2938289640,5620,Visa Debit,Access Bank,ATM Withdrawal,42639.44,436745.31,394105.87,"ATM_LG_005 - Yaba, Lagos",Port Harcourt,medium_spender,50000,150000,42639.44,Successful,NORMAL,
TXN001203,2026-01-24,13:48:23,Saturday,CUST0046,Tunde Babatunde,9470820432,1291,Verve,Zenith Bank,POS Purchase,154395.0,1893632.44,1739237.44,"ATM_AB_003 - Maitama, Abuja",Kaduna,high_spender,200000,500000,188621.31,Successful,NORMAL,
TXN001481,2026-01-24,14:11:16,Saturday,CUST0055,Fatima Okafor,4770704891,6439,Visa Debit,GTBank,ATM Withdrawal,144526.68,1620780.32,1476253.64,"ATM_LG_003 - Lekki Phase 1, Lagos",Enugu,high_spender,200000,500000,176568.29,Successful,NORMAL,
TXN001598,2026-01-24,14:43:07,Saturday,CUST0060,Dayo Obi,7463734803,6570,Visa Debit,GTBank,ATM Mini Statement,1687.46,22271.99,22271.99,"ATM_LG_002 - Victoria Island, Lagos",Lagos,low_spender,10000,50000,0,Successful,NORMAL,
TXN001442,2026-01-24,15:39:18,Saturday,CUST0054,Jide Chukwu,5340712903,7552,Verve,GTBank,ATM Withdrawal,7996.8,454092.99,446096.19,"ATM_LG_003 - Lekki Phase 1, Lagos",Benin City,medium_spender,50000,150000,7996.8,Successful,NORMAL,
TXN000802,2026-01-24,15:49:08,Saturday,CUST0028,Amaka Babatunde,1576868455,2911,Mastercard Debit,Zenith Bank,POS Purchase,3209.05,26595.25,23386.2,"ATM_LG_005 - Yaba, Lagos",Enugu,low_spender,10000,50000,3209.05,Successful,NORMAL,
TXN001072,2026-01-24,17:22:01,Saturday,CUST0040,Uche Bello,1352141056,6134,Verve,Zenith Bank,Online Transfer,40183.45,303768.65,303768.65,"ATM_LG_002 - Victoria Island, Lagos",Kaduna,medium_spender,50000,150000,0,Declined,NORMAL,
TXN000953,2026-01-24,17:59:02,Saturday,CUST0036,Chibundo Obi,2442831915,1411,Visa Debit,First Bank,ATM Withdrawal,619.13,97088.55,96469.42,"ATM_LG_004 - Surulere, Lagos",Ibadan,low_spender,10000,50000,619.13,Successful,NORMAL,
TXN000898,2026-01-24,18:31:18,Saturday,CUST0033,Ngozi Babatunde,1091476249,8935,Verve,UBA,POS Purchase,4537.13,53788.15,49251.02,"ATM_LG_002 - Victoria Island, Lagos",Ibadan,low_spender,10000,50000,4537.13,Successful,NORMAL,
TXN000110,2026-01-24,18:37:35,Saturday,CUST0004,Jide Lawal,9282010276,2329,Verve,UBA,POS Purchase,35387.13,150454.12,115066.99,"ATM_LG_004 - Surulere, Lagos",Lagos,medium_spender,50000,150000,35387.13,Successful,NORMAL,
TXN001641,2026-01-24,19:04:19,Saturday,CUST0062,Jide Nwosu,7690627387,6253,Verve,Fidelity Bank,ATM Withdrawal,9247.34,24296.96,15049.62,"ATM_LG_005 - Yaba, Lagos",Ibadan,low_spender,10000,50000,9247.34,Successful,NORMAL,
TXN001106,2026-01-24,19:45:25,Saturday,CUST0041,Gbenga Musa,2240888423,7738,Visa Credit,Fidelity Bank,ATM Withdrawal,5185.58,99166.85,93981.27,"ATM_LG_004 - Surulere, Lagos",Kaduna,low_spender,10000,50000,5185.58,Successful,NORMAL,
TXN001152,2026-01-24,20:34:28,Saturday,CUST0044,Uche Usman,2874900400,5082,Visa Credit,Stanbic IBTC,ATM Withdrawal,7802.53,92689.01,84886.48,"ATM_LG_003 - Lekki Phase 1, Lagos",Kano,medium_spender,50000,150000,7802.53,Successful,NORMAL,
TXN000111,2026-01-24,21:03:55,Saturday,CUST0004,Jide Lawal,9282010276,2329,Verve,UBA,POS Purchase,24892.9,298184.86,273291.96,"ATM_LG_004 - Surulere, Lagos",Lagos,medium_spender,50000,150000,60280.03,Successful,NORMAL,
TXN000218,2026-01-24,21:12:00,Saturday,CUST0008,Tobi Ibrahim,1205673434,2732,Mastercard Debit,First Bank,ATM Withdrawal,3095.6,82115.12,79019.52,"ATM_LG_005 - Yaba, Lagos",Ibadan,low_spender,10000,50000,3095.6,Successful,NORMAL,
TXN002155,2026-01-24,21:26:38,Saturday,CUST0079,Fatima Okonkwo,1782327517,9193,Mastercard Debit,Access Bank,Online Transfer,10087.59,1151891.15,1151891.15,"ATM_LG_004 - Surulere, Lagos",Kano,high_spender,200000,500000,0,Successful,NORMAL,
TXN001009,2026-01-24,21:55:40,Saturday,CUST0038,Zainab Adeleke,2884009952,3102,Verve,Stanbic IBTC,ATM Balance Enquiry,6079.92,81235.46,81235.46,ATM_KN_001 - Kano City Centre,Enugu,low_spender,10000,50000,0,Successful,NORMAL,
TXN000700,2026-01-25,00:59:14,Sunday,CUST0023,Zainab Okeke,7915823973,2645,Mastercard Debit,First Bank,Online Transfer,9267.03,25133.65,25133.65,"ATM_LG_002 - Victoria Island, Lagos",Port Harcourt,low_spender,10000,50000,0,Successful,NORMAL,
TXN001575,2026-01-25,02:03:59,Sunday,CUST0058,Chisom Eze,2290020457,3375,Verve,GTBank,Online Transfer,50297.82,91861.93,91861.93,"ATM_LG_002 - Victoria Island, Lagos",Enugu,low_spender,10000,50000,0,Declined,SUSPICIOUS,"Amount ₦50,297.82 is 5.0x above customer's typical maximum of ₦10,000"
TXN000920,2026-01-25,02:28:41,Sunday,CUST0034,Nkechi Babatunde,7423582839,6817,Visa Credit,Stanbic IBTC,ATM Withdrawal,7190.73,94543.63,87352.9,"ATM_LG_005 - Yaba, Lagos",Kano,low_spender,10000,50000,7190.73,Successful,NORMAL,
TXN001787,2026-01-25,02:49:59,Sunday,CUST0066,Ola Afolabi,2938289640,5620,Visa Debit,Access Bank,POS Purchase,20275.16,397187.75,376912.59,"ATM_PH_002 - Trans-Amadi, Port Harcourt",Port Harcourt,medium_spender,50000,150000,20275.16,Successful,NORMAL,
TXN000070,2026-01-25,03:00:32,Sunday,CUST0003,Nkechi Okonkwo,4806358178,4245,Mastercard Debit,GTBank,POS Purchase,154870.76,1083611.03,928740.27,"ATM_LG_004 - Surulere, Lagos",Kano,high_spender,200000,500000,154870.76,Successful,NORMAL,
TXN002039,2026-01-25,03:45:53,Sunday,CUST0075,Seun Nwosu,6803179670,4072,Visa Credit,GTBank,Online Transfer,9339.82,81989.65,81989.65,"ATM_EN_001 - Independence Layout, Enugu",Kano,low_spender,10000,50000,0,Declined,SUSPICIOUS,Transaction at 03:45 — outside normal banking hours (midnight–4am)
TXN000954,2026-01-25,03:53:09,Sunday,CUST0036,Chibundo Obi,2442831915,1411,Visa Debit,First Bank,Online Transfer,2624.61,80983.78,80983.78,"ATM_LG_004 - Surulere, Lagos",Ibadan,low_spender,10000,50000,0,Successful,NORMAL,
TXN000326,2026-01-25,04:49:01,Sunday,CUST0011,Bola Afolabi,3656018830,9554,Visa Credit,GTBank,ATM Withdrawal,2459.13,213458.53,210999.4,"ATM_PH_001 - GRA Phase 2, Port Harcourt",Ibadan,medium_spender,50000,150000,2459.13,Successful,NORMAL,
TXN001932,2026-01-25,07:18:23,Sunday,CUST0072,Uche Lawal,3911628692,4429,Visa Debit,Access Bank,ATM Withdrawal,976406.04,1216928.27,240522.23,"ATM_AB_002 - Garki Area 11, Abuja",Enugu,high_spender,200000,500000,976406.04,Successful,SUSPICIOUS,"Amount ₦976,406.04 is 4.9x above customer's typical maximum of ₦200,000"
TXN000718,2026-01-25,07:57:44,Sunday,CUST0024,Ola Babatunde,4288813383,7897,Verve,Zenith Bank,ATM Withdrawal,11245.44,143425.05,132179.61,"ATM_LG_004 - Surulere, Lagos",Enugu,medium_spender,50000,150000,11245.44,Successful,NORMAL,
TXN000899,2026-01-25,08:21:34,Sunday,CUST0033,Ngozi Babatunde,1091476249,8935,Verve,UBA,POS Purchase,1180.7,53249.76,52069.06,"ATM_AB_003 - Maitama, Abuja",Ibadan,low_spender,10000,50000,1180.7,Successful,NORMAL,
TXN001859,2026-01-25,09:44:23,Sunday,CUST0070,Uche Adeola,6486987091,8454,Verve,Zenith Bank,POS Purchase,8829.91,475272.89,466442.98,"ATM_LG_001 - Ikeja Branch, Lagos",Abuja,medium_spender,50000,150000,8829.91,Successful,NORMAL,
TXN001482,2026-01-25,10:43:04,Sunday,CUST0055,Fatima Okafor,4770704891,6439,Visa Debit,GTBank,ATM Withdrawal,22022.24,1517452.05,1495429.81,"ATM_LG_002 - Victoria Island, Lagos",Enugu,high_spender,200000,500000,22022.24,Successful,NORMAL,
TXN002121,2026-01-25,10:47:11,Sunday,CUST0078,Uche Salami,0072246503,5411,Visa Credit,Access Bank,ATM Withdrawal,152049.2,151832.16,0,"ATM_LG_005 - Yaba, Lagos",Port Harcourt,medium_spender,50000,150000,152049.2,Successful,SUSPICIOUS,"High-value transaction ₦152,049.20 flagged for velocity check"
TXN001642,2026-01-25,15:31:22,Sunday,CUST0062,Jide Nwosu,7690627387,6253,Verve,Fidelity Bank,ATM Withdrawal,31401.88,95154.85,63752.97,"ATM_IB_001 - Ring Road, Ibadan",Ibadan,low_spender,10000,50000,31401.88,Declined,SUSPICIOUS,"Amount ₦31,401.88 is 3.1x above customer's typical maximum of ₦10,000"
TXN000199,2026-01-25,15:46:02,Sunday,CUST0007,Ola Usman,1521840905,4544,Visa Credit,First Bank,ATM Withdrawal,6003.1,42623.13,36620.03,"ATM_LG_005 - Yaba, Lagos",Enugu,low_spender,10000,50000,6003.1,Successful,NORMAL,
TXN000849,2026-01-25,16:29:37,Sunday,CUST0031,Emeka Suleiman,9100912636,1290,Mastercard Debit,Fidelity Bank,POS Purchase,17843.03,391756.31,373913.28,"ATM_IB_001 - Ring Road, Ibadan",Abuja,medium_spender,50000,150000,17843.03,Successful,NORMAL,
TXN000364,2026-01-25,17:27:25,Sunday,CUST0012,Uche Adeleke,7889943014,2238,Verve,Zenith Bank,ATM Withdrawal,63178.33,1266587.69,1203409.36,"ATM_LG_002 - Victoria Island, Lagos",Ibadan,high_spender,200000,500000,63178.33,Successful,NORMAL,
TXN000602,2026-01-25,17:37:31,Sunday,CUST0019,Tunde Eze,2754590960,5925,Verve,Zenith Bank,POS Purchase,13611.92,1783644.18,1770032.26,"ATM_LG_004 - Surulere, Lagos",Abuja,high_spender,200000,500000,13611.92,Successful,NORMAL,
TXN000038,2026-01-25,18:30:16,Sunday,CUST0002,Efua Babatunde,9356327295,2359,Visa Credit,Zenith Bank,POS Purchase,36875.94,243052.42,206176.48,"ATM_AB_002 - Garki Area 11, Abuja",Kaduna,medium_spender,50000,150000,36875.94,Successful,NORMAL,
TXN001153,2026-01-25,18:51:51,Sunday,CUST0044,Uche Usman,2874900400,5082,Visa Credit,Stanbic IBTC,POS Purchase,47637.33,366975.9,319338.57,"ATM_LG_003 - Lekki Phase 1, Lagos",Kano,medium_spender,50000,150000,47637.33,Successful,NORMAL,
TXN001543,2026-01-25,19:40:08,Sunday,CUST0057,Tunde Okafor,1565330284,7497,Mastercard Debit,First Bank,ATM Balance Enquiry,172116.23,1165745.08,1165745.08,"ATM_LG_004 - Surulere, Lagos",Ibadan,high_spender,200000,500000,0,Successful,NORMAL,
TXN001933,2026-01-25,19:50:53,Sunday,CUST0072,Uche Lawal,3911628692,4429,Visa Debit,Access Bank,ATM Withdrawal,61114.34,1103795.95,1042681.61,"ATM_LG_004 - Surulere, Lagos",Enugu,high_spender,200000,500000,1037520.38,Declined,SUSPICIOUS,"Daily cumulative total ₦1,037,520.38 exceeds customer limit of ₦500,000"
TXN002122,2026-01-25,20:07:13,Sunday,CUST0078,Uche Salami,0072246503,5411,Visa Credit,Access Bank,ATM Withdrawal,45606.11,383685.91,338079.8,"ATM_LG_005 - Yaba, Lagos",Port Harcourt,medium_spender,50000,150000,197655.31,Successful,SUSPICIOUS,"Daily cumulative total ₦197,655.31 exceeds customer limit of ₦150,000"
TXN001599,2026-01-25,20:38:09,Sunday,CUST0060,Dayo Obi,7463734803,6570,Visa Debit,GTBank,POS Purchase,3686.92,31360.65,27673.73,"ATM_LG_002 - Victoria Island, Lagos",Lagos,low_spender,10000,50000,3686.92,Successful,NORMAL,
TXN002123,2026-01-25,23:32:40,Sunday,CUST0078,Uche Salami,0072246503,5411,Visa Credit,Access Bank,ATM Withdrawal,10513.35,197562.46,187049.11,"ATM_LG_005 - Yaba, Lagos",Port Harcourt,medium_spender,50000,150000,208168.66,Declined,SUSPICIOUS,"Daily cumulative total ₦208,168.66 exceeds customer limit of ₦150,000"
TXN001643,2026-01-26,00:20:22,Monday,CUST0062,Jide Nwosu,7690627387,6253,Verve,Fidelity Bank,ATM Balance Enquiry,6139.79,10541.59,10541.59,"ATM_EN_001 - Independence Layout, Enugu [HOME STATE: Ibadan]",Ibadan,low_spender,10000,50000,0,Successful,SUSPICIOUS,Card used at Port Harcourt ATM but customer is based in Ibadan
TXN001483,2026-01-26,03:43:10,Monday,CUST0055,Fatima Okafor,4770704891,6439,Visa Debit,GTBank,POS Purchase,22865.76,1589546.99,1566681.23,"ATM_LG_003 - Lekki Phase 1, Lagos",Enugu,high_spender,200000,500000,22865.76,Successful,NORMAL,
TXN000646,2026-01-26,04:39:11,Monday,CUST0020,Chibundo Adeyemi,6105295550,7171,Mastercard Debit,Fidelity Bank,ATM Withdrawal,20488.41,331787.39,311298.98,ATM_KN_001 - Kano City Centre,Lagos,medium_spender,50000,150000,20488.41,Successful,NORMAL,
TXN001154,2026-01-26,04:59:03,Monday,CUST0044,Uche Usman,2874900400,5082,Visa Credit,Stanbic IBTC,ATM Balance Enquiry,13762.47,170983.51,170983.51,"ATM_LG_004 - Surulere, Lagos",Kano,medium_spender,50000,150000,0,Successful,NORMAL,
TXN000487,2026-01-26,06:09:56,Monday,CUST0016,Adebayo Musa,7063317244,6982,Mastercard Debit,Fidelity Bank,ATM Withdrawal,116071.94,480624.93,364552.99,"ATM_LG_005 - Yaba, Lagos",Enugu,high_spender,200000,500000,116071.94,Successful,NORMAL,
TXN001443,2026-01-26,06:26:45,Monday,CUST0054,Jide Chukwu,5340712903,7552,Verve,GTBank,POS Purchase,42105.3,395090.42,352985.12,"ATM_LG_002 - Victoria Island, Lagos",Benin City,medium_spender,50000,150000,42105.3,Successful,NORMAL,
TXN001322,2026-01-26,08:21:24,Monday,CUST0050,Nkechi Eze,5802869654,3762,Mastercard Debit,First Bank,POS Purchase,35180.01,397132.04,361952.03,"ATM_AB_003 - Maitama, Abuja",Benin City,medium_spender,50000,150000,35180.01,Successful,NORMAL,
TXN000850,2026-01-26,09:25:53,Monday,CUST0031,Emeka Suleiman,9100912636,1290,Mastercard Debit,Fidelity Bank,Online Transfer,15281.27,480900.62,480900.62,"ATM_LG_001 - Ikeja Branch, Lagos",Abuja,medium_spender,50000,150000,0,Successful,NORMAL,
TXN000779,2026-01-26,09:33:33,Monday,CUST0026,Chidi Bello,2562484370,1445,Visa Credit,Access Bank,POS Purchase,5634.73,81071.48,75436.75,"ATM_LG_003 - Lekki Phase 1, Lagos",Enugu,low_spender,10000,50000,5634.73,Successful,NORMAL,
TXN002124,2026-01-26,10:03:37,Monday,CUST0078,Uche Salami,0072246503,5411,Visa Credit,Access Bank,ATM Withdrawal,38903.61,486412.22,447508.61,"ATM_AB_001 - Wuse Zone 5, Abuja",Port Harcourt,medium_spender,50000,150000,38903.61,Successful,NORMAL,
TXN000071,2026-01-26,11:26:27,Monday,CUST0003,Nkechi Okonkwo,4806358178,4245,Mastercard Debit,GTBank,Online Transfer,121314.17,293318.46,293318.46,"ATM_LG_004 - Surulere, Lagos",Kano,high_spender,200000,500000,0,Successful,NORMAL,
TXN001204,2026-01-26,14:53:00,Monday,CUST0046,Tunde Babatunde,9470820432,1291,Verve,Zenith Bank,Online Transfer,126917.0,1403827.5,1403827.5,"ATM_LG_003 - Lekki Phase 1, Lagos",Kaduna,high_spender,200000,500000,0,Successful,NORMAL,
TXN001397,2026-01-26,15:10:13,Monday,CUST0052,Sola Okafor,7066503218,8039,Mastercard Debit,GTBank,ATM Withdrawal,24711.57,43368.6,18657.03,"ATM_LG_003 - Lekki Phase 1, Lagos",Port Harcourt,low_spender,10000,50000,24711.57,Successful,SUSPICIOUS,"High-value transaction ₦24,711.57 flagged for velocity check"
TXN001245,2026-01-26,17:29:19,Monday,CUST0047,Musa Salami,6245202877,5548,Mastercard Debit,Zenith Bank,POS Purchase,45462.66,173414.42,127951.76,"ATM_LG_005 - Yaba, Lagos",Kano,medium_spender,50000,150000,45462.66,Successful,NORMAL,
TXN000281,2026-01-26,17:29:22,Monday,CUST0010,Efua Chukwu,6997365350,6821,Mastercard Debit,Stanbic IBTC,ATM Mini Statement,113769.43,692659.24,692659.24,"ATM_LG_004 - Surulere, Lagos",Ibadan,high_spender,200000,500000,0,Successful,NORMAL,
TXN001576,2026-01-26,18:39:17,Monday,CUST0058,Chisom Eze,2290020457,3375,Verve,GTBank,ATM Mini Statement,46693.24,10397.59,10397.59,"ATM_LG_003 - Lekki Phase 1, Lagos",Enugu,low_spender,10000,50000,0,Successful,SUSPICIOUS,"Amount ₦46,693.24 is 4.7x above customer's typical maximum of ₦10,000"
TXN000164,2026-01-26,19:08:09,Monday,CUST0006,Kemi Obi,2961112422,7715,Visa Credit,Stanbic IBTC,ATM Withdrawal,82833.76,1095596.91,1012763.15,"ATM_LG_003 - Lekki Phase 1, Lagos",Port Harcourt,high_spender,200000,500000,82833.76,Successful,NORMAL,
TXN000200,2026-01-26,20:11:08,Monday,CUST0007,Ola Usman,1521840905,4544,Visa Credit,First Bank,ATM Withdrawal,75688.38,28019.46,0,"ATM_AB_001 - Wuse Zone 5, Abuja",Enugu,low_spender,10000,50000,75688.38,Successful,SUSPICIOUS,"Amount ₦75,688.38 is 7.6x above customer's typical maximum of ₦10,000"
TXN000603,2026-01-26,20:56:46,Monday,CUST0019,Tunde Eze,2754590960,5925,Verve,Zenith Bank,POS Purchase,24260.63,881454.22,857193.59,"ATM_LG_004 - Surulere, Lagos",Abuja,high_spender,200000,500000,24260.63,Successful,NORMAL,
TXN001544,2026-01-26,21:33:16,Monday,CUST0057,Tunde Okafor,1565330284,7497,Mastercard Debit,First Bank,ATM Withdrawal,41443.84,671378.04,629934.2,"ATM_LG_004 - Surulere, Lagos",Ibadan,high_spender,200000,500000,41443.84,Successful,NORMAL,
TXN001710,2026-01-26,21:36:05,Monday,CUST0064,Ngozi Babatunde,1232261941,4967,Visa Debit,Fidelity Bank,POS Purchase,34524.72,260409.29,225884.57,"ATM_IB_001 - Ring Road, Ibadan [HOME STATE: Benin City]",Benin City,medium_spender,50000,150000,34524.72,Successful,SUSPICIOUS,Card used at Port Harcourt ATM but customer is based in Benin City
TXN001323,2026-01-26,21:44:56,Monday,CUST0050,Nkechi Eze,5802869654,3762,Mastercard Debit,First Bank,POS Purchase,6541.22,257386.97,250845.75,"ATM_LG_004 - Surulere, Lagos",Benin City,medium_spender,50000,150000,41721.23,Successful,NORMAL,
TXN002086,2026-01-26,22:17:08,Monday,CUST0077,Chibundo Adeola,1374759620,2208,Verve,UBA,ATM Withdrawal,398950.14,276296.57,0,"ATM_LG_004 - Surulere, Lagos",Ibadan,medium_spender,50000,150000,398950.14,Successful,SUSPICIOUS,"Amount ₦398,950.14 is 8.0x above customer's typical maximum of ₦50,000"
TXN001027,2026-01-26,22:19:57,Monday,CUST0039,Tunde Nwosu,8518405632,1659,Visa Credit,Zenith Bank,Online Transfer,4632.99,340546.45,340546.45,"ATM_LG_003 - Lekki Phase 1, Lagos",Kaduna,medium_spender,50000,150000,0,Successful,NORMAL,
TXN000443,2026-01-26,22:43:09,Monday,CUST0014,Dayo Babatunde,7962797218,4925,Visa Credit,Access Bank,POS Purchase,1183.7,7019.74,5836.04,"ATM_LG_001 - Ikeja Branch, Lagos",Enugu,low_spender,10000,50000,1183.7,Reversed,NORMAL,
TXN000522,2026-01-26,23:05:33,Monday,CUST0017,Chidi Bello,1122281086,3728,Mastercard Debit,Zenith Bank,ATM Balance Enquiry,39140.01,313936.58,313936.58,"ATM_LG_005 - Yaba, Lagos",Lagos,medium_spender,50000,150000,0,Successful,NORMAL,
TXN002040,2026-01-26,23:53:38,Monday,CUST0075,Seun Nwosu,6803179670,4072,Visa Credit,GTBank,POS Purchase,1752.65,13461.1,11708.45,"ATM_PH_001 - GRA Phase 2, Port Harcourt",Kano,low_spender,10000,50000,1752.65,Successful,NORMAL,
TXN001155,2026-01-27,01:30:45,Tuesday,CUST0044,Uche Usman,2874900400,5082,Visa Credit,Stanbic IBTC,POS Purchase,2778.05,344108.74,341330.69,"ATM_LG_003 - Lekki Phase 1, Lagos",Kano,medium_spender,50000,150000,2778.05,Successful,NORMAL,
TXN001073,2026-01-27,01:31:13,Tuesday,CUST0040,Uche Bello,1352141056,6134,Verve,Zenith Bank,POS Purchase,48106.47,282656.7,234550.23,"ATM_LG_002 - Victoria Island, Lagos",Kaduna,medium_spender,50000,150000,48106.47,Declined,NORMAL,
TXN002156,2026-01-27,02:28:39,Tuesday,CUST0079,Fatima Okonkwo,1782327517,9193,Mastercard Debit,Access Bank,POS Purchase,110628.03,1410569.52,1299941.49,"ATM_LG_004 - Surulere, Lagos",Kano,high_spender,200000,500000,110628.03,Successful,NORMAL,
TXN000523,2026-01-27,02:42:35,Tuesday,CUST0017,Chidi Bello,1122281086,3728,Mastercard Debit,Zenith Bank,POS Purchase,49995.38,492446.5,442451.12,"ATM_LG_003 - Lekki Phase 1, Lagos",Lagos,medium_spender,50000,150000,49995.38,Successful,NORMAL,
TXN000787,2026-01-27,02:54:20,Tuesday,CUST0027,Nkechi Adeyemi,6382100233,6628,Visa Debit,First Bank,ATM Withdrawal,47881.44,85789.25,37907.81,"ATM_LG_004 - Surulere, Lagos",Abuja,medium_spender,50000,150000,47881.44,Successful,NORMAL,
TXN000282,2026-01-27,04:42:15,Tuesday,CUST0010,Efua Chukwu,6997365350,6821,Mastercard Debit,Stanbic IBTC,POS Purchase,188422.0,1263031.95,1074609.95,"ATM_LG_004 - Surulere, Lagos",Ibadan,high_spender,200000,500000,188422.0,Successful,NORMAL,
TXN001324,2026-01-27,05:38:42,Tuesday,CUST0050,Nkechi Eze,5802869654,3762,Mastercard Debit,First Bank,Online Transfer,35114.84,222509.33,222509.33,"ATM_LG_004 - Surulere, Lagos",Benin City,medium_spender,50000,150000,0,Successful,NORMAL,
TXN000252,2026-01-27,06:26:34,Tuesday,CUST0009,Jide Adeyemi,1764184578,3085,Visa Credit,Fidelity Bank,ATM Withdrawal,15569.65,455089.81,439520.16,"ATM_LG_003 - Lekki Phase 1, Lagos",Kano,medium_spender,50000,150000,15569.65,Successful,NORMAL,
TXN000253,2026-01-27,08:42:35,Tuesday,CUST0009,Jide Adeyemi,1764184578,3085,Visa Credit,Fidelity Bank,ATM Balance Enquiry,358872.84,100025.23,100025.23,"ATM_LG_003 - Lekki Phase 1, Lagos",Kano,medium_spender,50000,150000,15569.65,Successful,SUSPICIOUS,"Amount ₦358,872.84 is 7.2x above customer's typical maximum of ₦50,000"
TXN002125,2026-01-27,09:53:09,Tuesday,CUST0078,Uche Salami,0072246503,5411,Visa Credit,Access Bank,ATM Withdrawal,31013.29,324187.55,293174.26,"ATM_LG_002 - Victoria Island, Lagos",Port Harcourt,medium_spender,50000,150000,31013.29,Successful,NORMAL,
TXN002126,2026-01-27,10:16:41,Tuesday,CUST0078,Uche Salami,0072246503,5411,Visa Credit,Access Bank,ATM Withdrawal,23885.99,388117.3,364231.31,"ATM_LG_005 - Yaba, Lagos",Port Harcourt,medium_spender,50000,150000,54899.28,Successful,NORMAL,
TXN000564,2026-01-27,11:15:17,Tuesday,CUST0018,Jide Suleiman,6342127803,7174,Visa Credit,Fidelity Bank,Online Transfer,16455.87,433496.82,433496.82,"ATM_LG_002 - Victoria Island, Lagos",Abuja,medium_spender,50000,150000,0,Successful,NORMAL,
TXN000780,2026-01-27,12:08:20,Tuesday,CUST0026,Chidi Bello,2562484370,1445,Visa Credit,Access Bank,ATM Withdrawal,6091.19,58922.5,52831.31,"ATM_LG_003 - Lekki Phase 1, Lagos",Enugu,low_spender,10000,50000,6091.19,Successful,NORMAL,
TXN000647,2026-01-27,12:11:17,Tuesday,CUST0020,Chibundo Adeyemi,6105295550,7171,Mastercard Debit,Fidelity Bank,POS Purchase,36478.82,37796.42,1317.6,"ATM_EN_001 - Independence Layout, Enugu [HOME STATE: Lagos]",Lagos,medium_spender,50000,150000,36478.82,Successful,SUSPICIOUS,Card used at Port Harcourt ATM but customer is based in Lagos
TXN000283,2026-01-27,12:15:21,Tuesday,CUST0010,Efua Chukwu,6997365350,6821,Mastercard Debit,Stanbic IBTC,ATM Balance Enquiry,154505.83,860156.84,860156.84,"ATM_LG_004 - Surulere, Lagos",Ibadan,high_spender,200000,500000,188422.0,Successful,NORMAL,
TXN000565,2026-01-27,16:37:41,Tuesday,CUST0018,Jide Suleiman,6342127803,7174,Visa Credit,Fidelity Bank,POS Purchase,31202.47,175666.19,144463.72,"ATM_LG_002 - Victoria Island, Lagos",Abuja,medium_spender,50000,150000,31202.47,Successful,NORMAL,
TXN001577,2026-01-27,17:15:28,Tuesday,CUST0058,Chisom Eze,2290020457,3375,Verve,GTBank,POS Purchase,3699.05,17299.52,13600.47,"ATM_LG_002 - Victoria Island, Lagos",Enugu,low_spender,10000,50000,3699.05,Successful,NORMAL,
TXN002062,2026-01-27,17:20:27,Tuesday,CUST0076,Nneka Eze,5651997036,7616,Verve,GTBank,POS Purchase,6928.15,17510.34,10582.19,"ATM_AB_003 - Maitama, Abuja",Ibadan,low_spender,10000,50000,6928.15,Successful,NORMAL,
TXN001600,2026-01-27,17:35:11,Tuesday,CUST0060,Dayo Obi,7463734803,6570,Visa Debit,GTBank,POS Purchase,2094.37,96241.25,94146.88,"ATM_LG_002 - Victoria Island, Lagos",Lagos,low_spender,10000,50000,2094.37,Successful,NORMAL,
TXN000683,2026-01-27,18:08:01,Tuesday,CUST0022,Ola Okonkwo,2404296200,9240,Mastercard Debit,Zenith Bank,Online Transfer,1519.02,46451.2,46451.2,"ATM_LG_003 - Lekki Phase 1, Lagos",Kaduna,low_spender,10000,50000,0,Successful,NORMAL,
TXN002005,2026-01-27,18:19:18,Tuesday,CUST0074,Adebayo Okeke,7232677456,6745,Visa Credit,UBA,POS Purchase,5557.98,312426.05,306868.07,"ATM_LG_004 - Surulere, Lagos",Lagos,medium_spender,50000,150000,5557.98,Successful,NORMAL,
TXN002127,2026-01-27,19:50:22,Tuesday,CUST0078,Uche Salami,0072246503,5411,Visa Credit,Access Bank,ATM Balance Enquiry,32785.43,314149.85,314149.85,"ATM_LG_005 - Yaba, Lagos",Port Harcourt,medium_spender,50000,150000,54899.28,Declined,NORMAL,
TXN000604,2026-01-27,20:26:57,Tuesday,CUST0019,Tunde Eze,2754590960,5925,Verve,Zenith Bank,ATM Mini Statement,162355.77,1117943.09,1117943.09,"ATM_LG_004 - Surulere, Lagos",Abuja,high_spender,200000,500000,0,Successful,NORMAL,
TXN001246,2026-01-27,20:57:22,Tuesday,CUST0047,Musa Salami,6245202877,5548,Mastercard Debit,Zenith Bank,ATM Mini Statement,22718.21,55468.96,55468.96,"ATM_LG_001 - Ikeja Branch, Lagos",Kano,medium_spender,50000,150000,0,Successful,NORMAL,
TXN000404,2026-01-27,22:07:43,Tuesday,CUST0013,Zainab Musa,1662475227,7373,Verve,Zenith Bank,POS Purchase,189266.34,1646402.41,1457136.07,"ATM_LG_003 - Lekki Phase 1, Lagos",Port Harcourt,high_spender,200000,500000,189266.34,Successful,NORMAL,
TXN001545,2026-01-28,04:14:21,Wednesday,CUST0057,Tunde Okafor,1565330284,7497,Mastercard Debit,First Bank,Online Transfer,85548.03,1979568.43,1979568.43,"ATM_LG_004 - Surulere, Lagos",Ibadan,high_spender,200000,500000,0,Successful,NORMAL,
TXN001156,2026-01-28,04:26:51,Wednesday,CUST0044,Uche Usman,2874900400,5082,Visa Credit,Stanbic IBTC,ATM Withdrawal,51971.75,487485.61,435513.86,"ATM_LG_003 - Lekki Phase 1, Lagos",Kano,medium_spender,50000,150000,51971.75,Successful,SUSPICIOUS,Transaction at 04:26 — outside normal banking hours (midnight–4am)
TXN000524,2026-01-28,06:41:32,Wednesday,CUST0017,Chidi Bello,1122281086,3728,Mastercard Debit,Zenith Bank,Online Transfer,31406.68,301778.4,301778.4,"ATM_LG_003 - Lekki Phase 1, Lagos",Lagos,medium_spender,50000,150000,0,Successful,NORMAL,
TXN001139,2026-01-28,07:45:35,Wednesday,CUST0043,Biodun Okafor,8010307387,9136,Mastercard Debit,GTBank,POS Purchase,2414.46,58612.89,56198.43,"ATM_LG_002 - Victoria Island, Lagos",Kaduna,low_spender,10000,50000,2414.46,Declined,NORMAL,
TXN000803,2026-01-28,08:50:10,Wednesday,CUST0028,Amaka Babatunde,1576868455,2911,Mastercard Debit,Zenith Bank,ATM Withdrawal,6452.29,92487.07,86034.78,"ATM_LG_005 - Yaba, Lagos",Enugu,low_spender,10000,50000,6452.29,Successful,NORMAL,
TXN001422,2026-01-28,09:03:47,Wednesday,CUST0053,Gbenga Okafor,0500303393,4495,Visa Credit,Zenith Bank,ATM Withdrawal,9096.96,45525.55,36428.59,"ATM_LG_003 - Lekki Phase 1, Lagos",Enugu,low_spender,10000,50000,9096.96,Successful,NORMAL,
TXN000112,2026-01-28,09:07:41,Wednesday,CUST0004,Jide Lawal,9282010276,2329,Verve,UBA,POS Purchase,47022.12,441161.94,394139.82,"ATM_LG_004 - Surulere, Lagos",Lagos,medium_spender,50000,150000,47022.12,Successful,NORMAL,
TXN000488,2026-01-28,10:19:06,Wednesday,CUST0016,Adebayo Musa,7063317244,6982,Mastercard Debit,Fidelity Bank,ATM Withdrawal,122848.35,1832460.11,1709611.76,"ATM_LG_005 - Yaba, Lagos",Enugu,high_spender,200000,500000,122848.35,Successful,NORMAL,
TXN001364,2026-01-28,10:58:11,Wednesday,CUST0051,Aisha Suleiman,2787994879,8601,Visa Credit,GTBank,POS Purchase,19779.67,78345.34,58565.67,"ATM_LG_005 - Yaba, Lagos",Abuja,medium_spender,50000,150000,19779.67,Successful,NORMAL,
TXN001124,2026-01-28,12:29:30,Wednesday,CUST0042,Kemi Okonkwo,5073717438,1620,Verve,UBA,Online Transfer,8947.66,137737.63,137737.63,"ATM_LG_003 - Lekki Phase 1, Lagos",Kano,medium_spender,50000,150000,0,Successful,NORMAL,
TXN000975,2026-01-28,13:31:44,Wednesday,CUST0037,Rotimi Babatunde,8953520583,4419,Visa Credit,GTBank,ATM Withdrawal,27847.92,299223.18,271375.26,"ATM_AB_001 - Wuse Zone 5, Abuja",Enugu,medium_spender,50000,150000,27847.92,Successful,NORMAL,
TXN000566,2026-01-28,13:49:23,Wednesday,CUST0018,Jide Suleiman,6342127803,7174,Visa Credit,Fidelity Bank,ATM Withdrawal,19423.35,266719.25,247295.9,"ATM_EN_001 - Independence Layout, Enugu",Abuja,medium_spender,50000,150000,19423.35,Declined,NORMAL,
TXN001672,2026-01-28,14:26:34,Wednesday,CUST0063,Amaka Musa,0330885397,2813,Visa Debit,Access Bank,ATM Withdrawal,26510.19,342299.19,315789.0,"ATM_LG_004 - Surulere, Lagos",Kano,medium_spender,50000,150000,26510.19,Successful,NORMAL,
TXN001365,2026-01-28,17:27:18,Wednesday,CUST0051,Aisha Suleiman,2787994879,8601,Visa Credit,GTBank,ATM Withdrawal,20110.51,238827.4,218716.89,"ATM_LG_003 - Lekki Phase 1, Lagos",Abuja,medium_spender,50000,150000,39890.18,Successful,NORMAL,
TXN000284,2026-01-28,17:30:53,Wednesday,CUST0010,Efua Chukwu,6997365350,6821,Mastercard Debit,Stanbic IBTC,ATM Withdrawal,192869.06,1013689.4,820820.34,"ATM_LG_004 - Surulere, Lagos",Ibadan,high_spender,200000,500000,192869.06,Successful,NORMAL,
TXN001325,2026-01-28,18:23:15,Wednesday,CUST0050,Nkechi Eze,5802869654,3762,Mastercard Debit,First Bank,ATM Withdrawal,398931.14,295026.03,0,"ATM_LG_004 - Surulere, Lagos",Benin City,medium_spender,50000,150000,398931.14,Declined,SUSPICIOUS,"Amount ₦398,931.14 is 8.0x above customer's typical maximum of ₦50,000"
TXN001326,2026-01-28,18:33:32,Wednesday,CUST0050,Nkechi Eze,5802869654,3762,Mastercard Debit,First Bank,POS Purchase,33580.12,304819.42,271239.3,"ATM_LG_004 - Surulere, Lagos",Benin City,medium_spender,50000,150000,432511.26,Declined,SUSPICIOUS,"Daily cumulative total ₦432,511.26 exceeds customer limit of ₦150,000"
TXN000752,2026-01-28,18:44:49,Wednesday,CUST0025,Amaka Adeyemi,3100605304,4032,Verve,GTBank,POS Purchase,5019.77,52746.45,47726.68,"ATM_AB_003 - Maitama, Abuja",Enugu,low_spender,10000,50000,5019.77,Successful,NORMAL,
TXN001247,2026-01-28,20:19:05,Wednesday,CUST0047,Musa Salami,6245202877,5548,Mastercard Debit,Zenith Bank,ATM Withdrawal,22404.04,42082.53,19678.49,"ATM_LG_005 - Yaba, Lagos",Kano,medium_spender,50000,150000,22404.04,Successful,NORMAL,
TXN001248,2026-01-28,20:28:29,Wednesday,CUST0047,Musa Salami,6245202877,5548,Mastercard Debit,Zenith Bank,ATM Withdrawal,19621.3,68651.93,49030.63,"ATM_LG_005 - Yaba, Lagos",Kano,medium_spender,50000,150000,42025.34,Successful,NORMAL,
TXN001601,2026-01-28,21:06:02,Wednesday,CUST0060,Dayo Obi,7463734803,6570,Visa Debit,GTBank,POS Purchase,2204.47,28241.93,26037.46,"ATM_LG_002 - Victoria Island, Lagos",Lagos,low_spender,10000,50000,2204.47,Successful,NORMAL,
TXN001074,2026-01-28,23:31:51,Wednesday,CUST0040,Uche Bello,1352141056,6134,Verve,Zenith Bank,POS Purchase,30896.73,106466.62,75569.89,"ATM_LG_002 - Victoria Island, Lagos",Kaduna,medium_spender,50000,150000,30896.73,Declined,NORMAL,
TXN000648,2026-01-29,00:52:13,Thursday,CUST0020,Chibundo Adeyemi,6105295550,7171,Mastercard Debit,Fidelity Bank,POS Purchase,44780.42,164683.87,119903.45,"ATM_AB_002 - Garki Area 11, Abuja",Lagos,medium_spender,50000,150000,44780.42,Successful,NORMAL,
TXN002006,2026-01-29,01:14:50,Thursday,CUST0074,Adebayo Okeke,7232677456,6745,Visa Credit,UBA,ATM Withdrawal,14014.51,491356.54,477342.03,"ATM_AB_001 - Wuse Zone 5, Abuja",Lagos,medium_spender,50000,150000,14014.51,Successful,NORMAL,
TXN000201,2026-01-29,01:29:17,Thursday,CUST0007,Ola Usman,1521840905,4544,Visa Credit,First Bank,ATM Withdrawal,23953.15,12936.14,0,"ATM_LG_005 - Yaba, Lagos",Enugu,low_spender,10000,50000,23953.15,Successful,SUSPICIOUS,Transaction at 01:29 — outside normal banking hours (midnight–4am)
TXN002063,2026-01-29,01:53:46,Thursday,CUST0076,Nneka Eze,5651997036,7616,Verve,GTBank,POS Purchase,8740.37,82664.7,73924.33,"ATM_LG_001 - Ikeja Branch, Lagos",Ibadan,low_spender,10000,50000,8740.37,Successful,SUSPICIOUS,Transaction at 01:53 — outside normal banking hours (midnight–4am)
TXN001010,2026-01-29,02:44:36,Thursday,CUST0038,Zainab Adeleke,2884009952,3102,Verve,Stanbic IBTC,Online Transfer,801.84,34494.95,34494.95,"ATM_LG_002 - Victoria Island, Lagos",Enugu,low_spender,10000,50000,0,Reversed,NORMAL,
TXN000976,2026-01-29,04:35:34,Thursday,CUST0037,Rotimi Babatunde,8953520583,4419,Visa Credit,GTBank,ATM Withdrawal,32109.05,253144.24,221035.19,"ATM_LG_005 - Yaba, Lagos",Enugu,medium_spender,50000,150000,32109.05,Successful,NORMAL,
TXN001673,2026-01-29,05:06:50,Thursday,CUST0063,Amaka Musa,0330885397,2813,Visa Debit,Access Bank,ATM Balance Enquiry,145707.42,67366.64,67366.64,"ATM_LG_004 - Surulere, Lagos",Kano,medium_spender,50000,150000,0,Successful,SUSPICIOUS,"High-value transaction ₦145,707.42 flagged for velocity check"
TXN001849,2026-01-29,05:08:37,Thursday,CUST0069,Sola Ogundipe,9848126899,3976,Visa Debit,First Bank,POS Purchase,2094.92,65368.75,63273.83,"ATM_LG_005 - Yaba, Lagos",Abuja,low_spender,10000,50000,2094.92,Successful,NORMAL,
TXN000072,2026-01-29,05:44:55,Thursday,CUST0003,Nkechi Okonkwo,4806358178,4245,Mastercard Debit,GTBank,POS Purchase,110716.36,666199.28,555482.92,"ATM_LG_004 - Surulere, Lagos",Kano,high_spender,200000,500000,110716.36,Successful,NORMAL,
TXN001366,2026-01-29,06:57:27,Thursday,CUST0051,Aisha Suleiman,2787994879,8601,Visa Credit,GTBank,ATM Balance Enquiry,27025.37,432057.57,432057.57,"ATM_LG_005 - Yaba, Lagos",Abuja,medium_spender,50000,150000,0,Successful,NORMAL,
TXN000955,2026-01-29,06:57:38,Thursday,CUST0036,Chibundo Obi,2442831915,1411,Visa Debit,First Bank,POS Purchase,1865.76,23345.11,21479.35,"ATM_LG_004 - Surulere, Lagos",Ibadan,low_spender,10000,50000,1865.76,Successful,NORMAL,
TXN001892,2026-01-29,08:38:44,Thursday,CUST0071,Ngozi Usman,1234933970,6062,Verve,Stanbic IBTC,Online Transfer,42055.94,52698.18,52698.18,"ATM_LG_002 - Victoria Island, Lagos",Lagos,medium_spender,50000,150000,0,Successful,NORMAL,
TXN000825,2026-01-29,08:46:16,Thursday,CUST0030,Aisha Obi,7765839814,7526,Visa Credit,Fidelity Bank,POS Purchase,7874.88,15244.29,7369.41,"ATM_LG_003 - Lekki Phase 1, Lagos",Benin City,low_spender,10000,50000,7874.88,Successful,NORMAL,
TXN000788,2026-01-29,09:01:38,Thursday,CUST0027,Nkechi Adeyemi,6382100233,6628,Visa Debit,First Bank,ATM Balance Enquiry,322265.11,248156.35,248156.35,"ATM_LG_004 - Surulere, Lagos",Abuja,medium_spender,50000,150000,0,Successful,SUSPICIOUS,"Amount ₦322,265.11 is 6.4x above customer's typical maximum of ₦50,000"
TXN001367,2026-01-29,09:38:11,Thursday,CUST0051,Aisha Suleiman,2787994879,8601,Visa Credit,GTBank,ATM Withdrawal,45168.39,440601.0,395432.61,"ATM_LG_003 - Lekki Phase 1, Lagos",Abuja,medium_spender,50000,150000,45168.39,Successful,NORMAL,
TXN001644,2026-01-29,10:45:48,Thursday,CUST0062,Jide Nwosu,7690627387,6253,Verve,Fidelity Bank,ATM Withdrawal,7089.82,60493.12,53403.3,"ATM_LG_005 - Yaba, Lagos",Ibadan,low_spender,10000,50000,7089.82,Successful,NORMAL,
TXN000073,2026-01-29,11:12:09,Thursday,CUST0003,Nkechi Okonkwo,4806358178,4245,Mastercard Debit,GTBank,ATM Mini Statement,194635.28,1565205.76,1565205.76,"ATM_LG_003 - Lekki Phase 1, Lagos",Kano,high_spender,200000,500000,110716.36,Declined,NORMAL,
TXN000285,2026-01-29,12:09:41,Thursday,CUST0010,Efua Chukwu,6997365350,6821,Mastercard Debit,Stanbic IBTC,ATM Mini Statement,73661.97,435974.8,435974.8,"ATM_LG_004 - Surulere, Lagos",Ibadan,high_spender,200000,500000,0,Successful,NORMAL,
TXN001028,2026-01-29,13:15:51,Thursday,CUST0039,Tunde Nwosu,8518405632,1659,Visa Credit,Zenith Bank,ATM Withdrawal,29315.53,485504.78,456189.25,"ATM_LG_003 - Lekki Phase 1, Lagos",Kaduna,medium_spender,50000,150000,29315.53,Successful,NORMAL,
TXN001157,2026-01-29,16:51:44,Thursday,CUST0044,Uche Usman,2874900400,5082,Visa Credit,Stanbic IBTC,POS Purchase,43714.67,172832.8,129118.13,"ATM_LG_003 - Lekki Phase 1, Lagos",Kano,medium_spender,50000,150000,43714.67,Reversed,NORMAL,
TXN000489,2026-01-29,17:23:19,Thursday,CUST0016,Adebayo Musa,7063317244,6982,Mastercard Debit,Fidelity Bank,POS Purchase,66767.08,1060576.48,993809.4,"ATM_LG_005 - Yaba, Lagos",Enugu,high_spender,200000,500000,66767.08,Successful,NORMAL,
TXN000753,2026-01-29,18:11:46,Thursday,CUST0025,Amaka Adeyemi,3100605304,4032,Verve,GTBank,ATM Withdrawal,4293.49,62878.72,58585.23,ATM_KN_001 - Kano City Centre,Enugu,low_spender,10000,50000,4293.49,Successful,NORMAL,
TXN000039,2026-01-29,20:22:42,Thursday,CUST0002,Efua Babatunde,9356327295,2359,Visa Credit,Zenith Bank,ATM Withdrawal,24310.52,234113.37,209802.85,"ATM_LG_001 - Ikeja Branch, Lagos",Kaduna,medium_spender,50000,150000,24310.52,Successful,NORMAL,
TXN001205,2026-01-29,20:39:36,Thursday,CUST0046,Tunde Babatunde,9470820432,1291,Verve,Zenith Bank,ATM Withdrawal,50953.2,871652.61,820699.41,"ATM_LG_003 - Lekki Phase 1, Lagos",Kaduna,high_spender,200000,500000,50953.2,Successful,NORMAL,
TXN000875,2026-01-29,21:32:12,Thursday,CUST0032,Ola Suleiman,6422426142,7858,Verve,Zenith Bank,ATM Withdrawal,4394.69,85174.48,80779.79,"ATM_LG_003 - Lekki Phase 1, Lagos",Kano,low_spender,10000,50000,4394.69,Successful,NORMAL,
TXN001860,2026-01-29,22:01:07,Thursday,CUST0070,Uche Adeola,6486987091,8454,Verve,Zenith Bank,ATM Withdrawal,207092.53,131983.17,0,"ATM_IB_001 - Ring Road, Ibadan",Abuja,medium_spender,50000,150000,207092.53,Declined,SUSPICIOUS,"Amount ₦207,092.53 is 4.1x above customer's typical maximum of ₦50,000"
TXN001125,2026-01-30,00:26:04,Friday,CUST0042,Kemi Okonkwo,5073717438,1620,Verve,UBA,POS Purchase,14741.27,167491.79,152750.52,"ATM_LG_003 - Lekki Phase 1, Lagos",Kano,medium_spender,50000,150000,14741.27,Successful,NORMAL,
TXN001158,2026-01-30,00:30:06,Friday,CUST0044,Uche Usman,2874900400,5082,Visa Credit,Stanbic IBTC,Online Transfer,29078.01,238466.68,238466.68,"ATM_LG_002 - Victoria Island, Lagos",Kano,medium_spender,50000,150000,0,Successful,NORMAL,
TXN000286,2026-01-30,00:48:30,Friday,CUST0010,Efua Chukwu,6997365350,6821,Mastercard Debit,Stanbic IBTC,ATM Withdrawal,179385.98,1440891.5,1261505.52,"ATM_LG_002 - Victoria Island, Lagos",Ibadan,high_spender,200000,500000,179385.98,Successful,NORMAL,
TXN001075,2026-01-30,02:10:26,Friday,CUST0040,Uche Bello,1352141056,6134,Verve,Zenith Bank,ATM Withdrawal,137256.61,33056.55,0,"ATM_LG_002 - Victoria Island, Lagos",Kaduna,medium_spender,50000,150000,137256.61,Declined,SUSPICIOUS,"High-value transaction ₦137,256.61 flagged for velocity check"
TXN000165,2026-01-30,02:28:46,Friday,CUST0006,Kemi Obi,2961112422,7715,Visa Credit,Stanbic IBTC,ATM Withdrawal,337082.83,878976.63,541893.8,"ATM_LG_003 - Lekki Phase 1, Lagos",Port Harcourt,high_spender,200000,500000,337082.83,Reversed,SUSPICIOUS,Transaction at 02:28 — outside normal banking hours (midnight–4am)
TXN001821,2026-01-30,05:19:22,Friday,CUST0067,Taiwo Bello,4522759725,7104,Verve,GTBank,ATM Withdrawal,8138.32,68842.5,60704.18,"ATM_LG_004 - Surulere, Lagos",Abuja,low_spender,10000,50000,8138.32,Successful,NORMAL,
TXN001076,2026-01-30,06:38:43,Friday,CUST0040,Uche Bello,1352141056,6134,Verve,Zenith Bank,ATM Withdrawal,15352.35,312650.63,297298.28,"ATM_LG_002 - Victoria Island, Lagos",Kaduna,medium_spender,50000,150000,152608.96,Declined,SUSPICIOUS,"Daily cumulative total ₦152,608.96 exceeds customer limit of ₦150,000"
TXN000921,2026-01-30,08:10:07,Friday,CUST0034,Nkechi Babatunde,7423582839,6817,Visa Credit,Stanbic IBTC,ATM Withdrawal,31998.95,86455.04,54456.09,"ATM_LG_005 - Yaba, Lagos",Kano,low_spender,10000,50000,31998.95,Successful,SUSPICIOUS,"High-value transaction ₦31,998.95 flagged for velocity check"
TXN000166,2026-01-30,11:25:09,Friday,CUST0006,Kemi Obi,2961112422,7715,Visa Credit,Stanbic IBTC,POS Purchase,149835.85,964923.41,815087.56,"ATM_LG_003 - Lekki Phase 1, Lagos",Port Harcourt,high_spender,200000,500000,486918.68,Successful,NORMAL,
TXN000977,2026-01-30,11:47:12,Friday,CUST0037,Rotimi Babatunde,8953520583,4419,Visa Credit,GTBank,Online Transfer,48009.35,175751.87,175751.87,"ATM_AB_002 - Garki Area 11, Abuja",Enugu,medium_spender,50000,150000,0,Successful,NORMAL,
TXN000287,2026-01-30,13:05:18,Friday,CUST0010,Efua Chukwu,6997365350,6821,Mastercard Debit,Stanbic IBTC,POS Purchase,148377.43,1863683.16,1715305.73,"ATM_LG_004 - Surulere, Lagos",Ibadan,high_spender,200000,500000,327763.41,Successful,NORMAL,
TXN000490,2026-01-30,14:01:44,Friday,CUST0016,Adebayo Musa,7063317244,6982,Mastercard Debit,Fidelity Bank,POS Purchase,17922.51,348536.89,330614.38,"ATM_LG_005 - Yaba, Lagos",Enugu,high_spender,200000,500000,17922.51,Successful,NORMAL,
TXN001674,2026-01-30,15:53:23,Friday,CUST0063,Amaka Musa,0330885397,2813,Visa Debit,Access Bank,ATM Withdrawal,24697.72,458339.3,433641.58,"ATM_LG_001 - Ikeja Branch, Lagos",Kano,medium_spender,50000,150000,24697.72,Successful,NORMAL,
TXN001788,2026-01-30,17:15:51,Friday,CUST0066,Ola Afolabi,2938289640,5620,Visa Debit,Access Bank,ATM Withdrawal,20594.28,225455.38,204861.1,"ATM_EN_001 - Independence Layout, Enugu",Port Harcourt,medium_spender,50000,150000,20594.28,Successful,NORMAL,
TXN001645,2026-01-30,21:55:25,Friday,CUST0062,Jide Nwosu,7690627387,6253,Verve,Fidelity Bank,ATM Withdrawal,3029.23,52694.09,49664.86,"ATM_LG_005 - Yaba, Lagos",Ibadan,low_spender,10000,50000,3029.23,Successful,NORMAL,
TXN000327,2026-01-30,22:42:37,Friday,CUST0011,Bola Afolabi,3656018830,9554,Visa Credit,GTBank,POS Purchase,29288.25,79845.51,50557.26,"ATM_LG_004 - Surulere, Lagos",Ibadan,medium_spender,50000,150000,29288.25,Successful,NORMAL,
TXN001029,2026-01-30,23:27:15,Friday,CUST0039,Tunde Nwosu,8518405632,1659,Visa Credit,Zenith Bank,POS Purchase,30992.78,300549.22,269556.44,"ATM_LG_003 - Lekki Phase 1, Lagos",Kaduna,medium_spender,50000,150000,30992.78,Successful,NORMAL,
TXN001107,2026-01-30,23:28:42,Friday,CUST0041,Gbenga Musa,2240888423,7738,Visa Credit,Fidelity Bank,ATM Withdrawal,1826.25,11587.31,9761.06,"ATM_LG_001 - Ikeja Branch, Lagos",Kaduna,low_spender,10000,50000,1826.25,Declined,NORMAL,
TXN000140,2026-01-31,00:21:38,Saturday,CUST0005,Chibundo Eze,5286303748,7620,Visa Credit,Access Bank,POS Purchase,31576.87,82174.35,50597.48,"ATM_LG_005 - Yaba, Lagos",Kano,low_spender,10000,50000,31576.87,Successful,SUSPICIOUS,"Amount ₦31,576.87 is 3.2x above customer's typical maximum of ₦10,000"
TXN002041,2026-01-31,01:11:40,Saturday,CUST0075,Seun Nwosu,6803179670,4072,Visa Credit,GTBank,Online Transfer,847.06,14875.47,14875.47,"ATM_LG_002 - Victoria Island, Lagos",Kano,low_spender,10000,50000,0,Successful,NORMAL,
TXN001030,2026-01-31,02:00:36,Saturday,CUST0039,Tunde Nwosu,8518405632,1659,Visa Credit,Zenith Bank,ATM Withdrawal,20435.74,355710.97,335275.23,"ATM_LG_003 - Lekki Phase 1, Lagos",Kaduna,medium_spender,50000,150000,20435.74,Successful,NORMAL,
TXN001602,2026-01-31,02:33:10,Saturday,CUST0060,Dayo Obi,7463734803,6570,Visa Debit,GTBank,ATM Withdrawal,9057.96,89262.84,80204.88,"ATM_LG_002 - Victoria Island, Lagos",Lagos,low_spender,10000,50000,9057.96,Successful,NORMAL,
TXN001518,2026-01-31,04:05:36,Saturday,CUST0056,Chibundo Musa,5954546293,6058,Visa Credit,Access Bank,POS Purchase,6899.23,49594.41,42695.18,"ATM_LG_001 - Ikeja Branch, Lagos",Abuja,low_spender,10000,50000,6899.23,Successful,NORMAL,
TXN000826,2026-01-31,04:16:56,Saturday,CUST0030,Aisha Obi,7765839814,7526,Visa Credit,Fidelity Bank,ATM Balance Enquiry,5466.29,72184.36,72184.36,"ATM_LG_003 - Lekki Phase 1, Lagos",Benin City,low_spender,10000,50000,0,Successful,NORMAL,
TXN000876,2026-01-31,04:59:40,Saturday,CUST0032,Ola Suleiman,6422426142,7858,Verve,Zenith Bank,ATM Mini Statement,8114.58,47734.26,47734.26,"ATM_PH_001 - GRA Phase 2, Port Harcourt [HOME STATE: Kano]",Kano,low_spender,10000,50000,0,Successful,SUSPICIOUS,Card used at Port Harcourt ATM but customer is based in Kano
TXN000288,2026-01-31,05:57:48,Saturday,CUST0010,Efua Chukwu,6997365350,6821,Mastercard Debit,Stanbic IBTC,ATM Withdrawal,107912.57,584615.12,476702.55,"ATM_IB_001 - Ring Road, Ibadan",Ibadan,high_spender,200000,500000,107912.57,Successful,NORMAL,
TXN002157,2026-01-31,06:57:52,Saturday,CUST0079,Fatima Okonkwo,1782327517,9193,Mastercard Debit,Access Bank,POS Purchase,84387.95,308713.56,224325.61,"ATM_LG_004 - Surulere, Lagos",Kano,high_spender,200000,500000,84387.95,Declined,NORMAL,
TXN002158,2026-01-31,07:09:01,Saturday,CUST0079,Fatima Okonkwo,1782327517,9193,Mastercard Debit,Access Bank,POS Purchase,22489.65,780579.16,758089.51,"ATM_LG_004 - Surulere, Lagos",Kano,high_spender,200000,500000,106877.6,Successful,NORMAL,
TXN000922,2026-01-31,07:21:38,Saturday,CUST0034,Nkechi Babatunde,7423582839,6817,Visa Credit,Stanbic IBTC,Online Transfer,8173.93,41192.88,41192.88,"ATM_LG_005 - Yaba, Lagos",Kano,low_spender,10000,50000,0,Successful,NORMAL,
TXN001306,2026-01-31,07:44:07,Saturday,CUST0049,Musa Adeleke,3362363512,1975,Visa Credit,GTBank,POS Purchase,8925.53,99802.99,90877.46,"ATM_LG_004 - Surulere, Lagos",Ibadan,low_spender,10000,50000,8925.53,Successful,NORMAL,
TXN000328,2026-01-31,08:31:06,Saturday,CUST0011,Bola Afolabi,3656018830,9554,Visa Credit,GTBank,Online Transfer,3038.95,198049.88,198049.88,"ATM_LG_004 - Surulere, Lagos",Ibadan,medium_spender,50000,150000,0,Successful,NORMAL,
TXN000405,2026-01-31,10:00:53,Saturday,CUST0013,Zainab Musa,1662475227,7373,Verve,Zenith Bank,ATM Withdrawal,112410.19,1342722.82,1230312.63,"ATM_LG_003 - Lekki Phase 1, Lagos",Port Harcourt,high_spender,200000,500000,112410.19,Successful,NORMAL,
TXN000719,2026-01-31,10:54:14,Saturday,CUST0024,Ola Babatunde,4288813383,7897,Verve,Zenith Bank,POS Purchase,10592.38,338905.48,328313.1,"ATM_LG_004 - Surulere, Lagos",Enugu,medium_spender,50000,150000,10592.38,Successful,NORMAL,
TXN000567,2026-01-31,13:01:07,Saturday,CUST0018,Jide Suleiman,6342127803,7174,Visa Credit,Fidelity Bank,Online Transfer,26037.27,395917.69,395917.69,"ATM_LG_002 - Victoria Island, Lagos",Abuja,medium_spender,50000,150000,0,Declined,NORMAL,
TXN001850,2026-01-31,15:18:49,Saturday,CUST0069,Sola Ogundipe,9848126899,3976,Visa Debit,First Bank,ATM Withdrawal,5092.62,29854.36,24761.74,"ATM_LG_005 - Yaba, Lagos",Abuja,low_spender,10000,50000,5092.62,Successful,NORMAL,
TXN001747,2026-01-31,15:29:42,Saturday,CUST0065,Chidi Salami,7949487287,9802,Visa Debit,GTBank,ATM Balance Enquiry,13072.33,225606.03,225606.03,"ATM_LG_001 - Ikeja Branch, Lagos",Abuja,medium_spender,50000,150000,0,Successful,NORMAL,
TXN000978,2026-01-31,16:41:26,Saturday,CUST0037,Rotimi Babatunde,8953520583,4419,Visa Credit,GTBank,POS Purchase,31776.59,306497.74,274721.15,ATM_KN_001 - Kano City Centre,Enugu,medium_spender,50000,150000,31776.59,Successful,NORMAL,
TXN000491,2026-01-31,20:34:31,Saturday,CUST0016,Adebayo Musa,7063317244,6982,Mastercard Debit,Fidelity Bank,ATM Withdrawal,72052.93,417994.67,345941.74,"ATM_LG_005 - Yaba, Lagos",Enugu,high_spender,200000,500000,72052.93,Successful,NORMAL,
TXN002159,2026-01-31,20:54:40,Saturday,CUST0079,Fatima Okonkwo,1782327517,9193,Mastercard Debit,Access Bank,ATM Mini Statement,79508.21,964125.49,964125.49,"ATM_LG_004 - Surulere, Lagos",Kano,high_spender,200000,500000,106877.6,Successful,NORMAL,
TXN000167,2026-01-31,21:06:16,Saturday,CUST0006,Kemi Obi,2961112422,7715,Visa Credit,Stanbic IBTC,POS Purchase,12487.71,1222513.41,1210025.7,"ATM_LG_003 - Lekki Phase 1, Lagos",Port Harcourt,high_spender,200000,500000,12487.71,Successful,NORMAL,
TXN000851,2026-02-01,01:15:46,Sunday,CUST0031,Emeka Suleiman,9100912636,1290,Mastercard Debit,Fidelity Bank,POS Purchase,7526.13,440940.08,433413.95,"ATM_LG_001 - Ikeja Branch, Lagos",Abuja,medium_spender,50000,150000,7526.13,Successful,NORMAL,
TXN000219,2026-02-01,01:43:22,Sunday,CUST0008,Tobi Ibrahim,1205673434,2732,Mastercard Debit,First Bank,ATM Withdrawal,8785.86,52292.88,43507.02,"ATM_AB_001 - Wuse Zone 5, Abuja [HOME STATE: Ibadan]",Ibadan,low_spender,10000,50000,8785.86,Declined,SUSPICIOUS,Card used at Kano ATM but customer is based in Ibadan
TXN001546,2026-02-01,02:13:14,Sunday,CUST0057,Tunde Okafor,1565330284,7497,Mastercard Debit,First Bank,POS Purchase,60170.25,815130.57,754960.32,"ATM_LG_004 - Surulere, Lagos",Ibadan,high_spender,200000,500000,60170.25,Successful,NORMAL,
TXN000254,2026-02-01,02:17:42,Sunday,CUST0009,Jide Adeyemi,1764184578,3085,Visa Credit,Fidelity Bank,ATM Withdrawal,7475.05,489932.79,482457.74,"ATM_IB_001 - Ring Road, Ibadan",Kano,medium_spender,50000,150000,7475.05,Successful,NORMAL,
TXN001547,2026-02-01,03:12:51,Sunday,CUST0057,Tunde Okafor,1565330284,7497,Mastercard Debit,First Bank,ATM Balance Enquiry,90607.87,1667139.97,1667139.97,"ATM_LG_004 - Surulere, Lagos",Ibadan,high_spender,200000,500000,60170.25,Successful,NORMAL,
TXN001077,2026-02-01,03:28:36,Sunday,CUST0040,Uche Bello,1352141056,6134,Verve,Zenith Bank,POS Purchase,49442.85,413762.93,364320.08,"ATM_LG_002 - Victoria Island, Lagos",Kaduna,medium_spender,50000,150000,49442.85,Successful,NORMAL,
TXN002203,2026-02-01,03:37:02,Sunday,CUST0080,Ola Okonkwo,3342204457,4255,Visa Debit,UBA,POS Purchase,27592.27,228575.97,200983.7,"ATM_LG_001 - Ikeja Branch, Lagos",Benin City,medium_spender,50000,150000,27592.27,Successful,NORMAL,
TXN000827,2026-02-01,04:04:10,Sunday,CUST0030,Aisha Obi,7765839814,7526,Visa Credit,Fidelity Bank,ATM Withdrawal,2866.6,99117.46,96250.86,"ATM_LG_003 - Lekki Phase 1, Lagos",Benin City,low_spender,10000,50000,2866.6,Successful,NORMAL,
TXN001307,2026-02-01,04:56:01,Sunday,CUST0049,Musa Adeleke,3362363512,1975,Visa Credit,GTBank,ATM Withdrawal,2152.84,38680.22,36527.38,"ATM_AB_002 - Garki Area 11, Abuja",Ibadan,low_spender,10000,50000,2152.84,Successful,NORMAL,
TXN000492,2026-02-01,05:49:34,Sunday,CUST0016,Adebayo Musa,7063317244,6982,Mastercard Debit,Fidelity Bank,POS Purchase,16211.54,541670.03,525458.49,"ATM_PH_001 - GRA Phase 2, Port Harcourt",Enugu,high_spender,200000,500000,16211.54,Successful,NORMAL,
TXN000329,2026-02-01,09:26:14,Sunday,CUST0011,Bola Afolabi,3656018830,9554,Visa Credit,GTBank,POS Purchase,177726.84,375771.93,198045.09,"ATM_PH_001 - GRA Phase 2, Port Harcourt",Ibadan,medium_spender,50000,150000,177726.84,Successful,SUSPICIOUS,"Amount ₦177,726.84 is 3.6x above customer's typical maximum of ₦50,000"
TXN000202,2026-02-01,10:25:49,Sunday,CUST0007,Ola Usman,1521840905,4544,Visa Credit,First Bank,ATM Withdrawal,7342.08,24493.49,17151.41,"ATM_LG_005 - Yaba, Lagos",Enugu,low_spender,10000,50000,7342.08,Successful,NORMAL,
TXN000979,2026-02-01,13:52:08,Sunday,CUST0037,Rotimi Babatunde,8953520583,4419,Visa Credit,GTBank,POS Purchase,14679.27,425426.14,410746.87,"ATM_PH_002 - Trans-Amadi, Port Harcourt",Enugu,medium_spender,50000,150000,14679.27,Successful,NORMAL,
TXN001861,2026-02-01,14:30:54,Sunday,CUST0070,Uche Adeola,6486987091,8454,Verve,Zenith Bank,ATM Withdrawal,38077.12,263883.73,225806.61,"ATM_LG_003 - Lekki Phase 1, Lagos",Abuja,medium_spender,50000,150000,38077.12,Successful,NORMAL,
TXN001893,2026-02-01,17:29:50,Sunday,CUST0071,Ngozi Usman,1234933970,6062,Verve,Stanbic IBTC,ATM Withdrawal,48596.43,147945.24,99348.81,"ATM_LG_002 - Victoria Island, Lagos",Lagos,medium_spender,50000,150000,48596.43,Successful,NORMAL,
TXN000568,2026-02-01,17:31:39,Sunday,CUST0018,Jide Suleiman,6342127803,7174,Visa Credit,Fidelity Bank,ATM Withdrawal,17887.06,488715.32,470828.26,"ATM_LG_002 - Victoria Island, Lagos",Abuja,medium_spender,50000,150000,17887.06,Successful,NORMAL,
TXN001444,2026-02-01,17:34:34,Sunday,CUST0054,Jide Chukwu,5340712903,7552,Verve,GTBank,Online Transfer,34633.42,41661.35,41661.35,"ATM_LG_004 - Surulere, Lagos",Benin City,medium_spender,50000,150000,0,Successful,NORMAL,
TXN000330,2026-02-01,18:30:22,Sunday,CUST0011,Bola Afolabi,3656018830,9554,Visa Credit,GTBank,ATM Balance Enquiry,4909.93,294360.63,294360.63,"ATM_LG_004 - Surulere, Lagos",Ibadan,medium_spender,50000,150000,177726.84,Successful,SUSPICIOUS,"Daily cumulative total ₦177,726.84 exceeds customer limit of ₦150,000"
TXN000220,2026-02-01,19:37:53,Sunday,CUST0008,Tobi Ibrahim,1205673434,2732,Mastercard Debit,First Bank,POS Purchase,5530.74,89821.67,84290.93,"ATM_LG_004 - Surulere, Lagos",Ibadan,low_spender,10000,50000,14316.6,Successful,NORMAL,
TXN001277,2026-02-01,20:20:08,Sunday,CUST0048,Yemi Lawal,0868927381,7500,Mastercard Debit,Fidelity Bank,ATM Mini Statement,44899.89,127419.31,127419.31,"ATM_LG_001 - Ikeja Branch, Lagos",Abuja,medium_spender,50000,150000,0,Successful,NORMAL,
TXN002087,2026-02-01,20:54:10,Sunday,CUST0077,Chibundo Adeola,1374759620,2208,Verve,UBA,Online Transfer,14517.0,237079.43,237079.43,"ATM_LG_004 - Surulere, Lagos",Ibadan,medium_spender,50000,150000,0,Successful,NORMAL,
TXN001398,2026-02-01,21:13:15,Sunday,CUST0052,Sola Okafor,7066503218,8039,Mastercard Debit,GTBank,POS Purchase,6846.59,51536.5,44689.91,"ATM_LG_003 - Lekki Phase 1, Lagos",Port Harcourt,low_spender,10000,50000,6846.59,Successful,NORMAL,
TXN000289,2026-02-01,22:51:38,Sunday,CUST0010,Efua Chukwu,6997365350,6821,Mastercard Debit,Stanbic IBTC,Online Transfer,162499.95,1681419.36,1681419.36,"ATM_LG_004 - Surulere, Lagos",Ibadan,high_spender,200000,500000,0,Successful,NORMAL,
TXN001278,2026-02-02,01:18:17,Monday,CUST0048,Yemi Lawal,0868927381,7500,Mastercard Debit,Fidelity Bank,POS Purchase,4224.21,367623.11,363398.9,"ATM_LG_005 - Yaba, Lagos",Abuja,medium_spender,50000,150000,4224.21,Declined,NORMAL,
TXN001894,2026-02-02,01:33:24,Monday,CUST0071,Ngozi Usman,1234933970,6062,Verve,Stanbic IBTC,POS Purchase,27119.2,134660.81,107541.61,"ATM_LG_002 - Victoria Island, Lagos",Lagos,medium_spender,50000,150000,27119.2,Successful,NORMAL,
TXN002204,2026-02-02,01:41:27,Monday,CUST0080,Ola Okonkwo,3342204457,4255,Visa Debit,UBA,ATM Withdrawal,21266.31,211950.87,190684.56,"ATM_PH_002 - Trans-Amadi, Port Harcourt",Benin City,medium_spender,50000,150000,21266.31,Successful,NORMAL,
TXN002205,2026-02-02,02:30:35,Monday,CUST0080,Ola Okonkwo,3342204457,4255,Visa Debit,UBA,POS Purchase,99123.42,329969.03,230845.61,"ATM_LG_001 - Ikeja Branch, Lagos",Benin City,medium_spender,50000,150000,120389.73,Successful,SUSPICIOUS,Transaction at 02:30 — outside normal banking hours (midnight–4am)
TXN001626,2026-02-02,03:35:45,Monday,CUST0061,Adebayo Nwosu,4601120311,2220,Verve,Stanbic IBTC,Online Transfer,3872.1,16625.89,16625.89,"ATM_LG_002 - Victoria Island, Lagos",Enugu,low_spender,10000,50000,0,Successful,NORMAL,
TXN000877,2026-02-02,03:42:03,Monday,CUST0032,Ola Suleiman,6422426142,7858,Verve,Zenith Bank,ATM Balance Enquiry,9342.56,64112.13,64112.13,"ATM_LG_003 - Lekki Phase 1, Lagos",Kano,low_spender,10000,50000,0,Successful,NORMAL,
TXN001126,2026-02-02,04:00:27,Monday,CUST0042,Kemi Okonkwo,5073717438,1620,Verve,UBA,Online Transfer,47958.99,111411.52,111411.52,"ATM_LG_003 - Lekki Phase 1, Lagos",Kano,medium_spender,50000,150000,0,Successful,NORMAL,
TXN001789,2026-02-02,04:48:40,Monday,CUST0066,Ola Afolabi,2938289640,5620,Visa Debit,Access Bank,ATM Withdrawal,24180.68,382717.92,358537.24,"ATM_LG_005 - Yaba, Lagos",Port Harcourt,medium_spender,50000,150000,24180.68,Successful,NORMAL,
TXN000923,2026-02-02,05:12:18,Monday,CUST0034,Nkechi Babatunde,7423582839,6817,Visa Credit,Stanbic IBTC,ATM Withdrawal,4157.48,97133.88,92976.4,"ATM_LG_003 - Lekki Phase 1, Lagos",Kano,low_spender,10000,50000,4157.48,Successful,NORMAL,
TXN001159,2026-02-02,05:20:04,Monday,CUST0044,Uche Usman,2874900400,5082,Visa Credit,Stanbic IBTC,ATM Withdrawal,6940.42,475116.72,468176.3,"ATM_LG_003 - Lekki Phase 1, Lagos",Kano,medium_spender,50000,150000,6940.42,Successful,NORMAL,
TXN002088,2026-02-02,06:03:55,Monday,CUST0077,Chibundo Adeola,1374759620,2208,Verve,UBA,ATM Mini Statement,38191.84,157012.99,157012.99,"ATM_LG_004 - Surulere, Lagos",Ibadan,medium_spender,50000,150000,0,Reversed,NORMAL,
TXN001711,2026-02-02,06:14:05,Monday,CUST0064,Ngozi Babatunde,1232261941,4967,Visa Debit,Fidelity Bank,POS Purchase,48224.48,191530.43,143305.95,"ATM_LG_005 - Yaba, Lagos",Benin City,medium_spender,50000,150000,48224.48,Successful,NORMAL,
TXN001934,2026-02-02,06:42:30,Monday,CUST0072,Uche Lawal,3911628692,4429,Visa Debit,Access Bank,ATM Withdrawal,175442.0,379531.78,204089.78,"ATM_LG_004 - Surulere, Lagos",Enugu,high_spender,200000,500000,175442.0,Successful,NORMAL,
TXN000808,2026-02-02,07:46:10,Monday,CUST0029,Nkechi Adeyemi,1449933778,1276,Visa Debit,Fidelity Bank,Online Transfer,8840.74,42931.38,42931.38,"ATM_LG_003 - Lekki Phase 1, Lagos",Lagos,low_spender,10000,50000,0,Successful,NORMAL,
TXN000365,2026-02-02,08:29:21,Monday,CUST0012,Uche Adeleke,7889943014,2238,Verve,Zenith Bank,Online Transfer,77291.72,238104.66,238104.66,"ATM_LG_002 - Victoria Island, Lagos",Ibadan,high_spender,200000,500000,0,Successful,NORMAL,
TXN001603,2026-02-02,09:01:29,Monday,CUST0060,Dayo Obi,7463734803,6570,Visa Debit,GTBank,ATM Withdrawal,3234.21,38946.04,35711.83,"ATM_AB_002 - Garki Area 11, Abuja",Lagos,low_spender,10000,50000,3234.21,Successful,NORMAL,
TXN001399,2026-02-02,10:19:59,Monday,CUST0052,Sola Okafor,7066503218,8039,Mastercard Debit,GTBank,POS Purchase,4410.52,19370.89,14960.37,"ATM_LG_003 - Lekki Phase 1, Lagos",Port Harcourt,low_spender,10000,50000,4410.52,Successful,NORMAL,
TXN000754,2026-02-02,11:13:16,Monday,CUST0025,Amaka Adeyemi,3100605304,4032,Verve,GTBank,ATM Withdrawal,6018.72,83511.04,77492.32,"ATM_LG_002 - Victoria Island, Lagos",Enugu,low_spender,10000,50000,6018.72,Successful,NORMAL,
TXN001519,2026-02-02,12:22:39,Monday,CUST0056,Chibundo Musa,5954546293,6058,Visa Credit,Access Bank,Online Transfer,65457.11,11315.96,11315.96,"ATM_LG_002 - Victoria Island, Lagos",Abuja,low_spender,10000,50000,0,Successful,SUSPICIOUS,"Amount ₦65,457.11 is 6.5x above customer's typical maximum of ₦10,000"
TXN002128,2026-02-02,12:41:14,Monday,CUST0078,Uche Salami,0072246503,5411,Visa Credit,Access Bank,ATM Withdrawal,20326.04,294730.6,274404.56,"ATM_LG_005 - Yaba, Lagos",Port Harcourt,medium_spender,50000,150000,20326.04,Successful,NORMAL,
TXN002064,2026-02-02,12:43:43,Monday,CUST0076,Nneka Eze,5651997036,7616,Verve,GTBank,ATM Withdrawal,1609.5,90634.27,89024.77,"ATM_LG_002 - Victoria Island, Lagos",Ibadan,low_spender,10000,50000,1609.5,Declined,NORMAL,
TXN000366,2026-02-02,15:28:36,Monday,CUST0012,Uche Adeleke,7889943014,2238,Verve,Zenith Bank,POS Purchase,123014.88,489750.81,366735.93,"ATM_LG_002 - Victoria Island, Lagos",Ibadan,high_spender,200000,500000,123014.88,Successful,NORMAL,
TXN000367,2026-02-02,15:30:20,Monday,CUST0012,Uche Adeleke,7889943014,2238,Verve,Zenith Bank,POS Purchase,70315.21,1495747.61,1425432.4,"ATM_LG_002 - Victoria Island, Lagos",Ibadan,high_spender,200000,500000,193330.09,Successful,NORMAL,
TXN001368,2026-02-02,16:10:04,Monday,CUST0051,Aisha Suleiman,2787994879,8601,Visa Credit,GTBank,ATM Withdrawal,47269.87,448038.81,400768.94,"ATM_LG_003 - Lekki Phase 1, Lagos",Abuja,medium_spender,50000,150000,47269.87,Successful,NORMAL,
TXN000956,2026-02-02,16:33:56,Monday,CUST0036,Chibundo Obi,2442831915,1411,Visa Debit,First Bank,Online Transfer,5547.34,99026.62,99026.62,"ATM_LG_004 - Surulere, Lagos",Ibadan,low_spender,10000,50000,0,Successful,NORMAL,
TXN001423,2026-02-02,16:44:59,Monday,CUST0053,Gbenga Okafor,0500303393,4495,Visa Credit,Zenith Bank,ATM Balance Enquiry,2779.37,87289.7,87289.7,"ATM_AB_002 - Garki Area 11, Abuja",Enugu,low_spender,10000,50000,0,Successful,NORMAL,
TXN000569,2026-02-02,17:15:54,Monday,CUST0018,Jide Suleiman,6342127803,7174,Visa Credit,Fidelity Bank,Online Transfer,47253.86,271672.53,271672.53,"ATM_LG_004 - Surulere, Lagos",Abuja,medium_spender,50000,150000,0,Successful,NORMAL,
TXN001790,2026-02-02,17:35:36,Monday,CUST0066,Ola Afolabi,2938289640,5620,Visa Debit,Access Bank,Online Transfer,15035.67,326238.92,326238.92,"ATM_LG_005 - Yaba, Lagos",Port Harcourt,medium_spender,50000,150000,24180.68,Successful,NORMAL,
TXN001548,2026-02-02,18:23:51,Monday,CUST0057,Tunde Okafor,1565330284,7497,Mastercard Debit,First Bank,POS Purchase,49491.26,1856710.78,1807219.52,"ATM_LG_004 - Surulere, Lagos",Ibadan,high_spender,200000,500000,49491.26,Successful,NORMAL,
TXN000168,2026-02-02,18:32:07,Monday,CUST0006,Kemi Obi,2961112422,7715,Visa Credit,Stanbic IBTC,POS Purchase,45544.24,503809.64,458265.4,"ATM_LG_003 - Lekki Phase 1, Lagos",Port Harcourt,high_spender,200000,500000,45544.24,Successful,NORMAL,
TXN001249,2026-02-02,19:40:53,Monday,CUST0047,Musa Salami,6245202877,5548,Mastercard Debit,Zenith Bank,Online Transfer,28345.03,298991.84,298991.84,"ATM_LG_005 - Yaba, Lagos",Kano,medium_spender,50000,150000,0,Successful,NORMAL,
TXN000525,2026-02-02,19:55:10,Monday,CUST0017,Chidi Bello,1122281086,3728,Mastercard Debit,Zenith Bank,POS Purchase,28439.74,189992.16,161552.42,"ATM_IB_001 - Ring Road, Ibadan [HOME STATE: Lagos]",Lagos,medium_spender,50000,150000,28439.74,Successful,SUSPICIOUS,Card used at Kano ATM but customer is based in Lagos
TXN000221,2026-02-02,20:47:23,Monday,CUST0008,Tobi Ibrahim,1205673434,2732,Mastercard Debit,First Bank,Online Transfer,9517.29,56801.12,56801.12,"ATM_LG_004 - Surulere, Lagos",Ibadan,low_spender,10000,50000,0,Declined,NORMAL,
TXN000957,2026-02-02,21:32:49,Monday,CUST0036,Chibundo Obi,2442831915,1411,Visa Debit,First Bank,POS Purchase,6050.8,6372.21,321.41,"ATM_LG_004 - Surulere, Lagos",Ibadan,low_spender,10000,50000,6050.8,Successful,NORMAL,
TXN001400,2026-02-02,23:35:49,Monday,CUST0052,Sola Okafor,7066503218,8039,Mastercard Debit,GTBank,ATM Mini Statement,785.74,47295.16,47295.16,"ATM_LG_002 - Victoria Island, Lagos",Port Harcourt,low_spender,10000,50000,4410.52,Successful,NORMAL,
TXN001250,2026-02-03,00:06:57,Tuesday,CUST0047,Musa Salami,6245202877,5548,Mastercard Debit,Zenith Bank,ATM Withdrawal,19037.26,120688.91,101651.65,"ATM_LG_005 - Yaba, Lagos",Kano,medium_spender,50000,150000,19037.26,Successful,NORMAL,
TXN000460,2026-02-03,03:00:17,Tuesday,CUST0015,Ola Adeleke,9840956422,1778,Mastercard Debit,UBA,ATM Withdrawal,6964.99,22930.45,15965.46,"ATM_LG_002 - Victoria Island, Lagos",Ibadan,low_spender,10000,50000,6964.99,Successful,NORMAL,
TXN000169,2026-02-03,03:09:39,Tuesday,CUST0006,Kemi Obi,2961112422,7715,Visa Credit,Stanbic IBTC,ATM Withdrawal,54295.1,1169491.73,1115196.63,"ATM_IB_001 - Ring Road, Ibadan",Port Harcourt,high_spender,200000,500000,54295.1,Declined,NORMAL,
TXN000720,2026-02-03,03:39:18,Tuesday,CUST0024,Ola Babatunde,4288813383,7897,Verve,Zenith Bank,ATM Balance Enquiry,42834.33,497128.89,497128.89,"ATM_LG_004 - Surulere, Lagos",Enugu,medium_spender,50000,150000,0,Successful,NORMAL,
TXN002129,2026-02-03,04:53:16,Tuesday,CUST0078,Uche Salami,0072246503,5411,Visa Credit,Access Bank,POS Purchase,125745.96,438237.31,312491.35,"ATM_LG_005 - Yaba, Lagos",Port Harcourt,medium_spender,50000,150000,125745.96,Successful,SUSPICIOUS,"High-value transaction ₦125,745.96 flagged for velocity check"
TXN001748,2026-02-03,04:56:35,Tuesday,CUST0065,Chidi Salami,7949487287,9802,Visa Debit,GTBank,ATM Withdrawal,39232.91,46156.76,6923.85,"ATM_LG_003 - Lekki Phase 1, Lagos",Abuja,medium_spender,50000,150000,39232.91,Successful,NORMAL,
TXN001401,2026-02-03,05:32:17,Tuesday,CUST0052,Sola Okafor,7066503218,8039,Mastercard Debit,GTBank,ATM Withdrawal,2550.27,58370.14,55819.87,"ATM_EN_001 - Independence Layout, Enugu [HOME STATE: Port Harcourt]",Port Harcourt,low_spender,10000,50000,2550.27,Declined,SUSPICIOUS,Card used at Ibadan ATM but customer is based in Port Harcourt
TXN000331,2026-02-03,05:45:30,Tuesday,CUST0011,Bola Afolabi,3656018830,9554,Visa Credit,GTBank,POS Purchase,42535.42,55874.52,13339.1,"ATM_LG_001 - Ikeja Branch, Lagos",Ibadan,medium_spender,50000,150000,42535.42,Successful,NORMAL,
TXN000570,2026-02-03,06:00:08,Tuesday,CUST0018,Jide Suleiman,6342127803,7174,Visa Credit,Fidelity Bank,ATM Balance Enquiry,19240.28,207578.56,207578.56,"ATM_LG_002 - Victoria Island, Lagos",Abuja,medium_spender,50000,150000,0,Successful,NORMAL,
TXN000828,2026-02-03,06:15:31,Tuesday,CUST0030,Aisha Obi,7765839814,7526,Visa Credit,Fidelity Bank,ATM Withdrawal,7049.81,41770.72,34720.91,"ATM_LG_003 - Lekki Phase 1, Lagos",Benin City,low_spender,10000,50000,7049.81,Successful,NORMAL,
TXN002206,2026-02-03,06:18:08,Tuesday,CUST0080,Ola Okonkwo,3342204457,4255,Visa Debit,UBA,ATM Withdrawal,33498.82,333745.95,300247.13,"ATM_LG_001 - Ikeja Branch, Lagos",Benin City,medium_spender,50000,150000,33498.82,Successful,NORMAL,
TXN000170,2026-02-03,06:31:17,Tuesday,CUST0006,Kemi Obi,2961112422,7715,Visa Credit,Stanbic IBTC,ATM Balance Enquiry,101050.75,472744.82,472744.82,"ATM_IB_001 - Ring Road, Ibadan",Port Harcourt,high_spender,200000,500000,54295.1,Successful,NORMAL,
TXN000290,2026-02-03,10:12:34,Tuesday,CUST0010,Efua Chukwu,6997365350,6821,Mastercard Debit,Stanbic IBTC,POS Purchase,33110.55,1790529.58,1757419.03,"ATM_LG_004 - Surulere, Lagos",Ibadan,high_spender,200000,500000,33110.55,Successful,NORMAL,
TXN000755,2026-02-03,10:17:01,Tuesday,CUST0025,Amaka Adeyemi,3100605304,4032,Verve,GTBank,ATM Mini Statement,2363.12,74895.79,74895.79,"ATM_EN_001 - Independence Layout, Enugu",Enugu,low_spender,10000,50000,0,Successful,NORMAL,
TXN001369,2026-02-03,12:05:24,Tuesday,CUST0051,Aisha Suleiman,2787994879,8601,Visa Credit,GTBank,ATM Balance Enquiry,9564.82,493203.61,493203.61,"ATM_LG_003 - Lekki Phase 1, Lagos",Abuja,medium_spender,50000,150000,0,Successful,NORMAL,
TXN001646,2026-02-03,12:16:30,Tuesday,CUST0062,Jide Nwosu,7690627387,6253,Verve,Fidelity Bank,POS Purchase,5962.2,91901.89,85939.69,"ATM_LG_005 - Yaba, Lagos",Ibadan,low_spender,10000,50000,5962.2,Successful,NORMAL,
TXN001647,2026-02-03,13:27:41,Tuesday,CUST0062,Jide Nwosu,7690627387,6253,Verve,Fidelity Bank,ATM Balance Enquiry,3560.47,52211.57,52211.57,"ATM_LG_005 - Yaba, Lagos",Ibadan,low_spender,10000,50000,5962.2,Successful,NORMAL,
TXN000526,2026-02-03,14:29:14,Tuesday,CUST0017,Chidi Bello,1122281086,3728,Mastercard Debit,Zenith Bank,ATM Withdrawal,8859.02,392685.2,383826.18,"ATM_PH_001 - GRA Phase 2, Port Harcourt",Lagos,medium_spender,50000,150000,8859.02,Successful,NORMAL,
TXN001206,2026-02-03,16:12:52,Tuesday,CUST0046,Tunde Babatunde,9470820432,1291,Verve,Zenith Bank,ATM Withdrawal,874567.01,1688589.74,814022.73,"ATM_LG_003 - Lekki Phase 1, Lagos",Kaduna,high_spender,200000,500000,874567.01,Successful,SUSPICIOUS,"Amount ₦874,567.01 is 4.4x above customer's typical maximum of ₦200,000"
TXN001712,2026-02-03,21:01:26,Tuesday,CUST0064,Ngozi Babatunde,1232261941,4967,Visa Debit,Fidelity Bank,ATM Withdrawal,11740.35,340541.0,328800.65,"ATM_LG_005 - Yaba, Lagos",Benin City,medium_spender,50000,150000,11740.35,Successful,NORMAL,
TXN000756,2026-02-03,21:22:17,Tuesday,CUST0025,Amaka Adeyemi,3100605304,4032,Verve,GTBank,ATM Withdrawal,2627.0,63001.61,60374.61,"ATM_LG_001 - Ikeja Branch, Lagos",Enugu,low_spender,10000,50000,2627.0,Successful,NORMAL,
TXN001862,2026-02-03,22:07:02,Tuesday,CUST0070,Uche Adeola,6486987091,8454,Verve,Zenith Bank,ATM Balance Enquiry,165229.8,220784.65,220784.65,"ATM_LG_001 - Ikeja Branch, Lagos",Abuja,medium_spender,50000,150000,0,Declined,SUSPICIOUS,"High-value transaction ₦165,229.80 flagged for velocity check"
TXN000255,2026-02-03,22:33:26,Tuesday,CUST0009,Jide Adeyemi,1764184578,3085,Visa Credit,Fidelity Bank,ATM Withdrawal,40082.51,366651.29,326568.78,"ATM_LG_003 - Lekki Phase 1, Lagos",Kano,medium_spender,50000,150000,40082.51,Reversed,NORMAL,
TXN002065,2026-02-03,22:44:10,Tuesday,CUST0076,Nneka Eze,5651997036,7616,Verve,GTBank,ATM Withdrawal,6011.56,12082.89,6071.33,"ATM_LG_003 - Lekki Phase 1, Lagos",Ibadan,low_spender,10000,50000,6011.56,Successful,NORMAL,
TXN001975,2026-02-03,23:08:43,Tuesday,CUST0073,Tobi Musa,2381163847,4263,Visa Credit,UBA,Online Transfer,49134.41,162578.24,162578.24,"ATM_LG_004 - Surulere, Lagos",Enugu,medium_spender,50000,150000,0,Reversed,NORMAL,
TXN000809,2026-02-03,23:17:21,Tuesday,CUST0029,Nkechi Adeyemi,1449933778,1276,Visa Debit,Fidelity Bank,Online Transfer,7403.4,98402.85,98402.85,"ATM_PH_002 - Trans-Amadi, Port Harcourt",Lagos,low_spender,10000,50000,0,Successful,NORMAL,
TXN001445,2026-02-03,23:19:49,Tuesday,CUST0054,Jide Chukwu,5340712903,7552,Verve,GTBank,ATM Withdrawal,10874.07,99091.9,88217.83,"ATM_LG_003 - Lekki Phase 1, Lagos",Benin City,medium_spender,50000,150000,10874.07,Successful,NORMAL,
TXN001749,2026-02-04,02:33:29,Wednesday,CUST0065,Chidi Salami,7949487287,9802,Visa Debit,GTBank,POS Purchase,24039.58,334183.81,310144.23,"ATM_LG_001 - Ikeja Branch, Lagos",Abuja,medium_spender,50000,150000,24039.58,Successful,NORMAL,
TXN001251,2026-02-04,06:01:02,Wednesday,CUST0047,Musa Salami,6245202877,5548,Mastercard Debit,Zenith Bank,ATM Withdrawal,47190.73,125273.97,78083.24,"ATM_PH_002 - Trans-Amadi, Port Harcourt",Kano,medium_spender,50000,150000,47190.73,Successful,NORMAL,
TXN002130,2026-02-04,06:05:43,Wednesday,CUST0078,Uche Salami,0072246503,5411,Visa Credit,Access Bank,ATM Mini Statement,39668.75,86788.84,86788.84,"ATM_LG_005 - Yaba, Lagos",Port Harcourt,medium_spender,50000,150000,0,Declined,NORMAL,
TXN000684,2026-02-04,06:41:15,Wednesday,CUST0022,Ola Okonkwo,2404296200,9240,Mastercard Debit,Zenith Bank,Online Transfer,4490.74,37126.35,37126.35,"ATM_LG_002 - Victoria Island, Lagos",Kaduna,low_spender,10000,50000,0,Declined,NORMAL,
TXN001402,2026-02-04,09:25:10,Wednesday,CUST0052,Sola Okafor,7066503218,8039,Mastercard Debit,GTBank,ATM Withdrawal,5433.91,56771.09,51337.18,"ATM_LG_003 - Lekki Phase 1, Lagos",Port Harcourt,low_spender,10000,50000,5433.91,Successful,NORMAL,
TXN001484,2026-02-04,11:44:07,Wednesday,CUST0055,Fatima Okafor,4770704891,6439,Visa Debit,GTBank,POS Purchase,60255.72,368677.89,308422.17,"ATM_AB_001 - Wuse Zone 5, Abuja",Enugu,high_spender,200000,500000,60255.72,Successful,NORMAL,
TXN000721,2026-02-04,12:33:10,Wednesday,CUST0024,Ola Babatunde,4288813383,7897,Verve,Zenith Bank,Online Transfer,47010.78,491626.92,491626.92,"ATM_LG_004 - Surulere, Lagos",Enugu,medium_spender,50000,150000,0,Reversed,NORMAL,
TXN001252,2026-02-04,14:00:44,Wednesday,CUST0047,Musa Salami,6245202877,5548,Mastercard Debit,Zenith Bank,ATM Withdrawal,8209.43,168264.12,160054.69,"ATM_LG_005 - Yaba, Lagos",Kano,medium_spender,50000,150000,55400.16,Declined,NORMAL,
TXN002131,2026-02-04,15:03:44,Wednesday,CUST0078,Uche Salami,0072246503,5411,Visa Credit,Access Bank,POS Purchase,4491.12,77045.05,72553.93,"ATM_LG_005 - Yaba, Lagos",Port Harcourt,medium_spender,50000,150000,4491.12,Successful,NORMAL,
TXN000141,2026-02-04,15:06:24,Wednesday,CUST0005,Chibundo Eze,5286303748,7620,Visa Credit,Access Bank,POS Purchase,3885.4,74753.46,70868.06,"ATM_AB_002 - Garki Area 11, Abuja",Kano,low_spender,10000,50000,3885.4,Declined,NORMAL,
TXN001327,2026-02-04,16:39:32,Wednesday,CUST0050,Nkechi Eze,5802869654,3762,Mastercard Debit,First Bank,POS Purchase,29187.78,236578.94,207391.16,"ATM_LG_004 - Surulere, Lagos",Benin City,medium_spender,50000,150000,29187.78,Successful,NORMAL,
TXN001328,2026-02-04,17:19:49,Wednesday,CUST0050,Nkechi Eze,5802869654,3762,Mastercard Debit,First Bank,ATM Withdrawal,12147.46,400032.02,387884.56,"ATM_LG_002 - Victoria Island, Lagos",Benin City,medium_spender,50000,150000,41335.24,Successful,NORMAL,
TXN001370,2026-02-04,17:51:40,Wednesday,CUST0051,Aisha Suleiman,2787994879,8601,Visa Credit,GTBank,Online Transfer,41921.0,115559.98,115559.98,"ATM_AB_003 - Maitama, Abuja",Abuja,medium_spender,50000,150000,0,Declined,NORMAL,
TXN001822,2026-02-04,18:15:33,Wednesday,CUST0067,Taiwo Bello,4522759725,7104,Verve,GTBank,ATM Withdrawal,9819.55,72531.4,62711.85,"ATM_AB_003 - Maitama, Abuja",Abuja,low_spender,10000,50000,9819.55,Successful,NORMAL,
TXN001750,2026-02-04,18:28:45,Wednesday,CUST0065,Chidi Salami,7949487287,9802,Visa Debit,GTBank,ATM Withdrawal,22527.69,167281.65,144753.96,"ATM_LG_001 - Ikeja Branch, Lagos",Abuja,medium_spender,50000,150000,46567.27,Successful,NORMAL,
TXN000171,2026-02-04,20:05:27,Wednesday,CUST0006,Kemi Obi,2961112422,7715,Visa Credit,Stanbic IBTC,Online Transfer,131572.88,593959.66,593959.66,"ATM_LG_003 - Lekki Phase 1, Lagos",Port Harcourt,high_spender,200000,500000,0,Reversed,NORMAL,
TXN000900,2026-02-04,20:12:38,Wednesday,CUST0033,Ngozi Babatunde,1091476249,8935,Verve,UBA,POS Purchase,6904.09,37652.17,30748.08,"ATM_LG_002 - Victoria Island, Lagos",Ibadan,low_spender,10000,50000,6904.09,Successful,NORMAL,
TXN001791,2026-02-04,22:42:12,Wednesday,CUST0066,Ola Afolabi,2938289640,5620,Visa Debit,Access Bank,ATM Withdrawal,44944.81,285408.37,240463.56,"ATM_LG_001 - Ikeja Branch, Lagos",Port Harcourt,medium_spender,50000,150000,44944.81,Successful,NORMAL,
TXN001675,2026-02-04,23:50:53,Wednesday,CUST0063,Amaka Musa,0330885397,2813,Visa Debit,Access Bank,Online Transfer,195290.47,228412.38,228412.38,"ATM_LG_004 - Surulere, Lagos",Kano,medium_spender,50000,150000,0,Successful,SUSPICIOUS,"Amount ₦195,290.47 is 3.9x above customer's typical maximum of ₦50,000"
TXN002160,2026-02-05,00:32:48,Thursday,CUST0079,Fatima Okonkwo,1782327517,9193,Mastercard Debit,Access Bank,ATM Withdrawal,157694.41,517660.55,359966.14,"ATM_LG_004 - Surulere, Lagos",Kano,high_spender,200000,500000,157694.41,Successful,NORMAL,
TXN000291,2026-02-05,03:14:40,Thursday,CUST0010,Efua Chukwu,6997365350,6821,Mastercard Debit,Stanbic IBTC,POS Purchase,135536.79,280494.27,144957.48,"ATM_LG_004 - Surulere, Lagos",Ibadan,high_spender,200000,500000,135536.79,Successful,NORMAL,
TXN000368,2026-02-05,03:58:33,Thursday,CUST0012,Uche Adeleke,7889943014,2238,Verve,Zenith Bank,ATM Withdrawal,125639.05,1892376.67,1766737.62,"ATM_LG_002 - Victoria Island, Lagos",Ibadan,high_spender,200000,500000,125639.05,Successful,NORMAL,
TXN000113,2026-02-05,04:01:11,Thursday,CUST0004,Jide Lawal,9282010276,2329,Verve,UBA,ATM Withdrawal,24988.53,353763.11,328774.58,"ATM_LG_004 - Surulere, Lagos",Lagos,medium_spender,50000,150000,24988.53,Successful,NORMAL,
TXN000722,2026-02-05,04:44:53,Thursday,CUST0024,Ola Babatunde,4288813383,7897,Verve,Zenith Bank,ATM Withdrawal,44819.36,133759.72,88940.36,"ATM_LG_004 - Surulere, Lagos",Enugu,medium_spender,50000,150000,44819.36,Successful,NORMAL,
TXN000172,2026-02-05,06:16:21,Thursday,CUST0006,Kemi Obi,2961112422,7715,Visa Credit,Stanbic IBTC,ATM Balance Enquiry,161984.83,1369261.22,1369261.22,"ATM_LG_003 - Lekki Phase 1, Lagos",Port Harcourt,high_spender,200000,500000,0,Successful,NORMAL,
TXN000829,2026-02-05,10:03:19,Thursday,CUST0030,Aisha Obi,7765839814,7526,Visa Credit,Fidelity Bank,ATM Withdrawal,8693.15,59347.66,50654.51,"ATM_LG_003 - Lekki Phase 1, Lagos",Benin City,low_spender,10000,50000,8693.15,Successful,NORMAL,
TXN001078,2026-02-05,11:41:33,Thursday,CUST0040,Uche Bello,1352141056,6134,Verve,Zenith Bank,ATM Withdrawal,46643.61,320106.99,273463.38,"ATM_AB_003 - Maitama, Abuja",Kaduna,medium_spender,50000,150000,46643.61,Successful,NORMAL,
TXN001424,2026-02-05,12:32:05,Thursday,CUST0053,Gbenga Okafor,0500303393,4495,Visa Credit,Zenith Bank,ATM Withdrawal,70790.76,5394.24,0,"ATM_AB_002 - Garki Area 11, Abuja",Enugu,low_spender,10000,50000,70790.76,Successful,SUSPICIOUS,"Amount ₦70,790.76 is 7.1x above customer's typical maximum of ₦10,000"
TXN001485,2026-02-05,14:23:12,Thursday,CUST0055,Fatima Okafor,4770704891,6439,Visa Debit,GTBank,POS Purchase,102845.06,1204451.99,1101606.93,"ATM_LG_003 - Lekki Phase 1, Lagos",Enugu,high_spender,200000,500000,102845.06,Successful,NORMAL,
TXN001127,2026-02-05,14:39:25,Thursday,CUST0042,Kemi Okonkwo,5073717438,1620,Verve,UBA,ATM Balance Enquiry,41351.88,288667.16,288667.16,"ATM_EN_001 - Independence Layout, Enugu",Kano,medium_spender,50000,150000,0,Successful,NORMAL,
TXN000605,2026-02-05,14:41:46,Thursday,CUST0019,Tunde Eze,2754590960,5925,Verve,Zenith Bank,POS Purchase,10304.51,1274306.64,1264002.13,"ATM_LG_004 - Surulere, Lagos",Abuja,high_spender,200000,500000,10304.51,Successful,NORMAL,
TXN001446,2026-02-05,14:46:24,Thursday,CUST0054,Jide Chukwu,5340712903,7552,Verve,GTBank,POS Purchase,11871.69,373156.93,361285.24,"ATM_IB_001 - Ring Road, Ibadan",Benin City,medium_spender,50000,150000,11871.69,Successful,NORMAL,
TXN001792,2026-02-05,15:08:31,Thursday,CUST0066,Ola Afolabi,2938289640,5620,Visa Debit,Access Bank,ATM Withdrawal,46576.92,277697.8,231120.88,ATM_KN_001 - Kano City Centre,Port Harcourt,medium_spender,50000,150000,46576.92,Successful,NORMAL,
TXN000461,2026-02-05,15:44:13,Thursday,CUST0015,Ola Adeleke,9840956422,1778,Mastercard Debit,UBA,POS Purchase,1652.29,81868.96,80216.67,"ATM_LG_002 - Victoria Island, Lagos",Ibadan,low_spender,10000,50000,1652.29,Successful,NORMAL,
TXN000332,2026-02-05,16:08:13,Thursday,CUST0011,Bola Afolabi,3656018830,9554,Visa Credit,GTBank,Online Transfer,15854.49,302056.98,302056.98,"ATM_LG_005 - Yaba, Lagos",Ibadan,medium_spender,50000,150000,0,Successful,NORMAL,
TXN002207,2026-02-05,18:23:42,Thursday,CUST0080,Ola Okonkwo,3342204457,4255,Visa Debit,UBA,ATM Balance Enquiry,7518.93,196387.18,196387.18,"ATM_LG_003 - Lekki Phase 1, Lagos",Benin City,medium_spender,50000,150000,0,Successful,NORMAL,
TXN000256,2026-02-05,19:26:45,Thursday,CUST0009,Jide Adeyemi,1764184578,3085,Visa Credit,Fidelity Bank,ATM Withdrawal,23587.37,146606.91,123019.54,"ATM_AB_001 - Wuse Zone 5, Abuja",Kano,medium_spender,50000,150000,23587.37,Successful,NORMAL,
TXN000830,2026-02-05,20:30:17,Thursday,CUST0030,Aisha Obi,7765839814,7526,Visa Credit,Fidelity Bank,Online Transfer,1213.49,5943.9,5943.9,"ATM_EN_001 - Independence Layout, Enugu [HOME STATE: Benin City]",Benin City,low_spender,10000,50000,8693.15,Successful,SUSPICIOUS,Card used at Abuja ATM but customer is based in Benin City
TXN000444,2026-02-05,21:32:00,Thursday,CUST0014,Dayo Babatunde,7962797218,4925,Visa Credit,Access Bank,POS Purchase,4536.64,84234.29,79697.65,"ATM_LG_001 - Ikeja Branch, Lagos",Enugu,low_spender,10000,50000,4536.64,Successful,NORMAL,
TXN000292,2026-02-05,23:23:43,Thursday,CUST0010,Efua Chukwu,6997365350,6821,Mastercard Debit,Stanbic IBTC,Online Transfer,42704.96,972685.42,972685.42,"ATM_LG_004 - Surulere, Lagos",Ibadan,high_spender,200000,500000,135536.79,Successful,NORMAL,
TXN001207,2026-02-06,01:30:19,Friday,CUST0046,Tunde Babatunde,9470820432,1291,Verve,Zenith Bank,Online Transfer,124809.4,1403254.47,1403254.47,"ATM_LG_003 - Lekki Phase 1, Lagos",Kaduna,high_spender,200000,500000,0,Successful,NORMAL,
TXN002090,2026-02-06,01:53:09,Friday,CUST0077,Chibundo Adeola,1374759620,2208,Verve,UBA,POS Purchase,79049.18,153875.01,74825.83,"ATM_LG_004 - Surulere, Lagos",Ibadan,medium_spender,50000,150000,79049.18,Successful,SUSPICIOUS,Transaction at 01:53 — outside normal banking hours (midnight–4am)
TXN001128,2026-02-06,02:37:47,Friday,CUST0042,Kemi Okonkwo,5073717438,1620,Verve,UBA,POS Purchase,29011.06,136929.93,107918.87,"ATM_LG_003 - Lekki Phase 1, Lagos",Kano,medium_spender,50000,150000,29011.06,Successful,NORMAL,
TXN000257,2026-02-06,03:08:21,Friday,CUST0009,Jide Adeyemi,1764184578,3085,Visa Credit,Fidelity Bank,ATM Withdrawal,49951.48,68727.87,18776.39,"ATM_LG_004 - Surulere, Lagos",Kano,medium_spender,50000,150000,49951.48,Successful,NORMAL,
TXN000009,2026-02-06,03:34:05,Friday,CUST0001,Gbenga Musa,6639233214,7276,Visa Credit,GTBank,POS Purchase,2231.47,72893.07,70661.6,"ATM_LG_005 - Yaba, Lagos",Kaduna,low_spender,10000,50000,2231.47,Successful,NORMAL,
TXN001895,2026-02-06,03:49:02,Friday,CUST0071,Ngozi Usman,1234933970,6062,Verve,Stanbic IBTC,ATM Withdrawal,8398.06,132448.12,124050.06,"ATM_LG_001 - Ikeja Branch, Lagos",Lagos,medium_spender,50000,150000,8398.06,Successful,NORMAL,
TXN001011,2026-02-06,04:57:07,Friday,CUST0038,Zainab Adeleke,2884009952,3102,Verve,Stanbic IBTC,ATM Withdrawal,4537.65,24907.72,20370.07,"ATM_LG_002 - Victoria Island, Lagos",Enugu,low_spender,10000,50000,4537.65,Successful,NORMAL,
TXN001329,2026-02-06,06:17:21,Friday,CUST0050,Nkechi Eze,5802869654,3762,Mastercard Debit,First Bank,ATM Balance Enquiry,24105.98,220659.11,220659.11,"ATM_LG_004 - Surulere, Lagos",Benin City,medium_spender,50000,150000,0,Successful,NORMAL,
TXN000571,2026-02-06,06:25:05,Friday,CUST0018,Jide Suleiman,6342127803,7174,Visa Credit,Fidelity Bank,POS Purchase,10739.1,33513.61,22774.51,"ATM_LG_002 - Victoria Island, Lagos",Abuja,medium_spender,50000,150000,10739.1,Declined,NORMAL,
TXN002089,2026-02-06,06:30:07,Friday,CUST0077,Chibundo Adeola,1374759620,2208,Verve,UBA,Online Transfer,201482.01,431469.75,431469.75,"ATM_PH_002 - Trans-Amadi, Port Harcourt",Ibadan,medium_spender,50000,150000,0,Successful,SUSPICIOUS,"Amount ₦201,482.01 is 4.0x above customer's typical maximum of ₦50,000"
TXN000980,2026-02-06,06:49:28,Friday,CUST0037,Rotimi Babatunde,8953520583,4419,Visa Credit,GTBank,Online Transfer,41975.86,86338.22,86338.22,"ATM_LG_005 - Yaba, Lagos",Enugu,medium_spender,50000,150000,0,Successful,NORMAL,
TXN002208,2026-02-06,08:20:11,Friday,CUST0080,Ola Okonkwo,3342204457,4255,Visa Debit,UBA,POS Purchase,48376.57,347840.62,299464.05,"ATM_LG_002 - Victoria Island, Lagos",Benin City,medium_spender,50000,150000,48376.57,Successful,NORMAL,
TXN001108,2026-02-06,09:41:41,Friday,CUST0041,Gbenga Musa,2240888423,7738,Visa Credit,Fidelity Bank,POS Purchase,7971.51,18993.36,11021.85,"ATM_LG_001 - Ikeja Branch, Lagos",Kaduna,low_spender,10000,50000,7971.51,Successful,NORMAL,
TXN000258,2026-02-06,09:52:06,Friday,CUST0009,Jide Adeyemi,1764184578,3085,Visa Credit,Fidelity Bank,ATM Withdrawal,23932.57,472546.31,448613.74,"ATM_LG_003 - Lekki Phase 1, Lagos",Kano,medium_spender,50000,150000,73884.05,Successful,NORMAL,
TXN000649,2026-02-06,10:29:43,Friday,CUST0020,Chibundo Adeyemi,6105295550,7171,Mastercard Debit,Fidelity Bank,Online Transfer,37944.63,96633.92,96633.92,"ATM_PH_002 - Trans-Amadi, Port Harcourt",Lagos,medium_spender,50000,150000,0,Declined,NORMAL,
TXN002132,2026-02-06,11:13:21,Friday,CUST0078,Uche Salami,0072246503,5411,Visa Credit,Access Bank,POS Purchase,4171.75,375452.56,371280.81,"ATM_LG_005 - Yaba, Lagos",Port Harcourt,medium_spender,50000,150000,4171.75,Successful,NORMAL,
TXN000222,2026-02-06,12:17:10,Friday,CUST0008,Tobi Ibrahim,1205673434,2732,Mastercard Debit,First Bank,ATM Withdrawal,2061.65,81620.66,79559.01,"ATM_LG_004 - Surulere, Lagos",Ibadan,low_spender,10000,50000,2061.65,Successful,NORMAL,
TXN001520,2026-02-06,12:26:09,Friday,CUST0056,Chibundo Musa,5954546293,6058,Visa Credit,Access Bank,Online Transfer,76339.8,34572.62,34572.62,"ATM_LG_002 - Victoria Island, Lagos",Abuja,low_spender,10000,50000,0,Successful,SUSPICIOUS,"Amount ₦76,339.80 is 7.6x above customer's typical maximum of ₦10,000"
TXN001896,2026-02-06,12:59:04,Friday,CUST0071,Ngozi Usman,1234933970,6062,Verve,Stanbic IBTC,POS Purchase,136859.76,471867.38,335007.62,ATM_KN_001 - Kano City Centre,Lagos,medium_spender,50000,150000,145257.82,Successful,SUSPICIOUS,"High-value transaction ₦136,859.76 flagged for velocity check"
TXN002066,2026-02-06,14:25:07,Friday,CUST0076,Nneka Eze,5651997036,7616,Verve,GTBank,POS Purchase,9935.76,44224.58,34288.82,"ATM_EN_001 - Independence Layout, Enugu",Ibadan,low_spender,10000,50000,9935.76,Successful,NORMAL,
TXN000406,2026-02-06,14:27:11,Friday,CUST0013,Zainab Musa,1662475227,7373,Verve,Zenith Bank,POS Purchase,31378.93,532681.91,501302.98,"ATM_LG_003 - Lekki Phase 1, Lagos",Port Harcourt,high_spender,200000,500000,31378.93,Successful,NORMAL,
TXN002042,2026-02-06,15:06:54,Friday,CUST0075,Seun Nwosu,6803179670,4072,Visa Credit,GTBank,POS Purchase,2617.12,94892.33,92275.21,"ATM_AB_002 - Garki Area 11, Abuja",Kano,low_spender,10000,50000,2617.12,Successful,NORMAL,
TXN002133,2026-02-06,17:08:24,Friday,CUST0078,Uche Salami,0072246503,5411,Visa Credit,Access Bank,ATM Withdrawal,39284.64,72827.06,33542.42,"ATM_LG_005 - Yaba, Lagos",Port Harcourt,medium_spender,50000,150000,43456.39,Successful,NORMAL,
TXN000674,2026-02-07,01:41:07,Saturday,CUST0021,Tunde Adeola,6683286033,5256,Visa Debit,Stanbic IBTC,ATM Balance Enquiry,3867.92,70034.14,70034.14,"ATM_LG_002 - Victoria Island, Lagos",Port Harcourt,low_spender,10000,50000,0,Successful,NORMAL,
TXN000143,2026-02-07,03:28:12,Saturday,CUST0005,Chibundo Eze,5286303748,7620,Visa Credit,Access Bank,POS Purchase,10407.46,70279.86,59872.4,"ATM_LG_005 - Yaba, Lagos",Kano,low_spender,10000,50000,10407.46,Successful,SUSPICIOUS,Transaction at 03:28 — outside normal banking hours (midnight–4am)
TXN000142,2026-02-07,04:28:21,Saturday,CUST0005,Chibundo Eze,5286303748,7620,Visa Credit,Access Bank,Online Transfer,9785.7,89178.28,89178.28,"ATM_LG_005 - Yaba, Lagos",Kano,low_spender,10000,50000,0,Successful,NORMAL,
TXN000445,2026-02-07,05:04:23,Saturday,CUST0014,Dayo Babatunde,7962797218,4925,Visa Credit,Access Bank,ATM Withdrawal,2116.95,66222.42,64105.47,"ATM_LG_001 - Ikeja Branch, Lagos",Enugu,low_spender,10000,50000,2116.95,Declined,NORMAL,
TXN000040,2026-02-07,05:51:57,Saturday,CUST0002,Efua Babatunde,9356327295,2359,Visa Credit,Zenith Bank,ATM Balance Enquiry,42531.94,66351.01,66351.01,"ATM_LG_001 - Ikeja Branch, Lagos",Kaduna,medium_spender,50000,150000,0,Successful,NORMAL,
TXN000924,2026-02-07,06:44:41,Saturday,CUST0034,Nkechi Babatunde,7423582839,6817,Visa Credit,Stanbic IBTC,ATM Withdrawal,9629.68,42977.23,33347.55,"ATM_LG_005 - Yaba, Lagos",Kano,low_spender,10000,50000,9629.68,Successful,NORMAL,
TXN000333,2026-02-07,07:28:41,Saturday,CUST0011,Bola Afolabi,3656018830,9554,Visa Credit,GTBank,ATM Withdrawal,11997.06,457601.95,445604.89,"ATM_LG_004 - Surulere, Lagos",Ibadan,medium_spender,50000,150000,11997.06,Successful,NORMAL,
TXN000010,2026-02-07,08:09:46,Saturday,CUST0001,Gbenga Musa,6639233214,7276,Visa Credit,GTBank,ATM Withdrawal,4695.02,47578.89,42883.87,"ATM_LG_005 - Yaba, Lagos",Kaduna,low_spender,10000,50000,4695.02,Successful,NORMAL,
TXN001521,2026-02-07,08:50:36,Saturday,CUST0056,Chibundo Musa,5954546293,6058,Visa Credit,Access Bank,ATM Withdrawal,8467.69,78328.67,69860.98,"ATM_LG_002 - Victoria Island, Lagos",Abuja,low_spender,10000,50000,8467.69,Declined,NORMAL,
TXN001604,2026-02-07,08:57:57,Saturday,CUST0060,Dayo Obi,7463734803,6570,Visa Debit,GTBank,ATM Withdrawal,4664.55,36602.81,31938.26,"ATM_LG_002 - Victoria Island, Lagos",Lagos,low_spender,10000,50000,4664.55,Successful,NORMAL,
TXN002209,2026-02-07,09:08:03,Saturday,CUST0080,Ola Okonkwo,3342204457,4255,Visa Debit,UBA,ATM Withdrawal,31787.82,160493.78,128705.96,"ATM_LG_001 - Ikeja Branch, Lagos",Benin City,medium_spender,50000,150000,31787.82,Successful,NORMAL,
TXN001279,2026-02-07,13:00:29,Saturday,CUST0048,Yemi Lawal,0868927381,7500,Mastercard Debit,Fidelity Bank,ATM Balance Enquiry,10730.33,127167.94,127167.94,"ATM_LG_001 - Ikeja Branch, Lagos",Abuja,medium_spender,50000,150000,0,Successful,NORMAL,
TXN001308,2026-02-07,14:45:35,Saturday,CUST0049,Musa Adeleke,3362363512,1975,Visa Credit,GTBank,POS Purchase,872.39,80399.55,79527.16,"ATM_PH_001 - GRA Phase 2, Port Harcourt",Ibadan,low_spender,10000,50000,872.39,Declined,NORMAL,
TXN000527,2026-02-07,15:23:32,Saturday,CUST0017,Chidi Bello,1122281086,3728,Mastercard Debit,Zenith Bank,ATM Withdrawal,35668.82,495500.32,459831.5,"ATM_LG_003 - Lekki Phase 1, Lagos",Lagos,medium_spender,50000,150000,35668.82,Successful,NORMAL,
TXN001031,2026-02-07,17:29:45,Saturday,CUST0039,Tunde Nwosu,8518405632,1659,Visa Credit,Zenith Bank,ATM Balance Enquiry,44952.3,397542.06,397542.06,"ATM_LG_003 - Lekki Phase 1, Lagos",Kaduna,medium_spender,50000,150000,0,Declined,NORMAL,
TXN001447,2026-02-07,17:34:11,Saturday,CUST0054,Jide Chukwu,5340712903,7552,Verve,GTBank,ATM Withdrawal,26271.42,399084.35,372812.93,"ATM_LG_003 - Lekki Phase 1, Lagos",Benin City,medium_spender,50000,150000,26271.42,Successful,NORMAL,
TXN001976,2026-02-07,20:45:37,Saturday,CUST0073,Tobi Musa,2381163847,4263,Visa Credit,UBA,ATM Withdrawal,8383.01,44890.06,36507.05,"ATM_LG_002 - Victoria Island, Lagos",Enugu,medium_spender,50000,150000,8383.01,Reversed,NORMAL,
TXN002161,2026-02-07,20:50:32,Saturday,CUST0079,Fatima Okonkwo,1782327517,9193,Mastercard Debit,Access Bank,ATM Withdrawal,163358.73,1135564.34,972205.61,"ATM_EN_001 - Independence Layout, Enugu",Kano,high_spender,200000,500000,163358.73,Successful,NORMAL,
TXN002162,2026-02-07,21:16:02,Saturday,CUST0079,Fatima Okonkwo,1782327517,9193,Mastercard Debit,Access Bank,ATM Mini Statement,106028.31,1650098.65,1650098.65,"ATM_IB_001 - Ring Road, Ibadan",Kano,high_spender,200000,500000,163358.73,Successful,NORMAL,
TXN000572,2026-02-07,21:20:17,Saturday,CUST0018,Jide Suleiman,6342127803,7174,Visa Credit,Fidelity Bank,ATM Withdrawal,42576.33,261952.21,219375.88,"ATM_LG_002 - Victoria Island, Lagos",Abuja,medium_spender,50000,150000,42576.33,Successful,NORMAL,
TXN002134,2026-02-07,21:45:46,Saturday,CUST0078,Uche Salami,0072246503,5411,Visa Credit,Access Bank,Online Transfer,10885.06,335395.57,335395.57,"ATM_LG_004 - Surulere, Lagos",Port Harcourt,medium_spender,50000,150000,0,Successful,NORMAL,
TXN000074,2026-02-07,22:11:50,Saturday,CUST0003,Nkechi Okonkwo,4806358178,4245,Mastercard Debit,GTBank,POS Purchase,182898.03,1534511.98,1351613.95,"ATM_LG_004 - Surulere, Lagos",Kano,high_spender,200000,500000,182898.03,Successful,NORMAL,
TXN002163,2026-02-07,23:54:22,Saturday,CUST0079,Fatima Okonkwo,1782327517,9193,Mastercard Debit,Access Bank,ATM Withdrawal,183187.58,1369741.65,1186554.07,"ATM_LG_005 - Yaba, Lagos",Kano,high_spender,200000,500000,346546.31,Reversed,NORMAL,
TXN000144,2026-02-08,00:18:00,Sunday,CUST0005,Chibundo Eze,5286303748,7620,Visa Credit,Access Bank,ATM Withdrawal,7190.53,84179.73,76989.2,"ATM_LG_005 - Yaba, Lagos",Kano,low_spender,10000,50000,7190.53,Successful,NORMAL,
TXN000723,2026-02-08,01:00:17,Sunday,CUST0024,Ola Babatunde,4288813383,7897,Verve,Zenith Bank,Online Transfer,360232.96,199868.36,199868.36,"ATM_LG_004 - Surulere, Lagos",Enugu,medium_spender,50000,150000,0,Successful,SUSPICIOUS,"Amount ₦360,232.96 is 7.2x above customer's typical maximum of ₦50,000"
TXN001751,2026-02-08,01:06:09,Sunday,CUST0065,Chidi Salami,7949487287,9802,Visa Debit,GTBank,POS Purchase,42679.96,284289.56,241609.6,"ATM_LG_001 - Ikeja Branch, Lagos",Abuja,medium_spender,50000,150000,42679.96,Successful,NORMAL,
TXN001160,2026-02-08,01:30:50,Sunday,CUST0044,Uche Usman,2874900400,5082,Visa Credit,Stanbic IBTC,POS Purchase,38816.04,214867.66,176051.62,"ATM_LG_003 - Lekki Phase 1, Lagos",Kano,medium_spender,50000,150000,38816.04,Successful,NORMAL,
TXN000675,2026-02-08,01:35:48,Sunday,CUST0021,Tunde Adeola,6683286033,5256,Visa Debit,Stanbic IBTC,ATM Withdrawal,1630.7,39018.08,37387.38,"ATM_LG_002 - Victoria Island, Lagos",Port Harcourt,low_spender,10000,50000,1630.7,Successful,NORMAL,
TXN000114,2026-02-08,01:37:16,Sunday,CUST0004,Jide Lawal,9282010276,2329,Verve,UBA,ATM Withdrawal,36226.37,44673.39,8447.02,"ATM_LG_004 - Surulere, Lagos",Lagos,medium_spender,50000,150000,36226.37,Successful,NORMAL,
TXN001012,2026-02-08,02:21:20,Sunday,CUST0038,Zainab Adeleke,2884009952,3102,Verve,Stanbic IBTC,ATM Withdrawal,5041.0,28317.24,23276.24,ATM_KN_001 - Kano City Centre,Enugu,low_spender,10000,50000,5041.0,Successful,NORMAL,
TXN000369,2026-02-08,02:50:35,Sunday,CUST0012,Uche Adeleke,7889943014,2238,Verve,Zenith Bank,ATM Withdrawal,99717.74,1269176.51,1169458.77,"ATM_EN_001 - Independence Layout, Enugu",Ibadan,high_spender,200000,500000,99717.74,Successful,NORMAL,
TXN000724,2026-02-08,03:30:42,Sunday,CUST0024,Ola Babatunde,4288813383,7897,Verve,Zenith Bank,ATM Balance Enquiry,242970.44,57666.29,57666.29,"ATM_LG_004 - Surulere, Lagos",Enugu,medium_spender,50000,150000,0,Declined,SUSPICIOUS,"Amount ₦242,970.44 is 4.9x above customer's typical maximum of ₦50,000"
TXN000115,2026-02-08,05:39:22,Sunday,CUST0004,Jide Lawal,9282010276,2329,Verve,UBA,POS Purchase,7863.88,442131.66,434267.78,"ATM_LG_004 - Surulere, Lagos",Lagos,medium_spender,50000,150000,44090.25,Successful,NORMAL,
TXN000528,2026-02-08,05:45:37,Sunday,CUST0017,Chidi Bello,1122281086,3728,Mastercard Debit,Zenith Bank,Online Transfer,41896.09,175060.04,175060.04,"ATM_LG_003 - Lekki Phase 1, Lagos",Lagos,medium_spender,50000,150000,0,Successful,NORMAL,
TXN000789,2026-02-08,06:55:31,Sunday,CUST0027,Nkechi Adeyemi,6382100233,6628,Visa Debit,First Bank,POS Purchase,30454.98,259646.8,229191.82,"ATM_LG_004 - Surulere, Lagos",Abuja,medium_spender,50000,150000,30454.98,Successful,NORMAL,
TXN000041,2026-02-08,07:36:44,Sunday,CUST0002,Efua Babatunde,9356327295,2359,Visa Credit,Zenith Bank,ATM Withdrawal,17530.17,222663.74,205133.57,"ATM_AB_003 - Maitama, Abuja",Kaduna,medium_spender,50000,150000,17530.17,Successful,NORMAL,
TXN001280,2026-02-08,08:42:14,Sunday,CUST0048,Yemi Lawal,0868927381,7500,Mastercard Debit,Fidelity Bank,Online Transfer,35866.79,220984.06,220984.06,"ATM_IB_001 - Ring Road, Ibadan",Abuja,medium_spender,50000,150000,0,Successful,NORMAL,
TXN001863,2026-02-08,09:18:34,Sunday,CUST0070,Uche Adeola,6486987091,8454,Verve,Zenith Bank,POS Purchase,47095.22,85886.83,38791.61,"ATM_AB_002 - Garki Area 11, Abuja",Abuja,medium_spender,50000,150000,47095.22,Successful,NORMAL,
TXN000925,2026-02-08,10:44:12,Sunday,CUST0034,Nkechi Babatunde,7423582839,6817,Visa Credit,Stanbic IBTC,ATM Balance Enquiry,4098.98,8272.48,8272.48,"ATM_LG_005 - Yaba, Lagos",Kano,low_spender,10000,50000,0,Successful,NORMAL,
TXN001522,2026-02-08,13:23:17,Sunday,CUST0056,Chibundo Musa,5954546293,6058,Visa Credit,Access Bank,ATM Withdrawal,880.95,78293.08,77412.13,"ATM_LG_002 - Victoria Island, Lagos",Abuja,low_spender,10000,50000,880.95,Successful,NORMAL,
TXN002043,2026-02-08,15:11:44,Sunday,CUST0075,Seun Nwosu,6803179670,4072,Visa Credit,GTBank,ATM Balance Enquiry,7690.65,47858.57,47858.57,"ATM_IB_001 - Ring Road, Ibadan",Kano,low_spender,10000,50000,0,Successful,NORMAL,
TXN001330,2026-02-08,15:37:33,Sunday,CUST0050,Nkechi Eze,5802869654,3762,Mastercard Debit,First Bank,POS Purchase,7083.51,28579.9,21496.39,"ATM_LG_002 - Victoria Island, Lagos",Benin City,medium_spender,50000,150000,7083.51,Successful,NORMAL,
TXN000011,2026-02-08,16:06:57,Sunday,CUST0001,Gbenga Musa,6639233214,7276,Visa Credit,GTBank,ATM Withdrawal,7842.21,62184.33,54342.12,"ATM_LG_005 - Yaba, Lagos",Kaduna,low_spender,10000,50000,7842.21,Declined,NORMAL,
TXN002164,2026-02-08,16:58:40,Sunday,CUST0079,Fatima Okonkwo,1782327517,9193,Mastercard Debit,Access Bank,ATM Withdrawal,187321.79,1508918.04,1321596.25,"ATM_LG_004 - Surulere, Lagos",Kano,high_spender,200000,500000,187321.79,Successful,NORMAL,
TXN001032,2026-02-08,17:08:20,Sunday,CUST0039,Tunde Nwosu,8518405632,1659,Visa Credit,Zenith Bank,ATM Withdrawal,44592.95,39051.61,0,"ATM_LG_003 - Lekki Phase 1, Lagos",Kaduna,medium_spender,50000,150000,44592.95,Successful,NORMAL,
TXN000223,2026-02-08,17:28:17,Sunday,CUST0008,Tobi Ibrahim,1205673434,2732,Mastercard Debit,First Bank,ATM Withdrawal,1717.65,27269.48,25551.83,"ATM_LG_004 - Surulere, Lagos",Ibadan,low_spender,10000,50000,1717.65,Successful,NORMAL,
TXN001587,2026-02-08,17:38:46,Sunday,CUST0059,Yemi Salami,0346191820,4159,Mastercard Debit,GTBank,Online Transfer,3192.11,40198.07,40198.07,"ATM_LG_005 - Yaba, Lagos",Kaduna,low_spender,10000,50000,0,Successful,NORMAL,
TXN001403,2026-02-08,17:38:48,Sunday,CUST0052,Sola Okafor,7066503218,8039,Mastercard Debit,GTBank,POS Purchase,5966.77,57011.04,51044.27,"ATM_LG_003 - Lekki Phase 1, Lagos",Port Harcourt,low_spender,10000,50000,5966.77,Successful,NORMAL,
TXN001033,2026-02-08,17:42:55,Sunday,CUST0039,Tunde Nwosu,8518405632,1659,Visa Credit,Zenith Bank,ATM Withdrawal,47382.87,496716.71,449333.84,"ATM_AB_003 - Maitama, Abuja",Kaduna,medium_spender,50000,150000,91975.82,Successful,NORMAL,
TXN001034,2026-02-08,18:12:34,Sunday,CUST0039,Tunde Nwosu,8518405632,1659,Visa Credit,Zenith Bank,POS Purchase,10286.19,414947.9,404661.71,"ATM_LG_003 - Lekki Phase 1, Lagos",Kaduna,medium_spender,50000,150000,102262.01,Reversed,NORMAL,
TXN001549,2026-02-08,18:13:49,Sunday,CUST0057,Tunde Okafor,1565330284,7497,Mastercard Debit,First Bank,POS Purchase,114378.35,1223463.46,1109085.11,"ATM_LG_004 - Surulere, Lagos",Ibadan,high_spender,200000,500000,114378.35,Successful,NORMAL,
TXN000529,2026-02-08,18:33:16,Sunday,CUST0017,Chidi Bello,1122281086,3728,Mastercard Debit,Zenith Bank,ATM Balance Enquiry,3860.12,477616.53,477616.53,"ATM_LG_003 - Lekki Phase 1, Lagos",Lagos,medium_spender,50000,150000,0,Successful,NORMAL,
TXN000075,2026-02-08,20:37:38,Sunday,CUST0003,Nkechi Okonkwo,4806358178,4245,Mastercard Debit,GTBank,ATM Balance Enquiry,129284.66,972219.28,972219.28,"ATM_AB_002 - Garki Area 11, Abuja",Kano,high_spender,200000,500000,0,Declined,NORMAL,
TXN000493,2026-02-08,21:08:41,Sunday,CUST0016,Adebayo Musa,7063317244,6982,Mastercard Debit,Fidelity Bank,ATM Mini Statement,10491.42,592412.05,592412.05,"ATM_LG_005 - Yaba, Lagos",Enugu,high_spender,200000,500000,0,Successful,NORMAL,
TXN000259,2026-02-08,21:19:07,Sunday,CUST0009,Jide Adeyemi,1764184578,3085,Visa Credit,Fidelity Bank,ATM Balance Enquiry,28331.77,386988.74,386988.74,"ATM_LG_003 - Lekki Phase 1, Lagos",Kano,medium_spender,50000,150000,0,Successful,NORMAL,
TXN000462,2026-02-08,21:29:29,Sunday,CUST0015,Ola Adeleke,9840956422,1778,Mastercard Debit,UBA,ATM Balance Enquiry,4676.47,34568.41,34568.41,"ATM_LG_002 - Victoria Island, Lagos",Ibadan,low_spender,10000,50000,0,Successful,NORMAL,
TXN001109,2026-02-08,23:35:00,Sunday,CUST0041,Gbenga Musa,2240888423,7738,Visa Credit,Fidelity Bank,ATM Withdrawal,1542.7,30013.6,28470.9,"ATM_LG_001 - Ikeja Branch, Lagos",Kaduna,low_spender,10000,50000,1542.7,Declined,NORMAL,
TXN001550,2026-02-09,01:03:37,Monday,CUST0057,Tunde Okafor,1565330284,7497,Mastercard Debit,First Bank,ATM Balance Enquiry,94991.26,593740.82,593740.82,"ATM_LG_004 - Surulere, Lagos",Ibadan,high_spender,200000,500000,0,Successful,NORMAL,
TXN001935,2026-02-09,02:03:08,Monday,CUST0072,Uche Lawal,3911628692,4429,Visa Debit,Access Bank,ATM Withdrawal,136477.46,650101.68,513624.22,"ATM_LG_004 - Surulere, Lagos",Enugu,high_spender,200000,500000,136477.46,Successful,NORMAL,
TXN001208,2026-02-09,02:22:56,Monday,CUST0046,Tunde Babatunde,9470820432,1291,Verve,Zenith Bank,ATM Withdrawal,1465438.07,1185120.37,0,"ATM_LG_003 - Lekki Phase 1, Lagos",Kaduna,high_spender,200000,500000,1465438.07,Declined,SUSPICIOUS,"Amount ₦1,465,438.07 is 7.3x above customer's typical maximum of ₦200,000"
TXN000494,2026-02-09,02:36:33,Monday,CUST0016,Adebayo Musa,7063317244,6982,Mastercard Debit,Fidelity Bank,ATM Withdrawal,1597742.11,1581898.79,0,"ATM_LG_005 - Yaba, Lagos",Enugu,high_spender,200000,500000,1597742.11,Successful,SUSPICIOUS,"Amount ₦1,597,742.11 is 8.0x above customer's typical maximum of ₦200,000"
TXN000685,2026-02-09,04:04:20,Monday,CUST0022,Ola Okonkwo,2404296200,9240,Mastercard Debit,Zenith Bank,ATM Withdrawal,1487.67,39019.58,37531.91,"ATM_LG_002 - Victoria Island, Lagos",Kaduna,low_spender,10000,50000,1487.67,Successful,NORMAL,
TXN002210,2026-02-09,04:04:51,Monday,CUST0080,Ola Okonkwo,3342204457,4255,Visa Debit,UBA,ATM Withdrawal,37543.09,230462.86,192919.77,"ATM_LG_001 - Ikeja Branch, Lagos",Benin City,medium_spender,50000,150000,37543.09,Successful,NORMAL,
TXN002007,2026-02-09,04:04:56,Monday,CUST0074,Adebayo Okeke,7232677456,6745,Visa Credit,UBA,ATM Withdrawal,397043.02,406078.71,9035.69,"ATM_LG_004 - Surulere, Lagos",Lagos,medium_spender,50000,150000,397043.02,Successful,SUSPICIOUS,"Amount ₦397,043.02 is 7.9x above customer's typical maximum of ₦50,000"
TXN002044,2026-02-09,04:49:29,Monday,CUST0075,Seun Nwosu,6803179670,4072,Visa Credit,GTBank,POS Purchase,4484.04,39704.76,35220.72,"ATM_LG_002 - Victoria Island, Lagos",Kano,low_spender,10000,50000,4484.04,Successful,NORMAL,
TXN000116,2026-02-09,07:52:16,Monday,CUST0004,Jide Lawal,9282010276,2329,Verve,UBA,ATM Withdrawal,42546.95,171982.19,129435.24,"ATM_LG_004 - Surulere, Lagos",Lagos,medium_spender,50000,150000,42546.95,Successful,NORMAL,
TXN000852,2026-02-09,08:11:49,Monday,CUST0031,Emeka Suleiman,9100912636,1290,Mastercard Debit,Fidelity Bank,ATM Balance Enquiry,39158.82,421382.59,421382.59,"ATM_LG_001 - Ikeja Branch, Lagos",Abuja,medium_spender,50000,150000,0,Successful,NORMAL,
TXN001713,2026-02-09,08:36:21,Monday,CUST0064,Ngozi Babatunde,1232261941,4967,Visa Debit,Fidelity Bank,Online Transfer,24826.71,72143.66,72143.66,"ATM_AB_002 - Garki Area 11, Abuja",Benin City,medium_spender,50000,150000,0,Successful,NORMAL,
TXN001936,2026-02-09,11:19:06,Monday,CUST0072,Uche Lawal,3911628692,4429,Visa Debit,Access Bank,POS Purchase,198039.67,984908.98,786869.31,"ATM_PH_001 - GRA Phase 2, Port Harcourt [HOME STATE: Enugu]",Enugu,high_spender,200000,500000,334517.13,Successful,SUSPICIOUS,Card used at Benin City ATM but customer is based in Enugu
TXN002091,2026-02-09,11:58:10,Monday,CUST0077,Chibundo Adeola,1374759620,2208,Verve,UBA,ATM Withdrawal,7670.55,72014.74,64344.19,"ATM_LG_002 - Victoria Island, Lagos",Ibadan,medium_spender,50000,150000,7670.55,Successful,NORMAL,
TXN001110,2026-02-09,12:30:44,Monday,CUST0041,Gbenga Musa,2240888423,7738,Visa Credit,Fidelity Bank,POS Purchase,4815.6,37572.4,32756.8,"ATM_LG_001 - Ikeja Branch, Lagos",Kaduna,low_spender,10000,50000,4815.6,Successful,NORMAL,
TXN000407,2026-02-09,13:21:48,Monday,CUST0013,Zainab Musa,1662475227,7373,Verve,Zenith Bank,Online Transfer,182185.43,1923842.81,1923842.81,"ATM_LG_003 - Lekki Phase 1, Lagos",Port Harcourt,high_spender,200000,500000,0,Successful,NORMAL,
TXN001676,2026-02-09,13:45:35,Monday,CUST0063,Amaka Musa,0330885397,2813,Visa Debit,Access Bank,POS Purchase,17919.18,265590.24,247671.06,"ATM_LG_004 - Surulere, Lagos",Kano,medium_spender,50000,150000,17919.18,Declined,NORMAL,
TXN001823,2026-02-09,14:14:28,Monday,CUST0067,Taiwo Bello,4522759725,7104,Verve,GTBank,ATM Mini Statement,5070.21,65134.86,65134.86,"ATM_LG_004 - Surulere, Lagos",Abuja,low_spender,10000,50000,0,Successful,NORMAL,
TXN000495,2026-02-09,15:16:09,Monday,CUST0016,Adebayo Musa,7063317244,6982,Mastercard Debit,Fidelity Bank,Online Transfer,19869.36,1608171.94,1608171.94,"ATM_LG_005 - Yaba, Lagos",Enugu,high_spender,200000,500000,1597742.11,Successful,SUSPICIOUS,"Daily cumulative total ₦1,597,742.11 exceeds customer limit of ₦500,000"
TXN000878,2026-02-09,15:57:09,Monday,CUST0032,Ola Suleiman,6422426142,7858,Verve,Zenith Bank,ATM Withdrawal,5707.14,55780.07,50072.93,"ATM_LG_003 - Lekki Phase 1, Lagos",Kano,low_spender,10000,50000,5707.14,Successful,NORMAL,
TXN002211,2026-02-09,16:03:42,Monday,CUST0080,Ola Okonkwo,3342204457,4255,Visa Debit,UBA,Online Transfer,48349.57,462583.05,462583.05,"ATM_LG_001 - Ikeja Branch, Lagos",Benin City,medium_spender,50000,150000,37543.09,Successful,NORMAL,
TXN000942,2026-02-09,17:16:42,Monday,CUST0035,Adebayo Okafor,0569106167,2747,Mastercard Debit,Zenith Bank,ATM Withdrawal,46273.64,92434.07,46160.43,ATM_KN_001 - Kano City Centre,Port Harcourt,low_spender,10000,50000,46273.64,Successful,SUSPICIOUS,"Amount ₦46,273.64 is 4.6x above customer's typical maximum of ₦10,000"
TXN001851,2026-02-09,17:45:53,Monday,CUST0069,Sola Ogundipe,9848126899,3976,Visa Debit,First Bank,POS Purchase,8085.56,36395.64,28310.08,"ATM_PH_002 - Trans-Amadi, Port Harcourt",Abuja,low_spender,10000,50000,8085.56,Successful,NORMAL,
TXN000203,2026-02-09,17:57:36,Monday,CUST0007,Ola Usman,1521840905,4544,Visa Credit,First Bank,POS Purchase,4927.61,71640.45,66712.84,"ATM_LG_005 - Yaba, Lagos",Enugu,low_spender,10000,50000,4927.61,Successful,NORMAL,
TXN000530,2026-02-09,17:57:45,Monday,CUST0017,Chidi Bello,1122281086,3728,Mastercard Debit,Zenith Bank,ATM Withdrawal,27294.01,260307.71,233013.7,"ATM_LG_003 - Lekki Phase 1, Lagos",Lagos,medium_spender,50000,150000,27294.01,Successful,NORMAL,
TXN000042,2026-02-09,19:20:42,Monday,CUST0002,Efua Babatunde,9356327295,2359,Visa Credit,Zenith Bank,ATM Withdrawal,22121.35,59981.26,37859.91,"ATM_LG_001 - Ikeja Branch, Lagos",Kaduna,medium_spender,50000,150000,22121.35,Successful,NORMAL,
TXN000334,2026-02-09,20:15:54,Monday,CUST0011,Bola Afolabi,3656018830,9554,Visa Credit,GTBank,POS Purchase,14330.61,405785.95,391455.34,"ATM_AB_001 - Wuse Zone 5, Abuja",Ibadan,medium_spender,50000,150000,14330.61,Successful,NORMAL,
TXN000370,2026-02-10,02:00:54,Tuesday,CUST0012,Uche Adeleke,7889943014,2238,Verve,Zenith Bank,Online Transfer,130877.28,1889583.02,1889583.02,"ATM_LG_002 - Victoria Island, Lagos",Ibadan,high_spender,200000,500000,0,Successful,NORMAL,
TXN001253,2026-02-10,02:01:47,Tuesday,CUST0047,Musa Salami,6245202877,5548,Mastercard Debit,Zenith Bank,ATM Withdrawal,152616.16,374308.64,221692.48,"ATM_LG_005 - Yaba, Lagos",Kano,medium_spender,50000,150000,152616.16,Successful,SUSPICIOUS,"Amount ₦152,616.16 is 3.1x above customer's typical maximum of ₦50,000"
TXN000371,2026-02-10,02:07:36,Tuesday,CUST0012,Uche Adeleke,7889943014,2238,Verve,Zenith Bank,Online Transfer,31299.85,129972.5,129972.5,"ATM_LG_002 - Victoria Island, Lagos",Ibadan,high_spender,200000,500000,0,Successful,NORMAL,
TXN002045,2026-02-10,02:15:00,Tuesday,CUST0075,Seun Nwosu,6803179670,4072,Visa Credit,GTBank,POS Purchase,9631.48,59545.58,49914.1,"ATM_LG_002 - Victoria Island, Lagos",Kano,low_spender,10000,50000,9631.48,Successful,NORMAL,
TXN000293,2026-02-10,02:43:23,Tuesday,CUST0010,Efua Chukwu,6997365350,6821,Mastercard Debit,Stanbic IBTC,ATM Withdrawal,59040.51,1294240.03,1235199.52,"ATM_AB_003 - Maitama, Abuja",Ibadan,high_spender,200000,500000,59040.51,Reversed,NORMAL,
TXN000294,2026-02-10,04:20:57,Tuesday,CUST0010,Efua Chukwu,6997365350,6821,Mastercard Debit,Stanbic IBTC,ATM Mini Statement,92252.35,811006.63,811006.63,"ATM_AB_002 - Garki Area 11, Abuja",Ibadan,high_spender,200000,500000,59040.51,Successful,NORMAL,
TXN000981,2026-02-10,05:22:21,Tuesday,CUST0037,Rotimi Babatunde,8953520583,4419,Visa Credit,GTBank,ATM Withdrawal,47923.13,358100.5,310177.37,"ATM_AB_001 - Wuse Zone 5, Abuja",Enugu,medium_spender,50000,150000,47923.13,Successful,NORMAL,
TXN000686,2026-02-10,08:59:54,Tuesday,CUST0022,Ola Okonkwo,2404296200,9240,Mastercard Debit,Zenith Bank,Online Transfer,2139.92,17330.74,17330.74,"ATM_LG_002 - Victoria Island, Lagos",Kaduna,low_spender,10000,50000,0,Successful,NORMAL,
TXN000224,2026-02-10,10:28:23,Tuesday,CUST0008,Tobi Ibrahim,1205673434,2732,Mastercard Debit,First Bank,ATM Withdrawal,7567.57,48345.73,40778.16,"ATM_LG_004 - Surulere, Lagos",Ibadan,low_spender,10000,50000,7567.57,Successful,NORMAL,
TXN000076,2026-02-10,10:52:35,Tuesday,CUST0003,Nkechi Okonkwo,4806358178,4245,Mastercard Debit,GTBank,POS Purchase,807417.17,320972.16,0,"ATM_PH_002 - Trans-Amadi, Port Harcourt",Kano,high_spender,200000,500000,807417.17,Declined,SUSPICIOUS,"Amount ₦807,417.17 is 4.0x above customer's typical maximum of ₦200,000"
TXN001209,2026-02-10,11:32:00,Tuesday,CUST0046,Tunde Babatunde,9470820432,1291,Verve,Zenith Bank,POS Purchase,74313.64,1426801.57,1352487.93,"ATM_LG_003 - Lekki Phase 1, Lagos",Kaduna,high_spender,200000,500000,74313.64,Successful,NORMAL,
TXN001523,2026-02-10,12:17:58,Tuesday,CUST0056,Chibundo Musa,5954546293,6058,Visa Credit,Access Bank,ATM Withdrawal,9066.22,41581.55,32515.33,"ATM_LG_002 - Victoria Island, Lagos",Abuja,low_spender,10000,50000,9066.22,Reversed,NORMAL,
TXN000335,2026-02-10,12:40:05,Tuesday,CUST0011,Bola Afolabi,3656018830,9554,Visa Credit,GTBank,ATM Balance Enquiry,46694.99,440066.07,440066.07,"ATM_PH_002 - Trans-Amadi, Port Harcourt",Ibadan,medium_spender,50000,150000,0,Successful,NORMAL,
TXN000463,2026-02-10,12:40:56,Tuesday,CUST0015,Ola Adeleke,9840956422,1778,Mastercard Debit,UBA,ATM Balance Enquiry,7482.58,38763.93,38763.93,"ATM_LG_002 - Victoria Island, Lagos",Ibadan,low_spender,10000,50000,0,Successful,NORMAL,
TXN000831,2026-02-10,16:23:50,Tuesday,CUST0030,Aisha Obi,7765839814,7526,Visa Credit,Fidelity Bank,ATM Mini Statement,6504.38,55017.22,55017.22,"ATM_IB_001 - Ring Road, Ibadan",Benin City,low_spender,10000,50000,0,Successful,NORMAL,
TXN000757,2026-02-10,19:34:20,Tuesday,CUST0025,Amaka Adeyemi,3100605304,4032,Verve,GTBank,Online Transfer,4000.37,34550.93,34550.93,"ATM_LG_001 - Ikeja Branch, Lagos",Enugu,low_spender,10000,50000,0,Successful,NORMAL,
TXN000260,2026-02-10,19:45:15,Tuesday,CUST0009,Jide Adeyemi,1764184578,3085,Visa Credit,Fidelity Bank,ATM Balance Enquiry,37448.0,361720.21,361720.21,"ATM_PH_002 - Trans-Amadi, Port Harcourt",Kano,medium_spender,50000,150000,0,Successful,NORMAL,
TXN001079,2026-02-10,21:03:25,Tuesday,CUST0040,Uche Bello,1352141056,6134,Verve,Zenith Bank,Online Transfer,9610.05,274898.91,274898.91,"ATM_LG_002 - Victoria Island, Lagos",Kaduna,medium_spender,50000,150000,0,Successful,NORMAL,
TXN001331,2026-02-10,21:47:54,Tuesday,CUST0050,Nkechi Eze,5802869654,3762,Mastercard Debit,First Bank,ATM Withdrawal,31052.05,492199.06,461147.01,"ATM_LG_004 - Surulere, Lagos",Benin City,medium_spender,50000,150000,31052.05,Successful,NORMAL,
TXN001627,2026-02-10,21:57:00,Tuesday,CUST0061,Adebayo Nwosu,4601120311,2220,Verve,Stanbic IBTC,Online Transfer,1440.76,60354.86,60354.86,"ATM_LG_002 - Victoria Island, Lagos",Enugu,low_spender,10000,50000,0,Successful,NORMAL,
TXN000687,2026-02-10,22:32:29,Tuesday,CUST0022,Ola Okonkwo,2404296200,9240,Mastercard Debit,Zenith Bank,POS Purchase,7729.83,97494.39,89764.56,"ATM_LG_002 - Victoria Island, Lagos",Kaduna,low_spender,10000,50000,7729.83,Successful,NORMAL,
TXN001793,2026-02-10,23:29:17,Tuesday,CUST0066,Ola Afolabi,2938289640,5620,Visa Debit,Access Bank,Online Transfer,26364.34,210303.13,210303.13,ATM_KN_001 - Kano City Centre,Port Harcourt,medium_spender,50000,150000,0,Declined,NORMAL,
TXN000336,2026-02-11,01:22:20,Wednesday,CUST0011,Bola Afolabi,3656018830,9554,Visa Credit,GTBank,ATM Withdrawal,4389.56,161485.03,157095.47,"ATM_LG_004 - Surulere, Lagos",Ibadan,medium_spender,50000,150000,4389.56,Successful,NORMAL,
TXN000982,2026-02-11,02:01:47,Wednesday,CUST0037,Rotimi Babatunde,8953520583,4419,Visa Credit,GTBank,POS Purchase,48448.54,478721.79,430273.25,"ATM_LG_005 - Yaba, Lagos",Enugu,medium_spender,50000,150000,48448.54,Successful,NORMAL,
TXN000337,2026-02-11,03:01:10,Wednesday,CUST0011,Bola Afolabi,3656018830,9554,Visa Credit,GTBank,POS Purchase,3311.84,56604.09,53292.25,"ATM_LG_004 - Surulere, Lagos",Ibadan,medium_spender,50000,150000,7701.4,Successful,NORMAL,
TXN000879,2026-02-11,03:14:27,Wednesday,CUST0032,Ola Suleiman,6422426142,7858,Verve,Zenith Bank,ATM Mini Statement,2668.89,45546.52,45546.52,"ATM_LG_003 - Lekki Phase 1, Lagos",Kano,low_spender,10000,50000,0,Successful,NORMAL,
TXN001332,2026-02-11,04:32:14,Wednesday,CUST0050,Nkechi Eze,5802869654,3762,Mastercard Debit,First Bank,ATM Withdrawal,28050.63,461868.95,433818.32,"ATM_LG_004 - Surulere, Lagos",Benin City,medium_spender,50000,150000,28050.63,Successful,NORMAL,
TXN001281,2026-02-11,05:38:41,Wednesday,CUST0048,Yemi Lawal,0868927381,7500,Mastercard Debit,Fidelity Bank,ATM Withdrawal,30584.32,73951.07,43366.75,"ATM_PH_001 - GRA Phase 2, Port Harcourt [HOME STATE: Abuja]",Abuja,medium_spender,50000,150000,30584.32,Successful,SUSPICIOUS,Card used at Lagos ATM but customer is based in Abuja
TXN001161,2026-02-11,07:04:10,Wednesday,CUST0044,Uche Usman,2874900400,5082,Visa Credit,Stanbic IBTC,ATM Balance Enquiry,11000.77,26990.53,26990.53,"ATM_LG_003 - Lekki Phase 1, Lagos",Kano,medium_spender,50000,150000,0,Successful,NORMAL,
TXN000225,2026-02-11,08:26:38,Wednesday,CUST0008,Tobi Ibrahim,1205673434,2732,Mastercard Debit,First Bank,POS Purchase,1445.04,25103.97,23658.93,"ATM_LG_004 - Surulere, Lagos",Ibadan,low_spender,10000,50000,1445.04,Reversed,NORMAL,
TXN002165,2026-02-11,09:01:09,Wednesday,CUST0079,Fatima Okonkwo,1782327517,9193,Mastercard Debit,Access Bank,ATM Withdrawal,48494.51,1580015.15,1531520.64,"ATM_AB_003 - Maitama, Abuja",Kano,high_spender,200000,500000,48494.51,Successful,NORMAL,
TXN000650,2026-02-11,09:20:12,Wednesday,CUST0020,Chibundo Adeyemi,6105295550,7171,Mastercard Debit,Fidelity Bank,POS Purchase,28243.35,301839.87,273596.52,"ATM_AB_003 - Maitama, Abuja",Lagos,medium_spender,50000,150000,28243.35,Successful,NORMAL,
TXN000725,2026-02-11,09:45:44,Wednesday,CUST0024,Ola Babatunde,4288813383,7897,Verve,Zenith Bank,Online Transfer,45207.19,416926.39,416926.39,"ATM_LG_004 - Surulere, Lagos",Enugu,medium_spender,50000,150000,0,Successful,NORMAL,
TXN000226,2026-02-11,12:28:09,Wednesday,CUST0008,Tobi Ibrahim,1205673434,2732,Mastercard Debit,First Bank,POS Purchase,9006.01,84146.9,75140.89,"ATM_AB_001 - Wuse Zone 5, Abuja",Ibadan,low_spender,10000,50000,10451.05,Successful,NORMAL,
TXN000012,2026-02-11,16:16:56,Wednesday,CUST0001,Gbenga Musa,6639233214,7276,Visa Credit,GTBank,POS Purchase,7445.68,60001.02,52555.34,"ATM_LG_005 - Yaba, Lagos",Kaduna,low_spender,10000,50000,7445.68,Successful,NORMAL,
TXN000943,2026-02-11,17:22:36,Wednesday,CUST0035,Adebayo Okafor,0569106167,2747,Mastercard Debit,Zenith Bank,POS Purchase,1607.7,86569.54,84961.84,"ATM_LG_001 - Ikeja Branch, Lagos",Port Harcourt,low_spender,10000,50000,1607.7,Successful,NORMAL,
TXN001254,2026-02-11,22:13:06,Wednesday,CUST0047,Musa Salami,6245202877,5548,Mastercard Debit,Zenith Bank,POS Purchase,29187.41,34030.65,4843.24,"ATM_LG_005 - Yaba, Lagos",Kano,medium_spender,50000,150000,29187.41,Successful,NORMAL,
TXN001255,2026-02-11,23:56:27,Wednesday,CUST0047,Musa Salami,6245202877,5548,Mastercard Debit,Zenith Bank,Online Transfer,43376.44,273507.85,273507.85,"ATM_LG_005 - Yaba, Lagos",Kano,medium_spender,50000,150000,29187.41,Declined,NORMAL,
TXN001864,2026-02-12,01:36:05,Thursday,CUST0070,Uche Adeola,6486987091,8454,Verve,Zenith Bank,ATM Withdrawal,16364.42,284025.94,267661.52,"ATM_AB_001 - Wuse Zone 5, Abuja",Abuja,medium_spender,50000,150000,16364.42,Successful,NORMAL,
TXN000688,2026-02-12,02:22:23,Thursday,CUST0022,Ola Okonkwo,2404296200,9240,Mastercard Debit,Zenith Bank,ATM Withdrawal,2051.78,78010.65,75958.87,"ATM_LG_002 - Victoria Island, Lagos",Kaduna,low_spender,10000,50000,2051.78,Successful,NORMAL,
TXN000758,2026-02-12,03:41:18,Thursday,CUST0025,Amaka Adeyemi,3100605304,4032,Verve,GTBank,POS Purchase,4875.55,8018.29,3142.74,"ATM_LG_001 - Ikeja Branch, Lagos",Enugu,low_spender,10000,50000,4875.55,Successful,NORMAL,
TXN001333,2026-02-12,04:29:28,Thursday,CUST0050,Nkechi Eze,5802869654,3762,Mastercard Debit,First Bank,POS Purchase,107838.84,102552.46,0,"ATM_AB_002 - Garki Area 11, Abuja",Benin City,medium_spender,50000,150000,107838.84,Declined,SUSPICIOUS,Transaction at 04:29 — outside normal banking hours (midnight–4am)
TXN001852,2026-02-12,05:18:52,Thursday,CUST0069,Sola Ogundipe,9848126899,3976,Visa Debit,First Bank,ATM Balance Enquiry,5933.64,90847.58,90847.58,"ATM_LG_005 - Yaba, Lagos",Abuja,low_spender,10000,50000,0,Declined,NORMAL,
TXN002166,2026-02-12,08:24:28,Thursday,CUST0079,Fatima Okonkwo,1782327517,9193,Mastercard Debit,Access Bank,POS Purchase,187396.89,1677254.82,1489857.93,"ATM_LG_004 - Surulere, Lagos",Kano,high_spender,200000,500000,187396.89,Successful,NORMAL,
TXN001677,2026-02-12,09:07:09,Thursday,CUST0063,Amaka Musa,0330885397,2813,Visa Debit,Access Bank,Online Transfer,30358.25,450756.92,450756.92,"ATM_LG_004 - Surulere, Lagos",Kano,medium_spender,50000,150000,0,Successful,NORMAL,
TXN001129,2026-02-12,09:28:27,Thursday,CUST0042,Kemi Okonkwo,5073717438,1620,Verve,UBA,POS Purchase,16643.52,77009.29,60365.77,"ATM_LG_003 - Lekki Phase 1, Lagos",Kano,medium_spender,50000,150000,16643.52,Successful,NORMAL,
TXN000077,2026-02-12,09:31:54,Thursday,CUST0003,Nkechi Okonkwo,4806358178,4245,Mastercard Debit,GTBank,POS Purchase,34435.2,1018948.07,984512.87,"ATM_LG_005 - Yaba, Lagos",Kano,high_spender,200000,500000,34435.2,Successful,NORMAL,
TXN002008,2026-02-12,10:38:22,Thursday,CUST0074,Adebayo Okeke,7232677456,6745,Visa Credit,UBA,POS Purchase,3995.52,140564.67,136569.15,"ATM_LG_004 - Surulere, Lagos",Lagos,medium_spender,50000,150000,3995.52,Successful,NORMAL,
TXN000880,2026-02-12,16:44:57,Thursday,CUST0032,Ola Suleiman,6422426142,7858,Verve,Zenith Bank,POS Purchase,8114.61,25526.94,17412.33,"ATM_LG_003 - Lekki Phase 1, Lagos",Kano,low_spender,10000,50000,8114.61,Successful,NORMAL,
TXN000145,2026-02-12,20:09:08,Thursday,CUST0005,Chibundo Eze,5286303748,7620,Visa Credit,Access Bank,ATM Balance Enquiry,3964.96,59570.68,59570.68,"ATM_LG_005 - Yaba, Lagos",Kano,low_spender,10000,50000,0,Successful,NORMAL,
TXN001897,2026-02-12,22:12:49,Thursday,CUST0071,Ngozi Usman,1234933970,6062,Verve,Stanbic IBTC,ATM Balance Enquiry,40378.96,254937.07,254937.07,"ATM_LG_002 - Victoria Island, Lagos",Lagos,medium_spender,50000,150000,0,Successful,NORMAL,
TXN001865,2026-02-12,22:29:59,Thursday,CUST0070,Uche Adeola,6486987091,8454,Verve,Zenith Bank,POS Purchase,33646.47,424114.16,390467.69,"ATM_LG_001 - Ikeja Branch, Lagos",Abuja,medium_spender,50000,150000,50010.89,Successful,NORMAL,
TXN001794,2026-02-12,23:01:53,Thursday,CUST0066,Ola Afolabi,2938289640,5620,Visa Debit,Access Bank,Online Transfer,16604.88,354542.72,354542.72,"ATM_LG_001 - Ikeja Branch, Lagos",Port Harcourt,medium_spender,50000,150000,0,Successful,NORMAL,
TXN001977,2026-02-12,23:09:46,Thursday,CUST0073,Tobi Musa,2381163847,4263,Visa Credit,UBA,ATM Withdrawal,28403.18,146055.12,117651.94,"ATM_AB_002 - Garki Area 11, Abuja",Enugu,medium_spender,50000,150000,28403.18,Declined,NORMAL,
TXN001371,2026-02-13,02:22:01,Friday,CUST0051,Aisha Suleiman,2787994879,8601,Visa Credit,GTBank,Online Transfer,39209.06,154822.77,154822.77,"ATM_LG_003 - Lekki Phase 1, Lagos",Abuja,medium_spender,50000,150000,0,Successful,NORMAL,
TXN001678,2026-02-13,03:47:19,Friday,CUST0063,Amaka Musa,0330885397,2813,Visa Debit,Access Bank,ATM Withdrawal,43191.73,268213.16,225021.43,"ATM_LG_004 - Surulere, Lagos",Kano,medium_spender,50000,150000,43191.73,Successful,NORMAL,
TXN001162,2026-02-13,04:14:26,Friday,CUST0044,Uche Usman,2874900400,5082,Visa Credit,Stanbic IBTC,POS Purchase,6923.83,251328.26,244404.43,"ATM_LG_003 - Lekki Phase 1, Lagos",Kano,medium_spender,50000,150000,6923.83,Successful,NORMAL,
TXN001795,2026-02-13,04:39:17,Friday,CUST0066,Ola Afolabi,2938289640,5620,Visa Debit,Access Bank,POS Purchase,47621.32,262166.56,214545.24,ATM_KN_001 - Kano City Centre,Port Harcourt,medium_spender,50000,150000,47621.32,Successful,NORMAL,
TXN001524,2026-02-13,05:07:01,Friday,CUST0056,Chibundo Musa,5954546293,6058,Visa Credit,Access Bank,ATM Withdrawal,6584.86,45380.03,38795.17,"ATM_AB_001 - Wuse Zone 5, Abuja",Abuja,low_spender,10000,50000,6584.86,Successful,NORMAL,
TXN000295,2026-02-13,05:11:44,Friday,CUST0010,Efua Chukwu,6997365350,6821,Mastercard Debit,Stanbic IBTC,ATM Withdrawal,181589.14,397823.28,216234.14,"ATM_LG_004 - Surulere, Lagos",Ibadan,high_spender,200000,500000,181589.14,Successful,NORMAL,
TXN001486,2026-02-13,08:51:17,Friday,CUST0055,Fatima Okafor,4770704891,6439,Visa Debit,GTBank,Online Transfer,129841.34,255949.33,255949.33,"ATM_LG_003 - Lekki Phase 1, Lagos",Enugu,high_spender,200000,500000,0,Successful,NORMAL,
TXN000531,2026-02-13,08:56:34,Friday,CUST0017,Chidi Bello,1122281086,3728,Mastercard Debit,Zenith Bank,POS Purchase,32356.57,198911.44,166554.87,"ATM_IB_001 - Ring Road, Ibadan",Lagos,medium_spender,50000,150000,32356.57,Successful,NORMAL,
TXN001937,2026-02-13,09:38:49,Friday,CUST0072,Uche Lawal,3911628692,4429,Visa Debit,Access Bank,POS Purchase,139231.02,161960.12,22729.1,"ATM_LG_004 - Surulere, Lagos",Enugu,high_spender,200000,500000,139231.02,Successful,NORMAL,
TXN001256,2026-02-13,09:40:10,Friday,CUST0047,Musa Salami,6245202877,5548,Mastercard Debit,Zenith Bank,ATM Mini Statement,40841.92,399660.62,399660.62,"ATM_LG_005 - Yaba, Lagos",Kano,medium_spender,50000,150000,0,Successful,NORMAL,
TXN001796,2026-02-13,11:16:13,Friday,CUST0066,Ola Afolabi,2938289640,5620,Visa Debit,Access Bank,ATM Balance Enquiry,42069.12,64078.7,64078.7,"ATM_LG_005 - Yaba, Lagos",Port Harcourt,medium_spender,50000,150000,47621.32,Successful,NORMAL,
TXN002212,2026-02-13,11:30:38,Friday,CUST0080,Ola Okonkwo,3342204457,4255,Visa Debit,UBA,ATM Mini Statement,3350.18,55205.41,55205.41,ATM_KN_001 - Kano City Centre,Benin City,medium_spender,50000,150000,0,Successful,NORMAL,
TXN001448,2026-02-13,14:57:57,Friday,CUST0054,Jide Chukwu,5340712903,7552,Verve,GTBank,ATM Withdrawal,46788.58,419867.36,373078.78,"ATM_LG_003 - Lekki Phase 1, Lagos",Benin City,medium_spender,50000,150000,46788.58,Successful,NORMAL,
TXN001578,2026-02-13,15:45:11,Friday,CUST0058,Chisom Eze,2290020457,3375,Verve,GTBank,POS Purchase,7439.15,11943.18,4504.03,"ATM_LG_002 - Victoria Island, Lagos",Enugu,low_spender,10000,50000,7439.15,Successful,NORMAL,
TXN000408,2026-02-13,16:46:32,Friday,CUST0013,Zainab Musa,1662475227,7373,Verve,Zenith Bank,Online Transfer,90630.44,1952724.64,1952724.64,"ATM_LG_003 - Lekki Phase 1, Lagos",Port Harcourt,high_spender,200000,500000,0,Successful,NORMAL,
TXN000606,2026-02-13,17:39:41,Friday,CUST0019,Tunde Eze,2754590960,5925,Verve,Zenith Bank,Online Transfer,20033.55,1008266.87,1008266.87,"ATM_LG_004 - Surulere, Lagos",Abuja,high_spender,200000,500000,0,Successful,NORMAL,
TXN000726,2026-02-13,18:12:44,Friday,CUST0024,Ola Babatunde,4288813383,7897,Verve,Zenith Bank,ATM Withdrawal,42393.33,61626.11,19232.78,"ATM_LG_004 - Surulere, Lagos",Enugu,medium_spender,50000,150000,42393.33,Successful,NORMAL,
TXN000676,2026-02-13,19:54:09,Friday,CUST0021,Tunde Adeola,6683286033,5256,Visa Debit,Stanbic IBTC,POS Purchase,2505.1,98559.91,96054.81,"ATM_LG_002 - Victoria Island, Lagos",Port Harcourt,low_spender,10000,50000,2505.1,Declined,NORMAL,
TXN001866,2026-02-13,20:18:33,Friday,CUST0070,Uche Adeola,6486987091,8454,Verve,Zenith Bank,POS Purchase,44314.77,120423.35,76108.58,"ATM_LG_001 - Ikeja Branch, Lagos",Abuja,medium_spender,50000,150000,44314.77,Reversed,NORMAL,
TXN002046,2026-02-13,21:56:02,Friday,CUST0075,Seun Nwosu,6803179670,4072,Visa Credit,GTBank,Online Transfer,8321.56,24198.34,24198.34,"ATM_LG_002 - Victoria Island, Lagos",Kano,low_spender,10000,50000,0,Successful,NORMAL,
TXN000261,2026-02-13,22:34:10,Friday,CUST0009,Jide Adeyemi,1764184578,3085,Visa Credit,Fidelity Bank,ATM Withdrawal,47122.14,475033.21,427911.07,"ATM_LG_003 - Lekki Phase 1, Lagos",Kano,medium_spender,50000,150000,47122.14,Successful,NORMAL,
TXN000651,2026-02-13,23:42:38,Friday,CUST0020,Chibundo Adeyemi,6105295550,7171,Mastercard Debit,Fidelity Bank,ATM Withdrawal,37041.47,285091.16,248049.69,"ATM_LG_001 - Ikeja Branch, Lagos",Lagos,medium_spender,50000,150000,37041.47,Successful,NORMAL,
TXN001938,2026-02-14,00:06:28,Saturday,CUST0072,Uche Lawal,3911628692,4429,Visa Debit,Access Bank,ATM Balance Enquiry,77271.79,1840071.98,1840071.98,"ATM_LG_004 - Surulere, Lagos",Enugu,high_spender,200000,500000,0,Successful,NORMAL,
TXN000409,2026-02-14,00:12:10,Saturday,CUST0013,Zainab Musa,1662475227,7373,Verve,Zenith Bank,POS Purchase,198310.14,1463820.95,1265510.81,"ATM_LG_003 - Lekki Phase 1, Lagos",Port Harcourt,high_spender,200000,500000,198310.14,Successful,NORMAL,
TXN001853,2026-02-14,01:38:37,Saturday,CUST0069,Sola Ogundipe,9848126899,3976,Visa Debit,First Bank,ATM Withdrawal,4806.36,53917.9,49111.54,"ATM_LG_005 - Yaba, Lagos",Abuja,low_spender,10000,50000,4806.36,Successful,NORMAL,
TXN000446,2026-02-14,01:55:40,Saturday,CUST0014,Dayo Babatunde,7962797218,4925,Visa Credit,Access Bank,POS Purchase,7798.47,66953.08,59154.61,"ATM_LG_001 - Ikeja Branch, Lagos",Enugu,low_spender,10000,50000,7798.47,Successful,NORMAL,
TXN002092,2026-02-14,02:33:52,Saturday,CUST0077,Chibundo Adeola,1374759620,2208,Verve,UBA,POS Purchase,20255.7,483458.78,463203.08,"ATM_LG_004 - Surulere, Lagos",Ibadan,medium_spender,50000,150000,20255.7,Successful,NORMAL,
TXN000227,2026-02-14,03:05:18,Saturday,CUST0008,Tobi Ibrahim,1205673434,2732,Mastercard Debit,First Bank,POS Purchase,6890.06,21971.82,15081.76,"ATM_PH_001 - GRA Phase 2, Port Harcourt [HOME STATE: Ibadan]",Ibadan,low_spender,10000,50000,6890.06,Successful,SUSPICIOUS,Card used at Kano ATM but customer is based in Ibadan
TXN001487,2026-02-14,03:08:44,Saturday,CUST0055,Fatima Okafor,4770704891,6439,Visa Debit,GTBank,ATM Balance Enquiry,493663.16,323910.17,323910.17,"ATM_LG_003 - Lekki Phase 1, Lagos",Enugu,high_spender,200000,500000,0,Successful,SUSPICIOUS,"High-value transaction ₦493,663.16 flagged for velocity check"
TXN002213,2026-02-14,03:26:34,Saturday,CUST0080,Ola Okonkwo,3342204457,4255,Visa Debit,UBA,ATM Withdrawal,33808.4,188891.09,155082.69,"ATM_LG_001 - Ikeja Branch, Lagos",Benin City,medium_spender,50000,150000,33808.4,Successful,NORMAL,
TXN001941,2026-02-14,04:31:59,Saturday,CUST0072,Uche Lawal,3911628692,4429,Visa Debit,Access Bank,ATM Withdrawal,267527.65,916758.82,649231.17,"ATM_LG_004 - Surulere, Lagos",Enugu,high_spender,200000,500000,1584732.35,Declined,SUSPICIOUS,Transaction at 04:31 — outside normal banking hours (midnight–4am)
TXN001111,2026-02-14,05:03:18,Saturday,CUST0041,Gbenga Musa,2240888423,7738,Visa Credit,Fidelity Bank,ATM Balance Enquiry,2502.95,83810.03,83810.03,"ATM_LG_001 - Ikeja Branch, Lagos",Kaduna,low_spender,10000,50000,0,Successful,NORMAL,
TXN001939,2026-02-14,09:40:12,Saturday,CUST0072,Uche Lawal,3911628692,4429,Visa Debit,Access Bank,POS Purchase,1233713.87,1377524.16,143810.29,"ATM_AB_001 - Wuse Zone 5, Abuja",Enugu,high_spender,200000,500000,1233713.87,Successful,SUSPICIOUS,"Amount ₦1,233,713.87 is 6.2x above customer's typical maximum of ₦200,000"
TXN000173,2026-02-14,09:49:37,Saturday,CUST0006,Kemi Obi,2961112422,7715,Visa Credit,Stanbic IBTC,ATM Withdrawal,125553.91,1485224.35,1359670.44,"ATM_LG_003 - Lekki Phase 1, Lagos",Port Harcourt,high_spender,200000,500000,125553.91,Successful,NORMAL,
TXN000043,2026-02-14,10:01:10,Saturday,CUST0002,Efua Babatunde,9356327295,2359,Visa Credit,Zenith Bank,Online Transfer,30745.84,330949.77,330949.77,"ATM_LG_001 - Ikeja Branch, Lagos",Kaduna,medium_spender,50000,150000,0,Reversed,NORMAL,
TXN001940,2026-02-14,10:03:55,Saturday,CUST0072,Uche Lawal,3911628692,4429,Visa Debit,Access Bank,ATM Withdrawal,83490.83,1030501.26,947010.43,"ATM_PH_002 - Trans-Amadi, Port Harcourt",Enugu,high_spender,200000,500000,1317204.7,Successful,SUSPICIOUS,"Daily cumulative total ₦1,317,204.70 exceeds customer limit of ₦500,000"
TXN002047,2026-02-14,11:06:03,Saturday,CUST0075,Seun Nwosu,6803179670,4072,Visa Credit,GTBank,ATM Balance Enquiry,7175.25,61837.27,61837.27,"ATM_LG_003 - Lekki Phase 1, Lagos",Kano,low_spender,10000,50000,0,Successful,NORMAL,
TXN001488,2026-02-14,11:10:45,Saturday,CUST0055,Fatima Okafor,4770704891,6439,Visa Debit,GTBank,POS Purchase,183075.19,1099390.93,916315.74,ATM_KN_001 - Kano City Centre,Enugu,high_spender,200000,500000,183075.19,Declined,NORMAL,
TXN001449,2026-02-14,11:57:24,Saturday,CUST0054,Jide Chukwu,5340712903,7552,Verve,GTBank,ATM Withdrawal,16644.9,84145.01,67500.11,"ATM_LG_003 - Lekki Phase 1, Lagos",Benin City,medium_spender,50000,150000,16644.9,Successful,NORMAL,
TXN001579,2026-02-14,14:18:52,Saturday,CUST0058,Chisom Eze,2290020457,3375,Verve,GTBank,POS Purchase,2319.16,74083.51,71764.35,"ATM_LG_002 - Victoria Island, Lagos",Enugu,low_spender,10000,50000,2319.16,Successful,NORMAL,
TXN002167,2026-02-14,14:19:05,Saturday,CUST0079,Fatima Okonkwo,1782327517,9193,Mastercard Debit,Access Bank,POS Purchase,32084.98,313778.18,281693.2,"ATM_LG_004 - Surulere, Lagos",Kano,high_spender,200000,500000,32084.98,Successful,NORMAL,
TXN001035,2026-02-14,14:34:13,Saturday,CUST0039,Tunde Nwosu,8518405632,1659,Visa Credit,Zenith Bank,ATM Withdrawal,27744.71,60673.5,32928.79,"ATM_LG_003 - Lekki Phase 1, Lagos",Kaduna,medium_spender,50000,150000,27744.71,Declined,NORMAL,
TXN001797,2026-02-14,15:19:52,Saturday,CUST0066,Ola Afolabi,2938289640,5620,Visa Debit,Access Bank,ATM Withdrawal,36705.55,331701.35,294995.8,"ATM_LG_005 - Yaba, Lagos",Port Harcourt,medium_spender,50000,150000,36705.55,Successful,NORMAL,
TXN001450,2026-02-14,15:24:50,Saturday,CUST0054,Jide Chukwu,5340712903,7552,Verve,GTBank,ATM Withdrawal,212559.3,445086.95,232527.65,"ATM_LG_003 - Lekki Phase 1, Lagos",Benin City,medium_spender,50000,150000,229204.2,Declined,SUSPICIOUS,"Amount ₦212,559.30 is 4.3x above customer's typical maximum of ₦50,000"
TXN002214,2026-02-14,17:56:11,Saturday,CUST0080,Ola Okonkwo,3342204457,4255,Visa Debit,UBA,ATM Withdrawal,7092.22,150551.0,143458.78,"ATM_LG_001 - Ikeja Branch, Lagos",Benin City,medium_spender,50000,150000,40900.62,Successful,NORMAL,
TXN000296,2026-02-14,18:06:40,Saturday,CUST0010,Efua Chukwu,6997365350,6821,Mastercard Debit,Stanbic IBTC,ATM Mini Statement,23453.22,1035702.63,1035702.63,"ATM_LG_004 - Surulere, Lagos",Ibadan,high_spender,200000,500000,0,Successful,NORMAL,
TXN000372,2026-02-14,18:53:37,Saturday,CUST0012,Uche Adeleke,7889943014,2238,Verve,Zenith Bank,ATM Withdrawal,132769.02,1808587.96,1675818.94,"ATM_LG_002 - Victoria Island, Lagos",Ibadan,high_spender,200000,500000,132769.02,Successful,NORMAL,
TXN000958,2026-02-14,19:28:43,Saturday,CUST0036,Chibundo Obi,2442831915,1411,Visa Debit,First Bank,ATM Withdrawal,3124.58,69701.84,66577.26,"ATM_LG_004 - Surulere, Lagos",Ibadan,low_spender,10000,50000,3124.58,Successful,NORMAL,
TXN000013,2026-02-14,20:45:34,Saturday,CUST0001,Gbenga Musa,6639233214,7276,Visa Credit,GTBank,ATM Balance Enquiry,4472.25,33549.89,33549.89,"ATM_LG_005 - Yaba, Lagos",Kaduna,low_spender,10000,50000,0,Successful,NORMAL,
TXN001525,2026-02-14,21:38:20,Saturday,CUST0056,Chibundo Musa,5954546293,6058,Visa Credit,Access Bank,ATM Withdrawal,1812.01,47221.89,45409.88,"ATM_LG_002 - Victoria Island, Lagos",Abuja,low_spender,10000,50000,1812.01,Successful,NORMAL,
TXN000573,2026-02-14,23:18:21,Saturday,CUST0018,Jide Suleiman,6342127803,7174,Visa Credit,Fidelity Bank,POS Purchase,4338.9,433526.4,429187.5,"ATM_LG_003 - Lekki Phase 1, Lagos",Abuja,medium_spender,50000,150000,4338.9,Declined,NORMAL,
TXN001867,2026-02-15,00:40:00,Sunday,CUST0070,Uche Adeola,6486987091,8454,Verve,Zenith Bank,ATM Withdrawal,36002.51,157429.96,121427.45,"ATM_LG_001 - Ikeja Branch, Lagos",Abuja,medium_spender,50000,150000,36002.51,Reversed,NORMAL,
TXN001978,2026-02-15,01:16:47,Sunday,CUST0073,Tobi Musa,2381163847,4263,Visa Credit,UBA,Online Transfer,33795.82,100754.81,100754.81,"ATM_LG_002 - Victoria Island, Lagos",Enugu,medium_spender,50000,150000,0,Successful,NORMAL,
TXN001839,2026-02-15,02:53:37,Sunday,CUST0068,Gbenga Okonkwo,9274472394,1478,Visa Debit,Stanbic IBTC,ATM Withdrawal,8576.13,62924.1,54347.97,"ATM_LG_002 - Victoria Island, Lagos",Kaduna,low_spender,10000,50000,8576.13,Successful,NORMAL,
TXN001868,2026-02-15,04:13:35,Sunday,CUST0070,Uche Adeola,6486987091,8454,Verve,Zenith Bank,Online Transfer,33356.39,212472.99,212472.99,"ATM_LG_001 - Ikeja Branch, Lagos",Abuja,medium_spender,50000,150000,36002.51,Successful,NORMAL,
TXN000410,2026-02-15,05:09:42,Sunday,CUST0013,Zainab Musa,1662475227,7373,Verve,Zenith Bank,ATM Mini Statement,171695.03,278492.31,278492.31,"ATM_LG_003 - Lekki Phase 1, Lagos",Port Harcourt,high_spender,200000,500000,0,Successful,NORMAL,
TXN001628,2026-02-15,08:46:13,Sunday,CUST0061,Adebayo Nwosu,4601120311,2220,Verve,Stanbic IBTC,ATM Withdrawal,3733.28,36161.44,32428.16,"ATM_LG_002 - Victoria Island, Lagos",Enugu,low_spender,10000,50000,3733.28,Successful,NORMAL,
TXN001869,2026-02-15,09:07:09,Sunday,CUST0070,Uche Adeola,6486987091,8454,Verve,Zenith Bank,ATM Withdrawal,14392.35,53311.34,38918.99,"ATM_LG_001 - Ikeja Branch, Lagos",Abuja,medium_spender,50000,150000,50394.86,Successful,NORMAL,
TXN001898,2026-02-15,10:00:21,Sunday,CUST0071,Ngozi Usman,1234933970,6062,Verve,Stanbic IBTC,ATM Withdrawal,49426.5,199037.35,149610.85,"ATM_LG_002 - Victoria Island, Lagos",Lagos,medium_spender,50000,150000,49426.5,Declined,NORMAL,
TXN001605,2026-02-15,10:33:35,Sunday,CUST0060,Dayo Obi,7463734803,6570,Visa Debit,GTBank,Online Transfer,5367.53,22578.06,22578.06,"ATM_LG_002 - Victoria Island, Lagos",Lagos,low_spender,10000,50000,0,Reversed,NORMAL,
TXN002215,2026-02-15,12:32:41,Sunday,CUST0080,Ola Okonkwo,3342204457,4255,Visa Debit,UBA,POS Purchase,28171.59,91246.75,63075.16,"ATM_LG_001 - Ikeja Branch, Lagos",Benin City,medium_spender,50000,150000,28171.59,Successful,NORMAL,
TXN000464,2026-02-15,13:01:28,Sunday,CUST0015,Ola Adeleke,9840956422,1778,Mastercard Debit,UBA,ATM Withdrawal,32003.22,9900.25,0,"ATM_LG_002 - Victoria Island, Lagos",Ibadan,low_spender,10000,50000,32003.22,Declined,SUSPICIOUS,"High-value transaction ₦32,003.22 flagged for velocity check"
TXN000652,2026-02-15,13:08:50,Sunday,CUST0020,Chibundo Adeyemi,6105295550,7171,Mastercard Debit,Fidelity Bank,Online Transfer,102418.55,363755.92,363755.92,"ATM_PH_001 - GRA Phase 2, Port Harcourt",Lagos,medium_spender,50000,150000,0,Successful,SUSPICIOUS,"High-value transaction ₦102,418.55 flagged for velocity check"
TXN001489,2026-02-15,13:09:55,Sunday,CUST0055,Fatima Okafor,4770704891,6439,Visa Debit,GTBank,Online Transfer,12934.25,209978.24,209978.24,"ATM_LG_001 - Ikeja Branch, Lagos",Enugu,high_spender,200000,500000,0,Successful,NORMAL,
TXN001334,2026-02-15,14:29:30,Sunday,CUST0050,Nkechi Eze,5802869654,3762,Mastercard Debit,First Bank,POS Purchase,47725.32,243670.64,195945.32,"ATM_LG_004 - Surulere, Lagos",Benin City,medium_spender,50000,150000,47725.32,Successful,NORMAL,
TXN001679,2026-02-15,17:38:30,Sunday,CUST0063,Amaka Musa,0330885397,2813,Visa Debit,Access Bank,ATM Withdrawal,37489.71,476085.94,438596.23,"ATM_IB_001 - Ring Road, Ibadan",Kano,medium_spender,50000,150000,37489.71,Successful,NORMAL,
TXN001798,2026-02-15,19:37:57,Sunday,CUST0066,Ola Afolabi,2938289640,5620,Visa Debit,Access Bank,POS Purchase,35604.29,207651.73,172047.44,"ATM_LG_005 - Yaba, Lagos",Port Harcourt,medium_spender,50000,150000,35604.29,Declined,NORMAL,
TXN001451,2026-02-15,20:01:25,Sunday,CUST0054,Jide Chukwu,5340712903,7552,Verve,GTBank,POS Purchase,33226.71,400734.9,367508.19,"ATM_PH_002 - Trans-Amadi, Port Harcourt",Benin City,medium_spender,50000,150000,33226.71,Successful,NORMAL,
TXN000373,2026-02-15,20:29:14,Sunday,CUST0012,Uche Adeleke,7889943014,2238,Verve,Zenith Bank,ATM Withdrawal,610901.27,662336.54,51435.27,"ATM_IB_001 - Ring Road, Ibadan",Ibadan,high_spender,200000,500000,610901.27,Successful,SUSPICIOUS,"High-value transaction ₦610,901.27 flagged for velocity check"
TXN001752,2026-02-15,22:03:51,Sunday,CUST0065,Chidi Salami,7949487287,9802,Visa Debit,GTBank,POS Purchase,171433.31,232242.26,60808.95,"ATM_LG_001 - Ikeja Branch, Lagos",Abuja,medium_spender,50000,150000,171433.31,Successful,SUSPICIOUS,"Amount ₦171,433.31 is 3.4x above customer's typical maximum of ₦50,000"
TXN001824,2026-02-16,01:53:24,Monday,CUST0067,Taiwo Bello,4522759725,7104,Verve,GTBank,ATM Withdrawal,9116.13,85248.93,76132.8,"ATM_LG_004 - Surulere, Lagos",Abuja,low_spender,10000,50000,9116.13,Declined,NORMAL,
TXN000496,2026-02-16,04:35:15,Monday,CUST0016,Adebayo Musa,7063317244,6982,Mastercard Debit,Fidelity Bank,ATM Withdrawal,48316.21,1971978.3,1923662.09,"ATM_LG_005 - Yaba, Lagos",Enugu,high_spender,200000,500000,48316.21,Successful,NORMAL,
TXN001372,2026-02-16,05:47:36,Monday,CUST0051,Aisha Suleiman,2787994879,8601,Visa Credit,GTBank,POS Purchase,36340.57,381236.33,344895.76,"ATM_LG_003 - Lekki Phase 1, Lagos",Abuja,medium_spender,50000,150000,36340.57,Successful,NORMAL,
TXN001942,2026-02-16,06:02:49,Monday,CUST0072,Uche Lawal,3911628692,4429,Visa Debit,Access Bank,Online Transfer,23091.16,1113290.04,1113290.04,"ATM_LG_004 - Surulere, Lagos",Enugu,high_spender,200000,500000,0,Successful,NORMAL,
TXN001404,2026-02-16,06:02:51,Monday,CUST0052,Sola Okafor,7066503218,8039,Mastercard Debit,GTBank,ATM Withdrawal,1882.32,97516.3,95633.98,"ATM_LG_003 - Lekki Phase 1, Lagos",Port Harcourt,low_spender,10000,50000,1882.32,Successful,NORMAL,
TXN000411,2026-02-16,06:09:29,Monday,CUST0013,Zainab Musa,1662475227,7373,Verve,Zenith Bank,POS Purchase,21436.94,1759685.5,1738248.56,"ATM_LG_003 - Lekki Phase 1, Lagos",Port Harcourt,high_spender,200000,500000,21436.94,Successful,NORMAL,
TXN000297,2026-02-16,07:44:07,Monday,CUST0010,Efua Chukwu,6997365350,6821,Mastercard Debit,Stanbic IBTC,ATM Withdrawal,65238.17,1584809.19,1519571.02,"ATM_LG_005 - Yaba, Lagos",Ibadan,high_spender,200000,500000,65238.17,Successful,NORMAL,
TXN000804,2026-02-16,08:54:11,Monday,CUST0028,Amaka Babatunde,1576868455,2911,Mastercard Debit,Zenith Bank,ATM Withdrawal,3176.52,57914.3,54737.78,"ATM_AB_002 - Garki Area 11, Abuja",Enugu,low_spender,10000,50000,3176.52,Successful,NORMAL,
TXN001163,2026-02-16,10:08:00,Monday,CUST0044,Uche Usman,2874900400,5082,Visa Credit,Stanbic IBTC,ATM Withdrawal,34799.61,169729.16,134929.55,"ATM_EN_001 - Independence Layout, Enugu",Kano,medium_spender,50000,150000,34799.61,Declined,NORMAL,
TXN000983,2026-02-16,10:42:58,Monday,CUST0037,Rotimi Babatunde,8953520583,4419,Visa Credit,GTBank,POS Purchase,24351.89,485180.65,460828.76,"ATM_PH_001 - GRA Phase 2, Port Harcourt",Enugu,medium_spender,50000,150000,24351.89,Declined,NORMAL,
TXN000532,2026-02-16,10:51:42,Monday,CUST0017,Chidi Bello,1122281086,3728,Mastercard Debit,Zenith Bank,ATM Withdrawal,31333.53,344528.74,313195.21,"ATM_LG_003 - Lekki Phase 1, Lagos",Lagos,medium_spender,50000,150000,31333.53,Declined,NORMAL,
TXN001753,2026-02-16,16:08:40,Monday,CUST0065,Chidi Salami,7949487287,9802,Visa Debit,GTBank,ATM Mini Statement,19058.53,161906.61,161906.61,"ATM_LG_001 - Ikeja Branch, Lagos",Abuja,medium_spender,50000,150000,0,Successful,NORMAL,
TXN000338,2026-02-16,16:17:21,Monday,CUST0011,Bola Afolabi,3656018830,9554,Visa Credit,GTBank,Online Transfer,3685.62,140477.83,140477.83,ATM_KN_001 - Kano City Centre,Ibadan,medium_spender,50000,150000,0,Successful,NORMAL,
TXN001899,2026-02-16,16:35:50,Monday,CUST0071,Ngozi Usman,1234933970,6062,Verve,Stanbic IBTC,Online Transfer,48106.34,486782.37,486782.37,"ATM_LG_002 - Victoria Island, Lagos",Lagos,medium_spender,50000,150000,0,Successful,NORMAL,
TXN002048,2026-02-16,17:27:59,Monday,CUST0075,Seun Nwosu,6803179670,4072,Visa Credit,GTBank,POS Purchase,2376.32,52237.7,49861.38,"ATM_LG_002 - Victoria Island, Lagos",Kano,low_spender,10000,50000,2376.32,Successful,NORMAL,
TXN000497,2026-02-16,18:52:25,Monday,CUST0016,Adebayo Musa,7063317244,6982,Mastercard Debit,Fidelity Bank,POS Purchase,74335.37,768109.41,693774.04,"ATM_LG_005 - Yaba, Lagos",Enugu,high_spender,200000,500000,122651.58,Successful,NORMAL,
TXN000262,2026-02-16,18:54:25,Monday,CUST0009,Jide Adeyemi,1764184578,3085,Visa Credit,Fidelity Bank,Online Transfer,9221.97,344100.03,344100.03,"ATM_PH_002 - Trans-Amadi, Port Harcourt",Kano,medium_spender,50000,150000,0,Successful,NORMAL,
TXN001714,2026-02-16,19:14:07,Monday,CUST0064,Ngozi Babatunde,1232261941,4967,Visa Debit,Fidelity Bank,ATM Withdrawal,36935.84,309730.46,272794.62,"ATM_PH_001 - GRA Phase 2, Port Harcourt",Benin City,medium_spender,50000,150000,36935.84,Successful,NORMAL,
TXN001036,2026-02-16,19:27:30,Monday,CUST0039,Tunde Nwosu,8518405632,1659,Visa Credit,Zenith Bank,ATM Withdrawal,43076.86,184290.35,141213.49,"ATM_LG_003 - Lekki Phase 1, Lagos",Kaduna,medium_spender,50000,150000,43076.86,Successful,NORMAL,
TXN001551,2026-02-16,20:59:23,Monday,CUST0057,Tunde Okafor,1565330284,7497,Mastercard Debit,First Bank,ATM Withdrawal,65578.19,510561.15,444982.96,"ATM_LG_004 - Surulere, Lagos",Ibadan,high_spender,200000,500000,65578.19,Successful,NORMAL,
TXN000853,2026-02-16,21:39:59,Monday,CUST0031,Emeka Suleiman,9100912636,1290,Mastercard Debit,Fidelity Bank,POS Purchase,162168.33,423137.59,260969.26,"ATM_LG_001 - Ikeja Branch, Lagos",Abuja,medium_spender,50000,150000,162168.33,Declined,SUSPICIOUS,"Amount ₦162,168.33 is 3.2x above customer's typical maximum of ₦50,000"
TXN000298,2026-02-16,21:42:33,Monday,CUST0010,Efua Chukwu,6997365350,6821,Mastercard Debit,Stanbic IBTC,ATM Withdrawal,135951.38,1140350.64,1004399.26,"ATM_LG_004 - Surulere, Lagos",Ibadan,high_spender,200000,500000,201189.55,Successful,NORMAL,
TXN000204,2026-02-16,21:44:22,Monday,CUST0007,Ola Usman,1521840905,4544,Visa Credit,First Bank,ATM Balance Enquiry,6116.94,89652.37,89652.37,"ATM_LG_005 - Yaba, Lagos",Enugu,low_spender,10000,50000,0,Declined,NORMAL,
TXN001405,2026-02-17,00:32:40,Tuesday,CUST0052,Sola Okafor,7066503218,8039,Mastercard Debit,GTBank,ATM Balance Enquiry,7864.68,87345.1,87345.1,"ATM_IB_001 - Ring Road, Ibadan",Port Harcourt,low_spender,10000,50000,0,Successful,NORMAL,
TXN001870,2026-02-17,00:33:53,Tuesday,CUST0070,Uche Adeola,6486987091,8454,Verve,Zenith Bank,ATM Withdrawal,10643.84,395287.28,384643.44,"ATM_LG_001 - Ikeja Branch, Lagos",Abuja,medium_spender,50000,150000,10643.84,Successful,NORMAL,
TXN001606,2026-02-17,00:57:31,Tuesday,CUST0060,Dayo Obi,7463734803,6570,Visa Debit,GTBank,ATM Withdrawal,8078.13,84093.36,76015.23,"ATM_LG_002 - Victoria Island, Lagos",Lagos,low_spender,10000,50000,8078.13,Declined,NORMAL,
TXN001799,2026-02-17,02:17:10,Tuesday,CUST0066,Ola Afolabi,2938289640,5620,Visa Debit,Access Bank,ATM Withdrawal,59429.2,410572.84,351143.64,"ATM_IB_001 - Ring Road, Ibadan",Port Harcourt,medium_spender,50000,150000,59429.2,Successful,SUSPICIOUS,Transaction at 02:17 — outside normal banking hours (midnight–4am)
TXN000078,2026-02-17,02:21:52,Tuesday,CUST0003,Nkechi Okonkwo,4806358178,4245,Mastercard Debit,GTBank,ATM Withdrawal,96405.12,1186464.82,1090059.7,"ATM_LG_004 - Surulere, Lagos",Kano,high_spender,200000,500000,96405.12,Declined,NORMAL,
TXN002009,2026-02-17,04:43:55,Tuesday,CUST0074,Adebayo Okeke,7232677456,6745,Visa Credit,UBA,POS Purchase,92943.6,98709.69,5766.09,"ATM_LG_004 - Surulere, Lagos",Lagos,medium_spender,50000,150000,92943.6,Declined,SUSPICIOUS,Transaction at 04:43 — outside normal banking hours (midnight–4am)
TXN001840,2026-02-17,04:47:04,Tuesday,CUST0068,Gbenga Okonkwo,9274472394,1478,Visa Debit,Stanbic IBTC,ATM Withdrawal,7026.41,92622.85,85596.44,"ATM_LG_002 - Victoria Island, Lagos",Kaduna,low_spender,10000,50000,7026.41,Successful,NORMAL,
TXN001552,2026-02-17,04:50:01,Tuesday,CUST0057,Tunde Okafor,1565330284,7497,Mastercard Debit,First Bank,ATM Withdrawal,11027.88,845391.59,834363.71,"ATM_LG_004 - Surulere, Lagos",Ibadan,high_spender,200000,500000,11027.88,Successful,NORMAL,
TXN001080,2026-02-17,04:56:04,Tuesday,CUST0040,Uche Bello,1352141056,6134,Verve,Zenith Bank,ATM Withdrawal,8192.17,388661.69,380469.52,"ATM_LG_002 - Victoria Island, Lagos",Kaduna,medium_spender,50000,150000,8192.17,Successful,NORMAL,
TXN000727,2026-02-17,04:57:15,Tuesday,CUST0024,Ola Babatunde,4288813383,7897,Verve,Zenith Bank,ATM Withdrawal,112141.61,372752.87,260611.26,"ATM_LG_004 - Surulere, Lagos",Enugu,medium_spender,50000,150000,112141.61,Successful,SUSPICIOUS,"High-value transaction ₦112,141.61 flagged for velocity check"
TXN000014,2026-02-17,07:41:51,Tuesday,CUST0001,Gbenga Musa,6639233214,7276,Visa Credit,GTBank,ATM Withdrawal,2429.6,23387.82,20958.22,"ATM_PH_001 - GRA Phase 2, Port Harcourt [HOME STATE: Kaduna]",Kaduna,low_spender,10000,50000,2429.6,Declined,SUSPICIOUS,Card used at Lagos ATM but customer is based in Kaduna
TXN000015,2026-02-17,07:49:46,Tuesday,CUST0001,Gbenga Musa,6639233214,7276,Visa Credit,GTBank,POS Purchase,8497.55,48857.33,40359.78,"ATM_LG_005 - Yaba, Lagos",Kaduna,low_spender,10000,50000,10927.15,Successful,NORMAL,
TXN000810,2026-02-17,15:41:14,Tuesday,CUST0029,Nkechi Adeyemi,1449933778,1276,Visa Debit,Fidelity Bank,POS Purchase,745.22,78331.84,77586.62,"ATM_LG_003 - Lekki Phase 1, Lagos",Lagos,low_spender,10000,50000,745.22,Successful,NORMAL,
TXN002049,2026-02-17,18:06:56,Tuesday,CUST0075,Seun Nwosu,6803179670,4072,Visa Credit,GTBank,Online Transfer,7374.98,54903.93,54903.93,"ATM_LG_002 - Victoria Island, Lagos",Kano,low_spender,10000,50000,0,Successful,NORMAL,
TXN000498,2026-02-17,19:03:58,Tuesday,CUST0016,Adebayo Musa,7063317244,6982,Mastercard Debit,Fidelity Bank,POS Purchase,41708.23,824013.44,782305.21,"ATM_LG_005 - Yaba, Lagos",Enugu,high_spender,200000,500000,41708.23,Successful,NORMAL,
TXN000263,2026-02-17,19:46:54,Tuesday,CUST0009,Jide Adeyemi,1764184578,3085,Visa Credit,Fidelity Bank,ATM Withdrawal,271199.26,131863.78,0,"ATM_LG_003 - Lekki Phase 1, Lagos",Kano,medium_spender,50000,150000,271199.26,Reversed,SUSPICIOUS,"Amount ₦271,199.26 is 5.4x above customer's typical maximum of ₦50,000"
TXN000447,2026-02-17,20:52:48,Tuesday,CUST0014,Dayo Babatunde,7962797218,4925,Visa Credit,Access Bank,POS Purchase,7492.07,13584.64,6092.57,"ATM_LG_001 - Ikeja Branch, Lagos",Enugu,low_spender,10000,50000,7492.07,Successful,NORMAL,
TXN000499,2026-02-17,22:29:25,Tuesday,CUST0016,Adebayo Musa,7063317244,6982,Mastercard Debit,Fidelity Bank,POS Purchase,129870.79,1594278.9,1464408.11,"ATM_LG_005 - Yaba, Lagos",Enugu,high_spender,200000,500000,171579.02,Successful,NORMAL,
TXN001282,2026-02-17,23:14:25,Tuesday,CUST0048,Yemi Lawal,0868927381,7500,Mastercard Debit,Fidelity Bank,POS Purchase,14470.18,464397.12,449926.94,"ATM_LG_001 - Ikeja Branch, Lagos",Abuja,medium_spender,50000,150000,14470.18,Successful,NORMAL,
TXN000533,2026-02-18,00:23:10,Wednesday,CUST0017,Chidi Bello,1122281086,3728,Mastercard Debit,Zenith Bank,ATM Withdrawal,10116.12,426068.87,415952.75,"ATM_PH_001 - GRA Phase 2, Port Harcourt [HOME STATE: Lagos]",Lagos,medium_spender,50000,150000,10116.12,Successful,SUSPICIOUS,Card used at Kaduna ATM but customer is based in Lagos
TXN000984,2026-02-18,00:32:29,Wednesday,CUST0037,Rotimi Babatunde,8953520583,4419,Visa Credit,GTBank,ATM Withdrawal,28853.83,65492.41,36638.58,"ATM_LG_003 - Lekki Phase 1, Lagos",Enugu,medium_spender,50000,150000,28853.83,Successful,NORMAL,
TXN000654,2026-02-18,00:33:09,Wednesday,CUST0020,Chibundo Adeyemi,6105295550,7171,Mastercard Debit,Fidelity Bank,POS Purchase,47023.58,108975.74,61952.16,"ATM_LG_003 - Lekki Phase 1, Lagos",Lagos,medium_spender,50000,150000,57387.73,Successful,SUSPICIOUS,Transaction at 00:33 — outside normal banking hours (midnight–4am)
TXN001164,2026-02-18,00:47:31,Wednesday,CUST0044,Uche Usman,2874900400,5082,Visa Credit,Stanbic IBTC,ATM Mini Statement,64358.2,178443.33,178443.33,"ATM_LG_003 - Lekki Phase 1, Lagos",Kano,medium_spender,50000,150000,0,Successful,SUSPICIOUS,Transaction at 00:47 — outside normal banking hours (midnight–4am)
TXN001800,2026-02-18,01:44:10,Wednesday,CUST0066,Ola Afolabi,2938289640,5620,Visa Debit,Access Bank,ATM Balance Enquiry,331951.86,464698.17,464698.17,"ATM_LG_005 - Yaba, Lagos",Port Harcourt,medium_spender,50000,150000,0,Declined,SUSPICIOUS,"Amount ₦331,951.86 is 6.6x above customer's typical maximum of ₦50,000"
TXN001081,2026-02-18,01:46:21,Wednesday,CUST0040,Uche Bello,1352141056,6134,Verve,Zenith Bank,POS Purchase,186909.15,480700.85,293791.7,"ATM_LG_002 - Victoria Island, Lagos",Kaduna,medium_spender,50000,150000,186909.15,Successful,SUSPICIOUS,"Amount ₦186,909.15 is 3.7x above customer's typical maximum of ₦50,000"
TXN000881,2026-02-18,02:00:29,Wednesday,CUST0032,Ola Suleiman,6422426142,7858,Verve,Zenith Bank,ATM Mini Statement,3818.87,26231.4,26231.4,"ATM_LG_003 - Lekki Phase 1, Lagos",Kano,low_spender,10000,50000,0,Successful,NORMAL,
TXN001648,2026-02-18,02:47:30,Wednesday,CUST0062,Jide Nwosu,7690627387,6253,Verve,Fidelity Bank,Online Transfer,3220.13,35726.28,35726.28,"ATM_LG_005 - Yaba, Lagos",Ibadan,low_spender,10000,50000,0,Successful,NORMAL,
TXN001283,2026-02-18,04:12:36,Wednesday,CUST0048,Yemi Lawal,0868927381,7500,Mastercard Debit,Fidelity Bank,POS Purchase,24047.06,293706.46,269659.4,"ATM_LG_001 - Ikeja Branch, Lagos",Abuja,medium_spender,50000,150000,24047.06,Successful,NORMAL,
TXN002093,2026-02-18,04:45:53,Wednesday,CUST0077,Chibundo Adeola,1374759620,2208,Verve,UBA,POS Purchase,26295.71,236369.36,210073.65,"ATM_LG_004 - Surulere, Lagos",Ibadan,medium_spender,50000,150000,26295.71,Successful,NORMAL,
TXN002050,2026-02-18,04:49:01,Wednesday,CUST0075,Seun Nwosu,6803179670,4072,Visa Credit,GTBank,POS Purchase,3920.74,48267.62,44346.88,"ATM_LG_002 - Victoria Island, Lagos",Kano,low_spender,10000,50000,3920.74,Successful,NORMAL,
TXN001979,2026-02-18,05:06:28,Wednesday,CUST0073,Tobi Musa,2381163847,4263,Visa Credit,UBA,ATM Withdrawal,22469.15,327490.92,305021.77,"ATM_LG_002 - Victoria Island, Lagos",Enugu,medium_spender,50000,150000,22469.15,Successful,NORMAL,
TXN000607,2026-02-18,10:41:45,Wednesday,CUST0019,Tunde Eze,2754590960,5925,Verve,Zenith Bank,ATM Withdrawal,145548.75,480630.51,335081.76,"ATM_LG_004 - Surulere, Lagos",Abuja,high_spender,200000,500000,145548.75,Successful,NORMAL,
TXN001680,2026-02-18,12:38:31,Wednesday,CUST0063,Amaka Musa,0330885397,2813,Visa Debit,Access Bank,ATM Withdrawal,27269.93,356762.8,329492.87,"ATM_LG_004 - Surulere, Lagos",Kano,medium_spender,50000,150000,27269.93,Successful,NORMAL,
TXN001037,2026-02-18,13:23:47,Wednesday,CUST0039,Tunde Nwosu,8518405632,1659,Visa Credit,Zenith Bank,ATM Withdrawal,48839.96,186424.63,137584.67,"ATM_PH_001 - GRA Phase 2, Port Harcourt",Kaduna,medium_spender,50000,150000,48839.96,Successful,NORMAL,
TXN000374,2026-02-18,15:23:43,Wednesday,CUST0012,Uche Adeleke,7889943014,2238,Verve,Zenith Bank,POS Purchase,24718.85,699722.89,675004.04,"ATM_LG_002 - Victoria Island, Lagos",Ibadan,high_spender,200000,500000,24718.85,Successful,NORMAL,
TXN000985,2026-02-18,15:35:54,Wednesday,CUST0037,Rotimi Babatunde,8953520583,4419,Visa Credit,GTBank,ATM Balance Enquiry,49286.21,281336.18,281336.18,"ATM_LG_005 - Yaba, Lagos",Enugu,medium_spender,50000,150000,28853.83,Successful,NORMAL,
TXN000653,2026-02-18,17:46:29,Wednesday,CUST0020,Chibundo Adeyemi,6105295550,7171,Mastercard Debit,Fidelity Bank,POS Purchase,10364.15,412788.08,402423.93,"ATM_LG_003 - Lekki Phase 1, Lagos",Lagos,medium_spender,50000,150000,10364.15,Successful,NORMAL,
TXN001900,2026-02-18,19:44:09,Wednesday,CUST0071,Ngozi Usman,1234933970,6062,Verve,Stanbic IBTC,ATM Withdrawal,22973.6,221019.72,198046.12,ATM_KN_001 - Kano City Centre,Lagos,medium_spender,50000,150000,22973.6,Successful,NORMAL,
TXN001452,2026-02-18,20:46:51,Wednesday,CUST0054,Jide Chukwu,5340712903,7552,Verve,GTBank,ATM Mini Statement,33024.49,389295.37,389295.37,"ATM_LG_003 - Lekki Phase 1, Lagos",Benin City,medium_spender,50000,150000,0,Successful,NORMAL,
TXN002216,2026-02-18,21:26:56,Wednesday,CUST0080,Ola Okonkwo,3342204457,4255,Visa Debit,UBA,POS Purchase,44123.21,324110.6,279987.39,"ATM_LG_001 - Ikeja Branch, Lagos",Benin City,medium_spender,50000,150000,44123.21,Successful,NORMAL,
TXN001754,2026-02-18,22:44:52,Wednesday,CUST0065,Chidi Salami,7949487287,9802,Visa Debit,GTBank,POS Purchase,29950.18,170308.46,140358.28,"ATM_LG_001 - Ikeja Branch, Lagos",Abuja,medium_spender,50000,150000,29950.18,Successful,NORMAL,
TXN001284,2026-02-18,23:29:59,Wednesday,CUST0048,Yemi Lawal,0868927381,7500,Mastercard Debit,Fidelity Bank,ATM Balance Enquiry,19768.61,90395.14,90395.14,"ATM_LG_001 - Ikeja Branch, Lagos",Abuja,medium_spender,50000,150000,24047.06,Successful,NORMAL,
TXN001257,2026-02-18,23:43:45,Wednesday,CUST0047,Musa Salami,6245202877,5548,Mastercard Debit,Zenith Bank,ATM Withdrawal,6346.76,251920.43,245573.67,"ATM_LG_005 - Yaba, Lagos",Kano,medium_spender,50000,150000,6346.76,Reversed,NORMAL,
TXN000728,2026-02-18,23:49:01,Wednesday,CUST0024,Ola Babatunde,4288813383,7897,Verve,Zenith Bank,ATM Withdrawal,15186.46,48760.2,33573.74,"ATM_LG_004 - Surulere, Lagos",Enugu,medium_spender,50000,150000,15186.46,Declined,NORMAL,
TXN000016,2026-02-18,23:57:54,Wednesday,CUST0001,Gbenga Musa,6639233214,7276,Visa Credit,GTBank,POS Purchase,1008.63,62655.74,61647.11,"ATM_LG_005 - Yaba, Lagos",Kaduna,low_spender,10000,50000,1008.63,Successful,NORMAL,
TXN000044,2026-02-19,01:03:50,Thursday,CUST0002,Efua Babatunde,9356327295,2359,Visa Credit,Zenith Bank,ATM Balance Enquiry,45475.71,30616.84,30616.84,"ATM_LG_001 - Ikeja Branch, Lagos",Kaduna,medium_spender,50000,150000,0,Successful,NORMAL,
TXN000655,2026-02-19,01:29:59,Thursday,CUST0020,Chibundo Adeyemi,6105295550,7171,Mastercard Debit,Fidelity Bank,ATM Withdrawal,37243.14,399606.98,362363.84,"ATM_LG_003 - Lekki Phase 1, Lagos",Lagos,medium_spender,50000,150000,37243.14,Reversed,NORMAL,
TXN001210,2026-02-19,01:30:54,Thursday,CUST0046,Tunde Babatunde,9470820432,1291,Verve,Zenith Bank,ATM Withdrawal,82892.22,117692.54,34800.32,"ATM_LG_001 - Ikeja Branch, Lagos",Kaduna,high_spender,200000,500000,82892.22,Successful,NORMAL,
TXN001580,2026-02-19,01:52:03,Thursday,CUST0058,Chisom Eze,2290020457,3375,Verve,GTBank,POS Purchase,1656.14,53882.66,52226.52,"ATM_LG_002 - Victoria Island, Lagos",Enugu,low_spender,10000,50000,1656.14,Successful,NORMAL,
TXN000375,2026-02-19,02:28:40,Thursday,CUST0012,Uche Adeleke,7889943014,2238,Verve,Zenith Bank,ATM Withdrawal,210948.87,1123519.74,912570.87,"ATM_LG_002 - Victoria Island, Lagos",Ibadan,high_spender,200000,500000,210948.87,Declined,SUSPICIOUS,Transaction at 02:28 — outside normal banking hours (midnight–4am)
TXN000045,2026-02-19,03:34:40,Thursday,CUST0002,Efua Babatunde,9356327295,2359,Visa Credit,Zenith Bank,ATM Withdrawal,30790.52,248531.54,217741.02,"ATM_LG_001 - Ikeja Branch, Lagos",Kaduna,medium_spender,50000,150000,30790.52,Successful,NORMAL,
TXN000146,2026-02-19,05:49:02,Thursday,CUST0005,Chibundo Eze,5286303748,7620,Visa Credit,Access Bank,Online Transfer,3778.37,26578.75,26578.75,"ATM_LG_004 - Surulere, Lagos",Kano,low_spender,10000,50000,0,Successful,NORMAL,
TXN001425,2026-02-19,06:31:17,Thursday,CUST0053,Gbenga Okafor,0500303393,4495,Visa Credit,Zenith Bank,POS Purchase,3927.96,89023.17,85095.21,"ATM_LG_003 - Lekki Phase 1, Lagos",Enugu,low_spender,10000,50000,3927.96,Successful,NORMAL,
TXN001165,2026-02-19,07:22:43,Thursday,CUST0044,Uche Usman,2874900400,5082,Visa Credit,Stanbic IBTC,POS Purchase,42631.18,209835.55,167204.37,"ATM_LG_003 - Lekki Phase 1, Lagos",Kano,medium_spender,50000,150000,42631.18,Successful,NORMAL,
TXN000854,2026-02-19,07:43:56,Thursday,CUST0031,Emeka Suleiman,9100912636,1290,Mastercard Debit,Fidelity Bank,POS Purchase,40604.8,85990.69,45385.89,"ATM_AB_001 - Wuse Zone 5, Abuja",Abuja,medium_spender,50000,150000,40604.8,Successful,NORMAL,
TXN000339,2026-02-19,08:01:55,Thursday,CUST0011,Bola Afolabi,3656018830,9554,Visa Credit,GTBank,POS Purchase,44161.98,63092.32,18930.34,"ATM_LG_004 - Surulere, Lagos",Ibadan,medium_spender,50000,150000,44161.98,Successful,NORMAL,
TXN002217,2026-02-19,08:16:52,Thursday,CUST0080,Ola Okonkwo,3342204457,4255,Visa Debit,UBA,ATM Balance Enquiry,45804.97,375981.06,375981.06,"ATM_LG_001 - Ikeja Branch, Lagos",Benin City,medium_spender,50000,150000,0,Successful,NORMAL,
TXN001755,2026-02-19,11:06:21,Thursday,CUST0065,Chidi Salami,7949487287,9802,Visa Debit,GTBank,ATM Withdrawal,24497.44,94023.54,69526.1,"ATM_LG_001 - Ikeja Branch, Lagos",Abuja,medium_spender,50000,150000,24497.44,Successful,NORMAL,
TXN001756,2026-02-19,11:23:05,Thursday,CUST0065,Chidi Salami,7949487287,9802,Visa Debit,GTBank,POS Purchase,25314.29,208384.29,183070.0,"ATM_LG_005 - Yaba, Lagos",Abuja,medium_spender,50000,150000,49811.73,Successful,NORMAL,
TXN001715,2026-02-19,11:56:21,Thursday,CUST0064,Ngozi Babatunde,1232261941,4967,Visa Debit,Fidelity Bank,POS Purchase,25387.7,209937.45,184549.75,"ATM_LG_005 - Yaba, Lagos",Benin City,medium_spender,50000,150000,25387.7,Successful,NORMAL,
TXN000689,2026-02-19,12:33:58,Thursday,CUST0022,Ola Okonkwo,2404296200,9240,Mastercard Debit,Zenith Bank,POS Purchase,8339.83,38482.15,30142.32,"ATM_LG_002 - Victoria Island, Lagos",Kaduna,low_spender,10000,50000,8339.83,Successful,NORMAL,
TXN001211,2026-02-19,17:48:30,Thursday,CUST0046,Tunde Babatunde,9470820432,1291,Verve,Zenith Bank,POS Purchase,131764.74,1321050.16,1189285.42,"ATM_LG_003 - Lekki Phase 1, Lagos",Kaduna,high_spender,200000,500000,214656.96,Declined,NORMAL,
TXN001335,2026-02-19,18:46:12,Thursday,CUST0050,Nkechi Eze,5802869654,3762,Mastercard Debit,First Bank,POS Purchase,47769.6,139792.61,92023.01,"ATM_LG_004 - Surulere, Lagos",Benin City,medium_spender,50000,150000,47769.6,Successful,NORMAL,
TXN002168,2026-02-19,20:23:20,Thursday,CUST0079,Fatima Okonkwo,1782327517,9193,Mastercard Debit,Access Bank,Online Transfer,131464.33,109408.53,109408.53,"ATM_LG_004 - Surulere, Lagos",Kano,high_spender,200000,500000,0,Successful,NORMAL,
TXN000901,2026-02-19,22:36:07,Thursday,CUST0033,Ngozi Babatunde,1091476249,8935,Verve,UBA,ATM Withdrawal,1755.47,30185.0,28429.53,"ATM_LG_002 - Victoria Island, Lagos",Ibadan,low_spender,10000,50000,1755.47,Successful,NORMAL,
TXN001258,2026-02-19,22:57:01,Thursday,CUST0047,Musa Salami,6245202877,5548,Mastercard Debit,Zenith Bank,ATM Withdrawal,6514.2,450726.61,444212.41,"ATM_AB_003 - Maitama, Abuja",Kano,medium_spender,50000,150000,6514.2,Successful,NORMAL,
TXN000986,2026-02-19,23:22:23,Thursday,CUST0037,Rotimi Babatunde,8953520583,4419,Visa Credit,GTBank,ATM Balance Enquiry,37785.79,55367.9,55367.9,"ATM_LG_005 - Yaba, Lagos",Enugu,medium_spender,50000,150000,0,Successful,NORMAL,
TXN000944,2026-02-20,00:05:44,Friday,CUST0035,Adebayo Okafor,0569106167,2747,Mastercard Debit,Zenith Bank,ATM Mini Statement,3315.1,46577.39,46577.39,"ATM_LG_001 - Ikeja Branch, Lagos",Port Harcourt,low_spender,10000,50000,0,Successful,NORMAL,
TXN000299,2026-02-20,00:58:13,Friday,CUST0010,Efua Chukwu,6997365350,6821,Mastercard Debit,Stanbic IBTC,Online Transfer,156882.05,1399896.53,1399896.53,"ATM_LG_004 - Surulere, Lagos",Ibadan,high_spender,200000,500000,0,Successful,NORMAL,
TXN001038,2026-02-20,01:13:15,Friday,CUST0039,Tunde Nwosu,8518405632,1659,Visa Credit,Zenith Bank,ATM Withdrawal,43032.32,140397.13,97364.81,"ATM_LG_003 - Lekki Phase 1, Lagos",Kaduna,medium_spender,50000,150000,43032.32,Declined,NORMAL,
TXN001825,2026-02-20,01:49:16,Friday,CUST0067,Taiwo Bello,4522759725,7104,Verve,GTBank,POS Purchase,7001.16,11146.84,4145.68,"ATM_LG_004 - Surulere, Lagos",Abuja,low_spender,10000,50000,7001.16,Successful,NORMAL,
TXN001901,2026-02-20,04:03:09,Friday,CUST0071,Ngozi Usman,1234933970,6062,Verve,Stanbic IBTC,ATM Withdrawal,35592.84,477789.08,442196.24,"ATM_LG_002 - Victoria Island, Lagos",Lagos,medium_spender,50000,150000,35592.84,Successful,NORMAL,
TXN001212,2026-02-20,04:03:28,Friday,CUST0046,Tunde Babatunde,9470820432,1291,Verve,Zenith Bank,ATM Withdrawal,129416.12,1652145.82,1522729.7,"ATM_LG_003 - Lekki Phase 1, Lagos",Kaduna,high_spender,200000,500000,129416.12,Successful,NORMAL,
TXN001607,2026-02-20,05:18:32,Friday,CUST0060,Dayo Obi,7463734803,6570,Visa Debit,GTBank,Online Transfer,5083.56,79481.82,79481.82,"ATM_LG_002 - Victoria Island, Lagos",Lagos,low_spender,10000,50000,0,Declined,NORMAL,
TXN001336,2026-02-20,06:40:17,Friday,CUST0050,Nkechi Eze,5802869654,3762,Mastercard Debit,First Bank,ATM Withdrawal,38351.32,462693.29,424341.97,"ATM_AB_003 - Maitama, Abuja",Benin City,medium_spender,50000,150000,38351.32,Successful,NORMAL,
TXN000046,2026-02-20,08:51:10,Friday,CUST0002,Efua Babatunde,9356327295,2359,Visa Credit,Zenith Bank,POS Purchase,16485.12,50387.24,33902.12,"ATM_LG_001 - Ikeja Branch, Lagos",Kaduna,medium_spender,50000,150000,16485.12,Successful,NORMAL,
TXN002094,2026-02-20,08:58:58,Friday,CUST0077,Chibundo Adeola,1374759620,2208,Verve,UBA,ATM Withdrawal,14961.07,76900.76,61939.69,"ATM_LG_004 - Surulere, Lagos",Ibadan,medium_spender,50000,150000,14961.07,Successful,NORMAL,
TXN000945,2026-02-20,09:40:56,Friday,CUST0035,Adebayo Okafor,0569106167,2747,Mastercard Debit,Zenith Bank,POS Purchase,5398.45,12490.91,7092.46,"ATM_LG_001 - Ikeja Branch, Lagos",Port Harcourt,low_spender,10000,50000,5398.45,Successful,NORMAL,
TXN000376,2026-02-20,11:17:06,Friday,CUST0012,Uche Adeleke,7889943014,2238,Verve,Zenith Bank,ATM Withdrawal,103014.55,1755760.73,1652746.18,"ATM_PH_001 - GRA Phase 2, Port Harcourt",Ibadan,high_spender,200000,500000,103014.55,Successful,NORMAL,
TXN001373,2026-02-20,12:18:24,Friday,CUST0051,Aisha Suleiman,2787994879,8601,Visa Credit,GTBank,POS Purchase,31678.43,169166.94,137488.51,"ATM_LG_004 - Surulere, Lagos",Abuja,medium_spender,50000,150000,31678.43,Declined,NORMAL,
TXN001588,2026-02-20,13:05:51,Friday,CUST0059,Yemi Salami,0346191820,4159,Mastercard Debit,GTBank,POS Purchase,8951.36,56287.5,47336.14,"ATM_LG_005 - Yaba, Lagos",Kaduna,low_spender,10000,50000,8951.36,Successful,NORMAL,
TXN001337,2026-02-20,13:51:54,Friday,CUST0050,Nkechi Eze,5802869654,3762,Mastercard Debit,First Bank,ATM Withdrawal,44262.43,443716.83,399454.4,"ATM_LG_005 - Yaba, Lagos",Benin City,medium_spender,50000,150000,82613.75,Successful,NORMAL,
TXN000656,2026-02-20,14:53:22,Friday,CUST0020,Chibundo Adeyemi,6105295550,7171,Mastercard Debit,Fidelity Bank,ATM Withdrawal,42223.21,477858.97,435635.76,"ATM_PH_001 - GRA Phase 2, Port Harcourt",Lagos,medium_spender,50000,150000,42223.21,Successful,NORMAL,
TXN000174,2026-02-20,16:12:15,Friday,CUST0006,Kemi Obi,2961112422,7715,Visa Credit,Stanbic IBTC,ATM Withdrawal,60730.25,1918706.88,1857976.63,"ATM_EN_001 - Independence Layout, Enugu [HOME STATE: Port Harcourt]",Port Harcourt,high_spender,200000,500000,60730.25,Successful,SUSPICIOUS,Card used at Abuja ATM but customer is based in Port Harcourt
TXN001716,2026-02-20,16:23:46,Friday,CUST0064,Ngozi Babatunde,1232261941,4967,Visa Debit,Fidelity Bank,POS Purchase,48478.98,157199.7,108720.72,"ATM_LG_005 - Yaba, Lagos",Benin City,medium_spender,50000,150000,48478.98,Successful,NORMAL,
TXN002010,2026-02-20,16:38:30,Friday,CUST0074,Adebayo Okeke,7232677456,6745,Visa Credit,UBA,ATM Withdrawal,2775.53,252924.19,250148.66,"ATM_LG_004 - Surulere, Lagos",Lagos,medium_spender,50000,150000,2775.53,Successful,NORMAL,
TXN000147,2026-02-20,18:09:20,Friday,CUST0005,Chibundo Eze,5286303748,7620,Visa Credit,Access Bank,POS Purchase,8538.21,10044.51,1506.3,"ATM_LG_005 - Yaba, Lagos",Kano,low_spender,10000,50000,8538.21,Reversed,NORMAL,
TXN002011,2026-02-20,18:19:33,Friday,CUST0074,Adebayo Okeke,7232677456,6745,Visa Credit,UBA,Online Transfer,19045.23,388886.24,388886.24,"ATM_LG_004 - Surulere, Lagos",Lagos,medium_spender,50000,150000,2775.53,Successful,NORMAL,
TXN000205,2026-02-20,21:19:09,Friday,CUST0007,Ola Usman,1521840905,4544,Visa Credit,First Bank,POS Purchase,2570.61,95145.64,92575.03,"ATM_LG_005 - Yaba, Lagos",Enugu,low_spender,10000,50000,2570.61,Successful,NORMAL,
TXN001213,2026-02-20,21:19:43,Friday,CUST0046,Tunde Babatunde,9470820432,1291,Verve,Zenith Bank,ATM Withdrawal,198076.17,1176420.22,978344.05,"ATM_AB_002 - Garki Area 11, Abuja",Kaduna,high_spender,200000,500000,327492.29,Successful,NORMAL,
TXN000882,2026-02-20,23:25:38,Friday,CUST0032,Ola Suleiman,6422426142,7858,Verve,Zenith Bank,ATM Withdrawal,2174.02,92436.71,90262.69,"ATM_LG_003 - Lekki Phase 1, Lagos",Kano,low_spender,10000,50000,2174.02,Successful,NORMAL,
TXN000017,2026-02-21,01:20:44,Saturday,CUST0001,Gbenga Musa,6639233214,7276,Visa Credit,GTBank,ATM Withdrawal,1056.49,70148.06,69091.57,"ATM_LG_005 - Yaba, Lagos",Kaduna,low_spender,10000,50000,1056.49,Successful,NORMAL,
TXN001338,2026-02-21,02:51:31,Saturday,CUST0050,Nkechi Eze,5802869654,3762,Mastercard Debit,First Bank,ATM Withdrawal,9100.45,342784.89,333684.44,"ATM_LG_004 - Surulere, Lagos",Benin City,medium_spender,50000,150000,9100.45,Successful,NORMAL,
TXN001649,2026-02-21,03:18:54,Saturday,CUST0062,Jide Nwosu,7690627387,6253,Verve,Fidelity Bank,POS Purchase,4612.87,26216.05,21603.18,"ATM_LG_005 - Yaba, Lagos",Ibadan,low_spender,10000,50000,4612.87,Declined,NORMAL,
TXN001453,2026-02-21,03:51:22,Saturday,CUST0054,Jide Chukwu,5340712903,7552,Verve,GTBank,ATM Withdrawal,33087.92,342380.82,309292.9,"ATM_LG_003 - Lekki Phase 1, Lagos",Benin City,medium_spender,50000,150000,33087.92,Successful,NORMAL,
TXN001943,2026-02-21,04:10:15,Saturday,CUST0072,Uche Lawal,3911628692,4429,Visa Debit,Access Bank,ATM Withdrawal,168270.14,1502011.98,1333741.84,"ATM_LG_004 - Surulere, Lagos",Enugu,high_spender,200000,500000,168270.14,Reversed,NORMAL,
TXN000175,2026-02-21,08:22:31,Saturday,CUST0006,Kemi Obi,2961112422,7715,Visa Credit,Stanbic IBTC,ATM Withdrawal,149124.68,1951356.31,1802231.63,"ATM_LG_003 - Lekki Phase 1, Lagos",Port Harcourt,high_spender,200000,500000,149124.68,Declined,NORMAL,
TXN000729,2026-02-21,09:13:02,Saturday,CUST0024,Ola Babatunde,4288813383,7897,Verve,Zenith Bank,ATM Withdrawal,36369.99,441735.72,405365.73,"ATM_LG_004 - Surulere, Lagos",Enugu,medium_spender,50000,150000,36369.99,Reversed,NORMAL,
TXN001214,2026-02-21,10:02:30,Saturday,CUST0046,Tunde Babatunde,9470820432,1291,Verve,Zenith Bank,ATM Withdrawal,187750.7,924332.72,736582.02,"ATM_LG_003 - Lekki Phase 1, Lagos",Kaduna,high_spender,200000,500000,187750.7,Successful,NORMAL,
TXN002012,2026-02-21,13:18:08,Saturday,CUST0074,Adebayo Okeke,7232677456,6745,Visa Credit,UBA,Online Transfer,43462.59,201237.39,201237.39,"ATM_PH_001 - GRA Phase 2, Port Harcourt",Lagos,medium_spender,50000,150000,0,Successful,NORMAL,
TXN000264,2026-02-21,14:42:39,Saturday,CUST0009,Jide Adeyemi,1764184578,3085,Visa Credit,Fidelity Bank,ATM Balance Enquiry,168868.58,495248.47,495248.47,ATM_KN_001 - Kano City Centre,Kano,medium_spender,50000,150000,0,Successful,SUSPICIOUS,"High-value transaction ₦168,868.58 flagged for velocity check"
TXN001717,2026-02-21,15:09:45,Saturday,CUST0064,Ngozi Babatunde,1232261941,4967,Visa Debit,Fidelity Bank,POS Purchase,33612.07,128666.05,95053.98,"ATM_LG_005 - Yaba, Lagos",Benin City,medium_spender,50000,150000,33612.07,Successful,NORMAL,
TXN000377,2026-02-21,15:14:39,Saturday,CUST0012,Uche Adeleke,7889943014,2238,Verve,Zenith Bank,ATM Withdrawal,20076.88,170862.51,150785.63,"ATM_LG_002 - Victoria Island, Lagos",Ibadan,high_spender,200000,500000,20076.88,Successful,NORMAL,
TXN001188,2026-02-21,19:16:06,Saturday,CUST0045,Tunde Babatunde,9520595836,5324,Visa Credit,Fidelity Bank,ATM Balance Enquiry,4891.53,76285.48,76285.48,"ATM_LG_003 - Lekki Phase 1, Lagos",Kaduna,low_spender,10000,50000,0,Successful,NORMAL,
TXN000811,2026-02-21,21:25:03,Saturday,CUST0029,Nkechi Adeyemi,1449933778,1276,Visa Debit,Fidelity Bank,Online Transfer,9844.17,98698.61,98698.61,"ATM_LG_002 - Victoria Island, Lagos",Lagos,low_spender,10000,50000,0,Successful,NORMAL,
TXN001608,2026-02-21,23:16:00,Saturday,CUST0060,Dayo Obi,7463734803,6570,Visa Debit,GTBank,POS Purchase,8820.85,14128.6,5307.75,"ATM_LG_002 - Victoria Island, Lagos",Lagos,low_spender,10000,50000,8820.85,Successful,NORMAL,
TXN001454,2026-02-22,00:01:59,Sunday,CUST0054,Jide Chukwu,5340712903,7552,Verve,GTBank,POS Purchase,41695.27,296689.61,254994.34,"ATM_LG_003 - Lekki Phase 1, Lagos",Benin City,medium_spender,50000,150000,41695.27,Successful,NORMAL,
TXN002013,2026-02-22,00:36:15,Sunday,CUST0074,Adebayo Okeke,7232677456,6745,Visa Credit,UBA,Online Transfer,18986.27,251883.45,251883.45,ATM_KN_001 - Kano City Centre,Lagos,medium_spender,50000,150000,0,Successful,NORMAL,
TXN002218,2026-02-22,02:17:10,Sunday,CUST0080,Ola Okonkwo,3342204457,4255,Visa Debit,UBA,POS Purchase,45905.44,290478.91,244573.47,"ATM_AB_001 - Wuse Zone 5, Abuja [HOME STATE: Benin City]",Benin City,medium_spender,50000,150000,45905.44,Successful,SUSPICIOUS,Card used at Port Harcourt ATM but customer is based in Benin City
TXN001140,2026-02-22,03:07:56,Sunday,CUST0043,Biodun Okafor,8010307387,9136,Mastercard Debit,GTBank,ATM Mini Statement,9346.95,33518.08,33518.08,"ATM_LG_002 - Victoria Island, Lagos",Kaduna,low_spender,10000,50000,0,Successful,NORMAL,
TXN002169,2026-02-22,03:14:58,Sunday,CUST0079,Fatima Okonkwo,1782327517,9193,Mastercard Debit,Access Bank,POS Purchase,60871.69,1169826.97,1108955.28,"ATM_EN_001 - Independence Layout, Enugu",Kano,high_spender,200000,500000,60871.69,Successful,NORMAL,
TXN001902,2026-02-22,03:36:43,Sunday,CUST0071,Ngozi Usman,1234933970,6062,Verve,Stanbic IBTC,ATM Withdrawal,49326.68,224210.67,174883.99,"ATM_LG_002 - Victoria Island, Lagos",Lagos,medium_spender,50000,150000,49326.68,Successful,NORMAL,
TXN002170,2026-02-22,03:49:13,Sunday,CUST0079,Fatima Okonkwo,1782327517,9193,Mastercard Debit,Access Bank,ATM Withdrawal,177511.83,883875.18,706363.35,"ATM_LG_001 - Ikeja Branch, Lagos",Kano,high_spender,200000,500000,238383.52,Successful,NORMAL,
TXN000608,2026-02-22,03:52:07,Sunday,CUST0019,Tunde Eze,2754590960,5925,Verve,Zenith Bank,POS Purchase,139715.06,1711854.53,1572139.47,"ATM_PH_001 - GRA Phase 2, Port Harcourt",Abuja,high_spender,200000,500000,139715.06,Declined,NORMAL,
TXN001718,2026-02-22,03:55:44,Sunday,CUST0064,Ngozi Babatunde,1232261941,4967,Visa Debit,Fidelity Bank,ATM Withdrawal,31137.84,41695.83,10557.99,"ATM_LG_005 - Yaba, Lagos",Benin City,medium_spender,50000,150000,31137.84,Successful,NORMAL,
TXN001609,2026-02-22,04:54:52,Sunday,CUST0060,Dayo Obi,7463734803,6570,Visa Debit,GTBank,Online Transfer,4792.95,61901.98,61901.98,"ATM_LG_002 - Victoria Island, Lagos",Lagos,low_spender,10000,50000,0,Successful,NORMAL,
TXN002171,2026-02-22,05:12:36,Sunday,CUST0079,Fatima Okonkwo,1782327517,9193,Mastercard Debit,Access Bank,Online Transfer,146382.25,155590.53,155590.53,ATM_KN_001 - Kano City Centre,Kano,high_spender,200000,500000,238383.52,Successful,NORMAL,
TXN000176,2026-02-22,05:31:47,Sunday,CUST0006,Kemi Obi,2961112422,7715,Visa Credit,Stanbic IBTC,POS Purchase,136221.15,1593023.94,1456802.79,"ATM_LG_003 - Lekki Phase 1, Lagos",Port Harcourt,high_spender,200000,500000,136221.15,Successful,NORMAL,
TXN000987,2026-02-22,05:48:44,Sunday,CUST0037,Rotimi Babatunde,8953520583,4419,Visa Credit,GTBank,ATM Withdrawal,24487.95,240096.64,215608.69,"ATM_LG_005 - Yaba, Lagos",Enugu,medium_spender,50000,150000,24487.95,Successful,NORMAL,
TXN001903,2026-02-22,05:54:19,Sunday,CUST0071,Ngozi Usman,1234933970,6062,Verve,Stanbic IBTC,ATM Withdrawal,35161.59,210521.59,175360.0,"ATM_LG_002 - Victoria Island, Lagos",Lagos,medium_spender,50000,150000,84488.27,Successful,NORMAL,
TXN000378,2026-02-22,06:41:02,Sunday,CUST0012,Uche Adeleke,7889943014,2238,Verve,Zenith Bank,ATM Withdrawal,102217.77,743375.93,641158.16,"ATM_LG_002 - Victoria Island, Lagos",Ibadan,high_spender,200000,500000,102217.77,Successful,NORMAL,
TXN001082,2026-02-22,07:37:38,Sunday,CUST0040,Uche Bello,1352141056,6134,Verve,Zenith Bank,ATM Withdrawal,18410.66,262447.47,244036.81,"ATM_LG_002 - Victoria Island, Lagos",Kaduna,medium_spender,50000,150000,18410.66,Successful,NORMAL,
TXN002172,2026-02-22,11:57:47,Sunday,CUST0079,Fatima Okonkwo,1782327517,9193,Mastercard Debit,Access Bank,ATM Withdrawal,186164.97,1221954.54,1035789.57,"ATM_LG_004 - Surulere, Lagos",Kano,high_spender,200000,500000,424548.49,Successful,NORMAL,
TXN000534,2026-02-22,12:17:06,Sunday,CUST0017,Chidi Bello,1122281086,3728,Mastercard Debit,Zenith Bank,ATM Withdrawal,9004.93,230352.55,221347.62,"ATM_LG_005 - Yaba, Lagos",Lagos,medium_spender,50000,150000,9004.93,Successful,NORMAL,
TXN001083,2026-02-22,15:50:34,Sunday,CUST0040,Uche Bello,1352141056,6134,Verve,Zenith Bank,Online Transfer,16097.48,119717.46,119717.46,"ATM_PH_001 - GRA Phase 2, Port Harcourt",Kaduna,medium_spender,50000,150000,18410.66,Reversed,NORMAL,
TXN001490,2026-02-22,16:06:00,Sunday,CUST0055,Fatima Okafor,4770704891,6439,Visa Debit,GTBank,POS Purchase,439053.57,283880.25,0,ATM_KN_001 - Kano City Centre,Enugu,high_spender,200000,500000,439053.57,Declined,SUSPICIOUS,"High-value transaction ₦439,053.57 flagged for velocity check"
TXN002095,2026-02-22,17:02:21,Sunday,CUST0077,Chibundo Adeola,1374759620,2208,Verve,UBA,POS Purchase,37760.56,274443.37,236682.81,"ATM_AB_002 - Garki Area 11, Abuja",Ibadan,medium_spender,50000,150000,37760.56,Successful,NORMAL,
TXN000759,2026-02-22,18:23:51,Sunday,CUST0025,Amaka Adeyemi,3100605304,4032,Verve,GTBank,ATM Withdrawal,9182.68,25499.27,16316.59,"ATM_LG_001 - Ikeja Branch, Lagos",Enugu,low_spender,10000,50000,9182.68,Successful,NORMAL,
TXN000988,2026-02-22,20:03:30,Sunday,CUST0037,Rotimi Babatunde,8953520583,4419,Visa Credit,GTBank,POS Purchase,11966.66,315050.33,303083.67,"ATM_AB_003 - Maitama, Abuja",Enugu,medium_spender,50000,150000,36454.61,Successful,NORMAL,
TXN001285,2026-02-22,20:11:10,Sunday,CUST0048,Yemi Lawal,0868927381,7500,Mastercard Debit,Fidelity Bank,ATM Withdrawal,380571.13,29623.86,0,"ATM_LG_001 - Ikeja Branch, Lagos",Abuja,medium_spender,50000,150000,380571.13,Successful,SUSPICIOUS,"Amount ₦380,571.13 is 7.6x above customer's typical maximum of ₦50,000"
TXN000412,2026-02-22,21:16:20,Sunday,CUST0013,Zainab Musa,1662475227,7373,Verve,Zenith Bank,ATM Balance Enquiry,82770.02,1631762.44,1631762.44,"ATM_LG_003 - Lekki Phase 1, Lagos",Port Harcourt,high_spender,200000,500000,0,Declined,NORMAL,
TXN002135,2026-02-22,21:42:59,Sunday,CUST0078,Uche Salami,0072246503,5411,Visa Credit,Access Bank,ATM Withdrawal,25591.24,59007.55,33416.31,"ATM_LG_001 - Ikeja Branch, Lagos",Port Harcourt,medium_spender,50000,150000,25591.24,Successful,NORMAL,
TXN001455,2026-02-22,23:09:30,Sunday,CUST0054,Jide Chukwu,5340712903,7552,Verve,GTBank,ATM Withdrawal,38753.0,192343.41,153590.41,"ATM_LG_003 - Lekki Phase 1, Lagos",Benin City,medium_spender,50000,150000,80448.27,Successful,NORMAL,
TXN000228,2026-02-22,23:11:19,Sunday,CUST0008,Tobi Ibrahim,1205673434,2732,Mastercard Debit,First Bank,POS Purchase,5296.3,9809.54,4513.24,"ATM_LG_004 - Surulere, Lagos",Ibadan,low_spender,10000,50000,5296.3,Successful,NORMAL,
TXN002067,2026-02-23,01:06:34,Monday,CUST0076,Nneka Eze,5651997036,7616,Verve,GTBank,ATM Withdrawal,2527.71,17267.34,14739.63,"ATM_LG_003 - Lekki Phase 1, Lagos",Ibadan,low_spender,10000,50000,2527.71,Successful,NORMAL,
TXN002096,2026-02-23,02:59:00,Monday,CUST0077,Chibundo Adeola,1374759620,2208,Verve,UBA,ATM Withdrawal,22619.64,242593.04,219973.4,"ATM_LG_004 - Surulere, Lagos",Ibadan,medium_spender,50000,150000,22619.64,Successful,NORMAL,
TXN001084,2026-02-23,03:12:25,Monday,CUST0040,Uche Bello,1352141056,6134,Verve,Zenith Bank,POS Purchase,11635.8,246549.98,234914.18,"ATM_LG_002 - Victoria Island, Lagos",Kaduna,medium_spender,50000,150000,11635.8,Successful,NORMAL,
TXN000883,2026-02-23,03:48:15,Monday,CUST0032,Ola Suleiman,6422426142,7858,Verve,Zenith Bank,ATM Balance Enquiry,2628.35,72786.66,72786.66,"ATM_PH_002 - Trans-Amadi, Port Harcourt",Kano,low_spender,10000,50000,0,Successful,NORMAL,
TXN000812,2026-02-23,04:48:15,Monday,CUST0029,Nkechi Adeyemi,1449933778,1276,Visa Debit,Fidelity Bank,POS Purchase,5459.57,70737.45,65277.88,"ATM_IB_001 - Ring Road, Ibadan",Lagos,low_spender,10000,50000,5459.57,Declined,NORMAL,
TXN000229,2026-02-23,05:12:47,Monday,CUST0008,Tobi Ibrahim,1205673434,2732,Mastercard Debit,First Bank,ATM Withdrawal,6180.94,17179.71,10998.77,"ATM_LG_004 - Surulere, Lagos",Ibadan,low_spender,10000,50000,6180.94,Successful,NORMAL,
TXN002014,2026-02-23,06:51:42,Monday,CUST0074,Adebayo Okeke,7232677456,6745,Visa Credit,UBA,ATM Withdrawal,28368.47,373053.47,344685.0,"ATM_LG_004 - Surulere, Lagos",Lagos,medium_spender,50000,150000,28368.47,Successful,NORMAL,
TXN000926,2026-02-23,07:19:02,Monday,CUST0034,Nkechi Babatunde,7423582839,6817,Visa Credit,Stanbic IBTC,ATM Balance Enquiry,9024.59,84784.01,84784.01,"ATM_LG_005 - Yaba, Lagos",Kano,low_spender,10000,50000,0,Declined,NORMAL,
TXN000117,2026-02-23,07:20:51,Monday,CUST0004,Jide Lawal,9282010276,2329,Verve,UBA,ATM Withdrawal,40463.41,487251.41,446788.0,"ATM_AB_001 - Wuse Zone 5, Abuja",Lagos,medium_spender,50000,150000,40463.41,Successful,NORMAL,
TXN001374,2026-02-23,10:42:23,Monday,CUST0051,Aisha Suleiman,2787994879,8601,Visa Credit,GTBank,ATM Mini Statement,5363.25,53711.3,53711.3,"ATM_LG_003 - Lekki Phase 1, Lagos",Abuja,medium_spender,50000,150000,0,Successful,NORMAL,
TXN001826,2026-02-23,10:43:54,Monday,CUST0067,Taiwo Bello,4522759725,7104,Verve,GTBank,ATM Withdrawal,8748.99,53743.27,44994.28,"ATM_LG_004 - Surulere, Lagos",Abuja,low_spender,10000,50000,8748.99,Successful,NORMAL,
TXN000902,2026-02-23,12:38:22,Monday,CUST0033,Ngozi Babatunde,1091476249,8935,Verve,UBA,POS Purchase,3310.29,32606.78,29296.49,"ATM_LG_002 - Victoria Island, Lagos",Ibadan,low_spender,10000,50000,3310.29,Successful,NORMAL,
TXN001491,2026-02-23,13:36:37,Monday,CUST0055,Fatima Okafor,4770704891,6439,Visa Debit,GTBank,ATM Balance Enquiry,188077.83,406435.44,406435.44,"ATM_LG_003 - Lekki Phase 1, Lagos",Enugu,high_spender,200000,500000,0,Successful,NORMAL,
TXN000300,2026-02-23,14:22:53,Monday,CUST0010,Efua Chukwu,6997365350,6821,Mastercard Debit,Stanbic IBTC,POS Purchase,121177.29,430472.95,309295.66,"ATM_LG_005 - Yaba, Lagos",Ibadan,high_spender,200000,500000,121177.29,Successful,NORMAL,
TXN001375,2026-02-23,14:27:36,Monday,CUST0051,Aisha Suleiman,2787994879,8601,Visa Credit,GTBank,POS Purchase,31774.43,297891.51,266117.08,"ATM_AB_001 - Wuse Zone 5, Abuja",Abuja,medium_spender,50000,150000,31774.43,Successful,NORMAL,
TXN000230,2026-02-23,14:29:59,Monday,CUST0008,Tobi Ibrahim,1205673434,2732,Mastercard Debit,First Bank,ATM Balance Enquiry,531.93,66111.02,66111.02,"ATM_LG_004 - Surulere, Lagos",Ibadan,low_spender,10000,50000,6180.94,Successful,NORMAL,
TXN000500,2026-02-23,16:05:24,Monday,CUST0016,Adebayo Musa,7063317244,6982,Mastercard Debit,Fidelity Bank,ATM Withdrawal,39863.04,653869.15,614006.11,"ATM_LG_005 - Yaba, Lagos",Enugu,high_spender,200000,500000,39863.04,Successful,NORMAL,
TXN001904,2026-02-23,18:29:46,Monday,CUST0071,Ngozi Usman,1234933970,6062,Verve,Stanbic IBTC,POS Purchase,18016.04,122332.26,104316.22,"ATM_LG_002 - Victoria Island, Lagos",Lagos,medium_spender,50000,150000,18016.04,Declined,NORMAL,
TXN001871,2026-02-23,18:34:59,Monday,CUST0070,Uche Adeola,6486987091,8454,Verve,Zenith Bank,POS Purchase,36869.93,477839.24,440969.31,"ATM_AB_002 - Garki Area 11, Abuja [HOME STATE: Abuja]",Abuja,medium_spender,50000,150000,36869.93,Successful,SUSPICIOUS,Card used at Port Harcourt ATM but customer is based in Abuja
TXN000609,2026-02-23,18:51:25,Monday,CUST0019,Tunde Eze,2754590960,5925,Verve,Zenith Bank,ATM Withdrawal,60186.24,1250949.54,1190763.3,"ATM_LG_004 - Surulere, Lagos",Abuja,high_spender,200000,500000,60186.24,Successful,NORMAL,
TXN000413,2026-02-23,19:16:05,Monday,CUST0013,Zainab Musa,1662475227,7373,Verve,Zenith Bank,POS Purchase,155602.96,541774.63,386171.67,"ATM_LG_003 - Lekki Phase 1, Lagos",Port Harcourt,high_spender,200000,500000,155602.96,Successful,NORMAL,
TXN001259,2026-02-23,21:44:38,Monday,CUST0047,Musa Salami,6245202877,5548,Mastercard Debit,Zenith Bank,ATM Withdrawal,36399.64,44996.49,8596.85,"ATM_LG_005 - Yaba, Lagos",Kano,medium_spender,50000,150000,36399.64,Successful,NORMAL,
TXN000657,2026-02-23,22:33:42,Monday,CUST0020,Chibundo Adeyemi,6105295550,7171,Mastercard Debit,Fidelity Bank,Online Transfer,19229.31,285641.85,285641.85,"ATM_LG_003 - Lekki Phase 1, Lagos",Lagos,medium_spender,50000,150000,0,Successful,NORMAL,
TXN000610,2026-02-23,23:00:08,Monday,CUST0019,Tunde Eze,2754590960,5925,Verve,Zenith Bank,ATM Mini Statement,1594366.86,980272.79,980272.79,"ATM_LG_004 - Surulere, Lagos",Abuja,high_spender,200000,500000,60186.24,Successful,SUSPICIOUS,"Amount ₦1,594,366.86 is 8.0x above customer's typical maximum of ₦200,000"
TXN001426,2026-02-23,23:10:21,Monday,CUST0053,Gbenga Okafor,0500303393,4495,Visa Credit,Zenith Bank,POS Purchase,7144.56,18882.38,11737.82,"ATM_LG_003 - Lekki Phase 1, Lagos",Enugu,low_spender,10000,50000,7144.56,Successful,NORMAL,
TXN000379,2026-02-23,23:33:00,Monday,CUST0012,Uche Adeleke,7889943014,2238,Verve,Zenith Bank,ATM Withdrawal,68349.65,205357.96,137008.31,"ATM_LG_002 - Victoria Island, Lagos",Ibadan,high_spender,200000,500000,68349.65,Successful,NORMAL,
TXN001650,2026-02-24,01:12:15,Tuesday,CUST0062,Jide Nwosu,7690627387,6253,Verve,Fidelity Bank,ATM Balance Enquiry,9265.54,66443.16,66443.16,"ATM_LG_005 - Yaba, Lagos",Ibadan,low_spender,10000,50000,0,Declined,NORMAL,
TXN000989,2026-02-24,01:22:02,Tuesday,CUST0037,Rotimi Babatunde,8953520583,4419,Visa Credit,GTBank,ATM Withdrawal,29461.16,386406.88,356945.72,"ATM_LG_005 - Yaba, Lagos",Enugu,medium_spender,50000,150000,29461.16,Successful,NORMAL,
TXN000231,2026-02-24,03:42:52,Tuesday,CUST0008,Tobi Ibrahim,1205673434,2732,Mastercard Debit,First Bank,POS Purchase,3106.65,61327.72,58221.07,"ATM_LG_001 - Ikeja Branch, Lagos",Ibadan,low_spender,10000,50000,3106.65,Successful,NORMAL,
TXN000448,2026-02-24,06:07:25,Tuesday,CUST0014,Dayo Babatunde,7962797218,4925,Visa Credit,Access Bank,POS Purchase,2569.94,82574.67,80004.73,"ATM_LG_004 - Surulere, Lagos",Enugu,low_spender,10000,50000,2569.94,Successful,NORMAL,
TXN000340,2026-02-24,06:30:11,Tuesday,CUST0011,Bola Afolabi,3656018830,9554,Visa Credit,GTBank,ATM Withdrawal,45695.94,401542.15,355846.21,"ATM_LG_004 - Surulere, Lagos",Ibadan,medium_spender,50000,150000,45695.94,Successful,NORMAL,
TXN001681,2026-02-24,07:58:07,Tuesday,CUST0063,Amaka Musa,0330885397,2813,Visa Debit,Access Bank,ATM Withdrawal,37439.59,156975.87,119536.28,"ATM_LG_004 - Surulere, Lagos",Kano,medium_spender,50000,150000,37439.59,Successful,NORMAL,
TXN000730,2026-02-24,08:22:07,Tuesday,CUST0024,Ola Babatunde,4288813383,7897,Verve,Zenith Bank,Online Transfer,19154.85,277368.54,277368.54,"ATM_LG_002 - Victoria Island, Lagos",Enugu,medium_spender,50000,150000,0,Declined,NORMAL,
TXN001286,2026-02-24,10:26:36,Tuesday,CUST0048,Yemi Lawal,0868927381,7500,Mastercard Debit,Fidelity Bank,ATM Withdrawal,49033.6,175502.3,126468.7,"ATM_LG_001 - Ikeja Branch, Lagos",Abuja,medium_spender,50000,150000,49033.6,Successful,NORMAL,
TXN001553,2026-02-24,12:13:25,Tuesday,CUST0057,Tunde Okafor,1565330284,7497,Mastercard Debit,First Bank,POS Purchase,139727.63,476609.53,336881.9,"ATM_LG_004 - Surulere, Lagos",Ibadan,high_spender,200000,500000,139727.63,Successful,NORMAL,
TXN001456,2026-02-24,12:17:06,Tuesday,CUST0054,Jide Chukwu,5340712903,7552,Verve,GTBank,ATM Withdrawal,2310.51,84127.72,81817.21,"ATM_AB_003 - Maitama, Abuja",Benin City,medium_spender,50000,150000,2310.51,Successful,NORMAL,
TXN002015,2026-02-24,13:32:31,Tuesday,CUST0074,Adebayo Okeke,7232677456,6745,Visa Credit,UBA,POS Purchase,28827.42,377182.59,348355.17,"ATM_LG_004 - Surulere, Lagos",Lagos,medium_spender,50000,150000,28827.42,Successful,NORMAL,
TXN000047,2026-02-24,14:13:53,Tuesday,CUST0002,Efua Babatunde,9356327295,2359,Visa Credit,Zenith Bank,ATM Withdrawal,38811.55,303625.48,264813.93,"ATM_EN_001 - Independence Layout, Enugu",Kaduna,medium_spender,50000,150000,38811.55,Successful,NORMAL,
TXN000501,2026-02-24,14:58:09,Tuesday,CUST0016,Adebayo Musa,7063317244,6982,Mastercard Debit,Fidelity Bank,ATM Mini Statement,49751.35,1335161.15,1335161.15,"ATM_LG_005 - Yaba, Lagos",Enugu,high_spender,200000,500000,0,Successful,NORMAL,
TXN001682,2026-02-24,15:18:00,Tuesday,CUST0063,Amaka Musa,0330885397,2813,Visa Debit,Access Bank,POS Purchase,20759.61,397115.66,376356.05,"ATM_LG_004 - Surulere, Lagos",Kano,medium_spender,50000,150000,58199.2,Successful,NORMAL,
TXN000701,2026-02-24,15:39:38,Tuesday,CUST0023,Zainab Okeke,7915823973,2645,Mastercard Debit,First Bank,Online Transfer,562.44,72077.06,72077.06,"ATM_LG_002 - Victoria Island, Lagos",Port Harcourt,low_spender,10000,50000,0,Successful,NORMAL,
TXN001651,2026-02-24,16:47:51,Tuesday,CUST0062,Jide Nwosu,7690627387,6253,Verve,Fidelity Bank,POS Purchase,2927.1,78478.24,75551.14,"ATM_LG_005 - Yaba, Lagos",Ibadan,low_spender,10000,50000,2927.1,Successful,NORMAL,
TXN001166,2026-02-24,18:53:41,Tuesday,CUST0044,Uche Usman,2874900400,5082,Visa Credit,Stanbic IBTC,ATM Mini Statement,34366.32,45394.3,45394.3,"ATM_LG_003 - Lekki Phase 1, Lagos",Kano,medium_spender,50000,150000,0,Successful,NORMAL,
TXN001013,2026-02-24,18:55:36,Tuesday,CUST0038,Zainab Adeleke,2884009952,3102,Verve,Stanbic IBTC,POS Purchase,3217.38,52774.28,49556.9,"ATM_LG_002 - Victoria Island, Lagos",Enugu,low_spender,10000,50000,3217.38,Successful,NORMAL,
TXN000341,2026-02-24,19:19:44,Tuesday,CUST0011,Bola Afolabi,3656018830,9554,Visa Credit,GTBank,POS Purchase,46544.05,256934.69,210390.64,"ATM_LG_004 - Surulere, Lagos",Ibadan,medium_spender,50000,150000,92239.99,Successful,NORMAL,
TXN002219,2026-02-24,19:26:48,Tuesday,CUST0080,Ola Okonkwo,3342204457,4255,Visa Debit,UBA,ATM Withdrawal,15415.84,47839.86,32424.02,"ATM_LG_001 - Ikeja Branch, Lagos",Benin City,medium_spender,50000,150000,15415.84,Successful,NORMAL,
TXN000760,2026-02-24,20:55:42,Tuesday,CUST0025,Amaka Adeyemi,3100605304,4032,Verve,GTBank,ATM Withdrawal,4121.51,23991.78,19870.27,"ATM_LG_002 - Victoria Island, Lagos",Enugu,low_spender,10000,50000,4121.51,Successful,NORMAL,
TXN001189,2026-02-24,21:33:24,Tuesday,CUST0045,Tunde Babatunde,9520595836,5324,Visa Credit,Fidelity Bank,ATM Mini Statement,6927.38,34015.31,34015.31,"ATM_LG_003 - Lekki Phase 1, Lagos",Kaduna,low_spender,10000,50000,0,Successful,NORMAL,
TXN000414,2026-02-25,00:18:26,Wednesday,CUST0013,Zainab Musa,1662475227,7373,Verve,Zenith Bank,Online Transfer,132911.54,1405419.94,1405419.94,"ATM_LG_003 - Lekki Phase 1, Lagos",Port Harcourt,high_spender,200000,500000,0,Successful,NORMAL,
TXN001167,2026-02-25,00:23:48,Wednesday,CUST0044,Uche Usman,2874900400,5082,Visa Credit,Stanbic IBTC,POS Purchase,85159.25,434775.77,349616.52,"ATM_PH_002 - Trans-Amadi, Port Harcourt",Kano,medium_spender,50000,150000,85159.25,Declined,SUSPICIOUS,Transaction at 00:23 — outside normal banking hours (midnight–4am)
TXN001872,2026-02-25,00:43:02,Wednesday,CUST0070,Uche Adeola,6486987091,8454,Verve,Zenith Bank,POS Purchase,11538.1,117123.13,105585.03,"ATM_AB_003 - Maitama, Abuja",Abuja,medium_spender,50000,150000,11538.1,Successful,NORMAL,
TXN000018,2026-02-25,02:13:56,Wednesday,CUST0001,Gbenga Musa,6639233214,7276,Visa Credit,GTBank,Online Transfer,3652.48,23259.87,23259.87,"ATM_AB_003 - Maitama, Abuja [HOME STATE: Kaduna]",Kaduna,low_spender,10000,50000,0,Declined,SUSPICIOUS,Card used at Port Harcourt ATM but customer is based in Kaduna
TXN000884,2026-02-25,02:15:12,Wednesday,CUST0032,Ola Suleiman,6422426142,7858,Verve,Zenith Bank,ATM Withdrawal,3907.81,14247.25,10339.44,"ATM_LG_003 - Lekki Phase 1, Lagos",Kano,low_spender,10000,50000,3907.81,Successful,NORMAL,
TXN001260,2026-02-25,06:24:54,Wednesday,CUST0047,Musa Salami,6245202877,5548,Mastercard Debit,Zenith Bank,ATM Balance Enquiry,38266.93,131058.61,131058.61,"ATM_LG_004 - Surulere, Lagos",Kano,medium_spender,50000,150000,0,Successful,NORMAL,
TXN000927,2026-02-25,07:02:26,Wednesday,CUST0034,Nkechi Babatunde,7423582839,6817,Visa Credit,Stanbic IBTC,ATM Withdrawal,1390.25,20786.18,19395.93,"ATM_PH_001 - GRA Phase 2, Port Harcourt",Kano,low_spender,10000,50000,1390.25,Successful,NORMAL,
TXN000731,2026-02-25,08:17:32,Wednesday,CUST0024,Ola Babatunde,4288813383,7897,Verve,Zenith Bank,ATM Balance Enquiry,36352.61,389871.31,389871.31,"ATM_AB_003 - Maitama, Abuja",Enugu,medium_spender,50000,150000,0,Successful,NORMAL,
TXN002068,2026-02-25,08:25:48,Wednesday,CUST0076,Nneka Eze,5651997036,7616,Verve,GTBank,ATM Withdrawal,5388.79,76451.98,71063.19,"ATM_LG_003 - Lekki Phase 1, Lagos",Ibadan,low_spender,10000,50000,5388.79,Successful,NORMAL,
TXN001944,2026-02-25,10:25:43,Wednesday,CUST0072,Uche Lawal,3911628692,4429,Visa Debit,Access Bank,Online Transfer,13518.44,1375152.98,1375152.98,"ATM_LG_004 - Surulere, Lagos",Enugu,high_spender,200000,500000,0,Successful,NORMAL,
TXN000380,2026-02-25,11:06:01,Wednesday,CUST0012,Uche Adeleke,7889943014,2238,Verve,Zenith Bank,POS Purchase,20992.06,877845.15,856853.09,"ATM_LG_002 - Victoria Island, Lagos",Ibadan,high_spender,200000,500000,20992.06,Successful,NORMAL,
TXN002136,2026-02-25,11:26:45,Wednesday,CUST0078,Uche Salami,0072246503,5411,Visa Credit,Access Bank,POS Purchase,5135.4,301525.36,296389.96,"ATM_LG_005 - Yaba, Lagos",Port Harcourt,medium_spender,50000,150000,5135.4,Successful,NORMAL,
TXN000790,2026-02-25,12:56:26,Wednesday,CUST0027,Nkechi Adeyemi,6382100233,6628,Visa Debit,First Bank,ATM Withdrawal,30044.78,461804.24,431759.46,"ATM_LG_004 - Surulere, Lagos",Abuja,medium_spender,50000,150000,30044.78,Successful,NORMAL,
TXN001683,2026-02-25,14:21:22,Wednesday,CUST0063,Amaka Musa,0330885397,2813,Visa Debit,Access Bank,Online Transfer,41022.47,227439.0,227439.0,"ATM_IB_001 - Ring Road, Ibadan",Kano,medium_spender,50000,150000,0,Declined,NORMAL,
TXN001309,2026-02-25,15:22:36,Wednesday,CUST0049,Musa Adeleke,3362363512,1975,Visa Credit,GTBank,POS Purchase,4975.26,49735.44,44760.18,"ATM_LG_004 - Surulere, Lagos",Ibadan,low_spender,10000,50000,4975.26,Successful,NORMAL,
TXN001457,2026-02-25,16:55:42,Wednesday,CUST0054,Jide Chukwu,5340712903,7552,Verve,GTBank,POS Purchase,34298.75,77795.6,43496.85,"ATM_LG_003 - Lekki Phase 1, Lagos",Benin City,medium_spender,50000,150000,34298.75,Successful,NORMAL,
TXN002220,2026-02-25,17:01:18,Wednesday,CUST0080,Ola Okonkwo,3342204457,4255,Visa Debit,UBA,ATM Withdrawal,106447.43,291003.69,184556.26,"ATM_LG_001 - Ikeja Branch, Lagos",Benin City,medium_spender,50000,150000,106447.43,Successful,SUSPICIOUS,"High-value transaction ₦106,447.43 flagged for velocity check"
TXN001141,2026-02-25,17:59:13,Wednesday,CUST0043,Biodun Okafor,8010307387,9136,Mastercard Debit,GTBank,ATM Withdrawal,9502.1,48295.38,38793.28,"ATM_AB_001 - Wuse Zone 5, Abuja",Kaduna,low_spender,10000,50000,9502.1,Successful,NORMAL,
TXN000903,2026-02-25,19:14:55,Wednesday,CUST0033,Ngozi Babatunde,1091476249,8935,Verve,UBA,ATM Withdrawal,3452.23,93015.32,89563.09,"ATM_LG_002 - Victoria Island, Lagos",Ibadan,low_spender,10000,50000,3452.23,Successful,NORMAL,
TXN002137,2026-02-25,19:59:36,Wednesday,CUST0078,Uche Salami,0072246503,5411,Visa Credit,Access Bank,POS Purchase,27997.06,48578.07,20581.01,"ATM_LG_005 - Yaba, Lagos",Port Harcourt,medium_spender,50000,150000,33132.46,Successful,NORMAL,
TXN001905,2026-02-25,20:59:13,Wednesday,CUST0071,Ngozi Usman,1234933970,6062,Verve,Stanbic IBTC,POS Purchase,40694.66,91573.96,50879.3,"ATM_LG_002 - Victoria Island, Lagos",Lagos,medium_spender,50000,150000,40694.66,Successful,NORMAL,
TXN001014,2026-02-25,21:15:32,Wednesday,CUST0038,Zainab Adeleke,2884009952,3102,Verve,Stanbic IBTC,POS Purchase,7796.89,91141.6,83344.71,"ATM_LG_002 - Victoria Island, Lagos",Enugu,low_spender,10000,50000,7796.89,Reversed,NORMAL,
TXN000177,2026-02-25,22:26:41,Wednesday,CUST0006,Kemi Obi,2961112422,7715,Visa Credit,Stanbic IBTC,POS Purchase,79273.47,1648531.77,1569258.3,"ATM_LG_003 - Lekki Phase 1, Lagos",Port Harcourt,high_spender,200000,500000,79273.47,Successful,NORMAL,
TXN001827,2026-02-25,22:41:25,Wednesday,CUST0067,Taiwo Bello,4522759725,7104,Verve,GTBank,POS Purchase,9362.26,7437.2,0,"ATM_EN_001 - Independence Layout, Enugu",Abuja,low_spender,10000,50000,9362.26,Successful,NORMAL,
TXN001554,2026-02-25,23:08:53,Wednesday,CUST0057,Tunde Okafor,1565330284,7497,Mastercard Debit,First Bank,ATM Withdrawal,108339.16,152442.03,44102.87,"ATM_LG_004 - Surulere, Lagos",Ibadan,high_spender,200000,500000,108339.16,Declined,NORMAL,
TXN000658,2026-02-25,23:13:47,Wednesday,CUST0020,Chibundo Adeyemi,6105295550,7171,Mastercard Debit,Fidelity Bank,ATM Balance Enquiry,45341.75,370686.8,370686.8,"ATM_LG_003 - Lekki Phase 1, Lagos",Lagos,medium_spender,50000,150000,0,Declined,NORMAL,
TXN001039,2026-02-26,01:08:16,Thursday,CUST0039,Tunde Nwosu,8518405632,1659,Visa Credit,Zenith Bank,ATM Withdrawal,32355.47,101143.21,68787.74,"ATM_LG_003 - Lekki Phase 1, Lagos",Kaduna,medium_spender,50000,150000,32355.47,Successful,NORMAL,
TXN001555,2026-02-26,02:29:05,Thursday,CUST0057,Tunde Okafor,1565330284,7497,Mastercard Debit,First Bank,ATM Withdrawal,36998.38,1186850.08,1149851.7,"ATM_LG_004 - Surulere, Lagos",Ibadan,high_spender,200000,500000,36998.38,Successful,NORMAL,
TXN001757,2026-02-26,03:05:05,Thursday,CUST0065,Chidi Salami,7949487287,9802,Visa Debit,GTBank,Online Transfer,27259.0,75873.78,75873.78,"ATM_IB_001 - Ring Road, Ibadan",Abuja,medium_spender,50000,150000,0,Successful,NORMAL,
TXN002221,2026-02-26,03:29:54,Thursday,CUST0080,Ola Okonkwo,3342204457,4255,Visa Debit,UBA,ATM Withdrawal,207225.52,420843.73,213618.21,"ATM_PH_002 - Trans-Amadi, Port Harcourt",Benin City,medium_spender,50000,150000,207225.52,Declined,SUSPICIOUS,"Amount ₦207,225.52 is 4.1x above customer's typical maximum of ₦50,000"
TXN001801,2026-02-26,03:40:01,Thursday,CUST0066,Ola Afolabi,2938289640,5620,Visa Debit,Access Bank,ATM Withdrawal,39774.39,76784.2,37009.81,"ATM_LG_005 - Yaba, Lagos",Port Harcourt,medium_spender,50000,150000,39774.39,Declined,NORMAL,
TXN001492,2026-02-26,04:10:14,Thursday,CUST0055,Fatima Okafor,4770704891,6439,Visa Debit,GTBank,ATM Balance Enquiry,63734.93,1673933.05,1673933.05,"ATM_LG_003 - Lekki Phase 1, Lagos",Enugu,high_spender,200000,500000,0,Successful,NORMAL,
TXN000381,2026-02-26,04:18:13,Thursday,CUST0012,Uche Adeleke,7889943014,2238,Verve,Zenith Bank,ATM Withdrawal,120967.87,627033.38,506065.51,"ATM_LG_002 - Victoria Island, Lagos",Ibadan,high_spender,200000,500000,120967.87,Successful,NORMAL,
TXN001142,2026-02-26,04:53:26,Thursday,CUST0043,Biodun Okafor,8010307387,9136,Mastercard Debit,GTBank,ATM Withdrawal,5004.83,59556.89,54552.06,ATM_KN_001 - Kano City Centre,Kaduna,low_spender,10000,50000,5004.83,Successful,NORMAL,
TXN000301,2026-02-26,05:06:22,Thursday,CUST0010,Efua Chukwu,6997365350,6821,Mastercard Debit,Stanbic IBTC,POS Purchase,104052.17,540613.05,436560.88,"ATM_LG_004 - Surulere, Lagos",Ibadan,high_spender,200000,500000,104052.17,Declined,NORMAL,
TXN000732,2026-02-26,05:18:04,Thursday,CUST0024,Ola Babatunde,4288813383,7897,Verve,Zenith Bank,ATM Withdrawal,46910.13,425264.77,378354.64,"ATM_LG_004 - Surulere, Lagos",Enugu,medium_spender,50000,150000,46910.13,Successful,NORMAL,
TXN001652,2026-02-26,05:43:09,Thursday,CUST0062,Jide Nwosu,7690627387,6253,Verve,Fidelity Bank,ATM Withdrawal,5600.57,50178.27,44577.7,"ATM_AB_002 - Garki Area 11, Abuja [HOME STATE: Ibadan]",Ibadan,low_spender,10000,50000,5600.57,Reversed,SUSPICIOUS,Card used at Port Harcourt ATM but customer is based in Ibadan
TXN001406,2026-02-26,06:09:48,Thursday,CUST0052,Sola Okafor,7066503218,8039,Mastercard Debit,GTBank,Online Transfer,9623.81,46895.46,46895.46,"ATM_LG_003 - Lekki Phase 1, Lagos",Port Harcourt,low_spender,10000,50000,0,Declined,NORMAL,
TXN000990,2026-02-26,06:26:48,Thursday,CUST0037,Rotimi Babatunde,8953520583,4419,Visa Credit,GTBank,ATM Mini Statement,32568.45,79996.41,79996.41,"ATM_LG_004 - Surulere, Lagos",Enugu,medium_spender,50000,150000,0,Successful,NORMAL,
TXN000677,2026-02-26,08:09:46,Thursday,CUST0021,Tunde Adeola,6683286033,5256,Visa Debit,Stanbic IBTC,POS Purchase,898.31,69024.91,68126.6,"ATM_LG_002 - Victoria Island, Lagos",Port Harcourt,low_spender,10000,50000,898.31,Successful,NORMAL,
TXN000535,2026-02-26,09:50:49,Thursday,CUST0017,Chidi Bello,1122281086,3728,Mastercard Debit,Zenith Bank,ATM Withdrawal,17791.22,167691.46,149900.24,"ATM_LG_003 - Lekki Phase 1, Lagos",Lagos,medium_spender,50000,150000,17791.22,Declined,NORMAL,
TXN000449,2026-02-26,11:21:28,Thursday,CUST0014,Dayo Babatunde,7962797218,4925,Visa Credit,Access Bank,ATM Balance Enquiry,5678.01,27809.06,27809.06,"ATM_IB_001 - Ring Road, Ibadan",Enugu,low_spender,10000,50000,0,Successful,NORMAL,
TXN001085,2026-02-26,12:10:46,Thursday,CUST0040,Uche Bello,1352141056,6134,Verve,Zenith Bank,ATM Mini Statement,42093.11,337941.08,337941.08,"ATM_PH_002 - Trans-Amadi, Port Harcourt",Kaduna,medium_spender,50000,150000,0,Successful,NORMAL,
TXN001168,2026-02-26,12:59:53,Thursday,CUST0044,Uche Usman,2874900400,5082,Visa Credit,Stanbic IBTC,ATM Withdrawal,368712.01,206552.11,0,"ATM_EN_001 - Independence Layout, Enugu",Kano,medium_spender,50000,150000,368712.01,Successful,SUSPICIOUS,"Amount ₦368,712.01 is 7.4x above customer's typical maximum of ₦50,000"
TXN001719,2026-02-26,13:24:26,Thursday,CUST0064,Ngozi Babatunde,1232261941,4967,Visa Debit,Fidelity Bank,POS Purchase,8970.99,283565.34,274594.35,"ATM_LG_005 - Yaba, Lagos",Benin City,medium_spender,50000,150000,8970.99,Successful,NORMAL,
TXN000302,2026-02-26,13:36:12,Thursday,CUST0010,Efua Chukwu,6997365350,6821,Mastercard Debit,Stanbic IBTC,ATM Withdrawal,1231030.45,912080.14,0,"ATM_LG_004 - Surulere, Lagos",Ibadan,high_spender,200000,500000,1335082.62,Successful,SUSPICIOUS,"Amount ₦1,231,030.45 is 6.2x above customer's typical maximum of ₦200,000"
TXN000048,2026-02-26,17:24:07,Thursday,CUST0002,Efua Babatunde,9356327295,2359,Visa Credit,Zenith Bank,ATM Balance Enquiry,17165.99,36948.89,36948.89,"ATM_LG_001 - Ikeja Branch, Lagos",Kaduna,medium_spender,50000,150000,0,Successful,NORMAL,
TXN000536,2026-02-26,17:59:35,Thursday,CUST0017,Chidi Bello,1122281086,3728,Mastercard Debit,Zenith Bank,ATM Balance Enquiry,11479.63,388090.43,388090.43,"ATM_LG_003 - Lekki Phase 1, Lagos",Lagos,medium_spender,50000,150000,17791.22,Declined,NORMAL,
TXN000118,2026-02-26,18:09:48,Thursday,CUST0004,Jide Lawal,9282010276,2329,Verve,UBA,POS Purchase,21149.92,56258.2,35108.28,"ATM_LG_004 - Surulere, Lagos",Lagos,medium_spender,50000,150000,21149.92,Successful,NORMAL,
TXN001427,2026-02-26,18:19:18,Thursday,CUST0053,Gbenga Okafor,0500303393,4495,Visa Credit,Zenith Bank,Online Transfer,32999.38,30580.89,30580.89,"ATM_IB_001 - Ring Road, Ibadan",Enugu,low_spender,10000,50000,0,Declined,SUSPICIOUS,"High-value transaction ₦32,999.38 flagged for velocity check"
TXN002016,2026-02-26,18:34:59,Thursday,CUST0074,Adebayo Okeke,7232677456,6745,Visa Credit,UBA,ATM Balance Enquiry,29413.82,241120.32,241120.32,"ATM_LG_004 - Surulere, Lagos",Lagos,medium_spender,50000,150000,0,Successful,NORMAL,
TXN001339,2026-02-26,21:23:28,Thursday,CUST0050,Nkechi Eze,5802869654,3762,Mastercard Debit,First Bank,ATM Withdrawal,37222.27,274398.78,237176.51,"ATM_LG_005 - Yaba, Lagos",Benin City,medium_spender,50000,150000,37222.27,Reversed,NORMAL,
TXN000265,2026-02-26,22:44:28,Thursday,CUST0009,Jide Adeyemi,1764184578,3085,Visa Credit,Fidelity Bank,ATM Withdrawal,6150.1,74885.08,68734.98,"ATM_LG_003 - Lekki Phase 1, Lagos",Kano,medium_spender,50000,150000,6150.1,Successful,NORMAL,
TXN001015,2026-02-27,00:06:59,Friday,CUST0038,Zainab Adeleke,2884009952,3102,Verve,Stanbic IBTC,ATM Withdrawal,6669.18,91601.86,84932.68,"ATM_LG_002 - Victoria Island, Lagos",Enugu,low_spender,10000,50000,6669.18,Successful,NORMAL,
TXN001407,2026-02-27,00:34:34,Friday,CUST0052,Sola Okafor,7066503218,8039,Mastercard Debit,GTBank,ATM Withdrawal,8608.66,92906.72,84298.06,"ATM_LG_003 - Lekki Phase 1, Lagos",Port Harcourt,low_spender,10000,50000,8608.66,Successful,NORMAL,
TXN001556,2026-02-27,01:12:39,Friday,CUST0057,Tunde Okafor,1565330284,7497,Mastercard Debit,First Bank,ATM Mini Statement,159972.87,1001809.28,1001809.28,"ATM_LG_004 - Surulere, Lagos",Ibadan,high_spender,200000,500000,0,Reversed,NORMAL,
TXN001493,2026-02-27,01:25:25,Friday,CUST0055,Fatima Okafor,4770704891,6439,Visa Debit,GTBank,ATM Withdrawal,41914.47,1679072.34,1637157.87,"ATM_LG_003 - Lekki Phase 1, Lagos",Enugu,high_spender,200000,500000,41914.47,Successful,NORMAL,
TXN000502,2026-02-27,01:58:06,Friday,CUST0016,Adebayo Musa,7063317244,6982,Mastercard Debit,Fidelity Bank,ATM Balance Enquiry,185697.48,930297.45,930297.45,"ATM_PH_001 - GRA Phase 2, Port Harcourt",Enugu,high_spender,200000,500000,0,Successful,NORMAL,
TXN001287,2026-02-27,03:20:45,Friday,CUST0048,Yemi Lawal,0868927381,7500,Mastercard Debit,Fidelity Bank,POS Purchase,36146.9,361708.66,325561.76,"ATM_AB_003 - Maitama, Abuja",Abuja,medium_spender,50000,150000,36146.9,Successful,NORMAL,
TXN000266,2026-02-27,05:22:42,Friday,CUST0009,Jide Adeyemi,1764184578,3085,Visa Credit,Fidelity Bank,POS Purchase,18448.62,66799.46,48350.84,"ATM_LG_003 - Lekki Phase 1, Lagos",Kano,medium_spender,50000,150000,18448.62,Successful,NORMAL,
TXN000232,2026-02-27,06:03:58,Friday,CUST0008,Tobi Ibrahim,1205673434,2732,Mastercard Debit,First Bank,Online Transfer,7065.44,59772.29,59772.29,"ATM_AB_003 - Maitama, Abuja [HOME STATE: Ibadan]",Ibadan,low_spender,10000,50000,0,Successful,SUSPICIOUS,Card used at Abuja ATM but customer is based in Ibadan
TXN000119,2026-02-27,06:28:15,Friday,CUST0004,Jide Lawal,9282010276,2329,Verve,UBA,Online Transfer,15378.87,175357.72,175357.72,"ATM_LG_004 - Surulere, Lagos",Lagos,medium_spender,50000,150000,0,Successful,NORMAL,
TXN001945,2026-02-27,07:18:07,Friday,CUST0072,Uche Lawal,3911628692,4429,Visa Debit,Access Bank,ATM Balance Enquiry,157663.34,1887014.4,1887014.4,"ATM_AB_001 - Wuse Zone 5, Abuja",Enugu,high_spender,200000,500000,0,Successful,NORMAL,
TXN001946,2026-02-27,07:35:55,Friday,CUST0072,Uche Lawal,3911628692,4429,Visa Debit,Access Bank,POS Purchase,152834.21,930534.08,777699.87,"ATM_LG_004 - Surulere, Lagos",Enugu,high_spender,200000,500000,152834.21,Successful,NORMAL,
TXN000991,2026-02-27,08:07:45,Friday,CUST0037,Rotimi Babatunde,8953520583,4419,Visa Credit,GTBank,Online Transfer,48732.9,120163.46,120163.46,"ATM_AB_002 - Garki Area 11, Abuja",Enugu,medium_spender,50000,150000,0,Successful,NORMAL,
TXN001288,2026-02-27,08:22:19,Friday,CUST0048,Yemi Lawal,0868927381,7500,Mastercard Debit,Fidelity Bank,ATM Balance Enquiry,44148.06,222543.84,222543.84,ATM_KN_001 - Kano City Centre,Abuja,medium_spender,50000,150000,36146.9,Reversed,NORMAL,
TXN001802,2026-02-27,09:12:12,Friday,CUST0066,Ola Afolabi,2938289640,5620,Visa Debit,Access Bank,Online Transfer,44767.42,372613.57,372613.57,"ATM_AB_003 - Maitama, Abuja [HOME STATE: Port Harcourt]",Port Harcourt,medium_spender,50000,150000,0,Successful,SUSPICIOUS,Card used at Enugu ATM but customer is based in Port Harcourt
TXN001557,2026-02-27,09:51:03,Friday,CUST0057,Tunde Okafor,1565330284,7497,Mastercard Debit,First Bank,ATM Withdrawal,94400.74,521001.9,426601.16,"ATM_LG_004 - Surulere, Lagos",Ibadan,high_spender,200000,500000,94400.74,Successful,NORMAL,
TXN001803,2026-02-27,10:49:24,Friday,CUST0066,Ola Afolabi,2938289640,5620,Visa Debit,Access Bank,ATM Withdrawal,14541.33,492028.33,477487.0,"ATM_LG_002 - Victoria Island, Lagos",Port Harcourt,medium_spender,50000,150000,14541.33,Successful,NORMAL,
TXN000415,2026-02-27,11:10:02,Friday,CUST0013,Zainab Musa,1662475227,7373,Verve,Zenith Bank,POS Purchase,164308.69,1254340.02,1090031.33,"ATM_LG_003 - Lekki Phase 1, Lagos",Port Harcourt,high_spender,200000,500000,164308.69,Successful,NORMAL,
TXN002222,2026-02-27,11:34:25,Friday,CUST0080,Ola Okonkwo,3342204457,4255,Visa Debit,UBA,POS Purchase,17656.69,404526.25,386869.56,"ATM_LG_001 - Ikeja Branch, Lagos",Benin City,medium_spender,50000,150000,17656.69,Successful,NORMAL,
TXN001112,2026-02-27,13:16:08,Friday,CUST0041,Gbenga Musa,2240888423,7738,Visa Credit,Fidelity Bank,POS Purchase,2569.92,18889.61,16319.69,"ATM_LG_001 - Ikeja Branch, Lagos",Kaduna,low_spender,10000,50000,2569.92,Reversed,NORMAL,
TXN001169,2026-02-27,13:42:27,Friday,CUST0044,Uche Usman,2874900400,5082,Visa Credit,Stanbic IBTC,ATM Withdrawal,15225.15,289242.63,274017.48,"ATM_LG_004 - Surulere, Lagos",Kano,medium_spender,50000,150000,15225.15,Successful,NORMAL,
TXN000233,2026-02-27,15:32:17,Friday,CUST0008,Tobi Ibrahim,1205673434,2732,Mastercard Debit,First Bank,ATM Withdrawal,2293.16,21532.51,19239.35,ATM_KN_001 - Kano City Centre,Ibadan,low_spender,10000,50000,2293.16,Successful,NORMAL,
TXN001310,2026-02-27,15:52:43,Friday,CUST0049,Musa Adeleke,3362363512,1975,Visa Credit,GTBank,ATM Withdrawal,3225.49,80311.12,77085.63,"ATM_LG_004 - Surulere, Lagos",Ibadan,low_spender,10000,50000,3225.49,Successful,NORMAL,
TXN001558,2026-02-27,16:00:09,Friday,CUST0057,Tunde Okafor,1565330284,7497,Mastercard Debit,First Bank,POS Purchase,28429.77,362582.01,334152.24,"ATM_LG_004 - Surulere, Lagos",Ibadan,high_spender,200000,500000,122830.51,Successful,NORMAL,
TXN000342,2026-02-27,18:19:16,Friday,CUST0011,Bola Afolabi,3656018830,9554,Visa Credit,GTBank,POS Purchase,35927.0,169349.23,133422.23,"ATM_LG_004 - Surulere, Lagos",Ibadan,medium_spender,50000,150000,35927.0,Successful,NORMAL,
TXN001130,2026-02-27,19:01:47,Friday,CUST0042,Kemi Okonkwo,5073717438,1620,Verve,UBA,ATM Withdrawal,33920.53,386410.59,352490.06,"ATM_LG_003 - Lekki Phase 1, Lagos",Kano,medium_spender,50000,150000,33920.53,Successful,NORMAL,
TXN001906,2026-02-27,19:06:09,Friday,CUST0071,Ngozi Usman,1234933970,6062,Verve,Stanbic IBTC,ATM Withdrawal,31329.33,73355.65,42026.32,"ATM_AB_002 - Garki Area 11, Abuja",Lagos,medium_spender,50000,150000,31329.33,Successful,NORMAL,
TXN000574,2026-02-27,19:34:39,Friday,CUST0018,Jide Suleiman,6342127803,7174,Visa Credit,Fidelity Bank,POS Purchase,44134.58,342533.49,298398.91,"ATM_LG_002 - Victoria Island, Lagos",Abuja,medium_spender,50000,150000,44134.58,Declined,NORMAL,
TXN000178,2026-02-27,21:10:43,Friday,CUST0006,Kemi Obi,2961112422,7715,Visa Credit,Stanbic IBTC,ATM Withdrawal,56274.02,728208.89,671934.87,"ATM_LG_001 - Ikeja Branch, Lagos",Port Harcourt,high_spender,200000,500000,56274.02,Successful,NORMAL,
TXN001684,2026-02-27,21:31:35,Friday,CUST0063,Amaka Musa,0330885397,2813,Visa Debit,Access Bank,Online Transfer,19878.63,385524.35,385524.35,"ATM_LG_004 - Surulere, Lagos",Kano,medium_spender,50000,150000,0,Successful,NORMAL,
TXN000537,2026-02-27,23:13:51,Friday,CUST0017,Chidi Bello,1122281086,3728,Mastercard Debit,Zenith Bank,ATM Withdrawal,31950.4,349283.77,317333.37,"ATM_LG_003 - Lekki Phase 1, Lagos",Lagos,medium_spender,50000,150000,31950.4,Declined,NORMAL,
TXN000267,2026-02-27,23:14:33,Friday,CUST0009,Jide Adeyemi,1764184578,3085,Visa Credit,Fidelity Bank,ATM Mini Statement,47179.48,467342.47,467342.47,"ATM_LG_003 - Lekki Phase 1, Lagos",Kano,medium_spender,50000,150000,18448.62,Successful,NORMAL,
TXN000959,2026-02-28,00:32:59,Saturday,CUST0036,Chibundo Obi,2442831915,1411,Visa Debit,First Bank,ATM Withdrawal,20877.26,28239.03,7361.77,"ATM_LG_004 - Surulere, Lagos",Ibadan,low_spender,10000,50000,20877.26,Declined,SUSPICIOUS,Transaction at 00:32 — outside normal banking hours (midnight–4am)
TXN001559,2026-02-28,01:50:02,Saturday,CUST0057,Tunde Okafor,1565330284,7497,Mastercard Debit,First Bank,ATM Withdrawal,129757.67,600208.11,470450.44,"ATM_LG_004 - Surulere, Lagos",Ibadan,high_spender,200000,500000,129757.67,Successful,NORMAL,
TXN001685,2026-02-28,02:10:56,Saturday,CUST0063,Amaka Musa,0330885397,2813,Visa Debit,Access Bank,Online Transfer,41188.82,260382.37,260382.37,"ATM_LG_004 - Surulere, Lagos",Kano,medium_spender,50000,150000,0,Successful,NORMAL,
TXN000049,2026-02-28,03:07:03,Saturday,CUST0002,Efua Babatunde,9356327295,2359,Visa Credit,Zenith Bank,Online Transfer,47576.03,224846.29,224846.29,"ATM_IB_001 - Ring Road, Ibadan",Kaduna,medium_spender,50000,150000,0,Successful,NORMAL,
TXN002017,2026-02-28,03:26:05,Saturday,CUST0074,Adebayo Okeke,7232677456,6745,Visa Credit,UBA,Online Transfer,32351.37,28121.88,28121.88,"ATM_IB_001 - Ring Road, Ibadan",Lagos,medium_spender,50000,150000,0,Successful,NORMAL,
TXN001040,2026-02-28,03:27:00,Saturday,CUST0039,Tunde Nwosu,8518405632,1659,Visa Credit,Zenith Bank,Online Transfer,13382.13,395153.35,395153.35,"ATM_LG_003 - Lekki Phase 1, Lagos",Kaduna,medium_spender,50000,150000,0,Successful,NORMAL,
TXN000120,2026-02-28,08:05:27,Saturday,CUST0004,Jide Lawal,9282010276,2329,Verve,UBA,POS Purchase,16014.62,200214.93,184200.31,"ATM_LG_004 - Surulere, Lagos",Lagos,medium_spender,50000,150000,16014.62,Successful,NORMAL,
TXN002097,2026-02-28,08:36:50,Saturday,CUST0077,Chibundo Adeola,1374759620,2208,Verve,UBA,POS Purchase,121632.63,498971.86,377339.23,"ATM_LG_004 - Surulere, Lagos",Ibadan,medium_spender,50000,150000,121632.63,Declined,SUSPICIOUS,"High-value transaction ₦121,632.63 flagged for velocity check"
TXN000416,2026-02-28,08:44:08,Saturday,CUST0013,Zainab Musa,1662475227,7373,Verve,Zenith Bank,ATM Withdrawal,43446.32,606642.44,563196.12,"ATM_LG_003 - Lekki Phase 1, Lagos",Port Harcourt,high_spender,200000,500000,43446.32,Successful,NORMAL,
TXN001131,2026-02-28,09:51:34,Saturday,CUST0042,Kemi Okonkwo,5073717438,1620,Verve,UBA,Online Transfer,15544.72,180421.35,180421.35,"ATM_LG_004 - Surulere, Lagos",Kano,medium_spender,50000,150000,0,Successful,NORMAL,
TXN000382,2026-02-28,10:27:47,Saturday,CUST0012,Uche Adeleke,7889943014,2238,Verve,Zenith Bank,ATM Mini Statement,174896.58,432458.25,432458.25,"ATM_LG_002 - Victoria Island, Lagos",Ibadan,high_spender,200000,500000,0,Declined,NORMAL,
TXN001686,2026-02-28,10:40:26,Saturday,CUST0063,Amaka Musa,0330885397,2813,Visa Debit,Access Bank,ATM Mini Statement,39824.47,352586.4,352586.4,"ATM_LG_004 - Surulere, Lagos",Kano,medium_spender,50000,150000,0,Successful,NORMAL,
TXN000450,2026-02-28,11:17:20,Saturday,CUST0014,Dayo Babatunde,7962797218,4925,Visa Credit,Access Bank,POS Purchase,2509.79,62457.45,59947.66,"ATM_LG_005 - Yaba, Lagos",Enugu,low_spender,10000,50000,2509.79,Successful,NORMAL,
TXN001086,2026-02-28,12:54:55,Saturday,CUST0040,Uche Bello,1352141056,6134,Verve,Zenith Bank,POS Purchase,14317.13,450482.21,436165.08,"ATM_LG_002 - Victoria Island, Lagos",Kaduna,medium_spender,50000,150000,14317.13,Successful,NORMAL,
TXN001376,2026-02-28,14:16:27,Saturday,CUST0051,Aisha Suleiman,2787994879,8601,Visa Credit,GTBank,POS Purchase,233829.21,415306.27,181477.06,"ATM_LG_003 - Lekki Phase 1, Lagos",Abuja,medium_spender,50000,150000,233829.21,Successful,SUSPICIOUS,"Amount ₦233,829.21 is 4.7x above customer's typical maximum of ₦50,000"
TXN000383,2026-02-28,14:32:16,Saturday,CUST0012,Uche Adeleke,7889943014,2238,Verve,Zenith Bank,ATM Mini Statement,72317.61,676546.12,676546.12,"ATM_LG_002 - Victoria Island, Lagos",Ibadan,high_spender,200000,500000,0,Successful,NORMAL,
TXN000417,2026-02-28,15:18:26,Saturday,CUST0013,Zainab Musa,1662475227,7373,Verve,Zenith Bank,POS Purchase,636285.54,976453.69,340168.15,"ATM_LG_003 - Lekki Phase 1, Lagos",Port Harcourt,high_spender,200000,500000,679731.86,Successful,SUSPICIOUS,"Amount ₦636,285.54 is 3.2x above customer's typical maximum of ₦200,000"
TXN001629,2026-02-28,15:28:58,Saturday,CUST0061,Adebayo Nwosu,4601120311,2220,Verve,Stanbic IBTC,ATM Withdrawal,7460.57,77903.08,70442.51,"ATM_LG_002 - Victoria Island, Lagos",Enugu,low_spender,10000,50000,7460.57,Successful,NORMAL,
TXN000678,2026-02-28,17:41:06,Saturday,CUST0021,Tunde Adeola,6683286033,5256,Visa Debit,Stanbic IBTC,POS Purchase,4309.49,90192.69,85883.2,"ATM_AB_002 - Garki Area 11, Abuja",Port Harcourt,low_spender,10000,50000,4309.49,Successful,NORMAL,
TXN000928,2026-02-28,19:17:43,Saturday,CUST0034,Nkechi Babatunde,7423582839,6817,Visa Credit,Stanbic IBTC,ATM Mini Statement,4295.76,66736.7,66736.7,"ATM_LG_005 - Yaba, Lagos",Kano,low_spender,10000,50000,0,Successful,NORMAL,
TXN000303,2026-02-28,20:06:28,Saturday,CUST0010,Efua Chukwu,6997365350,6821,Mastercard Debit,Stanbic IBTC,ATM Withdrawal,48469.28,1714792.02,1666322.74,"ATM_LG_004 - Surulere, Lagos",Ibadan,high_spender,200000,500000,48469.28,Successful,NORMAL,
TXN001132,2026-02-28,21:04:55,Saturday,CUST0042,Kemi Okonkwo,5073717438,1620,Verve,UBA,ATM Withdrawal,24107.39,134372.98,110265.59,"ATM_AB_002 - Garki Area 11, Abuja",Kano,medium_spender,50000,150000,24107.39,Successful,NORMAL,
TXN000384,2026-02-28,21:05:50,Saturday,CUST0012,Uche Adeleke,7889943014,2238,Verve,Zenith Bank,POS Purchase,163798.46,1187067.79,1023269.33,"ATM_PH_001 - GRA Phase 2, Port Harcourt",Ibadan,high_spender,200000,500000,163798.46,Successful,NORMAL,
TXN000690,2026-02-28,21:09:02,Saturday,CUST0022,Ola Okonkwo,2404296200,9240,Mastercard Debit,Zenith Bank,POS Purchase,4017.19,79245.26,75228.07,"ATM_LG_002 - Victoria Island, Lagos",Kaduna,low_spender,10000,50000,4017.19,Successful,NORMAL,
TXN001261,2026-02-28,22:17:58,Saturday,CUST0047,Musa Salami,6245202877,5548,Mastercard Debit,Zenith Bank,ATM Withdrawal,40840.82,145298.81,104457.99,"ATM_LG_005 - Yaba, Lagos",Kano,medium_spender,50000,150000,40840.82,Successful,NORMAL,
TXN000691,2026-02-28,22:40:50,Saturday,CUST0022,Ola Okonkwo,2404296200,9240,Mastercard Debit,Zenith Bank,ATM Balance Enquiry,3442.09,13767.31,13767.31,"ATM_LG_001 - Ikeja Branch, Lagos",Kaduna,low_spender,10000,50000,4017.19,Successful,NORMAL,
TXN000268,2026-02-28,22:43:10,Saturday,CUST0009,Jide Adeyemi,1764184578,3085,Visa Credit,Fidelity Bank,ATM Withdrawal,11993.08,490041.8,478048.72,"ATM_LG_003 - Lekki Phase 1, Lagos",Kano,medium_spender,50000,150000,11993.08,Successful,NORMAL,
TXN001311,2026-02-28,23:16:39,Saturday,CUST0049,Musa Adeleke,3362363512,1975,Visa Credit,GTBank,POS Purchase,3507.21,8271.4,4764.19,"ATM_LG_004 - Surulere, Lagos",Ibadan,low_spender,10000,50000,3507.21,Successful,NORMAL,
TXN002098,2026-03-01,00:56:17,Sunday,CUST0077,Chibundo Adeola,1374759620,2208,Verve,UBA,ATM Balance Enquiry,26901.98,27966.0,27966.0,"ATM_LG_004 - Surulere, Lagos",Ibadan,medium_spender,50000,150000,0,Successful,NORMAL,
TXN001041,2026-03-01,01:45:07,Sunday,CUST0039,Tunde Nwosu,8518405632,1659,Visa Credit,Zenith Bank,Online Transfer,17433.57,132551.56,132551.56,"ATM_LG_005 - Yaba, Lagos",Kaduna,medium_spender,50000,150000,0,Successful,NORMAL,
TXN001980,2026-03-01,02:15:44,Sunday,CUST0073,Tobi Musa,2381163847,4263,Visa Credit,UBA,POS Purchase,49129.54,199062.52,149932.98,"ATM_LG_002 - Victoria Island, Lagos",Enugu,medium_spender,50000,150000,49129.54,Successful,NORMAL,
TXN000575,2026-03-01,03:55:11,Sunday,CUST0018,Jide Suleiman,6342127803,7174,Visa Credit,Fidelity Bank,ATM Withdrawal,160672.28,227615.47,66943.19,"ATM_LG_002 - Victoria Island, Lagos",Abuja,medium_spender,50000,150000,160672.28,Declined,SUSPICIOUS,"Amount ₦160,672.28 is 3.2x above customer's typical maximum of ₦50,000"
TXN001312,2026-03-01,04:18:58,Sunday,CUST0049,Musa Adeleke,3362363512,1975,Visa Credit,GTBank,ATM Mini Statement,1944.38,85313.02,85313.02,"ATM_LG_005 - Yaba, Lagos",Ibadan,low_spender,10000,50000,0,Successful,NORMAL,
TXN001494,2026-03-01,05:23:30,Sunday,CUST0055,Fatima Okafor,4770704891,6439,Visa Debit,GTBank,POS Purchase,74640.44,1552520.87,1477880.43,"ATM_LG_003 - Lekki Phase 1, Lagos",Enugu,high_spender,200000,500000,74640.44,Successful,NORMAL,
TXN001087,2026-03-01,06:30:30,Sunday,CUST0040,Uche Bello,1352141056,6134,Verve,Zenith Bank,POS Purchase,29677.0,82394.04,52717.04,"ATM_AB_003 - Maitama, Abuja",Kaduna,medium_spender,50000,150000,29677.0,Successful,NORMAL,
TXN000019,2026-03-01,07:09:47,Sunday,CUST0001,Gbenga Musa,6639233214,7276,Visa Credit,GTBank,POS Purchase,1883.47,99816.56,97933.09,"ATM_LG_005 - Yaba, Lagos",Kaduna,low_spender,10000,50000,1883.47,Successful,NORMAL,
TXN002173,2026-03-01,10:39:24,Sunday,CUST0079,Fatima Okonkwo,1782327517,9193,Mastercard Debit,Access Bank,ATM Withdrawal,50978.24,998845.99,947867.75,"ATM_LG_004 - Surulere, Lagos",Kano,high_spender,200000,500000,50978.24,Successful,NORMAL,
TXN002018,2026-03-01,10:45:51,Sunday,CUST0074,Adebayo Okeke,7232677456,6745,Visa Credit,UBA,POS Purchase,35551.31,41402.77,5851.46,"ATM_LG_004 - Surulere, Lagos",Lagos,medium_spender,50000,150000,35551.31,Successful,NORMAL,
TXN000234,2026-03-01,12:19:08,Sunday,CUST0008,Tobi Ibrahim,1205673434,2732,Mastercard Debit,First Bank,Online Transfer,9868.74,56082.87,56082.87,"ATM_LG_004 - Surulere, Lagos",Ibadan,low_spender,10000,50000,0,Successful,NORMAL,
TXN001340,2026-03-01,13:46:34,Sunday,CUST0050,Nkechi Eze,5802869654,3762,Mastercard Debit,First Bank,POS Purchase,14227.14,448934.22,434707.08,"ATM_LG_004 - Surulere, Lagos",Benin City,medium_spender,50000,150000,14227.14,Reversed,NORMAL,
TXN001042,2026-03-01,14:25:41,Sunday,CUST0039,Tunde Nwosu,8518405632,1659,Visa Credit,Zenith Bank,Online Transfer,11713.89,420294.12,420294.12,"ATM_AB_002 - Garki Area 11, Abuja",Kaduna,medium_spender,50000,150000,0,Declined,NORMAL,
TXN001873,2026-03-01,15:55:15,Sunday,CUST0070,Uche Adeola,6486987091,8454,Verve,Zenith Bank,POS Purchase,35315.95,74611.44,39295.49,"ATM_LG_001 - Ikeja Branch, Lagos",Abuja,medium_spender,50000,150000,35315.95,Successful,NORMAL,
TXN000611,2026-03-01,16:39:37,Sunday,CUST0019,Tunde Eze,2754590960,5925,Verve,Zenith Bank,Online Transfer,136768.47,1837284.2,1837284.2,"ATM_LG_004 - Surulere, Lagos",Abuja,high_spender,200000,500000,0,Successful,NORMAL,
TXN001720,2026-03-01,17:25:50,Sunday,CUST0064,Ngozi Babatunde,1232261941,4967,Visa Debit,Fidelity Bank,ATM Withdrawal,6444.33,37518.47,31074.14,"ATM_LG_005 - Yaba, Lagos",Benin City,medium_spender,50000,150000,6444.33,Successful,NORMAL,
TXN002019,2026-03-01,18:10:35,Sunday,CUST0074,Adebayo Okeke,7232677456,6745,Visa Credit,UBA,ATM Withdrawal,38432.51,322275.86,283843.35,"ATM_LG_004 - Surulere, Lagos",Lagos,medium_spender,50000,150000,73983.82,Successful,NORMAL,
TXN002174,2026-03-01,20:42:09,Sunday,CUST0079,Fatima Okonkwo,1782327517,9193,Mastercard Debit,Access Bank,POS Purchase,139909.55,1943419.48,1803509.93,"ATM_LG_002 - Victoria Island, Lagos",Kano,high_spender,200000,500000,190887.79,Successful,NORMAL,
TXN000960,2026-03-01,20:58:18,Sunday,CUST0036,Chibundo Obi,2442831915,1411,Visa Debit,First Bank,ATM Withdrawal,5092.61,74574.16,69481.55,"ATM_EN_001 - Independence Layout, Enugu",Ibadan,low_spender,10000,50000,5092.61,Successful,NORMAL,
TXN001495,2026-03-01,21:24:13,Sunday,CUST0055,Fatima Okafor,4770704891,6439,Visa Debit,GTBank,POS Purchase,150194.78,1703846.8,1553652.02,"ATM_LG_003 - Lekki Phase 1, Lagos",Enugu,high_spender,200000,500000,224835.22,Declined,NORMAL,
TXN001262,2026-03-01,21:46:06,Sunday,CUST0047,Musa Salami,6245202877,5548,Mastercard Debit,Zenith Bank,ATM Withdrawal,18207.04,287479.85,269272.81,"ATM_LG_005 - Yaba, Lagos",Kano,medium_spender,50000,150000,18207.04,Successful,NORMAL,
TXN001687,2026-03-01,21:51:33,Sunday,CUST0063,Amaka Musa,0330885397,2813,Visa Debit,Access Bank,ATM Withdrawal,47856.41,332571.73,284715.32,"ATM_LG_004 - Surulere, Lagos",Kano,medium_spender,50000,150000,47856.41,Successful,NORMAL,
TXN001289,2026-03-01,21:57:16,Sunday,CUST0048,Yemi Lawal,0868927381,7500,Mastercard Debit,Fidelity Bank,POS Purchase,14981.64,250252.16,235270.52,"ATM_LG_001 - Ikeja Branch, Lagos",Abuja,medium_spender,50000,150000,14981.64,Declined,NORMAL,
TXN000702,2026-03-01,22:51:02,Sunday,CUST0023,Zainab Okeke,7915823973,2645,Mastercard Debit,First Bank,ATM Withdrawal,4157.54,14443.48,10285.94,"ATM_LG_002 - Victoria Island, Lagos",Port Harcourt,low_spender,10000,50000,4157.54,Successful,NORMAL,
TXN000538,2026-03-01,23:08:40,Sunday,CUST0017,Chidi Bello,1122281086,3728,Mastercard Debit,Zenith Bank,ATM Mini Statement,31067.65,389137.02,389137.02,"ATM_IB_001 - Ring Road, Ibadan",Lagos,medium_spender,50000,150000,0,Successful,NORMAL,
TXN001758,2026-03-01,23:52:55,Sunday,CUST0065,Chidi Salami,7949487287,9802,Visa Debit,GTBank,ATM Balance Enquiry,41480.12,423733.67,423733.67,"ATM_LG_001 - Ikeja Branch, Lagos",Abuja,medium_spender,50000,150000,0,Successful,NORMAL,
TXN001759,2026-03-01,23:57:03,Sunday,CUST0065,Chidi Salami,7949487287,9802,Visa Debit,GTBank,ATM Withdrawal,36285.34,92755.82,56470.48,"ATM_LG_001 - Ikeja Branch, Lagos",Abuja,medium_spender,50000,150000,36285.34,Declined,NORMAL,
TXN000612,2026-03-02,00:00:31,Monday,CUST0019,Tunde Eze,2754590960,5925,Verve,Zenith Bank,ATM Withdrawal,72129.51,837217.94,765088.43,"ATM_LG_004 - Surulere, Lagos",Abuja,high_spender,200000,500000,72129.51,Successful,NORMAL,
TXN001215,2026-03-02,00:01:27,Monday,CUST0046,Tunde Babatunde,9470820432,1291,Verve,Zenith Bank,ATM Withdrawal,85039.92,232627.46,147587.54,"ATM_LG_003 - Lekki Phase 1, Lagos",Kaduna,high_spender,200000,500000,85039.92,Successful,NORMAL,
TXN000206,2026-03-02,01:00:56,Monday,CUST0007,Ola Usman,1521840905,4544,Visa Credit,First Bank,POS Purchase,3322.34,42360.4,39038.06,"ATM_LG_005 - Yaba, Lagos",Enugu,low_spender,10000,50000,3322.34,Successful,NORMAL,
TXN001760,2026-03-02,01:30:31,Monday,CUST0065,Chidi Salami,7949487287,9802,Visa Debit,GTBank,ATM Withdrawal,11256.48,325315.45,314058.97,"ATM_IB_001 - Ring Road, Ibadan [HOME STATE: Abuja]",Abuja,medium_spender,50000,150000,11256.48,Successful,SUSPICIOUS,Card used at Port Harcourt ATM but customer is based in Abuja
TXN001560,2026-03-02,01:45:52,Monday,CUST0057,Tunde Okafor,1565330284,7497,Mastercard Debit,First Bank,ATM Withdrawal,793824.64,885768.39,91943.75,"ATM_LG_002 - Victoria Island, Lagos",Ibadan,high_spender,200000,500000,793824.64,Declined,SUSPICIOUS,"Amount ₦793,824.64 is 4.0x above customer's typical maximum of ₦200,000"
TXN000121,2026-03-02,03:26:42,Monday,CUST0004,Jide Lawal,9282010276,2329,Verve,UBA,ATM Withdrawal,117152.92,157222.35,40069.43,"ATM_LG_004 - Surulere, Lagos",Lagos,medium_spender,50000,150000,117152.92,Successful,SUSPICIOUS,Transaction at 03:26 — outside normal banking hours (midnight–4am)
TXN000304,2026-03-02,05:11:06,Monday,CUST0010,Efua Chukwu,6997365350,6821,Mastercard Debit,Stanbic IBTC,ATM Withdrawal,157420.47,1600696.18,1443275.71,"ATM_LG_004 - Surulere, Lagos",Ibadan,high_spender,200000,500000,157420.47,Successful,NORMAL,
TXN001981,2026-03-02,06:06:08,Monday,CUST0073,Tobi Musa,2381163847,4263,Visa Credit,UBA,ATM Withdrawal,29474.82,93776.8,64301.98,"ATM_AB_001 - Wuse Zone 5, Abuja",Enugu,medium_spender,50000,150000,29474.82,Successful,NORMAL,
TXN000539,2026-03-02,06:50:31,Monday,CUST0017,Chidi Bello,1122281086,3728,Mastercard Debit,Zenith Bank,ATM Withdrawal,20309.3,249604.12,229294.82,"ATM_LG_003 - Lekki Phase 1, Lagos",Lagos,medium_spender,50000,150000,20309.3,Successful,NORMAL,
TXN000385,2026-03-02,08:01:05,Monday,CUST0012,Uche Adeleke,7889943014,2238,Verve,Zenith Bank,ATM Withdrawal,541489.14,1571551.02,1030061.88,"ATM_LG_002 - Victoria Island, Lagos",Ibadan,high_spender,200000,500000,541489.14,Successful,SUSPICIOUS,"High-value transaction ₦541,489.14 flagged for velocity check"
TXN001496,2026-03-02,08:29:33,Monday,CUST0055,Fatima Okafor,4770704891,6439,Visa Debit,GTBank,ATM Withdrawal,34254.86,1370800.29,1336545.43,"ATM_LG_003 - Lekki Phase 1, Lagos",Enugu,high_spender,200000,500000,34254.86,Successful,NORMAL,
TXN001761,2026-03-02,08:48:12,Monday,CUST0065,Chidi Salami,7949487287,9802,Visa Debit,GTBank,ATM Mini Statement,13904.95,445974.1,445974.1,"ATM_PH_002 - Trans-Amadi, Port Harcourt",Abuja,medium_spender,50000,150000,11256.48,Successful,NORMAL,
TXN001561,2026-03-02,09:30:20,Monday,CUST0057,Tunde Okafor,1565330284,7497,Mastercard Debit,First Bank,ATM Withdrawal,137047.39,1186271.18,1049223.79,"ATM_LG_004 - Surulere, Lagos",Ibadan,high_spender,200000,500000,930872.03,Declined,SUSPICIOUS,"Daily cumulative total ₦930,872.03 exceeds customer limit of ₦500,000"
TXN000079,2026-03-02,09:32:51,Monday,CUST0003,Nkechi Okonkwo,4806358178,4245,Mastercard Debit,GTBank,ATM Balance Enquiry,61327.72,1027215.55,1027215.55,"ATM_LG_004 - Surulere, Lagos",Kano,high_spender,200000,500000,0,Declined,NORMAL,
TXN001874,2026-03-02,09:40:47,Monday,CUST0070,Uche Adeola,6486987091,8454,Verve,Zenith Bank,ATM Mini Statement,252377.23,258042.5,258042.5,"ATM_LG_001 - Ikeja Branch, Lagos",Abuja,medium_spender,50000,150000,0,Successful,SUSPICIOUS,"Amount ₦252,377.23 is 5.0x above customer's typical maximum of ₦50,000"
TXN001562,2026-03-02,10:12:00,Monday,CUST0057,Tunde Okafor,1565330284,7497,Mastercard Debit,First Bank,ATM Withdrawal,110865.26,196621.71,85756.45,"ATM_PH_001 - GRA Phase 2, Port Harcourt",Ibadan,high_spender,200000,500000,1041737.29,Successful,SUSPICIOUS,"Daily cumulative total ₦1,041,737.29 exceeds customer limit of ₦500,000"
TXN001589,2026-03-02,11:51:04,Monday,CUST0059,Yemi Salami,0346191820,4159,Mastercard Debit,GTBank,ATM Withdrawal,8205.32,45933.69,37728.37,"ATM_LG_005 - Yaba, Lagos",Kaduna,low_spender,10000,50000,8205.32,Successful,NORMAL,
TXN000855,2026-03-02,13:15:14,Monday,CUST0031,Emeka Suleiman,9100912636,1290,Mastercard Debit,Fidelity Bank,POS Purchase,46489.16,136276.11,89786.95,"ATM_LG_001 - Ikeja Branch, Lagos",Abuja,medium_spender,50000,150000,46489.16,Reversed,NORMAL,
TXN001497,2026-03-02,14:42:32,Monday,CUST0055,Fatima Okafor,4770704891,6439,Visa Debit,GTBank,POS Purchase,166948.42,179873.78,12925.36,"ATM_AB_003 - Maitama, Abuja",Enugu,high_spender,200000,500000,201203.28,Successful,NORMAL,
TXN001498,2026-03-02,15:39:26,Monday,CUST0055,Fatima Okafor,4770704891,6439,Visa Debit,GTBank,ATM Withdrawal,164276.02,721720.26,557444.24,"ATM_LG_003 - Lekki Phase 1, Lagos",Enugu,high_spender,200000,500000,365479.3,Successful,NORMAL,
TXN000179,2026-03-02,15:40:25,Monday,CUST0006,Kemi Obi,2961112422,7715,Visa Credit,Stanbic IBTC,POS Purchase,73092.37,1483132.67,1410040.3,"ATM_EN_001 - Independence Layout, Enugu",Port Harcourt,high_spender,200000,500000,73092.37,Reversed,NORMAL,
TXN000080,2026-03-02,16:42:58,Monday,CUST0003,Nkechi Okonkwo,4806358178,4245,Mastercard Debit,GTBank,POS Purchase,30394.34,1137710.92,1107316.58,"ATM_LG_004 - Surulere, Lagos",Kano,high_spender,200000,500000,30394.34,Successful,NORMAL,
TXN000856,2026-03-02,17:03:32,Monday,CUST0031,Emeka Suleiman,9100912636,1290,Mastercard Debit,Fidelity Bank,ATM Withdrawal,9600.27,363639.75,354039.48,"ATM_IB_001 - Ring Road, Ibadan",Abuja,medium_spender,50000,150000,56089.43,Successful,NORMAL,
TXN002051,2026-03-02,18:02:40,Monday,CUST0075,Seun Nwosu,6803179670,4072,Visa Credit,GTBank,ATM Withdrawal,2317.1,78226.71,75909.61,"ATM_LG_002 - Victoria Island, Lagos",Kano,low_spender,10000,50000,2317.1,Successful,NORMAL,
TXN000791,2026-03-02,18:41:33,Monday,CUST0027,Nkechi Adeyemi,6382100233,6628,Visa Debit,First Bank,ATM Withdrawal,17206.7,108793.5,91586.8,"ATM_PH_001 - GRA Phase 2, Port Harcourt",Abuja,medium_spender,50000,150000,17206.7,Reversed,NORMAL,
TXN001610,2026-03-02,19:21:54,Monday,CUST0060,Dayo Obi,7463734803,6570,Visa Debit,GTBank,Online Transfer,8306.61,57733.25,57733.25,"ATM_LG_003 - Lekki Phase 1, Lagos",Lagos,low_spender,10000,50000,0,Successful,NORMAL,
TXN001762,2026-03-02,20:41:42,Monday,CUST0065,Chidi Salami,7949487287,9802,Visa Debit,GTBank,POS Purchase,49835.53,263832.97,213997.44,"ATM_LG_001 - Ikeja Branch, Lagos",Abuja,medium_spender,50000,150000,61092.01,Successful,NORMAL,
TXN000343,2026-03-02,20:45:23,Monday,CUST0011,Bola Afolabi,3656018830,9554,Visa Credit,GTBank,POS Purchase,29713.98,331640.48,301926.5,"ATM_LG_004 - Surulere, Lagos",Ibadan,medium_spender,50000,150000,29713.98,Successful,NORMAL,
TXN002175,2026-03-02,21:51:22,Monday,CUST0079,Fatima Okonkwo,1782327517,9193,Mastercard Debit,Access Bank,POS Purchase,17750.56,1227556.4,1209805.84,"ATM_LG_004 - Surulere, Lagos",Kano,high_spender,200000,500000,17750.56,Declined,NORMAL,
TXN000857,2026-03-02,22:46:26,Monday,CUST0031,Emeka Suleiman,9100912636,1290,Mastercard Debit,Fidelity Bank,Online Transfer,17897.39,270567.95,270567.95,"ATM_LG_001 - Ikeja Branch, Lagos",Abuja,medium_spender,50000,150000,56089.43,Successful,NORMAL,
TXN000050,2026-03-03,00:56:16,Tuesday,CUST0002,Efua Babatunde,9356327295,2359,Visa Credit,Zenith Bank,ATM Withdrawal,40525.37,430126.16,389600.79,"ATM_PH_001 - GRA Phase 2, Port Harcourt",Kaduna,medium_spender,50000,150000,40525.37,Successful,NORMAL,
TXN000614,2026-03-03,01:35:53,Tuesday,CUST0019,Tunde Eze,2754590960,5925,Verve,Zenith Bank,POS Purchase,409880.7,1531482.97,1121602.27,"ATM_LG_004 - Surulere, Lagos",Abuja,high_spender,200000,500000,543025.82,Reversed,SUSPICIOUS,Transaction at 01:35 — outside normal banking hours (midnight–4am)
TXN001290,2026-03-03,02:06:23,Tuesday,CUST0048,Yemi Lawal,0868927381,7500,Mastercard Debit,Fidelity Bank,POS Purchase,41917.86,227441.18,185523.32,"ATM_LG_001 - Ikeja Branch, Lagos",Abuja,medium_spender,50000,150000,41917.86,Successful,NORMAL,
TXN001408,2026-03-03,02:29:26,Tuesday,CUST0052,Sola Okafor,7066503218,8039,Mastercard Debit,GTBank,ATM Withdrawal,11321.58,8811.46,0,"ATM_LG_003 - Lekki Phase 1, Lagos",Port Harcourt,low_spender,10000,50000,11321.58,Successful,SUSPICIOUS,Transaction at 02:29 — outside normal banking hours (midnight–4am)
TXN001805,2026-03-03,02:54:11,Tuesday,CUST0066,Ola Afolabi,2938289640,5620,Visa Debit,Access Bank,ATM Withdrawal,44275.5,189558.18,145282.68,"ATM_LG_005 - Yaba, Lagos",Port Harcourt,medium_spender,50000,150000,77747.34,Successful,SUSPICIOUS,Transaction at 02:54 — outside normal banking hours (midnight–4am)
TXN001907,2026-03-03,03:40:00,Tuesday,CUST0071,Ngozi Usman,1234933970,6062,Verve,Stanbic IBTC,ATM Withdrawal,47306.81,299753.36,252446.55,"ATM_LG_002 - Victoria Island, Lagos",Lagos,medium_spender,50000,150000,47306.81,Successful,NORMAL,
TXN001377,2026-03-03,04:02:01,Tuesday,CUST0051,Aisha Suleiman,2787994879,8601,Visa Credit,GTBank,POS Purchase,21742.22,233798.4,212056.18,"ATM_AB_002 - Garki Area 11, Abuja",Abuja,medium_spender,50000,150000,21742.22,Successful,NORMAL,
TXN002138,2026-03-03,06:37:22,Tuesday,CUST0078,Uche Salami,0072246503,5411,Visa Credit,Access Bank,ATM Balance Enquiry,49377.02,403741.24,403741.24,"ATM_LG_005 - Yaba, Lagos",Port Harcourt,medium_spender,50000,150000,0,Successful,NORMAL,
TXN000418,2026-03-03,07:30:01,Tuesday,CUST0013,Zainab Musa,1662475227,7373,Verve,Zenith Bank,ATM Withdrawal,138663.02,676009.6,537346.58,"ATM_AB_002 - Garki Area 11, Abuja",Port Harcourt,high_spender,200000,500000,138663.02,Successful,NORMAL,
TXN000465,2026-03-03,07:31:34,Tuesday,CUST0015,Ola Adeleke,9840956422,1778,Mastercard Debit,UBA,ATM Withdrawal,5594.47,19750.32,14155.85,"ATM_LG_002 - Victoria Island, Lagos",Ibadan,low_spender,10000,50000,5594.47,Successful,NORMAL,
TXN001947,2026-03-03,07:51:58,Tuesday,CUST0072,Uche Lawal,3911628692,4429,Visa Debit,Access Bank,POS Purchase,159820.77,519445.79,359625.02,"ATM_LG_004 - Surulere, Lagos",Enugu,high_spender,200000,500000,159820.77,Declined,NORMAL,
TXN001291,2026-03-03,08:18:07,Tuesday,CUST0048,Yemi Lawal,0868927381,7500,Mastercard Debit,Fidelity Bank,POS Purchase,379267.19,458439.2,79172.01,"ATM_PH_001 - GRA Phase 2, Port Harcourt",Abuja,medium_spender,50000,150000,421185.05,Successful,SUSPICIOUS,"Amount ₦379,267.19 is 7.6x above customer's typical maximum of ₦50,000"
TXN001428,2026-03-03,08:20:32,Tuesday,CUST0053,Gbenga Okafor,0500303393,4495,Visa Credit,Zenith Bank,ATM Withdrawal,4546.65,19167.34,14620.69,"ATM_PH_001 - GRA Phase 2, Port Harcourt",Enugu,low_spender,10000,50000,4546.65,Successful,NORMAL,
TXN000613,2026-03-03,08:31:26,Tuesday,CUST0019,Tunde Eze,2754590960,5925,Verve,Zenith Bank,POS Purchase,133145.12,990424.66,857279.54,"ATM_LG_004 - Surulere, Lagos",Abuja,high_spender,200000,500000,133145.12,Successful,NORMAL,
TXN001804,2026-03-03,09:34:55,Tuesday,CUST0066,Ola Afolabi,2938289640,5620,Visa Debit,Access Bank,ATM Withdrawal,33471.84,119673.6,86201.76,"ATM_LG_005 - Yaba, Lagos",Port Harcourt,medium_spender,50000,150000,33471.84,Successful,NORMAL,
TXN001806,2026-03-03,12:21:43,Tuesday,CUST0066,Ola Afolabi,2938289640,5620,Visa Debit,Access Bank,ATM Withdrawal,43959.74,376569.06,332609.32,"ATM_LG_005 - Yaba, Lagos",Port Harcourt,medium_spender,50000,150000,121707.08,Successful,NORMAL,
TXN001133,2026-03-03,14:32:39,Tuesday,CUST0042,Kemi Okonkwo,5073717438,1620,Verve,UBA,Online Transfer,6375.16,115439.5,115439.5,"ATM_LG_003 - Lekki Phase 1, Lagos",Kano,medium_spender,50000,150000,0,Successful,NORMAL,
TXN000992,2026-03-03,16:48:57,Tuesday,CUST0037,Rotimi Babatunde,8953520583,4419,Visa Credit,GTBank,ATM Withdrawal,39497.86,276641.31,237143.45,"ATM_LG_005 - Yaba, Lagos",Enugu,medium_spender,50000,150000,39497.86,Successful,NORMAL,
TXN000235,2026-03-03,19:56:23,Tuesday,CUST0008,Tobi Ibrahim,1205673434,2732,Mastercard Debit,First Bank,ATM Withdrawal,8439.71,15466.04,7026.33,"ATM_LG_004 - Surulere, Lagos",Ibadan,low_spender,10000,50000,8439.71,Successful,NORMAL,
TXN001982,2026-03-03,20:42:46,Tuesday,CUST0073,Tobi Musa,2381163847,4263,Visa Credit,UBA,POS Purchase,28479.94,128120.68,99640.74,"ATM_LG_002 - Victoria Island, Lagos",Enugu,medium_spender,50000,150000,28479.94,Reversed,NORMAL,
TXN001216,2026-03-03,22:29:39,Tuesday,CUST0046,Tunde Babatunde,9470820432,1291,Verve,Zenith Bank,ATM Withdrawal,185202.39,820859.87,635657.48,"ATM_AB_003 - Maitama, Abuja [HOME STATE: Kaduna]",Kaduna,high_spender,200000,500000,185202.39,Successful,SUSPICIOUS,Card used at Enugu ATM but customer is based in Kaduna
TXN001983,2026-03-03,23:12:37,Tuesday,CUST0073,Tobi Musa,2381163847,4263,Visa Credit,UBA,POS Purchase,10736.35,478340.49,467604.14,"ATM_LG_002 - Victoria Island, Lagos",Enugu,medium_spender,50000,150000,39216.29,Successful,NORMAL,
TXN000386,2026-03-03,23:39:31,Tuesday,CUST0012,Uche Adeleke,7889943014,2238,Verve,Zenith Bank,POS Purchase,71167.6,1863576.0,1792408.4,"ATM_LG_002 - Victoria Island, Lagos",Ibadan,high_spender,200000,500000,71167.6,Reversed,NORMAL,
TXN000858,2026-03-04,00:32:58,Wednesday,CUST0031,Emeka Suleiman,9100912636,1290,Mastercard Debit,Fidelity Bank,ATM Mini Statement,216674.72,194331.36,194331.36,"ATM_PH_001 - GRA Phase 2, Port Harcourt",Abuja,medium_spender,50000,150000,0,Declined,SUSPICIOUS,"Amount ₦216,674.72 is 4.3x above customer's typical maximum of ₦50,000"
TXN001526,2026-03-04,01:00:11,Wednesday,CUST0056,Chibundo Musa,5954546293,6058,Visa Credit,Access Bank,ATM Withdrawal,6624.17,40477.24,33853.07,"ATM_LG_002 - Victoria Island, Lagos",Abuja,low_spender,10000,50000,6624.17,Successful,NORMAL,
TXN000813,2026-03-04,02:18:30,Wednesday,CUST0029,Nkechi Adeyemi,1449933778,1276,Visa Debit,Fidelity Bank,POS Purchase,24938.17,57071.16,32132.99,"ATM_LG_003 - Lekki Phase 1, Lagos",Lagos,low_spender,10000,50000,24938.17,Declined,SUSPICIOUS,Transaction at 02:18 — outside normal banking hours (midnight–4am)
TXN000792,2026-03-04,04:42:41,Wednesday,CUST0027,Nkechi Adeyemi,6382100233,6628,Visa Debit,First Bank,POS Purchase,3619.93,389986.51,386366.58,"ATM_LG_004 - Surulere, Lagos",Abuja,medium_spender,50000,150000,3619.93,Successful,NORMAL,
TXN000692,2026-03-04,06:32:15,Wednesday,CUST0022,Ola Okonkwo,2404296200,9240,Mastercard Debit,Zenith Bank,POS Purchase,8589.77,5248.45,0,"ATM_LG_002 - Victoria Island, Lagos",Kaduna,low_spender,10000,50000,8589.77,Successful,NORMAL,
TXN001527,2026-03-04,06:56:03,Wednesday,CUST0056,Chibundo Musa,5954546293,6058,Visa Credit,Access Bank,ATM Balance Enquiry,2942.27,69195.69,69195.69,ATM_KN_001 - Kano City Centre,Abuja,low_spender,10000,50000,6624.17,Successful,NORMAL,
TXN000387,2026-03-04,07:31:22,Wednesday,CUST0012,Uche Adeleke,7889943014,2238,Verve,Zenith Bank,ATM Withdrawal,45229.38,706842.81,661613.43,"ATM_LG_002 - Victoria Island, Lagos",Ibadan,high_spender,200000,500000,45229.38,Successful,NORMAL,
TXN000081,2026-03-04,07:52:43,Wednesday,CUST0003,Nkechi Okonkwo,4806358178,4245,Mastercard Debit,GTBank,ATM Withdrawal,195412.23,476075.07,280662.84,"ATM_LG_004 - Surulere, Lagos",Kano,high_spender,200000,500000,195412.23,Successful,NORMAL,
TXN000761,2026-03-04,09:08:32,Wednesday,CUST0025,Amaka Adeyemi,3100605304,4032,Verve,GTBank,ATM Mini Statement,8731.7,82189.62,82189.62,"ATM_LG_005 - Yaba, Lagos",Enugu,low_spender,10000,50000,0,Successful,NORMAL,
TXN000236,2026-03-04,10:30:23,Wednesday,CUST0008,Tobi Ibrahim,1205673434,2732,Mastercard Debit,First Bank,Online Transfer,31748.97,39502.26,39502.26,"ATM_LG_004 - Surulere, Lagos",Ibadan,low_spender,10000,50000,0,Successful,SUSPICIOUS,"High-value transaction ₦31,748.97 flagged for velocity check"
TXN001763,2026-03-04,11:40:40,Wednesday,CUST0065,Chidi Salami,7949487287,9802,Visa Debit,GTBank,POS Purchase,46719.76,335274.88,288555.12,"ATM_LG_001 - Ikeja Branch, Lagos",Abuja,medium_spender,50000,150000,46719.76,Successful,NORMAL,
TXN001378,2026-03-04,15:45:01,Wednesday,CUST0051,Aisha Suleiman,2787994879,8601,Visa Credit,GTBank,ATM Withdrawal,10527.55,88789.22,78261.67,"ATM_LG_005 - Yaba, Lagos",Abuja,medium_spender,50000,150000,10527.55,Successful,NORMAL,
TXN002223,2026-03-04,19:37:26,Wednesday,CUST0080,Ola Okonkwo,3342204457,4255,Visa Debit,UBA,Online Transfer,31850.97,96945.8,96945.8,"ATM_PH_002 - Trans-Amadi, Port Harcourt",Benin City,medium_spender,50000,150000,0,Declined,NORMAL,
TXN000020,2026-03-04,20:07:38,Wednesday,CUST0001,Gbenga Musa,6639233214,7276,Visa Credit,GTBank,ATM Withdrawal,2262.53,11153.42,8890.89,"ATM_LG_001 - Ikeja Branch, Lagos",Kaduna,low_spender,10000,50000,2262.53,Successful,NORMAL,
TXN000703,2026-03-04,20:53:35,Wednesday,CUST0023,Zainab Okeke,7915823973,2645,Mastercard Debit,First Bank,ATM Withdrawal,5335.64,6437.43,1101.79,ATM_KN_001 - Kano City Centre,Port Harcourt,low_spender,10000,50000,5335.64,Successful,NORMAL,
TXN001458,2026-03-04,21:30:51,Wednesday,CUST0054,Jide Chukwu,5340712903,7552,Verve,GTBank,POS Purchase,42264.83,55528.77,13263.94,"ATM_LG_003 - Lekki Phase 1, Lagos",Benin City,medium_spender,50000,150000,42264.83,Successful,NORMAL,
TXN000993,2026-03-04,21:33:57,Wednesday,CUST0037,Rotimi Babatunde,8953520583,4419,Visa Credit,GTBank,ATM Withdrawal,26480.12,175057.24,148577.12,"ATM_LG_005 - Yaba, Lagos",Enugu,medium_spender,50000,150000,26480.12,Successful,NORMAL,
TXN001043,2026-03-04,22:45:45,Wednesday,CUST0039,Tunde Nwosu,8518405632,1659,Visa Credit,Zenith Bank,ATM Withdrawal,46732.77,43732.25,0,"ATM_LG_003 - Lekki Phase 1, Lagos",Kaduna,medium_spender,50000,150000,46732.77,Successful,NORMAL,
TXN000180,2026-03-04,23:10:46,Wednesday,CUST0006,Kemi Obi,2961112422,7715,Visa Credit,Stanbic IBTC,ATM Withdrawal,174554.57,1826917.98,1652363.41,"ATM_LG_003 - Lekki Phase 1, Lagos",Port Harcourt,high_spender,200000,500000,174554.57,Successful,NORMAL,
TXN000733,2026-03-04,23:13:15,Wednesday,CUST0024,Ola Babatunde,4288813383,7897,Verve,Zenith Bank,ATM Mini Statement,301243.96,176037.6,176037.6,"ATM_AB_003 - Maitama, Abuja",Enugu,medium_spender,50000,150000,0,Declined,SUSPICIOUS,"Amount ₦301,243.96 is 6.0x above customer's typical maximum of ₦50,000"
TXN001217,2026-03-05,00:28:16,Thursday,CUST0046,Tunde Babatunde,9470820432,1291,Verve,Zenith Bank,ATM Withdrawal,404047.49,611611.9,207564.41,"ATM_LG_004 - Surulere, Lagos",Kaduna,high_spender,200000,500000,404047.49,Successful,SUSPICIOUS,"High-value transaction ₦404,047.49 flagged for velocity check"
TXN000576,2026-03-05,00:56:56,Thursday,CUST0018,Jide Suleiman,6342127803,7174,Visa Credit,Fidelity Bank,POS Purchase,3934.14,271328.6,267394.46,"ATM_LG_002 - Victoria Island, Lagos",Abuja,medium_spender,50000,150000,3934.14,Successful,NORMAL,
TXN000181,2026-03-05,01:38:47,Thursday,CUST0006,Kemi Obi,2961112422,7715,Visa Credit,Stanbic IBTC,ATM Balance Enquiry,131156.84,1041401.58,1041401.58,"ATM_LG_003 - Lekki Phase 1, Lagos",Port Harcourt,high_spender,200000,500000,0,Successful,NORMAL,
TXN000859,2026-03-05,02:31:22,Thursday,CUST0031,Emeka Suleiman,9100912636,1290,Mastercard Debit,Fidelity Bank,ATM Withdrawal,17151.95,408361.07,391209.12,"ATM_IB_001 - Ring Road, Ibadan",Abuja,medium_spender,50000,150000,17151.95,Successful,NORMAL,
TXN001088,2026-03-05,03:38:15,Thursday,CUST0040,Uche Bello,1352141056,6134,Verve,Zenith Bank,ATM Balance Enquiry,34459.67,223162.95,223162.95,"ATM_LG_002 - Victoria Island, Lagos",Kaduna,medium_spender,50000,150000,0,Successful,NORMAL,
TXN001563,2026-03-05,04:21:42,Thursday,CUST0057,Tunde Okafor,1565330284,7497,Mastercard Debit,First Bank,ATM Mini Statement,132932.8,491421.49,491421.49,"ATM_LG_004 - Surulere, Lagos",Ibadan,high_spender,200000,500000,0,Successful,NORMAL,
TXN001948,2026-03-05,04:44:11,Thursday,CUST0072,Uche Lawal,3911628692,4429,Visa Debit,Access Bank,POS Purchase,164253.97,1110066.4,945812.43,"ATM_LG_004 - Surulere, Lagos",Enugu,high_spender,200000,500000,164253.97,Successful,NORMAL,
TXN000616,2026-03-05,04:56:06,Thursday,CUST0019,Tunde Eze,2754590960,5925,Verve,Zenith Bank,POS Purchase,329416.66,405633.74,76217.08,"ATM_LG_002 - Victoria Island, Lagos",Abuja,high_spender,200000,500000,329416.66,Successful,SUSPICIOUS,Transaction at 04:56 — outside normal banking hours (midnight–4am)
TXN002020,2026-03-05,05:30:10,Thursday,CUST0074,Adebayo Okeke,7232677456,6745,Visa Credit,UBA,ATM Withdrawal,25127.04,49015.43,23888.39,"ATM_LG_003 - Lekki Phase 1, Lagos",Lagos,medium_spender,50000,150000,25127.04,Successful,NORMAL,
TXN000885,2026-03-05,06:22:27,Thursday,CUST0032,Ola Suleiman,6422426142,7858,Verve,Zenith Bank,Online Transfer,2378.39,36880.7,36880.7,"ATM_LG_003 - Lekki Phase 1, Lagos",Kano,low_spender,10000,50000,0,Successful,NORMAL,
TXN001379,2026-03-05,06:45:44,Thursday,CUST0051,Aisha Suleiman,2787994879,8601,Visa Credit,GTBank,POS Purchase,38443.25,82127.52,43684.27,"ATM_LG_003 - Lekki Phase 1, Lagos",Abuja,medium_spender,50000,150000,38443.25,Successful,NORMAL,
TXN002099,2026-03-05,07:03:01,Thursday,CUST0077,Chibundo Adeola,1374759620,2208,Verve,UBA,ATM Withdrawal,8850.62,383849.91,374999.29,"ATM_LG_001 - Ikeja Branch, Lagos",Ibadan,medium_spender,50000,150000,8850.62,Successful,NORMAL,
TXN001292,2026-03-05,09:03:01,Thursday,CUST0048,Yemi Lawal,0868927381,7500,Mastercard Debit,Fidelity Bank,POS Purchase,6642.11,411223.96,404581.85,"ATM_LG_005 - Yaba, Lagos",Abuja,medium_spender,50000,150000,6642.11,Successful,NORMAL,
TXN001908,2026-03-05,10:44:40,Thursday,CUST0071,Ngozi Usman,1234933970,6062,Verve,Stanbic IBTC,ATM Withdrawal,30045.28,432225.81,402180.53,"ATM_LG_002 - Victoria Island, Lagos",Lagos,medium_spender,50000,150000,30045.28,Successful,NORMAL,
TXN002069,2026-03-05,11:13:02,Thursday,CUST0076,Nneka Eze,5651997036,7616,Verve,GTBank,ATM Balance Enquiry,5221.82,39615.68,39615.68,"ATM_LG_003 - Lekki Phase 1, Lagos",Ibadan,low_spender,10000,50000,0,Successful,NORMAL,
TXN002070,2026-03-05,11:46:28,Thursday,CUST0076,Nneka Eze,5651997036,7616,Verve,GTBank,ATM Balance Enquiry,2069.19,70175.86,70175.86,"ATM_LG_003 - Lekki Phase 1, Lagos",Ibadan,low_spender,10000,50000,0,Successful,NORMAL,
TXN001721,2026-03-05,12:19:21,Thursday,CUST0064,Ngozi Babatunde,1232261941,4967,Visa Debit,Fidelity Bank,Online Transfer,20579.81,128551.36,128551.36,"ATM_LG_002 - Victoria Island, Lagos",Benin City,medium_spender,50000,150000,0,Successful,NORMAL,
TXN000886,2026-03-05,13:27:07,Thursday,CUST0032,Ola Suleiman,6422426142,7858,Verve,Zenith Bank,ATM Withdrawal,9753.9,46276.66,36522.76,"ATM_LG_003 - Lekki Phase 1, Lagos",Kano,low_spender,10000,50000,9753.9,Successful,NORMAL,
TXN002139,2026-03-05,14:46:22,Thursday,CUST0078,Uche Salami,0072246503,5411,Visa Credit,Access Bank,ATM Balance Enquiry,22870.56,381801.4,381801.4,"ATM_LG_005 - Yaba, Lagos",Port Harcourt,medium_spender,50000,150000,0,Declined,NORMAL,
TXN000615,2026-03-05,14:49:43,Thursday,CUST0019,Tunde Eze,2754590960,5925,Verve,Zenith Bank,ATM Balance Enquiry,61476.9,425812.19,425812.19,"ATM_LG_002 - Victoria Island, Lagos",Abuja,high_spender,200000,500000,0,Successful,NORMAL,
TXN001688,2026-03-05,16:26:06,Thursday,CUST0063,Amaka Musa,0330885397,2813,Visa Debit,Access Bank,ATM Withdrawal,37133.57,286252.09,249118.52,"ATM_LG_004 - Surulere, Lagos",Kano,medium_spender,50000,150000,37133.57,Successful,NORMAL,
TXN002176,2026-03-05,16:38:45,Thursday,CUST0079,Fatima Okonkwo,1782327517,9193,Mastercard Debit,Access Bank,ATM Mini Statement,28584.32,248289.61,248289.61,"ATM_EN_001 - Independence Layout, Enugu",Kano,high_spender,200000,500000,0,Successful,NORMAL,
TXN001218,2026-03-05,17:27:09,Thursday,CUST0046,Tunde Babatunde,9470820432,1291,Verve,Zenith Bank,Online Transfer,126281.48,306520.72,306520.72,"ATM_LG_003 - Lekki Phase 1, Lagos",Kaduna,high_spender,200000,500000,404047.49,Declined,NORMAL,
TXN001499,2026-03-05,21:31:44,Thursday,CUST0055,Fatima Okafor,4770704891,6439,Visa Debit,GTBank,Online Transfer,159088.35,558426.11,558426.11,"ATM_LG_003 - Lekki Phase 1, Lagos",Enugu,high_spender,200000,500000,0,Reversed,NORMAL,
TXN000617,2026-03-05,22:03:34,Thursday,CUST0019,Tunde Eze,2754590960,5925,Verve,Zenith Bank,ATM Mini Statement,81511.95,1647802.23,1647802.23,"ATM_LG_004 - Surulere, Lagos",Abuja,high_spender,200000,500000,329416.66,Successful,NORMAL,
TXN001341,2026-03-05,22:17:09,Thursday,CUST0050,Nkechi Eze,5802869654,3762,Mastercard Debit,First Bank,ATM Withdrawal,18372.49,39973.15,21600.66,"ATM_LG_004 - Surulere, Lagos",Benin City,medium_spender,50000,150000,18372.49,Successful,NORMAL,
TXN002021,2026-03-06,00:57:52,Friday,CUST0074,Adebayo Okeke,7232677456,6745,Visa Credit,UBA,ATM Withdrawal,31143.49,216189.88,185046.39,"ATM_LG_004 - Surulere, Lagos",Lagos,medium_spender,50000,150000,31143.49,Successful,NORMAL,
TXN001653,2026-03-06,01:34:12,Friday,CUST0062,Jide Nwosu,7690627387,6253,Verve,Fidelity Bank,ATM Withdrawal,1614.59,91022.76,89408.17,"ATM_LG_004 - Surulere, Lagos",Ibadan,low_spender,10000,50000,1614.59,Successful,NORMAL,
TXN000082,2026-03-06,01:51:54,Friday,CUST0003,Nkechi Okonkwo,4806358178,4245,Mastercard Debit,GTBank,Online Transfer,622403.55,881471.26,881471.26,"ATM_LG_004 - Surulere, Lagos",Kano,high_spender,200000,500000,0,Successful,SUSPICIOUS,"Amount ₦622,403.55 is 3.1x above customer's typical maximum of ₦200,000"
TXN001500,2026-03-06,02:14:35,Friday,CUST0055,Fatima Okafor,4770704891,6439,Visa Debit,GTBank,ATM Withdrawal,170845.39,1068693.56,897848.17,"ATM_LG_004 - Surulere, Lagos",Enugu,high_spender,200000,500000,170845.39,Successful,NORMAL,
TXN000887,2026-03-06,03:04:32,Friday,CUST0032,Ola Suleiman,6422426142,7858,Verve,Zenith Bank,ATM Withdrawal,4370.41,35035.17,30664.76,"ATM_LG_003 - Lekki Phase 1, Lagos",Kano,low_spender,10000,50000,4370.41,Successful,NORMAL,
TXN000814,2026-03-06,04:17:46,Friday,CUST0029,Nkechi Adeyemi,1449933778,1276,Visa Debit,Fidelity Bank,ATM Balance Enquiry,43958.84,97139.64,97139.64,"ATM_LG_003 - Lekki Phase 1, Lagos",Lagos,low_spender,10000,50000,0,Successful,SUSPICIOUS,"Amount ₦43,958.84 is 4.4x above customer's typical maximum of ₦10,000"
TXN001828,2026-03-06,04:37:16,Friday,CUST0067,Taiwo Bello,4522759725,7104,Verve,GTBank,ATM Withdrawal,7506.96,74241.86,66734.9,"ATM_LG_004 - Surulere, Lagos",Abuja,low_spender,10000,50000,7506.96,Successful,NORMAL,
TXN002177,2026-03-06,04:49:03,Friday,CUST0079,Fatima Okonkwo,1782327517,9193,Mastercard Debit,Access Bank,POS Purchase,102031.63,651692.82,549661.19,"ATM_PH_001 - GRA Phase 2, Port Harcourt [HOME STATE: Kano]",Kano,high_spender,200000,500000,102031.63,Successful,SUSPICIOUS,Card used at Lagos ATM but customer is based in Kano
TXN000344,2026-03-06,06:14:39,Friday,CUST0011,Bola Afolabi,3656018830,9554,Visa Credit,GTBank,ATM Withdrawal,22067.43,266327.31,244259.88,"ATM_LG_004 - Surulere, Lagos",Ibadan,medium_spender,50000,150000,22067.43,Successful,NORMAL,
TXN000659,2026-03-06,07:26:43,Friday,CUST0020,Chibundo Adeyemi,6105295550,7171,Mastercard Debit,Fidelity Bank,ATM Withdrawal,43046.28,392336.38,349290.1,"ATM_LG_003 - Lekki Phase 1, Lagos",Lagos,medium_spender,50000,150000,43046.28,Successful,NORMAL,
TXN001654,2026-03-06,10:21:03,Friday,CUST0062,Jide Nwosu,7690627387,6253,Verve,Fidelity Bank,POS Purchase,8725.27,13049.67,4324.4,"ATM_LG_002 - Victoria Island, Lagos",Ibadan,low_spender,10000,50000,10339.86,Successful,NORMAL,
TXN001409,2026-03-06,10:27:59,Friday,CUST0052,Sola Okafor,7066503218,8039,Mastercard Debit,GTBank,POS Purchase,4447.99,98961.8,94513.81,"ATM_LG_003 - Lekki Phase 1, Lagos",Port Harcourt,low_spender,10000,50000,4447.99,Successful,NORMAL,
TXN001044,2026-03-06,10:29:56,Friday,CUST0039,Tunde Nwosu,8518405632,1659,Visa Credit,Zenith Bank,ATM Balance Enquiry,3020.15,475374.69,475374.69,ATM_KN_001 - Kano City Centre,Kaduna,medium_spender,50000,150000,0,Reversed,NORMAL,
TXN001089,2026-03-06,12:34:02,Friday,CUST0040,Uche Bello,1352141056,6134,Verve,Zenith Bank,ATM Withdrawal,29353.74,277629.12,248275.38,"ATM_LG_002 - Victoria Island, Lagos",Kaduna,medium_spender,50000,150000,29353.74,Declined,NORMAL,
TXN000734,2026-03-06,12:55:41,Friday,CUST0024,Ola Babatunde,4288813383,7897,Verve,Zenith Bank,POS Purchase,8411.71,304631.62,296219.91,"ATM_LG_004 - Surulere, Lagos",Enugu,medium_spender,50000,150000,8411.71,Successful,NORMAL,
TXN002140,2026-03-06,13:22:27,Friday,CUST0078,Uche Salami,0072246503,5411,Visa Credit,Access Bank,ATM Balance Enquiry,224210.1,59900.0,59900.0,"ATM_LG_001 - Ikeja Branch, Lagos",Port Harcourt,medium_spender,50000,150000,0,Declined,SUSPICIOUS,"Amount ₦224,210.10 is 4.5x above customer's typical maximum of ₦50,000"
TXN001949,2026-03-06,14:17:00,Friday,CUST0072,Uche Lawal,3911628692,4429,Visa Debit,Access Bank,POS Purchase,106468.46,1423807.36,1317338.9,"ATM_LG_004 - Surulere, Lagos",Enugu,high_spender,200000,500000,106468.46,Successful,NORMAL,
TXN001045,2026-03-06,14:23:21,Friday,CUST0039,Tunde Nwosu,8518405632,1659,Visa Credit,Zenith Bank,Online Transfer,36079.22,214261.82,214261.82,"ATM_LG_003 - Lekki Phase 1, Lagos",Kaduna,medium_spender,50000,150000,0,Successful,NORMAL,
TXN000503,2026-03-06,14:52:04,Friday,CUST0016,Adebayo Musa,7063317244,6982,Mastercard Debit,Fidelity Bank,ATM Withdrawal,54049.48,1729004.77,1674955.29,"ATM_LG_005 - Yaba, Lagos",Enugu,high_spender,200000,500000,54049.48,Successful,NORMAL,
TXN002052,2026-03-06,16:03:51,Friday,CUST0075,Seun Nwosu,6803179670,4072,Visa Credit,GTBank,Online Transfer,7244.87,61774.02,61774.02,"ATM_LG_002 - Victoria Island, Lagos",Kano,low_spender,10000,50000,0,Successful,NORMAL,
TXN000540,2026-03-06,18:17:19,Friday,CUST0017,Chidi Bello,1122281086,3728,Mastercard Debit,Zenith Bank,Online Transfer,33605.07,149232.03,149232.03,"ATM_LG_003 - Lekki Phase 1, Lagos",Lagos,medium_spender,50000,150000,0,Successful,NORMAL,
TXN001950,2026-03-06,19:27:09,Friday,CUST0072,Uche Lawal,3911628692,4429,Visa Debit,Access Bank,ATM Withdrawal,964023.35,895677.17,0,"ATM_AB_003 - Maitama, Abuja",Enugu,high_spender,200000,500000,1070491.81,Successful,SUSPICIOUS,"Amount ₦964,023.35 is 4.8x above customer's typical maximum of ₦200,000"
TXN000735,2026-03-06,21:02:08,Friday,CUST0024,Ola Babatunde,4288813383,7897,Verve,Zenith Bank,ATM Withdrawal,47605.37,315868.6,268263.23,"ATM_LG_004 - Surulere, Lagos",Enugu,medium_spender,50000,150000,56017.08,Successful,NORMAL,
TXN001170,2026-03-06,21:26:26,Friday,CUST0044,Uche Usman,2874900400,5082,Visa Credit,Stanbic IBTC,ATM Withdrawal,48679.74,101541.16,52861.42,"ATM_LG_003 - Lekki Phase 1, Lagos",Kano,medium_spender,50000,150000,48679.74,Successful,NORMAL,
TXN001829,2026-03-06,23:13:49,Friday,CUST0067,Taiwo Bello,4522759725,7104,Verve,GTBank,ATM Mini Statement,5237.91,12457.78,12457.78,"ATM_AB_002 - Garki Area 11, Abuja",Abuja,low_spender,10000,50000,7506.96,Successful,NORMAL,
TXN001171,2026-03-07,00:26:43,Saturday,CUST0044,Uche Usman,2874900400,5082,Visa Credit,Stanbic IBTC,ATM Balance Enquiry,4073.72,379046.27,379046.27,"ATM_LG_003 - Lekki Phase 1, Lagos",Kano,medium_spender,50000,150000,0,Declined,NORMAL,
TXN000762,2026-03-07,00:46:30,Saturday,CUST0025,Amaka Adeyemi,3100605304,4032,Verve,GTBank,Online Transfer,5178.61,81792.53,81792.53,"ATM_LG_001 - Ikeja Branch, Lagos",Enugu,low_spender,10000,50000,0,Successful,NORMAL,
TXN000693,2026-03-07,01:17:26,Saturday,CUST0022,Ola Okonkwo,2404296200,9240,Mastercard Debit,Zenith Bank,POS Purchase,1616.52,84581.91,82965.39,"ATM_LG_002 - Victoria Island, Lagos",Kaduna,low_spender,10000,50000,1616.52,Successful,NORMAL,
TXN001765,2026-03-07,04:23:58,Saturday,CUST0065,Chidi Salami,7949487287,9802,Visa Debit,GTBank,ATM Balance Enquiry,103516.04,381609.05,381609.05,"ATM_LG_001 - Ikeja Branch, Lagos",Abuja,medium_spender,50000,150000,33392.99,Declined,SUSPICIOUS,Transaction at 04:23 — outside normal banking hours (midnight–4am)
TXN000763,2026-03-07,05:44:43,Saturday,CUST0025,Amaka Adeyemi,3100605304,4032,Verve,GTBank,ATM Withdrawal,9605.99,13741.44,4135.45,"ATM_LG_001 - Ikeja Branch, Lagos",Enugu,low_spender,10000,50000,9605.99,Successful,NORMAL,
TXN001909,2026-03-07,06:03:07,Saturday,CUST0071,Ngozi Usman,1234933970,6062,Verve,Stanbic IBTC,POS Purchase,32479.96,488340.22,455860.26,"ATM_LG_002 - Victoria Island, Lagos",Lagos,medium_spender,50000,150000,32479.96,Successful,NORMAL,
TXN001984,2026-03-07,07:14:51,Saturday,CUST0073,Tobi Musa,2381163847,4263,Visa Credit,UBA,ATM Mini Statement,43199.06,471148.72,471148.72,"ATM_LG_002 - Victoria Island, Lagos",Enugu,medium_spender,50000,150000,0,Successful,NORMAL,
TXN001172,2026-03-07,08:45:49,Saturday,CUST0044,Uche Usman,2874900400,5082,Visa Credit,Stanbic IBTC,ATM Withdrawal,18898.81,46061.21,27162.4,"ATM_LG_003 - Lekki Phase 1, Lagos",Kano,medium_spender,50000,150000,18898.81,Successful,NORMAL,
TXN001046,2026-03-07,09:15:51,Saturday,CUST0039,Tunde Nwosu,8518405632,1659,Visa Credit,Zenith Bank,Online Transfer,25112.23,390968.86,390968.86,"ATM_LG_003 - Lekki Phase 1, Lagos",Kaduna,medium_spender,50000,150000,0,Successful,NORMAL,
TXN001764,2026-03-07,14:31:34,Saturday,CUST0065,Chidi Salami,7949487287,9802,Visa Debit,GTBank,POS Purchase,33392.99,375687.22,342294.23,"ATM_LG_001 - Ikeja Branch, Lagos",Abuja,medium_spender,50000,150000,33392.99,Successful,NORMAL,
TXN000148,2026-03-07,14:59:57,Saturday,CUST0005,Chibundo Eze,5286303748,7620,Visa Credit,Access Bank,ATM Balance Enquiry,7962.67,55839.8,55839.8,"ATM_LG_005 - Yaba, Lagos",Kano,low_spender,10000,50000,0,Successful,NORMAL,
TXN000345,2026-03-07,17:51:05,Saturday,CUST0011,Bola Afolabi,3656018830,9554,Visa Credit,GTBank,POS Purchase,8362.96,217532.48,209169.52,"ATM_LG_004 - Surulere, Lagos",Ibadan,medium_spender,50000,150000,8362.96,Successful,NORMAL,
TXN001655,2026-03-07,20:48:04,Saturday,CUST0062,Jide Nwosu,7690627387,6253,Verve,Fidelity Bank,ATM Withdrawal,8919.06,50259.37,41340.31,"ATM_IB_001 - Ring Road, Ibadan",Ibadan,low_spender,10000,50000,8919.06,Successful,NORMAL,
TXN000541,2026-03-07,23:02:48,Saturday,CUST0017,Chidi Bello,1122281086,3728,Mastercard Debit,Zenith Bank,POS Purchase,30165.3,477916.92,447751.62,"ATM_LG_003 - Lekki Phase 1, Lagos",Lagos,medium_spender,50000,150000,30165.3,Successful,NORMAL,
TXN000051,2026-03-07,23:17:55,Saturday,CUST0002,Efua Babatunde,9356327295,2359,Visa Credit,Zenith Bank,POS Purchase,25119.57,232841.68,207722.11,"ATM_LG_001 - Ikeja Branch, Lagos",Kaduna,medium_spender,50000,150000,25119.57,Declined,NORMAL,
TXN001342,2026-03-07,23:23:37,Saturday,CUST0050,Nkechi Eze,5802869654,3762,Mastercard Debit,First Bank,Online Transfer,35706.64,447238.89,447238.89,"ATM_LG_004 - Surulere, Lagos",Benin City,medium_spender,50000,150000,0,Successful,NORMAL,
TXN001459,2026-03-08,00:18:06,Sunday,CUST0054,Jide Chukwu,5340712903,7552,Verve,GTBank,POS Purchase,24789.32,329429.86,304640.54,"ATM_LG_003 - Lekki Phase 1, Lagos",Benin City,medium_spender,50000,150000,24789.32,Successful,NORMAL,
TXN001293,2026-03-08,01:31:21,Sunday,CUST0048,Yemi Lawal,0868927381,7500,Mastercard Debit,Fidelity Bank,ATM Withdrawal,34057.54,294051.25,259993.71,"ATM_AB_002 - Garki Area 11, Abuja",Abuja,medium_spender,50000,150000,34057.54,Successful,NORMAL,
TXN001113,2026-03-08,02:22:23,Sunday,CUST0041,Gbenga Musa,2240888423,7738,Visa Credit,Fidelity Bank,ATM Balance Enquiry,1273.46,73439.24,73439.24,"ATM_LG_001 - Ikeja Branch, Lagos",Kaduna,low_spender,10000,50000,0,Successful,NORMAL,
TXN001090,2026-03-08,02:41:40,Sunday,CUST0040,Uche Bello,1352141056,6134,Verve,Zenith Bank,POS Purchase,32901.91,153594.76,120692.85,"ATM_LG_002 - Victoria Island, Lagos",Kaduna,medium_spender,50000,150000,32901.91,Successful,NORMAL,
TXN001722,2026-03-08,02:50:10,Sunday,CUST0064,Ngozi Babatunde,1232261941,4967,Visa Debit,Fidelity Bank,ATM Withdrawal,18649.17,130380.55,111731.38,"ATM_LG_005 - Yaba, Lagos",Benin City,medium_spender,50000,150000,18649.17,Successful,NORMAL,
TXN001766,2026-03-08,04:37:26,Sunday,CUST0065,Chidi Salami,7949487287,9802,Visa Debit,GTBank,Online Transfer,8910.35,425880.43,425880.43,"ATM_AB_002 - Garki Area 11, Abuja [HOME STATE: Abuja]",Abuja,medium_spender,50000,150000,0,Declined,SUSPICIOUS,Card used at Benin City ATM but customer is based in Abuja
TXN001656,2026-03-08,04:44:38,Sunday,CUST0062,Jide Nwosu,7690627387,6253,Verve,Fidelity Bank,ATM Balance Enquiry,9615.86,79609.87,79609.87,"ATM_AB_002 - Garki Area 11, Abuja",Ibadan,low_spender,10000,50000,0,Successful,NORMAL,
TXN000832,2026-03-08,04:49:28,Sunday,CUST0030,Aisha Obi,7765839814,7526,Visa Credit,Fidelity Bank,POS Purchase,58651.22,75785.43,17134.21,"ATM_LG_003 - Lekki Phase 1, Lagos",Benin City,low_spender,10000,50000,58651.22,Declined,SUSPICIOUS,"Amount ₦58,651.22 is 5.9x above customer's typical maximum of ₦10,000"
TXN001460,2026-03-08,05:16:28,Sunday,CUST0054,Jide Chukwu,5340712903,7552,Verve,GTBank,Online Transfer,6011.8,492160.18,492160.18,"ATM_LG_003 - Lekki Phase 1, Lagos",Benin City,medium_spender,50000,150000,24789.32,Successful,NORMAL,
TXN001807,2026-03-08,06:45:50,Sunday,CUST0066,Ola Afolabi,2938289640,5620,Visa Debit,Access Bank,ATM Withdrawal,5793.43,233552.84,227759.41,ATM_KN_001 - Kano City Centre,Port Harcourt,medium_spender,50000,150000,5793.43,Declined,NORMAL,
TXN001951,2026-03-08,06:51:52,Sunday,CUST0072,Uche Lawal,3911628692,4429,Visa Debit,Access Bank,Online Transfer,135539.08,1878337.37,1878337.37,"ATM_AB_002 - Garki Area 11, Abuja",Enugu,high_spender,200000,500000,0,Successful,NORMAL,
TXN001134,2026-03-08,06:57:48,Sunday,CUST0042,Kemi Okonkwo,5073717438,1620,Verve,UBA,Online Transfer,47338.55,394422.17,394422.17,"ATM_LG_003 - Lekki Phase 1, Lagos",Kano,medium_spender,50000,150000,0,Successful,NORMAL,
TXN002141,2026-03-08,07:14:21,Sunday,CUST0078,Uche Salami,0072246503,5411,Visa Credit,Access Bank,ATM Withdrawal,16782.33,314761.22,297978.89,"ATM_LG_005 - Yaba, Lagos",Port Harcourt,medium_spender,50000,150000,16782.33,Successful,NORMAL,
TXN001723,2026-03-08,07:25:23,Sunday,CUST0064,Ngozi Babatunde,1232261941,4967,Visa Debit,Fidelity Bank,POS Purchase,9246.93,245094.81,235847.88,"ATM_LG_005 - Yaba, Lagos",Benin City,medium_spender,50000,150000,27896.1,Successful,NORMAL,
TXN001016,2026-03-08,07:46:24,Sunday,CUST0038,Zainab Adeleke,2884009952,3102,Verve,Stanbic IBTC,ATM Withdrawal,1185.29,92434.51,91249.22,"ATM_LG_003 - Lekki Phase 1, Lagos",Enugu,low_spender,10000,50000,1185.29,Successful,NORMAL,
TXN000346,2026-03-08,09:18:44,Sunday,CUST0011,Bola Afolabi,3656018830,9554,Visa Credit,GTBank,POS Purchase,39027.38,133082.83,94055.45,"ATM_LG_004 - Surulere, Lagos",Ibadan,medium_spender,50000,150000,39027.38,Successful,NORMAL,
TXN000149,2026-03-08,09:43:36,Sunday,CUST0005,Chibundo Eze,5286303748,7620,Visa Credit,Access Bank,Online Transfer,2577.11,46108.06,46108.06,"ATM_LG_005 - Yaba, Lagos",Kano,low_spender,10000,50000,0,Successful,NORMAL,
TXN000419,2026-03-08,10:35:15,Sunday,CUST0013,Zainab Musa,1662475227,7373,Verve,Zenith Bank,ATM Withdrawal,112126.75,1567496.48,1455369.73,"ATM_LG_003 - Lekki Phase 1, Lagos",Port Harcourt,high_spender,200000,500000,112126.75,Successful,NORMAL,
TXN001910,2026-03-08,10:51:25,Sunday,CUST0071,Ngozi Usman,1234933970,6062,Verve,Stanbic IBTC,POS Purchase,27235.53,328053.59,300818.06,"ATM_LG_004 - Surulere, Lagos",Lagos,medium_spender,50000,150000,27235.53,Declined,NORMAL,
TXN000347,2026-03-08,11:05:16,Sunday,CUST0011,Bola Afolabi,3656018830,9554,Visa Credit,GTBank,ATM Withdrawal,45543.3,319825.9,274282.6,"ATM_LG_004 - Surulere, Lagos",Ibadan,medium_spender,50000,150000,84570.68,Successful,NORMAL,
TXN001501,2026-03-08,11:23:56,Sunday,CUST0055,Fatima Okafor,4770704891,6439,Visa Debit,GTBank,Online Transfer,161074.46,1761272.86,1761272.86,"ATM_LG_003 - Lekki Phase 1, Lagos",Enugu,high_spender,200000,500000,0,Successful,NORMAL,
TXN000888,2026-03-08,12:44:11,Sunday,CUST0032,Ola Suleiman,6422426142,7858,Verve,Zenith Bank,ATM Mini Statement,5966.32,68214.41,68214.41,"ATM_LG_003 - Lekki Phase 1, Lagos",Kano,low_spender,10000,50000,0,Successful,NORMAL,
TXN000860,2026-03-08,12:55:42,Sunday,CUST0031,Emeka Suleiman,9100912636,1290,Mastercard Debit,Fidelity Bank,POS Purchase,11673.91,453397.31,441723.4,"ATM_AB_001 - Wuse Zone 5, Abuja",Abuja,medium_spender,50000,150000,11673.91,Successful,NORMAL,
TXN000504,2026-03-08,13:58:53,Sunday,CUST0016,Adebayo Musa,7063317244,6982,Mastercard Debit,Fidelity Bank,Online Transfer,74495.75,1079775.13,1079775.13,"ATM_AB_003 - Maitama, Abuja",Enugu,high_spender,200000,500000,0,Successful,NORMAL,
TXN002178,2026-03-08,14:21:00,Sunday,CUST0079,Fatima Okonkwo,1782327517,9193,Mastercard Debit,Access Bank,ATM Withdrawal,90820.35,1970998.97,1880178.62,"ATM_LG_004 - Surulere, Lagos",Kano,high_spender,200000,500000,90820.35,Successful,NORMAL,
TXN000182,2026-03-08,14:40:46,Sunday,CUST0006,Kemi Obi,2961112422,7715,Visa Credit,Stanbic IBTC,Online Transfer,184836.27,1481683.52,1481683.52,"ATM_LG_003 - Lekki Phase 1, Lagos",Port Harcourt,high_spender,200000,500000,0,Successful,NORMAL,
TXN000861,2026-03-08,14:55:41,Sunday,CUST0031,Emeka Suleiman,9100912636,1290,Mastercard Debit,Fidelity Bank,POS Purchase,10669.3,155671.64,145002.34,"ATM_LG_001 - Ikeja Branch, Lagos",Abuja,medium_spender,50000,150000,22343.21,Declined,NORMAL,
TXN000466,2026-03-08,15:04:50,Sunday,CUST0015,Ola Adeleke,9840956422,1778,Mastercard Debit,UBA,Online Transfer,932.43,81277.11,81277.11,"ATM_LG_002 - Victoria Island, Lagos",Ibadan,low_spender,10000,50000,0,Successful,NORMAL,
TXN001263,2026-03-08,16:09:36,Sunday,CUST0047,Musa Salami,6245202877,5548,Mastercard Debit,Zenith Bank,ATM Balance Enquiry,27087.97,107711.26,107711.26,"ATM_LG_005 - Yaba, Lagos",Kano,medium_spender,50000,150000,0,Successful,NORMAL,
TXN001264,2026-03-08,17:05:05,Sunday,CUST0047,Musa Salami,6245202877,5548,Mastercard Debit,Zenith Bank,ATM Balance Enquiry,37668.1,359863.62,359863.62,"ATM_LG_005 - Yaba, Lagos",Kano,medium_spender,50000,150000,0,Successful,NORMAL,
TXN000660,2026-03-08,17:51:50,Sunday,CUST0020,Chibundo Adeyemi,6105295550,7171,Mastercard Debit,Fidelity Bank,Online Transfer,23120.81,368607.17,368607.17,"ATM_LG_003 - Lekki Phase 1, Lagos",Lagos,medium_spender,50000,150000,0,Successful,NORMAL,
TXN000805,2026-03-08,18:26:01,Sunday,CUST0028,Amaka Babatunde,1576868455,2911,Mastercard Debit,Zenith Bank,ATM Withdrawal,3439.64,75647.81,72208.17,"ATM_LG_005 - Yaba, Lagos",Enugu,low_spender,10000,50000,3439.64,Successful,NORMAL,
TXN000736,2026-03-08,18:43:22,Sunday,CUST0024,Ola Babatunde,4288813383,7897,Verve,Zenith Bank,ATM Balance Enquiry,26725.4,313328.41,313328.41,"ATM_LG_004 - Surulere, Lagos",Enugu,medium_spender,50000,150000,0,Successful,NORMAL,
TXN001985,2026-03-08,19:43:47,Sunday,CUST0073,Tobi Musa,2381163847,4263,Visa Credit,UBA,Online Transfer,23737.77,67420.86,67420.86,"ATM_IB_001 - Ring Road, Ibadan",Enugu,medium_spender,50000,150000,0,Successful,NORMAL,
TXN000420,2026-03-08,22:57:20,Sunday,CUST0013,Zainab Musa,1662475227,7373,Verve,Zenith Bank,POS Purchase,80309.92,1921812.65,1841502.73,"ATM_LG_003 - Lekki Phase 1, Lagos",Port Harcourt,high_spender,200000,500000,192436.67,Successful,NORMAL,
TXN000237,2026-03-08,23:55:54,Sunday,CUST0008,Tobi Ibrahim,1205673434,2732,Mastercard Debit,First Bank,ATM Withdrawal,7365.15,23648.91,16283.76,"ATM_LG_004 - Surulere, Lagos",Ibadan,low_spender,10000,50000,7365.15,Successful,NORMAL,
TXN001294,2026-03-09,00:36:02,Monday,CUST0048,Yemi Lawal,0868927381,7500,Mastercard Debit,Fidelity Bank,ATM Mini Statement,39906.55,335546.54,335546.54,"ATM_LG_001 - Ikeja Branch, Lagos",Abuja,medium_spender,50000,150000,0,Successful,NORMAL,
TXN002179,2026-03-09,00:44:48,Monday,CUST0079,Fatima Okonkwo,1782327517,9193,Mastercard Debit,Access Bank,ATM Withdrawal,194334.34,361832.8,167498.46,"ATM_LG_004 - Surulere, Lagos",Kano,high_spender,200000,500000,194334.34,Successful,NORMAL,
TXN001114,2026-03-09,01:46:01,Monday,CUST0041,Gbenga Musa,2240888423,7738,Visa Credit,Fidelity Bank,ATM Balance Enquiry,2653.78,31025.03,31025.03,"ATM_LG_001 - Ikeja Branch, Lagos",Kaduna,low_spender,10000,50000,0,Successful,NORMAL,
TXN000765,2026-03-09,03:47:55,Monday,CUST0025,Amaka Adeyemi,3100605304,4032,Verve,GTBank,ATM Withdrawal,2736.89,96063.06,93326.17,"ATM_LG_001 - Ikeja Branch, Lagos",Enugu,low_spender,10000,50000,20513.07,Successful,NORMAL,
TXN000083,2026-03-09,04:05:23,Monday,CUST0003,Nkechi Okonkwo,4806358178,4245,Mastercard Debit,GTBank,POS Purchase,133919.33,633624.22,499704.89,"ATM_IB_001 - Ring Road, Ibadan [HOME STATE: Kano]",Kano,high_spender,200000,500000,133919.33,Successful,SUSPICIOUS,Card used at Lagos ATM but customer is based in Kano
TXN000764,2026-03-09,04:36:16,Monday,CUST0025,Amaka Adeyemi,3100605304,4032,Verve,GTBank,POS Purchase,17776.18,73441.45,55665.27,"ATM_LG_001 - Ikeja Branch, Lagos",Enugu,low_spender,10000,50000,17776.18,Successful,SUSPICIOUS,Transaction at 04:36 — outside normal banking hours (midnight–4am)
TXN000704,2026-03-09,06:58:04,Monday,CUST0023,Zainab Okeke,7915823973,2645,Mastercard Debit,First Bank,POS Purchase,8834.86,58460.5,49625.64,"ATM_LG_002 - Victoria Island, Lagos",Port Harcourt,low_spender,10000,50000,8834.86,Successful,NORMAL,
TXN002180,2026-03-09,08:22:14,Monday,CUST0079,Fatima Okonkwo,1782327517,9193,Mastercard Debit,Access Bank,ATM Withdrawal,117517.23,1915022.34,1797505.11,"ATM_EN_001 - Independence Layout, Enugu",Kano,high_spender,200000,500000,311851.57,Successful,NORMAL,
TXN000929,2026-03-09,08:25:45,Monday,CUST0034,Nkechi Babatunde,7423582839,6817,Visa Credit,Stanbic IBTC,Online Transfer,5691.06,73846.26,73846.26,"ATM_LG_005 - Yaba, Lagos",Kano,low_spender,10000,50000,0,Successful,NORMAL,
TXN001611,2026-03-09,08:29:03,Monday,CUST0060,Dayo Obi,7463734803,6570,Visa Debit,GTBank,ATM Withdrawal,8183.11,60885.45,52702.34,"ATM_IB_001 - Ring Road, Ibadan",Lagos,low_spender,10000,50000,8183.11,Successful,NORMAL,
TXN000305,2026-03-09,09:17:23,Monday,CUST0010,Efua Chukwu,6997365350,6821,Mastercard Debit,Stanbic IBTC,POS Purchase,63197.83,681145.09,617947.26,"ATM_LG_004 - Surulere, Lagos",Ibadan,high_spender,200000,500000,63197.83,Successful,NORMAL,
TXN000766,2026-03-09,10:56:33,Monday,CUST0025,Amaka Adeyemi,3100605304,4032,Verve,GTBank,Online Transfer,29592.46,90180.39,90180.39,"ATM_LG_001 - Ikeja Branch, Lagos",Enugu,low_spender,10000,50000,20513.07,Successful,SUSPICIOUS,"High-value transaction ₦29,592.46 flagged for velocity check"
TXN000122,2026-03-09,12:39:54,Monday,CUST0004,Jide Lawal,9282010276,2329,Verve,UBA,ATM Withdrawal,45447.27,492872.68,447425.41,"ATM_LG_004 - Surulere, Lagos",Lagos,medium_spender,50000,150000,45447.27,Reversed,NORMAL,
TXN000505,2026-03-09,13:36:37,Monday,CUST0016,Adebayo Musa,7063317244,6982,Mastercard Debit,Fidelity Bank,ATM Withdrawal,34725.32,519980.15,485254.83,"ATM_LG_005 - Yaba, Lagos",Enugu,high_spender,200000,500000,34725.32,Successful,NORMAL,
TXN000269,2026-03-09,14:32:52,Monday,CUST0009,Jide Adeyemi,1764184578,3085,Visa Credit,Fidelity Bank,ATM Mini Statement,37363.4,120510.52,120510.52,ATM_KN_001 - Kano City Centre [HOME STATE: Kano],Kano,medium_spender,50000,150000,0,Successful,SUSPICIOUS,Card used at Enugu ATM but customer is based in Kano
TXN001173,2026-03-09,16:45:55,Monday,CUST0044,Uche Usman,2874900400,5082,Visa Credit,Stanbic IBTC,POS Purchase,33596.78,431849.29,398252.51,"ATM_IB_001 - Ring Road, Ibadan",Kano,medium_spender,50000,150000,33596.78,Successful,NORMAL,
TXN001808,2026-03-09,17:11:56,Monday,CUST0066,Ola Afolabi,2938289640,5620,Visa Debit,Access Bank,ATM Withdrawal,42925.03,79390.25,36465.22,"ATM_PH_002 - Trans-Amadi, Port Harcourt [HOME STATE: Port Harcourt]",Port Harcourt,medium_spender,50000,150000,42925.03,Declined,SUSPICIOUS,Card used at Kano ATM but customer is based in Port Harcourt
TXN000207,2026-03-09,17:25:34,Monday,CUST0007,Ola Usman,1521840905,4544,Visa Credit,First Bank,POS Purchase,4318.16,73152.78,68834.62,"ATM_AB_003 - Maitama, Abuja",Enugu,low_spender,10000,50000,4318.16,Successful,NORMAL,
TXN001343,2026-03-09,17:47:32,Monday,CUST0050,Nkechi Eze,5802869654,3762,Mastercard Debit,First Bank,ATM Withdrawal,49311.83,450607.13,401295.3,"ATM_LG_004 - Surulere, Lagos",Benin City,medium_spender,50000,150000,49311.83,Successful,NORMAL,
TXN001724,2026-03-09,21:26:08,Monday,CUST0064,Ngozi Babatunde,1232261941,4967,Visa Debit,Fidelity Bank,POS Purchase,377311.43,327608.45,0,"ATM_LG_005 - Yaba, Lagos",Benin City,medium_spender,50000,150000,377311.43,Declined,SUSPICIOUS,"Amount ₦377,311.43 is 7.5x above customer's typical maximum of ₦50,000"
TXN000577,2026-03-09,23:20:17,Monday,CUST0018,Jide Suleiman,6342127803,7174,Visa Credit,Fidelity Bank,Online Transfer,13570.53,133999.72,133999.72,"ATM_LG_002 - Victoria Island, Lagos",Abuja,medium_spender,50000,150000,0,Successful,NORMAL,
TXN000421,2026-03-09,23:36:42,Monday,CUST0013,Zainab Musa,1662475227,7373,Verve,Zenith Bank,POS Purchase,140388.38,719055.19,578666.81,"ATM_LG_005 - Yaba, Lagos",Port Harcourt,high_spender,200000,500000,140388.38,Successful,NORMAL,
TXN001830,2026-03-09,23:38:55,Monday,CUST0067,Taiwo Bello,4522759725,7104,Verve,GTBank,ATM Withdrawal,6528.53,23491.83,16963.3,"ATM_EN_001 - Independence Layout, Enugu",Abuja,low_spender,10000,50000,6528.53,Successful,NORMAL,
TXN000578,2026-03-10,03:01:17,Tuesday,CUST0018,Jide Suleiman,6342127803,7174,Visa Credit,Fidelity Bank,ATM Withdrawal,22983.38,181742.11,158758.73,"ATM_LG_002 - Victoria Island, Lagos",Abuja,medium_spender,50000,150000,22983.38,Successful,NORMAL,
TXN000306,2026-03-10,03:15:32,Tuesday,CUST0010,Efua Chukwu,6997365350,6821,Mastercard Debit,Stanbic IBTC,POS Purchase,41466.58,175787.35,134320.77,"ATM_LG_004 - Surulere, Lagos",Ibadan,high_spender,200000,500000,41466.58,Successful,NORMAL,
TXN002181,2026-03-10,04:11:11,Tuesday,CUST0079,Fatima Okonkwo,1782327517,9193,Mastercard Debit,Access Bank,ATM Withdrawal,38820.31,1925094.81,1886274.5,"ATM_LG_004 - Surulere, Lagos",Kano,high_spender,200000,500000,38820.31,Successful,NORMAL,
TXN002224,2026-03-10,04:29:48,Tuesday,CUST0080,Ola Okonkwo,3342204457,4255,Visa Debit,UBA,ATM Withdrawal,8774.02,141074.47,132300.45,"ATM_LG_001 - Ikeja Branch, Lagos",Benin City,medium_spender,50000,150000,8774.02,Successful,NORMAL,
TXN002022,2026-03-10,08:04:23,Tuesday,CUST0074,Adebayo Okeke,7232677456,6745,Visa Credit,UBA,ATM Withdrawal,46741.41,428424.44,381683.03,"ATM_LG_004 - Surulere, Lagos",Lagos,medium_spender,50000,150000,46741.41,Reversed,NORMAL,
TXN000422,2026-03-10,08:18:33,Tuesday,CUST0013,Zainab Musa,1662475227,7373,Verve,Zenith Bank,ATM Withdrawal,161780.69,1957917.72,1796137.03,"ATM_AB_002 - Garki Area 11, Abuja",Port Harcourt,high_spender,200000,500000,161780.69,Successful,NORMAL,
TXN002053,2026-03-10,10:20:05,Tuesday,CUST0075,Seun Nwosu,6803179670,4072,Visa Credit,GTBank,POS Purchase,8462.26,79755.03,71292.77,"ATM_LG_002 - Victoria Island, Lagos",Kano,low_spender,10000,50000,8462.26,Successful,NORMAL,
TXN000694,2026-03-10,14:06:47,Tuesday,CUST0022,Ola Okonkwo,2404296200,9240,Mastercard Debit,Zenith Bank,ATM Withdrawal,6166.89,34020.23,27853.34,"ATM_LG_002 - Victoria Island, Lagos",Kaduna,low_spender,10000,50000,6166.89,Successful,NORMAL,
TXN000348,2026-03-10,14:29:48,Tuesday,CUST0011,Bola Afolabi,3656018830,9554,Visa Credit,GTBank,ATM Balance Enquiry,25996.06,486585.64,486585.64,"ATM_LG_004 - Surulere, Lagos",Ibadan,medium_spender,50000,150000,0,Successful,NORMAL,
TXN001174,2026-03-10,16:08:52,Tuesday,CUST0044,Uche Usman,2874900400,5082,Visa Credit,Stanbic IBTC,ATM Withdrawal,6067.68,391124.73,385057.05,"ATM_LG_005 - Yaba, Lagos",Kano,medium_spender,50000,150000,6067.68,Reversed,NORMAL,
TXN001380,2026-03-10,16:31:35,Tuesday,CUST0051,Aisha Suleiman,2787994879,8601,Visa Credit,GTBank,POS Purchase,10156.1,313400.22,303244.12,"ATM_LG_003 - Lekki Phase 1, Lagos",Abuja,medium_spender,50000,150000,10156.1,Successful,NORMAL,
TXN001809,2026-03-10,19:04:52,Tuesday,CUST0066,Ola Afolabi,2938289640,5620,Visa Debit,Access Bank,ATM Withdrawal,48863.88,100986.31,52122.43,"ATM_LG_005 - Yaba, Lagos",Port Harcourt,medium_spender,50000,150000,48863.88,Successful,NORMAL,
TXN000238,2026-03-10,20:57:58,Tuesday,CUST0008,Tobi Ibrahim,1205673434,2732,Mastercard Debit,First Bank,ATM Withdrawal,647.78,98714.05,98066.27,"ATM_LG_004 - Surulere, Lagos",Ibadan,low_spender,10000,50000,647.78,Declined,NORMAL,
TXN001911,2026-03-10,21:58:25,Tuesday,CUST0071,Ngozi Usman,1234933970,6062,Verve,Stanbic IBTC,ATM Withdrawal,32403.75,301227.83,268824.08,"ATM_LG_002 - Victoria Island, Lagos",Lagos,medium_spender,50000,150000,32403.75,Successful,NORMAL,
TXN000270,2026-03-10,21:58:26,Tuesday,CUST0009,Jide Adeyemi,1764184578,3085,Visa Credit,Fidelity Bank,ATM Withdrawal,11950.96,113948.74,101997.78,"ATM_LG_003 - Lekki Phase 1, Lagos",Kano,medium_spender,50000,150000,11950.96,Successful,NORMAL,
TXN001657,2026-03-10,22:42:11,Tuesday,CUST0062,Jide Nwosu,7690627387,6253,Verve,Fidelity Bank,ATM Mini Statement,9018.99,74833.66,74833.66,"ATM_LG_005 - Yaba, Lagos",Ibadan,low_spender,10000,50000,0,Successful,NORMAL,
TXN001219,2026-03-10,23:30:23,Tuesday,CUST0046,Tunde Babatunde,9470820432,1291,Verve,Zenith Bank,POS Purchase,93741.83,668388.18,574646.35,"ATM_LG_003 - Lekki Phase 1, Lagos",Kaduna,high_spender,200000,500000,93741.83,Successful,NORMAL,
TXN002142,2026-03-11,00:01:06,Wednesday,CUST0078,Uche Salami,0072246503,5411,Visa Credit,Access Bank,ATM Mini Statement,35247.14,470885.98,470885.98,"ATM_LG_005 - Yaba, Lagos",Port Harcourt,medium_spender,50000,150000,0,Successful,NORMAL,
TXN001952,2026-03-11,00:08:39,Wednesday,CUST0072,Uche Lawal,3911628692,4429,Visa Debit,Access Bank,ATM Mini Statement,199554.92,1836181.46,1836181.46,"ATM_LG_004 - Surulere, Lagos",Enugu,high_spender,200000,500000,0,Successful,NORMAL,
TXN000084,2026-03-11,00:18:33,Wednesday,CUST0003,Nkechi Okonkwo,4806358178,4245,Mastercard Debit,GTBank,ATM Balance Enquiry,157131.48,1263912.61,1263912.61,"ATM_AB_001 - Wuse Zone 5, Abuja",Kano,high_spender,200000,500000,0,Successful,NORMAL,
TXN000208,2026-03-11,00:53:34,Wednesday,CUST0007,Ola Usman,1521840905,4544,Visa Credit,First Bank,Online Transfer,2697.32,87522.4,87522.4,"ATM_LG_005 - Yaba, Lagos",Enugu,low_spender,10000,50000,0,Successful,NORMAL,
TXN000695,2026-03-11,00:56:04,Wednesday,CUST0022,Ola Okonkwo,2404296200,9240,Mastercard Debit,Zenith Bank,Online Transfer,9241.4,79191.11,79191.11,"ATM_LG_004 - Surulere, Lagos",Kaduna,low_spender,10000,50000,0,Reversed,NORMAL,
TXN002225,2026-03-11,01:01:18,Wednesday,CUST0080,Ola Okonkwo,3342204457,4255,Visa Debit,UBA,Online Transfer,46223.79,190266.36,190266.36,"ATM_LG_001 - Ikeja Branch, Lagos",Benin City,medium_spender,50000,150000,0,Successful,NORMAL,
TXN001190,2026-03-11,01:09:11,Wednesday,CUST0045,Tunde Babatunde,9520595836,5324,Visa Credit,Fidelity Bank,ATM Withdrawal,8234.53,24786.36,16551.83,"ATM_PH_001 - GRA Phase 2, Port Harcourt",Kaduna,low_spender,10000,50000,8234.53,Successful,NORMAL,
TXN001220,2026-03-11,01:31:30,Wednesday,CUST0046,Tunde Babatunde,9470820432,1291,Verve,Zenith Bank,POS Purchase,257367.62,188766.03,0,"ATM_LG_003 - Lekki Phase 1, Lagos",Kaduna,high_spender,200000,500000,257367.62,Declined,SUSPICIOUS,Transaction at 01:31 — outside normal banking hours (midnight–4am)
TXN000506,2026-03-11,03:05:18,Wednesday,CUST0016,Adebayo Musa,7063317244,6982,Mastercard Debit,Fidelity Bank,ATM Withdrawal,122992.45,170767.86,47775.41,"ATM_LG_005 - Yaba, Lagos",Enugu,high_spender,200000,500000,122992.45,Successful,NORMAL,
TXN001953,2026-03-11,04:10:25,Wednesday,CUST0072,Uche Lawal,3911628692,4429,Visa Debit,Access Bank,POS Purchase,165801.24,1797422.81,1631621.57,"ATM_LG_004 - Surulere, Lagos",Enugu,high_spender,200000,500000,165801.24,Successful,NORMAL,
TXN001381,2026-03-11,07:06:35,Wednesday,CUST0051,Aisha Suleiman,2787994879,8601,Visa Credit,GTBank,ATM Withdrawal,285040.46,316767.35,31726.89,"ATM_LG_003 - Lekki Phase 1, Lagos",Abuja,medium_spender,50000,150000,285040.46,Declined,SUSPICIOUS,"Amount ₦285,040.46 is 5.7x above customer's typical maximum of ₦50,000"
TXN002100,2026-03-11,07:45:23,Wednesday,CUST0077,Chibundo Adeola,1374759620,2208,Verve,UBA,ATM Balance Enquiry,21857.06,426847.1,426847.1,"ATM_LG_004 - Surulere, Lagos",Ibadan,medium_spender,50000,150000,0,Successful,NORMAL,
TXN001461,2026-03-11,07:53:12,Wednesday,CUST0054,Jide Chukwu,5340712903,7552,Verve,GTBank,POS Purchase,13500.75,218983.22,205482.47,"ATM_LG_003 - Lekki Phase 1, Lagos",Benin City,medium_spender,50000,150000,13500.75,Successful,NORMAL,
TXN000579,2026-03-11,08:53:01,Wednesday,CUST0018,Jide Suleiman,6342127803,7174,Visa Credit,Fidelity Bank,ATM Withdrawal,42674.32,108556.03,65881.71,"ATM_LG_002 - Victoria Island, Lagos",Abuja,medium_spender,50000,150000,42674.32,Reversed,NORMAL,
TXN001564,2026-03-11,13:14:52,Wednesday,CUST0057,Tunde Okafor,1565330284,7497,Mastercard Debit,First Bank,POS Purchase,199990.21,380008.14,180017.93,"ATM_PH_002 - Trans-Amadi, Port Harcourt",Ibadan,high_spender,200000,500000,199990.21,Successful,NORMAL,
TXN000307,2026-03-11,16:27:10,Wednesday,CUST0010,Efua Chukwu,6997365350,6821,Mastercard Debit,Stanbic IBTC,ATM Balance Enquiry,138805.74,1314297.02,1314297.02,"ATM_LG_004 - Surulere, Lagos",Ibadan,high_spender,200000,500000,0,Successful,NORMAL,
TXN000542,2026-03-11,18:27:15,Wednesday,CUST0017,Chidi Bello,1122281086,3728,Mastercard Debit,Zenith Bank,ATM Withdrawal,33005.07,235483.52,202478.45,"ATM_PH_002 - Trans-Amadi, Port Harcourt [HOME STATE: Lagos]",Lagos,medium_spender,50000,150000,33005.07,Declined,SUSPICIOUS,Card used at Benin City ATM but customer is based in Lagos
TXN000183,2026-03-11,22:23:52,Wednesday,CUST0006,Kemi Obi,2961112422,7715,Visa Credit,Stanbic IBTC,POS Purchase,143396.68,1214541.1,1071144.42,"ATM_LG_003 - Lekki Phase 1, Lagos",Port Harcourt,high_spender,200000,500000,143396.68,Successful,NORMAL,
TXN000793,2026-03-11,22:44:30,Wednesday,CUST0027,Nkechi Adeyemi,6382100233,6628,Visa Debit,First Bank,ATM Balance Enquiry,20202.16,347176.66,347176.66,"ATM_AB_003 - Maitama, Abuja [HOME STATE: Abuja]",Abuja,medium_spender,50000,150000,0,Reversed,SUSPICIOUS,Card used at Port Harcourt ATM but customer is based in Abuja
TXN000904,2026-03-11,23:10:38,Wednesday,CUST0033,Ngozi Babatunde,1091476249,8935,Verve,UBA,ATM Withdrawal,1234.37,33528.53,32294.16,"ATM_LG_002 - Victoria Island, Lagos",Ibadan,low_spender,10000,50000,1234.37,Successful,NORMAL,
TXN000451,2026-03-11,23:17:09,Wednesday,CUST0014,Dayo Babatunde,7962797218,4925,Visa Credit,Access Bank,ATM Withdrawal,31796.85,28549.69,0,"ATM_LG_001 - Ikeja Branch, Lagos",Enugu,low_spender,10000,50000,31796.85,Successful,SUSPICIOUS,"Amount ₦31,796.85 is 3.2x above customer's typical maximum of ₦10,000"
TXN000543,2026-03-11,23:22:53,Wednesday,CUST0017,Chidi Bello,1122281086,3728,Mastercard Debit,Zenith Bank,ATM Withdrawal,42278.54,329906.78,287628.24,"ATM_LG_001 - Ikeja Branch, Lagos",Lagos,medium_spender,50000,150000,75283.61,Successful,NORMAL,
TXN000618,2026-03-11,23:55:18,Wednesday,CUST0019,Tunde Eze,2754590960,5925,Verve,Zenith Bank,Online Transfer,107236.68,1754794.9,1754794.9,"ATM_LG_002 - Victoria Island, Lagos",Abuja,high_spender,200000,500000,0,Successful,NORMAL,
TXN001143,2026-03-12,01:36:52,Thursday,CUST0043,Biodun Okafor,8010307387,9136,Mastercard Debit,GTBank,ATM Balance Enquiry,20301.6,30020.54,30020.54,"ATM_LG_003 - Lekki Phase 1, Lagos",Kaduna,low_spender,10000,50000,0,Successful,SUSPICIOUS,Transaction at 01:36 — outside normal banking hours (midnight–4am)
TXN000239,2026-03-12,01:58:57,Thursday,CUST0008,Tobi Ibrahim,1205673434,2732,Mastercard Debit,First Bank,ATM Withdrawal,17311.75,58729.8,41418.05,"ATM_LG_004 - Surulere, Lagos",Ibadan,low_spender,10000,50000,17311.75,Successful,SUSPICIOUS,Transaction at 01:58 — outside normal banking hours (midnight–4am)
TXN000085,2026-03-12,02:03:06,Thursday,CUST0003,Nkechi Okonkwo,4806358178,4245,Mastercard Debit,GTBank,POS Purchase,173185.34,872498.88,699313.54,"ATM_LG_004 - Surulere, Lagos",Kano,high_spender,200000,500000,173185.34,Successful,NORMAL,
TXN000905,2026-03-12,03:33:50,Thursday,CUST0033,Ngozi Babatunde,1091476249,8935,Verve,UBA,ATM Balance Enquiry,7206.03,77979.71,77979.71,"ATM_PH_002 - Trans-Amadi, Port Harcourt",Ibadan,low_spender,10000,50000,0,Successful,NORMAL,
TXN000833,2026-03-12,03:35:35,Thursday,CUST0030,Aisha Obi,7765839814,7526,Visa Credit,Fidelity Bank,POS Purchase,1204.64,50956.54,49751.9,"ATM_LG_003 - Lekki Phase 1, Lagos",Benin City,low_spender,10000,50000,1204.64,Successful,NORMAL,
TXN001658,2026-03-12,04:03:40,Thursday,CUST0062,Jide Nwosu,7690627387,6253,Verve,Fidelity Bank,ATM Withdrawal,15542.87,24418.2,8875.33,"ATM_LG_005 - Yaba, Lagos",Ibadan,low_spender,10000,50000,15542.87,Declined,SUSPICIOUS,Transaction at 04:03 — outside normal banking hours (midnight–4am)
TXN000544,2026-03-12,04:53:39,Thursday,CUST0017,Chidi Bello,1122281086,3728,Mastercard Debit,Zenith Bank,ATM Withdrawal,6462.04,218940.62,212478.58,"ATM_LG_003 - Lekki Phase 1, Lagos",Lagos,medium_spender,50000,150000,6462.04,Successful,NORMAL,
TXN000994,2026-03-12,06:47:37,Thursday,CUST0037,Rotimi Babatunde,8953520583,4419,Visa Credit,GTBank,ATM Withdrawal,13370.11,341915.57,328545.46,"ATM_LG_005 - Yaba, Lagos",Enugu,medium_spender,50000,150000,13370.11,Reversed,NORMAL,
TXN000767,2026-03-12,07:17:42,Thursday,CUST0025,Amaka Adeyemi,3100605304,4032,Verve,GTBank,ATM Mini Statement,1768.97,56387.62,56387.62,"ATM_LG_001 - Ikeja Branch, Lagos",Enugu,low_spender,10000,50000,0,Successful,NORMAL,
TXN000507,2026-03-12,07:22:44,Thursday,CUST0016,Adebayo Musa,7063317244,6982,Mastercard Debit,Fidelity Bank,POS Purchase,152812.95,1995923.61,1843110.66,"ATM_PH_002 - Trans-Amadi, Port Harcourt",Enugu,high_spender,200000,500000,152812.95,Successful,NORMAL,
TXN002023,2026-03-12,07:26:26,Thursday,CUST0074,Adebayo Okeke,7232677456,6745,Visa Credit,UBA,POS Purchase,13529.39,384097.08,370567.69,"ATM_LG_004 - Surulere, Lagos",Lagos,medium_spender,50000,150000,13529.39,Successful,NORMAL,
TXN000930,2026-03-12,08:13:52,Thursday,CUST0034,Nkechi Babatunde,7423582839,6817,Visa Credit,Stanbic IBTC,ATM Withdrawal,545.12,42659.3,42114.18,"ATM_PH_002 - Trans-Amadi, Port Harcourt",Kano,low_spender,10000,50000,545.12,Successful,NORMAL,
TXN002143,2026-03-12,10:36:57,Thursday,CUST0078,Uche Salami,0072246503,5411,Visa Credit,Access Bank,POS Purchase,13968.66,251535.01,237566.35,"ATM_LG_005 - Yaba, Lagos",Port Harcourt,medium_spender,50000,150000,13968.66,Successful,NORMAL,
TXN001725,2026-03-12,12:00:45,Thursday,CUST0064,Ngozi Babatunde,1232261941,4967,Visa Debit,Fidelity Bank,POS Purchase,16636.86,404882.04,388245.18,"ATM_LG_003 - Lekki Phase 1, Lagos",Benin City,medium_spender,50000,150000,16636.86,Successful,NORMAL,
TXN000388,2026-03-12,12:39:05,Thursday,CUST0012,Uche Adeleke,7889943014,2238,Verve,Zenith Bank,ATM Withdrawal,147051.81,236277.03,89225.22,"ATM_LG_002 - Victoria Island, Lagos",Ibadan,high_spender,200000,500000,147051.81,Reversed,NORMAL,
TXN000619,2026-03-12,13:05:44,Thursday,CUST0019,Tunde Eze,2754590960,5925,Verve,Zenith Bank,POS Purchase,39083.86,243971.33,204887.47,"ATM_LG_004 - Surulere, Lagos",Abuja,high_spender,200000,500000,39083.86,Successful,NORMAL,
TXN001410,2026-03-12,14:21:49,Thursday,CUST0052,Sola Okafor,7066503218,8039,Mastercard Debit,GTBank,ATM Withdrawal,9677.29,61873.7,52196.41,"ATM_LG_003 - Lekki Phase 1, Lagos",Port Harcourt,low_spender,10000,50000,9677.29,Successful,NORMAL,
TXN001954,2026-03-12,15:26:50,Thursday,CUST0072,Uche Lawal,3911628692,4429,Visa Debit,Access Bank,POS Purchase,184334.64,523917.04,339582.4,"ATM_LG_004 - Surulere, Lagos",Enugu,high_spender,200000,500000,184334.64,Declined,NORMAL,
TXN002024,2026-03-12,15:39:55,Thursday,CUST0074,Adebayo Okeke,7232677456,6745,Visa Credit,UBA,ATM Withdrawal,39207.0,294827.53,255620.53,"ATM_LG_004 - Surulere, Lagos",Lagos,medium_spender,50000,150000,52736.39,Successful,NORMAL,
TXN001726,2026-03-12,17:55:12,Thursday,CUST0064,Ngozi Babatunde,1232261941,4967,Visa Debit,Fidelity Bank,ATM Withdrawal,8179.22,215623.42,207444.2,"ATM_LG_005 - Yaba, Lagos",Benin City,medium_spender,50000,150000,24816.08,Successful,NORMAL,
TXN001144,2026-03-12,19:33:15,Thursday,CUST0043,Biodun Okafor,8010307387,9136,Mastercard Debit,GTBank,ATM Balance Enquiry,3457.76,66510.96,66510.96,"ATM_LG_002 - Victoria Island, Lagos",Kaduna,low_spender,10000,50000,0,Successful,NORMAL,
TXN001382,2026-03-12,20:01:30,Thursday,CUST0051,Aisha Suleiman,2787994879,8601,Visa Credit,GTBank,ATM Withdrawal,9738.75,416010.81,406272.06,"ATM_LG_003 - Lekki Phase 1, Lagos",Abuja,medium_spender,50000,150000,9738.75,Declined,NORMAL,
TXN001590,2026-03-12,21:10:59,Thursday,CUST0059,Yemi Salami,0346191820,4159,Mastercard Debit,GTBank,Online Transfer,4684.71,17538.66,17538.66,"ATM_LG_005 - Yaba, Lagos",Kaduna,low_spender,10000,50000,0,Successful,NORMAL,
TXN000620,2026-03-12,21:18:55,Thursday,CUST0019,Tunde Eze,2754590960,5925,Verve,Zenith Bank,POS Purchase,190922.26,1306748.47,1115826.21,"ATM_LG_004 - Surulere, Lagos",Abuja,high_spender,200000,500000,230006.12,Declined,NORMAL,
TXN001047,2026-03-12,22:03:07,Thursday,CUST0039,Tunde Nwosu,8518405632,1659,Visa Credit,Zenith Bank,ATM Balance Enquiry,3275.47,61419.56,61419.56,"ATM_LG_003 - Lekki Phase 1, Lagos",Kaduna,medium_spender,50000,150000,0,Declined,NORMAL,
TXN001462,2026-03-12,22:52:56,Thursday,CUST0054,Jide Chukwu,5340712903,7552,Verve,GTBank,ATM Withdrawal,6347.83,74336.45,67988.62,"ATM_PH_002 - Trans-Amadi, Port Harcourt",Benin City,medium_spender,50000,150000,6347.83,Successful,NORMAL,
TXN001175,2026-03-13,01:13:27,Friday,CUST0044,Uche Usman,2874900400,5082,Visa Credit,Stanbic IBTC,ATM Mini Statement,91931.52,186621.39,186621.39,"ATM_LG_003 - Lekki Phase 1, Lagos",Kano,medium_spender,50000,150000,0,Declined,SUSPICIOUS,Transaction at 01:13 — outside normal banking hours (midnight–4am)
TXN001727,2026-03-13,01:29:26,Friday,CUST0064,Ngozi Babatunde,1232261941,4967,Visa Debit,Fidelity Bank,ATM Withdrawal,14133.75,415869.63,401735.88,"ATM_LG_005 - Yaba, Lagos",Benin City,medium_spender,50000,150000,14133.75,Successful,NORMAL,
TXN000621,2026-03-13,01:38:11,Friday,CUST0019,Tunde Eze,2754590960,5925,Verve,Zenith Bank,POS Purchase,141048.94,1147127.23,1006078.29,"ATM_LG_002 - Victoria Island, Lagos",Abuja,high_spender,200000,500000,141048.94,Successful,NORMAL,
TXN000622,2026-03-13,04:00:39,Friday,CUST0019,Tunde Eze,2754590960,5925,Verve,Zenith Bank,ATM Mini Statement,429494.75,1915723.2,1915723.2,"ATM_AB_001 - Wuse Zone 5, Abuja",Abuja,high_spender,200000,500000,141048.94,Successful,SUSPICIOUS,Transaction at 04:00 — outside normal banking hours (midnight–4am)
TXN000184,2026-03-13,04:30:32,Friday,CUST0006,Kemi Obi,2961112422,7715,Visa Credit,Stanbic IBTC,POS Purchase,367731.11,430114.96,62383.85,"ATM_LG_003 - Lekki Phase 1, Lagos",Port Harcourt,high_spender,200000,500000,367731.11,Successful,SUSPICIOUS,Transaction at 04:30 — outside normal banking hours (midnight–4am)
TXN000906,2026-03-13,05:09:49,Friday,CUST0033,Ngozi Babatunde,1091476249,8935,Verve,UBA,ATM Withdrawal,65565.23,44354.25,0,"ATM_LG_002 - Victoria Island, Lagos",Ibadan,low_spender,10000,50000,65565.23,Successful,SUSPICIOUS,"Amount ₦65,565.23 is 6.6x above customer's typical maximum of ₦10,000"
TXN000086,2026-03-13,06:57:48,Friday,CUST0003,Nkechi Okonkwo,4806358178,4245,Mastercard Debit,GTBank,Online Transfer,27019.81,355394.82,355394.82,"ATM_LG_004 - Surulere, Lagos",Kano,high_spender,200000,500000,0,Successful,NORMAL,
TXN000862,2026-03-13,08:44:44,Friday,CUST0031,Emeka Suleiman,9100912636,1290,Mastercard Debit,Fidelity Bank,POS Purchase,5582.27,411366.69,405784.42,"ATM_LG_001 - Ikeja Branch, Lagos",Abuja,medium_spender,50000,150000,5582.27,Reversed,NORMAL,
TXN002226,2026-03-13,09:38:07,Friday,CUST0080,Ola Okonkwo,3342204457,4255,Visa Debit,UBA,ATM Balance Enquiry,43422.0,87068.44,87068.44,"ATM_LG_001 - Ikeja Branch, Lagos",Benin City,medium_spender,50000,150000,0,Successful,NORMAL,
TXN000768,2026-03-13,10:44:10,Friday,CUST0025,Amaka Adeyemi,3100605304,4032,Verve,GTBank,ATM Withdrawal,770.8,85737.08,84966.28,"ATM_LG_001 - Ikeja Branch, Lagos",Enugu,low_spender,10000,50000,770.8,Declined,NORMAL,
TXN001091,2026-03-13,11:42:46,Friday,CUST0040,Uche Bello,1352141056,6134,Verve,Zenith Bank,ATM Withdrawal,6017.32,406589.27,400571.95,"ATM_LG_002 - Victoria Island, Lagos",Kaduna,medium_spender,50000,150000,6017.32,Declined,NORMAL,
TXN002101,2026-03-13,13:47:23,Friday,CUST0077,Chibundo Adeola,1374759620,2208,Verve,UBA,ATM Withdrawal,29954.71,55346.45,25391.74,"ATM_LG_004 - Surulere, Lagos",Ibadan,medium_spender,50000,150000,29954.71,Successful,NORMAL,
TXN001344,2026-03-13,17:37:44,Friday,CUST0050,Nkechi Eze,5802869654,3762,Mastercard Debit,First Bank,POS Purchase,45712.71,131263.07,85550.36,"ATM_LG_004 - Surulere, Lagos",Benin City,medium_spender,50000,150000,45712.71,Successful,NORMAL,
TXN001912,2026-03-13,18:53:10,Friday,CUST0071,Ngozi Usman,1234933970,6062,Verve,Stanbic IBTC,POS Purchase,200116.46,424555.06,224438.6,"ATM_LG_002 - Victoria Island, Lagos",Lagos,medium_spender,50000,150000,200116.46,Successful,SUSPICIOUS,"Amount ₦200,116.46 is 4.0x above customer's typical maximum of ₦50,000"
TXN001265,2026-03-13,20:17:36,Friday,CUST0047,Musa Salami,6245202877,5548,Mastercard Debit,Zenith Bank,POS Purchase,27598.13,384964.8,357366.67,"ATM_LG_005 - Yaba, Lagos",Kano,medium_spender,50000,150000,27598.13,Successful,NORMAL,
TXN002227,2026-03-13,20:32:02,Friday,CUST0080,Ola Okonkwo,3342204457,4255,Visa Debit,UBA,ATM Withdrawal,29893.57,348532.21,318638.64,"ATM_LG_001 - Ikeja Branch, Lagos",Benin City,medium_spender,50000,150000,29893.57,Successful,NORMAL,
TXN000087,2026-03-13,20:38:35,Friday,CUST0003,Nkechi Okonkwo,4806358178,4245,Mastercard Debit,GTBank,Online Transfer,113284.48,725087.8,725087.8,"ATM_EN_001 - Independence Layout, Enugu [HOME STATE: Kano]",Kano,high_spender,200000,500000,0,Successful,SUSPICIOUS,Card used at Abuja ATM but customer is based in Kano
TXN000308,2026-03-13,21:33:07,Friday,CUST0010,Efua Chukwu,6997365350,6821,Mastercard Debit,Stanbic IBTC,ATM Withdrawal,24412.73,1092763.22,1068350.49,"ATM_IB_001 - Ring Road, Ibadan",Ibadan,high_spender,200000,500000,24412.73,Successful,NORMAL,
TXN000931,2026-03-13,21:50:53,Friday,CUST0034,Nkechi Babatunde,7423582839,6817,Visa Credit,Stanbic IBTC,POS Purchase,2454.87,15445.45,12990.58,"ATM_IB_001 - Ring Road, Ibadan",Kano,low_spender,10000,50000,2454.87,Successful,NORMAL,
TXN000123,2026-03-13,21:52:28,Friday,CUST0004,Jide Lawal,9282010276,2329,Verve,UBA,POS Purchase,39314.55,78148.65,38834.1,"ATM_AB_002 - Garki Area 11, Abuja",Lagos,medium_spender,50000,150000,39314.55,Successful,NORMAL,
TXN000580,2026-03-13,23:38:06,Friday,CUST0018,Jide Suleiman,6342127803,7174,Visa Credit,Fidelity Bank,ATM Withdrawal,222794.43,407159.19,184364.76,"ATM_PH_001 - GRA Phase 2, Port Harcourt",Abuja,medium_spender,50000,150000,222794.43,Successful,SUSPICIOUS,"Amount ₦222,794.43 is 4.5x above customer's typical maximum of ₦50,000"
TXN002182,2026-03-13,23:46:21,Friday,CUST0079,Fatima Okonkwo,1782327517,9193,Mastercard Debit,Access Bank,ATM Withdrawal,47131.44,1756456.17,1709324.73,"ATM_AB_001 - Wuse Zone 5, Abuja",Kano,high_spender,200000,500000,47131.44,Successful,NORMAL,
TXN002071,2026-03-14,00:02:15,Saturday,CUST0076,Nneka Eze,5651997036,7616,Verve,GTBank,POS Purchase,8153.96,85536.19,77382.23,"ATM_IB_001 - Ring Road, Ibadan",Ibadan,low_spender,10000,50000,8153.96,Declined,NORMAL,
TXN000271,2026-03-14,00:11:46,Saturday,CUST0009,Jide Adeyemi,1764184578,3085,Visa Credit,Fidelity Bank,Online Transfer,2103.38,466633.9,466633.9,"ATM_LG_003 - Lekki Phase 1, Lagos",Kano,medium_spender,50000,150000,0,Reversed,NORMAL,
TXN000150,2026-03-14,01:12:53,Saturday,CUST0005,Chibundo Eze,5286303748,7620,Visa Credit,Access Bank,POS Purchase,7150.14,77967.22,70817.08,"ATM_LG_005 - Yaba, Lagos",Kano,low_spender,10000,50000,7150.14,Successful,NORMAL,
TXN000907,2026-03-14,01:30:02,Saturday,CUST0033,Ngozi Babatunde,1091476249,8935,Verve,UBA,ATM Balance Enquiry,9671.71,68999.82,68999.82,"ATM_LG_002 - Victoria Island, Lagos",Ibadan,low_spender,10000,50000,0,Declined,NORMAL,
TXN001591,2026-03-14,02:41:36,Saturday,CUST0059,Yemi Salami,0346191820,4159,Mastercard Debit,GTBank,POS Purchase,7941.17,31019.65,23078.48,"ATM_AB_002 - Garki Area 11, Abuja",Kaduna,low_spender,10000,50000,7941.17,Successful,NORMAL,
TXN001630,2026-03-14,04:58:09,Saturday,CUST0061,Adebayo Nwosu,4601120311,2220,Verve,Stanbic IBTC,POS Purchase,5342.12,89354.82,84012.7,"ATM_LG_002 - Victoria Island, Lagos",Enugu,low_spender,10000,50000,5342.12,Successful,NORMAL,
TXN002025,2026-03-14,05:14:57,Saturday,CUST0074,Adebayo Okeke,7232677456,6745,Visa Credit,UBA,ATM Withdrawal,22034.68,243433.68,221399.0,"ATM_LG_004 - Surulere, Lagos",Lagos,medium_spender,50000,150000,22034.68,Successful,NORMAL,
TXN000815,2026-03-14,05:40:44,Saturday,CUST0029,Nkechi Adeyemi,1449933778,1276,Visa Debit,Fidelity Bank,Online Transfer,894.21,62267.76,62267.76,"ATM_LG_003 - Lekki Phase 1, Lagos",Lagos,low_spender,10000,50000,0,Successful,NORMAL,
TXN001913,2026-03-14,06:00:08,Saturday,CUST0071,Ngozi Usman,1234933970,6062,Verve,Stanbic IBTC,ATM Withdrawal,7965.15,46458.17,38493.02,"ATM_PH_002 - Trans-Amadi, Port Harcourt",Lagos,medium_spender,50000,150000,7965.15,Successful,NORMAL,
TXN000467,2026-03-14,06:07:26,Saturday,CUST0015,Ola Adeleke,9840956422,1778,Mastercard Debit,UBA,ATM Mini Statement,4004.4,11832.12,11832.12,"ATM_LG_002 - Victoria Island, Lagos",Ibadan,low_spender,10000,50000,0,Successful,NORMAL,
TXN000272,2026-03-14,06:52:03,Saturday,CUST0009,Jide Adeyemi,1764184578,3085,Visa Credit,Fidelity Bank,ATM Withdrawal,40926.52,270129.93,229203.41,"ATM_LG_003 - Lekki Phase 1, Lagos",Kano,medium_spender,50000,150000,40926.52,Successful,NORMAL,
TXN001528,2026-03-14,07:33:48,Saturday,CUST0056,Chibundo Musa,5954546293,6058,Visa Credit,Access Bank,ATM Withdrawal,5213.83,71386.44,66172.61,"ATM_LG_002 - Victoria Island, Lagos",Abuja,low_spender,10000,50000,5213.83,Successful,NORMAL,
TXN000863,2026-03-14,09:35:52,Saturday,CUST0031,Emeka Suleiman,9100912636,1290,Mastercard Debit,Fidelity Bank,ATM Withdrawal,25445.62,254969.55,229523.93,"ATM_LG_001 - Ikeja Branch, Lagos",Abuja,medium_spender,50000,150000,25445.62,Successful,NORMAL,
TXN000932,2026-03-14,10:18:41,Saturday,CUST0034,Nkechi Babatunde,7423582839,6817,Visa Credit,Stanbic IBTC,ATM Withdrawal,6887.44,82740.98,75853.54,"ATM_LG_005 - Yaba, Lagos",Kano,low_spender,10000,50000,6887.44,Successful,NORMAL,
TXN001463,2026-03-14,11:20:58,Saturday,CUST0054,Jide Chukwu,5340712903,7552,Verve,GTBank,ATM Withdrawal,38340.71,90918.77,52578.06,ATM_KN_001 - Kano City Centre,Benin City,medium_spender,50000,150000,38340.71,Successful,NORMAL,
TXN001266,2026-03-14,14:05:04,Saturday,CUST0047,Musa Salami,6245202877,5548,Mastercard Debit,Zenith Bank,ATM Mini Statement,44823.51,85242.28,85242.28,"ATM_LG_005 - Yaba, Lagos",Kano,medium_spender,50000,150000,0,Successful,NORMAL,
TXN001345,2026-03-14,15:04:49,Saturday,CUST0050,Nkechi Eze,5802869654,3762,Mastercard Debit,First Bank,ATM Withdrawal,3913.05,189419.52,185506.47,"ATM_LG_003 - Lekki Phase 1, Lagos",Benin City,medium_spender,50000,150000,3913.05,Successful,NORMAL,
TXN000468,2026-03-14,15:16:46,Saturday,CUST0015,Ola Adeleke,9840956422,1778,Mastercard Debit,UBA,POS Purchase,2737.43,14908.72,12171.29,"ATM_LG_002 - Victoria Island, Lagos",Ibadan,low_spender,10000,50000,2737.43,Successful,NORMAL,
TXN001115,2026-03-14,16:21:54,Saturday,CUST0041,Gbenga Musa,2240888423,7738,Visa Credit,Fidelity Bank,Online Transfer,7996.75,41823.34,41823.34,"ATM_LG_004 - Surulere, Lagos",Kaduna,low_spender,10000,50000,0,Successful,NORMAL,
TXN000794,2026-03-14,16:41:05,Saturday,CUST0027,Nkechi Adeyemi,6382100233,6628,Visa Debit,First Bank,POS Purchase,38884.75,108789.34,69904.59,"ATM_LG_004 - Surulere, Lagos",Abuja,medium_spender,50000,150000,38884.75,Successful,NORMAL,
TXN001914,2026-03-14,16:52:47,Saturday,CUST0071,Ngozi Usman,1234933970,6062,Verve,Stanbic IBTC,Online Transfer,13387.78,442678.83,442678.83,"ATM_LG_002 - Victoria Island, Lagos",Lagos,medium_spender,50000,150000,7965.15,Successful,NORMAL,
TXN000309,2026-03-14,17:16:54,Saturday,CUST0010,Efua Chukwu,6997365350,6821,Mastercard Debit,Stanbic IBTC,ATM Balance Enquiry,20371.51,528865.93,528865.93,"ATM_IB_001 - Ring Road, Ibadan",Ibadan,high_spender,200000,500000,0,Successful,NORMAL,
TXN001581,2026-03-14,19:46:19,Saturday,CUST0058,Chisom Eze,2290020457,3375,Verve,GTBank,Online Transfer,7965.07,5210.88,5210.88,"ATM_LG_003 - Lekki Phase 1, Lagos",Enugu,low_spender,10000,50000,0,Successful,NORMAL,
TXN001429,2026-03-14,20:41:00,Saturday,CUST0053,Gbenga Okafor,0500303393,4495,Visa Credit,Zenith Bank,ATM Mini Statement,6478.21,13821.77,13821.77,"ATM_LG_003 - Lekki Phase 1, Lagos",Enugu,low_spender,10000,50000,0,Successful,NORMAL,
TXN001502,2026-03-14,21:20:47,Saturday,CUST0055,Fatima Okafor,4770704891,6439,Visa Debit,GTBank,POS Purchase,80429.24,260582.06,180152.82,"ATM_LG_003 - Lekki Phase 1, Lagos",Enugu,high_spender,200000,500000,80429.24,Successful,NORMAL,
TXN002183,2026-03-14,22:11:12,Saturday,CUST0079,Fatima Okonkwo,1782327517,9193,Mastercard Debit,Access Bank,Online Transfer,65686.04,1833284.45,1833284.45,"ATM_LG_004 - Surulere, Lagos",Kano,high_spender,200000,500000,0,Successful,NORMAL,
TXN001612,2026-03-14,22:26:23,Saturday,CUST0060,Dayo Obi,7463734803,6570,Visa Debit,GTBank,ATM Withdrawal,2058.95,9799.71,7740.76,"ATM_LG_002 - Victoria Island, Lagos",Lagos,low_spender,10000,50000,2058.95,Reversed,NORMAL,
TXN000124,2026-03-15,00:25:42,Sunday,CUST0004,Jide Lawal,9282010276,2329,Verve,UBA,POS Purchase,32907.64,171424.59,138516.95,"ATM_LG_004 - Surulere, Lagos",Lagos,medium_spender,50000,150000,32907.64,Successful,NORMAL,
TXN001295,2026-03-15,00:40:41,Sunday,CUST0048,Yemi Lawal,0868927381,7500,Mastercard Debit,Fidelity Bank,Online Transfer,20577.91,231300.08,231300.08,"ATM_LG_001 - Ikeja Branch, Lagos",Abuja,medium_spender,50000,150000,0,Successful,NORMAL,
TXN001613,2026-03-15,01:39:53,Sunday,CUST0060,Dayo Obi,7463734803,6570,Visa Debit,GTBank,POS Purchase,862.99,9125.44,8262.45,"ATM_LG_002 - Victoria Island, Lagos",Lagos,low_spender,10000,50000,862.99,Successful,NORMAL,
TXN000125,2026-03-15,02:18:39,Sunday,CUST0004,Jide Lawal,9282010276,2329,Verve,UBA,POS Purchase,229884.05,420807.73,190923.68,"ATM_LG_004 - Surulere, Lagos",Lagos,medium_spender,50000,150000,262791.69,Successful,SUSPICIOUS,"Amount ₦229,884.05 is 4.6x above customer's typical maximum of ₦50,000"
TXN001689,2026-03-15,02:52:43,Sunday,CUST0063,Amaka Musa,0330885397,2813,Visa Debit,Access Bank,ATM Withdrawal,44078.54,446512.38,402433.84,"ATM_LG_004 - Surulere, Lagos",Kano,medium_spender,50000,150000,44078.54,Successful,SUSPICIOUS,Transaction at 02:52 — outside normal banking hours (midnight–4am)
TXN000661,2026-03-15,04:35:15,Sunday,CUST0020,Chibundo Adeyemi,6105295550,7171,Mastercard Debit,Fidelity Bank,Online Transfer,4091.12,473801.0,473801.0,"ATM_LG_003 - Lekki Phase 1, Lagos",Lagos,medium_spender,50000,150000,0,Successful,NORMAL,
TXN000126,2026-03-15,07:04:16,Sunday,CUST0004,Jide Lawal,9282010276,2329,Verve,UBA,POS Purchase,43865.23,439006.49,395141.26,"ATM_LG_004 - Surulere, Lagos",Lagos,medium_spender,50000,150000,306656.92,Successful,SUSPICIOUS,"Daily cumulative total ₦306,656.92 exceeds customer limit of ₦150,000"
TXN000662,2026-03-15,07:12:47,Sunday,CUST0020,Chibundo Adeyemi,6105295550,7171,Mastercard Debit,Fidelity Bank,Online Transfer,43578.14,393690.62,393690.62,"ATM_LG_003 - Lekki Phase 1, Lagos",Lagos,medium_spender,50000,150000,0,Successful,NORMAL,
TXN001383,2026-03-15,08:05:26,Sunday,CUST0051,Aisha Suleiman,2787994879,8601,Visa Credit,GTBank,Online Transfer,20367.47,456889.51,456889.51,"ATM_LG_003 - Lekki Phase 1, Lagos",Abuja,medium_spender,50000,150000,0,Successful,NORMAL,
TXN001614,2026-03-15,09:21:49,Sunday,CUST0060,Dayo Obi,7463734803,6570,Visa Debit,GTBank,ATM Withdrawal,1333.3,17110.84,15777.54,"ATM_LG_002 - Victoria Island, Lagos",Lagos,low_spender,10000,50000,2196.29,Successful,NORMAL,
TXN000908,2026-03-15,09:50:24,Sunday,CUST0033,Ngozi Babatunde,1091476249,8935,Verve,UBA,ATM Withdrawal,3581.28,80706.61,77125.33,"ATM_LG_002 - Victoria Island, Lagos",Ibadan,low_spender,10000,50000,3581.28,Declined,NORMAL,
TXN001221,2026-03-15,12:28:52,Sunday,CUST0046,Tunde Babatunde,9470820432,1291,Verve,Zenith Bank,Online Transfer,194323.54,1391216.12,1391216.12,"ATM_LG_003 - Lekki Phase 1, Lagos",Kaduna,high_spender,200000,500000,0,Successful,NORMAL,
TXN001384,2026-03-15,12:56:57,Sunday,CUST0051,Aisha Suleiman,2787994879,8601,Visa Credit,GTBank,Online Transfer,37077.93,441904.83,441904.83,"ATM_LG_003 - Lekki Phase 1, Lagos",Abuja,medium_spender,50000,150000,0,Successful,NORMAL,
TXN001385,2026-03-15,13:51:22,Sunday,CUST0051,Aisha Suleiman,2787994879,8601,Visa Credit,GTBank,ATM Withdrawal,160503.61,298913.32,138409.71,"ATM_AB_001 - Wuse Zone 5, Abuja",Abuja,medium_spender,50000,150000,160503.61,Declined,SUSPICIOUS,"Amount ₦160,503.61 is 3.2x above customer's typical maximum of ₦50,000"
TXN002184,2026-03-15,15:33:36,Sunday,CUST0079,Fatima Okonkwo,1782327517,9193,Mastercard Debit,Access Bank,ATM Withdrawal,146449.0,1584508.15,1438059.15,"ATM_LG_004 - Surulere, Lagos",Kano,high_spender,200000,500000,146449.0,Successful,NORMAL,
TXN001955,2026-03-15,16:11:08,Sunday,CUST0072,Uche Lawal,3911628692,4429,Visa Debit,Access Bank,ATM Withdrawal,150456.16,988809.47,838353.31,"ATM_LG_004 - Surulere, Lagos",Enugu,high_spender,200000,500000,150456.16,Successful,NORMAL,
TXN002144,2026-03-15,17:11:03,Sunday,CUST0078,Uche Salami,0072246503,5411,Visa Credit,Access Bank,ATM Balance Enquiry,42206.61,219824.3,219824.3,"ATM_LG_005 - Yaba, Lagos",Port Harcourt,medium_spender,50000,150000,0,Successful,NORMAL,
TXN002185,2026-03-15,18:48:13,Sunday,CUST0079,Fatima Okonkwo,1782327517,9193,Mastercard Debit,Access Bank,ATM Withdrawal,41682.29,1246376.83,1204694.54,"ATM_LG_004 - Surulere, Lagos",Kano,high_spender,200000,500000,188131.29,Successful,NORMAL,
TXN000889,2026-03-15,18:51:08,Sunday,CUST0032,Ola Suleiman,6422426142,7858,Verve,Zenith Bank,Online Transfer,2746.19,47923.38,47923.38,"ATM_EN_001 - Independence Layout, Enugu",Kano,low_spender,10000,50000,0,Successful,NORMAL,
TXN002072,2026-03-15,20:08:19,Sunday,CUST0076,Nneka Eze,5651997036,7616,Verve,GTBank,Online Transfer,5968.62,53804.22,53804.22,"ATM_LG_003 - Lekki Phase 1, Lagos",Ibadan,low_spender,10000,50000,0,Successful,NORMAL,
TXN001875,2026-03-15,21:18:48,Sunday,CUST0070,Uche Adeola,6486987091,8454,Verve,Zenith Bank,ATM Mini Statement,15982.89,434753.56,434753.56,ATM_KN_001 - Kano City Centre [HOME STATE: Abuja],Abuja,medium_spender,50000,150000,0,Successful,SUSPICIOUS,Card used at Ibadan ATM but customer is based in Abuja
TXN000185,2026-03-15,21:30:23,Sunday,CUST0006,Kemi Obi,2961112422,7715,Visa Credit,Stanbic IBTC,ATM Withdrawal,38937.62,1409372.55,1370434.93,"ATM_AB_003 - Maitama, Abuja",Port Harcourt,high_spender,200000,500000,38937.62,Successful,NORMAL,
TXN001956,2026-03-15,22:37:44,Sunday,CUST0072,Uche Lawal,3911628692,4429,Visa Debit,Access Bank,ATM Withdrawal,1283652.54,1072551.91,0,"ATM_LG_004 - Surulere, Lagos",Enugu,high_spender,200000,500000,1434108.7,Successful,SUSPICIOUS,"Amount ₦1,283,652.54 is 6.4x above customer's typical maximum of ₦200,000"
TXN001222,2026-03-15,22:49:13,Sunday,CUST0046,Tunde Babatunde,9470820432,1291,Verve,Zenith Bank,ATM Withdrawal,78392.54,1658508.34,1580115.8,"ATM_LG_003 - Lekki Phase 1, Lagos",Kaduna,high_spender,200000,500000,78392.54,Successful,NORMAL,
TXN000088,2026-03-15,23:01:12,Sunday,CUST0003,Nkechi Okonkwo,4806358178,4245,Mastercard Debit,GTBank,ATM Withdrawal,100541.49,271461.31,170919.82,"ATM_LG_003 - Lekki Phase 1, Lagos",Kano,high_spender,200000,500000,100541.49,Successful,NORMAL,
TXN001176,2026-03-15,23:42:39,Sunday,CUST0044,Uche Usman,2874900400,5082,Visa Credit,Stanbic IBTC,POS Purchase,42018.11,308334.11,266316.0,"ATM_LG_003 - Lekki Phase 1, Lagos",Kano,medium_spender,50000,150000,42018.11,Declined,NORMAL,
TXN001430,2026-03-16,02:07:17,Monday,CUST0053,Gbenga Okafor,0500303393,4495,Visa Credit,Zenith Bank,ATM Withdrawal,8025.57,94124.96,86099.39,"ATM_PH_001 - GRA Phase 2, Port Harcourt",Enugu,low_spender,10000,50000,8025.57,Successful,NORMAL,
TXN002228,2026-03-16,03:20:46,Monday,CUST0080,Ola Okonkwo,3342204457,4255,Visa Debit,UBA,POS Purchase,41649.43,252083.71,210434.28,"ATM_PH_001 - GRA Phase 2, Port Harcourt [HOME STATE: Benin City]",Benin City,medium_spender,50000,150000,41649.43,Declined,SUSPICIOUS,Card used at Port Harcourt ATM but customer is based in Benin City
TXN000995,2026-03-16,05:31:45,Monday,CUST0037,Rotimi Babatunde,8953520583,4419,Visa Credit,GTBank,POS Purchase,25805.24,425559.88,399754.64,"ATM_IB_001 - Ring Road, Ibadan",Enugu,medium_spender,50000,150000,25805.24,Successful,NORMAL,
TXN000996,2026-03-16,05:42:08,Monday,CUST0037,Rotimi Babatunde,8953520583,4419,Visa Credit,GTBank,POS Purchase,46977.98,242820.98,195843.0,"ATM_LG_005 - Yaba, Lagos",Enugu,medium_spender,50000,150000,72783.22,Declined,NORMAL,
TXN001464,2026-03-16,05:56:47,Monday,CUST0054,Jide Chukwu,5340712903,7552,Verve,GTBank,POS Purchase,7521.85,35440.3,27918.45,"ATM_AB_003 - Maitama, Abuja",Benin City,medium_spender,50000,150000,7521.85,Successful,NORMAL,
TXN001092,2026-03-16,07:04:47,Monday,CUST0040,Uche Bello,1352141056,6134,Verve,Zenith Bank,POS Purchase,43792.66,449309.45,405516.79,"ATM_LG_002 - Victoria Island, Lagos",Kaduna,medium_spender,50000,150000,43792.66,Declined,NORMAL,
TXN001810,2026-03-16,08:28:02,Monday,CUST0066,Ola Afolabi,2938289640,5620,Visa Debit,Access Bank,ATM Mini Statement,32071.31,474320.22,474320.22,"ATM_AB_002 - Garki Area 11, Abuja",Port Harcourt,medium_spender,50000,150000,0,Successful,NORMAL,
TXN000423,2026-03-16,08:28:13,Monday,CUST0013,Zainab Musa,1662475227,7373,Verve,Zenith Bank,ATM Withdrawal,100929.39,195819.63,94890.24,"ATM_LG_003 - Lekki Phase 1, Lagos",Port Harcourt,high_spender,200000,500000,100929.39,Successful,NORMAL,
TXN000795,2026-03-16,08:42:37,Monday,CUST0027,Nkechi Adeyemi,6382100233,6628,Visa Debit,First Bank,ATM Withdrawal,41482.05,114545.03,73062.98,"ATM_LG_004 - Surulere, Lagos",Abuja,medium_spender,50000,150000,41482.05,Declined,NORMAL,
TXN000021,2026-03-16,08:56:49,Monday,CUST0001,Gbenga Musa,6639233214,7276,Visa Credit,GTBank,POS Purchase,6541.22,22984.07,16442.85,"ATM_LG_005 - Yaba, Lagos",Kaduna,low_spender,10000,50000,6541.22,Successful,NORMAL,
TXN000737,2026-03-16,10:08:10,Monday,CUST0024,Ola Babatunde,4288813383,7897,Verve,Zenith Bank,POS Purchase,2316.28,25691.81,23375.53,"ATM_LG_001 - Ikeja Branch, Lagos",Enugu,medium_spender,50000,150000,2316.28,Successful,NORMAL,
TXN000738,2026-03-16,10:46:02,Monday,CUST0024,Ola Babatunde,4288813383,7897,Verve,Zenith Bank,POS Purchase,27630.71,294081.35,266450.64,"ATM_LG_004 - Surulere, Lagos",Enugu,medium_spender,50000,150000,29946.99,Successful,NORMAL,
TXN001093,2026-03-16,10:55:14,Monday,CUST0040,Uche Bello,1352141056,6134,Verve,Zenith Bank,POS Purchase,10130.95,262713.61,252582.66,"ATM_LG_002 - Victoria Island, Lagos",Kaduna,medium_spender,50000,150000,53923.61,Successful,NORMAL,
TXN001582,2026-03-16,12:17:42,Monday,CUST0058,Chisom Eze,2290020457,3375,Verve,GTBank,ATM Mini Statement,5358.02,5193.14,5193.14,"ATM_LG_002 - Victoria Island, Lagos",Enugu,low_spender,10000,50000,0,Successful,NORMAL,
TXN001267,2026-03-16,12:30:53,Monday,CUST0047,Musa Salami,6245202877,5548,Mastercard Debit,Zenith Bank,ATM Withdrawal,8857.69,365378.68,356520.99,"ATM_LG_005 - Yaba, Lagos",Kano,medium_spender,50000,150000,8857.69,Successful,NORMAL,
TXN000310,2026-03-16,15:21:25,Monday,CUST0010,Efua Chukwu,6997365350,6821,Mastercard Debit,Stanbic IBTC,POS Purchase,37286.61,1439689.52,1402402.91,"ATM_LG_004 - Surulere, Lagos",Ibadan,high_spender,200000,500000,37286.61,Successful,NORMAL,
TXN000389,2026-03-16,16:05:43,Monday,CUST0012,Uche Adeleke,7889943014,2238,Verve,Zenith Bank,ATM Balance Enquiry,100826.01,1935005.58,1935005.58,"ATM_LG_002 - Victoria Island, Lagos",Ibadan,high_spender,200000,500000,0,Successful,NORMAL,
TXN000186,2026-03-16,17:38:52,Monday,CUST0006,Kemi Obi,2961112422,7715,Visa Credit,Stanbic IBTC,POS Purchase,73234.49,1587638.13,1514403.64,"ATM_PH_002 - Trans-Amadi, Port Harcourt",Port Harcourt,high_spender,200000,500000,73234.49,Successful,NORMAL,
TXN001876,2026-03-16,19:39:50,Monday,CUST0070,Uche Adeola,6486987091,8454,Verve,Zenith Bank,ATM Withdrawal,47151.4,389705.71,342554.31,"ATM_LG_001 - Ikeja Branch, Lagos",Abuja,medium_spender,50000,150000,47151.4,Successful,NORMAL,
TXN000581,2026-03-16,20:15:28,Monday,CUST0018,Jide Suleiman,6342127803,7174,Visa Credit,Fidelity Bank,ATM Withdrawal,5090.12,134990.83,129900.71,"ATM_LG_002 - Victoria Island, Lagos",Abuja,medium_spender,50000,150000,5090.12,Successful,NORMAL,
TXN001615,2026-03-16,22:44:07,Monday,CUST0060,Dayo Obi,7463734803,6570,Visa Debit,GTBank,POS Purchase,7488.92,68880.14,61391.22,ATM_KN_001 - Kano City Centre,Lagos,low_spender,10000,50000,7488.92,Successful,NORMAL,
TXN001767,2026-03-16,23:01:20,Monday,CUST0065,Chidi Salami,7949487287,9802,Visa Debit,GTBank,ATM Balance Enquiry,8452.92,171162.83,171162.83,"ATM_LG_001 - Ikeja Branch, Lagos",Abuja,medium_spender,50000,150000,0,Successful,NORMAL,
TXN000739,2026-03-16,23:25:52,Monday,CUST0024,Ola Babatunde,4288813383,7897,Verve,Zenith Bank,Online Transfer,32817.86,443003.11,443003.11,"ATM_LG_004 - Surulere, Lagos",Enugu,medium_spender,50000,150000,29946.99,Successful,NORMAL,
TXN000452,2026-03-16,23:44:36,Monday,CUST0014,Dayo Babatunde,7962797218,4925,Visa Credit,Access Bank,POS Purchase,636.21,93325.64,92689.43,"ATM_LG_001 - Ikeja Branch, Lagos",Enugu,low_spender,10000,50000,636.21,Successful,NORMAL,
TXN000740,2026-03-17,00:24:05,Tuesday,CUST0024,Ola Babatunde,4288813383,7897,Verve,Zenith Bank,POS Purchase,19744.84,107113.85,87369.01,"ATM_LG_003 - Lekki Phase 1, Lagos",Enugu,medium_spender,50000,150000,19744.84,Successful,NORMAL,
TXN001592,2026-03-17,01:25:09,Tuesday,CUST0059,Yemi Salami,0346191820,4159,Mastercard Debit,GTBank,Online Transfer,7050.79,50943.63,50943.63,"ATM_LG_005 - Yaba, Lagos",Kaduna,low_spender,10000,50000,0,Successful,NORMAL,
TXN001465,2026-03-17,01:38:10,Tuesday,CUST0054,Jide Chukwu,5340712903,7552,Verve,GTBank,POS Purchase,28522.89,152536.9,124014.01,"ATM_LG_003 - Lekki Phase 1, Lagos",Benin City,medium_spender,50000,150000,28522.89,Successful,NORMAL,
TXN000187,2026-03-17,02:33:41,Tuesday,CUST0006,Kemi Obi,2961112422,7715,Visa Credit,Stanbic IBTC,POS Purchase,102252.28,1088843.31,986591.03,"ATM_LG_003 - Lekki Phase 1, Lagos",Port Harcourt,high_spender,200000,500000,102252.28,Successful,NORMAL,
TXN000089,2026-03-17,03:16:28,Tuesday,CUST0003,Nkechi Okonkwo,4806358178,4245,Mastercard Debit,GTBank,ATM Withdrawal,162835.5,1531094.44,1368258.94,"ATM_LG_004 - Surulere, Lagos",Kano,high_spender,200000,500000,162835.5,Successful,NORMAL,
TXN001094,2026-03-17,03:28:51,Tuesday,CUST0040,Uche Bello,1352141056,6134,Verve,Zenith Bank,ATM Withdrawal,5273.0,291228.71,285955.71,"ATM_IB_001 - Ring Road, Ibadan [HOME STATE: Kaduna]",Kaduna,medium_spender,50000,150000,5273.0,Successful,SUSPICIOUS,Card used at Abuja ATM but customer is based in Kaduna
TXN000052,2026-03-17,03:33:16,Tuesday,CUST0002,Efua Babatunde,9356327295,2359,Visa Credit,Zenith Bank,ATM Withdrawal,47224.9,40945.84,0,"ATM_LG_001 - Ikeja Branch, Lagos",Kaduna,medium_spender,50000,150000,47224.9,Successful,NORMAL,
TXN000663,2026-03-17,05:37:40,Tuesday,CUST0020,Chibundo Adeyemi,6105295550,7171,Mastercard Debit,Fidelity Bank,ATM Withdrawal,372360.52,125661.11,0,"ATM_LG_003 - Lekki Phase 1, Lagos",Lagos,medium_spender,50000,150000,372360.52,Declined,SUSPICIOUS,"Amount ₦372,360.52 is 7.4x above customer's typical maximum of ₦50,000"
TXN002054,2026-03-17,06:17:08,Tuesday,CUST0075,Seun Nwosu,6803179670,4072,Visa Credit,GTBank,ATM Mini Statement,3806.88,31831.79,31831.79,ATM_KN_001 - Kano City Centre [HOME STATE: Kano],Kano,low_spender,10000,50000,0,Declined,SUSPICIOUS,Card used at Enugu ATM but customer is based in Kano
TXN000209,2026-03-17,08:23:31,Tuesday,CUST0007,Ola Usman,1521840905,4544,Visa Credit,First Bank,POS Purchase,32778.83,66109.43,33330.6,"ATM_LG_005 - Yaba, Lagos",Enugu,low_spender,10000,50000,32778.83,Successful,SUSPICIOUS,"High-value transaction ₦32,778.83 flagged for velocity check"
TXN000664,2026-03-17,09:10:52,Tuesday,CUST0020,Chibundo Adeyemi,6105295550,7171,Mastercard Debit,Fidelity Bank,ATM Withdrawal,4910.2,117165.85,112255.65,"ATM_LG_005 - Yaba, Lagos",Lagos,medium_spender,50000,150000,377270.72,Successful,SUSPICIOUS,"Daily cumulative total ₦377,270.72 exceeds customer limit of ₦150,000"
TXN001986,2026-03-17,09:33:29,Tuesday,CUST0073,Tobi Musa,2381163847,4263,Visa Credit,UBA,Online Transfer,28968.65,254789.97,254789.97,"ATM_LG_002 - Victoria Island, Lagos",Enugu,medium_spender,50000,150000,0,Successful,NORMAL,
TXN002102,2026-03-17,11:45:26,Tuesday,CUST0077,Chibundo Adeola,1374759620,2208,Verve,UBA,Online Transfer,26307.57,445361.94,445361.94,"ATM_LG_004 - Surulere, Lagos",Ibadan,medium_spender,50000,150000,0,Successful,NORMAL,
TXN001223,2026-03-17,12:07:37,Tuesday,CUST0046,Tunde Babatunde,9470820432,1291,Verve,Zenith Bank,ATM Withdrawal,74993.61,770960.58,695966.97,"ATM_EN_001 - Independence Layout, Enugu",Kaduna,high_spender,200000,500000,74993.61,Successful,NORMAL,
TXN001048,2026-03-17,12:36:08,Tuesday,CUST0039,Tunde Nwosu,8518405632,1659,Visa Credit,Zenith Bank,ATM Withdrawal,40474.45,364704.21,324229.76,"ATM_PH_002 - Trans-Amadi, Port Harcourt",Kaduna,medium_spender,50000,150000,40474.45,Declined,NORMAL,
TXN002103,2026-03-17,13:03:10,Tuesday,CUST0077,Chibundo Adeola,1374759620,2208,Verve,UBA,Online Transfer,11311.82,473494.75,473494.75,"ATM_LG_004 - Surulere, Lagos",Ibadan,medium_spender,50000,150000,0,Successful,NORMAL,
TXN002104,2026-03-17,13:09:17,Tuesday,CUST0077,Chibundo Adeola,1374759620,2208,Verve,UBA,Online Transfer,21331.96,417065.09,417065.09,"ATM_LG_001 - Ikeja Branch, Lagos",Ibadan,medium_spender,50000,150000,0,Successful,NORMAL,
TXN001616,2026-03-17,14:41:23,Tuesday,CUST0060,Dayo Obi,7463734803,6570,Visa Debit,GTBank,Online Transfer,5338.01,81429.0,81429.0,"ATM_LG_002 - Victoria Island, Lagos",Lagos,low_spender,10000,50000,0,Successful,NORMAL,
TXN000022,2026-03-17,15:44:11,Tuesday,CUST0001,Gbenga Musa,6639233214,7276,Visa Credit,GTBank,ATM Withdrawal,3062.1,36885.86,33823.76,"ATM_LG_005 - Yaba, Lagos",Kaduna,low_spender,10000,50000,3062.1,Successful,NORMAL,
TXN001831,2026-03-17,16:28:40,Tuesday,CUST0067,Taiwo Bello,4522759725,7104,Verve,GTBank,POS Purchase,1884.34,52551.91,50667.57,"ATM_LG_004 - Surulere, Lagos",Abuja,low_spender,10000,50000,1884.34,Successful,NORMAL,
TXN000273,2026-03-17,18:10:08,Tuesday,CUST0009,Jide Adeyemi,1764184578,3085,Visa Credit,Fidelity Bank,ATM Withdrawal,31873.44,105885.5,74012.06,"ATM_PH_001 - GRA Phase 2, Port Harcourt",Kano,medium_spender,50000,150000,31873.44,Successful,NORMAL,
TXN000469,2026-03-17,19:37:45,Tuesday,CUST0015,Ola Adeleke,9840956422,1778,Mastercard Debit,UBA,Online Transfer,5084.18,49725.89,49725.89,"ATM_LG_002 - Victoria Island, Lagos",Ibadan,low_spender,10000,50000,0,Successful,NORMAL,
TXN001503,2026-03-17,21:09:33,Tuesday,CUST0055,Fatima Okafor,4770704891,6439,Visa Debit,GTBank,POS Purchase,198616.82,1076524.43,877907.61,"ATM_LG_003 - Lekki Phase 1, Lagos",Enugu,high_spender,200000,500000,198616.82,Successful,NORMAL,
TXN000053,2026-03-17,21:34:11,Tuesday,CUST0002,Efua Babatunde,9356327295,2359,Visa Credit,Zenith Bank,POS Purchase,29218.57,59513.55,30294.98,"ATM_LG_004 - Surulere, Lagos",Kaduna,medium_spender,50000,150000,76443.47,Successful,NORMAL,
TXN001411,2026-03-17,22:47:01,Tuesday,CUST0052,Sola Okafor,7066503218,8039,Mastercard Debit,GTBank,ATM Mini Statement,45488.43,50502.56,50502.56,"ATM_LG_003 - Lekki Phase 1, Lagos",Port Harcourt,low_spender,10000,50000,0,Successful,SUSPICIOUS,"Amount ₦45,488.43 is 4.5x above customer's typical maximum of ₦10,000"
TXN000705,2026-03-17,23:22:06,Tuesday,CUST0023,Zainab Okeke,7915823973,2645,Mastercard Debit,First Bank,ATM Withdrawal,8076.12,94789.74,86713.62,"ATM_AB_001 - Wuse Zone 5, Abuja",Port Harcourt,low_spender,10000,50000,8076.12,Successful,NORMAL,
TXN000390,2026-03-18,01:22:40,Wednesday,CUST0012,Uche Adeleke,7889943014,2238,Verve,Zenith Bank,ATM Mini Statement,18307.61,255468.26,255468.26,"ATM_LG_002 - Victoria Island, Lagos",Ibadan,high_spender,200000,500000,0,Successful,NORMAL,
TXN001659,2026-03-18,03:06:01,Wednesday,CUST0062,Jide Nwosu,7690627387,6253,Verve,Fidelity Bank,POS Purchase,2271.53,92948.73,90677.2,"ATM_PH_002 - Trans-Amadi, Port Harcourt",Ibadan,low_spender,10000,50000,2271.53,Declined,NORMAL,
TXN001841,2026-03-18,05:04:08,Wednesday,CUST0068,Gbenga Okonkwo,9274472394,1478,Visa Debit,Stanbic IBTC,ATM Withdrawal,7437.85,30577.83,23139.98,"ATM_LG_002 - Victoria Island, Lagos",Kaduna,low_spender,10000,50000,7437.85,Successful,NORMAL,
TXN000453,2026-03-18,06:27:49,Wednesday,CUST0014,Dayo Babatunde,7962797218,4925,Visa Credit,Access Bank,ATM Balance Enquiry,5325.79,22000.99,22000.99,"ATM_AB_002 - Garki Area 11, Abuja",Enugu,low_spender,10000,50000,0,Successful,NORMAL,
TXN000769,2026-03-18,06:36:54,Wednesday,CUST0025,Amaka Adeyemi,3100605304,4032,Verve,GTBank,POS Purchase,7239.01,75894.8,68655.79,"ATM_LG_001 - Ikeja Branch, Lagos",Enugu,low_spender,10000,50000,7239.01,Successful,NORMAL,
TXN001690,2026-03-18,06:51:08,Wednesday,CUST0063,Amaka Musa,0330885397,2813,Visa Debit,Access Bank,POS Purchase,48708.78,132504.73,83795.95,"ATM_LG_004 - Surulere, Lagos",Kano,medium_spender,50000,150000,48708.78,Successful,NORMAL,
TXN000424,2026-03-18,07:53:28,Wednesday,CUST0013,Zainab Musa,1662475227,7373,Verve,Zenith Bank,Online Transfer,91940.74,845797.0,845797.0,"ATM_LG_003 - Lekki Phase 1, Lagos",Port Harcourt,high_spender,200000,500000,0,Successful,NORMAL,
TXN000741,2026-03-18,08:00:16,Wednesday,CUST0024,Ola Babatunde,4288813383,7897,Verve,Zenith Bank,ATM Mini Statement,12461.28,325588.97,325588.97,"ATM_LG_001 - Ikeja Branch, Lagos",Enugu,medium_spender,50000,150000,0,Successful,NORMAL,
TXN000508,2026-03-18,08:55:41,Wednesday,CUST0016,Adebayo Musa,7063317244,6982,Mastercard Debit,Fidelity Bank,ATM Withdrawal,71036.42,1811266.05,1740229.63,"ATM_LG_005 - Yaba, Lagos",Enugu,high_spender,200000,500000,71036.42,Successful,NORMAL,
TXN000425,2026-03-18,11:11:20,Wednesday,CUST0013,Zainab Musa,1662475227,7373,Verve,Zenith Bank,Online Transfer,180102.64,1568700.16,1568700.16,"ATM_LG_003 - Lekki Phase 1, Lagos",Port Harcourt,high_spender,200000,500000,0,Successful,NORMAL,
TXN001691,2026-03-18,11:16:38,Wednesday,CUST0063,Amaka Musa,0330885397,2813,Visa Debit,Access Bank,ATM Withdrawal,42074.75,336027.36,293952.61,"ATM_LG_004 - Surulere, Lagos",Kano,medium_spender,50000,150000,90783.53,Successful,NORMAL,
TXN000311,2026-03-18,11:19:04,Wednesday,CUST0010,Efua Chukwu,6997365350,6821,Mastercard Debit,Stanbic IBTC,POS Purchase,149186.39,347348.39,198162.0,"ATM_LG_004 - Surulere, Lagos",Ibadan,high_spender,200000,500000,149186.39,Successful,NORMAL,
TXN001504,2026-03-18,13:01:35,Wednesday,CUST0055,Fatima Okafor,4770704891,6439,Visa Debit,GTBank,POS Purchase,162878.35,1896066.99,1733188.64,"ATM_LG_003 - Lekki Phase 1, Lagos",Enugu,high_spender,200000,500000,162878.35,Successful,NORMAL,
TXN001957,2026-03-18,13:42:42,Wednesday,CUST0072,Uche Lawal,3911628692,4429,Visa Debit,Access Bank,POS Purchase,39581.14,820519.44,780938.3,"ATM_PH_002 - Trans-Amadi, Port Harcourt",Enugu,high_spender,200000,500000,39581.14,Successful,NORMAL,
TXN000426,2026-03-18,13:53:07,Wednesday,CUST0013,Zainab Musa,1662475227,7373,Verve,Zenith Bank,POS Purchase,145349.67,1794584.3,1649234.63,"ATM_LG_003 - Lekki Phase 1, Lagos",Port Harcourt,high_spender,200000,500000,145349.67,Successful,NORMAL,
TXN000665,2026-03-18,15:50:17,Wednesday,CUST0020,Chibundo Adeyemi,6105295550,7171,Mastercard Debit,Fidelity Bank,POS Purchase,22026.9,96527.76,74500.86,"ATM_LG_003 - Lekki Phase 1, Lagos",Lagos,medium_spender,50000,150000,22026.9,Successful,NORMAL,
TXN001313,2026-03-18,17:39:57,Wednesday,CUST0049,Musa Adeleke,3362363512,1975,Visa Credit,GTBank,Online Transfer,4845.67,18008.76,18008.76,"ATM_AB_002 - Garki Area 11, Abuja [HOME STATE: Ibadan]",Ibadan,low_spender,10000,50000,0,Successful,SUSPICIOUS,Card used at Enugu ATM but customer is based in Ibadan
TXN000545,2026-03-18,17:40:19,Wednesday,CUST0017,Chidi Bello,1122281086,3728,Mastercard Debit,Zenith Bank,ATM Withdrawal,21426.38,243758.46,222332.08,"ATM_LG_003 - Lekki Phase 1, Lagos",Lagos,medium_spender,50000,150000,21426.38,Declined,NORMAL,
TXN001412,2026-03-18,18:36:00,Wednesday,CUST0052,Sola Okafor,7066503218,8039,Mastercard Debit,GTBank,ATM Withdrawal,1749.05,51767.85,50018.8,"ATM_LG_003 - Lekki Phase 1, Lagos",Port Harcourt,low_spender,10000,50000,1749.05,Successful,NORMAL,
TXN001413,2026-03-18,20:30:00,Wednesday,CUST0052,Sola Okafor,7066503218,8039,Mastercard Debit,GTBank,ATM Withdrawal,8137.33,26653.73,18516.4,"ATM_LG_003 - Lekki Phase 1, Lagos",Port Harcourt,low_spender,10000,50000,9886.38,Declined,NORMAL,
TXN001854,2026-03-18,20:37:08,Wednesday,CUST0069,Sola Ogundipe,9848126899,3976,Visa Debit,First Bank,POS Purchase,2465.81,7782.98,5317.17,"ATM_EN_001 - Independence Layout, Enugu [HOME STATE: Abuja]",Abuja,low_spender,10000,50000,2465.81,Declined,SUSPICIOUS,Card used at Kaduna ATM but customer is based in Abuja
TXN000546,2026-03-18,20:54:25,Wednesday,CUST0017,Chidi Bello,1122281086,3728,Mastercard Debit,Zenith Bank,ATM Withdrawal,49590.88,136944.36,87353.48,"ATM_LG_003 - Lekki Phase 1, Lagos",Lagos,medium_spender,50000,150000,71017.26,Successful,NORMAL,
TXN000391,2026-03-18,22:17:38,Wednesday,CUST0012,Uche Adeleke,7889943014,2238,Verve,Zenith Bank,Online Transfer,109871.07,420775.97,420775.97,"ATM_LG_002 - Victoria Island, Lagos",Ibadan,high_spender,200000,500000,0,Successful,NORMAL,
TXN001268,2026-03-18,23:13:21,Wednesday,CUST0047,Musa Salami,6245202877,5548,Mastercard Debit,Zenith Bank,ATM Withdrawal,14241.65,361260.26,347018.61,"ATM_AB_003 - Maitama, Abuja",Kano,medium_spender,50000,150000,14241.65,Successful,NORMAL,
TXN000470,2026-03-19,00:26:41,Thursday,CUST0015,Ola Adeleke,9840956422,1778,Mastercard Debit,UBA,ATM Withdrawal,32160.51,40067.57,7907.06,"ATM_LG_002 - Victoria Island, Lagos",Ibadan,low_spender,10000,50000,32160.51,Declined,SUSPICIOUS,"High-value transaction ₦32,160.51 flagged for velocity check"
TXN000349,2026-03-19,00:30:33,Thursday,CUST0011,Bola Afolabi,3656018830,9554,Visa Credit,GTBank,ATM Withdrawal,23999.77,324029.35,300029.58,"ATM_PH_002 - Trans-Amadi, Port Harcourt",Ibadan,medium_spender,50000,150000,23999.77,Successful,NORMAL,
TXN000427,2026-03-19,02:40:43,Thursday,CUST0013,Zainab Musa,1662475227,7373,Verve,Zenith Bank,Online Transfer,137009.75,1707915.12,1707915.12,"ATM_AB_002 - Garki Area 11, Abuja",Port Harcourt,high_spender,200000,500000,0,Successful,NORMAL,
TXN001768,2026-03-19,02:58:37,Thursday,CUST0065,Chidi Salami,7949487287,9802,Visa Debit,GTBank,ATM Mini Statement,39336.37,182406.46,182406.46,"ATM_LG_003 - Lekki Phase 1, Lagos",Abuja,medium_spender,50000,150000,0,Successful,NORMAL,
TXN001958,2026-03-19,03:11:36,Thursday,CUST0072,Uche Lawal,3911628692,4429,Visa Debit,Access Bank,ATM Withdrawal,66192.28,202590.04,136397.76,"ATM_PH_001 - GRA Phase 2, Port Harcourt",Enugu,high_spender,200000,500000,66192.28,Successful,NORMAL,
TXN000623,2026-03-19,03:36:53,Thursday,CUST0019,Tunde Eze,2754590960,5925,Verve,Zenith Bank,ATM Withdrawal,199675.49,1446088.45,1246412.96,"ATM_LG_004 - Surulere, Lagos",Abuja,high_spender,200000,500000,199675.49,Successful,NORMAL,
TXN000961,2026-03-19,03:53:49,Thursday,CUST0036,Chibundo Obi,2442831915,1411,Visa Debit,First Bank,ATM Withdrawal,1276.69,37432.61,36155.92,"ATM_LG_004 - Surulere, Lagos",Ibadan,low_spender,10000,50000,1276.69,Declined,NORMAL,
TXN000624,2026-03-19,04:38:56,Thursday,CUST0019,Tunde Eze,2754590960,5925,Verve,Zenith Bank,POS Purchase,126441.68,1729571.3,1603129.62,ATM_KN_001 - Kano City Centre [HOME STATE: Abuja],Abuja,high_spender,200000,500000,326117.17,Declined,SUSPICIOUS,Card used at Lagos ATM but customer is based in Abuja
TXN001049,2026-03-19,05:33:05,Thursday,CUST0039,Tunde Nwosu,8518405632,1659,Visa Credit,Zenith Bank,ATM Withdrawal,306664.25,450292.93,143628.68,"ATM_PH_001 - GRA Phase 2, Port Harcourt",Kaduna,medium_spender,50000,150000,306664.25,Declined,SUSPICIOUS,"Amount ₦306,664.25 is 6.1x above customer's typical maximum of ₦50,000"
TXN000188,2026-03-19,05:44:10,Thursday,CUST0006,Kemi Obi,2961112422,7715,Visa Credit,Stanbic IBTC,ATM Balance Enquiry,174672.98,1869141.47,1869141.47,"ATM_AB_002 - Garki Area 11, Abuja",Port Harcourt,high_spender,200000,500000,0,Successful,NORMAL,
TXN001346,2026-03-19,07:02:14,Thursday,CUST0050,Nkechi Eze,5802869654,3762,Mastercard Debit,First Bank,ATM Withdrawal,23947.7,164224.67,140276.97,"ATM_LG_004 - Surulere, Lagos",Benin City,medium_spender,50000,150000,23947.7,Successful,NORMAL,
TXN001177,2026-03-19,08:18:08,Thursday,CUST0044,Uche Usman,2874900400,5082,Visa Credit,Stanbic IBTC,POS Purchase,29943.19,168438.59,138495.4,"ATM_LG_003 - Lekki Phase 1, Lagos",Kano,medium_spender,50000,150000,29943.19,Successful,NORMAL,
TXN000274,2026-03-19,08:19:51,Thursday,CUST0009,Jide Adeyemi,1764184578,3085,Visa Credit,Fidelity Bank,POS Purchase,307697.93,456239.26,148541.33,"ATM_LG_003 - Lekki Phase 1, Lagos",Kano,medium_spender,50000,150000,307697.93,Successful,SUSPICIOUS,"Amount ₦307,697.93 is 6.2x above customer's typical maximum of ₦50,000"
TXN001692,2026-03-19,08:42:03,Thursday,CUST0063,Amaka Musa,0330885397,2813,Visa Debit,Access Bank,ATM Mini Statement,43546.24,49665.91,49665.91,"ATM_EN_001 - Independence Layout, Enugu",Kano,medium_spender,50000,150000,0,Reversed,NORMAL,
TXN000428,2026-03-19,10:20:23,Thursday,CUST0013,Zainab Musa,1662475227,7373,Verve,Zenith Bank,POS Purchase,191783.86,1148705.99,956922.13,"ATM_LG_003 - Lekki Phase 1, Lagos",Port Harcourt,high_spender,200000,500000,191783.86,Successful,NORMAL,
TXN000582,2026-03-19,12:33:48,Thursday,CUST0018,Jide Suleiman,6342127803,7174,Visa Credit,Fidelity Bank,Online Transfer,49303.23,110737.24,110737.24,"ATM_LG_002 - Victoria Island, Lagos",Abuja,medium_spender,50000,150000,0,Successful,NORMAL,
TXN001565,2026-03-19,14:10:19,Thursday,CUST0057,Tunde Okafor,1565330284,7497,Mastercard Debit,First Bank,ATM Mini Statement,121710.75,1751674.93,1751674.93,"ATM_LG_004 - Surulere, Lagos",Ibadan,high_spender,200000,500000,0,Successful,NORMAL,
TXN000770,2026-03-19,15:07:03,Thursday,CUST0025,Amaka Adeyemi,3100605304,4032,Verve,GTBank,Online Transfer,7519.64,67875.78,67875.78,"ATM_LG_001 - Ikeja Branch, Lagos",Enugu,low_spender,10000,50000,0,Successful,NORMAL,
TXN000312,2026-03-19,16:12:46,Thursday,CUST0010,Efua Chukwu,6997365350,6821,Mastercard Debit,Stanbic IBTC,ATM Withdrawal,132958.83,1238199.0,1105240.17,"ATM_LG_004 - Surulere, Lagos",Ibadan,high_spender,200000,500000,132958.83,Successful,NORMAL,
TXN001769,2026-03-19,17:23:57,Thursday,CUST0065,Chidi Salami,7949487287,9802,Visa Debit,GTBank,ATM Withdrawal,49107.92,403028.64,353920.72,"ATM_LG_001 - Ikeja Branch, Lagos",Abuja,medium_spender,50000,150000,49107.92,Declined,NORMAL,
TXN000054,2026-03-19,17:44:07,Thursday,CUST0002,Efua Babatunde,9356327295,2359,Visa Credit,Zenith Bank,ATM Withdrawal,3831.66,488936.32,485104.66,"ATM_LG_001 - Ikeja Branch, Lagos",Kaduna,medium_spender,50000,150000,3831.66,Successful,NORMAL,
TXN001770,2026-03-19,18:00:19,Thursday,CUST0065,Chidi Salami,7949487287,9802,Visa Debit,GTBank,ATM Withdrawal,18405.63,222714.04,204308.41,"ATM_PH_002 - Trans-Amadi, Port Harcourt",Abuja,medium_spender,50000,150000,67513.55,Successful,NORMAL,
TXN000997,2026-03-19,20:02:52,Thursday,CUST0037,Rotimi Babatunde,8953520583,4419,Visa Credit,GTBank,ATM Withdrawal,7198.61,124363.38,117164.77,"ATM_LG_004 - Surulere, Lagos",Enugu,medium_spender,50000,150000,7198.61,Successful,NORMAL,
TXN001811,2026-03-19,20:19:46,Thursday,CUST0066,Ola Afolabi,2938289640,5620,Visa Debit,Access Bank,ATM Withdrawal,14134.73,430760.02,416625.29,"ATM_IB_001 - Ring Road, Ibadan",Port Harcourt,medium_spender,50000,150000,14134.73,Declined,NORMAL,
TXN001296,2026-03-19,22:00:14,Thursday,CUST0048,Yemi Lawal,0868927381,7500,Mastercard Debit,Fidelity Bank,Online Transfer,2687.11,343951.52,343951.52,"ATM_LG_001 - Ikeja Branch, Lagos",Abuja,medium_spender,50000,150000,0,Successful,NORMAL,
TXN001987,2026-03-19,22:10:54,Thursday,CUST0073,Tobi Musa,2381163847,4263,Visa Credit,UBA,Online Transfer,8708.22,351069.75,351069.75,"ATM_LG_005 - Yaba, Lagos",Enugu,medium_spender,50000,150000,0,Successful,NORMAL,
TXN000583,2026-03-19,22:16:07,Thursday,CUST0018,Jide Suleiman,6342127803,7174,Visa Credit,Fidelity Bank,ATM Withdrawal,45336.97,327897.19,282560.22,"ATM_PH_001 - GRA Phase 2, Port Harcourt",Abuja,medium_spender,50000,150000,45336.97,Successful,NORMAL,
TXN001095,2026-03-19,22:55:25,Thursday,CUST0040,Uche Bello,1352141056,6134,Verve,Zenith Bank,POS Purchase,41552.14,328426.86,286874.72,"ATM_LG_002 - Victoria Island, Lagos",Kaduna,medium_spender,50000,150000,41552.14,Successful,NORMAL,
TXN001297,2026-03-20,03:49:21,Friday,CUST0048,Yemi Lawal,0868927381,7500,Mastercard Debit,Fidelity Bank,ATM Mini Statement,44939.66,463700.0,463700.0,"ATM_LG_001 - Ikeja Branch, Lagos",Abuja,medium_spender,50000,150000,0,Successful,NORMAL,
TXN000706,2026-03-20,04:52:45,Friday,CUST0023,Zainab Okeke,7915823973,2645,Mastercard Debit,First Bank,ATM Withdrawal,3938.88,47247.48,43308.6,"ATM_AB_001 - Wuse Zone 5, Abuja [HOME STATE: Port Harcourt]",Port Harcourt,low_spender,10000,50000,3938.88,Successful,SUSPICIOUS,Card used at Abuja ATM but customer is based in Port Harcourt
TXN002145,2026-03-20,05:36:57,Friday,CUST0078,Uche Salami,0072246503,5411,Visa Credit,Access Bank,Online Transfer,15791.93,361451.06,361451.06,"ATM_LG_005 - Yaba, Lagos",Port Harcourt,medium_spender,50000,150000,0,Successful,NORMAL,
TXN001224,2026-03-20,06:15:58,Friday,CUST0046,Tunde Babatunde,9470820432,1291,Verve,Zenith Bank,ATM Withdrawal,20237.01,1183047.79,1162810.78,"ATM_LG_003 - Lekki Phase 1, Lagos",Kaduna,high_spender,200000,500000,20237.01,Declined,NORMAL,
TXN001135,2026-03-20,06:38:03,Friday,CUST0042,Kemi Okonkwo,5073717438,1620,Verve,UBA,Online Transfer,36993.05,169651.2,169651.2,"ATM_LG_005 - Yaba, Lagos",Kano,medium_spender,50000,150000,0,Successful,NORMAL,
TXN001812,2026-03-20,07:05:17,Friday,CUST0066,Ola Afolabi,2938289640,5620,Visa Debit,Access Bank,Online Transfer,14648.79,343659.73,343659.73,"ATM_LG_005 - Yaba, Lagos",Port Harcourt,medium_spender,50000,150000,0,Successful,NORMAL,
TXN001813,2026-03-20,07:15:14,Friday,CUST0066,Ola Afolabi,2938289640,5620,Visa Debit,Access Bank,POS Purchase,44153.26,27870.37,0,"ATM_LG_005 - Yaba, Lagos",Port Harcourt,medium_spender,50000,150000,44153.26,Successful,NORMAL,
TXN000816,2026-03-20,07:17:07,Friday,CUST0029,Nkechi Adeyemi,1449933778,1276,Visa Debit,Fidelity Bank,ATM Withdrawal,4689.46,10745.59,6056.13,"ATM_LG_003 - Lekki Phase 1, Lagos",Lagos,low_spender,10000,50000,4689.46,Successful,NORMAL,
TXN001178,2026-03-20,07:25:14,Friday,CUST0044,Uche Usman,2874900400,5082,Visa Credit,Stanbic IBTC,ATM Mini Statement,7689.28,454320.48,454320.48,"ATM_AB_001 - Wuse Zone 5, Abuja",Kano,medium_spender,50000,150000,0,Successful,NORMAL,
TXN000864,2026-03-20,12:15:36,Friday,CUST0031,Emeka Suleiman,9100912636,1290,Mastercard Debit,Fidelity Bank,ATM Balance Enquiry,44606.93,90089.74,90089.74,"ATM_LG_001 - Ikeja Branch, Lagos",Abuja,medium_spender,50000,150000,0,Successful,NORMAL,
TXN001179,2026-03-20,12:29:01,Friday,CUST0044,Uche Usman,2874900400,5082,Visa Credit,Stanbic IBTC,POS Purchase,27527.16,257964.24,230437.08,"ATM_LG_003 - Lekki Phase 1, Lagos",Kano,medium_spender,50000,150000,27527.16,Successful,NORMAL,
TXN000350,2026-03-20,12:40:56,Friday,CUST0011,Bola Afolabi,3656018830,9554,Visa Credit,GTBank,ATM Balance Enquiry,40661.3,433246.24,433246.24,"ATM_LG_004 - Surulere, Lagos",Ibadan,medium_spender,50000,150000,0,Successful,NORMAL,
TXN001728,2026-03-20,13:12:44,Friday,CUST0064,Ngozi Babatunde,1232261941,4967,Visa Debit,Fidelity Bank,POS Purchase,31599.19,417445.51,385846.32,"ATM_LG_005 - Yaba, Lagos",Benin City,medium_spender,50000,150000,31599.19,Successful,NORMAL,
TXN000023,2026-03-20,13:33:06,Friday,CUST0001,Gbenga Musa,6639233214,7276,Visa Credit,GTBank,ATM Withdrawal,8541.47,46162.96,37621.49,"ATM_AB_001 - Wuse Zone 5, Abuja",Kaduna,low_spender,10000,50000,8541.47,Successful,NORMAL,
TXN000796,2026-03-20,17:22:03,Friday,CUST0027,Nkechi Adeyemi,6382100233,6628,Visa Debit,First Bank,ATM Withdrawal,2910.02,213527.56,210617.54,"ATM_LG_004 - Surulere, Lagos",Abuja,medium_spender,50000,150000,2910.02,Successful,NORMAL,
TXN000471,2026-03-20,18:06:37,Friday,CUST0015,Ola Adeleke,9840956422,1778,Mastercard Debit,UBA,ATM Withdrawal,2119.48,15903.87,13784.39,"ATM_LG_005 - Yaba, Lagos",Ibadan,low_spender,10000,50000,2119.48,Successful,NORMAL,
TXN001505,2026-03-20,18:54:57,Friday,CUST0055,Fatima Okafor,4770704891,6439,Visa Debit,GTBank,Online Transfer,153284.72,949416.04,949416.04,"ATM_LG_003 - Lekki Phase 1, Lagos",Enugu,high_spender,200000,500000,0,Successful,NORMAL,
TXN002026,2026-03-20,20:00:26,Friday,CUST0074,Adebayo Okeke,7232677456,6745,Visa Credit,UBA,POS Purchase,26044.03,184244.41,158200.38,"ATM_LG_003 - Lekki Phase 1, Lagos",Lagos,medium_spender,50000,150000,26044.03,Successful,NORMAL,
TXN001466,2026-03-20,22:17:57,Friday,CUST0054,Jide Chukwu,5340712903,7552,Verve,GTBank,ATM Withdrawal,10286.97,364717.95,354430.98,"ATM_LG_003 - Lekki Phase 1, Lagos",Benin City,medium_spender,50000,150000,10286.97,Successful,NORMAL,
TXN000865,2026-03-20,23:00:36,Friday,CUST0031,Emeka Suleiman,9100912636,1290,Mastercard Debit,Fidelity Bank,POS Purchase,27578.35,379967.96,352389.61,"ATM_LG_001 - Ikeja Branch, Lagos",Abuja,medium_spender,50000,150000,27578.35,Successful,NORMAL,
TXN000509,2026-03-21,00:58:13,Saturday,CUST0016,Adebayo Musa,7063317244,6982,Mastercard Debit,Fidelity Bank,POS Purchase,44423.29,1321033.77,1276610.48,"ATM_LG_005 - Yaba, Lagos",Enugu,high_spender,200000,500000,44423.29,Declined,NORMAL,
TXN000429,2026-03-21,00:58:41,Saturday,CUST0013,Zainab Musa,1662475227,7373,Verve,Zenith Bank,Online Transfer,179303.75,524185.5,524185.5,"ATM_LG_003 - Lekki Phase 1, Lagos",Port Harcourt,high_spender,200000,500000,0,Successful,NORMAL,
TXN000189,2026-03-21,01:32:45,Saturday,CUST0006,Kemi Obi,2961112422,7715,Visa Credit,Stanbic IBTC,ATM Balance Enquiry,88173.82,516199.89,516199.89,"ATM_LG_001 - Ikeja Branch, Lagos",Port Harcourt,high_spender,200000,500000,0,Successful,NORMAL,
TXN002105,2026-03-21,02:37:46,Saturday,CUST0077,Chibundo Adeola,1374759620,2208,Verve,UBA,ATM Withdrawal,34429.21,169236.82,134807.61,"ATM_LG_004 - Surulere, Lagos",Ibadan,medium_spender,50000,150000,34429.21,Successful,NORMAL,
TXN001617,2026-03-21,02:43:00,Saturday,CUST0060,Dayo Obi,7463734803,6570,Visa Debit,GTBank,ATM Withdrawal,2044.52,34582.42,32537.9,"ATM_LG_002 - Victoria Island, Lagos",Lagos,low_spender,10000,50000,2044.52,Successful,NORMAL,
TXN000392,2026-03-21,03:08:24,Saturday,CUST0012,Uche Adeleke,7889943014,2238,Verve,Zenith Bank,POS Purchase,471731.29,699858.68,228127.39,"ATM_LG_002 - Victoria Island, Lagos",Ibadan,high_spender,200000,500000,471731.29,Successful,SUSPICIOUS,"High-value transaction ₦471,731.29 flagged for velocity check"
TXN001225,2026-03-21,06:01:26,Saturday,CUST0046,Tunde Babatunde,9470820432,1291,Verve,Zenith Bank,Online Transfer,114780.93,1442810.62,1442810.62,"ATM_PH_002 - Trans-Amadi, Port Harcourt",Kaduna,high_spender,200000,500000,0,Reversed,NORMAL,
TXN000547,2026-03-21,06:08:05,Saturday,CUST0017,Chidi Bello,1122281086,3728,Mastercard Debit,Zenith Bank,Online Transfer,5536.94,465139.46,465139.46,"ATM_AB_001 - Wuse Zone 5, Abuja",Lagos,medium_spender,50000,150000,0,Successful,NORMAL,
TXN002146,2026-03-21,07:48:43,Saturday,CUST0078,Uche Salami,0072246503,5411,Visa Credit,Access Bank,ATM Withdrawal,45613.32,365235.86,319622.54,"ATM_LG_005 - Yaba, Lagos",Port Harcourt,medium_spender,50000,150000,45613.32,Successful,NORMAL,
TXN001959,2026-03-21,07:50:41,Saturday,CUST0072,Uche Lawal,3911628692,4429,Visa Debit,Access Bank,POS Purchase,120878.78,1292793.55,1171914.77,"ATM_LG_004 - Surulere, Lagos",Enugu,high_spender,200000,500000,120878.78,Successful,NORMAL,
TXN001771,2026-03-21,08:56:47,Saturday,CUST0065,Chidi Salami,7949487287,9802,Visa Debit,GTBank,ATM Withdrawal,49856.95,497104.53,447247.58,"ATM_PH_001 - GRA Phase 2, Port Harcourt",Abuja,medium_spender,50000,150000,49856.95,Successful,NORMAL,
TXN000625,2026-03-21,09:02:43,Saturday,CUST0019,Tunde Eze,2754590960,5925,Verve,Zenith Bank,ATM Withdrawal,129665.74,381726.24,252060.5,"ATM_LG_004 - Surulere, Lagos",Abuja,high_spender,200000,500000,129665.74,Successful,NORMAL,
TXN001347,2026-03-21,09:06:13,Saturday,CUST0050,Nkechi Eze,5802869654,3762,Mastercard Debit,First Bank,Online Transfer,19324.02,348860.12,348860.12,"ATM_PH_002 - Trans-Amadi, Port Harcourt",Benin City,medium_spender,50000,150000,0,Declined,NORMAL,
TXN001386,2026-03-21,10:38:24,Saturday,CUST0051,Aisha Suleiman,2787994879,8601,Visa Credit,GTBank,POS Purchase,6762.68,413449.33,406686.65,"ATM_LG_003 - Lekki Phase 1, Lagos",Abuja,medium_spender,50000,150000,6762.68,Successful,NORMAL,
TXN001583,2026-03-21,12:27:18,Saturday,CUST0058,Chisom Eze,2290020457,3375,Verve,GTBank,POS Purchase,1656.03,72157.43,70501.4,"ATM_AB_002 - Garki Area 11, Abuja",Enugu,low_spender,10000,50000,1656.03,Successful,NORMAL,
TXN001017,2026-03-21,14:16:06,Saturday,CUST0038,Zainab Adeleke,2884009952,3102,Verve,Stanbic IBTC,Online Transfer,1642.17,50909.12,50909.12,"ATM_LG_002 - Victoria Island, Lagos",Enugu,low_spender,10000,50000,0,Successful,NORMAL,
TXN001506,2026-03-21,15:41:30,Saturday,CUST0055,Fatima Okafor,4770704891,6439,Visa Debit,GTBank,ATM Withdrawal,51380.21,1880779.75,1829399.54,"ATM_LG_003 - Lekki Phase 1, Lagos",Enugu,high_spender,200000,500000,51380.21,Successful,NORMAL,
TXN001467,2026-03-21,17:01:51,Saturday,CUST0054,Jide Chukwu,5340712903,7552,Verve,GTBank,ATM Withdrawal,49771.0,272471.1,222700.1,"ATM_LG_003 - Lekki Phase 1, Lagos",Benin City,medium_spender,50000,150000,49771.0,Successful,NORMAL,
TXN000866,2026-03-21,17:17:36,Saturday,CUST0031,Emeka Suleiman,9100912636,1290,Mastercard Debit,Fidelity Bank,Online Transfer,40700.97,370077.23,370077.23,"ATM_LG_001 - Ikeja Branch, Lagos",Abuja,medium_spender,50000,150000,0,Successful,NORMAL,
TXN002106,2026-03-21,18:05:29,Saturday,CUST0077,Chibundo Adeola,1374759620,2208,Verve,UBA,ATM Withdrawal,201184.27,452861.81,251677.54,"ATM_LG_004 - Surulere, Lagos",Ibadan,medium_spender,50000,150000,235613.48,Successful,SUSPICIOUS,"Amount ₦201,184.27 is 4.0x above customer's typical maximum of ₦50,000"
TXN000584,2026-03-21,18:47:36,Saturday,CUST0018,Jide Suleiman,6342127803,7174,Visa Credit,Fidelity Bank,Online Transfer,144630.75,142911.96,142911.96,"ATM_LG_002 - Victoria Island, Lagos",Abuja,medium_spender,50000,150000,0,Successful,SUSPICIOUS,"High-value transaction ₦144,630.75 flagged for velocity check"
TXN001729,2026-03-21,20:32:59,Saturday,CUST0064,Ngozi Babatunde,1232261941,4967,Visa Debit,Fidelity Bank,ATM Mini Statement,18679.93,42323.87,42323.87,"ATM_LG_005 - Yaba, Lagos",Benin City,medium_spender,50000,150000,0,Successful,NORMAL,
TXN002107,2026-03-21,20:34:09,Saturday,CUST0077,Chibundo Adeola,1374759620,2208,Verve,UBA,POS Purchase,7919.08,299901.07,291981.99,"ATM_LG_004 - Surulere, Lagos",Ibadan,medium_spender,50000,150000,243532.56,Successful,SUSPICIOUS,"Daily cumulative total ₦243,532.56 exceeds customer limit of ₦150,000"
TXN001842,2026-03-21,20:37:58,Saturday,CUST0068,Gbenga Okonkwo,9274472394,1478,Visa Debit,Stanbic IBTC,POS Purchase,3597.82,63180.42,59582.6,"ATM_LG_002 - Victoria Island, Lagos",Kaduna,low_spender,10000,50000,3597.82,Successful,NORMAL,
TXN001772,2026-03-21,21:07:55,Saturday,CUST0065,Chidi Salami,7949487287,9802,Visa Debit,GTBank,ATM Balance Enquiry,16297.5,321656.85,321656.85,"ATM_AB_002 - Garki Area 11, Abuja",Abuja,medium_spender,50000,150000,49856.95,Successful,NORMAL,
TXN000771,2026-03-21,21:11:39,Saturday,CUST0025,Amaka Adeyemi,3100605304,4032,Verve,GTBank,POS Purchase,6884.9,23950.07,17065.17,"ATM_LG_001 - Ikeja Branch, Lagos",Enugu,low_spender,10000,50000,6884.9,Successful,NORMAL,
TXN001387,2026-03-21,21:59:30,Saturday,CUST0051,Aisha Suleiman,2787994879,8601,Visa Credit,GTBank,POS Purchase,399347.87,401691.3,2343.43,"ATM_LG_003 - Lekki Phase 1, Lagos",Abuja,medium_spender,50000,150000,406110.55,Successful,SUSPICIOUS,"Amount ₦399,347.87 is 8.0x above customer's typical maximum of ₦50,000"
TXN001226,2026-03-21,22:18:34,Saturday,CUST0046,Tunde Babatunde,9470820432,1291,Verve,Zenith Bank,ATM Balance Enquiry,107213.34,1137702.25,1137702.25,"ATM_AB_002 - Garki Area 11, Abuja",Kaduna,high_spender,200000,500000,0,Successful,NORMAL,
TXN002027,2026-03-21,22:59:34,Saturday,CUST0074,Adebayo Okeke,7232677456,6745,Visa Credit,UBA,POS Purchase,46443.15,496957.33,450514.18,"ATM_LG_004 - Surulere, Lagos",Lagos,medium_spender,50000,150000,46443.15,Successful,NORMAL,
TXN001388,2026-03-21,23:08:03,Saturday,CUST0051,Aisha Suleiman,2787994879,8601,Visa Credit,GTBank,POS Purchase,49738.59,156761.43,107022.84,"ATM_LG_003 - Lekki Phase 1, Lagos",Abuja,medium_spender,50000,150000,455849.14,Declined,SUSPICIOUS,"Daily cumulative total ₦455,849.14 exceeds customer limit of ₦150,000"
TXN000666,2026-03-22,00:54:40,Sunday,CUST0020,Chibundo Adeyemi,6105295550,7171,Mastercard Debit,Fidelity Bank,ATM Balance Enquiry,50234.14,43331.35,43331.35,"ATM_LG_003 - Lekki Phase 1, Lagos",Lagos,medium_spender,50000,150000,0,Successful,SUSPICIOUS,Transaction at 00:54 — outside normal banking hours (midnight–4am)
TXN000998,2026-03-22,01:01:08,Sunday,CUST0037,Rotimi Babatunde,8953520583,4419,Visa Credit,GTBank,POS Purchase,37738.54,327871.72,290133.18,"ATM_LG_005 - Yaba, Lagos",Enugu,medium_spender,50000,150000,37738.54,Successful,NORMAL,
TXN002186,2026-03-22,04:55:26,Sunday,CUST0079,Fatima Okonkwo,1782327517,9193,Mastercard Debit,Access Bank,ATM Withdrawal,63344.27,1832891.02,1769546.75,"ATM_PH_001 - GRA Phase 2, Port Harcourt [HOME STATE: Kano]",Kano,high_spender,200000,500000,63344.27,Declined,SUSPICIOUS,Card used at Kaduna ATM but customer is based in Kano
TXN000275,2026-03-22,05:35:43,Sunday,CUST0009,Jide Adeyemi,1764184578,3085,Visa Credit,Fidelity Bank,POS Purchase,14741.9,411220.64,396478.74,"ATM_IB_001 - Ring Road, Ibadan",Kano,medium_spender,50000,150000,14741.9,Successful,NORMAL,
TXN000351,2026-03-22,05:46:54,Sunday,CUST0011,Bola Afolabi,3656018830,9554,Visa Credit,GTBank,ATM Withdrawal,38495.58,294678.49,256182.91,"ATM_LG_004 - Surulere, Lagos",Ibadan,medium_spender,50000,150000,38495.58,Successful,NORMAL,
TXN000240,2026-03-22,05:55:19,Sunday,CUST0008,Tobi Ibrahim,1205673434,2732,Mastercard Debit,First Bank,ATM Withdrawal,5990.94,73160.34,67169.4,"ATM_LG_004 - Surulere, Lagos",Ibadan,low_spender,10000,50000,5990.94,Successful,NORMAL,
TXN001180,2026-03-22,07:05:12,Sunday,CUST0044,Uche Usman,2874900400,5082,Visa Credit,Stanbic IBTC,ATM Withdrawal,162824.81,286851.89,124027.08,"ATM_LG_003 - Lekki Phase 1, Lagos",Kano,medium_spender,50000,150000,162824.81,Successful,SUSPICIOUS,"High-value transaction ₦162,824.81 flagged for velocity check"
TXN000999,2026-03-22,07:41:54,Sunday,CUST0037,Rotimi Babatunde,8953520583,4419,Visa Credit,GTBank,POS Purchase,4971.37,58440.67,53469.3,"ATM_LG_005 - Yaba, Lagos",Enugu,medium_spender,50000,150000,42709.91,Successful,NORMAL,
TXN000585,2026-03-22,07:45:39,Sunday,CUST0018,Jide Suleiman,6342127803,7174,Visa Credit,Fidelity Bank,ATM Withdrawal,331956.93,84893.51,0,"ATM_LG_002 - Victoria Island, Lagos",Abuja,medium_spender,50000,150000,331956.93,Successful,SUSPICIOUS,"Amount ₦331,956.93 is 6.6x above customer's typical maximum of ₦50,000"
TXN001096,2026-03-22,09:28:43,Sunday,CUST0040,Uche Bello,1352141056,6134,Verve,Zenith Bank,ATM Withdrawal,39569.53,91131.77,51562.24,ATM_KN_001 - Kano City Centre,Kaduna,medium_spender,50000,150000,39569.53,Declined,NORMAL,
TXN000510,2026-03-22,09:45:33,Sunday,CUST0016,Adebayo Musa,7063317244,6982,Mastercard Debit,Fidelity Bank,POS Purchase,126214.44,142818.85,16604.41,"ATM_LG_005 - Yaba, Lagos",Enugu,high_spender,200000,500000,126214.44,Successful,NORMAL,
TXN000797,2026-03-22,11:30:53,Sunday,CUST0027,Nkechi Adeyemi,6382100233,6628,Visa Debit,First Bank,POS Purchase,25331.24,403595.96,378264.72,"ATM_LG_004 - Surulere, Lagos",Abuja,medium_spender,50000,150000,25331.24,Successful,NORMAL,
TXN002187,2026-03-22,15:01:30,Sunday,CUST0079,Fatima Okonkwo,1782327517,9193,Mastercard Debit,Access Bank,POS Purchase,71676.17,1635982.06,1564305.89,"ATM_LG_004 - Surulere, Lagos",Kano,high_spender,200000,500000,135020.44,Successful,NORMAL,
TXN001693,2026-03-22,15:14:02,Sunday,CUST0063,Amaka Musa,0330885397,2813,Visa Debit,Access Bank,POS Purchase,48588.8,321870.29,273281.49,"ATM_LG_004 - Surulere, Lagos",Kano,medium_spender,50000,150000,48588.8,Successful,NORMAL,
TXN001181,2026-03-22,16:19:50,Sunday,CUST0044,Uche Usman,2874900400,5082,Visa Credit,Stanbic IBTC,POS Purchase,12890.03,174120.74,161230.71,"ATM_EN_001 - Independence Layout, Enugu",Kano,medium_spender,50000,150000,175714.84,Declined,SUSPICIOUS,"Daily cumulative total ₦175,714.84 exceeds customer limit of ₦150,000"
TXN000909,2026-03-22,16:48:38,Sunday,CUST0033,Ngozi Babatunde,1091476249,8935,Verve,UBA,ATM Withdrawal,25513.27,59333.68,33820.41,"ATM_LG_002 - Victoria Island, Lagos",Ibadan,low_spender,10000,50000,25513.27,Declined,SUSPICIOUS,"High-value transaction ₦25,513.27 flagged for velocity check"
TXN001507,2026-03-22,17:43:00,Sunday,CUST0055,Fatima Okafor,4770704891,6439,Visa Debit,GTBank,ATM Withdrawal,35569.26,970236.38,934667.12,"ATM_LG_003 - Lekki Phase 1, Lagos",Enugu,high_spender,200000,500000,35569.26,Successful,NORMAL,
TXN000586,2026-03-22,20:19:58,Sunday,CUST0018,Jide Suleiman,6342127803,7174,Visa Credit,Fidelity Bank,POS Purchase,8346.96,45263.65,36916.69,"ATM_AB_003 - Maitama, Abuja",Abuja,medium_spender,50000,150000,340303.89,Declined,SUSPICIOUS,"Daily cumulative total ₦340,303.89 exceeds customer limit of ₦150,000"
TXN001298,2026-03-22,21:43:46,Sunday,CUST0048,Yemi Lawal,0868927381,7500,Mastercard Debit,Fidelity Bank,ATM Withdrawal,17813.91,110257.97,92444.06,"ATM_LG_001 - Ikeja Branch, Lagos",Abuja,medium_spender,50000,150000,17813.91,Successful,NORMAL,
TXN001227,2026-03-22,22:45:45,Sunday,CUST0046,Tunde Babatunde,9470820432,1291,Verve,Zenith Bank,Online Transfer,148483.96,1685869.98,1685869.98,"ATM_LG_001 - Ikeja Branch, Lagos",Kaduna,high_spender,200000,500000,0,Successful,NORMAL,
TXN001843,2026-03-22,23:32:30,Sunday,CUST0068,Gbenga Okonkwo,9274472394,1478,Visa Debit,Stanbic IBTC,Online Transfer,6416.84,89460.97,89460.97,"ATM_LG_002 - Victoria Island, Lagos",Kaduna,low_spender,10000,50000,0,Successful,NORMAL,
TXN001050,2026-03-22,23:49:09,Sunday,CUST0039,Tunde Nwosu,8518405632,1659,Visa Credit,Zenith Bank,POS Purchase,40806.27,235886.65,195080.38,ATM_KN_001 - Kano City Centre [HOME STATE: Kaduna],Kaduna,medium_spender,50000,150000,40806.27,Successful,SUSPICIOUS,Card used at Abuja ATM but customer is based in Kaduna
TXN000806,2026-03-23,01:58:36,Monday,CUST0028,Amaka Babatunde,1576868455,2911,Mastercard Debit,Zenith Bank,ATM Withdrawal,3921.12,36270.49,32349.37,"ATM_LG_005 - Yaba, Lagos",Enugu,low_spender,10000,50000,3921.12,Successful,NORMAL,
TXN001832,2026-03-23,03:08:10,Monday,CUST0067,Taiwo Bello,4522759725,7104,Verve,GTBank,POS Purchase,3178.71,53466.94,50288.23,"ATM_LG_004 - Surulere, Lagos",Abuja,low_spender,10000,50000,3178.71,Successful,NORMAL,
TXN001136,2026-03-23,04:24:41,Monday,CUST0042,Kemi Okonkwo,5073717438,1620,Verve,UBA,ATM Withdrawal,28643.61,462697.08,434053.47,"ATM_LG_003 - Lekki Phase 1, Lagos",Kano,medium_spender,50000,150000,28643.61,Successful,NORMAL,
TXN001566,2026-03-23,04:41:00,Monday,CUST0057,Tunde Okafor,1565330284,7497,Mastercard Debit,First Bank,ATM Withdrawal,163056.91,790656.44,627599.53,"ATM_AB_003 - Maitama, Abuja",Ibadan,high_spender,200000,500000,163056.91,Declined,NORMAL,
TXN001567,2026-03-23,05:22:42,Monday,CUST0057,Tunde Okafor,1565330284,7497,Mastercard Debit,First Bank,Online Transfer,26588.19,1011679.7,1011679.7,"ATM_LG_004 - Surulere, Lagos",Ibadan,high_spender,200000,500000,163056.91,Successful,NORMAL,
TXN001631,2026-03-23,06:17:54,Monday,CUST0061,Adebayo Nwosu,4601120311,2220,Verve,Stanbic IBTC,POS Purchase,5346.86,92193.25,86846.39,"ATM_LG_002 - Victoria Island, Lagos",Enugu,low_spender,10000,50000,5346.86,Successful,NORMAL,
TXN001228,2026-03-23,06:40:25,Monday,CUST0046,Tunde Babatunde,9470820432,1291,Verve,Zenith Bank,ATM Withdrawal,47654.05,1061101.71,1013447.66,"ATM_LG_003 - Lekki Phase 1, Lagos",Kaduna,high_spender,200000,500000,47654.05,Successful,NORMAL,
TXN001229,2026-03-23,09:21:28,Monday,CUST0046,Tunde Babatunde,9470820432,1291,Verve,Zenith Bank,ATM Mini Statement,136547.88,1301239.42,1301239.42,ATM_KN_001 - Kano City Centre,Kaduna,high_spender,200000,500000,47654.05,Successful,NORMAL,
TXN001988,2026-03-23,09:57:06,Monday,CUST0073,Tobi Musa,2381163847,4263,Visa Credit,UBA,Online Transfer,28717.98,66638.98,66638.98,"ATM_LG_002 - Victoria Island, Lagos",Enugu,medium_spender,50000,150000,0,Successful,NORMAL,
TXN001000,2026-03-23,12:14:04,Monday,CUST0037,Rotimi Babatunde,8953520583,4419,Visa Credit,GTBank,ATM Withdrawal,46318.02,96351.35,50033.33,"ATM_AB_003 - Maitama, Abuja",Enugu,medium_spender,50000,150000,46318.02,Declined,NORMAL,
TXN000090,2026-03-23,15:54:39,Monday,CUST0003,Nkechi Okonkwo,4806358178,4245,Mastercard Debit,GTBank,ATM Balance Enquiry,77925.28,1581431.05,1581431.05,"ATM_LG_004 - Surulere, Lagos",Kano,high_spender,200000,500000,0,Successful,NORMAL,
TXN001414,2026-03-23,17:24:21,Monday,CUST0052,Sola Okafor,7066503218,8039,Mastercard Debit,GTBank,ATM Withdrawal,4007.9,22365.14,18357.24,"ATM_LG_003 - Lekki Phase 1, Lagos",Port Harcourt,low_spender,10000,50000,4007.9,Successful,NORMAL,
TXN000696,2026-03-23,18:47:25,Monday,CUST0022,Ola Okonkwo,2404296200,9240,Mastercard Debit,Zenith Bank,ATM Balance Enquiry,8032.78,94147.16,94147.16,"ATM_AB_001 - Wuse Zone 5, Abuja",Kaduna,low_spender,10000,50000,0,Successful,NORMAL,
TXN001348,2026-03-23,19:09:26,Monday,CUST0050,Nkechi Eze,5802869654,3762,Mastercard Debit,First Bank,ATM Withdrawal,39177.19,145924.11,106746.92,"ATM_LG_004 - Surulere, Lagos",Benin City,medium_spender,50000,150000,39177.19,Successful,NORMAL,
TXN001001,2026-03-23,20:25:11,Monday,CUST0037,Rotimi Babatunde,8953520583,4419,Visa Credit,GTBank,POS Purchase,5010.48,29266.11,24255.63,"ATM_LG_005 - Yaba, Lagos",Enugu,medium_spender,50000,150000,51328.5,Successful,NORMAL,
TXN000127,2026-03-23,20:39:08,Monday,CUST0004,Jide Lawal,9282010276,2329,Verve,UBA,POS Purchase,41522.17,495049.47,453527.3,"ATM_LG_004 - Surulere, Lagos",Lagos,medium_spender,50000,150000,41522.17,Successful,NORMAL,
TXN001051,2026-03-23,20:59:19,Monday,CUST0039,Tunde Nwosu,8518405632,1659,Visa Credit,Zenith Bank,ATM Balance Enquiry,40960.97,70347.79,70347.79,"ATM_LG_001 - Ikeja Branch, Lagos",Kaduna,medium_spender,50000,150000,0,Successful,NORMAL,
TXN000867,2026-03-23,21:18:22,Monday,CUST0031,Emeka Suleiman,9100912636,1290,Mastercard Debit,Fidelity Bank,ATM Withdrawal,156367.05,78415.36,0,"ATM_LG_001 - Ikeja Branch, Lagos",Abuja,medium_spender,50000,150000,156367.05,Declined,SUSPICIOUS,"High-value transaction ₦156,367.05 flagged for velocity check"
TXN000128,2026-03-23,22:33:37,Monday,CUST0004,Jide Lawal,9282010276,2329,Verve,UBA,ATM Withdrawal,38037.01,76303.94,38266.93,"ATM_LG_005 - Yaba, Lagos",Lagos,medium_spender,50000,150000,79559.18,Successful,NORMAL,
TXN000190,2026-03-23,22:39:35,Monday,CUST0006,Kemi Obi,2961112422,7715,Visa Credit,Stanbic IBTC,Online Transfer,42671.64,421257.11,421257.11,"ATM_LG_003 - Lekki Phase 1, Lagos",Port Harcourt,high_spender,200000,500000,0,Successful,NORMAL,
TXN001299,2026-03-24,01:21:16,Tuesday,CUST0048,Yemi Lawal,0868927381,7500,Mastercard Debit,Fidelity Bank,POS Purchase,44030.37,429285.59,385255.22,"ATM_LG_001 - Ikeja Branch, Lagos",Abuja,medium_spender,50000,150000,44030.37,Successful,NORMAL,
TXN000210,2026-03-24,01:40:28,Tuesday,CUST0007,Ola Usman,1521840905,4544,Visa Credit,First Bank,ATM Withdrawal,6696.85,82867.85,76171.0,"ATM_LG_005 - Yaba, Lagos",Enugu,low_spender,10000,50000,6696.85,Reversed,NORMAL,
TXN001508,2026-03-24,04:05:02,Tuesday,CUST0055,Fatima Okafor,4770704891,6439,Visa Debit,GTBank,ATM Withdrawal,44866.52,1719388.93,1674522.41,"ATM_LG_003 - Lekki Phase 1, Lagos",Enugu,high_spender,200000,500000,44866.52,Successful,NORMAL,
TXN001989,2026-03-24,05:24:06,Tuesday,CUST0073,Tobi Musa,2381163847,4263,Visa Credit,UBA,ATM Balance Enquiry,16786.09,137386.92,137386.92,"ATM_LG_003 - Lekki Phase 1, Lagos",Enugu,medium_spender,50000,150000,0,Successful,NORMAL,
TXN001814,2026-03-24,05:37:47,Tuesday,CUST0066,Ola Afolabi,2938289640,5620,Visa Debit,Access Bank,ATM Withdrawal,10319.85,84063.67,73743.82,"ATM_LG_005 - Yaba, Lagos",Port Harcourt,medium_spender,50000,150000,10319.85,Successful,NORMAL,
TXN000129,2026-03-24,06:56:26,Tuesday,CUST0004,Jide Lawal,9282010276,2329,Verve,UBA,ATM Withdrawal,39415.0,398071.15,358656.15,"ATM_LG_002 - Victoria Island, Lagos",Lagos,medium_spender,50000,150000,39415.0,Successful,NORMAL,
TXN000313,2026-03-24,06:57:54,Tuesday,CUST0010,Efua Chukwu,6997365350,6821,Mastercard Debit,Stanbic IBTC,ATM Withdrawal,162961.41,1489033.4,1326071.99,"ATM_LG_004 - Surulere, Lagos",Ibadan,high_spender,200000,500000,162961.41,Successful,NORMAL,
TXN000626,2026-03-24,07:38:03,Tuesday,CUST0019,Tunde Eze,2754590960,5925,Verve,Zenith Bank,POS Purchase,30743.2,1518525.36,1487782.16,"ATM_LG_004 - Surulere, Lagos",Abuja,high_spender,200000,500000,30743.2,Successful,NORMAL,
TXN000151,2026-03-24,08:00:32,Tuesday,CUST0005,Chibundo Eze,5286303748,7620,Visa Credit,Access Bank,ATM Withdrawal,703.08,51173.12,50470.04,"ATM_LG_001 - Ikeja Branch, Lagos",Kano,low_spender,10000,50000,703.08,Successful,NORMAL,
TXN001730,2026-03-24,08:03:40,Tuesday,CUST0064,Ngozi Babatunde,1232261941,4967,Visa Debit,Fidelity Bank,POS Purchase,9173.41,490280.3,481106.89,"ATM_LG_004 - Surulere, Lagos",Benin City,medium_spender,50000,150000,9173.41,Declined,NORMAL,
TXN000772,2026-03-24,08:07:54,Tuesday,CUST0025,Amaka Adeyemi,3100605304,4032,Verve,GTBank,ATM Withdrawal,9003.82,50152.99,41149.17,"ATM_LG_001 - Ikeja Branch, Lagos",Enugu,low_spender,10000,50000,9003.82,Successful,NORMAL,
TXN001389,2026-03-24,08:49:43,Tuesday,CUST0051,Aisha Suleiman,2787994879,8601,Visa Credit,GTBank,ATM Balance Enquiry,24230.32,89977.73,89977.73,"ATM_LG_003 - Lekki Phase 1, Lagos",Abuja,medium_spender,50000,150000,0,Successful,NORMAL,
TXN001182,2026-03-24,08:57:40,Tuesday,CUST0044,Uche Usman,2874900400,5082,Visa Credit,Stanbic IBTC,ATM Withdrawal,48323.98,405395.7,357071.72,"ATM_LG_003 - Lekki Phase 1, Lagos",Kano,medium_spender,50000,150000,48323.98,Successful,NORMAL,
TXN001877,2026-03-24,09:29:16,Tuesday,CUST0070,Uche Adeola,6486987091,8454,Verve,Zenith Bank,POS Purchase,33775.28,413380.37,379605.09,"ATM_LG_001 - Ikeja Branch, Lagos",Abuja,medium_spender,50000,150000,33775.28,Successful,NORMAL,
TXN001052,2026-03-24,09:56:03,Tuesday,CUST0039,Tunde Nwosu,8518405632,1659,Visa Credit,Zenith Bank,ATM Withdrawal,3097.89,394207.12,391109.23,"ATM_AB_003 - Maitama, Abuja",Kaduna,medium_spender,50000,150000,3097.89,Successful,NORMAL,
TXN001694,2026-03-24,10:19:57,Tuesday,CUST0063,Amaka Musa,0330885397,2813,Visa Debit,Access Bank,POS Purchase,35610.08,345540.95,309930.87,"ATM_LG_004 - Surulere, Lagos",Kano,medium_spender,50000,150000,35610.08,Declined,NORMAL,
TXN001002,2026-03-24,10:56:36,Tuesday,CUST0037,Rotimi Babatunde,8953520583,4419,Visa Credit,GTBank,Online Transfer,47081.76,250265.94,250265.94,"ATM_LG_005 - Yaba, Lagos",Enugu,medium_spender,50000,150000,0,Successful,NORMAL,
TXN002028,2026-03-24,11:06:27,Tuesday,CUST0074,Adebayo Okeke,7232677456,6745,Visa Credit,UBA,POS Purchase,15016.21,112715.75,97699.54,"ATM_EN_001 - Independence Layout, Enugu",Lagos,medium_spender,50000,150000,15016.21,Successful,NORMAL,
TXN001300,2026-03-24,11:13:24,Tuesday,CUST0048,Yemi Lawal,0868927381,7500,Mastercard Debit,Fidelity Bank,Online Transfer,24938.02,270059.12,270059.12,"ATM_LG_001 - Ikeja Branch, Lagos",Abuja,medium_spender,50000,150000,44030.37,Successful,NORMAL,
TXN000352,2026-03-24,12:58:54,Tuesday,CUST0011,Bola Afolabi,3656018830,9554,Visa Credit,GTBank,ATM Balance Enquiry,42238.04,453843.12,453843.12,"ATM_LG_005 - Yaba, Lagos",Ibadan,medium_spender,50000,150000,0,Successful,NORMAL,
TXN000868,2026-03-24,16:07:48,Tuesday,CUST0031,Emeka Suleiman,9100912636,1290,Mastercard Debit,Fidelity Bank,ATM Withdrawal,14350.47,344302.15,329951.68,"ATM_LG_001 - Ikeja Branch, Lagos",Abuja,medium_spender,50000,150000,14350.47,Successful,NORMAL,
TXN000430,2026-03-24,18:14:20,Tuesday,CUST0013,Zainab Musa,1662475227,7373,Verve,Zenith Bank,ATM Withdrawal,193711.37,672158.63,478447.26,"ATM_LG_003 - Lekki Phase 1, Lagos",Port Harcourt,high_spender,200000,500000,193711.37,Successful,NORMAL,
TXN001878,2026-03-24,18:22:44,Tuesday,CUST0070,Uche Adeola,6486987091,8454,Verve,Zenith Bank,ATM Withdrawal,365254.18,423103.15,57848.97,"ATM_LG_003 - Lekki Phase 1, Lagos",Abuja,medium_spender,50000,150000,399029.46,Successful,SUSPICIOUS,"Amount ₦365,254.18 is 7.3x above customer's typical maximum of ₦50,000"
TXN002188,2026-03-24,19:05:55,Tuesday,CUST0079,Fatima Okonkwo,1782327517,9193,Mastercard Debit,Access Bank,ATM Withdrawal,899583.55,1364309.3,464725.75,"ATM_PH_001 - GRA Phase 2, Port Harcourt",Kano,high_spender,200000,500000,899583.55,Successful,SUSPICIOUS,"Amount ₦899,583.55 is 4.5x above customer's typical maximum of ₦200,000"
TXN001509,2026-03-24,21:42:16,Tuesday,CUST0055,Fatima Okafor,4770704891,6439,Visa Debit,GTBank,ATM Mini Statement,85180.3,362707.56,362707.56,"ATM_LG_003 - Lekki Phase 1, Lagos",Enugu,high_spender,200000,500000,44866.52,Successful,NORMAL,
TXN000697,2026-03-24,22:29:14,Tuesday,CUST0022,Ola Okonkwo,2404296200,9240,Mastercard Debit,Zenith Bank,ATM Withdrawal,7437.61,33926.09,26488.48,"ATM_LG_002 - Victoria Island, Lagos",Kaduna,low_spender,10000,50000,7437.61,Successful,NORMAL,
TXN001415,2026-03-24,23:58:16,Tuesday,CUST0052,Sola Okafor,7066503218,8039,Mastercard Debit,GTBank,ATM Withdrawal,3780.91,90073.33,86292.42,"ATM_LG_002 - Victoria Island, Lagos",Port Harcourt,low_spender,10000,50000,3780.91,Successful,NORMAL,
TXN000548,2026-03-25,00:21:55,Wednesday,CUST0017,Chidi Bello,1122281086,3728,Mastercard Debit,Zenith Bank,ATM Withdrawal,27946.58,71793.48,43846.9,"ATM_LG_002 - Victoria Island, Lagos",Lagos,medium_spender,50000,150000,27946.58,Declined,NORMAL,
TXN000798,2026-03-25,02:02:43,Wednesday,CUST0027,Nkechi Adeyemi,6382100233,6628,Visa Debit,First Bank,Online Transfer,4898.13,361738.08,361738.08,"ATM_LG_004 - Surulere, Lagos",Abuja,medium_spender,50000,150000,0,Successful,NORMAL,
TXN001915,2026-03-25,02:07:03,Wednesday,CUST0071,Ngozi Usman,1234933970,6062,Verve,Stanbic IBTC,ATM Withdrawal,32376.93,143302.83,110925.9,"ATM_LG_002 - Victoria Island, Lagos",Lagos,medium_spender,50000,150000,32376.93,Successful,NORMAL,
TXN000890,2026-03-25,03:51:06,Wednesday,CUST0032,Ola Suleiman,6422426142,7858,Verve,Zenith Bank,Online Transfer,564.09,18199.02,18199.02,"ATM_LG_003 - Lekki Phase 1, Lagos",Kano,low_spender,10000,50000,0,Successful,NORMAL,
TXN001468,2026-03-25,04:02:17,Wednesday,CUST0054,Jide Chukwu,5340712903,7552,Verve,GTBank,ATM Withdrawal,16014.0,418744.42,402730.42,"ATM_LG_003 - Lekki Phase 1, Lagos",Benin City,medium_spender,50000,150000,16014.0,Successful,NORMAL,
TXN001916,2026-03-25,04:49:17,Wednesday,CUST0071,Ngozi Usman,1234933970,6062,Verve,Stanbic IBTC,POS Purchase,44100.77,259743.97,215643.2,"ATM_LG_002 - Victoria Island, Lagos",Lagos,medium_spender,50000,150000,76477.7,Successful,NORMAL,
TXN000962,2026-03-25,05:37:04,Wednesday,CUST0036,Chibundo Obi,2442831915,1411,Visa Debit,First Bank,ATM Mini Statement,4492.96,12633.52,12633.52,"ATM_LG_001 - Ikeja Branch, Lagos",Ibadan,low_spender,10000,50000,0,Successful,NORMAL,
TXN001917,2026-03-25,06:19:04,Wednesday,CUST0071,Ngozi Usman,1234933970,6062,Verve,Stanbic IBTC,ATM Withdrawal,8534.91,375687.26,367152.35,"ATM_LG_002 - Victoria Island, Lagos",Lagos,medium_spender,50000,150000,85012.61,Successful,NORMAL,
TXN002147,2026-03-25,06:26:01,Wednesday,CUST0078,Uche Salami,0072246503,5411,Visa Credit,Access Bank,ATM Withdrawal,45640.3,429060.48,383420.18,"ATM_LG_005 - Yaba, Lagos",Port Harcourt,medium_spender,50000,150000,45640.3,Successful,NORMAL,
TXN000742,2026-03-25,07:18:41,Wednesday,CUST0024,Ola Babatunde,4288813383,7897,Verve,Zenith Bank,ATM Balance Enquiry,20355.28,220736.12,220736.12,"ATM_LG_004 - Surulere, Lagos",Enugu,medium_spender,50000,150000,0,Successful,NORMAL,
TXN001097,2026-03-25,08:07:15,Wednesday,CUST0040,Uche Bello,1352141056,6134,Verve,Zenith Bank,POS Purchase,47603.68,269084.38,221480.7,"ATM_LG_002 - Victoria Island, Lagos",Kaduna,medium_spender,50000,150000,47603.68,Reversed,NORMAL,
TXN000799,2026-03-25,08:13:16,Wednesday,CUST0027,Nkechi Adeyemi,6382100233,6628,Visa Debit,First Bank,POS Purchase,43450.15,44211.49,761.34,"ATM_LG_004 - Surulere, Lagos",Abuja,medium_spender,50000,150000,43450.15,Successful,NORMAL,
TXN001855,2026-03-25,08:33:18,Wednesday,CUST0069,Sola Ogundipe,9848126899,3976,Visa Debit,First Bank,POS Purchase,8363.55,87551.8,79188.25,"ATM_LG_005 - Yaba, Lagos",Abuja,low_spender,10000,50000,8363.55,Successful,NORMAL,
TXN001053,2026-03-25,08:57:32,Wednesday,CUST0039,Tunde Nwosu,8518405632,1659,Visa Credit,Zenith Bank,ATM Withdrawal,43204.66,418791.85,375587.19,"ATM_LG_003 - Lekki Phase 1, Lagos",Kaduna,medium_spender,50000,150000,43204.66,Successful,NORMAL,
TXN002148,2026-03-25,10:03:31,Wednesday,CUST0078,Uche Salami,0072246503,5411,Visa Credit,Access Bank,ATM Balance Enquiry,34910.45,378541.51,378541.51,"ATM_LG_005 - Yaba, Lagos",Port Harcourt,medium_spender,50000,150000,45640.3,Successful,NORMAL,
TXN001879,2026-03-25,11:45:26,Wednesday,CUST0070,Uche Adeola,6486987091,8454,Verve,Zenith Bank,ATM Withdrawal,2769.96,234171.39,231401.43,"ATM_LG_001 - Ikeja Branch, Lagos",Abuja,medium_spender,50000,150000,2769.96,Successful,NORMAL,
TXN002108,2026-03-25,12:31:32,Wednesday,CUST0077,Chibundo Adeola,1374759620,2208,Verve,UBA,Online Transfer,24441.95,294457.23,294457.23,"ATM_LG_002 - Victoria Island, Lagos",Ibadan,medium_spender,50000,150000,0,Successful,NORMAL,
TXN001815,2026-03-25,13:09:26,Wednesday,CUST0066,Ola Afolabi,2938289640,5620,Visa Debit,Access Bank,ATM Withdrawal,18979.98,228344.15,209364.17,"ATM_LG_005 - Yaba, Lagos",Port Harcourt,medium_spender,50000,150000,18979.98,Declined,NORMAL,
TXN001731,2026-03-25,14:01:22,Wednesday,CUST0064,Ngozi Babatunde,1232261941,4967,Visa Debit,Fidelity Bank,ATM Withdrawal,30284.68,91349.5,61064.82,"ATM_LG_004 - Surulere, Lagos",Benin City,medium_spender,50000,150000,30284.68,Reversed,NORMAL,
TXN001918,2026-03-25,16:15:35,Wednesday,CUST0071,Ngozi Usman,1234933970,6062,Verve,Stanbic IBTC,ATM Mini Statement,4032.02,319480.96,319480.96,"ATM_LG_002 - Victoria Island, Lagos",Lagos,medium_spender,50000,150000,85012.61,Successful,NORMAL,
TXN001349,2026-03-25,16:27:45,Wednesday,CUST0050,Nkechi Eze,5802869654,3762,Mastercard Debit,First Bank,Online Transfer,45370.36,353491.76,353491.76,"ATM_LG_004 - Surulere, Lagos",Benin City,medium_spender,50000,150000,0,Successful,NORMAL,
TXN000627,2026-03-25,16:34:16,Wednesday,CUST0019,Tunde Eze,2754590960,5925,Verve,Zenith Bank,ATM Withdrawal,154976.47,1824513.71,1669537.24,"ATM_LG_002 - Victoria Island, Lagos",Abuja,high_spender,200000,500000,154976.47,Successful,NORMAL,
TXN000817,2026-03-25,17:35:04,Wednesday,CUST0029,Nkechi Adeyemi,1449933778,1276,Visa Debit,Fidelity Bank,ATM Withdrawal,7297.8,87174.78,79876.98,"ATM_LG_003 - Lekki Phase 1, Lagos",Lagos,low_spender,10000,50000,7297.8,Reversed,NORMAL,
TXN000549,2026-03-25,17:49:54,Wednesday,CUST0017,Chidi Bello,1122281086,3728,Mastercard Debit,Zenith Bank,POS Purchase,49573.32,348703.22,299129.9,"ATM_LG_003 - Lekki Phase 1, Lagos",Lagos,medium_spender,50000,150000,77519.9,Declined,NORMAL,
TXN000211,2026-03-25,18:06:48,Wednesday,CUST0007,Ola Usman,1521840905,4544,Visa Credit,First Bank,Online Transfer,3310.78,91793.48,91793.48,"ATM_AB_002 - Garki Area 11, Abuja",Enugu,low_spender,10000,50000,0,Successful,NORMAL,
TXN000891,2026-03-25,18:20:09,Wednesday,CUST0032,Ola Suleiman,6422426142,7858,Verve,Zenith Bank,ATM Withdrawal,8595.73,38141.28,29545.55,"ATM_LG_003 - Lekki Phase 1, Lagos",Kano,low_spender,10000,50000,8595.73,Successful,NORMAL,
TXN001773,2026-03-25,18:28:48,Wednesday,CUST0065,Chidi Salami,7949487287,9802,Visa Debit,GTBank,Online Transfer,219937.47,196003.6,196003.6,"ATM_LG_001 - Ikeja Branch, Lagos",Abuja,medium_spender,50000,150000,0,Successful,SUSPICIOUS,"Amount ₦219,937.47 is 4.4x above customer's typical maximum of ₦50,000"
TXN001350,2026-03-25,18:57:01,Wednesday,CUST0050,Nkechi Eze,5802869654,3762,Mastercard Debit,First Bank,Online Transfer,14932.16,101353.94,101353.94,"ATM_LG_004 - Surulere, Lagos",Benin City,medium_spender,50000,150000,0,Declined,NORMAL,
TXN000314,2026-03-25,19:19:33,Wednesday,CUST0010,Efua Chukwu,6997365350,6821,Mastercard Debit,Stanbic IBTC,ATM Withdrawal,179907.31,1798675.19,1618767.88,"ATM_LG_004 - Surulere, Lagos",Ibadan,high_spender,200000,500000,179907.31,Successful,NORMAL,
TXN001469,2026-03-25,19:47:12,Wednesday,CUST0054,Jide Chukwu,5340712903,7552,Verve,GTBank,ATM Balance Enquiry,40210.55,64916.18,64916.18,"ATM_LG_003 - Lekki Phase 1, Lagos",Benin City,medium_spender,50000,150000,16014.0,Successful,NORMAL,
TXN001960,2026-03-25,21:02:10,Wednesday,CUST0072,Uche Lawal,3911628692,4429,Visa Debit,Access Bank,Online Transfer,71573.99,427170.95,427170.95,"ATM_LG_004 - Surulere, Lagos",Enugu,high_spender,200000,500000,0,Successful,NORMAL,
TXN001431,2026-03-25,21:43:16,Wednesday,CUST0053,Gbenga Okafor,0500303393,4495,Visa Credit,Zenith Bank,ATM Withdrawal,9170.02,98074.2,88904.18,"ATM_AB_003 - Maitama, Abuja",Enugu,low_spender,10000,50000,9170.02,Successful,NORMAL,
TXN000431,2026-03-25,22:00:35,Wednesday,CUST0013,Zainab Musa,1662475227,7373,Verve,Zenith Bank,Online Transfer,177529.85,1717150.11,1717150.11,"ATM_LG_003 - Lekki Phase 1, Lagos",Port Harcourt,high_spender,200000,500000,0,Successful,NORMAL,
TXN000963,2026-03-25,22:18:44,Wednesday,CUST0036,Chibundo Obi,2442831915,1411,Visa Debit,First Bank,POS Purchase,3747.84,69172.78,65424.94,"ATM_LG_002 - Victoria Island, Lagos",Ibadan,low_spender,10000,50000,3747.84,Successful,NORMAL,
TXN001018,2026-03-26,00:05:54,Thursday,CUST0038,Zainab Adeleke,2884009952,3102,Verve,Stanbic IBTC,ATM Withdrawal,6866.01,51756.5,44890.49,"ATM_LG_002 - Victoria Island, Lagos",Enugu,low_spender,10000,50000,6866.01,Successful,NORMAL,
TXN000130,2026-03-26,00:56:01,Thursday,CUST0004,Jide Lawal,9282010276,2329,Verve,UBA,POS Purchase,37987.06,285099.27,247112.21,"ATM_LG_004 - Surulere, Lagos",Lagos,medium_spender,50000,150000,37987.06,Successful,NORMAL,
TXN000131,2026-03-26,01:46:45,Thursday,CUST0004,Jide Lawal,9282010276,2329,Verve,UBA,POS Purchase,37573.32,272098.14,234524.82,"ATM_LG_004 - Surulere, Lagos",Lagos,medium_spender,50000,150000,75560.38,Successful,NORMAL,
TXN002055,2026-03-26,03:01:12,Thursday,CUST0075,Seun Nwosu,6803179670,4072,Visa Credit,GTBank,ATM Withdrawal,3708.54,33598.75,29890.21,"ATM_LG_002 - Victoria Island, Lagos",Kano,low_spender,10000,50000,3708.54,Successful,NORMAL,
TXN001351,2026-03-26,03:49:22,Thursday,CUST0050,Nkechi Eze,5802869654,3762,Mastercard Debit,First Bank,ATM Withdrawal,10788.42,464573.58,453785.16,"ATM_LG_004 - Surulere, Lagos",Benin City,medium_spender,50000,150000,10788.42,Reversed,NORMAL,
TXN000781,2026-03-26,05:56:27,Thursday,CUST0026,Chidi Bello,2562484370,1445,Visa Credit,Access Bank,ATM Balance Enquiry,2358.94,99318.22,99318.22,"ATM_LG_003 - Lekki Phase 1, Lagos",Enugu,low_spender,10000,50000,0,Successful,NORMAL,
TXN001990,2026-03-26,07:10:16,Thursday,CUST0073,Tobi Musa,2381163847,4263,Visa Credit,UBA,ATM Balance Enquiry,20051.79,408806.5,408806.5,"ATM_LG_002 - Victoria Island, Lagos",Enugu,medium_spender,50000,150000,0,Successful,NORMAL,
TXN001880,2026-03-26,07:22:35,Thursday,CUST0070,Uche Adeola,6486987091,8454,Verve,Zenith Bank,ATM Balance Enquiry,7946.04,58930.39,58930.39,"ATM_LG_001 - Ikeja Branch, Lagos",Abuja,medium_spender,50000,150000,0,Declined,NORMAL,
TXN000933,2026-03-26,08:21:58,Thursday,CUST0034,Nkechi Babatunde,7423582839,6817,Visa Credit,Stanbic IBTC,Online Transfer,1747.36,18666.35,18666.35,"ATM_LG_005 - Yaba, Lagos",Kano,low_spender,10000,50000,0,Successful,NORMAL,
TXN001991,2026-03-26,09:34:04,Thursday,CUST0073,Tobi Musa,2381163847,4263,Visa Credit,UBA,POS Purchase,37682.29,287380.69,249698.4,"ATM_LG_002 - Victoria Island, Lagos",Enugu,medium_spender,50000,150000,37682.29,Declined,NORMAL,
TXN000241,2026-03-26,10:42:15,Thursday,CUST0008,Tobi Ibrahim,1205673434,2732,Mastercard Debit,First Bank,POS Purchase,8122.01,42355.06,34233.05,"ATM_LG_004 - Surulere, Lagos",Ibadan,low_spender,10000,50000,8122.01,Successful,NORMAL,
TXN000242,2026-03-26,10:44:37,Thursday,CUST0008,Tobi Ibrahim,1205673434,2732,Mastercard Debit,First Bank,POS Purchase,8283.28,73721.84,65438.56,"ATM_LG_001 - Ikeja Branch, Lagos",Ibadan,low_spender,10000,50000,16405.29,Successful,NORMAL,
TXN000834,2026-03-26,11:40:27,Thursday,CUST0030,Aisha Obi,7765839814,7526,Visa Credit,Fidelity Bank,POS Purchase,8254.81,73545.72,65290.91,"ATM_AB_001 - Wuse Zone 5, Abuja",Benin City,low_spender,10000,50000,8254.81,Declined,NORMAL,
TXN001774,2026-03-26,14:23:10,Thursday,CUST0065,Chidi Salami,7949487287,9802,Visa Debit,GTBank,ATM Mini Statement,36532.59,155285.22,155285.22,"ATM_LG_001 - Ikeja Branch, Lagos",Abuja,medium_spender,50000,150000,0,Successful,NORMAL,
TXN001301,2026-03-26,15:09:45,Thursday,CUST0048,Yemi Lawal,0868927381,7500,Mastercard Debit,Fidelity Bank,ATM Withdrawal,9282.7,385101.64,375818.94,"ATM_LG_001 - Ikeja Branch, Lagos",Abuja,medium_spender,50000,150000,9282.7,Successful,NORMAL,
TXN001098,2026-03-26,16:14:38,Thursday,CUST0040,Uche Bello,1352141056,6134,Verve,Zenith Bank,POS Purchase,25920.92,150363.91,124442.99,"ATM_LG_002 - Victoria Island, Lagos",Kaduna,medium_spender,50000,150000,25920.92,Successful,NORMAL,
TXN001919,2026-03-26,16:27:12,Thursday,CUST0071,Ngozi Usman,1234933970,6062,Verve,Stanbic IBTC,ATM Withdrawal,153252.02,348158.49,194906.47,"ATM_IB_001 - Ring Road, Ibadan",Lagos,medium_spender,50000,150000,153252.02,Declined,SUSPICIOUS,"High-value transaction ₦153,252.02 flagged for velocity check"
TXN001732,2026-03-26,17:13:09,Thursday,CUST0064,Ngozi Babatunde,1232261941,4967,Visa Debit,Fidelity Bank,ATM Withdrawal,23500.26,407767.11,384266.85,"ATM_LG_005 - Yaba, Lagos",Benin City,medium_spender,50000,150000,23500.26,Reversed,NORMAL,
TXN000091,2026-03-26,17:23:48,Thursday,CUST0003,Nkechi Okonkwo,4806358178,4245,Mastercard Debit,GTBank,ATM Balance Enquiry,66461.79,444663.19,444663.19,"ATM_EN_001 - Independence Layout, Enugu",Kano,high_spender,200000,500000,0,Successful,NORMAL,
TXN000191,2026-03-26,18:17:34,Thursday,CUST0006,Kemi Obi,2961112422,7715,Visa Credit,Stanbic IBTC,ATM Withdrawal,87339.36,465357.64,378018.28,"ATM_LG_003 - Lekki Phase 1, Lagos",Port Harcourt,high_spender,200000,500000,87339.36,Successful,NORMAL,
TXN001137,2026-03-26,20:31:29,Thursday,CUST0042,Kemi Okonkwo,5073717438,1620,Verve,UBA,POS Purchase,13224.58,277723.07,264498.49,"ATM_LG_003 - Lekki Phase 1, Lagos",Kano,medium_spender,50000,150000,13224.58,Successful,NORMAL,
TXN000892,2026-03-26,20:42:28,Thursday,CUST0032,Ola Suleiman,6422426142,7858,Verve,Zenith Bank,ATM Withdrawal,9848.84,52767.24,42918.4,"ATM_LG_003 - Lekki Phase 1, Lagos",Kano,low_spender,10000,50000,9848.84,Successful,NORMAL,
TXN000773,2026-03-26,23:18:32,Thursday,CUST0025,Amaka Adeyemi,3100605304,4032,Verve,GTBank,POS Purchase,9500.02,38338.71,28838.69,"ATM_LG_001 - Ikeja Branch, Lagos",Enugu,low_spender,10000,50000,9500.02,Successful,NORMAL,
TXN000092,2026-03-27,00:10:14,Friday,CUST0003,Nkechi Okonkwo,4806358178,4245,Mastercard Debit,GTBank,Online Transfer,87945.37,542046.84,542046.84,"ATM_IB_001 - Ring Road, Ibadan [HOME STATE: Kano]",Kano,high_spender,200000,500000,0,Declined,SUSPICIOUS,Card used at Ibadan ATM but customer is based in Kano
TXN000472,2026-03-27,00:45:14,Friday,CUST0015,Ola Adeleke,9840956422,1778,Mastercard Debit,UBA,ATM Withdrawal,9959.52,19818.0,9858.48,ATM_KN_001 - Kano City Centre,Ibadan,low_spender,10000,50000,9959.52,Successful,SUSPICIOUS,Transaction at 00:45 — outside normal banking hours (midnight–4am)
TXN001416,2026-03-27,00:57:49,Friday,CUST0052,Sola Okafor,7066503218,8039,Mastercard Debit,GTBank,POS Purchase,9177.27,68931.85,59754.58,"ATM_LG_003 - Lekki Phase 1, Lagos",Port Harcourt,low_spender,10000,50000,9177.27,Successful,NORMAL,
TXN000910,2026-03-27,01:09:40,Friday,CUST0033,Ngozi Babatunde,1091476249,8935,Verve,UBA,ATM Balance Enquiry,4437.55,46023.44,46023.44,"ATM_LG_004 - Surulere, Lagos",Ibadan,low_spender,10000,50000,0,Declined,NORMAL,
TXN000511,2026-03-27,02:03:39,Friday,CUST0016,Adebayo Musa,7063317244,6982,Mastercard Debit,Fidelity Bank,ATM Withdrawal,195751.33,1432880.88,1237129.55,"ATM_PH_001 - GRA Phase 2, Port Harcourt",Enugu,high_spender,200000,500000,195751.33,Successful,NORMAL,
TXN000353,2026-03-27,02:21:05,Friday,CUST0011,Bola Afolabi,3656018830,9554,Visa Credit,GTBank,POS Purchase,2718.73,266427.95,263709.22,"ATM_LG_004 - Surulere, Lagos",Ibadan,medium_spender,50000,150000,2718.73,Successful,NORMAL,
TXN001833,2026-03-27,02:22:58,Friday,CUST0067,Taiwo Bello,4522759725,7104,Verve,GTBank,POS Purchase,5703.84,72748.79,67044.95,"ATM_LG_002 - Victoria Island, Lagos",Abuja,low_spender,10000,50000,5703.84,Declined,NORMAL,
TXN000152,2026-03-27,02:36:44,Friday,CUST0005,Chibundo Eze,5286303748,7620,Visa Credit,Access Bank,POS Purchase,23146.74,25376.43,2229.69,"ATM_LG_005 - Yaba, Lagos",Kano,low_spender,10000,50000,23146.74,Successful,SUSPICIOUS,Transaction at 02:36 — outside normal banking hours (midnight–4am)
TXN000911,2026-03-27,02:37:09,Friday,CUST0033,Ngozi Babatunde,1091476249,8935,Verve,UBA,ATM Withdrawal,7535.9,53322.44,45786.54,"ATM_LG_002 - Victoria Island, Lagos",Ibadan,low_spender,10000,50000,7535.9,Reversed,NORMAL,
TXN001660,2026-03-27,03:26:16,Friday,CUST0062,Jide Nwosu,7690627387,6253,Verve,Fidelity Bank,ATM Withdrawal,996.57,97717.1,96720.53,"ATM_LG_005 - Yaba, Lagos",Ibadan,low_spender,10000,50000,996.57,Successful,NORMAL,
TXN000964,2026-03-27,04:03:22,Friday,CUST0036,Chibundo Obi,2442831915,1411,Visa Debit,First Bank,ATM Withdrawal,8137.57,25512.0,17374.43,"ATM_LG_004 - Surulere, Lagos",Ibadan,low_spender,10000,50000,8137.57,Declined,NORMAL,
TXN001844,2026-03-27,04:39:11,Friday,CUST0068,Gbenga Okonkwo,9274472394,1478,Visa Debit,Stanbic IBTC,ATM Balance Enquiry,7808.33,49974.13,49974.13,"ATM_LG_002 - Victoria Island, Lagos",Kaduna,low_spender,10000,50000,0,Successful,NORMAL,
TXN000132,2026-03-27,06:58:50,Friday,CUST0004,Jide Lawal,9282010276,2329,Verve,UBA,ATM Withdrawal,267003.64,199064.92,0,"ATM_LG_004 - Surulere, Lagos",Lagos,medium_spender,50000,150000,267003.64,Successful,SUSPICIOUS,"Amount ₦267,003.64 is 5.3x above customer's typical maximum of ₦50,000"
TXN000667,2026-03-27,07:02:43,Friday,CUST0020,Chibundo Adeyemi,6105295550,7171,Mastercard Debit,Fidelity Bank,Online Transfer,22430.88,125353.93,125353.93,"ATM_LG_003 - Lekki Phase 1, Lagos",Lagos,medium_spender,50000,150000,0,Successful,NORMAL,
TXN001470,2026-03-27,09:07:07,Friday,CUST0054,Jide Chukwu,5340712903,7552,Verve,GTBank,POS Purchase,15209.32,428617.36,413408.04,"ATM_AB_001 - Wuse Zone 5, Abuja",Benin City,medium_spender,50000,150000,15209.32,Successful,NORMAL,
TXN001352,2026-03-27,09:09:15,Friday,CUST0050,Nkechi Eze,5802869654,3762,Mastercard Debit,First Bank,ATM Withdrawal,17309.87,245358.64,228048.77,"ATM_LG_002 - Victoria Island, Lagos",Benin City,medium_spender,50000,150000,17309.87,Successful,NORMAL,
TXN001054,2026-03-27,09:21:55,Friday,CUST0039,Tunde Nwosu,8518405632,1659,Visa Credit,Zenith Bank,ATM Withdrawal,14745.24,138277.42,123532.18,"ATM_LG_003 - Lekki Phase 1, Lagos",Kaduna,medium_spender,50000,150000,14745.24,Successful,NORMAL,
TXN001432,2026-03-27,11:08:48,Friday,CUST0053,Gbenga Okafor,0500303393,4495,Visa Credit,Zenith Bank,Online Transfer,6828.81,32313.04,32313.04,"ATM_LG_003 - Lekki Phase 1, Lagos",Enugu,low_spender,10000,50000,0,Successful,NORMAL,
TXN001568,2026-03-27,12:49:20,Friday,CUST0057,Tunde Okafor,1565330284,7497,Mastercard Debit,First Bank,ATM Mini Statement,161303.84,1630852.39,1630852.39,"ATM_LG_004 - Surulere, Lagos",Ibadan,high_spender,200000,500000,0,Successful,NORMAL,
TXN002189,2026-03-27,12:58:38,Friday,CUST0079,Fatima Okonkwo,1782327517,9193,Mastercard Debit,Access Bank,ATM Withdrawal,106774.05,399792.92,293018.87,"ATM_LG_004 - Surulere, Lagos",Kano,high_spender,200000,500000,106774.05,Successful,NORMAL,
TXN000550,2026-03-27,15:22:49,Friday,CUST0017,Chidi Bello,1122281086,3728,Mastercard Debit,Zenith Bank,POS Purchase,45737.07,177898.8,132161.73,"ATM_LG_003 - Lekki Phase 1, Lagos",Lagos,medium_spender,50000,150000,45737.07,Successful,NORMAL,
TXN000743,2026-03-27,15:24:35,Friday,CUST0024,Ola Babatunde,4288813383,7897,Verve,Zenith Bank,ATM Balance Enquiry,4196.48,33336.13,33336.13,"ATM_AB_002 - Garki Area 11, Abuja",Enugu,medium_spender,50000,150000,0,Reversed,NORMAL,
TXN000192,2026-03-27,16:40:07,Friday,CUST0006,Kemi Obi,2961112422,7715,Visa Credit,Stanbic IBTC,ATM Withdrawal,113390.46,669594.67,556204.21,"ATM_LG_003 - Lekki Phase 1, Lagos",Port Harcourt,high_spender,200000,500000,113390.46,Successful,NORMAL,
TXN002149,2026-03-27,16:54:57,Friday,CUST0078,Uche Salami,0072246503,5411,Visa Credit,Access Bank,ATM Balance Enquiry,45824.28,252777.22,252777.22,"ATM_LG_003 - Lekki Phase 1, Lagos",Port Harcourt,medium_spender,50000,150000,0,Successful,NORMAL,
TXN001733,2026-03-27,17:08:09,Friday,CUST0064,Ngozi Babatunde,1232261941,4967,Visa Debit,Fidelity Bank,ATM Withdrawal,102973.03,35985.04,0,"ATM_LG_005 - Yaba, Lagos",Benin City,medium_spender,50000,150000,102973.03,Reversed,SUSPICIOUS,"High-value transaction ₦102,973.03 flagged for velocity check"
TXN001593,2026-03-27,18:06:05,Friday,CUST0059,Yemi Salami,0346191820,4159,Mastercard Debit,GTBank,ATM Withdrawal,5837.29,78830.07,72992.78,"ATM_LG_002 - Victoria Island, Lagos",Kaduna,low_spender,10000,50000,5837.29,Successful,NORMAL,
TXN001269,2026-03-27,20:15:06,Friday,CUST0047,Musa Salami,6245202877,5548,Mastercard Debit,Zenith Bank,Online Transfer,6362.83,134969.55,134969.55,"ATM_LG_005 - Yaba, Lagos",Kano,medium_spender,50000,150000,0,Successful,NORMAL,
TXN001734,2026-03-27,21:25:04,Friday,CUST0064,Ngozi Babatunde,1232261941,4967,Visa Debit,Fidelity Bank,ATM Withdrawal,15545.51,167002.42,151456.91,"ATM_LG_004 - Surulere, Lagos",Benin City,medium_spender,50000,150000,118518.54,Successful,NORMAL,
TXN000315,2026-03-27,21:27:22,Friday,CUST0010,Efua Chukwu,6997365350,6821,Mastercard Debit,Stanbic IBTC,ATM Withdrawal,38181.34,206138.74,167957.4,"ATM_LG_004 - Surulere, Lagos",Ibadan,high_spender,200000,500000,38181.34,Successful,NORMAL,
TXN000628,2026-03-27,21:37:57,Friday,CUST0019,Tunde Eze,2754590960,5925,Verve,Zenith Bank,POS Purchase,190863.1,383528.96,192665.86,"ATM_LG_003 - Lekki Phase 1, Lagos",Abuja,high_spender,200000,500000,190863.1,Successful,NORMAL,
TXN001735,2026-03-27,21:47:11,Friday,CUST0064,Ngozi Babatunde,1232261941,4967,Visa Debit,Fidelity Bank,POS Purchase,359196.99,70361.03,0,"ATM_IB_001 - Ring Road, Ibadan",Benin City,medium_spender,50000,150000,477715.53,Successful,SUSPICIOUS,"Amount ₦359,196.99 is 7.2x above customer's typical maximum of ₦50,000"
TXN002029,2026-03-27,21:54:38,Friday,CUST0074,Adebayo Okeke,7232677456,6745,Visa Credit,UBA,ATM Withdrawal,48962.61,221181.09,172218.48,"ATM_LG_004 - Surulere, Lagos",Lagos,medium_spender,50000,150000,48962.61,Successful,NORMAL,
TXN001099,2026-03-27,22:03:54,Friday,CUST0040,Uche Bello,1352141056,6134,Verve,Zenith Bank,POS Purchase,10273.35,494211.97,483938.62,"ATM_IB_001 - Ring Road, Ibadan",Kaduna,medium_spender,50000,150000,10273.35,Successful,NORMAL,
TXN001055,2026-03-27,22:07:27,Friday,CUST0039,Tunde Nwosu,8518405632,1659,Visa Credit,Zenith Bank,Online Transfer,25910.86,192555.89,192555.89,"ATM_LG_003 - Lekki Phase 1, Lagos",Kaduna,medium_spender,50000,150000,14745.24,Reversed,NORMAL,
TXN000869,2026-03-27,23:42:41,Friday,CUST0031,Emeka Suleiman,9100912636,1290,Mastercard Debit,Fidelity Bank,ATM Withdrawal,48550.87,313312.29,264761.42,"ATM_LG_001 - Ikeja Branch, Lagos",Abuja,medium_spender,50000,150000,48550.87,Successful,NORMAL,
TXN000193,2026-03-27,23:54:33,Friday,CUST0006,Kemi Obi,2961112422,7715,Visa Credit,Stanbic IBTC,ATM Withdrawal,52231.12,240831.77,188600.65,"ATM_AB_002 - Garki Area 11, Abuja [HOME STATE: Port Harcourt]",Port Harcourt,high_spender,200000,500000,165621.58,Successful,SUSPICIOUS,Card used at Lagos ATM but customer is based in Port Harcourt
TXN000454,2026-03-28,00:30:07,Saturday,CUST0014,Dayo Babatunde,7962797218,4925,Visa Credit,Access Bank,ATM Withdrawal,6402.32,69127.48,62725.16,"ATM_LG_003 - Lekki Phase 1, Lagos",Enugu,low_spender,10000,50000,6402.32,Successful,NORMAL,
TXN001056,2026-03-28,03:30:18,Saturday,CUST0039,Tunde Nwosu,8518405632,1659,Visa Credit,Zenith Bank,Online Transfer,49367.06,444665.34,444665.34,"ATM_LG_003 - Lekki Phase 1, Lagos",Kaduna,medium_spender,50000,150000,0,Successful,NORMAL,
TXN000818,2026-03-28,06:24:17,Saturday,CUST0029,Nkechi Adeyemi,1449933778,1276,Visa Debit,Fidelity Bank,POS Purchase,8083.68,12919.39,4835.71,"ATM_LG_003 - Lekki Phase 1, Lagos",Lagos,low_spender,10000,50000,8083.68,Successful,NORMAL,
TXN000782,2026-03-28,08:31:35,Saturday,CUST0026,Chidi Bello,2562484370,1445,Visa Credit,Access Bank,Online Transfer,4871.38,53075.4,53075.4,"ATM_LG_002 - Victoria Island, Lagos",Enugu,low_spender,10000,50000,0,Successful,NORMAL,
TXN001390,2026-03-28,10:19:15,Saturday,CUST0051,Aisha Suleiman,2787994879,8601,Visa Credit,GTBank,ATM Withdrawal,30798.96,410730.31,379931.35,"ATM_LG_004 - Surulere, Lagos",Abuja,medium_spender,50000,150000,30798.96,Declined,NORMAL,
TXN001845,2026-03-28,12:00:28,Saturday,CUST0068,Gbenga Okonkwo,9274472394,1478,Visa Debit,Stanbic IBTC,POS Purchase,5672.83,79984.93,74312.1,"ATM_AB_003 - Maitama, Abuja",Kaduna,low_spender,10000,50000,5672.83,Successful,NORMAL,
TXN000393,2026-03-28,12:14:10,Saturday,CUST0012,Uche Adeleke,7889943014,2238,Verve,Zenith Bank,ATM Withdrawal,137244.13,707915.71,570671.58,"ATM_PH_001 - GRA Phase 2, Port Harcourt",Ibadan,high_spender,200000,500000,137244.13,Successful,NORMAL,
TXN000432,2026-03-28,12:44:27,Saturday,CUST0013,Zainab Musa,1662475227,7373,Verve,Zenith Bank,ATM Balance Enquiry,86239.06,1710253.02,1710253.02,"ATM_LG_003 - Lekki Phase 1, Lagos",Port Harcourt,high_spender,200000,500000,0,Successful,NORMAL,
TXN000551,2026-03-28,13:45:30,Saturday,CUST0017,Chidi Bello,1122281086,3728,Mastercard Debit,Zenith Bank,ATM Withdrawal,7592.49,104413.01,96820.52,"ATM_LG_003 - Lekki Phase 1, Lagos",Lagos,medium_spender,50000,150000,7592.49,Reversed,NORMAL,
TXN001920,2026-03-28,14:09:58,Saturday,CUST0071,Ngozi Usman,1234933970,6062,Verve,Stanbic IBTC,Online Transfer,8367.42,113583.78,113583.78,"ATM_LG_002 - Victoria Island, Lagos",Lagos,medium_spender,50000,150000,0,Successful,NORMAL,
TXN001846,2026-03-28,14:16:35,Saturday,CUST0068,Gbenga Okonkwo,9274472394,1478,Visa Debit,Stanbic IBTC,ATM Balance Enquiry,8087.28,92825.62,92825.62,"ATM_LG_002 - Victoria Island, Lagos",Kaduna,low_spender,10000,50000,5672.83,Declined,NORMAL,
TXN000394,2026-03-28,15:14:43,Saturday,CUST0012,Uche Adeleke,7889943014,2238,Verve,Zenith Bank,POS Purchase,118187.57,1260732.42,1142544.85,"ATM_AB_002 - Garki Area 11, Abuja",Ibadan,high_spender,200000,500000,255431.7,Successful,NORMAL,
TXN001471,2026-03-28,17:04:58,Saturday,CUST0054,Jide Chukwu,5340712903,7552,Verve,GTBank,POS Purchase,48809.44,479157.44,430348.0,"ATM_LG_003 - Lekki Phase 1, Lagos",Benin City,medium_spender,50000,150000,48809.44,Successful,NORMAL,
TXN000587,2026-03-28,17:29:20,Saturday,CUST0018,Jide Suleiman,6342127803,7174,Visa Credit,Fidelity Bank,Online Transfer,151848.82,162404.52,162404.52,"ATM_LG_002 - Victoria Island, Lagos",Abuja,medium_spender,50000,150000,0,Declined,SUSPICIOUS,"Amount ₦151,848.82 is 3.0x above customer's typical maximum of ₦50,000"
TXN001270,2026-03-28,17:32:34,Saturday,CUST0047,Musa Salami,6245202877,5548,Mastercard Debit,Zenith Bank,POS Purchase,34640.42,467064.46,432424.04,"ATM_LG_005 - Yaba, Lagos",Kano,medium_spender,50000,150000,34640.42,Successful,NORMAL,
TXN001847,2026-03-28,19:09:44,Saturday,CUST0068,Gbenga Okonkwo,9274472394,1478,Visa Debit,Stanbic IBTC,POS Purchase,7099.85,65363.1,58263.25,"ATM_LG_002 - Victoria Island, Lagos",Kaduna,low_spender,10000,50000,12772.68,Successful,NORMAL,
TXN001391,2026-03-28,21:07:03,Saturday,CUST0051,Aisha Suleiman,2787994879,8601,Visa Credit,GTBank,ATM Balance Enquiry,38225.84,483401.69,483401.69,"ATM_LG_003 - Lekki Phase 1, Lagos",Abuja,medium_spender,50000,150000,30798.96,Successful,NORMAL,
TXN000093,2026-03-28,21:22:15,Saturday,CUST0003,Nkechi Okonkwo,4806358178,4245,Mastercard Debit,GTBank,Online Transfer,164380.24,1665894.12,1665894.12,"ATM_LG_004 - Surulere, Lagos",Kano,high_spender,200000,500000,0,Successful,NORMAL,
TXN000455,2026-03-28,23:23:42,Saturday,CUST0014,Dayo Babatunde,7962797218,4925,Visa Credit,Access Bank,Online Transfer,8632.62,8826.39,8826.39,"ATM_LG_001 - Ikeja Branch, Lagos",Enugu,low_spender,10000,50000,6402.32,Successful,NORMAL,
TXN002229,2026-03-29,00:33:29,Sunday,CUST0080,Ola Okonkwo,3342204457,4255,Visa Debit,UBA,ATM Withdrawal,310597.36,288854.12,0,"ATM_LG_003 - Lekki Phase 1, Lagos",Benin City,medium_spender,50000,150000,310597.36,Successful,SUSPICIOUS,"Amount ₦310,597.36 is 6.2x above customer's typical maximum of ₦50,000"
TXN001183,2026-03-29,00:43:43,Sunday,CUST0044,Uche Usman,2874900400,5082,Visa Credit,Stanbic IBTC,POS Purchase,27458.66,393382.23,365923.57,"ATM_LG_003 - Lekki Phase 1, Lagos",Kano,medium_spender,50000,150000,27458.66,Successful,NORMAL,
TXN000629,2026-03-29,00:53:52,Sunday,CUST0019,Tunde Eze,2754590960,5925,Verve,Zenith Bank,ATM Withdrawal,156832.22,1245770.98,1088938.76,"ATM_LG_004 - Surulere, Lagos",Abuja,high_spender,200000,500000,156832.22,Successful,NORMAL,
TXN000133,2026-03-29,01:43:02,Sunday,CUST0004,Jide Lawal,9282010276,2329,Verve,UBA,ATM Mini Statement,20371.1,182934.91,182934.91,"ATM_LG_004 - Surulere, Lagos",Lagos,medium_spender,50000,150000,0,Successful,NORMAL,
TXN001057,2026-03-29,02:57:48,Sunday,CUST0039,Tunde Nwosu,8518405632,1659,Visa Credit,Zenith Bank,POS Purchase,49505.43,426561.77,377056.34,"ATM_LG_003 - Lekki Phase 1, Lagos",Kaduna,medium_spender,50000,150000,49505.43,Successful,NORMAL,
TXN001569,2026-03-29,03:04:16,Sunday,CUST0057,Tunde Okafor,1565330284,7497,Mastercard Debit,First Bank,POS Purchase,624484.01,287715.43,0,"ATM_LG_004 - Surulere, Lagos",Ibadan,high_spender,200000,500000,624484.01,Declined,SUSPICIOUS,"High-value transaction ₦624,484.01 flagged for velocity check"
TXN001230,2026-03-29,03:13:02,Sunday,CUST0046,Tunde Babatunde,9470820432,1291,Verve,Zenith Bank,ATM Withdrawal,43802.59,935257.67,891455.08,"ATM_LG_003 - Lekki Phase 1, Lagos",Kaduna,high_spender,200000,500000,43802.59,Successful,NORMAL,
TXN000835,2026-03-29,05:36:11,Sunday,CUST0030,Aisha Obi,7765839814,7526,Visa Credit,Fidelity Bank,ATM Withdrawal,726.61,69713.87,68987.26,"ATM_LG_003 - Lekki Phase 1, Lagos",Benin City,low_spender,10000,50000,726.61,Successful,NORMAL,
TXN000433,2026-03-29,07:10:45,Sunday,CUST0013,Zainab Musa,1662475227,7373,Verve,Zenith Bank,ATM Withdrawal,109051.13,1359908.04,1250856.91,"ATM_LG_003 - Lekki Phase 1, Lagos",Port Harcourt,high_spender,200000,500000,109051.13,Successful,NORMAL,
TXN000094,2026-03-29,08:41:48,Sunday,CUST0003,Nkechi Okonkwo,4806358178,4245,Mastercard Debit,GTBank,ATM Withdrawal,77385.6,788878.87,711493.27,"ATM_LG_004 - Surulere, Lagos",Kano,high_spender,200000,500000,77385.6,Successful,NORMAL,
TXN001231,2026-03-29,10:29:45,Sunday,CUST0046,Tunde Babatunde,9470820432,1291,Verve,Zenith Bank,POS Purchase,94880.31,1898292.65,1803412.34,"ATM_LG_003 - Lekki Phase 1, Lagos",Kaduna,high_spender,200000,500000,138682.9,Successful,NORMAL,
TXN001661,2026-03-29,11:31:38,Sunday,CUST0062,Jide Nwosu,7690627387,6253,Verve,Fidelity Bank,ATM Withdrawal,6890.71,27970.83,21080.12,"ATM_LG_005 - Yaba, Lagos",Ibadan,low_spender,10000,50000,6890.71,Successful,NORMAL,
TXN000512,2026-03-29,11:35:29,Sunday,CUST0016,Adebayo Musa,7063317244,6982,Mastercard Debit,Fidelity Bank,POS Purchase,123468.67,997820.7,874352.03,"ATM_LG_005 - Yaba, Lagos",Enugu,high_spender,200000,500000,123468.67,Successful,NORMAL,
TXN001570,2026-03-29,12:51:32,Sunday,CUST0057,Tunde Okafor,1565330284,7497,Mastercard Debit,First Bank,ATM Withdrawal,68194.33,957056.59,888862.26,"ATM_LG_004 - Surulere, Lagos",Ibadan,high_spender,200000,500000,692678.34,Successful,SUSPICIOUS,"Daily cumulative total ₦692,678.34 exceeds customer limit of ₦500,000"
TXN001058,2026-03-29,13:27:50,Sunday,CUST0039,Tunde Nwosu,8518405632,1659,Visa Credit,Zenith Bank,ATM Withdrawal,22913.92,247449.05,224535.13,"ATM_LG_003 - Lekki Phase 1, Lagos",Kaduna,medium_spender,50000,150000,72419.35,Declined,NORMAL,
TXN000134,2026-03-29,14:11:04,Sunday,CUST0004,Jide Lawal,9282010276,2329,Verve,UBA,POS Purchase,35202.67,99544.73,64342.06,"ATM_LG_004 - Surulere, Lagos",Lagos,medium_spender,50000,150000,35202.67,Successful,NORMAL,
TXN001003,2026-03-29,14:36:32,Sunday,CUST0037,Rotimi Babatunde,8953520583,4419,Visa Credit,GTBank,ATM Balance Enquiry,22371.72,351039.69,351039.69,"ATM_LG_005 - Yaba, Lagos",Enugu,medium_spender,50000,150000,0,Successful,NORMAL,
TXN000434,2026-03-29,14:56:20,Sunday,CUST0013,Zainab Musa,1662475227,7373,Verve,Zenith Bank,Online Transfer,99378.96,727352.83,727352.83,"ATM_LG_003 - Lekki Phase 1, Lagos",Port Harcourt,high_spender,200000,500000,109051.13,Successful,NORMAL,
TXN000588,2026-03-29,15:56:35,Sunday,CUST0018,Jide Suleiman,6342127803,7174,Visa Credit,Fidelity Bank,ATM Withdrawal,144991.14,350292.17,205301.03,"ATM_LG_002 - Victoria Island, Lagos",Abuja,medium_spender,50000,150000,144991.14,Successful,SUSPICIOUS,"High-value transaction ₦144,991.14 flagged for velocity check"
TXN001191,2026-03-29,16:46:28,Sunday,CUST0045,Tunde Babatunde,9520595836,5324,Visa Credit,Fidelity Bank,POS Purchase,8551.09,84873.85,76322.76,"ATM_IB_001 - Ring Road, Ibadan",Kaduna,low_spender,10000,50000,8551.09,Declined,NORMAL,
TXN000965,2026-03-29,17:54:37,Sunday,CUST0036,Chibundo Obi,2442831915,1411,Visa Debit,First Bank,ATM Withdrawal,5289.31,96736.48,91447.17,"ATM_IB_001 - Ring Road, Ibadan",Ibadan,low_spender,10000,50000,5289.31,Successful,NORMAL,
TXN002109,2026-03-29,18:11:15,Sunday,CUST0077,Chibundo Adeola,1374759620,2208,Verve,UBA,Online Transfer,31984.91,212024.55,212024.55,"ATM_LG_004 - Surulere, Lagos",Ibadan,medium_spender,50000,150000,0,Successful,NORMAL,
TXN001584,2026-03-29,18:52:21,Sunday,CUST0058,Chisom Eze,2290020457,3375,Verve,GTBank,Online Transfer,7160.06,78583.58,78583.58,"ATM_LG_002 - Victoria Island, Lagos",Enugu,low_spender,10000,50000,0,Successful,NORMAL,
TXN001417,2026-03-29,19:44:33,Sunday,CUST0052,Sola Okafor,7066503218,8039,Mastercard Debit,GTBank,ATM Withdrawal,5003.52,60745.24,55741.72,"ATM_LG_003 - Lekki Phase 1, Lagos",Port Harcourt,low_spender,10000,50000,5003.52,Successful,NORMAL,
TXN002073,2026-03-29,20:34:39,Sunday,CUST0076,Nneka Eze,5651997036,7616,Verve,GTBank,POS Purchase,3757.36,9228.11,5470.75,"ATM_LG_003 - Lekki Phase 1, Lagos",Ibadan,low_spender,10000,50000,3757.36,Successful,NORMAL,
TXN001392,2026-03-29,21:14:48,Sunday,CUST0051,Aisha Suleiman,2787994879,8601,Visa Credit,GTBank,ATM Balance Enquiry,4204.52,409116.1,409116.1,"ATM_LG_003 - Lekki Phase 1, Lagos",Abuja,medium_spender,50000,150000,0,Successful,NORMAL,
TXN000668,2026-03-29,21:58:04,Sunday,CUST0020,Chibundo Adeyemi,6105295550,7171,Mastercard Debit,Fidelity Bank,ATM Balance Enquiry,8440.91,331927.17,331927.17,"ATM_LG_003 - Lekki Phase 1, Lagos",Lagos,medium_spender,50000,150000,0,Successful,NORMAL,
TXN001019,2026-03-29,23:41:26,Sunday,CUST0038,Zainab Adeleke,2884009952,3102,Verve,Stanbic IBTC,Online Transfer,9250.84,86176.61,86176.61,"ATM_AB_001 - Wuse Zone 5, Abuja",Enugu,low_spender,10000,50000,0,Successful,NORMAL,
TXN000055,2026-03-30,00:28:30,Monday,CUST0002,Efua Babatunde,9356327295,2359,Visa Credit,Zenith Bank,ATM Withdrawal,7633.25,212753.29,205120.04,"ATM_LG_001 - Ikeja Branch, Lagos",Kaduna,medium_spender,50000,150000,7633.25,Successful,NORMAL,
TXN000095,2026-03-30,01:42:15,Monday,CUST0003,Nkechi Okonkwo,4806358178,4245,Mastercard Debit,GTBank,Online Transfer,176261.7,404738.36,404738.36,"ATM_LG_004 - Surulere, Lagos",Kano,high_spender,200000,500000,0,Reversed,NORMAL,
TXN001271,2026-03-30,02:06:27,Monday,CUST0047,Musa Salami,6245202877,5548,Mastercard Debit,Zenith Bank,ATM Withdrawal,101366.95,300592.57,199225.62,"ATM_LG_005 - Yaba, Lagos",Kano,medium_spender,50000,150000,101366.95,Declined,SUSPICIOUS,Transaction at 02:06 — outside normal banking hours (midnight–4am)
TXN001921,2026-03-30,03:25:07,Monday,CUST0071,Ngozi Usman,1234933970,6062,Verve,Stanbic IBTC,Online Transfer,36145.51,232900.73,232900.73,"ATM_LG_002 - Victoria Island, Lagos",Lagos,medium_spender,50000,150000,0,Successful,NORMAL,
TXN000589,2026-03-30,03:44:54,Monday,CUST0018,Jide Suleiman,6342127803,7174,Visa Credit,Fidelity Bank,ATM Withdrawal,47540.08,267369.32,219829.24,"ATM_LG_002 - Victoria Island, Lagos",Abuja,medium_spender,50000,150000,47540.08,Successful,NORMAL,
TXN000024,2026-03-30,04:27:32,Monday,CUST0001,Gbenga Musa,6639233214,7276,Visa Credit,GTBank,ATM Withdrawal,4292.0,77070.79,72778.79,"ATM_LG_005 - Yaba, Lagos",Kaduna,low_spender,10000,50000,4292.0,Successful,NORMAL,
TXN001004,2026-03-30,05:31:35,Monday,CUST0037,Rotimi Babatunde,8953520583,4419,Visa Credit,GTBank,POS Purchase,4697.1,37090.79,32393.69,"ATM_LG_005 - Yaba, Lagos",Enugu,medium_spender,50000,150000,4697.1,Successful,NORMAL,
TXN000819,2026-03-30,08:22:25,Monday,CUST0029,Nkechi Adeyemi,1449933778,1276,Visa Debit,Fidelity Bank,ATM Withdrawal,6009.66,8254.45,2244.79,"ATM_LG_003 - Lekki Phase 1, Lagos",Lagos,low_spender,10000,50000,6009.66,Declined,NORMAL,
TXN001232,2026-03-30,09:11:19,Monday,CUST0046,Tunde Babatunde,9470820432,1291,Verve,Zenith Bank,ATM Mini Statement,173791.55,1903762.69,1903762.69,"ATM_LG_003 - Lekki Phase 1, Lagos",Kaduna,high_spender,200000,500000,0,Successful,NORMAL,
TXN000395,2026-03-30,09:34:54,Monday,CUST0012,Uche Adeleke,7889943014,2238,Verve,Zenith Bank,POS Purchase,19397.41,411601.69,392204.28,"ATM_AB_002 - Garki Area 11, Abuja",Ibadan,high_spender,200000,500000,19397.41,Successful,NORMAL,
TXN001116,2026-03-30,12:02:22,Monday,CUST0041,Gbenga Musa,2240888423,7738,Visa Credit,Fidelity Bank,POS Purchase,1768.06,57201.98,55433.92,"ATM_LG_001 - Ikeja Branch, Lagos",Kaduna,low_spender,10000,50000,1768.06,Successful,NORMAL,
TXN000912,2026-03-30,12:16:24,Monday,CUST0033,Ngozi Babatunde,1091476249,8935,Verve,UBA,ATM Withdrawal,2960.21,37718.26,34758.05,"ATM_LG_002 - Victoria Island, Lagos",Ibadan,low_spender,10000,50000,2960.21,Successful,NORMAL,
TXN001529,2026-03-30,13:47:20,Monday,CUST0056,Chibundo Musa,5954546293,6058,Visa Credit,Access Bank,POS Purchase,9758.63,67020.06,57261.43,"ATM_LG_002 - Victoria Island, Lagos",Abuja,low_spender,10000,50000,9758.63,Declined,NORMAL,
TXN000800,2026-03-30,14:01:55,Monday,CUST0027,Nkechi Adeyemi,6382100233,6628,Visa Debit,First Bank,ATM Balance Enquiry,32840.1,385153.83,385153.83,"ATM_LG_004 - Surulere, Lagos",Abuja,medium_spender,50000,150000,0,Successful,NORMAL,
TXN000870,2026-03-30,14:43:29,Monday,CUST0031,Emeka Suleiman,9100912636,1290,Mastercard Debit,Fidelity Bank,ATM Withdrawal,28238.21,304945.94,276707.73,"ATM_LG_001 - Ikeja Branch, Lagos",Abuja,medium_spender,50000,150000,28238.21,Successful,NORMAL,
TXN002030,2026-03-30,15:54:10,Monday,CUST0074,Adebayo Okeke,7232677456,6745,Visa Credit,UBA,ATM Withdrawal,35824.87,342665.11,306840.24,"ATM_PH_001 - GRA Phase 2, Port Harcourt",Lagos,medium_spender,50000,150000,35824.87,Successful,NORMAL,
TXN001192,2026-03-30,16:22:10,Monday,CUST0045,Tunde Babatunde,9520595836,5324,Visa Credit,Fidelity Bank,Online Transfer,6588.99,60276.25,60276.25,"ATM_LG_003 - Lekki Phase 1, Lagos",Kaduna,low_spender,10000,50000,0,Successful,NORMAL,
TXN001662,2026-03-30,17:51:57,Monday,CUST0062,Jide Nwosu,7690627387,6253,Verve,Fidelity Bank,ATM Mini Statement,8268.43,22316.37,22316.37,"ATM_LG_005 - Yaba, Lagos",Ibadan,low_spender,10000,50000,0,Successful,NORMAL,
TXN001695,2026-03-30,18:10:05,Monday,CUST0063,Amaka Musa,0330885397,2813,Visa Debit,Access Bank,POS Purchase,48122.07,302559.97,254437.9,"ATM_AB_001 - Wuse Zone 5, Abuja",Kano,medium_spender,50000,150000,48122.07,Successful,NORMAL,
TXN000552,2026-03-30,21:20:51,Monday,CUST0017,Chidi Bello,1122281086,3728,Mastercard Debit,Zenith Bank,ATM Withdrawal,18706.68,408884.76,390178.08,"ATM_LG_003 - Lekki Phase 1, Lagos",Lagos,medium_spender,50000,150000,18706.68,Successful,NORMAL,
TXN001510,2026-03-30,21:38:26,Monday,CUST0055,Fatima Okafor,4770704891,6439,Visa Debit,GTBank,POS Purchase,1502659.56,281617.8,0,"ATM_LG_003 - Lekki Phase 1, Lagos",Enugu,high_spender,200000,500000,1502659.56,Declined,SUSPICIOUS,"Amount ₦1,502,659.56 is 7.5x above customer's typical maximum of ₦200,000"
TXN000435,2026-03-30,21:50:22,Monday,CUST0013,Zainab Musa,1662475227,7373,Verve,Zenith Bank,Online Transfer,48938.35,1871822.73,1871822.73,"ATM_AB_002 - Garki Area 11, Abuja",Port Harcourt,high_spender,200000,500000,0,Successful,NORMAL,
TXN000153,2026-03-30,21:50:56,Monday,CUST0005,Chibundo Eze,5286303748,7620,Visa Credit,Access Bank,ATM Balance Enquiry,5904.14,99794.03,99794.03,"ATM_LG_001 - Ikeja Branch, Lagos",Kano,low_spender,10000,50000,0,Successful,NORMAL,
TXN000913,2026-03-30,22:02:55,Monday,CUST0033,Ngozi Babatunde,1091476249,8935,Verve,UBA,ATM Balance Enquiry,3607.5,32177.25,32177.25,"ATM_AB_002 - Garki Area 11, Abuja",Ibadan,low_spender,10000,50000,2960.21,Successful,NORMAL,
TXN001530,2026-03-31,00:45:31,Tuesday,CUST0056,Chibundo Musa,5954546293,6058,Visa Credit,Access Bank,Online Transfer,6394.54,33473.39,33473.39,"ATM_LG_002 - Victoria Island, Lagos",Abuja,low_spender,10000,50000,0,Successful,NORMAL,
TXN001393,2026-03-31,05:18:38,Tuesday,CUST0051,Aisha Suleiman,2787994879,8601,Visa Credit,GTBank,POS Purchase,5959.13,69977.72,64018.59,"ATM_LG_005 - Yaba, Lagos",Abuja,medium_spender,50000,150000,5959.13,Reversed,NORMAL,
TXN001775,2026-03-31,05:31:28,Tuesday,CUST0065,Chidi Salami,7949487287,9802,Visa Debit,GTBank,POS Purchase,21371.04,40918.5,19547.46,"ATM_EN_001 - Independence Layout, Enugu [HOME STATE: Abuja]",Abuja,medium_spender,50000,150000,21371.04,Declined,SUSPICIOUS,Card used at Enugu ATM but customer is based in Abuja
TXN001117,2026-03-31,05:48:32,Tuesday,CUST0041,Gbenga Musa,2240888423,7738,Visa Credit,Fidelity Bank,ATM Balance Enquiry,4467.55,48441.94,48441.94,"ATM_LG_001 - Ikeja Branch, Lagos",Kaduna,low_spender,10000,50000,0,Successful,NORMAL,
TXN000669,2026-03-31,05:50:16,Tuesday,CUST0020,Chibundo Adeyemi,6105295550,7171,Mastercard Debit,Fidelity Bank,POS Purchase,30517.3,166299.46,135782.16,"ATM_LG_003 - Lekki Phase 1, Lagos",Lagos,medium_spender,50000,150000,30517.3,Successful,NORMAL,
TXN000744,2026-03-31,05:54:01,Tuesday,CUST0024,Ola Babatunde,4288813383,7897,Verve,Zenith Bank,POS Purchase,37626.62,366858.78,329232.16,"ATM_LG_004 - Surulere, Lagos",Enugu,medium_spender,50000,150000,37626.62,Successful,NORMAL,
TXN001511,2026-03-31,06:29:36,Tuesday,CUST0055,Fatima Okafor,4770704891,6439,Visa Debit,GTBank,POS Purchase,129561.07,277896.13,148335.06,"ATM_LG_003 - Lekki Phase 1, Lagos",Enugu,high_spender,200000,500000,129561.07,Successful,NORMAL,
TXN001961,2026-03-31,07:15:54,Tuesday,CUST0072,Uche Lawal,3911628692,4429,Visa Debit,Access Bank,ATM Withdrawal,48021.84,1815006.62,1766984.78,"ATM_LG_004 - Surulere, Lagos",Enugu,high_spender,200000,500000,48021.84,Successful,NORMAL,
TXN000745,2026-03-31,08:27:00,Tuesday,CUST0024,Ola Babatunde,4288813383,7897,Verve,Zenith Bank,POS Purchase,44315.03,105914.79,61599.76,"ATM_LG_004 - Surulere, Lagos",Enugu,medium_spender,50000,150000,81941.65,Declined,NORMAL,
TXN000707,2026-03-31,10:43:26,Tuesday,CUST0023,Zainab Okeke,7915823973,2645,Mastercard Debit,First Bank,POS Purchase,1752.08,40090.85,38338.77,"ATM_LG_002 - Victoria Island, Lagos",Port Harcourt,low_spender,10000,50000,1752.08,Successful,NORMAL,
TXN001881,2026-03-31,12:52:51,Tuesday,CUST0070,Uche Adeola,6486987091,8454,Verve,Zenith Bank,ATM Withdrawal,10520.48,49912.66,39392.18,"ATM_LG_001 - Ikeja Branch, Lagos",Abuja,medium_spender,50000,150000,10520.48,Successful,NORMAL,
TXN001059,2026-03-31,13:32:42,Tuesday,CUST0039,Tunde Nwosu,8518405632,1659,Visa Credit,Zenith Bank,POS Purchase,22578.08,189976.77,167398.69,"ATM_LG_001 - Ikeja Branch, Lagos",Kaduna,medium_spender,50000,150000,22578.08,Successful,NORMAL,
TXN001353,2026-03-31,15:56:53,Tuesday,CUST0050,Nkechi Eze,5802869654,3762,Mastercard Debit,First Bank,ATM Withdrawal,21830.36,205779.7,183949.34,"ATM_LG_004 - Surulere, Lagos",Benin City,medium_spender,50000,150000,21830.36,Successful,NORMAL,
TXN001005,2026-03-31,17:14:41,Tuesday,CUST0037,Rotimi Babatunde,8953520583,4419,Visa Credit,GTBank,POS Purchase,31912.13,56162.0,24249.87,"ATM_IB_001 - Ring Road, Ibadan",Enugu,medium_spender,50000,150000,31912.13,Successful,NORMAL,
TXN001184,2026-03-31,18:52:03,Tuesday,CUST0044,Uche Usman,2874900400,5082,Visa Credit,Stanbic IBTC,Online Transfer,9615.72,355219.75,355219.75,"ATM_LG_003 - Lekki Phase 1, Lagos",Kano,medium_spender,50000,150000,0,Declined,NORMAL,
TXN001618,2026-03-31,19:04:21,Tuesday,CUST0060,Dayo Obi,7463734803,6570,Visa Debit,GTBank,POS Purchase,3124.89,13624.68,10499.79,"ATM_LG_002 - Victoria Island, Lagos",Lagos,low_spender,10000,50000,3124.89,Successful,NORMAL,
TXN000354,2026-03-31,19:05:27,Tuesday,CUST0011,Bola Afolabi,3656018830,9554,Visa Credit,GTBank,POS Purchase,9806.91,489663.58,479856.67,"ATM_IB_001 - Ring Road, Ibadan",Ibadan,medium_spender,50000,150000,9806.91,Successful,NORMAL,
TXN000679,2026-03-31,19:15:31,Tuesday,CUST0021,Tunde Adeola,6683286033,5256,Visa Debit,Stanbic IBTC,ATM Withdrawal,3871.01,59101.68,55230.67,"ATM_LG_002 - Victoria Island, Lagos",Port Harcourt,low_spender,10000,50000,3871.01,Successful,NORMAL,
TXN000355,2026-03-31,20:29:21,Tuesday,CUST0011,Bola Afolabi,3656018830,9554,Visa Credit,GTBank,Online Transfer,36846.92,40797.11,40797.11,"ATM_LG_004 - Surulere, Lagos",Ibadan,medium_spender,50000,150000,9806.91,Successful,NORMAL,
TXN001272,2026-03-31,22:02:37,Tuesday,CUST0047,Musa Salami,6245202877,5548,Mastercard Debit,Zenith Bank,POS Purchase,11518.96,32195.51,20676.55,"ATM_LG_005 - Yaba, Lagos",Kano,medium_spender,50000,150000,11518.96,Successful,NORMAL,
