RowKey,OrderID,OrderDate,CustomerName,CustomerEmail,Country,ProductCategory,ProductName,Quantity,UnitPrice,Discount,ShippingCost,PaymentMethod,OrderStatus,CustomerGender,CustomerAge,Rating,SalesRep,Notes
1,ORD-11332,07/02/2024,CHIOMA MUSA,chioma.musa@example.com,france,Groceries,Rice 5kg,4.0,$18.36,0.25,11.74,CARD,Returned,Male,38.0,,D. Bello,Bulk order discount applied
2,ORD-11216,03/19/2025,chioma brown,chioma.brown@example.com,NIGERIA,Books,Notebook Pack,10.0,$12.89,0.15,31.76,Bank Transfer,Cancelled,FEMALE,31.0,3.0,F. Chukwu,
3,ORD-11491,28-Jun-2023,emeka eze,emeka.eze@example.com,INDIA,Home Appliances,Electric Kettle,11.0,$213.34,0.05,13.6,bank transfer,returned,Female,33.0,4.0,H. Yusuf,Customer requested gift wrap
4,ORD-11157,01/07/2025,Ibrahim Chukwu,ibrahim.chukwu@example.com,Ghana,Groceries,Sugar 1kg,5.0,$24.22,0.25,,Mobile Money,Returned,male,-23.0,2.0,E. Okon,
5,ORD-10983,27-Jul-2025,Ngozi Okafor,ngozi.okafor@example.com,US,Furniture,Bookshelf,4.0,$611.23,0.0,40.06,pos,shipped,Female,53.0,1.0,G. Ibe,
6,ORD-11141,12/01/2023,SEGUN ADEYEMI,segun.adeyemi@example.com,India,Fashion,Handbag,5.0,$167.43,0.1,9.0,Cash,DELIVERED,M,30.0,5.0,D. Bello,Called before delivery
7,ORD-10410,03/05/2024,MARY ADEYEMI,mary.adeyemi@example.com,U.S.A,Home Appliances,Microwave,8.0,$186.04,0.05,18.75,card,Shipped,female,31.0,,D. Bello,Customer requested gift wrap
8,ORD-11026,24/07/2024,"Khan, Ngozi",ngozi.khan@example.com,United States,Groceries,Cooking Oil 2L,5.0,$9.61,0.1,36.3,Cash,shipped,m,19.0,,H. Yusuf,Called before delivery
9,ORD-10173,2024-01-29,FEMI SMITH,femi.smith@example.com,S. Africa,Fashion,Sneakers,9.0,$126.68,0.25,27.65,mobile money,DELIVERED,m,39.0,2.0,C. Adeyemi,Fragile item
10,ORD-10493,08/08/2023,grace okon,grace.okon@example.com,united states,Electronics,Smartwatch,7.0,$932.65,0.25,36.57,cash,Shipped,FEMALE,38.0,3.0,D. Bello,Customer requested gift wrap
11,ORD-11045,2023-10-14,John Williams,john.williams@example.com,france,Groceries,Tea Box,1.0,$26.75,0.0,17.33,POS,Shipped,,23.0,4.0,J. Eze,Fragile item
12,ORD-10044,29-Nov-2025,  Yetunde Adeyemi  ,yetunde.adeyemi@example.com,UK,Furniture,Sofa,2.0,$422.48,0.05,14.43,CARD,shipped,M,54.0,3.0,G. Ibe,Fragile item
13,ORD-10621,02-May-2024,LINDA CHUKWU,lindachukwuAT example dot com,Nigeria ,Home Appliances,Electric Kettle,8.0,$133.11,0.1,13.75,Mobile Money,pending,M,23.0,4.0,F. Chukwu,
14,ORD-10643,10/23/2025,"Adeyemi, Chidi",chidi.adeyemi@example.com,KENYA,Groceries,Sugar 1kg,9.0,N/A,0.0,3.21,Mobile Money,shipped,FEMALE,36.0,4.0,J. Eze,Left at door
15,ORD-11396,09/06/2023,"Smith, Femi",femi.smith@example.com,germany,Groceries,Tea Box,1.0,$13.62,0.1,41.83,pos,Shipped,FEMALE,16.0,1.0,C. Adeyemi,Customer requested gift wrap
16,ORD-11250,2025-02-02,IBRAHIM ADEYEMI,ibrahim.adeyemi@example.com,france,Home Appliances,Microwave,4.0,$42.29,0.15,23.39,bank transfer,Pending,m,30.0,1.0,A. Okafor,Left at door
17,ORD-10675,27-Jun-2023,EMEKA IBE,emeka.ibe@example.com,england,Electronics,Laptop,1.0,"$1,412.73",0.2,44.8,pos,Cancelled,M,34.0,3.0,G. Ibe,Bulk order discount applied
18,ORD-10889,2024/05/22,CHIOMA OKAFOR,chioma.okafor@example.com,United Arab Emirates,Furniture,Sofa,8.0,$840.29,0.0,5.87,mobile money,Shipped,Female,,5.0,D. Bello,Customer requested gift wrap
19,ORD-11019,27/07/2024,JOHN YUSUF,john.yusuf@example.com,USA,Fashion,Handbag,10.0,$162.27,0.0,30.95,POS,Returned,M,20.0,1.0,H. Yusuf,Left at door
20,ORD-10453,20-Mar-2025,"Williams, Michael",michael.williams@example.com,United States,Groceries,Spaghetti Pack,4.0,$38.86,0.0,1.63,Cash,cancelled,male,32.0,3.0,H. Yusuf,
21,ORD-10288,2023/09/11,David Khan,,UAE,Fashion,T-Shirt,9.0,$158.84,0.15,,Mobile Money,cancelled,,29.0,3.0,B. Musa,Called before delivery
22,ORD-10141,04/10/2025,"Johnson, Chioma",chioma.johnson@example.com,england,Books,Notebook Pack,1.0,N/A,0.05,20.29,Bank Transfer,Returned,F,39.0,,G. Ibe,
23,ORD-10431,28-Apr-2024,"Johnson, Segun",segun.johnson@example.com,United States,Home Appliances,Blender,11.0,$194.56,0.0,43.79,Card,DELIVERED,M,54.0,,D. Bello,
24,ORD-11480,08/02/2024,Chidi Ibe,chidi.ibe@example.com,INDIA,Groceries,Tea Box,4.0,$32.25,0.0,23.42,Cash,pending,M,40.0,5.0,F. Chukwu,Customer requested gift wrap
25,ORD-10612,11/15/2024,segun nwosu,,France,Fashion,Handbag,11.0,$191.80,0.2,43.11,Bank Transfer,shipped,male,13.0,5.0,I. Nwosu,Fragile item
26,ORD-10128,05/08/2024,  Kunle Yusuf  ,kunle.yusuf@example.com,canada,Furniture,Bookshelf,3.0,$109.07,0.05,22.11,mobile money,returned,FEMALE,34.0,4.0,E. Okon,Fragile item
27,ORD-11477,12-Mar-2025,"Williams, Mary",mary.williams@example.com,USA,Home Appliances,Blender,1.0,$87.73,0.0,39.22,pos,shipped,female,42.0,5.0,F. Chukwu,
28,ORD-10287,21-Nov-2023,ZAINAB BELLO,zainab.bello@example.com,U.S.A,Furniture,Sofa,3.0,$610.81,0.25,23.51,CARD,shipped,m,31.0,2.0,B. Musa,Called before delivery
29,ORD-11064,03/04/2025,chidi garcia,chidi.garcia@example.com,Canada,Electronics,Smartwatch,6.0,480.50,0.25,38.08,POS,Cancelled,m,34.0,4.0,F. Chukwu,Left at door
30,ORD-11349,21/08/2025,"Johnson, Ngozi",ngozi.johnson@example.com,brazil,Home Appliances,Electric Kettle,6.0,$252.90,0.25,6.6,pos,returned,MALE,36.0,,A. Okafor,Bulk order discount applied
31,ORD-10737,08/20/2024,"Bello, Peter",peter.bello@example.com,South Africa,Electronics,Tablet,4.0,"$1,347.19",0.15,3.35,Bank Transfer,cancelled,Female,30.0,2.0,E. Okon,Customer requested gift wrap
32,ORD-10902,2023/07/07,BOLA BROWN,bola.brown@example.com,CANADA,Furniture,Dining Table,8.0,$253.21,0.1,13.24,Cash,delivered,f,39.0,,B. Musa,Fragile item
33,ORD-10142,09/30/2023,"Chukwu, David",david.chukwu@example.com,india,Groceries,Rice 5kg,6.0,$26.85,0.25,3.13,card,Cancelled,female,15.0,5.0,H. Yusuf,Fragile item
34,ORD-10739,2023-04-23,"Bello, Zainab",zainab.bello@example.com,UAE,Groceries,Spaghetti Pack,4.0,$26.55,0.05,7.56,POS,CANCELLED,M,-43.0,,I. Nwosu,Customer requested gift wrap
35,ORD-10913,15-May-2025,"Garcia, Linda",linda.garcia@example.com,Brazil,Home Appliances,Blender,7.0,$281.08,0.2,36.94,CARD,Pending,FEMALE,56.0,8.0,H. Yusuf,Customer requested gift wrap
36,ORD-10986,07/09/2023,YETUNDE BELLO,yetunde.bello@example.com,UAE,Fashion,Jacket,1.0,$35.36,0.0,40.02,Bank Transfer,delivered,f,35.0,5.0,I. Nwosu,
37,ORD-11086,03/23/2023,"Smith, Bola",bola.smith@example.com,,Home Appliances,Blender,2.0,$247.90,0.25,19.67,Mobile Money,Shipped,MALE,53.0,4.0,H. Yusuf,
38,ORD-10501,21-Apr-2025,grace eze,grace.eze@example.com,KENYA,Groceries,Rice 5kg,9.0,$23.15,0.2,25.11,Mobile Money,Delivered,Female,33.0,,E. Okon,
39,ORD-10448,07/08/2024,Yetunde Williams,yetunde.williams@example.com,France,Groceries,Cooking Oil 2L,5.0,$9.13,0.05,15.96,Bank Transfer,returned,f,27.0,4.0,C. Adeyemi,Bulk order discount applied
40,ORD-10102,2023/03/14,Sarah Johnson,sarah.johnson@example.com,KENYA,Home Appliances,Air Fryer,2.0,$56.88,0.0,4.98,POS,Returned,F,31.0,1.0,B. Musa,Customer requested gift wrap
41,ORD-10783,13-Jan-2024,"Ibe, Ngozi",ngoziibeAT example dot com,UAE,Books,Novel,9.0,$11.83,0.0,32.71,CARD,CANCELLED,female,43.0,3.0,C. Adeyemi,
42,ORD-11091,2025/01/19,  Ibrahim Eze  ,ibrahim.eze@example.com,CANADA,Furniture,Dining Table,10.0,$225.34,0.0,30.07,mobile money,pending,FEMALE,38.0,3.0,E. Okon,
43,ORD-10096,27/12/2023,FEMI GARCIA,femi.garcia@example.com,USA,Books,Journal,1.0,$7.97,0.0,33.14,Card,Delivered,Female,43.0,3.0,C. Adeyemi,Customer requested gift wrap
44,ORD-10846,2023-01-30,  Ade Okon  ,ade.okon@example.com,Brazil,Groceries,Cooking Oil 2L,6.0,$36.45,0.0,28.21,bank transfer,CANCELLED,F,33.0,,B. Musa,Fragile item
45,ORD-10072,12-Feb-2023,"Khan, Segun",segun.khan@example.com,CANADA,Fashion,Handbag,9.0,,0.1,10.81,Card,CANCELLED,,28.0,2.0,E. Okon,Called before delivery
46,ORD-10038,10-Oct-2023,"Ibe, Emeka",emeka.ibe@example.com,,Home Appliances,Air Fryer,9.0,$349.55,0.25,6.21,POS,CANCELLED,Female,36.0,5.0,I. Nwosu,Bulk order discount applied
47,ORD-10187,09/29/2025,Chioma Adeyemi,,Brazil,Books,Cookbook,7.0,$10.56,0.1,7.92,card,DELIVERED,f,52.0,3.0,C. Adeyemi,Customer requested gift wrap
48,ORD-10622,2024/10/18,femi okafor,femi.okafor@example.com,United Arab Emirates,Fashion,Jacket,9.0,$60.49,0.05,44.54,mobile money,CANCELLED,,49.0,3.0,D. Bello,Customer requested gift wrap
49,ORD-10327,2025-12-11,"Chukwu, Femi",femi.chukwu@example.com,NIGERIA,Groceries,Sugar 1kg,4.0,$7.55,0.0,38.24,bank transfer,shipped,M,24.0,3.0,A. Okafor,
50,ORD-10326,07/03/2025,bola adeyemi,bola.adeyemi@example.com,United Arab Emirates,Electronics,Headphones,8.0,,0.0,32.96,mobile money,Pending,female,32.0,3.0,E. Okon,Bulk order discount applied
51,ORD-10657,2023-10-15,"Nwosu, Peter",peter.nwosu@example.com,Britain,Home Appliances,Blender,2.0,$175.74,0.0,19.13,Card,CANCELLED,F,31.0,4.0,B. Musa,
52,ORD-10201,2025/04/19,CHIDI ADEYEMI,chidi.adeyemi@example.com,Brazil,Electronics,Smartwatch,7.0,"$1,313.70",0.0,2.07,CARD,Shipped,M,39.0,1.0,C. Adeyemi,
53,ORD-11299,12/12/2024,Femi Smith,femi.smith@example.com,Germany,Books,Journal,7.0,$52.77,0.0,3.05,Card,Delivered,male,,1.0,J. Eze,Left at door
54,ORD-10112,2024/12/28,CHIDI OKAFOR,chidi.okafor@example.com,GERMANY,Furniture,Study Desk,3.0,$546.38,0.0,44.97,cash,pending,F,19.0,5.0,A. Okafor,Bulk order discount applied
55,ORD-10631,11/12/2023,"Bello, Segun",segun.bello@example.com,Ghana,Fashion,Jeans,4.0,$133.34,0.0,33.16,pos,CANCELLED,,35.0,1.0,B. Musa,
56,ORD-10807,,"Ibe, Ade",ade.ibe@example.com,UAE,Books,Notebook Pack,2.0,$37.56,0.15,19.15,pos,shipped,Female,45.0,,I. Nwosu,
57,ORD-10061,03/12/2023,"Chukwu, Ibrahim",ibrahim.chukwu@example.com,Canada,Books,Journal,2.0,$52.10,0.05,40.94,CARD,pending,M,47.0,,I. Nwosu,Left at door
58,ORD-10118,09/15/2025,  Grace Garcia  ,,brazil,Books,Cookbook,9.0,$27.52,0.05,19.9,CARD,CANCELLED,MALE,21.0,5.0,H. Yusuf,Left at door
59,ORD-11179,2023/02/26,  Yetunde Garcia  ,yetunde.garcia@example.com,brazil,Fashion,Sneakers,2.0,$110.16,0.0,12.77,mobile money,Returned,,30.0,5.0,D. Bello,Called before delivery
60,ORD-10685,06/11/2023,Peter Smith,peter.smith@example.com,united states,Electronics,Smartwatch,5.0,$650.60,0.15,35.06,mobile money,Pending,male,29.0,1.0,I. Nwosu,
61,ORD-10862,09/14/2023,GRACE MUSA,grace.musa@example.com,Canada,Furniture,Sofa,11.0,$361.34,0.25,0.32,card,Shipped,Male,38.0,1.0,D. Bello,
62,ORD-10791,09/06/2024,Sarah Smith,,CANADA,Furniture,Office Chair,4.0,$259.96,0.0,16.88,Bank Transfer,delivered,MALE,27.0,3.0,A. Okafor,Fragile item
63,ORD-10368,2025/04/29,PETER KHAN,peter.khan@example.com,Brazil,Groceries,Spaghetti Pack,3.0,$29.53,0.1,9.36,Cash,returned,Female,40.0,2.0,H. Yusuf,
64,ORD-11234,25-Dec-2024,GRACE KHAN,grace.khan@example.com,United States,Fashion,Jeans,11.0,$200.50,0.0,28.21,bank transfer,Pending,male,9.0,1.0,D. Bello,Called before delivery
65,ORD-10883,25-Jul-2024,  Segun Ibe  ,segun.ibe@example.com,Deutschland,Home Appliances,Electric Kettle,4.0,$288.81,0.05,37.49,card,Pending,F,52.0,1.0,F. Chukwu,Bulk order discount applied
66,ORD-10931,2023/12/13,FEMI MUSA,femi.musa@example.com,ghana,Electronics,Smartwatch,3.0,$573.46,0.15,36.37,Bank Transfer,Shipped,M,47.0,3.0,E. Okon,
67,ORD-10364,08/02/2023,YETUNDE KHAN,yetunde.khan@example.com,ghana,Home Appliances,Air Fryer,8.0,$151.90,0.1,23.24,Mobile Money,DELIVERED,female,40.0,1.0,G. Ibe,
68,ORD-10817,2023-10-05,ngozi okon,ngozi.okon@example.com,S. Africa,Electronics,Monitor,10.0,"$1,196.96",0.0,9.28,Cash,Delivered,FEMALE,43.0,3.0,J. Eze,
69,ORD-10654,29-Oct-2023,  Linda Adeyemi  ,,brazil,Furniture,Study Desk,7.0,$664.30,0.0,36.95,Cash,DELIVERED,F,41.0,4.0,G. Ibe,Bulk order discount applied
70,ORD-10325,25/01/2023,"Khan, Chidi",chidi.khan@example.com,Deutschland,Groceries,Cooking Oil 2L,7.0,$10.53,0.0,4.39,Card,Delivered,M,56.0,4.0,J. Eze,Bulk order discount applied
71,ORD-11366,2025-06-19,NGOZI BELLO,ngozi.bello@example.com,South Africa,Electronics,Headphones,9.0,$575.43,0.1,12.36,Bank Transfer,Cancelled,Male,5.0,4.0,J. Eze,Customer requested gift wrap
72,ORD-10355,2025-04-17,"Ibe, Amaka",amakaibeAT example dot com,brazil,Electronics,Smartphone,9.0,$744.49,0.0,40.33,pos,shipped,F,43.0,,C. Adeyemi,
73,ORD-10279,06/04/2025,"Yusuf, David",david.yusuf@example.com, Nigeria,Fashion,Sneakers,2.0,$66.27,0.1,41.57,Bank Transfer,returned,Male,53.0,,F. Chukwu,
74,ORD-10705,2025/03/04,"Bello, Amaka",amaka.bello@example.com,United States,Home Appliances,Blender,7.0,$81.38,0.25,35.98,Mobile Money,Pending,m,34.0,1.0,E. Okon,Called before delivery
75,ORD-11153,2024-11-26,  David Bello  ,david.bello@example.com,France,Home Appliances,Blender,2.0,$212.89,0.0,0.55,card,Pending,f,44.0,2.0,J. Eze,Fragile item
76,ORD-10761,06/18/2023,  Kunle Yusuf  ,kunle.yusuf@example.com,Ghana,Groceries,Rice 5kg,4.0,$7.48,0.0,7.07,mobile money,Shipped,male,36.0,5.0,J. Eze,Bulk order discount applied
77,ORD-11495,2023/04/15,"Smith, Kunle",kunle.smith@example.com,canada,Furniture,Study Desk,8.0,$160.86,0.25,42.63,pos,CANCELLED,F,38.0,5.0,I. Nwosu,
78,ORD-10733,2025/02/13,  Grace Eze  ,grace.eze@example.com,France,Home Appliances,Electric Kettle,8.0,$312.91,0.0,21.93,cash,Pending,Male,14.0,5.0,H. Yusuf,
79,ORD-11245,2024-05-17,  Ngozi Okon  ,ngozi.okon@example.com,US,Furniture,Study Desk,4.0,$496.02,0.0,23.12,card,Cancelled,female,26.0,3.0,B. Musa,Fragile item
80,ORD-10899,03-Aug-2025,sarah adeyemi,sarah.adeyemi@example.com,Ghana,Electronics,Tablet,9.0,$96.72,0.0,13.77,cash,returned,female,44.0,3.0,J. Eze,Called before delivery
81,ORD-10205,06-Mar-2025,MICHAEL ADEYEMI,michael.adeyemi@example.com,Brazil,Electronics,Smartwatch,3.0,"$1,375.52",0.0,4.32,bank transfer,cancelled,F,25.0,,A. Okafor,
82,ORD-10312,14/12/2025,  Michael Chukwu  ,michael.chukwu@example.com,Canada,Fashion,T-Shirt,8.0,$114.80,0.2,11.05,cash,shipped,male,,5.0,B. Musa,Customer requested gift wrap
83,ORD-11317,2025-07-04,  Emeka Garcia  ,emeka.garcia@example.com,india,Books,Notebook Pack,0.0,$5.30,0.05,34.56,pos,Returned,f,26.0,2.0,H. Yusuf,Called before delivery
84,ORD-10701,05/17/2024,  Kunle Johnson  ,kunle.johnson@example.com,NIGERIA,Home Appliances,Microwave,11.0,$77.90,0.2,42.07,card,returned,F,39.0,1.0,H. Yusuf,
85,ORD-10719,11/15/2025,kunle brown,kunle.brown@example.com,GERMANY,Fashion,Jacket,5.0,$181.73,0.2,14.69,Mobile Money,DELIVERED,female,36.0,,I. Nwosu,
86,ORD-10652,04/25/2023,Ade Chukwu,ade.chukwu@example.com,CANADA,Furniture,Sofa,10.0,765.76,0.0,25.52,Bank Transfer,CANCELLED,m,35.0,1.0,D. Bello,Called before delivery
87,ORD-10641,2025/07/09,segun eze,segun.eze@example.com,France,Home Appliances,Blender,8.0,$326.79,0.25,27.17,Card,Returned,m,49.0,1.0,G. Ibe,Fragile item
88,ORD-10064,2024-09-29,kunle bello,kunle.bello@example.com,india,Home Appliances,Vacuum Cleaner,8.0,$284.50,0.0,33.71,Mobile Money,Pending,FEMALE,35.0,3.0,H. Yusuf,Left at door
89,ORD-11280,17/08/2023,NGOZI OKAFOR,ngozi.okafor@example.com,ghana,Groceries,Spaghetti Pack,7.0,$33.79,0.05,31.46,Card,shipped,f,29.0,5.0,B. Musa,Fragile item
90,ORD-10363,2024-11-10,ZAINAB BELLO,zainab.bello@example.com,Deutschland,Groceries,Sugar 1kg,1.0,$39.27,0.2,13.31,CARD,Shipped,M,38.0,4.0,E. Okon,
91,ORD-10059,10/01/2023,"Johnson, Peter",peter.johnson@example.com,S. Africa,Fashion,Jeans,11.0,$191.67,0.0,33.57,cash,pending,M,39.0,3.0,D. Bello,Called before delivery
92,ORD-10168,2023-10-02,Linda Okon,linda.okon@example.com,India,Home Appliances,Air Fryer,8.0,$238.07,0.25,38.64,mobile money,CANCELLED,female,48.0,5.0,C. Adeyemi,Bulk order discount applied
93,ORD-10207,24-Jul-2024,  Chidi Adeyemi  ,chidi.adeyemi@example.com,brazil,Home Appliances,Vacuum Cleaner,1.0,$70.37,0.0,44.09,mobile money,Delivered,male,48.0,2.0,A. Okafor,Customer requested gift wrap
94,ORD-11206,25/06/2025,segun johnson,,Ghana,Books,Textbook,5.0,$25.51,0.0,35.45,POS,Cancelled,M,28.0,2.0,B. Musa,
95,ORD-10260,05/02/2025,Chidi Smith,chidi.smith@example.com,GERMANY,Furniture,Sofa,1.0,$892.85,0.15,42.09,Bank Transfer,pending,m,32.0,3.0,F. Chukwu,
96,ORD-10504,2024/10/31,"Williams, Chioma",chioma.williams@example.com,Kenya,Groceries,Cooking Oil 2L,6.0,$22.61,0.0,4.47,CARD,Delivered,,33.0,4.0,C. Adeyemi,Bulk order discount applied
97,ORD-10415,2024/12/07,"Okafor, Kunle",kunle.okafor@example.com,india,Furniture,Sofa,4.0,$702.89,0.25,18.8,pos,cancelled,Female,36.0,,C. Adeyemi,Fragile item
98,,,,,,,,,,,,,,,,,,
99,ORD-11394,2024-12-20,"Ibe, Femi",femi.ibe@example.com,S. Africa,Groceries,Spaghetti Pack,2.0,$26.47,0.1,30.63,CARD,shipped,Male,41.0,4.0,H. Yusuf,Fragile item
100,ORD-10375,02/11/2025,john ibe,john.ibe@example.com,France,Books,Notebook Pack,5.0,$20.46,0.0,17.4,Card,Pending,Male,23.0,5.0,J. Eze,
101,ORD-11265,2023/04/20,SEGUN WILLIAMS,segun.williams@example.com,Kenya,Home Appliances,Air Fryer,5.0,$220.53,0.1,21.7,CARD,Cancelled,FEMALE,21.0,2.0,H. Yusuf,
102,ORD-10413,09-Jul-2023,  John Yusuf  ,john.yusuf@example.com,united states,Groceries,Sugar 1kg,11.0,,0.0,29.43,bank transfer,pending,male,34.0,4.0,A. Okafor,
103,ORD-10714,07-May-2024,Amaka Eze,,Ghana,Groceries,Sugar 1kg,8.0,$4.91,0.2,29.43,mobile money,DELIVERED,F,34.0,4.0,B. Musa,
104,ORD-10502,13-Jun-2024,peter musa,peter.musa@example.com, Nigeria,Groceries,Rice 5kg,1.0,2.25,0.1,16.0,cash,Delivered,MALE,35.0,4.0,J. Eze,Fragile item
105,ORD-11330,2025-05-24,MICHAEL GARCIA,michael.garcia@example.com,S. Africa,Books,Cookbook,8.0,$10.28,0.0,35.82,POS,pending,female,39.0,,I. Nwosu,
106,ORD-10620,01/05/2025,Chioma Brown,chioma.brown@example.com,France,Electronics,Laptop,1.0,"$1,409.63",0.0,12.25,pos,Shipped,M,37.0,,H. Yusuf,Customer requested gift wrap
107,ORD-11034,28-Feb-2024,Tunde Okafor,tunde.okafor@example.com,south africa,Books,Cookbook,8.0,$52.70,0.0,37.44,bank transfer,Pending,MALE,46.0,5.0,F. Chukwu,
108,ORD-10586,,YETUNDE BELLO,yetunde.bello@example.com,Ghana,Home Appliances,Microwave,10.0,$331.89,0.0,20.59,POS,Cancelled,f,19.0,2.0,A. Okafor,
109,ORD-10028,2025/03/05,JOHN NWOSU,john.nwosu@example.com,Nigeria,Books,Notebook Pack,10.0,$11.98,0.0,26.76,cash,Delivered,male,15.0,4.0,C. Adeyemi,Left at door
110,ORD-10117,07-Mar-2025,  Ibrahim Okon  ,ibrahim.okon@example.com,Germany,Furniture,Bookshelf,,$281.79,0.1,31.13,Cash,DELIVERED,,28.0,,C. Adeyemi,Bulk order discount applied
111,ORD-10010,06/07/2023,  David Adeyemi  ,davidadeyemiAT example dot com,kenya,Home Appliances,Electric Kettle,2.0,309.38,0.0,2.22,pos,pending,M,22.0,,I. Nwosu,Left at door
112,ORD-10351,,Tunde Smith,tunde.smith@example.com,INDIA,Fashion,Sneakers,6.0,$165.93,0.1,24.33,Bank Transfer,Pending,male,16.0,1.0,F. Chukwu,Called before delivery
113,ORD-10821,2023/12/24,"Adeyemi, Amaka",amaka.adeyemi@example.com,Nigeria ,Fashion,Handbag,11.0,$133.35,0.15,20.12,cash,shipped,Male,42.0,3.0,F. Chukwu,Fragile item
114,ORD-10944,07-Aug-2025,  Michael Bello  ,michael.bello@example.com,france,Groceries,Sugar 1kg,6.0,$10.41,0.1,19.89,bank transfer,cancelled,MALE,37.0,4.0,G. Ibe,Fragile item
115,ORD-10541,2024/04/10,"Chukwu, Tunde",tunde.chukwu@example.com,Nigeria ,Home Appliances,Blender,3.0,$227.40,0.05,27.72,card,Pending,f,24.0,2.0,J. Eze,Called before delivery
116,ORD-11325,2023-04-29,Halima Brown,halima.brown@example.com,S. Africa,Fashion,Jeans,5.0,$61.73,0.0,2.01,Mobile Money,Cancelled,female,31.0,4.0,A. Okafor,
117,ORD-11096,2025/11/05,kunle ibe,kunle.ibe@example.com,S. Africa,Electronics,Smartwatch,7.0,$333.92,0.0,,mobile money,delivered,f,31.0,5.0,B. Musa,Left at door
118,ORD-10949,2024/11/30,David Brown,david.brown@example.com,United States,Electronics,Monitor,4.0,$300.37,0.15,,CARD,Pending,M,19.0,4.0,H. Yusuf,Bulk order discount applied
119,ORD-10936,14-Apr-2023,"Williams, Mary",mary.williams@example.com,ghana,Fashion,Jacket,5.0,$70.77,0.25,23.95,bank transfer,cancelled,F,43.0,5.0,I. Nwosu,
120,ORD-11078,25/03/2025,"Brown, Tunde",tunde.brown@example.com,india,Groceries,Cooking Oil 2L,3.0,$22.31,0.1,23.54,bank transfer,returned,female,35.0,,F. Chukwu,
121,ORD-11426,2023-02-16,Mary Eze,mary.eze@example.com,US,Groceries,Cooking Oil 2L,3.0,$22.21,0.1,34.05,Cash,cancelled,female,188.0,4.0,A. Okafor,
122,ORD-10397,03/23/2024,Ibrahim Johnson,ibrahim.johnson@example.com,ghana,Fashion,T-Shirt,11.0,$138.96,0.1,25.98,pos,pending,Female,26.0,4.0,J. Eze,
123,ORD-10276,2024-09-25,ZAINAB MUSA,zainab.musa@example.com,ghana,Home Appliances,Microwave,4.0,$204.99,0.0,27.22,CARD,delivered,Male,38.0,2.0,E. Okon,
124,ORD-10147,2024/04/30,Femi Nwosu,femi.nwosu@example.com,CANADA,Fashion,T-Shirt,10.0,$186.41,0.1,,Mobile Money,pending,Female,42.0,1.0,B. Musa,
125,ORD-11361,06/01/2025,  Yetunde Williams  ,yetunde.williams@example.com,Germany,Electronics,Smartwatch,1.0,"$1,409.83",0.2,,Cash,Delivered,F,6.0,4.0,F. Chukwu,Called before delivery
126,ORD-10702,2025-07-07,chidi musa,chidi.musa@example.com,kenya,Books,Novel,8.0,$30.57,0.25,44.35,CARD,Delivered,F,37.0,4.0,E. Okon,Fragile item
127,ORD-10799,03/19/2025,Chioma Okafor,chioma.okafor@example.com,France,Electronics,Headphones,1.0,$82.81,0.0,9.29,card,Returned,m,18.0,2.0,G. Ibe,
128,ORD-11202,06-Mar-2023,yetunde johnson,yetunde.johnson@example.com,brazil,Furniture,Dining Table,1.0,$593.69,0.2,8.54,Cash,Pending,Male,31.0,3.0,J. Eze,Customer requested gift wrap
129,ORD-10489,28/12/2025,  Emeka Nwosu  ,emeka.nwosu@example.com,india,Fashion,Sneakers,3.0,$36.22,0.25,34.82,cash,DELIVERED,male,55.0,1.0,B. Musa,
130,ORD-11412,2025/06/23,  John Khan  ,john.khan@example.com,germany,Fashion,T-Shirt,8.0,$71.29,0.2,38.61,pos,Shipped,MALE,36.0,5.0,E. Okon,Customer requested gift wrap
131,ORD-10018,08/28/2025,ibrahim smith,ibrahim.smith@example.com,kenya,Books,Novel,9.0,45.85,0.05,5.39,mobile money,Shipped,M,61.0,2.0,G. Ibe,Called before delivery
132,ORD-11432,05-Feb-2023,CHIDI SMITH,chidi.smith@example.com,INDIA,Furniture,Sofa,1.0,$600.79,0.0,38.08,Mobile Money,delivered,FEMALE,34.0,3.0,G. Ibe,
133,ORD-10211,2023-11-12,DAVID EZE,david.eze@example.com,Germany,Electronics,Headphones,2.0,$930.14,0.2,22.94,CARD,cancelled,MALE,25.0,5.0,F. Chukwu,Called before delivery
134,ORD-10977,2024-02-25,grace adeyemi,grace.adeyemi@example.com,CANADA,Home Appliances,Air Fryer,5.0,$38.95,0.25,,card,CANCELLED,male,36.0,1.0,E. Okon,Left at door
135,ORD-10636,2024-06-14,PETER BROWN,,united states,Groceries,Cooking Oil 2L,6.0,$35.07,,14.36,Cash,cancelled,M,42.0,1.0,D. Bello,
136,ORD-10119,07-Nov-2024,  Grace Musa  ,,S. Africa,Electronics,Headphones,5.0,$636.70,0.0,12.51,POS,CANCELLED,M,17.0,5.0,F. Chukwu,Left at door
137,ORD-10180,2024-08-30,"Bello, Michael",michael.bello@example.com,ghana,Furniture,Sofa,5.0,137.75,0.1,19.14,mobile money,Returned,F,36.0,2.0,E. Okon,Called before delivery
138,ORD-10888,24-Jun-2024,Amaka Adeyemi,amaka.adeyemi@example.com,United States,Fashion,Sneakers,2.0,$98.93,0.0,19.92,mobile money,returned,M,42.0,5.0,J. Eze,
139,ORD-10452,04-Aug-2023,tunde musa,tunde.musa@example.com,Canada,Books,Journal,8.0,$11.22,0.2,2.66,cash,Delivered,F,45.0,1.0,B. Musa,Fragile item
140,ORD-10926,02/07/2025,  Segun Yusuf  ,segun.yusuf@example.com,Brazil,Groceries,Spaghetti Pack,11.0,$37.90,0.0,40.57,Card,Pending,female,40.0,4.0,D. Bello,
141,ORD-10347,06/25/2025,"Johnson, Michael",michael.johnson@example.com,India,Electronics,Monitor,5.0,$555.29,1.5,15.19,cash,Pending,Female,44.0,1.0,F. Chukwu,Customer requested gift wrap
142,ORD-10514,02/08/2023,  Segun Brown  ,segun.brown@example.com,Deutschland,Books,Textbook,7.0,$15.68,0.0,38.07,Cash,returned,F,37.0,3.0,E. Okon,
143,ORD-10573,2024-08-17,FEMI NWOSU,femi.nwosu@example.com,Ghana,Home Appliances,Air Fryer,-10.0,$315.40,0.05,33.95,Mobile Money,CANCELLED,female,155.0,2.0,H. Yusuf,
144,ORD-10871,2025/04/13,"Ibe, John",john.ibe@example.com,United Arab Emirates,Fashion,Sneakers,8.0,$93.04,0.25,12.39,cash,CANCELLED,m,30.0,4.0,C. Adeyemi,Bulk order discount applied
145,ORD-11006,08-Apr-2024,Michael Bello,michaelbelloAT example dot com,S. Africa,Fashion,T-Shirt,0.0,$118.40,0.2,15.93,POS,CANCELLED,Female,37.0,4.0,A. Okafor,Duplicate entry - re-keyed
146,ORD-10341,28/01/2025,  Femi Brown  ,femi.brown@example.com,brazil,Home Appliances,Electric Kettle,6.0,$264.22,0.0,41.59,bank transfer,returned,male,19.0,3.0,G. Ibe,Called before delivery
147,ORD-11107,19/08/2024,"Khan, Zainab",zainab.khan@example.com,canada,Furniture,Bookshelf,10.0,$557.12,0.0,0.66,Bank Transfer,shipped,female,31.0,2.0,H. Yusuf,Left at door
148,ORD-10729,2025-02-25,"Brown, Peter",peter.brown@example.com,Deutschland,Electronics,Headphones,1.0,"$1,171.55",0.25,37.91,Mobile Money,CANCELLED,F,56.0,5.0,C. Adeyemi,
149,ORD-10024,,grace johnson,grace.johnson@example.com,Canada,Books,Cookbook,5.0,$34.12,0.0,6.99,Cash,pending,Female,39.0,2.0,E. Okon,Bulk order discount applied
150,ORD-10673,03/04/2023,Peter Williams,peter.williams@example.com,US,Fashion,Sneakers,7.0,$214.01,0.15,26.17,card,Cancelled,F,19.0,2.0,I. Nwosu,
151,ORD-10475,2025-11-21,"Eze, Bola",bola.eze@example.com,south africa,Fashion,Sneakers,5.0,$210.62,0.2,11.24,bank transfer,Returned,male,30.0,3.0,H. Yusuf,
152,ORD-10359,03/07/2024,  Michael Okafor  ,michael.okafor@example.com,Ghana,Home Appliances,Microwave,5.0,$45.55,0.1,21.26,CARD,shipped,f,10.0,,E. Okon,
153,ORD-10512,28-Nov-2024,NGOZI NWOSU,ngozi.nwosu@example.com,canada,Electronics,Monitor,11.0,"$1,136.18",0.2,1.53,card,returned,m,24.0,2.0,C. Adeyemi,Bulk order discount applied
154,ORD-10665,14-Feb-2024,bola musa,bola.musa@example.com,india,Fashion,T-Shirt,11.0,$206.24,0.15,36.85,pos,Returned,Female,4.0,1.0,B. Musa,Left at door
155,ORD-10408,31-Oct-2023,"Williams, Halima",halima.williams@example.com,United Arab Emirates,Home Appliances,Electric Kettle,8.0,$307.04,0.0,2.4,bank transfer,DELIVERED,M,19.0,1.0,C. Adeyemi,Customer requested gift wrap
156,ORD-11098,11/17/2025,  Tunde Musa  ,tunde.musa@example.com,france,Home Appliances,Air Fryer,9.0,$278.47,,6.38,card,shipped,M,29.0,4.0,C. Adeyemi,Left at door
157,ORD-10670,04/23/2025,"Adeyemi, Bola",bola.adeyemi@example.com,Nigeria ,Furniture,Sofa,-5.0,$490.17,0.05,11.85,Cash,CANCELLED,male,38.0,,I. Nwosu,Fragile item
158,ORD-10900,05/03/2024,Ade Bello,ade.bello@example.com,U.K.,Fashion,T-Shirt,9.0,$215.32,0.05,19.6,Bank Transfer,Pending,Male,28.0,,F. Chukwu,Called before delivery
159,ORD-10468,15-Oct-2023,linda chukwu,linda.chukwu@example.com,United Arab Emirates,Electronics,Laptop,1.0,$869.82,0.25,43.51,card,shipped,female,37.0,4.0,B. Musa,Fragile item
160,ORD-11140,2025-05-24,Peter Okon,peter.okon@example.com,USA,Fashion,Sneakers,5.0,$55.47,,31.0,card,Returned,Female,41.0,,F. Chukwu,Left at door
161,ORD-11217,10-Jun-2023,ZAINAB IBE,zainab.ibe@example.com,ghana,Groceries,Rice 5kg,4.0,$38.00,0.25,5.6,POS,Shipped,male,34.0,,I. Nwosu,
162,ORD-10800,06-Sep-2024,SARAH ADEYEMI,sarah.adeyemi@example.com,south africa,Groceries,Cooking Oil 2L,5.0,$30.14,0.05,,Cash,pending,M,51.0,2.0,G. Ibe,Customer requested gift wrap
163,ORD-10379,08/02/2023,David Bello,david.bello@example.com,england,Home Appliances,Vacuum Cleaner,11.0,$98.87,0.2,22.58,Card,Returned,M,39.0,2.0,H. Yusuf,
164,ORD-10661,27/02/2023,Ngozi Smith,ngozi.smith@example.com,kenya,Fashion,Handbag,8.0,$147.13,,6.98,mobile money,Cancelled,MALE,25.0,5.0,C. Adeyemi,
165,ORD-11133,06-Oct-2023,JOHN KHAN,john.khan@example.com,Canada,Groceries,Tea Box,6.0,$6.57,0.1,,Bank Transfer,returned,MALE,36.0,4.0,H. Yusuf,Customer requested gift wrap
166,ORD-10014,22/10/2025,"Khan, Michael",michael.khan@example.com,India,Groceries,Tea Box,11.0,$2.47,0.1,44.87,Mobile Money,cancelled,m,40.0,5.0,D. Bello,Left at door
167,ORD-10109,25-Aug-2023,"Williams, Tunde",tunde.williams@example.com,CANADA,Groceries,Tea Box,7.0,$17.83,0.25,6.59,Mobile Money,delivered,Male,32.0,3.0,C. Adeyemi,
168,ORD-10758,2023/09/27,david khan,david.khan@example.com,U.S.A,Furniture,Sofa,5.0,$292.62,0.2,1.9,Cash,DELIVERED,M,27.0,3.0,A. Okafor,Called before delivery
169,ORD-10968,05-Jul-2025,Bola Ibe,bola.ibe@example.com,Britain,Furniture,Bookshelf,2.0,$73.63,0.25,8.61,pos,Pending,male,22.0,3.0,C. Adeyemi,
170,ORD-10946,2024-04-05,Ibrahim Okon,ibrahim.okon@example.com,ghana,Groceries,Rice 5kg,6.0,$35.59,0.25,7.78,CARD,Cancelled,male,28.0,4.0,I. Nwosu,Fragile item
171,ORD-10678,2024-08-01,Grace Eze,grace.eze@example.com,INDIA,Electronics,Monitor,9.0,$912.69,0.2,27.53,pos,delivered,m,46.0,3.0,I. Nwosu,
172,ORD-10035,12/10/2024,grace ibe,grace.ibe@example.com,Canada,Books,Notebook Pack,1.0,$46.23,0.05,16.49,Card,Returned,male,38.0,2.0,G. Ibe,
173,ORD-10285,03-Oct-2024,  Zainab Bello  ,zainab.bello@example.com,UAE,Electronics,Smartwatch,5.0,"$1,475.36",0.0,30.65,POS,shipped,Female,33.0,4.0,G. Ibe,Bulk order discount applied
174,ORD-10099,2024-03-18,ngozi smith,ngozi.smith@example.com,India,Books,Novel,4.0,$13.21,0.0,38.45,POS,CANCELLED,f,158.0,1.0,J. Eze,
175,ORD-10331,20/09/2023,John Khan,johnkhanAT example dot com,united states,Fashion,Sneakers,7.0,$164.70,0.05,16.83,card,pending,F,29.0,2.0,I. Nwosu,Customer requested gift wrap
176,ORD-10393,10/16/2023,  Grace Okafor  ,grace.okafor@example.com,Ghana,Groceries,Rice 5kg,2.0,$10.99,0.25,38.2,bank transfer,Shipped,Male,16.0,8.0,F. Chukwu,Fragile item
177,ORD-11125,08/02/2023,  Amaka Bello  ,amaka.bello@example.com,ghana,Books,Cookbook,6.0,$43.53,0.0,42.34,bank transfer,Pending,M,39.0,,I. Nwosu,Called before delivery
178,ORD-10531,2025-10-22,NGOZI KHAN,ngozi.khan@example.com,Brazil,Fashion,Handbag,6.0,$155.68,0.2,7.6,Card,Pending,M,31.0,,C. Adeyemi,
179,ORD-11095,18/02/2025,kunle okon,kunle.okon@example.com,CANADA,Books,Novel,1.0,$15.01,0.0,28.04,mobile money,Pending,FEMALE,37.0,,H. Yusuf,
180,ORD-10451,,PETER NWOSU,peter.nwosu@example.com,india,Home Appliances,Microwave,10.0,$331.62,,35.01,mobile money,Delivered,f,46.0,,I. Nwosu,
181,ORD-10250,2024-06-19,KUNLE EZE,kunle.eze@example.com,UAE,Books,Cookbook,4.0,$21.40,0.0,43.07,Cash,Returned,MALE,40.0,,E. Okon,
182,ORD-11365,2024/02/20,"Adeyemi, Ibrahim",ibrahim.adeyemi@example.com,ghana,Books,Cookbook,1.0,$10.29,0.05,5.1,bank transfer,Delivered,male,32.0,,F. Chukwu,
183,ORD-11382,2024-07-23,ZAINAB WILLIAMS,zainab.williams@example.com,india,Books,Novel,10.0,$28.18,0.1,24.25,cash,Shipped,,32.0,1.0,A. Okafor,
184,ORD-11407,12/19/2023,"Johnson, Ibrahim",ibrahim.johnson@example.com,U.S.A,Books,Journal,1.0,$58.48,0.0,38.58,cash,Returned,MALE,,4.0,G. Ibe,
185,ORD-10242,,zainab johnson,zainab.johnson@example.com,canada,Home Appliances,Vacuum Cleaner,11.0,$162.26,0.0,32.08,CARD,returned,female,21.0,4.0,A. Okafor,
186,ORD-10025,06-Oct-2024,"Okafor, Bola",bola.okafor@example.com,Ghana,Electronics,Tablet,2.0,$808.08,0.1,2.29,Cash,Returned,Female,46.0,8.0,F. Chukwu,
187,ORD-10111,04-Nov-2025,  Segun Bello  ,segun.bello@example.com,CANADA,Books,Journal,4.0,$46.99,0.1,31.95,POS,Returned,F,47.0,,D. Bello,Fragile item
188,ORD-10016,2025/03/15,  Kunle Okafor  ,kunle.okafor@example.com,United States,Furniture,Office Chair,11.0,$137.05,0.0,31.49,Card,Cancelled,m,39.0,,D. Bello,Left at door
189,ORD-10743,30/06/2025,ibrahim yusuf,ibrahim.yusuf@example.com,Germany,Electronics,Smartwatch,9.0,"$1,049.25",0.0,27.0,Card,Delivered,Female,31.0,3.0,B. Musa,Customer requested gift wrap
190,ORD-11471,11/21/2024,Chidi Johnson,chidi.johnson@example.com,Brazil,Fashion,T-Shirt,4.0,$46.86,0.15,30.11,mobile money,Shipped,male,54.0,3.0,A. Okafor,Left at door
191,ORD-10411,07-Aug-2023,  Halima Okon  ,halima.okon@example.com,Britain,Furniture,Office Chair,2.0,$661.23,0.05,7.94,Card,Shipped,female,25.0,1.0,H. Yusuf,Bulk order discount applied
192,ORD-10738,2025/12/22,CHIDI GARCIA,chidigarciaAT example dot com,Nigeria,Books,Notebook Pack,5.0,$16.68,0.15,44.63,bank transfer,Cancelled,Female,11.0,3.0,G. Ibe,
193,ORD-10148,2023-09-14,  Halima Chukwu  ,halima.chukwu@example.com,U.A.E,Electronics,Monitor,10.0,"$1,347.32",0.25,21.39,Bank Transfer,Shipped,F,26.0,5.0,I. Nwosu,Left at door
194,ORD-11150,2024-05-09,"Williams, David",david.williams@example.com,Deutschland,Books,Notebook Pack,9.0,$11.36,,11.23,bank transfer,Delivered,male,36.0,3.0,E. Okon,Left at door
195,ORD-10922,12/16/2023,Ngozi Okafor,ngozi.okafor@example.com,brazil,Fashion,Jeans,2.0,,0.05,4.4,Card,DELIVERED,F,24.0,4.0,C. Adeyemi,
196,ORD-10559,04/07/2023,Emeka Okon,emeka.okon@example.com,Canada,Groceries,Cooking Oil 2L,4.0,$22.87,0.1,7.74,POS,Cancelled,F,47.0,,C. Adeyemi,Called before delivery
197,ORD-11074,27-Jun-2023,halima okon,halima.okon@example.com,ghana,Furniture,Dining Table,9.0,$256.89,,27.29,CARD,Shipped,female,50.0,2.0,G. Ibe,
198,ORD-10962,2024-11-04,peter khan,peter.khan@example.com,Nigeria ,Fashion,T-Shirt,2.0,$35.74,0.15,12.33,bank transfer,shipped,f,13.0,,C. Adeyemi,
199,ORD-11301,2024/03/19,"Johnson, Grace",grace.johnson@example.com,germany,Fashion,T-Shirt,6.0,$173.85,0.0,28.05,pos,returned,Male,46.0,,B. Musa,Left at door
200,ORD-10186,2023-03-02,John Musa,john.musa@example.com,canada,Furniture,Study Desk,6.0,236.06,0.0,6.44,mobile money,shipped,female,31.0,5.0,G. Ibe,Bulk order discount applied
201,ORD-11018,07/02/2024,halima williams,halima.williams@example.com,Ghana,Books,Cookbook,1.0,$45.19,0.0,39.68,Bank Transfer,DELIVERED,M,166.0,8.0,I. Nwosu,
202,ORD-10937,10/21/2023,  Bola Okon  ,bola.okon@example.com,france,Furniture,Dining Table,7.0,$224.30,0.15,42.0,pos,Cancelled,m,31.0,4.0,I. Nwosu,Left at door
203,ORD-11071,07/05/2023,zainab musa,zainab.musa@example.com,france,Furniture,Bookshelf,1.0,$547.30,0.0,15.82,cash,Delivered,Female,52.0,1.0,A. Okafor,Fragile item
204,ORD-11218,2023-04-30,NGOZI BELLO,ngozi.bello@example.com,Germany,Furniture,Bookshelf,7.0,741.14,0.0,16.53,card,DELIVERED,M,18.0,3.0,B. Musa,
205,ORD-10100,10/07/2024,mary yusuf,mary.yusuf@example.com,France,Books,Journal,8.0,$17.24,0.15,43.1,cash,CANCELLED,M,40.0,3.0,H. Yusuf,Fragile item
206,ORD-10005,2024-12-27,  Chidi Yusuf  ,chidi.yusuf@example.com,Canada,Furniture,Office Chair,9.0,$146.86,0.05,35.22,bank transfer,pending,female,67.0,5.0,C. Adeyemi,Called before delivery
207,ORD-10896,07/01/2024,  Bola Williams  ,bola.williams@example.com,United Arab Emirates,Books,Cookbook,1.0,$55.12,0.0,12.99,POS,shipped,FEMALE,34.0,2.0,I. Nwosu,Fragile item
208,ORD-10047,05/05/2023,ade brown,,S. Africa,Books,Notebook Pack,11.0,$9.44,0.0,1.62,CARD,CANCELLED,m,60.0,,I. Nwosu,
209,ORD-10472,01/08/2025,Segun Garcia,segun.garcia@example.com,US,Home Appliances,Blender,11.0,$192.03,0.1,21.48,Cash,Returned,f,45.0,5.0,I. Nwosu,Customer requested gift wrap
210,ORD-10286,10/29/2025,ibrahim brown,ibrahim.brown@example.com,united states,Home Appliances,Microwave,4.0,$33.17,0.0,7.75,CARD,CANCELLED,M,,3.0,E. Okon,
211,ORD-10194,2025/06/20,"Smith, Segun",segun.smith@example.com,INDIA,Furniture,Sofa,6.0,$885.72,0.15,40.0,Cash,pending,male,36.0,4.0,B. Musa,Bulk order discount applied
212,ORD-10417,04/30/2023,Amaka Adeyemi,amaka.adeyemi@example.com,UK,Groceries,Rice 5kg,10.0,$7.51,0.15,29.5,mobile money,CANCELLED,female,66.0,1.0,J. Eze,Bulk order discount applied
213,ORD-10427,08-Apr-2023,ngozi nwosu,ngozi.nwosu@example.com,Nigeria ,Books,Notebook Pack,1.0,$26.60,0.15,33.97,pos,pending,Female,24.0,5.0,J. Eze,
214,ORD-10190,12/22/2023,david musa,david.musa@example.com,Germany,Fashion,Jacket,7.0,$202.20,0.0,25.04,Cash,Returned,M,25.0,5.0,C. Adeyemi,Left at door
215,ORD-10027,08/04/2023,  Zainab Bello  ,zainabbelloAT example dot com,US,Furniture,Bookshelf,6.0,$831.79,0.1,18.63,cash,returned,male,38.0,4.0,D. Bello,Left at door
216,ORD-10875,08/01/2025,YETUNDE EZE,yetunde.eze@example.com,UK,Groceries,Spaghetti Pack,1.0,$28.23,0.25,18.75,POS,CANCELLED,MALE,46.0,1.0,F. Chukwu,Fragile item
217,ORD-11228,09/19/2024,halima garcia,halima.garcia@example.com,UK,Books,Notebook Pack,6.0,$21.83,0.1,7.08,bank transfer,Delivered,male,40.0,4.0,G. Ibe,
218,ORD-11011,2023/11/13,Amaka Chukwu,amaka.chukwu@example.com,india,Books,Textbook,10.0,$6.33,0.0,9.15,cash,DELIVERED,female,,2.0,G. Ibe,Customer requested gift wrap
219,ORD-10857,03/02/2023,"Johnson, John",,brazil,Fashion,T-Shirt,2.0,$33.39,0.25,35.15,Card,Cancelled,Female,28.0,5.0,E. Okon,
220,ORD-11023,02/06/2024,Tunde Khan,tunde.khan@example.com,Britain,Fashion,Jacket,1.0,$110.26,0.0,33.0,Card,pending,MALE,48.0,,E. Okon,Left at door
221,ORD-10526,2023-07-13,CHIOMA KHAN,chioma.khan@example.com,US,Home Appliances,Air Fryer,2.0,$268.98,0.0,35.91,Bank Transfer,Shipped,FEMALE,41.0,4.0,A. Okafor,
222,ORD-11447,2023-09-21,"Bello, Chidi",chidi.bello@example.com,KENYA,Furniture,Office Chair,11.0,$422.19,0.0,23.87,card,Shipped,m,40.0,3.0,F. Chukwu,
223,ORD-11021,2023/12/11,  John Johnson  ,john.johnson@example.com,Brazil,Groceries,Spaghetti Pack,11.0,$38.10,0.0,9.07,POS,Returned,,65.0,2.0,G. Ibe,
224,ORD-10879,2024/07/02,  Ade Williams  ,ade.williams@example.com,South Africa,Groceries,Sugar 1kg,8.0,$23.75,0.1,29.4,pos,delivered,FEMALE,40.0,3.0,G. Ibe,Fragile item
225,ORD-11110,09/11/2024,david garcia,david.garcia@example.com,Canada,Electronics,Smartphone,3.0,"$1,231.50",0.0,41.94,CARD,Cancelled,,31.0,4.0,H. Yusuf,
226,ORD-11261,13/10/2025,Ade Musa,ade.musa@example.com,Brazil,Groceries,Sugar 1kg,11.0,$22.56,0.0,,POS,Pending,F,28.0,1.0,E. Okon,Customer requested gift wrap
227,ORD-11408,19/09/2023,"Okon, Segun",segun.okon@example.com,CANADA,Furniture,Bookshelf,9.0,$322.57,0.15,37.43,Bank Transfer,Shipped,male,37.0,1.0,E. Okon,
228,ORD-10114,07/24/2024,ADE GARCIA,ade.garcia@example.com,U.S.A,Home Appliances,Electric Kettle,2.0,$186.03,0.0,26.33,Mobile Money,cancelled,female,30.0,4.0,B. Musa,Fragile item
229,ORD-10229,,Mary Johnson,mary.johnson@example.com,france,Home Appliances,Electric Kettle,,173.03,0.1,3.67,Mobile Money,delivered,female,39.0,3.0,H. Yusuf,
230,ORD-11298,09-Oct-2024,Femi Okon,femi.okon@example.com,United Kingdom,Groceries,Rice 5kg,4.0,$32.80,,26.45,Card,delivered,F,31.0,3.0,I. Nwosu,Left at door
231,ORD-10052,2025/03/17,ade eze,ade.eze@example.com,france,Fashion,T-Shirt,2.0,$71.18,0.2,12.3,card,returned,M,28.0,2.0,E. Okon,
232,ORD-11485,2023/11/24,MARY WILLIAMS,mary.williams@example.com,Kenya,Furniture,Bookshelf,3.0,$470.83,0.0,21.77,pos,cancelled,F,28.0,1.0,F. Chukwu,Fragile item
233,ORD-10253,18-Mar-2025,"Musa, Amaka",amaka.musa@example.com,Nigeria ,Home Appliances,Air Fryer,6.0,$61.89,0.0,0.16,mobile money,shipped,FEMALE,30.0,2.0,G. Ibe,
234,ORD-10569,2023/09/19,"Adeyemi, David",david.adeyemi@example.com,UK,Groceries,Spaghetti Pack,0.0,$3.06,0.2,25.09,pos,Cancelled,m,47.0,,G. Ibe,
235,ORD-10929,08/22/2025,grace williams,grace.williams@example.com,Canada,Electronics,Smartwatch,11.0,$410.07,0.05,25.99,mobile money,DELIVERED,Female,38.0,,I. Nwosu,Left at door
236,ORD-11387,2023/12/10,"Adeyemi, Ade",ade.adeyemi@example.com,US,Furniture,Study Desk,2.0,$305.12,0.1,8.79,bank transfer,Delivered,MALE,30.0,5.0,G. Ibe,
237,ORD-10839,10/15/2024,CHIOMA OKAFOR,chioma.okafor@example.com,United States,Books,Novel,2.0,$8.26,0.0,6.89,CARD,Pending,male,29.0,4.0,C. Adeyemi,
238,ORD-10928,02/22/2025,  Grace Smith  ,grace.smith@example.com,canada,Furniture,Office Chair,10.0,$316.11,0.15,31.1,Mobile Money,Returned,f,41.0,5.0,B. Musa,Fragile item
239,ORD-10329,2023-02-25,CHIOMA BROWN,,ghana,Fashion,Jacket,10.0,$68.76,0.05,18.19,bank transfer,Shipped,M,34.0,,C. Adeyemi,
240,ORD-10263,18/08/2024,  Peter Yusuf  ,peter.yusuf@example.com,United Kingdom,Fashion,Sneakers,8.0,$199.59,0.1,15.81,Cash,Returned,F,-32.0,1.0,F. Chukwu,
241,ORD-10955,24-Dec-2025,DAVID OKON,david.okon@example.com,united states,Fashion,Jacket,5.0,$178.18,0.25,43.22,card,returned,Male,46.0,5.0,I. Nwosu,Left at door
242,ORD-10370,04/25/2023,ibrahim musa,ibrahim.musa@example.com,Deutschland,Furniture,Office Chair,6.0,$560.61,0.0,32.27,cash,Cancelled,M,29.0,1.0,D. Bello,Called before delivery
243,ORD-10371,12/21/2024,"Garcia, John",john.garcia@example.com,Nigeria,Books,Cookbook,11.0,$57.79,0.2,42.22,card,shipped,female,43.0,1.0,J. Eze,
244,ORD-10659,2023-06-26,ngozi williams,,South Africa,Electronics,Smartphone,11.0,$440.62,0.1,31.88,POS,cancelled,Male,13.0,4.0,H. Yusuf,Called before delivery
245,ORD-10756,09/06/2024,JOHN GARCIA,john.garcia@example.com,KENYA,Home Appliances,Electric Kettle,11.0,$119.11,0.2,38.99,CARD,CANCELLED,MALE,27.0,1.0,G. Ibe,
246,ORD-11024,2024/06/27,  Yetunde Williams  ,yetunde.williams@example.com,France,Furniture,Bookshelf,7.0,$396.57,0.15,,pos,Shipped,,33.0,5.0,F. Chukwu,Left at door
247,ORD-10165,2023-05-10,"Johnson, Ibrahim",ibrahim.johnson@example.com,Brazil,Fashion,Handbag,1.0,$68.53,0.2,10.7,cash,shipped,m,40.0,4.0,H. Yusuf,Left at door
248,ORD-10548,06/16/2024,MARY BROWN,mary.brown@example.com,Ghana,Fashion,Jacket,10.0,$178.98,0.0,30.89,Cash,delivered,MALE,26.0,,D. Bello,
249,ORD-11082,18/12/2025,"Khan, Grace",grace.khan@example.com,Brazil,Groceries,Rice 5kg,8.0,$4.89,0.0,3.34,Mobile Money,Shipped,f,45.0,5.0,I. Nwosu,Customer requested gift wrap
250,ORD-10208,2025/11/08,"Brown, Ngozi",ngozibrownAT example dot com,U.S.A,Furniture,Dining Table,2.0,$326.99,0.0,43.06,Cash,returned,f,24.0,2.0,F. Chukwu,Fragile item
251,ORD-11488,09-Jul-2023,"Bello, David",david.bello@example.com,united states,Groceries,Rice 5kg,9.0,$39.53,0.15,41.51,CARD,Delivered,M,22.0,3.0,C. Adeyemi,Left at door
252,ORD-11297,2024/03/13,grace smith,,GERMANY,Electronics,Smartwatch,7.0,$797.39,0.25,9.82,mobile money,CANCELLED,MALE,16.0,3.0,G. Ibe,Fragile item
253,ORD-10264,02/18/2024,emeka bello,emeka.bello@example.com,germany,Fashion,Jacket,2.0,$71.88,0.25,32.08,Card,DELIVERED,F,43.0,5.0,A. Okafor,Customer requested gift wrap
254,ORD-10631,11/12/2023,"Bello, Segun",segun.bello@example.com,Ghana,Fashion,Jeans,4.0,$133.34,0.0,33.16,pos,CANCELLED,,35.0,1.0,B. Musa,
255,ORD-10446,2025/04/01,SEGUN OKON,segun.okon@example.com,england,Home Appliances,Microwave,2.0,313.24,0.0,8.29,POS,cancelled,m,17.0,1.0,J. Eze,Customer requested gift wrap
256,ORD-10362,2025/05/01,Zainab Ibe,zainab.ibe@example.com,USA,Books,Journal,1.0,$28.55,0.25,37.25,Card,Returned,f,20.0,5.0,B. Musa,Left at door
257,ORD-10021,2024-04-05,tunde brown,,Nigeria ,Groceries,Spaghetti Pack,6.0,$29.39,0.15,43.64,cash,cancelled,Female,55.0,2.0,D. Bello,Left at door
258,ORD-10644,06-Jun-2025,"Ibe, Tunde",tunde.ibe@example.com,,Books,Journal,6.0,$42.44,0.05,27.81,cash,Shipped,MALE,53.0,4.0,I. Nwosu,
259,ORD-11246,27-May-2024,bola khan,bola.khan@example.com,KENYA,Electronics,Tablet,2.0,$349.01,0.2,38.79,bank transfer,Shipped,Female,45.0,,I. Nwosu,
260,ORD-10653,2025/08/04,  Linda Garcia  ,linda.garcia@example.com,U.K.,Books,Notebook Pack,1.0,5.46,0.25,20.68,bank transfer,Shipped,FEMALE,18.0,,C. Adeyemi,Customer requested gift wrap
261,ORD-11471,11/21/2024,Chidi Johnson,chidi.johnson@example.com,Brazil,Fashion,T-Shirt,4.0,$46.86,0.15,30.11,mobile money,Shipped,male,54.0,3.0,A. Okafor,Left at door
262,ORD-10295,2024-05-06,mary okon,mary.okon@example.com,united states,Furniture,Study Desk,,$725.80,0.2,21.51,Cash,Pending,M,37.0,3.0,G. Ibe,
263,ORD-10903,06/19/2025,Yetunde Johnson,yetunde.johnson@example.com,germany,Electronics,Smartwatch,5.0,$340.88,0.0,15.38,POS,Delivered,FEMALE,31.0,5.0,B. Musa,
264,ORD-10694,27/02/2023,  Bola Eze  ,bola.eze@example.com,UAE,Furniture,Sofa,11.0,$332.91,0.25,16.32,Bank Transfer,Delivered,FEMALE,28.0,3.0,J. Eze,Customer requested gift wrap
265,ORD-11175,2023-09-15,TUNDE OKAFOR,tunde.okafor@example.com,India,Electronics,Headphones,5.0,$440.50,0.05,38.86,bank transfer,pending,m,20.0,,J. Eze,Called before delivery
266,ORD-11262,22/04/2024,LINDA GARCIA,linda.garcia@example.com,Nigeria,Home Appliances,Electric Kettle,1.0,$311.02,0.05,5.26,pos,shipped,Female,29.0,1.0,A. Okafor,Left at door
267,ORD-11126,04/27/2025,zainab bello,zainab.bello@example.com,Ghana,Electronics,Smartwatch,11.0,$501.67,0.2,17.63,bank transfer,cancelled,male,40.0,1.0,F. Chukwu,Left at door
268,ORD-10736,2025/06/11,  Femi Brown  ,femi.brown@example.com,UAE,Furniture,Study Desk,6.0,$868.37,0.0,39.06,cash,Shipped,,55.0,8.0,D. Bello,Bulk order discount applied
269,ORD-10554,26/10/2024,Yetunde Williams,yetunde.williams@example.com,CANADA,Books,Notebook Pack,4.0,$50.36,0.25,32.02,cash,Delivered,male,22.0,3.0,F. Chukwu,Bulk order discount applied
270,ORD-11403,23-May-2023,  Tunde Adeyemi  ,tunde.adeyemi@example.com,USA,Fashion,Sneakers,2.0,$210.14,0.15,17.46,POS,Returned,F,39.0,1.0,J. Eze,
271,ORD-11052,2023/01/05,ADE CHUKWU,ade.chukwu@example.com,India,Groceries,Tea Box,1.0,$20.77,0.0,12.84,pos,Pending,Male,29.0,,F. Chukwu,
272,ORD-10384,09/06/2024,AMAKA SMITH,,INDIA,Fashion,T-Shirt,4.0,$155.33,0.15,1.6,Bank Transfer,Returned,female,37.0,3.0,E. Okon,Called before delivery
273,ORD-10129,2024/01/26,  Mary Smith  ,mary.smith@example.com,UK,Home Appliances,Microwave,7.0,,0.15,0.91,cash,Delivered,female,35.0,5.0,I. Nwosu,
274,ORD-11119,2025-02-27,Tunde Johnson,tunde.johnson@example.com,ghana,Electronics,Smartwatch,6.0,"$1,248.90",0.25,5.53,Mobile Money,pending,,38.0,8.0,G. Ibe,
275,ORD-10790,09/29/2024,sarah yusuf,sarah.yusuf@example.com, Nigeria,Home Appliances,Vacuum Cleaner,8.0,$37.76,0.0,5.86,POS,pending,m,30.0,,C. Adeyemi,Fragile item
276,ORD-11196,2023/04/24,yetunde musa,yetunde.musa@example.com,United States,Fashion,Handbag,10.0,$175.47,0.0,44.26,pos,Delivered,male,24.0,1.0,F. Chukwu,
277,ORD-11296,19-Jul-2025,  Femi Brown  ,femi.brown@example.com,india,Electronics,Laptop,5.0,$599.10,0.05,29.13,Cash,pending,FEMALE,36.0,,I. Nwosu,Left at door
278,ORD-10455,08/12/2023,ade williams,ade.williams@example.com,brazil,Groceries,Sugar 1kg,2.0,$39.64,0.25,19.61,Cash,Returned,F,11.0,,E. Okon,Fragile item
279,ORD-11219,2025-10-10,yetunde adeyemi,yetunde.adeyemi@example.com,Britain,Books,Notebook Pack,6.0,$19.07,0.2,3.87,mobile money,Cancelled,m,40.0,3.0,B. Musa,
280,ORD-10152,30/03/2024,Segun Musa,segun.musa@example.com,US,Furniture,Bookshelf,2.0,$94.02,0.25,38.9,CARD,DELIVERED,Female,27.0,4.0,F. Chukwu,Left at door
281,ORD-11000,2024/04/04,yetunde nwosu,yetunde.nwosu@example.com,Ghana,Books,Cookbook,2.0,$53.55,0.0,27.32,Card,cancelled,m,44.0,5.0,F. Chukwu,Customer requested gift wrap
282,ORD-11124,2025-09-18,"Garcia, Halima",halima.garcia@example.com,Kenya,Furniture,Sofa,-10.0,$200.82,0.2,8.89,Mobile Money,delivered,Male,20.0,2.0,I. Nwosu,
283,ORD-11274,2024-01-26,  John Adeyemi  ,john.adeyemi@example.com,ghana,Home Appliances,Blender,1.0,$66.01,0.1,35.43,card,Pending,MALE,27.0,4.0,G. Ibe,Called before delivery
284,ORD-11017,08/09/2024,  Ade Khan  ,ade.khan@example.com,U.A.E,Groceries,Tea Box,1.0,$8.83,0.0,32.48,card,CANCELLED,m,29.0,2.0,A. Okafor,Fragile item
285,ORD-11405,2023/11/02,ngozi khan,ngozi.khan@example.com,canada,Home Appliances,Blender,10.0,$260.15,0.0,42.91,CARD,DELIVERED,f,37.0,1.0,J. Eze,
286,ORD-11410,2025/05/18,DAVID GARCIA,david.garcia@example.com,france,Electronics,Tablet,7.0,765.74,,15.44,mobile money,Returned,Male,27.0,5.0,B. Musa,
287,ORD-10572,08/04/2023,zainab eze,zainab.eze@example.com,brazil,Electronics,Monitor,5.0,"$1,444.45",0.2,11.75,mobile money,pending,Female,16.0,4.0,H. Yusuf,Customer requested gift wrap
288,ORD-10433,2025/06/01,  Linda Adeyemi  ,linda.adeyemi@example.com,nigeria,Books,Notebook Pack,7.0,23.18,0.0,26.29,card,CANCELLED,male,27.0,1.0,I. Nwosu,Fragile item
289,ORD-10345,2024-07-11,  Amaka Nwosu  ,amaka.nwosu@example.com,U.K.,Books,Cookbook,10.0,$45.28,0.25,2.21,CARD,Delivered,Female,43.0,,I. Nwosu,
290,ORD-10309,2023-10-23,Yetunde Nwosu,yetunde.nwosu@example.com,brazil,Groceries,Sugar 1kg,7.0,$39.40,0.15,38.3,mobile money,shipped,Female,17.0,4.0,C. Adeyemi,Customer requested gift wrap
291,ORD-11451,02/22/2023,Michael Okon,michael.okon@example.com,France,Groceries,Rice 5kg,10.0,$28.78,0.05,2.49,pos,delivered,FEMALE,16.0,,G. Ibe,
292,ORD-10349,2025/05/08,  Zainab Okon  ,zainab.okon@example.com,Britain,Groceries,Rice 5kg,3.0,$15.21,0.25,27.49,Bank Transfer,CANCELLED,M,24.0,,C. Adeyemi,Called before delivery
293,ORD-11134,01/02/2023,"Okon, Kunle",kunle.okon@example.com,UK,Books,Novel,10.0,$26.78,0.15,10.71,card,shipped,female,48.0,1.0,J. Eze,
294,ORD-10464,25-Aug-2024,chioma musa,chioma.musa@example.com,India,Fashion,Jacket,6.0,$92.53,0.25,15.61,Card,Pending,F,46.0,,I. Nwosu,Fragile item
295,ORD-11453,15/07/2023,Halima Yusuf,halima.yusuf@example.com,USA,Groceries,Sugar 1kg,1.0,$7.31,0.15,,CARD,Pending,FEMALE,61.0,2.0,B. Musa,Bulk order discount applied
296,ORD-10449,2023-12-15,"Ibe, Kunle",kunle.ibe@example.com,brazil,Furniture,Office Chair,5.0,$310.77,0.0,,card,shipped,Male,40.0,4.0,J. Eze,
297,ORD-10466,2025/04/10,chidi okon,chidi.okon@example.com,ghana,Electronics,Monitor,5.0,$865.52,0.2,42.27,pos,delivered,m,39.0,1.0,I. Nwosu,
298,ORD-10547,08/08/2025,Grace Yusuf,grace.yusuf@example.com,France,Home Appliances,Blender,7.0,$331.73,0.2,4.11,bank transfer,Delivered,MALE,48.0,4.0,I. Nwosu,
299,ORD-10056,08-Mar-2024,ADE KHAN,ade.khan@example.com,South Africa,Fashion,T-Shirt,3.0,$61.63,0.0,35.82,Bank Transfer,pending,female,38.0,1.0,J. Eze,Left at door
300,ORD-10598,12/30/2025,ibrahim williams,ibrahim.williams@example.com,kenya,Electronics,Monitor,11.0,$339.59,0.0,17.35,Cash,Pending,male,53.0,2.0,J. Eze,
301,ORD-11367,2023/01/21,"Yusuf, Bola",bola.yusuf@example.com,NIGERIA,Groceries,Tea Box,11.0,$11.67,0.0,37.62,pos,delivered,f,27.0,3.0,E. Okon,
302,ORD-10465,2024/02/10,SARAH MUSA,sarah.musa@example.com,GERMANY,Fashion,Jacket,10.0,$138.79,0.1,20.67,cash,pending,,32.0,4.0,G. Ibe,Left at door
303,ORD-11183,10/17/2023,EMEKA MUSA,emeka.musa@example.com,India,Furniture,Office Chair,1.0,$636.51,0.0,13.61,cash,returned,male,37.0,4.0,A. Okafor,
304,ORD-10352,,  Amaka Khan  ,amaka.khan@example.com,INDIA,Electronics,Laptop,2.0,$101.24,0.15,42.01,mobile money,Cancelled,Female,37.0,1.0,J. Eze,Customer requested gift wrap
305,ORD-10914,03/11/2024,"Adeyemi, Amaka",amaka.adeyemi@example.com,canada,Furniture,Bookshelf,10.0,$464.65,0.05,23.91,Mobile Money,Shipped,Male,32.0,1.0,H. Yusuf,
306,ORD-10171,12/20/2023,"Okon, Ibrahim",ibrahim.okon@example.com,Canada,Groceries,Rice 5kg,0.0,$9.53,0.0,11.06,Bank Transfer,CANCELLED,FEMALE,48.0,5.0,D. Bello,Customer requested gift wrap
307,ORD-10829,2023/07/07,"Ibe, Chidi",chidi.ibe@example.com,U.A.E,Fashion,Handbag,3.0,$110.39,0.1,41.49,pos,delivered,MALE,26.0,5.0,I. Nwosu,Fragile item
308,ORD-10721,05/08/2025,Segun Williams,segun.williams@example.com,ghana,Groceries,Spaghetti Pack,6.0,$38.56,0.0,,Card,DELIVERED,Female,36.0,3.0,E. Okon,
309,ORD-11377,2024/01/10,"Nwosu, Michael",michael.nwosu@example.com,Ghana,Books,Textbook,4.0,$8.77,0.0,2.45,Cash,cancelled,Female,25.0,1.0,D. Bello,Bulk order discount applied
310,ORD-10314,2024/02/14,grace adeyemi,grace.adeyemi@example.com,Ghana,Home Appliances,Blender,7.0,$164.71,0.05,38.38,mobile money,cancelled,FEMALE,26.0,1.0,A. Okafor,
311,ORD-10265,2023/04/14,segun williams,segun.williams@example.com,Ghana,Home Appliances,Blender,2.0,$252.96,0.0,20.51,pos,DELIVERED,F,45.0,,J. Eze,
312,ORD-10699,02/01/2023,  Yetunde Adeyemi  ,yetunde.adeyemi@example.com,France,Books,Textbook,8.0,$54.99,0.1,23.83,bank transfer,delivered,Male,56.0,2.0,C. Adeyemi,Called before delivery
313,ORD-10508,07/10/2025,"Adeyemi, Mary",mary.adeyemi@example.com,INDIA,Electronics,Smartphone,7.0,"$1,303.22",0.1,26.11,POS,Shipped,m,42.0,2.0,J. Eze,Left at door
314,ORD-10519,02/27/2024,IBRAHIM YUSUF,ibrahim.yusuf@example.com,U.A.E,Groceries,Cooking Oil 2L,7.0,$34.93,0.15,32.63,Card,Delivered,M,28.0,5.0,J. Eze,Customer requested gift wrap
315,ORD-11467,2024/02/27,EMEKA OKON,emeka.okon@example.com,CANADA,Groceries,Tea Box,6.0,$13.84,0.05,40.21,pos,Returned,M,48.0,2.0,E. Okon,Called before delivery
316,ORD-11043,19-Nov-2024,HALIMA ADEYEMI,halima.adeyemi@example.com,UAE,Groceries,Cooking Oil 2L,1.0,$38.77,0.05,38.51,CARD,pending,MALE,49.0,4.0,E. Okon,
317,ORD-11103,22-Jun-2023,zainab eze,zainab.eze@example.com,brazil,Electronics,Smartphone,7.0,$152.39,0.0,39.49,POS,Delivered,f,23.0,1.0,H. Yusuf,Bulk order discount applied
318,ORD-10511,2024/12/24,  Chidi Eze  ,chidi.eze@example.com,United Arab Emirates,Electronics,Headphones,11.0,$967.32,0.05,14.31,POS,delivered,m,32.0,1.0,B. Musa,Left at door
319,ORD-10588,13-Jun-2023,SEGUN IBE,,united states,Books,Cookbook,,$59.94,0.25,9.22,CARD,Delivered,F,32.0,5.0,G. Ibe,Bulk order discount applied
320,ORD-10778,21/08/2025,KUNLE NWOSU,kunle.nwosu@example.com,U.S.A,Electronics,Laptop,3.0,585.93,0.05,9.79,card,Cancelled,M,41.0,1.0,J. Eze,Called before delivery
321,ORD-10416,02/09/2025,"Nwosu, Kunle",kunle.nwosu@example.com,united states,Books,Textbook,5.0,$20.31,0.0,29.55,pos,returned,female,19.0,5.0,I. Nwosu,Left at door
322,,,,,,,,,,,,,,,,,,
323,ORD-11347,09-Sep-2024,Ngozi Musa,ngozi.musa@example.com,UK,Home Appliances,Vacuum Cleaner,6.0,114.44,0.05,35.22,POS,pending,Male,33.0,3.0,G. Ibe,
324,ORD-10214,02/27/2025,"Adeyemi, Chioma",chioma.adeyemi@example.com,United Arab Emirates,Furniture,Dining Table,2.0,$498.05,0.2,6.87,pos,DELIVERED,Female,29.0,1.0,C. Adeyemi,Left at door
325,ORD-10849,01/26/2025,bola smith,bolasmithAT example dot com,,Books,Textbook,9.0,$44.76,0.25,11.94,card,Pending,F,32.0,4.0,D. Bello,
326,ORD-11479,2023-09-04,amaka eze,amaka.eze@example.com,Brazil,Books,Journal,7.0,$57.89,0.0,14.65,Mobile Money,delivered,MALE,30.0,4.0,J. Eze,Bulk order discount applied
327,ORD-10382,07-Aug-2023,Amaka Okafor,amaka.okafor@example.com,United Arab Emirates,Electronics,Tablet,4.0,$168.01,0.0,6.05,pos,delivered,MALE,47.0,,D. Bello,Called before delivery
328,ORD-10580,2024-12-13,"Okon, Kunle",kunleokonAT example dot com,UAE,Books,Textbook,6.0,$7.36,0.1,13.06,cash,DELIVERED,Male,42.0,2.0,B. Musa,Fragile item
329,ORD-10826,2024-11-25,"Ibe, Grace",grace.ibe@example.com,Deutschland,Electronics,Laptop,2.0,$812.02,0.0,1.78,pos,returned,female,-40.0,1.0,H. Yusuf,Customer requested gift wrap
330,ORD-11431,2023-12-27,"Okon, Chioma",chioma.okon@example.com,brazil,Electronics,Headphones,8.0,$955.46,0.0,30.21,Cash,delivered,Male,30.0,4.0,E. Okon,Called before delivery
331,ORD-10200,13-Jul-2023,john khan,john.khan@example.com,Ghana,Books,Cookbook,3.0,51.60,0.0,,CARD,DELIVERED,Female,29.0,5.0,I. Nwosu,
332,ORD-10782,28-Oct-2025,mary bello,mary.bello@example.com,CANADA,Home Appliances,Electric Kettle,11.0,$326.01,0.1,5.91,mobile money,Pending,female,37.0,3.0,G. Ibe,
333,ORD-10398,2023-02-27,MARY SMITH,mary.smith@example.com,Ghana,Home Appliances,Air Fryer,2.0,$213.29,0.0,13.95,bank transfer,Shipped,MALE,45.0,5.0,B. Musa,Bulk order discount applied
334,ORD-10834,21-Oct-2023,  Chidi Okafor  ,chidi.okafor@example.com,South Africa,Books,Cookbook,2.0,$17.69,0.0,,CARD,pending,m,26.0,,J. Eze,
335,ORD-10956,2024-04-03,Femi Khan,femi.khan@example.com,Germany,Home Appliances,Vacuum Cleaner,9.0,$216.76,0.0,18.66,Bank Transfer,Delivered,male,45.0,3.0,E. Okon,Fragile item
336,ORD-11334,2023/01/16,"Adeyemi, John",john.adeyemi@example.com,South Africa,Fashion,Jacket,7.0,$55.55,0.25,40.36,bank transfer,DELIVERED,,35.0,3.0,A. Okafor,Called before delivery
337,ORD-10217,31-May-2023,Halima Johnson,halima.johnson@example.com,KENYA,Home Appliances,Microwave,6.0,$220.36,0.0,,cash,Cancelled,MALE,48.0,3.0,F. Chukwu,
338,ORD-10669,05/30/2024,Mary Yusuf,mary.yusuf@example.com,U.S.A,Home Appliances,Vacuum Cleaner,10.0,$233.51,0.0,40.62,Cash,Cancelled,F,6.0,3.0,C. Adeyemi,Fragile item
339,ORD-10254,2024/01/23,PETER OKON,peter.okon@example.com,Canada,Groceries,Rice 5kg,6.0,32.04,0.0,33.47,pos,Pending,m,36.0,4.0,F. Chukwu,Fragile item
340,ORD-10153,2025-03-27,ZAINAB IBE,zainab.ibe@example.com,brazil,Furniture,Bookshelf,3.0,$446.73,0.2,5.49,Mobile Money,Returned,m,43.0,4.0,C. Adeyemi,
341,ORD-10195,30-May-2023,"Ibe, Bola",bola.ibe@example.com,NIGERIA,Fashion,Handbag,11.0,$152.81,0.15,34.19,Mobile Money,Delivered,Male,62.0,,J. Eze,Customer requested gift wrap
342,ORD-11370,2024-10-28,yetunde chukwu,yetunde.chukwu@example.com,Britain,Books,Novel,-11.0,$37.80,0.0,33.8,mobile money,Delivered,Female,13.0,3.0,C. Adeyemi,
343,ORD-10542,05/28/2024,  Amaka Johnson  ,amaka.johnson@example.com,Germany,Groceries,Cooking Oil 2L,1.0,$19.49,0.15,20.14,card,Pending,Female,27.0,5.0,G. Ibe,Customer requested gift wrap
344,ORD-11276,,Michael Okafor,michael.okafor@example.com,india,Electronics,Tablet,0.0,"$1,142.17",,8.44,CARD,CANCELLED,f,46.0,4.0,G. Ibe,
345,ORD-10069,26-May-2023,LINDA BROWN,linda.brown@example.com,CANADA,Home Appliances,Electric Kettle,6.0,$105.70,0.1,0.98,POS,delivered,MALE,26.0,2.0,F. Chukwu,Left at door
346,ORD-10131,19-Mar-2023,"Smith, Ade",ade.smith@example.com,Nigeria ,Home Appliances,Air Fryer,6.0,$286.39,0.0,15.47,Cash,cancelled,male,40.0,1.0,D. Bello,
347,ORD-11455,06/09/2024,"Yusuf, Segun",segun.yusuf@example.com,INDIA,Groceries,Cooking Oil 2L,5.0,$25.43,0.25,2.28,POS,CANCELLED,FEMALE,,4.0,B. Musa,Customer requested gift wrap
348,ORD-11310,2024-09-19,chioma williams,chioma.williams@example.com,nigeria,Electronics,Monitor,11.0,"$1,184.85",0.15,11.19,CARD,delivered,male,26.0,2.0,B. Musa,Left at door
349,ORD-10301,15/05/2025,emeka garcia,emeka.garcia@example.com,south africa,Books,Notebook Pack,5.0,$21.74,0.0,42.18,Mobile Money,Shipped,,3.0,3.0,H. Yusuf,Customer requested gift wrap
350,ORD-10867,19-Mar-2023,EMEKA BROWN,emeka.brown@example.com,KENYA,Books,Textbook,7.0,$11.20,0.0,1.44,POS,Cancelled,female,16.0,3.0,B. Musa,Fragile item
351,ORD-11282,02/04/2023,"Yusuf, Mary",mary.yusuf@example.com,United Kingdom,Electronics,Smartphone,9.0,$444.52,0.0,3.27,card,returned,Male,31.0,2.0,H. Yusuf,Called before delivery
352,ORD-10755,2025/11/21,kunle eze,kunle.eze@example.com,CANADA,Fashion,T-Shirt,10.0,$17.68,0.25,37.2,cash,CANCELLED,male,28.0,2.0,G. Ibe,Fragile item
353,ORD-11381,20/02/2025,  John Yusuf  ,john.yusuf@example.com,Ghana,Electronics,Smartphone,1.0,$521.99,0.25,41.66,mobile money,CANCELLED,Female,36.0,5.0,I. Nwosu,
354,ORD-11490,28/05/2023,"Johnson, Ade",ade.johnson@example.com,south africa,Electronics,Tablet,9.0,"$1,438.26",0.1,20.72,Cash,Shipped,f,40.0,5.0,C. Adeyemi,
355,ORD-10241,2025/02/19,  Ade Adeyemi  ,ade.adeyemi@example.com,U.A.E,Books,Cookbook,,$7.46,0.05,26.3,card,Returned,Female,28.0,5.0,G. Ibe,Customer requested gift wrap
356,ORD-10594,2024/09/15,Yetunde Okafor,yetunde.okafor@example.com,Nigeria ,Electronics,Smartwatch,6.0,"$1,325.25",0.0,34.39,POS,Cancelled,FEMALE,26.0,4.0,H. Yusuf,
357,ORD-11225,2023-03-25,  Bola Khan  ,bola.khan@example.com,S. Africa,Electronics,Tablet,9.0,1141.58,0.0,38.04,bank transfer,delivered,F,53.0,,B. Musa,Called before delivery
358,ORD-10188,2025-01-07,ADE EZE,ade.eze@example.com,ghana,Home Appliances,Electric Kettle,3.0,$145.05,0.05,43.72,Cash,Pending,female,45.0,3.0,C. Adeyemi,Left at door
359,ORD-10752,25-Jul-2023,KUNLE IBE,kunle.ibe@example.com,India,Books,Textbook,-5.0,$49.97,0.05,18.56,mobile money,shipped,,38.0,3.0,G. Ibe,Called before delivery
360,ORD-11131,2023-05-24,JOHN MUSA,,UAE,Fashion,Sneakers,6.0,$73.13,0.0,,pos,cancelled,Male,,1.0,B. Musa,
361,ORD-11068,2024/05/03,GRACE GARCIA,grace.garcia@example.com,Nigeria,Groceries,Sugar 1kg,7.0,$38.85,0.0,4.43,Card,DELIVERED,MALE,38.0,5.0,I. Nwosu,
362,ORD-11161,27/09/2023,"Johnson, Linda",linda.johnson@example.com,india,Fashion,T-Shirt,3.0,$122.98,0.05,40.75,bank transfer,delivered,f,,,J. Eze,
363,ORD-11016,2023/01/09,  John Brown  ,john.brown@example.com,canada,Electronics,Smartphone,8.0,$558.77,0.1,44.31,bank transfer,Returned,FEMALE,28.0,1.0,E. Okon,Customer requested gift wrap
364,ORD-10303,,"Ibe, Amaka",amaka.ibe@example.com,nigeria,Electronics,Smartwatch,3.0,,0.15,5.27,Card,Cancelled,male,32.0,2.0,F. Chukwu,Bulk order discount applied
365,ORD-10284,07-May-2023,"Chukwu, Yetunde",yetunde.chukwu@example.com,Brazil,Books,Cookbook,10.0,$27.29,0.0,22.35,POS,Delivered,Female,39.0,5.0,D. Bello,
366,ORD-10982,13-Oct-2023,david williams,david.williams@example.com,south africa,Books,Cookbook,4.0,$31.34,0.25,38.68,POS,pending,Male,51.0,1.0,F. Chukwu,
367,ORD-10639,2023/01/13,Tunde Smith,tunde.smith@example.com,brazil,Electronics,Laptop,2.0,$870.35,0.15,30.74,pos,Cancelled,Female,186.0,,C. Adeyemi,Bulk order discount applied
368,ORD-11129,02-Dec-2025,david smith,david.smith@example.com,england,Furniture,Study Desk,5.0,$764.16,0.05,43.96,pos,DELIVERED,male,27.0,1.0,B. Musa,
369,ORD-11090,01/17/2024,linda nwosu,linda.nwosu@example.com,france,Home Appliances,Blender,6.0,$151.42,0.1,11.77,CARD,DELIVERED,F,,3.0,D. Bello,Called before delivery
370,ORD-10485,05/30/2024,EMEKA IBE,emeka.ibe@example.com,india,Furniture,Office Chair,9.0,$284.28,0.15,27.72,Bank Transfer,Delivered,M,39.0,2.0,H. Yusuf,
371,ORD-10110,2025-06-07,"Garcia, Zainab",zainab.garcia@example.com,brazil,Fashion,Handbag,9.0,$37.83,0.25,5.17,POS,cancelled,Female,45.0,3.0,I. Nwosu,
372,ORD-11337,2023-09-08,Ngozi Smith,ngozi.smith@example.com,Ghana,Books,Textbook,2.0,$22.75,0.0,24.25,Card,Delivered,Female,40.0,2.0,A. Okafor,
373,ORD-10123,28-Sep-2023,bola johnson,bola.johnson@example.com,US,Books,Notebook Pack,6.0,$20.26,0.1,30.26,cash,pending,male,52.0,,B. Musa,
374,ORD-10769,12-Jan-2023,"Musa, Ade",ademusaAT example dot com,USA,Home Appliances,Blender,7.0,$230.46,0.05,27.83,bank transfer,returned,FEMALE,36.0,1.0,H. Yusuf,Called before delivery
375,ORD-10281,2024/02/28,FEMI JOHNSON,femi.johnson@example.com,canada,Furniture,Study Desk,10.0,$558.29,0.05,42.71,bank transfer,Shipped,,20.0,5.0,C. Adeyemi,Called before delivery
376,ORD-11154,03/29/2024,Linda Musa,linda.musa@example.com,S. Africa,Fashion,Jacket,10.0,$120.96,0.1,25.5,Mobile Money,Returned,MALE,36.0,2.0,G. Ibe,
377,ORD-10919,2023-07-27,chidi nwosu,chidi.nwosu@example.com,Germany,Home Appliances,Blender,2.0,$107.96,0.15,2.37,cash,Pending,FEMALE,37.0,5.0,G. Ibe,
378,ORD-11277,15-Jan-2024,Grace Bello,grace.bello@example.com,United Arab Emirates,Fashion,T-Shirt,1.0,$85.88,0.2,39.05,POS,pending,M,29.0,2.0,E. Okon,Called before delivery
379,ORD-11378,05/12/2025,"Smith, Zainab",zainab.smith@example.com,NIGERIA,Electronics,Smartwatch,3.0,$428.02,0.0,31.28,POS,DELIVERED,M,55.0,2.0,H. Yusuf,Left at door
380,ORD-10610,03/08/2025,KUNLE BELLO,kunle.bello@example.com,France,Home Appliances,Vacuum Cleaner,4.0,$306.24,0.1,20.57,pos,pending,F,48.0,1.0,D. Bello,
381,ORD-11335,31-Aug-2025,femi eze,femi.eze@example.com,,Fashion,Jacket,1.0,$179.10,0.0,25.06,Mobile Money,Pending,FEMALE,,2.0,D. Bello,Left at door
382,ORD-10735,08-Aug-2024,LINDA EZE,linda.eze@example.com,KENYA,Furniture,Sofa,6.0,$470.38,0.05,8.52,Cash,DELIVERED,FEMALE,0.0,5.0,G. Ibe,
383,ORD-10831,2024/04/08,Linda Nwosu,linda.nwosu@example.com,Canada,Groceries,Sugar 1kg,5.0,$23.56,0.2,33.13,pos,delivered,Male,47.0,4.0,A. Okafor,Customer requested gift wrap
384,ORD-11105,16/08/2023,"Eze, Emeka",emeka.eze@example.com,S. Africa,Fashion,Sneakers,6.0,$47.90,0.05,26.52,mobile money,pending,m,35.0,4.0,C. Adeyemi,Called before delivery
385,ORD-11073,2024/10/08,halima smith,halima.smith@example.com,brazil,Home Appliances,Electric Kettle,9.0,$175.23,0.0,44.11,POS,Returned,male,49.0,2.0,F. Chukwu,Called before delivery
386,ORD-10923,2025/06/28,ibrahim khan,ibrahimkhanAT example dot com,France,Fashion,T-Shirt,6.0,$57.81,0.0,10.85,POS,delivered,M,34.0,4.0,J. Eze,Left at door
387,ORD-11463,2025/01/04,NGOZI ADEYEMI,ngozi.adeyemi@example.com,Brazil,Furniture,Study Desk,10.0,$624.66,0.0,30.4,mobile money,Cancelled,Female,38.0,3.0,B. Musa,Fragile item
388,ORD-10068,14/03/2025,ZAINAB OKON,zainab.okon@example.com,United States,Furniture,Bookshelf,10.0,$134.26,0.0,20.09,Mobile Money,shipped,FEMALE,28.0,5.0,B. Musa,Bulk order discount applied
389,ORD-11160,2024/07/01,"Chukwu, Peter",peter.chukwu@example.com,KENYA,Books,Novel,3.0,$22.45,0.1,6.89,Cash,delivered,m,51.0,2.0,G. Ibe,Left at door
390,ORD-11267,2023-04-09,mary musa,mary.musa@example.com,India,Home Appliances,Blender,9.0,$272.14,0.0,44.18,cash,Returned,Male,19.0,4.0,F. Chukwu,Bulk order discount applied
391,ORD-10499,12/20/2025,BOLA BELLO,bola.bello@example.com,brazil,Groceries,Spaghetti Pack,9.0,$10.57,0.0,33.53,mobile money,Shipped,M,22.0,5.0,D. Bello,
392,ORD-11065,06/06/2024,yetunde eze,yetunde.eze@example.com, Nigeria,Groceries,Cooking Oil 2L,7.0,$38.03,0.1,28.78,cash,Cancelled,F,56.0,,H. Yusuf,Called before delivery
393,ORD-11424,2025/03/08,ngozi okafor,ngozi.okafor@example.com,Deutschland,Groceries,Spaghetti Pack,10.0,$23.59,0.0,14.37,mobile money,shipped,female,45.0,5.0,E. Okon,
394,ORD-10934,2023/08/31,Segun Johnson,segun.johnson@example.com,France,Books,Textbook,4.0,$22.45,0.05,32.77,cash,DELIVERED,f,43.0,2.0,D. Bello,Left at door
395,ORD-10390,2025/03/17,Ade Adeyemi,ade.adeyemi@example.com,US,Groceries,Tea Box,2.0,,0.1,26.3,Mobile Money,Cancelled,female,26.0,2.0,D. Bello,Customer requested gift wrap
396,ORD-11313,2025/03/17,"Adeyemi, Linda",linda.adeyemi@example.com,United States,Groceries,Cooking Oil 2L,8.0,$20.97,0.0,9.88,pos,delivered,f,42.0,1.0,F. Chukwu,
397,ORD-11099,2023-10-27,"Yusuf, Amaka",amaka.yusuf@example.com,Deutschland,Fashion,Sneakers,5.0,$22.81,0.15,34.07,pos,Delivered,F,45.0,5.0,D. Bello,Bulk order discount applied
398,ORD-10373,22-Aug-2024,"Khan, Ibrahim",ibrahim.khan@example.com,Ghana,Home Appliances,Microwave,1.0,$339.78,0.2,25.45,POS,DELIVERED,M,42.0,,I. Nwosu,Left at door
399,ORD-10532,24-Mar-2024,  Femi Garcia  ,femi.garcia@example.com,France,Home Appliances,Blender,4.0,$342.26,0.0,28.36,card,delivered,f,-46.0,5.0,J. Eze,Customer requested gift wrap
400,ORD-10993,03/03/2024,ADE WILLIAMS,adewilliamsAT example dot com,brazil,Fashion,Jeans,0.0,$59.99,0.15,42.77,POS,DELIVERED,F,26.0,1.0,D. Bello,Left at door
401,ORD-10319,07/10/2023,"Eze, Mary",mary.eze@example.com,United Kingdom,Electronics,Headphones,11.0,$738.77,0.15,38.71,cash,CANCELLED,FEMALE,24.0,3.0,C. Adeyemi,Called before delivery
402,ORD-10973,17-Nov-2024,"Garcia, Peter",peter.garcia@example.com,KENYA,Books,Journal,2.0,$57.87,0.2,25.52,pos,pending,MALE,44.0,4.0,H. Yusuf,Customer requested gift wrap
403,ORD-10682,20/01/2025,Tunde Nwosu,tunde.nwosu@example.com,USA,Groceries,Spaghetti Pack,5.0,$23.56,,2.45,mobile money,DELIVERED,m,178.0,4.0,F. Chukwu,
404,ORD-10596,2024/08/02,michael khan,michael.khan@example.com,Ghana,Home Appliances,Blender,5.0,$257.63,0.0,6.38,bank transfer,pending,f,15.0,2.0,G. Ibe,Called before delivery
405,ORD-10859,14-Sep-2023,AMAKA IBE,amaka.ibe@example.com,Brazil,Furniture,Bookshelf,7.0,$893.39,0.0,28.83,card,returned,m,,5.0,H. Yusuf,
406,ORD-10133,2025-04-10,"Nwosu, Ade",ade.nwosu@example.com,germany,Home Appliances,Vacuum Cleaner,6.0,$124.10,0.25,15.57,pos,cancelled,male,50.0,1.0,D. Bello,Left at door
407,ORD-10732,2024-07-22,  Ngozi Smith  ,ngozi.smith@example.com,Ghana,Fashion,T-Shirt,5.0,206.12,0.1,0.94,CARD,Pending,FEMALE,23.0,1.0,H. Yusuf,
408,ORD-11189,2023/02/25,"Brown, Ade",ade.brown@example.com,Nigeria ,Furniture,Study Desk,8.0,$114.74,0.1,20.33,card,Shipped,M,31.0,,C. Adeyemi,Bulk order discount applied
409,ORD-11331,2023/05/17,Mary Nwosu,mary.nwosu@example.com,France,Furniture,Office Chair,6.0,$864.41,0.0,3.3,bank transfer,CANCELLED,female,15.0,2.0,I. Nwosu,Left at door
410,ORD-10717,2023/05/08,bola chukwu,bola.chukwu@example.com,india,Books,Journal,6.0,$51.47,0.25,39.93,Bank Transfer,CANCELLED,Female,32.0,,F. Chukwu,Called before delivery
411,ORD-11316,16/08/2023,halima chukwu,halima.chukwu@example.com,UAE,Books,Textbook,11.0,$40.60,0.05,7.63,CARD,Shipped,M,29.0,5.0,G. Ibe,
412,ORD-11418,2024/05/14,"Chukwu, Linda",linda.chukwu@example.com,canada,Books,Textbook,6.0,$50.52,0.25,4.57,POS,returned,male,21.0,1.0,A. Okafor,Left at door
413,ORD-10870,2025-02-16,BOLA CHUKWU,,UAE,Fashion,Jacket,11.0,$16.88,0.15,20.8,Cash,cancelled,F,15.0,5.0,F. Chukwu,Called before delivery
414,ORD-11472,2025-12-24,Michael Williams,michael.williams@example.com,kenya,Books,Journal,8.0,$25.50,0.15,29.68,Bank Transfer,Shipped,f,56.0,2.0,A. Okafor,
415,ORD-10126,17/08/2024,  Bola Eze  ,,US,Home Appliances,Vacuum Cleaner,1.0,$167.69,0.1,32.86,Card,Shipped,f,27.0,4.0,C. Adeyemi,Fragile item
416,ORD-11055,04-Oct-2025,Femi Khan,femikhanAT example dot com,INDIA,Fashion,T-Shirt,10.0,$93.38,,0.85,POS,Shipped,FEMALE,36.0,2.0,D. Bello,
417,ORD-11117,2024/03/19,JOHN EZE,john.eze@example.com,france,Books,Novel,2.0,12.34,0.2,15.79,card,returned,m,40.0,1.0,B. Musa,
418,ORD-10759,01/13/2023,"Smith, Chioma",chioma.smith@example.com,KENYA,Groceries,Spaghetti Pack,9.0,$30.81,0.0,10.4,POS,pending,MALE,38.0,1.0,A. Okafor,
419,ORD-10582,2025-05-21,"Eze, Bola",bola.eze@example.com,Brazil,Electronics,Laptop,8.0,"$1,099.53",0.2,3.41,Mobile Money,Pending,Male,45.0,4.0,F. Chukwu,
420,ORD-11315,04/10/2023,"Chukwu, Ngozi",ngozi.chukwu@example.com,Nigeria ,Furniture,Study Desk,9.0,$377.87,0.25,20.33,Cash,returned,f,46.0,3.0,E. Okon,Bulk order discount applied
421,ORD-10387,2023-11-24,DAVID MUSA,david.musa@example.com,U.A.E,Fashion,Handbag,4.0,$167.39,0.1,5.42,mobile money,Returned,f,18.0,,A. Okafor,
422,ORD-10290,2025-03-20,"Khan, Chioma",chioma.khan@example.com,,Groceries,Rice 5kg,2.0,$22.94,0.0,33.17,bank transfer,delivered,f,53.0,4.0,H. Yusuf,Customer requested gift wrap
423,ORD-11138,05/21/2024,amaka garcia,amaka.garcia@example.com,france,Home Appliances,Electric Kettle,10.0,$91.56,0.0,23.7,card,shipped,f,20.0,3.0,F. Chukwu,Called before delivery
424,ORD-11088,19/09/2024,Zainab Bello,zainab.bello@example.com,UAE,Groceries,Spaghetti Pack,11.0,$8.72,0.0,6.97,mobile money,Cancelled,Male,47.0,3.0,H. Yusuf,Customer requested gift wrap
425,ORD-10881,2023/01/13,SEGUN BROWN,segun.brown@example.com,CANADA,Books,Notebook Pack,3.0,$48.48,0.0,29.35,mobile money,pending,M,52.0,4.0,B. Musa,
426,ORD-10054,2024-05-19,  Segun Williams  ,segun.williams@example.com,brazil,Books,Textbook,6.0,$22.29,0.15,13.33,bank transfer,DELIVERED,f,27.0,5.0,I. Nwosu,Bulk order discount applied
427,ORD-10604,2024/06/04,EMEKA SMITH,emeka.smith@example.com,brazil,Furniture,Sofa,7.0,$519.01,0.0,,bank transfer,pending,f,24.0,3.0,C. Adeyemi,
428,ORD-11077,13/01/2023,Chioma Okon,chioma.okon@example.com,KENYA,Electronics,Laptop,9.0,$592.26,0.0,,bank transfer,Pending,M,26.0,1.0,J. Eze,Left at door
429,ORD-10841,,"Yusuf, Ngozi",ngozi.yusuf@example.com, Nigeria,Books,Cookbook,11.0,$13.53,0.25,4.24,mobile money,Returned,,46.0,4.0,A. Okafor,
430,ORD-10766,01/09/2024,"Okon, Linda",linda.okon@example.com,Deutschland,Furniture,Dining Table,5.0,$597.29,0.1,0.24,card,CANCELLED,,170.0,1.0,D. Bello,
431,ORD-10041,27/06/2023,NGOZI OKAFOR,ngozi.okafor@example.com,united states,Furniture,Study Desk,11.0,$793.20,0.15,1.2,pos,CANCELLED,m,14.0,1.0,D. Bello,
432,ORD-10340,06/27/2023,  Michael Okon  ,michael.okon@example.com,Ghana,Home Appliances,Blender,9.0,$310.77,0.25,40.35,pos,cancelled,f,44.0,1.0,C. Adeyemi,
433,ORD-10741,17/11/2023,Bola Okafor,bola.okafor@example.com,brazil,Furniture,Sofa,4.0,$845.32,0.2,15.52,Bank Transfer,DELIVERED,M,21.0,3.0,I. Nwosu,Customer requested gift wrap
434,ORD-10921,2024-08-08,tunde khan,tunde.khan@example.com,U.A.E,Books,Textbook,8.0,$30.18,0.0,40.55,CARD,Cancelled,Male,27.0,1.0,C. Adeyemi,Called before delivery
435,ORD-11147,20/01/2025,HALIMA OKON,halima.okon@example.com,brazil,Groceries,Rice 5kg,8.0,$38.87,0.0,12.44,mobile money,delivered,f,34.0,2.0,B. Musa,Bulk order discount applied
436,ORD-10688,02/19/2024,  Zainab Nwosu  ,zainab.nwosu@example.com,brazil,Groceries,Cooking Oil 2L,4.0,$24.56,0.15,18.84,Mobile Money,Returned,F,32.0,3.0,C. Adeyemi,
437,ORD-10084,03/12/2024,TUNDE ADEYEMI,tunde.adeyemi@example.com,france,Home Appliances,Microwave,7.0,$217.87,0.0,2.27,POS,returned,Male,58.0,,H. Yusuf,Left at door
438,ORD-10116,2025/01/27,  Bola Brown  ,bola.brown@example.com,CANADA,Groceries,Cooking Oil 2L,6.0,$7.09,0.15,15.4,Bank Transfer,DELIVERED,m,36.0,1.0,B. Musa,Customer requested gift wrap
439,ORD-11352,09/23/2023,ZAINAB OKAFOR,zainab.okafor@example.com,India,Electronics,Smartphone,8.0,"$1,442.23",0.2,8.1,POS,Pending,F,47.0,4.0,G. Ibe,
440,ORD-10354,,Mary Garcia,mary.garcia@example.com,Ghana,Groceries,Cooking Oil 2L,7.0,$13.55,0.25,21.41,Bank Transfer,Returned,M,21.0,1.0,C. Adeyemi,
441,ORD-10507,10/01/2023,PETER WILLIAMS,peter.williams@example.com,Nigeria,Home Appliances,Electric Kettle,7.0,$117.10,0.15,34.78,Bank Transfer,delivered,F,46.0,,C. Adeyemi,Left at door
442,ORD-10810,12-Sep-2025,"Okafor, Amaka",amaka.okafor@example.com,United Arab Emirates,Home Appliances,Electric Kettle,3.0,$266.12,0.15,4.97,Cash,pending,MALE,40.0,3.0,J. Eze,Bulk order discount applied
443,ORD-10703,2024-07-17,  Femi Musa  ,femi.musa@example.com,India,Groceries,Spaghetti Pack,4.0,28.40,0.0,24.88,bank transfer,delivered,Female,8.0,5.0,J. Eze,
444,ORD-10271,06/11/2025,Ibrahim Adeyemi,ibrahim.adeyemi@example.com,france,Electronics,Laptop,2.0,$366.82,0.25,6.09,card,Pending,Female,44.0,3.0,B. Musa,Called before delivery
445,ORD-10972,2023/02/23,YETUNDE NWOSU,yetunde.nwosu@example.com,France,Electronics,Headphones,6.0,$121.47,0.15,8.89,Mobile Money,cancelled,F,37.0,5.0,B. Musa,Fragile item
446,ORD-11493,23-Jun-2024,Emeka Ibe,emeka.ibe@example.com,US,Furniture,Study Desk,5.0,$504.09,0.0,32.17,pos,delivered,Male,28.0,,B. Musa,
447,ORD-10603,2025/02/04,femi johnson,femi.johnson@example.com,Canada,Home Appliances,Vacuum Cleaner,10.0,$38.24,0.2,44.98,POS,cancelled,male,20.0,3.0,B. Musa,Left at door
448,ORD-10876,2023-11-28,peter ibe,peter.ibe@example.com,US,Home Appliances,Microwave,,$68.75,0.05,18.56,Bank Transfer,Shipped,F,48.0,5.0,C. Adeyemi,Bulk order discount applied
449,ORD-10378,15/10/2025,MICHAEL JOHNSON,michael.johnson@example.com,Ghana,Furniture,Sofa,2.0,$100.57,0.0,8.32,bank transfer,DELIVERED,M,26.0,1.0,D. Bello,Fragile item
450,ORD-10563,04-Jun-2024,"Okafor, Ngozi",ngozi.okafor@example.com,United Arab Emirates,Home Appliances,Air Fryer,10.0,$63.55,0.15,35.07,mobile money,shipped,FEMALE,-29.0,4.0,E. Okon,
451,ORD-10097,2024-07-26,peter ibe,peter.ibe@example.com,France,Furniture,Bookshelf,9.0,$704.71,0.0,33.65,CARD,returned,male,32.0,5.0,C. Adeyemi,
452,ORD-11085,2024/04/03,"Chukwu, Yetunde",yetunde.chukwu@example.com,Deutschland,Books,Novel,3.0,$38.57,0.0,3.68,Card,shipped,MALE,51.0,4.0,I. Nwosu,Bulk order discount applied
453,ORD-10490,2023/05/18,"Bello, Peter",peter.bello@example.com,GERMANY,Home Appliances,Air Fryer,8.0,$111.76,0.25,29.88,cash,DELIVERED,f,,,D. Bello,
454,ORD-11402,22-Sep-2023,HALIMA CHUKWU,halima.chukwu@example.com,brazil,Groceries,Rice 5kg,9.0,$12.06,0.25,,Card,Delivered,M,40.0,,A. Okafor,
455,ORD-10587,16-Mar-2025,JOHN BELLO,john.bello@example.com,kenya,Fashion,Handbag,,$67.12,0.0,9.89,cash,Shipped,,33.0,4.0,I. Nwosu,Fragile item
456,ORD-10049,04/24/2024,"Johnson, Yetunde",yetunde.johnson@example.com,kenya,Fashion,Jeans,3.0,$17.39,0.05,10.64,card,CANCELLED,m,29.0,2.0,A. Okafor,Called before delivery
457,ORD-11252,01/11/2023,FEMI EZE,femi.eze@example.com,Ghana,Fashion,Handbag,5.0,$154.79,0.05,31.56,mobile money,Shipped,Female,,3.0,C. Adeyemi,
458,ORD-11468,01/19/2023,"Garcia, Sarah",sarah.garcia@example.com,Nigeria ,Electronics,Headphones,2.0,"$1,431.05",0.05,9.54,CARD,Pending,FEMALE,35.0,3.0,G. Ibe,Bulk order discount applied
459,ORD-11080,,peter johnson,peter.johnson@example.com,Ghana,Books,Novel,2.0,$17.88,0.05,16.95,bank transfer,returned,,41.0,2.0,G. Ibe,Customer requested gift wrap
460,ORD-10154,03/04/2023,  Michael Johnson  ,michael.johnson@example.com,France,Electronics,Laptop,9.0,$530.31,0.25,22.21,Card,Shipped,Female,11.0,,J. Eze,Fragile item
461,ORD-10238,03-Aug-2025,  Linda Eze  ,linda.eze@example.com,CANADA,Groceries,Tea Box,,$39.11,0.1,44.09,mobile money,delivered,MALE,55.0,,A. Okafor,Left at door
462,ORD-10055,03/21/2025,SEGUN NWOSU,segun.nwosu@example.com,South Africa,Electronics,Headphones,4.0,"$1,449.62",,25.7,POS,Pending,,48.0,1.0,J. Eze,Fragile item
463,ORD-10395,11/07/2023,Yetunde Williams,yetunde.williams@example.com,GERMANY,Furniture,Study Desk,2.0,$760.57,0.1,44.74,POS,shipped,Male,37.0,5.0,D. Bello,Left at door
464,ORD-10124,06-Oct-2024,emeka brown,emeka.brown@example.com,Britain,Books,Novel,9.0,$21.35,0.2,18.77,cash,Returned,female,14.0,2.0,C. Adeyemi,
465,ORD-10356,05/21/2023,Linda Johnson,linda.johnson@example.com,Nigeria,Electronics,Laptop,3.0,"$1,068.33",,35.2,CARD,pending,m,41.0,,D. Bello,Left at door
466,ORD-10432,10/20/2025,AMAKA BELLO,amaka.bello@example.com, Nigeria,Books,Notebook Pack,9.0,$51.80,0.0,6.66,mobile money,CANCELLED,F,64.0,5.0,F. Chukwu,Customer requested gift wrap
467,ORD-10135,2024/08/01,GRACE YUSUF,grace.yusuf@example.com,UAE,Groceries,Spaghetti Pack,5.0,$21.83,0.05,19.85,Card,returned,Female,9.0,1.0,J. Eze,Fragile item
468,ORD-10269,14/08/2024,YETUNDE OKON,yetunde.okon@example.com,USA,Groceries,Spaghetti Pack,10.0,$2.18,0.2,10.3,pos,Delivered,female,27.0,3.0,C. Adeyemi,
469,ORD-10386,20/04/2024,Chioma Okafor,chioma.okafor@example.com,USA,Fashion,Handbag,1.0,$62.86,0.05,39.2,bank transfer,delivered,male,19.0,3.0,D. Bello,Called before delivery
470,ORD-10098,2023/05/16,zainab chukwu,zainab.chukwu@example.com,United States,Furniture,Office Chair,1.0,$397.10,0.0,4.87,Bank Transfer,Pending,F,55.0,,C. Adeyemi,Left at door
471,ORD-10221,2023/09/14,  John Brown  ,john.brown@example.com,INDIA,Books,Notebook Pack,11.0,$46.37,0.2,13.68,pos,Delivered,f,47.0,,J. Eze,
472,ORD-10042,06/24/2025,NGOZI GARCIA,ngozi.garcia@example.com,brazil,Fashion,Handbag,-6.0,$196.96,0.05,9.63,pos,cancelled,Female,29.0,3.0,H. Yusuf,Bulk order discount applied
473,ORD-10220,2025-03-16,SEGUN KHAN,segun.khan@example.com,U.K.,Furniture,Bookshelf,7.0,$352.04,0.0,11.75,mobile money,DELIVERED,FEMALE,37.0,4.0,B. Musa,Bulk order discount applied
474,ORD-10565,2025/08/20,"Garcia, Kunle",kunle.garcia@example.com,South Africa,Groceries,Rice 5kg,8.0,$22.08,0.1,39.88,Mobile Money,Shipped,m,23.0,5.0,I. Nwosu,Customer requested gift wrap
475,ORD-11356,03/29/2023,amaka chukwu,amaka.chukwu@example.com,South Africa,Groceries,Sugar 1kg,3.0,14.22,0.15,37.7,pos,shipped,M,50.0,1.0,C. Adeyemi,
476,ORD-11224,08/09/2025,zainab williams,zainab.williams@example.com,UAE,Home Appliances,Blender,1.0,$87.85,0.0,20.05,mobile money,Shipped,female,33.0,3.0,C. Adeyemi,
477,ORD-10872,25/07/2024,SARAH IBE,sarah.ibe@example.com,S. Africa,Electronics,Tablet,9.0,"$1,135.54",0.0,2.19,bank transfer,Delivered,FEMALE,27.0,5.0,H. Yusuf,Customer requested gift wrap
478,ORD-11434,08-Jan-2025,EMEKA YUSUF,,Ghana,Fashion,Sneakers,2.0,$56.28,0.25,,Cash,Pending,f,30.0,4.0,B. Musa,
479,ORD-10814,2025-12-21,HALIMA GARCIA,halima.garcia@example.com,UK,Groceries,Spaghetti Pack,3.0,$18.17,0.05,38.5,Card,Cancelled,M,46.0,,D. Bello,Left at door
480,ORD-10013,05-Jun-2024,  Emeka Yusuf  ,emeka.yusuf@example.com,nigeria,Home Appliances,Blender,3.0,$243.15,0.1,7.09,card,shipped,F,23.0,5.0,I. Nwosu,
481,ORD-10830,2024/09/06,"Brown, Chioma",chioma.brown@example.com,france,Furniture,Study Desk,2.0,$263.27,0.05,31.91,Card,DELIVERED,m,34.0,1.0,A. Okafor,Bulk order discount applied
482,ORD-10666,2023/09/23,yetunde chukwu,yetunde.chukwu@example.com,,Home Appliances,Vacuum Cleaner,10.0,$74.54,0.25,13.96,cash,Pending,FEMALE,22.0,3.0,I. Nwosu,
483,ORD-11449,04/23/2023,Tunde Ibe,tunde.ibe@example.com,france,Books,Notebook Pack,6.0,$24.01,0.1,11.35,mobile money,DELIVERED,male,26.0,2.0,D. Bello,Left at door
484,ORD-10505,10/25/2023,Ngozi Adeyemi,ngozi.adeyemi@example.com,england,Fashion,Handbag,8.0,$136.42,0.0,4.64,bank transfer,returned,MALE,36.0,3.0,I. Nwosu,Fragile item
485,ORD-10618,,SARAH EZE,sarah.eze@example.com,S. Africa,Electronics,Laptop,8.0,"$1,004.75",0.25,41.67,CARD,Pending,m,43.0,4.0,G. Ibe,Called before delivery
486,ORD-11239,2025/01/13,  Peter Ibe  ,peter.ibe@example.com,Brazil,Home Appliances,Vacuum Cleaner,3.0,$113.90,0.2,10.97,card,pending,Male,31.0,1.0,I. Nwosu,Left at door
487,ORD-10674,2023-06-06,ibrahim eze,ibrahim.eze@example.com,south africa,Groceries,Spaghetti Pack,1.0,$30.62,0.1,17.78,Card,DELIVERED,m,36.0,1.0,G. Ibe,
488,ORD-10965,26-Sep-2025,IBRAHIM YUSUF,ibrahim.yusuf@example.com,Canada,Home Appliances,Electric Kettle,1.0,$129.98,0.2,35.75,POS,Shipped,M,24.0,4.0,B. Musa,Left at door
489,ORD-11359,2023-12-22,tunde okon,tunde.okon@example.com,South Africa,Home Appliances,Vacuum Cleaner,4.0,$301.72,0.05,25.59,Cash,CANCELLED,F,27.0,1.0,F. Chukwu,Fragile item
490,ORD-11465,2023-05-25,GRACE OKON,,S. Africa,Fashion,Jacket,11.0,$104.61,0.05,42.68,Mobile Money,Delivered,Female,38.0,1.0,G. Ibe,Left at door
491,ORD-10994,12/07/2023,  Yetunde Musa  ,yetunde.musa@example.com,france,Groceries,Sugar 1kg,,$36.26,0.05,7.57,bank transfer,Cancelled,Male,34.0,2.0,A. Okafor,Customer requested gift wrap
492,ORD-11263,25-Mar-2023,BOLA WILLIAMS,bola.williams@example.com,ghana,Home Appliances,Microwave,4.0,$302.34,0.1,33.71,Bank Transfer,Shipped,f,185.0,5.0,I. Nwosu,
493,ORD-11363,06/05/2025,Peter Johnson,peter.johnson@example.com,US,Electronics,Monitor,6.0,"$1,026.20",0.25,37.9,Bank Transfer,Pending,f,33.0,3.0,G. Ibe,Left at door
494,ORD-10880,29-Jul-2023,ibrahim smith,ibrahim.smith@example.com,india,Electronics,Smartphone,6.0,$232.20,0.0,22.6,POS,cancelled,Female,53.0,3.0,I. Nwosu,
495,ORD-11392,2023/03/10,"Chukwu, Linda",linda.chukwu@example.com,Nigeria,Books,Journal,9.0,$43.96,0.2,8.25,Card,Shipped,Female,42.0,4.0,C. Adeyemi,
496,ORD-11380,2023/09/13,"Williams, Halima",halima.williams@example.com,CANADA,Furniture,Sofa,10.0,$263.34,0.2,14.11,Cash,shipped,FEMALE,36.0,4.0,G. Ibe,Left at door
497,ORD-10877,16/11/2024,JOHN JOHNSON,john.johnson@example.com,united states,Groceries,Tea Box,3.0,$6.34,0.0,41.2,Card,CANCELLED,MALE,29.0,4.0,J. Eze,
498,ORD-10225,18-Jul-2023,John Bello,john.bello@example.com,ghana,Groceries,Rice 5kg,-3.0,$9.66,0.0,31.61,cash,Delivered,M,36.0,,F. Chukwu,
499,ORD-10337,2025/02/04,DAVID KHAN,david.khan@example.com,United Arab Emirates,Groceries,Spaghetti Pack,5.0,$31.16,0.05,10.85,card,delivered,M,35.0,2.0,F. Chukwu,Called before delivery
500,ORD-10233,05/23/2024,  Peter Khan  ,peter.khan@example.com,KENYA,Fashion,Jacket,7.0,$84.45,0.0,15.76,POS,CANCELLED,M,29.0,5.0,J. Eze,
501,ORD-11174,17-Apr-2024,"Adeyemi, Sarah",sarah.adeyemi@example.com,south africa,Electronics,Tablet,11.0,"$1,366.32",0.0,26.24,cash,Delivered,m,31.0,1.0,A. Okafor,Called before delivery
502,ORD-10709,06/13/2025,david johnson,david.johnson@example.com,france,Home Appliances,Air Fryer,-7.0,$205.24,0.05,21.06,bank transfer,Cancelled,M,62.0,5.0,H. Yusuf,
503,ORD-11211,04/29/2024,  Grace Chukwu  ,grace.chukwu@example.com,Ghana,Fashion,Handbag,2.0,$202.44,0.1,38.18,Bank Transfer,Cancelled,male,37.0,2.0,B. Musa,
504,ORD-10469,2023/05/11,DAVID CHUKWU,david.chukwu@example.com,KENYA,Fashion,Sneakers,1.0,$179.51,0.0,33.57,CARD,Cancelled,Male,49.0,3.0,C. Adeyemi,
505,ORD-10518,2023/01/30,YETUNDE CHUKWU,yetunde.chukwu@example.com,S. Africa,Electronics,Monitor,1.0,"$1,466.61",0.25,4.13,Card,delivered,MALE,38.0,,B. Musa,
506,ORD-10780,21-Jun-2025,  Michael Okon  ,michael.okon@example.com,INDIA,Home Appliances,Vacuum Cleaner,2.0,$267.43,0.15,4.61,Cash,delivered,F,51.0,1.0,I. Nwosu,Bulk order discount applied
507,ORD-10667,2025-07-30,"Nwosu, Ibrahim",ibrahim.nwosu@example.com,brazil,Electronics,Laptop,2.0,$381.10,0.0,34.65,mobile money,delivered,female,36.0,4.0,J. Eze,
508,ORD-10298,2023-04-23,GRACE BELLO,grace.bello@example.com,CANADA,Groceries,Spaghetti Pack,8.0,$11.58,0.2,33.5,cash,cancelled,f,26.0,5.0,J. Eze,Bulk order discount applied
509,ORD-10906,04/03/2024,Emeka Nwosu,emeka.nwosu@example.com,south africa,Fashion,Sneakers,8.0,$148.56,0.1,18.73,pos,Cancelled,f,48.0,5.0,A. Okafor,Fragile item
510,ORD-11094,11/22/2023,Sarah Chukwu,sarah.chukwu@example.com,india,Furniture,Sofa,2.0,502.93,0.05,9.57,bank transfer,Delivered,male,39.0,3.0,D. Bello,Left at door
511,ORD-10474,2025-05-26,segun chukwu,segun.chukwu@example.com,U.K.,Home Appliances,Vacuum Cleaner,5.0,$342.58,,25.1,Mobile Money,Returned,MALE,46.0,2.0,J. Eze,Called before delivery
512,ORD-11181,2025/09/27,Grace Brown,grace.brown@example.com,INDIA,Furniture,Bookshelf,8.0,$77.19,0.0,11.23,Bank Transfer,DELIVERED,Female,31.0,2.0,E. Okon,Fragile item
513,ORD-10206,2023-01-31,john smith,john.smith@example.com,brazil,Home Appliances,Blender,9.0,,0.0,16.1,pos,Delivered,Male,43.0,,J. Eze,Bulk order discount applied
514,ORD-10004,01-Mar-2025,David Nwosu,david.nwosu@example.com,Nigeria ,Home Appliances,Blender,2.0,$252.40,0.2,40.62,bank transfer,delivered,f,39.0,3.0,F. Chukwu,Customer requested gift wrap
515,ORD-10638,2025-09-22,"Ibe, Ibrahim",ibrahim.ibe@example.com,ghana,Fashion,Jacket,9.0,$101.00,0.1,2.38,cash,returned,F,41.0,4.0,G. Ibe,Called before delivery
516,ORD-11254,08/06/2024,"Yusuf, Chidi",chidi.yusuf@example.com,france,Furniture,Dining Table,3.0,$348.51,0.05,0.83,Card,pending,Male,-45.0,5.0,C. Adeyemi,Called before delivery
517,ORD-11466,2024/09/09,  Ade Chukwu  ,ade.chukwu@example.com,United Kingdom,Groceries,Rice 5kg,5.0,$27.67,0.05,37.81,Mobile Money,shipped,,188.0,1.0,G. Ibe,Left at door
518,ORD-11411,27-Sep-2024,"Bello, Chidi",chidi.bello@example.com,kenya,Home Appliances,Blender,6.0,$171.93,0.1,17.19,pos,Returned,male,35.0,,E. Okon,
519,ORD-10863,,Mary Johnson,mary.johnson@example.com,Ghana,Groceries,Sugar 1kg,3.0,$37.84,0.0,,Bank Transfer,returned,F,13.0,2.0,G. Ibe,Customer requested gift wrap
520,ORD-11470,09/11/2024,"Okon, Peter",peter.okon@example.com,france,Home Appliances,Electric Kettle,11.0,$101.58,0.25,27.14,CARD,DELIVERED,f,29.0,4.0,J. Eze,Customer requested gift wrap
521,ORD-11268,2025-06-25,"Williams, Yetunde",yetunde.williams@example.com,india,Home Appliances,Electric Kettle,1.0,$72.17,,29.02,Cash,returned,FEMALE,25.0,3.0,B. Musa,Customer requested gift wrap
522,ORD-10749,2024/05/14,Grace Okafor,grace.okafor@example.com,Germany,Home Appliances,Blender,2.0,181.67,0.25,41.94,cash,Pending,Female,49.0,5.0,J. Eze,
523,ORD-10397,03/23/2024,Ibrahim Johnson,ibrahim.johnson@example.com,ghana,Fashion,T-Shirt,11.0,$138.96,0.1,25.98,pos,pending,Female,26.0,4.0,J. Eze,Duplicate entry - re-keyed
524,ORD-10772,12-Jan-2025,HALIMA KHAN,,india,Books,Textbook,3.0,$10.95,0.1,18.11,Card,Shipped,F,50.0,5.0,F. Chukwu,
525,ORD-10649,03/05/2023,"Yusuf, Grace",grace.yusuf@example.com,GERMANY,Home Appliances,Electric Kettle,11.0,$243.13,0.0,4.79,Card,Cancelled,M,39.0,2.0,G. Ibe,Fragile item
526,ORD-10718,2024/10/01,LINDA KHAN,linda.khan@example.com,U.A.E,Fashion,Jeans,6.0,$58.30,1.5,24.4,Mobile Money,cancelled,Male,22.0,1.0,D. Bello,Customer requested gift wrap
527,ORD-10836,03/24/2025,kunle smith,kunle.smith@example.com,South Africa,Fashion,Sneakers,6.0,$44.04,0.0,10.72,POS,DELIVERED,Female,14.0,3.0,C. Adeyemi,Customer requested gift wrap
528,ORD-10158,,FEMI MUSA,,canada,Home Appliances,Electric Kettle,6.0,$65.45,0.25,41.24,Cash,DELIVERED,f,38.0,3.0,F. Chukwu,Customer requested gift wrap
529,ORD-10706,10/20/2024,John Garcia,john.garcia@example.com,UK,Furniture,Office Chair,10.0,$663.47,0.0,30.0,Card,DELIVERED,f,28.0,4.0,G. Ibe,Called before delivery
530,ORD-10463,2025-04-10,"Garcia, Tunde",tunde.garcia@example.com,france,Books,Cookbook,1.0,$35.54,0.0,41.71,POS,Pending,FEMALE,34.0,2.0,A. Okafor,Fragile item
531,ORD-10161,04/27/2025,  Ibrahim Musa  ,ibrahim.musa@example.com,Kenya,Home Appliances,Vacuum Cleaner,10.0,$278.22,0.25,4.99,Cash,Cancelled,F,21.0,3.0,G. Ibe,Bulk order discount applied
532,ORD-10306,01/02/2025,SARAH YUSUF,sarah.yusuf@example.com,Brazil,Groceries,Spaghetti Pack,10.0,$39.73,0.25,41.29,pos,Delivered,MALE,43.0,1.0,C. Adeyemi,
533,ORD-10396,07/02/2025,  Kunle Ibe  ,kunle.ibe@example.com,GERMANY,Furniture,Office Chair,0.0,$485.92,0.25,29.53,card,delivered,f,20.0,1.0,A. Okafor,
534,ORD-10400,2024/11/30,ZAINAB YUSUF,zainab.yusuf@example.com,canada,Home Appliances,Air Fryer,9.0,$119.24,0.1,23.33,Bank Transfer,DELIVERED,FEMALE,51.0,4.0,D. Bello,Fragile item
535,ORD-11178,28-Dec-2023,"Williams, Femi",femi.williams@example.com,Brazil,Home Appliances,Vacuum Cleaner,10.0,$27.75,0.25,24.34,CARD,delivered,Female,28.0,3.0,J. Eze,
536,ORD-10692,01/16/2023,  Peter Adeyemi  ,peter.adeyemi@example.com,Brazil,Home Appliances,Blender,3.0,$236.24,0.15,40.05,mobile money,CANCELLED,male,,2.0,G. Ibe,Called before delivery
537,ORD-11116,09/27/2025,Chioma Khan,chioma.khan@example.com, Nigeria,Electronics,Tablet,6.0,"$1,099.99",0.0,29.06,Bank Transfer,Delivered,F,51.0,5.0,I. Nwosu,Called before delivery
538,ORD-11286,08/11/2025,"Adeyemi, Chioma",chioma.adeyemi@example.com,UK,Home Appliances,Microwave,10.0,25.79,0.0,43.92,card,CANCELLED,m,9.0,1.0,C. Adeyemi,Customer requested gift wrap
539,ORD-11475,04/10/2024,"Ibe, Kunle",kunle.ibe@example.com,INDIA,Electronics,Headphones,6.0,$537.08,0.15,13.51,bank transfer,DELIVERED,F,30.0,1.0,F. Chukwu,
540,ORD-11199,15-May-2025,  Sarah Garcia  ,sarah.garcia@example.com,Ghana,Fashion,Handbag,7.0,$25.28,0.0,32.42,Bank Transfer,Pending,male,34.0,,C. Adeyemi,Fragile item
541,ORD-10063,06-Oct-2024,JOHN BELLO,johnbelloAT example dot com,united states,Fashion,Sneakers,5.0,$141.59,0.2,34.02,Mobile Money,Shipped,Male,13.0,4.0,C. Adeyemi,Left at door
542,ORD-10681,26/12/2025,SEGUN OKAFOR,segun.okafor@example.com,india,Fashion,Jeans,0.0,$84.38,0.05,30.93,card,delivered,,31.0,2.0,C. Adeyemi,Left at door
543,ORD-10458,11/04/2024,"Okon, Emeka",emeka.okon@example.com,Kenya,Books,Journal,4.0,$33.06,0.1,27.44,CARD,Cancelled,m,31.0,,I. Nwosu,
544,ORD-10557,2025/08/03,"Okafor, Sarah",sarah.okafor@example.com,canada,Books,Journal,4.0,$30.32,0.0,10.18,CARD,CANCELLED,FEMALE,32.0,3.0,H. Yusuf,
545,ORD-10479,2023-11-28,amaka smith,amaka.smith@example.com,Kenya,Groceries,Sugar 1kg,4.0,$34.87,0.15,35.66,pos,Shipped,M,32.0,1.0,D. Bello,Left at door
546,ORD-10650,05/07/2025,Grace Eze,grace.eze@example.com,Nigeria ,Fashion,Jacket,10.0,$194.64,0.0,37.55,pos,returned,Female,35.0,5.0,A. Okafor,
547,ORD-11388,2023-02-04,Michael Garcia,michael.garcia@example.com,UAE,Furniture,Study Desk,4.0,$890.85,0.2,32.22,Cash,Cancelled,M,40.0,,E. Okon,
548,ORD-11420,08/01/2025,Kunle Okon,kunle.okon@example.com,United States,Electronics,Monitor,11.0,"$1,004.38",0.2,29.84,Mobile Money,CANCELLED,F,11.0,,I. Nwosu,
549,ORD-10961,,kunle williams,,kenya,Groceries,Cooking Oil 2L,11.0,$28.79,0.0,14.98,Card,Delivered,Male,11.0,2.0,I. Nwosu,Fragile item
550,ORD-11089,02-Jun-2024,  Femi Johnson  ,femi.johnson@example.com,Brazil,Fashion,Jacket,3.0,$130.99,0.2,8.02,Cash,pending,female,31.0,5.0,H. Yusuf,Called before delivery
551,ORD-11247,02/03/2024,  Halima Chukwu  ,halima.chukwu@example.com,U.S.A,Furniture,Study Desk,11.0,$176.81,0.05,11.52,Card,Shipped,M,37.0,1.0,D. Bello,Bulk order discount applied
552,ORD-10348,15/05/2025,  Emeka Garcia  ,emeka.garcia@example.com,United Kingdom,Furniture,Study Desk,8.0,$115.85,0.15,15.94,pos,delivered,F,48.0,4.0,G. Ibe,Left at door
553,ORD-10447,15/02/2023,BOLA NWOSU,bola.nwosu@example.com,kenya,Books,Journal,8.0,$46.42,0.05,22.51,card,delivered,FEMALE,,3.0,F. Chukwu,Called before delivery
554,ORD-11490,28/05/2023,"Johnson, Ade",ade.johnson@example.com,south africa,Electronics,Tablet,9.0,"$1,438.26",0.1,20.72,Cash,Shipped,f,40.0,5.0,C. Adeyemi,Duplicate entry - re-keyed
555,ORD-10380,2024/12/10,  Peter Okafor  ,peter.okafor@example.com,brazil,Home Appliances,Electric Kettle,2.0,$66.78,0.0,16.95,Bank Transfer,Delivered,Female,6.0,,H. Yusuf,Fragile item
556,ORD-11329,28/10/2023,  Ade Adeyemi  ,ade.adeyemi@example.com,United Kingdom,Groceries,Spaghetti Pack,0.0,$30.93,0.0,33.67,card,Pending,Female,52.0,2.0,H. Yusuf,
557,ORD-11483,2024-03-21,david nwosu,david.nwosu@example.com,United Kingdom,Groceries,Rice 5kg,2.0,$13.17,0.0,11.92,Card,Cancelled,MALE,41.0,3.0,G. Ibe,
558,ORD-10566,21-May-2025,"Okafor, Amaka",amaka.okafor@example.com,US,Fashion,Sneakers,8.0,$206.50,0.25,28.96,pos,cancelled,MALE,23.0,3.0,F. Chukwu,
559,ORD-10232,10/22/2025,emeka okon,,U.K.,Fashion,Handbag,7.0,$44.09,0.1,27.05,Card,Cancelled,MALE,30.0,5.0,C. Adeyemi,Customer requested gift wrap
560,ORD-10383,04/18/2025,ibrahim bello,ibrahim.bello@example.com,england,Books,Journal,4.0,$40.32,0.2,25.99,cash,pending,f,37.0,5.0,F. Chukwu,Left at door
561,ORD-10708,2025-05-24,Kunle Musa,kunle.musa@example.com,kenya,Furniture,Study Desk,6.0,473.54,0.2,2.45,mobile money,Pending,male,-16.0,1.0,D. Bello,Bulk order discount applied
562,ORD-10073,2023-12-25,CHIOMA OKAFOR,chioma.okafor@example.com,brazil,Fashion,Sneakers,4.0,$198.06,0.25,34.65,Cash,Returned,f,43.0,,H. Yusuf,Bulk order discount applied
563,ORD-10071,22-Aug-2025,  Tunde Smith  ,tunde.smith@example.com,brazil,Electronics,Smartwatch,10.0,$507.99,0.05,20.99,Bank Transfer,cancelled,female,42.0,4.0,B. Musa,
564,ORD-11187,26-Mar-2024,"Musa, Chioma",chioma.musa@example.com,UK,Home Appliances,Microwave,8.0,$336.67,0.2,3.28,Mobile Money,Shipped,FEMALE,37.0,2.0,J. Eze,Left at door
565,ORD-10611,17-Oct-2024,Yetunde Brown,yetunde.brown@example.com,United Arab Emirates,Furniture,Sofa,7.0,$877.32,0.1,41.71,Cash,DELIVERED,Male,32.0,2.0,D. Bello,Left at door
566,ORD-10172,2024/04/06,  Zainab Nwosu  ,zainab.nwosu@example.com,United Kingdom,Home Appliances,Vacuum Cleaner,4.0,$227.66,0.05,44.29,Cash,Pending,m,35.0,2.0,D. Bello,Customer requested gift wrap
567,ORD-10169,2024/01/11,YETUNDE WILLIAMS,yetunde.williams@example.com,brazil,Home Appliances,Electric Kettle,7.0,$288.86,0.15,14.98,Cash,Pending,f,-31.0,2.0,E. Okon,Customer requested gift wrap
568,ORD-10494,19/07/2024,  David Nwosu  ,david.nwosu@example.com,south africa,Furniture,Bookshelf,9.0,$262.48,0.2,29.55,Bank Transfer,CANCELLED,F,25.0,4.0,B. Musa,Bulk order discount applied
569,ORD-10805,18-Apr-2024,Sarah Adeyemi,sarah.adeyemi@example.com,canada,Groceries,Rice 5kg,5.0,$12.21,0.0,15.92,mobile money,delivered,Male,33.0,2.0,B. Musa,
570,ORD-10916,2025/09/30,  Bola Williams  ,bola.williams@example.com,Kenya,Furniture,Sofa,7.0,$364.53,0.2,44.33,pos,cancelled,F,43.0,,H. Yusuf,Left at door
571,ORD-10273,09-Feb-2025,Amaka Chukwu,amaka.chukwu@example.com,canada,Fashion,T-Shirt,7.0,$215.38,0.0,26.49,Card,returned,male,21.0,1.0,H. Yusuf,Fragile item
572,ORD-10971,20/05/2025,Chioma Chukwu,chiomachukwuAT example dot com,brazil,Home Appliances,Blender,8.0,$81.24,0.0,5.59,mobile money,pending,m,43.0,5.0,F. Chukwu,
573,ORD-10421,11/23/2025,ade bello,ade.bello@example.com,UAE,Fashion,Jacket,9.0,,0.25,40.02,Cash,shipped,Male,36.0,5.0,H. Yusuf,
574,ORD-10095,31/07/2024,HALIMA GARCIA,halima.garcia@example.com,GERMANY,Electronics,Monitor,4.0,"$1,407.64",0.0,34.67,Bank Transfer,Returned,F,25.0,4.0,G. Ibe,Left at door
575,ORD-11048,2025/01/28,Yetunde Williams,yetunde.williams@example.com,france,Books,Journal,6.0,$37.35,0.15,12.85,Card,Cancelled,male,36.0,3.0,A. Okafor,
576,ORD-11222,07/21/2024,tunde okafor,tunde.okafor@example.com,USA,Furniture,Bookshelf,1.0,$661.81,0.25,12.49,CARD,Returned,M,50.0,4.0,B. Musa,Customer requested gift wrap
577,ORD-10043,25-Sep-2023,KUNLE NWOSU,kunle.nwosu@example.com,india,Books,Textbook,9.0,$50.09,0.25,42.69,cash,CANCELLED,male,28.0,2.0,D. Bello,Left at door
578,ORD-10057,2025/10/15,ade ibe,ade.ibe@example.com,USA,Books,Notebook Pack,9.0,$21.82,0.15,32.78,POS,Returned,MALE,32.0,,H. Yusuf,Bulk order discount applied
579,ORD-11226,2025/09/22,ibrahim adeyemi,ibrahim.adeyemi@example.com,france,Books,Cookbook,9.0,$54.98,0.2,36.0,POS,Cancelled,female,19.0,1.0,H. Yusuf,Left at door
580,ORD-10716,2023/10/22,EMEKA OKON,emeka.okon@example.com,South Africa,Electronics,Monitor,10.0,$535.77,0.2,36.0,cash,DELIVERED,Female,-58.0,5.0,B. Musa,Bulk order discount applied
581,ORD-11284,15-Aug-2024,  Ngozi Brown  ,ngozi.brown@example.com,NIGERIA,Electronics,Tablet,5.0,$402.45,0.1,,Card,delivered,f,31.0,4.0,I. Nwosu,
582,ORD-10039,08/07/2024,  Michael Adeyemi  ,michael.adeyemi@example.com,CANADA,Books,Journal,1.0,$41.97,0.25,14.47,Bank Transfer,delivered,male,22.0,5.0,D. Bello,Customer requested gift wrap
583,ORD-10307,2025/09/21,ADE YUSUF,ade.yusuf@example.com,CANADA,Groceries,Sugar 1kg,1.0,$24.08,0.0,38.57,bank transfer,cancelled,FEMALE,29.0,2.0,E. Okon,Customer requested gift wrap
584,ORD-10695,2023-03-25,AMAKA BROWN,amaka.brown@example.com,U.S.A,Home Appliances,Vacuum Cleaner,8.0,$305.69,0.0,7.28,POS,DELIVERED,m,,3.0,J. Eze,
585,ORD-10651,09/04/2024,grace johnson,grace.johnson@example.com,,Groceries,Spaghetti Pack,4.0,$20.98,0.2,15.59,POS,delivered,f,45.0,4.0,F. Chukwu,Bulk order discount applied
586,ORD-10409,20-Aug-2023,LINDA ADEYEMI,linda.adeyemi@example.com,germany,Fashion,Sneakers,9.0,$78.29,0.25,16.44,card,delivered,f,20.0,3.0,A. Okafor,
587,ORD-10167,2024/01/08,Linda Bello,linda.bello@example.com,Germany,Fashion,Jeans,3.0,$203.28,0.05,9.73,bank transfer,DELIVERED,Female,28.0,2.0,G. Ibe,Bulk order discount applied
588,ORD-10535,13/09/2025,"Musa, Grace",grace.musa@example.com,United Kingdom,Books,Journal,,$59.97,0.25,42.36,bank transfer,DELIVERED,MALE,,2.0,B. Musa,
589,ORD-11386,2024/06/02,"Yusuf, Amaka",,South Africa,Groceries,Sugar 1kg,11.0,$20.66,0.15,37.82,POS,Pending,FEMALE,31.0,5.0,D. Bello,Fragile item
590,ORD-11383,,FEMI YUSUF,femi.yusuf@example.com,canada,Furniture,Dining Table,6.0,$549.60,0.25,2.51,Mobile Money,returned,MALE,37.0,3.0,I. Nwosu,
591,ORD-11458,20-Apr-2023,FEMI BROWN,femi.brown@example.com,Ghana,Furniture,Sofa,6.0,$315.05,0.0,23.2,POS,Shipped,Male,35.0,3.0,B. Musa,
592,ORD-11274,2024-01-26,  John Adeyemi  ,john.adeyemi@example.com,ghana,Home Appliances,Blender,1.0,$66.01,0.1,35.43,card,Pending,MALE,27.0,4.0,G. Ibe,Called before delivery
593,ORD-11448,2023-01-20,  Bola Brown  ,,India,Home Appliances,Air Fryer,4.0,$319.14,0.25,41.49,card,pending,male,56.0,,A. Okafor,Bulk order discount applied
594,ORD-10730,2024/05/16,tunde musa,,United Arab Emirates,Fashion,Sneakers,1.0,$92.75,0.25,5.67,CARD,Pending,MALE,47.0,1.0,E. Okon,Customer requested gift wrap
595,ORD-10740,05/11/2024,ngozi khan,ngozi.khan@example.com,Canada,Furniture,Office Chair,3.0,890.35,0.0,6.45,Mobile Money,delivered,male,53.0,2.0,B. Musa,Fragile item
596,ORD-10317,2023/06/27,Segun Smith,segun.smith@example.com,kenya,Fashion,Jacket,0.0,$185.03,0.0,13.98,Card,Delivered,male,46.0,1.0,A. Okafor,Called before delivery
597,ORD-11173,2025-09-13,EMEKA WILLIAMS,emeka.williams@example.com,england,Groceries,Spaghetti Pack,11.0,$29.56,0.05,34.26,card,DELIVERED,FEMALE,21.0,4.0,D. Bello,Customer requested gift wrap
598,ORD-11320,03/02/2023,"Ibe, Ade",ade.ibe@example.com,KENYA,Furniture,Sofa,2.0,$862.89,0.15,25.27,Mobile Money,shipped,male,39.0,4.0,G. Ibe,Customer requested gift wrap
599,ORD-10517,07/09/2025,David Nwosu,david.nwosu@example.com,south africa,Groceries,Rice 5kg,1.0,$34.94,0.2,42.35,cash,Shipped,FEMALE,29.0,,D. Bello,Customer requested gift wrap
600,ORD-11158,2025-07-30,Sarah Brown,sarah.brown@example.com,S. Africa,Fashion,T-Shirt,11.0,$153.10,0.2,7.21,bank transfer,Pending,FEMALE,31.0,2.0,F. Chukwu,Called before delivery
601,ORD-10534,2024/08/30,  Tunde Johnson  ,tunde.johnson@example.com,United States,Groceries,Cooking Oil 2L,1.0,$22.47,0.0,22.98,bank transfer,DELIVERED,f,34.0,8.0,C. Adeyemi,Bulk order discount applied
602,ORD-10908,2024-05-21,Yetunde Smith,yetunde.smith@example.com,germany,Electronics,Smartphone,5.0,"$1,366.69",0.2,,Bank Transfer,Returned,M,39.0,4.0,E. Okon,
603,ORD-10713,11/09/2025,"Yusuf, Yetunde",yetunde.yusuf@example.com,UK,Electronics,Smartphone,8.0,$319.84,0.05,2.55,cash,delivered,Male,30.0,5.0,G. Ibe,
604,ORD-11109,14/04/2024,Amaka Nwosu,amaka.nwosu@example.com,canada,Electronics,Headphones,6.0,"$1,385.53",0.05,37.66,bank transfer,cancelled,f,28.0,2.0,I. Nwosu,Customer requested gift wrap
605,ORD-10549,02-Feb-2024,EMEKA YUSUF,emeka.yusuf@example.com,Brazil,Electronics,Smartwatch,2.0,$762.61,0.0,23.95,mobile money,pending,MALE,186.0,3.0,J. Eze,
606,ORD-10454,04/08/2025,"Garcia, Amaka",amaka.garcia@example.com,INDIA,Electronics,Laptop,1.0,"$1,206.57",0.25,16.24,Cash,Returned,female,17.0,2.0,H. Yusuf,Fragile item
607,ORD-10607,22/08/2024,ZAINAB YUSUF,,Kenya,Electronics,Smartphone,5.0,$440.38,0.2,22.33,Cash,Delivered,male,33.0,1.0,H. Yusuf,Bulk order discount applied
608,ORD-11302,12/11/2023,Femi Bello,femi.bello@example.com,Deutschland,Furniture,Study Desk,9.0,$95.17,0.0,43.89,POS,returned,Male,30.0,,D. Bello,Left at door
609,ORD-11253,2025-11-21,CHIOMA BELLO,chioma.bello@example.com,UAE,Furniture,Dining Table,8.0,$620.94,0.2,20.76,cash,shipped,m,52.0,2.0,E. Okon,Called before delivery
610,ORD-10599,2023-07-15,emeka bello,emeka.bello@example.com,South Africa,Electronics,Tablet,5.0,$530.85,0.05,11.8,Bank Transfer,Delivered,FEMALE,150.0,4.0,J. Eze,Fragile item
611,ORD-10684,2024-08-16,amaka yusuf,amaka.yusuf@example.com,France,Fashion,Handbag,4.0,$153.33,0.05,3.09,pos,cancelled,male,43.0,3.0,A. Okafor,Called before delivery
612,ORD-10571,2024/07/10,  John Musa  ,john.musa@example.com,CANADA,Groceries,Spaghetti Pack,5.0,$11.68,0.0,17.71,pos,shipped,Female,30.0,,A. Okafor,
613,ORD-11188,20/05/2023,SARAH NWOSU,sarah.nwosu@example.com,KENYA,Electronics,Smartwatch,11.0,"$1,251.87",0.1,28.49,bank transfer,cancelled,Female,57.0,3.0,H. Yusuf,Left at door
614,ORD-10062,13/11/2024,  Sarah Khan  ,sarah.khan@example.com,United States,Home Appliances,Air Fryer,8.0,$272.14,0.25,33.19,POS,CANCELLED,female,8.0,3.0,C. Adeyemi,
615,ORD-11059,30/05/2024,segun okon,segun.okon@example.com,canada,Fashion,Jacket,2.0,$72.04,0.1,24.45,Card,pending,Female,35.0,,C. Adeyemi,Fragile item
616,ORD-10537,04-Mar-2023,mary garcia,marygarciaAT example dot com,Kenya,Furniture,Dining Table,3.0,$565.73,0.0,11.7,Card,returned,MALE,54.0,1.0,J. Eze,
617,ORD-11154,03/29/2024,Linda Musa,linda.musa@example.com,S. Africa,Fashion,Jacket,10.0,$120.96,0.1,25.5,Mobile Money,Returned,MALE,36.0,2.0,G. Ibe,
618,ORD-11047,10-May-2023,amaka garcia,amaka.garcia@example.com,Canada,Electronics,Tablet,,$304.14,0.25,17.86,mobile money,Shipped,MALE,37.0,5.0,C. Adeyemi,Bulk order discount applied
619,ORD-10245,24/01/2024,"Adeyemi, Segun",segun.adeyemi@example.com,UAE,Electronics,Smartphone,6.0,$470.73,0.2,44.49,POS,delivered,m,44.0,5.0,D. Bello,Bulk order discount applied
620,ORD-10026,07/03/2024,  Ibrahim Eze  ,,england,Home Appliances,Air Fryer,10.0,$180.96,0.05,6.77,Mobile Money,Shipped,m,159.0,1.0,E. Okon,
621,ORD-10223,2024-10-01,Femi Nwosu,femi.nwosu@example.com,germany,Fashion,Jeans,6.0,$156.86,0.25,43.6,bank transfer,CANCELLED,male,23.0,,A. Okafor,Bulk order discount applied
622,ORD-11281,11/20/2023,CHIDI NWOSU,chidi.nwosu@example.com,KENYA,Books,Notebook Pack,9.0,$33.10,0.1,10.56,card,delivered,male,32.0,1.0,F. Chukwu,Bulk order discount applied
623,ORD-10106,13-Apr-2025,"Ibe, Femi",femi.ibe@example.com,england,Furniture,Office Chair,8.0,$591.25,0.2,24.38,Bank Transfer,Returned,F,22.0,,E. Okon,Customer requested gift wrap
624,ORD-11028,03-Jun-2024,"Smith, Emeka",emeka.smith@example.com,france,Groceries,Tea Box,9.0,$39.35,0.0,1.06,bank transfer,pending,M,41.0,3.0,J. Eze,
625,ORD-10510,,"Musa, Tunde",,United Arab Emirates,Books,Cookbook,10.0,$41.26,0.25,39.13,Mobile Money,pending,MALE,35.0,3.0,J. Eze,
626,ORD-10132,10-Feb-2024,  Femi Johnson  ,femijohnsonAT example dot com,UK,Electronics,Headphones,0.0,"$1,378.73",0.1,23.54,POS,shipped,MALE,25.0,,H. Yusuf,
627,ORD-11039,18/03/2023,sarah okafor,sarah.okafor@example.com,S. Africa,Groceries,Cooking Oil 2L,2.0,$30.88,0.0,12.4,Mobile Money,shipped,f,26.0,1.0,A. Okafor,Fragile item
628,ORD-10445,10/08/2024,  Ngozi Okon  ,ngozi.okon@example.com,South Africa,Fashion,Handbag,6.0,$128.13,0.1,4.93,Card,Returned,female,-42.0,4.0,B. Musa,Fragile item
629,ORD-10801,04/07/2023,femi bello,femi.bello@example.com,Britain,Books,Cookbook,1.0,,0.2,29.32,Mobile Money,CANCELLED,m,26.0,4.0,F. Chukwu,Left at door
630,ORD-10509,2025/08/11,CHIDI JOHNSON,chidi.johnson@example.com,India,Fashion,Jacket,9.0,$191.51,0.0,31.84,pos,CANCELLED,FEMALE,38.0,4.0,F. Chukwu,Left at door
631,ORD-11111,07/24/2024,"Khan, Linda",lindakhanAT example dot com,GERMANY,Home Appliances,Vacuum Cleaner,-8.0,$167.05,0.05,8.86,bank transfer,Delivered,M,42.0,1.0,F. Chukwu,Duplicate entry - re-keyed
632,ORD-10076,2023/05/05,linda nwosu,linda.nwosu@example.com,kenya,Fashion,T-Shirt,4.0,$81.19,0.05,24.17,POS,Returned,MALE,24.0,1.0,D. Bello,
633,ORD-10037,2024/07/22,ngozi ibe,,KENYA,Fashion,T-Shirt,11.0,$142.76,0.1,34.41,Mobile Money,returned,FEMALE,19.0,2.0,I. Nwosu,
634,ORD-11355,06-Nov-2025,Sarah Yusuf,sarah.yusuf@example.com,Ghana,Electronics,Smartphone,-1.0,"$1,010.21",0.0,22.03,cash,DELIVERED,female,18.0,1.0,G. Ibe,
635,ORD-10058,2023-11-12,"Eze, Bola",bola.eze@example.com,Deutschland,Books,Textbook,6.0,$44.70,0.0,4.22,cash,Shipped,FEMALE,38.0,4.0,I. Nwosu,Called before delivery
636,ORD-10197,05/08/2023,"Johnson, Kunle",kunle.johnson@example.com,canada,Fashion,Handbag,8.0,$128.51,0.1,3.36,mobile money,Cancelled,female,39.0,2.0,F. Chukwu,Bulk order discount applied
637,ORD-11272,22/12/2023,  Emeka Smith  ,emeka.smith@example.com,france,Books,Journal,9.0,$27.68,0.25,17.2,Mobile Money,Delivered,F,44.0,1.0,H. Yusuf,Called before delivery
638,ORD-10747,05/26/2024,  Emeka Khan  ,emeka.khan@example.com,US,Home Appliances,Microwave,5.0,$129.00,0.0,32.02,cash,delivered,FEMALE,40.0,1.0,C. Adeyemi,Called before delivery
639,ORD-10884,12/09/2024,sarah brown,sarah.brown@example.com,NIGERIA,Furniture,Dining Table,4.0,N/A,0.25,10.43,cash,pending,female,39.0,5.0,G. Ibe,Customer requested gift wrap
640,ORD-10700,05-Jun-2025,"Bello, Bola",bola.bello@example.com,Nigeria ,Fashion,Sneakers,3.0,$79.09,0.25,17.13,Mobile Money,Shipped,,51.0,5.0,D. Bello,
641,ORD-10478,2023/04/03,sarah khan,sarah.khan@example.com,Ghana,Home Appliances,Microwave,7.0,$319.55,0.1,43.6,cash,Pending,M,11.0,,A. Okafor,Bulk order discount applied
642,ORD-10087,2025/06/28,emeka eze,emeka.eze@example.com,Nigeria ,Groceries,Rice 5kg,7.0,$12.84,0.0,23.25,Mobile Money,Shipped,m,28.0,2.0,H. Yusuf,Left at door
643,ORD-10562,17-Jul-2024,  Ngozi Williams  ,ngozi.williams@example.com,Ghana,Home Appliances,Air Fryer,8.0,$29.35,0.0,39.82,card,Delivered,FEMALE,39.0,5.0,C. Adeyemi,Bulk order discount applied
644,ORD-10335,2023-12-29,JOHN GARCIA,,South Africa,Fashion,Sneakers,3.0,$59.87,0.0,1.76,card,cancelled,F,34.0,5.0,I. Nwosu,
645,ORD-11306,18/02/2024,  Linda Adeyemi  ,linda.adeyemi@example.com,france,Furniture,Sofa,6.0,$874.07,0.1,15.84,Cash,Pending,female,20.0,2.0,G. Ibe,Left at door
646,ORD-11212,06/04/2023,  David Eze  ,david.eze@example.com,brazil,Furniture,Office Chair,2.0,$755.41,0.0,29.4,mobile money,Pending,female,52.0,3.0,B. Musa,Called before delivery
647,ORD-10952,2024/05/31,Peter Ibe,peter.ibe@example.com,GERMANY,Fashion,Jacket,7.0,$159.39,0.0,8.56,mobile money,pending,,39.0,2.0,C. Adeyemi,Fragile item
648,ORD-11190,2025-05-12,tunde johnson,tunde.johnson@example.com,U.K.,Books,Notebook Pack,9.0,$32.78,0.05,26.11,cash,Returned,female,-22.0,5.0,J. Eze,Left at door
649,ORD-11195,09-Oct-2023,"Garcia, Michael",,Nigeria ,Electronics,Smartphone,4.0,$487.70,0.0,8.52,Mobile Money,Returned,f,28.0,4.0,C. Adeyemi,
650,ORD-10539,12/29/2025,sarah ibe,sarah.ibe@example.com,Canada,Furniture,Office Chair,2.0,175.53,0.2,42.43,CARD,Shipped,FEMALE,32.0,2.0,C. Adeyemi,
651,ORD-11486,04/02/2025,Peter Garcia,peter.garcia@example.com,canada,Furniture,Study Desk,4.0,$160.38,0.0,21.06,POS,shipped,f,29.0,1.0,F. Chukwu,Left at door
652,ORD-10958,2023/02/25,  Linda Bello  ,linda.bello@example.com,france,Groceries,Rice 5kg,3.0,34.95,0.2,23.66,Card,Cancelled,female,27.0,2.0,D. Bello,Called before delivery
653,ORD-10419,2024-12-17,Kunle Adeyemi,kunle.adeyemi@example.com,United Kingdom,Fashion,T-Shirt,9.0,$20.90,0.1,24.4,Bank Transfer,cancelled,FEMALE,21.0,,F. Chukwu,Bulk order discount applied
654,,,,,,,,,,,,,,,,,,
655,ORD-11436,2025-11-25,linda garcia,,CANADA,Furniture,Sofa,3.0,$571.04,0.15,40.0,Mobile Money,shipped,f,57.0,3.0,J. Eze,Fragile item
656,ORD-11413,27/11/2024,MICHAEL ADEYEMI,michael.adeyemi@example.com,england,Home Appliances,Air Fryer,7.0,$306.94,0.25,8.25,CARD,Returned,FEMALE,41.0,3.0,E. Okon,
657,ORD-10574,14-Jun-2025,  Mary Okafor  ,mary.okafor@example.com,Canada,Home Appliances,Blender,11.0,$210.80,0.1,38.06,CARD,Cancelled,Female,24.0,2.0,F. Chukwu,
658,ORD-10672,2025/10/30,  Ngozi Khan  ,ngozi.khan@example.com,U.A.E,Furniture,Dining Table,10.0,$847.54,0.15,43.98,pos,delivered,MALE,57.0,2.0,H. Yusuf,
659,ORD-11303,2025-11-08,ade yusuf,adeyusufAT example dot com,brazil,Fashion,Handbag,6.0,$167.12,0.25,5.3,Mobile Money,cancelled,Female,21.0,,D. Bello,
660,ORD-10333,2023-12-24,"Chukwu, Sarah",sarah.chukwu@example.com,india,Fashion,T-Shirt,,$201.53,0.25,23.18,card,CANCELLED,Female,,3.0,F. Chukwu,Left at door
661,ORD-10869,10/19/2024,  Tunde Brown  ,tunde.brown@example.com,USA,Fashion,Jacket,7.0,,0.1,6.46,mobile money,delivered,FEMALE,43.0,1.0,H. Yusuf,Bulk order discount applied
662,ORD-10575,2024-04-04,"Williams, Zainab",zainab.williams@example.com,KENYA,Groceries,Rice 5kg,1.0,$29.86,0.0,44.12,cash,pending,m,27.0,4.0,D. Bello,
663,ORD-11318,2025/01/13,GRACE BROWN,grace.brown@example.com,CANADA,Fashion,T-Shirt,7.0,$138.79,0.05,25.04,pos,CANCELLED,M,23.0,2.0,D. Bello,
664,ORD-11123,08-May-2023,  Kunle Ibe  ,kunle.ibe@example.com,South Africa,Furniture,Sofa,3.0,$242.64,0.0,18.72,card,cancelled,MALE,33.0,5.0,D. Bello,Fragile item
665,ORD-11118,2025/04/10,BOLA GARCIA,,France,Electronics,Monitor,5.0,$683.26,0.1,37.72,bank transfer,pending,FEMALE,43.0,2.0,C. Adeyemi,Called before delivery
666,ORD-11400,26/07/2023,"Adeyemi, Peter",peter.adeyemi@example.com,S. Africa,Home Appliances,Blender,5.0,,0.0,2.73,cash,pending,f,35.0,2.0,C. Adeyemi,
667,ORD-11241,2024-09-01,IBRAHIM GARCIA,ibrahim.garcia@example.com,england,Books,Notebook Pack,3.0,$35.14,0.1,1.97,pos,DELIVERED,female,48.0,1.0,B. Musa,Left at door
668,ORD-10985,2024/01/20,  John Garcia  ,john.garcia@example.com,south africa,Furniture,Dining Table,5.0,$552.18,0.25,37.34,cash,Pending,Female,31.0,1.0,F. Chukwu,Customer requested gift wrap
669,ORD-11081,2025-11-10,"Yusuf, David",david.yusuf@example.com,,Home Appliances,Vacuum Cleaner,7.0,$118.14,0.25,43.08,card,returned,F,35.0,,F. Chukwu,Duplicate entry - re-keyed
670,ORD-10009,2024/04/18,  Segun Brown  ,,South Africa,Furniture,Dining Table,3.0,$566.61,0.2,36.75,POS,delivered,M,30.0,5.0,C. Adeyemi,
671,ORD-11464,12-Sep-2025,ADE JOHNSON,ade.johnson@example.com,india,Electronics,Monitor,7.0,$379.66,0.0,43.12,cash,cancelled,M,37.0,3.0,I. Nwosu,
672,ORD-11321,01/09/2024,ade yusuf,ade.yusuf@example.com,ghana,Fashion,Jacket,2.0,$58.71,0.25,36.03,POS,shipped,,40.0,5.0,D. Bello,Bulk order discount applied
673,ORD-11171,2024-08-08,"Adeyemi, David",david.adeyemi@example.com,india,Books,Textbook,5.0,$35.46,0.2,12.76,Cash,Pending,Male,30.0,5.0,A. Okafor,Bulk order discount applied
674,ORD-10305,02-May-2025,  Tunde Nwosu  ,tunde.nwosu@example.com,United Arab Emirates,Electronics,Headphones,11.0,$628.94,0.15,39.31,Card,cancelled,Male,185.0,,J. Eze,Customer requested gift wrap
675,ORD-11159,07/04/2023,ibrahim chukwu,ibrahim.chukwu@example.com,U.K.,Electronics,Laptop,1.0,$380.21,0.0,,Cash,returned,f,55.0,2.0,I. Nwosu,Left at door
676,ORD-11035,2025-12-05,  Amaka Garcia  ,amaka.garcia@example.com,S. Africa,Furniture,Office Chair,8.0,$415.31,0.2,24.16,Mobile Money,pending,F,36.0,1.0,F. Chukwu,Left at door
677,ORD-10075,29-Nov-2023,  Peter Okafor  ,peter.okafor@example.com,india,Electronics,Smartphone,5.0,$175.89,0.15,19.92,card,CANCELLED,Male,49.0,5.0,H. Yusuf,Left at door
678,ORD-10948,2023-07-23,"Khan, Sarah",sarah.khan@example.com,kenya,Home Appliances,Microwave,1.0,$183.42,0.25,1.61,Mobile Money,shipped,Female,33.0,4.0,F. Chukwu,Called before delivery
679,ORD-10523,,sarah khan,sarah.khan@example.com,USA,Home Appliances,Electric Kettle,3.0,$240.61,0.0,42.92,Cash,returned,MALE,47.0,5.0,E. Okon,
680,ORD-10336,2025-06-22,david eze,david.eze@example.com,INDIA,Furniture,Sofa,11.0,$721.66,0.05,4.86,Bank Transfer,Cancelled,Male,41.0,2.0,H. Yusuf,Called before delivery
681,ORD-10570,2025-03-04,  Segun Nwosu  ,segun.nwosu@example.com,Kenya,Home Appliances,Electric Kettle,1.0,$318.86,1.5,,Mobile Money,DELIVERED,Male,25.0,5.0,G. Ibe,Left at door
682,ORD-10591,2024/06/23,CHIOMA KHAN,chioma.khan@example.com,india,Furniture,Sofa,11.0,$106.05,0.2,,card,delivered,FEMALE,25.0,3.0,H. Yusuf,Customer requested gift wrap
683,ORD-10089,07/26/2024,  Chidi Williams  ,,UAE,Electronics,Headphones,9.0,"$1,243.35",0.0,10.28,Bank Transfer,shipped,Female,37.0,,D. Bello,
684,ORD-10770,2024/05/22,"Johnson, Segun",segun.johnson@example.com,S. Africa,Groceries,Sugar 1kg,8.0,$6.16,1.5,23.71,Cash,Cancelled,FEMALE,36.0,1.0,J. Eze,
685,ORD-10218,12/11/2024,  Yetunde Eze  ,yetunde.eze@example.com,United Arab Emirates,Books,Notebook Pack,5.0,9.41,0.0,19.87,Mobile Money,Pending,FEMALE,69.0,3.0,E. Okon,Fragile item
686,ORD-11051,12/28/2024,MICHAEL BROWN,michael.brown@example.com,Canada,Furniture,Dining Table,11.0,$897.78,0.1,7.31,card,cancelled,female,29.0,2.0,J. Eze,Fragile item
687,ORD-10174,07/08/2023,JOHN IBE,john.ibe@example.com,canada,Groceries,Rice 5kg,2.0,$23.06,0.0,21.5,card,Shipped,m,38.0,2.0,A. Okafor,
688,ORD-11414,2025-11-21,Kunle Smith,kunle.smith@example.com,UAE,Groceries,Tea Box,7.0,$18.09,0.2,12.91,bank transfer,Pending,male,28.0,,E. Okon,
689,ORD-10222,2023-11-28,kunle williams,kunle.williams@example.com,Britain,Electronics,Tablet,4.0,$913.63,0.25,12.6,mobile money,Shipped,female,18.0,1.0,G. Ibe,
690,ORD-10320,02/07/2023,Ibrahim Ibe,ibrahim.ibe@example.com,england,Electronics,Smartphone,9.0,$911.83,0.0,31.99,Cash,shipped,Male,36.0,5.0,A. Okafor,
691,ORD-11339,2024-12-03,"Okafor, David",david.okafor@example.com,germany,Fashion,Jacket,3.0,N/A,0.0,,card,pending,f,25.0,1.0,I. Nwosu,
692,ORD-11376,10/16/2023,  Femi Johnson  ,femi.johnson@example.com,Deutschland,Furniture,Study Desk,1.0,$311.80,0.0,24.51,mobile money,delivered,female,52.0,5.0,G. Ibe,Fragile item
693,ORD-10838,09/06/2024,"Smith, Bola",bola.smith@example.com,Deutschland,Books,Notebook Pack,10.0,$21.05,0.0,1.7,card,shipped,M,38.0,3.0,J. Eze,
694,ORD-10267,22/03/2025,Bola Ibe,bola.ibe@example.com,Britain,Electronics,Smartphone,,$341.66,0.05,43.67,card,DELIVERED,FEMALE,29.0,4.0,F. Chukwu,Fragile item
695,ORD-10007,11/27/2025,Chioma Nwosu,chioma.nwosu@example.com,Brazil,Books,Cookbook,2.0,$18.25,0.1,39.36,Card,Pending,male,42.0,5.0,G. Ibe,Left at door
696,ORD-10748,04/06/2024,"Johnson, Sarah",sarah.johnson@example.com,brazil,Electronics,Headphones,3.0,"$1,277.37",0.0,8.97,Card,returned,FEMALE,26.0,3.0,I. Nwosu,Customer requested gift wrap
697,ORD-11404,27/06/2023,"Johnson, Ibrahim",ibrahim.johnson@example.com,KENYA,Electronics,Tablet,11.0,$775.36,0.1,37.51,mobile money,pending,female,36.0,5.0,C. Adeyemi,
698,ORD-10139,2025-10-17,  Emeka Ibe  ,emeka.ibe@example.com,nigeria,Electronics,Headphones,6.0,$184.01,0.1,40.73,cash,Returned,f,25.0,5.0,H. Yusuf,Left at door
699,ORD-10164,18-Jan-2023,David Johnson,david.johnson@example.com,england,Home Appliances,Air Fryer,7.0,$217.92,,5.53,Mobile Money,Cancelled,f,31.0,5.0,E. Okon,Bulk order discount applied
700,ORD-11266,2025-03-25,yetunde okon,yetunde.okon@example.com,france,Home Appliances,Microwave,9.0,$95.27,0.15,15.68,Mobile Money,DELIVERED,MALE,33.0,2.0,B. Musa,Fragile item
701,ORD-10595,2024-08-01,  Tunde Eze  ,tunde.eze@example.com,UAE,Fashion,Jacket,9.0,$29.67,0.05,6.02,CARD,pending,FEMALE,20.0,1.0,B. Musa,Bulk order discount applied
702,ORD-11450,17-May-2023,ADE KHAN,adekhanAT example dot com,ghana,Home Appliances,Air Fryer,9.0,$233.98,0.2,5.53,bank transfer,DELIVERED,MALE,30.0,2.0,C. Adeyemi,Fragile item
703,ORD-11358,2023/08/21,ZAINAB ADEYEMI,zainab.adeyemi@example.com,South Africa,Groceries,Cooking Oil 2L,11.0,$33.99,0.1,8.09,bank transfer,Pending,F,31.0,1.0,J. Eze,
704,ORD-11114,2023-06-23,"Adeyemi, Ngozi",ngozi.adeyemi@example.com,United Arab Emirates,Books,Cookbook,9.0,$7.08,0.0,15.82,Bank Transfer,CANCELLED,Male,15.0,,F. Chukwu,Bulk order discount applied
705,ORD-11460,05/03/2023,"Garcia, Michael",michael.garcia@example.com,Deutschland,Furniture,Dining Table,3.0,,0.0,,Cash,delivered,m,21.0,4.0,F. Chukwu,Fragile item
706,ORD-10524,2024-01-12,bola adeyemi,bola.adeyemi@example.com,france,Fashion,Sneakers,3.0,$108.60,0.0,5.75,POS,DELIVERED,M,37.0,1.0,G. Ibe,Left at door
707,ORD-10894,05/07/2024,DAVID OKAFOR,david.okafor@example.com,Britain,Books,Cookbook,6.0,$56.65,0.1,19.28,card,Pending,m,33.0,4.0,A. Okafor,
708,ORD-10852,2025-04-05,"Adeyemi, Michael",michael.adeyemi@example.com,Ghana,Electronics,Smartphone,5.0,$728.84,0.0,36.64,Bank Transfer,DELIVERED,Male,24.0,2.0,B. Musa,
709,ORD-10579,2024-07-03,  Ngozi Okafor  ,ngozi.okafor@example.com,ghana,Groceries,Sugar 1kg,1.0,$16.25,0.0,39.1,CARD,CANCELLED,Female,37.0,2.0,E. Okon,
710,ORD-10803,13-Jul-2025,ADE OKON,ade.okon@example.com,Brazil,Furniture,Sofa,3.0,$311.91,0.15,41.95,Mobile Money,shipped,F,29.0,2.0,F. Chukwu,Customer requested gift wrap
711,ORD-10020,2023/04/03,  Femi Musa  ,femi.musa@example.com,Brazil,Electronics,Smartphone,8.0,"$1,279.16",0.1,17.93,CARD,cancelled,FEMALE,,3.0,D. Bello,Fragile item
712,ORD-11375,07/04/2025,  Chidi Adeyemi  ,chidi.adeyemi@example.com,brazil,Furniture,Study Desk,5.0,559.12,0.2,34.76,cash,delivered,Male,6.0,4.0,B. Musa,
713,ORD-10634,06-Jan-2025,NGOZI OKAFOR,ngozi.okafor@example.com,united states,Books,Notebook Pack,8.0,$34.53,0.1,42.23,POS,Shipped,f,26.0,1.0,A. Okafor,Called before delivery
714,ORD-10798,2025/05/27,"Adeyemi, Amaka",amaka.adeyemi@example.com,brazil,Books,Textbook,8.0,$22.47,,0.14,Bank Transfer,returned,MALE,45.0,1.0,C. Adeyemi,Called before delivery
715,ORD-10619,10/07/2023,  John Okon  ,john.okon@example.com,Canada,Books,Journal,9.0,$59.48,0.1,32.33,Bank Transfer,pending,M,17.0,5.0,G. Ibe,Called before delivery
716,ORD-11288,02-Jul-2023,  Chioma Garcia  ,chioma.garcia@example.com,France,Books,Textbook,11.0,$52.33,0.0,36.61,POS,returned,Female,34.0,,D. Bello,Left at door
717,ORD-10656,2023-03-01,"Smith, Yetunde",yetunde.smith@example.com,US,Furniture,Office Chair,0.0,$546.10,0.05,27.18,pos,Pending,female,27.0,5.0,F. Chukwu,Called before delivery
718,ORD-11145,22/02/2023,DAVID ADEYEMI,david.adeyemi@example.com,Nigeria ,Furniture,Study Desk,1.0,$406.24,0.0,0.54,POS,DELIVERED,MALE,34.0,4.0,C. Adeyemi,Fragile item
719,ORD-10784,2025/05/27,  Chioma Johnson  ,chioma.johnson@example.com,KENYA,Fashion,Jeans,6.0,$183.79,0.1,39.5,bank transfer,cancelled,m,37.0,2.0,E. Okon,Left at door
720,ORD-10138,2023-10-18,IBRAHIM JOHNSON,ibrahim.johnson@example.com,Brazil,Books,Notebook Pack,8.0,$37.24,0.15,17.68,POS,Shipped,Male,43.0,4.0,B. Musa,Bulk order discount applied
721,ORD-10558,05-Nov-2023,Amaka Adeyemi,amaka.adeyemi@example.com,nigeria,Home Appliances,Air Fryer,6.0,$127.13,0.25,9.64,bank transfer,returned,female,33.0,2.0,H. Yusuf,Bulk order discount applied
722,ORD-10698,10/10/2024,ibrahim musa,ibrahim.musa@example.com,UAE,Electronics,Headphones,5.0,"$1,189.19",0.25,28.07,bank transfer,Returned,female,33.0,2.0,A. Okafor,Fragile item
723,ORD-11260,2023-09-28,Linda Okon,linda.okon@example.com,Germany,Fashion,Jacket,9.0,$189.80,0.2,23.87,Card,Delivered,FEMALE,47.0,2.0,H. Yusuf,Fragile item
724,ORD-10757,17-Jan-2024,  David Okon  ,david.okon@example.com,INDIA,Furniture,Bookshelf,7.0,$776.70,0.0,14.13,bank transfer,CANCELLED,FEMALE,47.0,2.0,E. Okon,Fragile item
725,ORD-10904,08/04/2024,"Johnson, Tunde",tunde.johnson@example.com,france,Furniture,Dining Table,4.0,$427.36,0.25,32.28,Card,pending,m,30.0,2.0,A. Okafor,Bulk order discount applied
726,ORD-11163,11/04/2025,  Kunle Garcia  ,kunle.garcia@example.com,Brazil,Furniture,Office Chair,4.0,$306.10,0.2,3.55,cash,Pending,m,37.0,5.0,H. Yusuf,Bulk order discount applied
727,ORD-10369,11/21/2024,Ibrahim Okafor,ibrahim.okafor@example.com,Brazil,Home Appliances,Microwave,9.0,$99.68,0.05,39.15,pos,DELIVERED,Female,,5.0,C. Adeyemi,
728,ORD-11445,2023/07/25,"Bello, Yetunde",yetunde.bello@example.com,Canada,Groceries,Spaghetti Pack,10.0,$18.87,0.05,18.66,pos,DELIVERED,m,44.0,5.0,E. Okon,Left at door
729,ORD-10811,2024-03-22,  Ibrahim Okafor  ,ibrahim.okafor@example.com,france,Groceries,Sugar 1kg,1.0,$24.25,0.05,27.45,Bank Transfer,delivered,male,37.0,5.0,C. Adeyemi,Fragile item
730,ORD-10328,09/03/2024,  Michael Chukwu  ,michael.chukwu@example.com,south africa,Fashion,Handbag,10.0,$122.22,0.0,43.1,cash,shipped,male,36.0,3.0,F. Chukwu,
731,ORD-10318,2024/11/21,amaka okafor,amaka.okafor@example.com,Brazil,Books,Textbook,8.0,$23.46,0.25,23.16,Cash,shipped,female,60.0,3.0,C. Adeyemi,
732,ORD-11169,2025-05-06,Linda Khan,linda.khan@example.com,KENYA,Furniture,Sofa,9.0,$600.48,0.05,42.54,Cash,Shipped,female,35.0,3.0,I. Nwosu,Left at door
733,ORD-11132,22-Feb-2025,"Adeyemi, Kunle",kunle.adeyemi@example.com,Kenya,Electronics,Smartwatch,11.0,"$1,214.16",0.0,27.69,POS,cancelled,Female,26.0,5.0,J. Eze,
734,ORD-10529,04/30/2025,CHIOMA ADEYEMI,chioma.adeyemi@example.com,INDIA,Groceries,Spaghetti Pack,5.0,$11.09,0.0,33.76,pos,CANCELLED,M,48.0,2.0,F. Chukwu,
735,ORD-10527,09-Oct-2024,  Peter Johnson  ,peter.johnson@example.com,united states,Groceries,Cooking Oil 2L,6.0,$15.48,0.1,39.01,CARD,Returned,MALE,48.0,3.0,D. Bello,Left at door
736,ORD-10088,18/01/2023,david williams,david.williams@example.com,germany,Home Appliances,Air Fryer,6.0,$169.71,0.2,5.6,mobile money,shipped,M,17.0,4.0,A. Okafor,Left at door
737,ORD-10480,05-Feb-2024,  Bola Eze  ,bola.eze@example.com,CANADA,Home Appliances,Air Fryer,4.0,$227.89,0.25,34.99,Card,delivered,female,58.0,3.0,G. Ibe,
738,ORD-10339,06/11/2024,Femi Brown,femi.brown@example.com,Deutschland,Furniture,Bookshelf,6.0,$319.85,0.0,17.81,card,cancelled,m,16.0,1.0,B. Musa,Bulk order discount applied
739,ORD-10792,2025/11/21,PETER KHAN,peter.khan@example.com,US,Home Appliances,Vacuum Cleaner,2.0,294.70,0.1,37.71,mobile money,delivered,M,34.0,4.0,C. Adeyemi,
740,ORD-10658,2025/06/20,"Bello, Chidi",chidi.bello@example.com,United Kingdom,Furniture,Bookshelf,9.0,$342.97,0.2,43.9,CARD,shipped,FEMALE,44.0,5.0,I. Nwosu,Bulk order discount applied
741,ORD-10149,19-Aug-2023,TUNDE CHUKWU,tunde.chukwu@example.com,S. Africa,Furniture,Office Chair,11.0,$828.83,0.1,19.76,Cash,DELIVERED,MALE,39.0,3.0,A. Okafor,Called before delivery
742,ORD-11474,01/26/2024,"Brown, Grace",grace.brown@example.com,germany,Groceries,Tea Box,,$12.15,0.2,31.54,cash,DELIVERED,,34.0,3.0,I. Nwosu,Left at door
743,ORD-11419,,"Yusuf, Emeka",emeka.yusuf@example.com,germany,Furniture,Bookshelf,8.0,$585.00,0.05,38.77,Cash,Returned,,42.0,2.0,F. Chukwu,
744,ORD-10029,09/11/2024,"Smith, Halima",halima.smith@example.com,India,Electronics,Laptop,9.0,$810.71,0.1,8.03,CARD,Returned,male,38.0,4.0,J. Eze,
745,ORD-10247,2024-02-04,Yetunde Williams,yetunde.williams@example.com,Canada,Fashion,T-Shirt,10.0,$160.92,0.0,25.84,mobile money,Shipped,M,37.0,4.0,I. Nwosu,
746,ORD-10366,12-Nov-2024,  Emeka Khan  ,emeka.khan@example.com,India,Furniture,Dining Table,10.0,$873.78,0.2,24.75,card,pending,m,24.0,2.0,D. Bello,Left at door
747,ORD-11384,17/02/2025,Ade Johnson,ade.johnson@example.com,United Arab Emirates,Fashion,Handbag,10.0,$91.30,0.2,28.41,Bank Transfer,Delivered,Female,34.0,,C. Adeyemi,
748,ORD-10998,13/07/2025,"Smith, Emeka",emekasmithAT example dot com,U.A.E,Home Appliances,Microwave,9.0,$278.52,0.0,43.41,POS,pending,M,19.0,,H. Yusuf,Fragile item
749,ORD-11204,04-Jul-2024,David Smith,david.smith@example.com,nigeria,Furniture,Bookshelf,2.0,$497.43,0.2,42.35,pos,DELIVERED,f,41.0,5.0,G. Ibe,
750,ORD-10199,2025/01/15,Grace Smith,,Canada,Furniture,Bookshelf,7.0,$565.38,0.2,28.67,Cash,cancelled,MALE,39.0,3.0,I. Nwosu,Called before delivery
751,ORD-11006,08-Apr-2024,Michael Bello,michaelbelloAT example dot com,S. Africa,Fashion,T-Shirt,0.0,$118.40,0.2,15.93,POS,CANCELLED,Female,37.0,4.0,A. Okafor,Left at door
752,ORD-10745,2023/12/20,amaka brown,amaka.brown@example.com,Kenya,Furniture,Study Desk,5.0,$124.46,0.0,18.9,card,Cancelled,Female,48.0,4.0,A. Okafor,Fragile item
753,ORD-11027,2023-09-24,"Garcia, Chidi",chidi.garcia@example.com,France,Electronics,Headphones,-2.0,$315.27,0.1,23.96,mobile money,Returned,male,43.0,1.0,A. Okafor,Customer requested gift wrap
754,ORD-10405,04-Jul-2025,Ade Smith,ade.smith@example.com,U.S.A,Books,Journal,9.0,$33.78,0.15,38.02,Cash,returned,male,35.0,2.0,F. Chukwu,Called before delivery
755,ORD-10833,19-May-2024,sarah williams,sarah.williams@example.com,South Africa,Books,Journal,6.0,$36.12,0.15,22.24,cash,shipped,MALE,15.0,3.0,J. Eze,Left at door
756,ORD-10484,28/01/2025,david bello,david.bello@example.com,CANADA,Groceries,Rice 5kg,7.0,$8.62,0.25,4.51,cash,cancelled,MALE,33.0,3.0,D. Bello,Called before delivery
757,ORD-10159,20/01/2025,JOHN GARCIA,,ghana,Fashion,Sneakers,8.0,$169.62,0.0,21.22,card,cancelled,Female,43.0,1.0,D. Bello,Called before delivery
758,ORD-10316,16/09/2024,  Yetunde Musa  ,yetunde.musa@example.com,Nigeria ,Groceries,Cooking Oil 2L,11.0,$35.70,0.0,23.42,CARD,returned,MALE,20.0,4.0,B. Musa,
759,ORD-10257,28-Feb-2023,  Mary Nwosu  ,mary.nwosu@example.com,U.K.,Furniture,Bookshelf,2.0,361.79,0.25,35.58,card,Delivered,FEMALE,37.0,1.0,E. Okon,
760,ORD-10008,2023-01-16,Amaka Johnson,amaka.johnson@example.com,Deutschland,Fashion,Jacket,2.0,$204.79,0.1,24.98,CARD,pending,Male,35.0,2.0,I. Nwosu,Left at door
761,ORD-11498,2023/01/31,michael garcia,michael.garcia@example.com,KENYA,Home Appliances,Microwave,8.0,$184.70,0.0,1.12,card,cancelled,m,29.0,5.0,C. Adeyemi,Bulk order discount applied
762,ORD-10385,10/25/2023,"Bello, Ngozi",ngozi.bello@example.com,UAE,Fashion,T-Shirt,4.0,$118.94,0.25,28.24,card,Pending,female,41.0,,I. Nwosu,
763,ORD-10861,09/06/2023,"Bello, Linda",linda.bello@example.com,south africa,Books,Journal,5.0,$27.97,0.25,6.63,card,Returned,M,53.0,2.0,J. Eze,Fragile item
764,ORD-10178,07/31/2023,mary johnson,mary.johnson@example.com,united states,Books,Novel,5.0,$30.34,0.1,2.8,CARD,DELIVERED,female,35.0,1.0,D. Bello,
765,ORD-10789,04/22/2023,  Linda Adeyemi  ,linda.adeyemi@example.com,ghana,Groceries,Spaghetti Pack,3.0,$27.66,0.0,16.77,Bank Transfer,Delivered,M,48.0,2.0,B. Musa,
766,ORD-10315,04/01/2025,Amaka Johnson,amaka.johnson@example.com,KENYA,Fashion,T-Shirt,3.0,$94.95,0.25,4.56,Bank Transfer,shipped,M,28.0,,H. Yusuf,Called before delivery
767,ORD-10358,2025/07/11,  Chidi Adeyemi  ,chidi.adeyemi@example.com,S. Africa,Electronics,Headphones,6.0,$639.55,0.0,14.61,mobile money,pending,male,31.0,3.0,H. Yusuf,Fragile item
768,ORD-10299,2025-03-20,TUNDE NWOSU,tunde.nwosu@example.com,Kenya,Home Appliances,Vacuum Cleaner,1.0,$126.80,0.2,28.8,mobile money,shipped,F,35.0,,G. Ibe,Called before delivery
769,ORD-10456,2023-12-24,peter nwosu,peter.nwosu@example.com,germany,Groceries,Spaghetti Pack,5.0,$26.01,0.25,22.49,mobile money,DELIVERED,MALE,24.0,,I. Nwosu,Customer requested gift wrap
770,ORD-10544,07/25/2025,AMAKA WILLIAMS,amaka.williams@example.com,Canada,Groceries,Cooking Oil 2L,1.0,$36.23,0.25,34.51,Card,shipped,male,26.0,5.0,C. Adeyemi,
771,ORD-10663,2024/05/14,EMEKA SMITH,emeka.smith@example.com,KENYA,Books,Journal,0.0,$59.22,0.2,33.37,cash,shipped,female,32.0,4.0,A. Okafor,Left at door
772,ORD-10597,02-Jul-2024,YETUNDE MUSA,yetunde.musa@example.com, Nigeria,Electronics,Smartphone,5.0,"$1,384.27",0.0,40.16,Bank Transfer,Cancelled,male,30.0,2.0,G. Ibe,
773,ORD-10886,25/07/2023,  Peter Brown  ,peter.brown@example.com,Deutschland,Electronics,Tablet,1.0,$406.02,0.1,40.19,bank transfer,DELIVERED,Female,30.0,2.0,G. Ibe,Called before delivery
774,ORD-11084,17/12/2024,Grace Garcia,grace.garcia@example.com,Ghana,Books,Journal,8.0,$39.80,0.1,18.01,POS,Pending,MALE,31.0,1.0,I. Nwosu,
775,ORD-10947,2024/05/09,BOLA CHUKWU,,Brazil,Groceries,Tea Box,2.0,$30.25,0.05,14.73,Bank Transfer,CANCELLED,male,21.0,3.0,E. Okon,Fragile item
776,ORD-10528,10/03/2025,Femi Williams,femiwilliamsAT example dot com,Ghana,Books,Notebook Pack,6.0,$30.38,0.0,4.54,Cash,DELIVERED,Male,-32.0,1.0,A. Okafor,Customer requested gift wrap
777,ORD-11287,01/12/2025,SARAH WILLIAMS,sarah.williams@example.com,GERMANY,Fashion,Sneakers,3.0,$14.14,0.2,26.53,bank transfer,Delivered,FEMALE,22.0,2.0,A. Okafor,Customer requested gift wrap
778,ORD-10160,2024-06-07,Chidi Eze,chidi.eze@example.com,ghana,Groceries,Tea Box,5.0,$32.16,0.05,20.11,Card,delivered,Female,23.0,3.0,E. Okon,Called before delivery
779,ORD-10978,03/23/2024,ngozi yusuf,ngozi.yusuf@example.com,Brazil,Furniture,Dining Table,3.0,,0.2,28.98,mobile money,Delivered,M,25.0,3.0,A. Okafor,
780,ORD-10361,2025/01/05,Peter Adeyemi,peter.adeyemi@example.com,Canada,Books,Cookbook,7.0,$44.87,0.2,31.4,Cash,cancelled,Male,48.0,2.0,C. Adeyemi,Customer requested gift wrap
781,ORD-11354,2023/09/26,"Eze, Michael",michael.eze@example.com,USA,Fashion,Handbag,11.0,$168.08,0.25,9.07,Bank Transfer,DELIVERED,M,36.0,,G. Ibe,
782,ORD-10203,2024-01-17,"Nwosu, Ade",ade.nwosu@example.com,india,Electronics,Tablet,6.0,$569.83,0.25,42.75,mobile money,cancelled,M,18.0,1.0,B. Musa,
783,ORD-10957,02-Apr-2025,Bola Chukwu,bola.chukwu@example.com,Canada,Home Appliances,Vacuum Cleaner,10.0,$111.10,0.0,7.82,Cash,Returned,FEMALE,51.0,4.0,J. Eze,
784,ORD-11344,12/31/2024,Segun Bello,segun.bello@example.com,brazil,Books,Textbook,6.0,$37.21,0.0,3.55,POS,Shipped,male,36.0,4.0,C. Adeyemi,Fragile item
785,ORD-10113,08/04/2024,  Tunde Okon  ,tunde.okon@example.com,KENYA,Books,Textbook,,$27.36,0.0,1.18,pos,Returned,F,25.0,5.0,G. Ibe,
786,ORD-11042,2025/10/04,halima adeyemi,halima.adeyemi@example.com,United States,Furniture,Office Chair,6.0,$797.39,0.15,9.47,CARD,Cancelled,Male,34.0,5.0,A. Okafor,Customer requested gift wrap
787,ORD-10308,10/14/2024,EMEKA BROWN,emeka.brown@example.com,France,Electronics,Tablet,4.0,123.32,0.1,29.8,mobile money,Cancelled,female,23.0,5.0,B. Musa,Bulk order discount applied
788,ORD-11230,12/19/2024,  Ngozi Nwosu  ,ngozi.nwosu@example.com,South Africa,Electronics,Smartwatch,8.0,"$1,008.77",0.2,4.0,bank transfer,DELIVERED,f,-38.0,1.0,E. Okon,Customer requested gift wrap
789,ORD-10423,12-Jan-2024,john eze,john.eze@example.com,GERMANY,Electronics,Monitor,6.0,"$1,058.35",0.0,8.11,Cash,delivered,MALE,162.0,4.0,F. Chukwu,
790,ORD-11446,,ade chukwu,ade.chukwu@example.com,Ghana,Electronics,Laptop,11.0,"$1,086.17",0.0,17.04,mobile money,Returned,f,20.0,4.0,G. Ibe,Fragile item
791,ORD-11135,19/06/2024,KUNLE NWOSU,kunle.nwosu@example.com,U.K.,Groceries,Spaghetti Pack,9.0,$20.49,0.0,30.03,mobile money,returned,Female,34.0,,F. Chukwu,Fragile item
792,ORD-10262,2024-02-13,"Garcia, Peter",peter.garcia@example.com,NIGERIA,Furniture,Bookshelf,5.0,$224.74,0.25,19.72,Mobile Money,pending,MALE,38.0,,F. Chukwu,Duplicate entry - re-keyed
793,ORD-10460,2024-08-02,NGOZI CHUKWU,ngozi.chukwu@example.com, Nigeria,Home Appliances,Air Fryer,1.0,$45.36,0.2,12.62,Mobile Money,returned,m,28.0,3.0,D. Bello,Customer requested gift wrap
794,ORD-10590,28-May-2025,AMAKA BROWN,amaka.brown@example.com,USA,Fashion,Jacket,6.0,$11.22,0.05,28.62,cash,shipped,,,1.0,F. Chukwu,Bulk order discount applied
795,ORD-11328,2024-10-16,  Emeka Okafor  ,emeka.okafor@example.com,UK,Fashion,Handbag,7.0,$104.17,0.0,42.13,Cash,cancelled,MALE,30.0,4.0,I. Nwosu,Left at door
796,ORD-10763,2023/01/03,  Amaka Smith  ,amaka.smith@example.com,england,Groceries,Sugar 1kg,4.0,$8.59,0.05,,pos,Returned,f,30.0,3.0,E. Okon,Fragile item
797,ORD-10858,2023-01-16,Bola Williams,bola.williams@example.com,france,Electronics,Smartphone,3.0,"$1,281.11",0.0,3.98,cash,DELIVERED,M,56.0,3.0,D. Bello,
798,ORD-10964,10/04/2024,SEGUN MUSA,,nigeria,Electronics,Laptop,9.0,$323.74,0.15,15.2,Card,DELIVERED,Female,27.0,1.0,E. Okon,
799,ORD-10450,30-Jun-2023,ADE JOHNSON,ade.johnson@example.com,UAE,Groceries,Spaghetti Pack,6.0,$25.56,0.0,43.79,POS,Delivered,Female,25.0,1.0,I. Nwosu,Customer requested gift wrap
800,ORD-11201,06/13/2023,NGOZI WILLIAMS,ngozi.williams@example.com,Deutschland,Fashion,Jacket,10.0,$59.19,0.15,9.39,POS,shipped,FEMALE,43.0,3.0,G. Ibe,Bulk order discount applied
801,ORD-10680,2023/02/11,"Adeyemi, Halima",halima.adeyemi@example.com,,Groceries,Spaghetti Pack,11.0,$19.08,0.25,1.89,Mobile Money,Delivered,F,35.0,5.0,F. Chukwu,Fragile item
802,ORD-10693,09/17/2024,  Tunde Okafor  ,tunde.okafor@example.com,united states,Groceries,Cooking Oil 2L,2.0,$15.74,0.0,32.14,POS,Delivered,M,56.0,5.0,E. Okon,Called before delivery
803,ORD-11122,10/11/2025,"Williams, Peter",peter.williams@example.com,U.S.A,Groceries,Cooking Oil 2L,2.0,$11.74,0.15,38.5,mobile money,Pending,male,31.0,2.0,C. Adeyemi,Fragile item
804,ORD-10081,04/15/2025,zainab johnson,zainab.johnson@example.com,france,Books,Novel,5.0,N/A,0.0,44.42,Bank Transfer,Shipped,female,44.0,3.0,H. Yusuf,
805,ORD-11343,22/12/2025,femi garcia,femi.garcia@example.com,UK,Books,Novel,5.0,$48.95,0.25,17.4,cash,Cancelled,f,15.0,1.0,D. Bello,Bulk order discount applied
806,ORD-11048,2025/01/28,Yetunde Williams,yetunde.williams@example.com,france,Books,Journal,6.0,$37.35,0.15,12.85,Card,Cancelled,male,36.0,3.0,A. Okafor,
807,ORD-10818,02/15/2023,john eze,john.eze@example.com,canada,Electronics,Smartwatch,9.0,$661.09,0.0,33.09,Cash,returned,m,33.0,5.0,C. Adeyemi,Customer requested gift wrap
808,ORD-10216,24-Jan-2025,kunle khan,kunle.khan@example.com,France,Fashion,Sneakers,5.0,$37.10,0.0,43.8,CARD,pending,MALE,43.0,4.0,F. Chukwu,Fragile item
809,ORD-11003,10/03/2025,Bola Khan,bola.khan@example.com,INDIA,Furniture,Study Desk,2.0,$60.50,0.0,8.27,Card,cancelled,f,188.0,3.0,G. Ibe,Customer requested gift wrap
810,ORD-10031,2023/12/04,"Yusuf, Ngozi",ngozi.yusuf@example.com,UK,Fashion,Sneakers,6.0,$64.48,0.2,13.26,CARD,shipped,FEMALE,37.0,,D. Bello,Left at door
811,ORD-10243,2023-08-18,  Sarah Garcia  ,sarah.garcia@example.com,Nigeria,Furniture,Sofa,2.0,$552.54,0.15,22.67,POS,Delivered,Female,-31.0,5.0,C. Adeyemi,Left at door
812,ORD-11029,2024-02-19,  Amaka Nwosu  ,amaka.nwosu@example.com,U.K.,Home Appliances,Blender,11.0,$307.91,0.0,41.63,CARD,Returned,female,21.0,4.0,J. Eze,Left at door
813,ORD-10642,2025-04-27,HALIMA NWOSU,halima.nwosu@example.com,south africa,Home Appliances,Blender,3.0,$280.95,0.2,0.49,pos,Delivered,MALE,41.0,4.0,C. Adeyemi,
814,ORD-10697,2023/01/19,Halima Okafor,halima.okafor@example.com,KENYA,Books,Novel,9.0,24.72,0.0,5.99,Bank Transfer,cancelled,female,52.0,,B. Musa,Bulk order discount applied
815,ORD-10210,05-Mar-2024,  Ade Nwosu  ,ade.nwosu@example.com,ghana,Furniture,Bookshelf,8.0,$226.67,0.25,18.7,pos,cancelled,Female,21.0,1.0,J. Eze,Fragile item
816,ORD-10873,2025-08-23,Amaka Okafor,,brazil,Groceries,Sugar 1kg,6.0,$28.03,0.2,41.21,mobile money,DELIVERED,,40.0,,B. Musa,Left at door
817,ORD-10771,27-Sep-2025,yetunde bello,yetunde.bello@example.com,Nigeria ,Books,Notebook Pack,4.0,$32.22,0.0,30.07,CARD,Delivered,m,35.0,1.0,E. Okon,Customer requested gift wrap
818,ORD-10753,10/07/2023,"Okafor, Halima",halima.okafor@example.com,united states,Electronics,Smartphone,7.0,$488.64,0.0,14.09,Card,Shipped,Male,38.0,4.0,C. Adeyemi,
819,ORD-11338,17-Aug-2023,"Williams, Ibrahim",ibrahimwilliamsAT example dot com,Brazil,Electronics,Smartphone,3.0,$351.91,0.0,30.94,cash,Cancelled,M,26.0,5.0,J. Eze,
820,ORD-10436,2023-02-16,Sarah Williams,sarah.williams@example.com,brazil,Books,Notebook Pack,2.0,$38.76,0.05,,card,DELIVERED,m,52.0,1.0,G. Ibe,Called before delivery
821,ORD-11346,02/11/2025,Yetunde Smith,yetunde.smith@example.com,brazil,Home Appliances,Microwave,9.0,$153.21,0.2,3.73,Card,DELIVERED,FEMALE,28.0,5.0,B. Musa,Bulk order discount applied
822,ORD-11438,,  Grace Bello  ,grace.bello@example.com,,Home Appliances,Air Fryer,8.0,$300.50,0.0,,Mobile Money,returned,Male,42.0,3.0,D. Bello,
823,ORD-11364,2024-08-01,"Musa, Femi",femi.musa@example.com,CANADA,Furniture,Bookshelf,9.0,$585.85,0.05,3.15,bank transfer,DELIVERED,female,42.0,4.0,G. Ibe,
824,ORD-11401,2024-10-08,"Khan, Segun",segun.khan@example.com,germany,Furniture,Office Chair,5.0,$416.51,0.1,19.98,pos,DELIVERED,F,51.0,3.0,G. Ibe,
825,ORD-10689,06-Oct-2025,Bola Brown,bola.brown@example.com,UAE,Furniture,Dining Table,5.0,$151.51,0.2,38.68,cash,cancelled,m,25.0,5.0,I. Nwosu,Called before delivery
826,ORD-10552,2023-03-25,MARY WILLIAMS,mary.williams@example.com,Nigeria,Fashion,Jeans,2.0,$107.25,0.15,19.16,POS,returned,male,51.0,2.0,F. Chukwu,
827,ORD-10545,09/05/2023,Halima Smith,,U.K.,Furniture,Bookshelf,3.0,$352.38,0.05,0.26,Mobile Money,DELIVERED,m,34.0,3.0,I. Nwosu,Customer requested gift wrap
828,ORD-11333,16/01/2025,  Femi Williams  ,femi.williams@example.com,KENYA,Fashion,Jacket,1.0,$219.50,0.0,5.49,Mobile Money,Cancelled,F,27.0,4.0,D. Bello,
829,ORD-11076,09/03/2023,ade okon,ade.okon@example.com,France,Home Appliances,Air Fryer,4.0,$148.25,0.05,40.17,Mobile Money,cancelled,F,41.0,4.0,E. Okon,Bulk order discount applied
830,ORD-10907,05-Oct-2024,Linda Garcia,linda.garcia@example.com,Ghana,Groceries,Tea Box,9.0,$12.68,0.1,18.17,card,Delivered,M,39.0,1.0,A. Okafor,
831,ORD-10715,18/06/2023,  Amaka Ibe  ,amaka.ibe@example.com,india,Books,Cookbook,10.0,$31.94,0.15,25.01,Bank Transfer,returned,Female,,2.0,A. Okafor,Customer requested gift wrap
832,ORD-10404,15/05/2024,zainab khan,zainab.khan@example.com,Brazil,Fashion,Jeans,7.0,$176.91,0.25,15.71,cash,Cancelled,f,40.0,,I. Nwosu,Left at door
833,ORD-10548,06/16/2024,MARY BROWN,mary.brown@example.com,Ghana,Fashion,Jacket,10.0,$178.98,0.0,30.89,Cash,delivered,MALE,26.0,,D. Bello,
834,ORD-10363,2024-11-10,ZAINAB BELLO,zainab.bello@example.com,Deutschland,Groceries,Sugar 1kg,1.0,$39.27,0.2,13.31,CARD,Shipped,M,38.0,4.0,E. Okon,
835,ORD-10272,2023-01-29,chidi garcia,chidi.garcia@example.com,nigeria,Home Appliances,Electric Kettle,9.0,$132.58,0.0,17.42,bank transfer,CANCELLED,MALE,21.0,8.0,G. Ibe,
836,ORD-10467,02/15/2024,"Johnson, Segun",segun.johnson@example.com,Ghana,Furniture,Sofa,10.0,$370.06,0.25,31.64,Mobile Money,shipped,MALE,37.0,4.0,B. Musa,Left at door
837,ORD-11371,2023/02/27,KUNLE SMITH,kunle.smith@example.com, Nigeria,Groceries,Tea Box,9.0,$20.57,0.0,19.69,Cash,CANCELLED,M,38.0,4.0,G. Ibe,Customer requested gift wrap
838,ORD-11127,2024-06-17,Segun Eze,segun.eze@example.com,Germany,Books,Notebook Pack,5.0,$34.00,0.1,0.85,POS,Delivered,female,35.0,2.0,A. Okafor,
839,ORD-10984,13/05/2024,"Adeyemi, Chioma",chioma.adeyemi@example.com,USA,Home Appliances,Vacuum Cleaner,2.0,$288.39,0.25,40.16,Mobile Money,Shipped,f,32.0,5.0,B. Musa,
840,ORD-10278,2023/10/06,  Grace Okon  ,grace.okon@example.com,France,Fashion,Handbag,5.0,$199.82,0.0,26.69,cash,DELIVERED,F,39.0,1.0,B. Musa,
841,ORD-11369,2025/02/27,ade bello,ade.bello@example.com,Ghana,Fashion,Jeans,10.0,$156.01,0.0,34.98,bank transfer,Returned,male,24.0,2.0,C. Adeyemi,Customer requested gift wrap
842,ORD-11456,04/01/2024,HALIMA ADEYEMI,halima.adeyemi@example.com,brazil,Groceries,Sugar 1kg,10.0,$8.75,0.2,1.35,Mobile Money,Delivered,m,32.0,5.0,F. Chukwu,
843,ORD-11009,16/03/2023,  Grace Chukwu  ,grace.chukwu@example.com,India,Books,Novel,11.0,$27.92,0.15,43.85,Mobile Money,returned,Female,39.0,2.0,J. Eze,
844,ORD-10442,03/15/2023,Linda Bello,,france,Electronics,Monitor,-4.0,"$1,402.42",0.0,44.01,Mobile Money,cancelled,M,25.0,4.0,F. Chukwu,Called before delivery
845,ORD-10723,2025-07-16,"Ibe, Peter",peter.ibe@example.com,South Africa,Books,Cookbook,2.0,$51.38,0.25,4.09,cash,pending,Female,43.0,,J. Eze,
846,ORD-10787,16/09/2025,Chioma Smith,chioma.smith@example.com,Brazil,Electronics,Laptop,9.0,$326.57,0.0,17.54,Bank Transfer,CANCELLED,M,36.0,2.0,B. Musa,Called before delivery
847,ORD-11180,28/10/2024,  Kunle Khan  ,kunle.khan@example.com,Deutschland,Electronics,Headphones,7.0,"$1,328.22",0.1,39.52,Card,CANCELLED,m,42.0,3.0,B. Musa,Called before delivery
848,ORD-10443,08/08/2023,  Segun Bello  ,segun.bello@example.com,Germany,Books,Notebook Pack,,$13.02,0.1,35.18,Card,pending,male,29.0,1.0,I. Nwosu,
849,ORD-10300,06/11/2025,  Chidi Khan  ,chidi.khan@example.com,canada,Electronics,Headphones,7.0,$334.25,0.0,6.09,cash,pending,FEMALE,32.0,5.0,B. Musa,Customer requested gift wrap
850,ORD-10987,08-Jul-2024,sarah khan,sarah.khan@example.com,France,Fashion,Jacket,3.0,$83.12,0.0,28.29,Cash,returned,m,39.0,,D. Bello,Fragile item
851,ORD-10376,01/04/2023,SARAH MUSA,sarah.musa@example.com,France,Electronics,Smartphone,8.0,$918.38,0.0,19.47,cash,DELIVERED,f,27.0,1.0,J. Eze,
852,ORD-11049,08/05/2023,"Johnson, John",john.johnson@example.com,S. Africa,Electronics,Smartphone,4.0,"$1,065.17",0.0,9.7,Bank Transfer,pending,MALE,30.0,5.0,I. Nwosu,
853,ORD-11146,08/26/2024,"Ibe, Grace",grace.ibe@example.com,GERMANY,Electronics,Smartphone,7.0,,0.1,25.39,cash,DELIVERED,F,46.0,5.0,J. Eze,
854,ORD-11351,01/30/2025,Halima Yusuf,halima.yusuf@example.com,S. Africa,Furniture,Sofa,8.0,$808.23,0.15,7.69,cash,pending,Male,34.0,3.0,J. Eze,Left at door
855,ORD-11417,25-Sep-2025,SEGUN NWOSU,segun.nwosu@example.com,CANADA,Home Appliances,Vacuum Cleaner,0.0,$246.14,0.1,25.05,pos,Delivered,M,36.0,2.0,F. Chukwu,Customer requested gift wrap
856,ORD-11115,11/10/2023,halima williams,halima.williams@example.com,South Africa,Books,Cookbook,2.0,$35.98,0.1,11.49,cash,returned,Male,24.0,3.0,B. Musa,Fragile item
857,ORD-10473,2024-09-08,"Okon, Tunde",,NIGERIA,Electronics,Smartphone,8.0,"$1,199.21",0.0,39.42,Card,Shipped,female,56.0,2.0,B. Musa,
858,ORD-11057,25-Dec-2025,  John Okafor  ,john.okafor@example.com,germany,Furniture,Bookshelf,9.0,$824.95,0.05,36.93,Bank Transfer,Cancelled,m,35.0,4.0,J. Eze,Fragile item
859,ORD-10564,2023/10/15,"Johnson, Halima",halimajohnsonAT example dot com,UAE,Books,Notebook Pack,1.0,$32.26,0.1,43.4,Card,DELIVERED,male,46.0,4.0,A. Okafor,Fragile item
860,ORD-11393,19/09/2024,  Chidi Chukwu  ,chidi.chukwu@example.com,germany,Furniture,Study Desk,6.0,$394.28,0.25,29.57,cash,CANCELLED,MALE,28.0,3.0,D. Bello,
861,ORD-10751,19-Oct-2023,NGOZI NWOSU,ngozi.nwosu@example.com,S. Africa,Electronics,Tablet,4.0,$518.35,0.1,36.2,bank transfer,Shipped,F,62.0,1.0,D. Bello,Called before delivery
862,ORD-10389,13-Aug-2025,"Okafor, Kunle",kunle.okafor@example.com,United Kingdom,Groceries,Spaghetti Pack,9.0,$5.10,0.0,5.58,Bank Transfer,Shipped,FEMALE,31.0,,J. Eze,Customer requested gift wrap
863,ORD-10023,30/10/2024,"Adeyemi, Bola",bola.adeyemi@example.com,Brazil,Fashion,Sneakers,10.0,$81.80,0.0,44.89,Mobile Money,Pending,m,36.0,,B. Musa,Fragile item
864,ORD-11087,13-Jun-2024,chioma musa,chioma.musa@example.com,south africa,Books,Journal,2.0,$28.84,0.05,7.06,mobile money,Shipped,FEMALE,42.0,4.0,B. Musa,
865,ORD-11209,16/07/2025,TUNDE SMITH,tunde.smith@example.com,US,Home Appliances,Electric Kettle,1.0,$333.99,0.15,,CARD,Returned,female,,1.0,D. Bello,
866,ORD-10125,01/07/2024,mary williams,mary.williams@example.com,NIGERIA,Groceries,Cooking Oil 2L,10.0,$23.72,0.1,15.66,Cash,Cancelled,Female,35.0,4.0,D. Bello,
867,ORD-10424,05/12/2024,Zainab Bello,zainab.bello@example.com,Kenya,Electronics,Laptop,3.0,$146.15,0.05,14.73,Mobile Money,shipped,f,30.0,3.0,C. Adeyemi,Called before delivery
868,ORD-10774,,david ibe,david.ibe@example.com,UAE,Home Appliances,Vacuum Cleaner,6.0,$138.97,0.0,34.04,pos,Delivered,MALE,43.0,2.0,B. Musa,Left at door
869,ORD-11379,07/07/2023,"Bello, Segun",segun.bello@example.com,Canada,Groceries,Sugar 1kg,9.0,$13.96,0.1,24.7,CARD,cancelled,MALE,28.0,,I. Nwosu,
870,ORD-10471,2025/01/26,zainab okafor,zainab.okafor@example.com,ghana,Fashion,Handbag,4.0,$168.42,0.15,22.9,Card,returned,Female,28.0,,D. Bello,Bulk order discount applied
871,ORD-10722,22-Feb-2025,bola eze,bola.eze@example.com,INDIA,Home Appliances,Blender,6.0,$37.80,0.2,19.28,cash,Pending,M,27.0,4.0,B. Musa,Called before delivery
872,ORD-11054,19-Nov-2023,"Chukwu, Bola",bola.chukwu@example.com,germany,Fashion,Sneakers,5.0,$95.86,1.5,27.7,Cash,DELIVERED,F,49.0,,H. Yusuf,
873,,,,,,,,,,,,,,,,,,
874,ORD-10143,17/04/2023,Linda Garcia,linda.garcia@example.com,south africa,Electronics,Monitor,10.0,$349.89,0.0,3.2,Bank Transfer,returned,female,43.0,5.0,A. Okafor,
875,ORD-10051,2024-07-15,  Grace Ibe  ,grace.ibe@example.com,ghana,Groceries,Cooking Oil 2L,8.0,$4.29,0.15,29.81,Mobile Money,returned,Male,25.0,1.0,E. Okon,
876,ORD-10864,25/03/2025,david adeyemi,,Britain,Books,Notebook Pack,1.0,$35.15,0.25,14.99,card,Delivered,male,35.0,,I. Nwosu,
877,ORD-11433,2024/03/28,Amaka Nwosu,amaka.nwosu@example.com,CANADA,Electronics,Laptop,10.0,384.37,0.0,12.86,Cash,pending,m,26.0,3.0,H. Yusuf,Customer requested gift wrap
878,ORD-11070,2025/08/04,"Eze, Zainab",,France,Books,Novel,2.0,$15.82,0.0,3.16,Bank Transfer,returned,Female,17.0,5.0,G. Ibe,Left at door
879,ORD-10624,04/22/2023,Ngozi Okafor,ngozi.okafor@example.com,canada,Furniture,Dining Table,5.0,$73.16,0.0,4.39,POS,Pending,f,37.0,4.0,H. Yusuf,
880,ORD-11269,09/28/2023,  Ngozi Ibe  ,ngozi.ibe@example.com,UAE,Home Appliances,Blender,8.0,$212.89,0.05,13.71,POS,DELIVERED,male,22.0,,D. Bello,Fragile item
881,ORD-10082,2023/01/12,bola yusuf,bola.yusuf@example.com,brazil,Furniture,Office Chair,3.0,$267.70,0.0,10.65,bank transfer,delivered,MALE,43.0,,C. Adeyemi,Left at door
882,ORD-10704,05/12/2023,chioma garcia,chioma.garcia@example.com,KENYA,Home Appliances,Blender,1.0,$280.19,0.1,14.87,Bank Transfer,Shipped,MALE,26.0,,I. Nwosu,Called before delivery
883,ORD-10483,14/12/2024,  Grace Johnson  ,,South Africa,Furniture,Bookshelf,7.0,,,20.6,Card,Cancelled,f,24.0,3.0,C. Adeyemi,Fragile item
884,ORD-10322,2025-11-23,"Garcia, Segun",segun.garcia@example.com,Kenya,Home Appliances,Air Fryer,9.0,$77.26,0.05,9.3,POS,shipped,Male,27.0,4.0,A. Okafor,Left at door
885,ORD-11283,2023/07/16,  Zainab Khan  ,zainab.khan@example.com,USA,Home Appliances,Electric Kettle,4.0,$102.03,0.15,15.58,card,Returned,Male,25.0,1.0,D. Bello,
886,ORD-10506,2023/02/03,  Halima Brown  ,halima.brown@example.com,South Africa,Furniture,Sofa,9.0,$454.75,0.1,2.62,Mobile Money,Delivered,Female,38.0,5.0,I. Nwosu,Left at door
887,ORD-11459,14/04/2023,SARAH ADEYEMI,sarah.adeyemi@example.com,Ghana,Electronics,Monitor,8.0,$728.54,0.0,20.75,Cash,pending,Female,40.0,,J. Eze,Called before delivery
888,ORD-10842,2023/10/15,emeka bello,emeka.bello@example.com,india,Furniture,Office Chair,6.0,$362.23,0.15,17.37,Cash,Delivered,MALE,32.0,2.0,G. Ibe,
889,ORD-10067,11-Jul-2024,LINDA GARCIA,linda.garcia@example.com,USA,Groceries,Tea Box,3.0,$23.73,0.1,43.63,mobile money,Pending,F,43.0,3.0,I. Nwosu,Customer requested gift wrap
890,ORD-11314,22/03/2025,Peter Chukwu,peter.chukwu@example.com,Germany,Groceries,Cooking Oil 2L,2.0,$23.25,0.25,0.48,cash,Returned,m,17.0,3.0,I. Nwosu,
891,ORD-10975,2023/10/03,"Williams, Zainab",zainab.williams@example.com,CANADA,Groceries,Tea Box,10.0,$30.83,0.1,16.89,Card,delivered,f,43.0,1.0,F. Chukwu,Left at door
892,ORD-11360,,Femi Brown,femi.brown@example.com,germany,Furniture,Dining Table,4.0,$603.57,0.0,25.07,mobile money,CANCELLED,Male,39.0,,H. Yusuf,Bulk order discount applied
893,ORD-10802,2025/03/30,"Bello, Zainab",zainab.bello@example.com,nigeria,Groceries,Spaghetti Pack,6.0,$21.95,0.1,29.67,CARD,Cancelled,FEMALE,43.0,1.0,J. Eze,
894,ORD-11233,30-May-2023,sarah eze,sarah.eze@example.com,brazil,Home Appliances,Blender,6.0,187.46,0.1,12.95,Mobile Money,DELIVERED,female,36.0,2.0,F. Chukwu,
895,ORD-10032,20/03/2023,  Linda Bello  ,linda.bello@example.com,Kenya,Fashion,T-Shirt,2.0,$72.17,0.1,4.52,Cash,CANCELLED,female,26.0,5.0,D. Bello,Customer requested gift wrap
896,ORD-10796,2024-05-14,Amaka Okon,amaka.okon@example.com,Canada,Furniture,Dining Table,7.0,,0.15,13.7,pos,Pending,female,34.0,8.0,C. Adeyemi,Fragile item
897,ORD-10418,12/07/2025,  Yetunde Okafor  ,yetunde.okafor@example.com,United Kingdom,Home Appliances,Blender,6.0,$232.89,0.0,27.91,CARD,delivered,female,2.0,1.0,C. Adeyemi,Bulk order discount applied
898,ORD-10882,2023-01-06,david smith,david.smith@example.com,united states,Books,Journal,6.0,$23.30,0.0,24.3,pos,delivered,f,11.0,5.0,J. Eze,
899,ORD-10633,08/21/2025,Bola Yusuf,bola.yusuf@example.com,Ghana,Groceries,Rice 5kg,9.0,$27.44,0.0,12.6,cash,Shipped,MALE,22.0,2.0,F. Chukwu,
900,ORD-11193,09/08/2024,halima musa,halima.musa@example.com,Brazil,Furniture,Bookshelf,9.0,62.12,0.0,25.89,Card,returned,Male,33.0,4.0,F. Chukwu,Left at door
901,ORD-10188,2025-01-07,ADE EZE,ade.eze@example.com,ghana,Home Appliances,Electric Kettle,3.0,$145.05,0.05,43.72,Cash,Pending,female,45.0,3.0,C. Adeyemi,Left at door
902,ORD-10065,2025/12/14,  Segun Eze  ,segun.eze@example.com,France,Home Appliances,Blender,10.0,$169.52,0.0,40.68,Cash,Shipped,male,44.0,5.0,B. Musa,
903,ORD-10140,2025-02-18,sarah ibe,sarah.ibe@example.com,canada,Electronics,Monitor,4.0,"$1,308.56",0.0,40.89,Bank Transfer,pending,male,,3.0,G. Ibe,Fragile item
904,ORD-11237,03/17/2023,  David Nwosu  ,david.nwosu@example.com,united states,Fashion,T-Shirt,6.0,$213.63,0.0,7.16,cash,shipped,male,56.0,3.0,A. Okafor,Bulk order discount applied
905,ORD-11257,2023/02/24,  Tunde Bello  ,tunde.bello@example.com,NIGERIA,Furniture,Study Desk,5.0,$682.49,0.1,3.56,bank transfer,shipped,F,51.0,,E. Okon,Fragile item
906,ORD-10078,09/02/2023,"Khan, Halima",halima.khan@example.com,south africa,Home Appliances,Vacuum Cleaner,8.0,$340.92,0.15,0.22,bank transfer,CANCELLED,Female,34.0,1.0,D. Bello,Fragile item
907,ORD-10492,2025-10-13,Segun Brown,segun.brown@example.com,Britain,Home Appliances,Electric Kettle,8.0,$223.94,0.0,43.39,Mobile Money,Cancelled,female,33.0,,D. Bello,
908,ORD-11309,13-Oct-2023,"Yusuf, Ibrahim",ibrahim.yusuf@example.com,canada,Groceries,Spaghetti Pack,4.0,$17.43,0.0,44.26,CARD,DELIVERED,m,,4.0,I. Nwosu,Customer requested gift wrap
909,ORD-11165,12/25/2024,ibrahim williams,ibrahim.williams@example.com,GERMANY,Home Appliances,Air Fryer,,$262.95,0.15,41.62,card,shipped,male,32.0,3.0,D. Bello,
910,ORD-10533,2024-12-13,"Smith, Amaka",amaka.smith@example.com,S. Africa,Books,Notebook Pack,,$41.38,0.05,31.23,Bank Transfer,delivered,male,53.0,4.0,D. Bello,
911,ORD-10066,09/11/2025,"Adeyemi, Tunde",tunde.adeyemi@example.com,United Kingdom,Fashion,Jacket,4.0,$180.21,0.0,18.63,Mobile Money,CANCELLED,F,,1.0,D. Bello,Left at door
912,ORD-11295,11/08/2023,Chioma Khan,chioma.khan@example.com,U.A.E,Home Appliances,Electric Kettle,9.0,$278.51,0.1,35.61,pos,Cancelled,male,41.0,1.0,J. Eze,
913,ORD-10954,2024/07/25,"Adeyemi, Peter",peter.adeyemi@example.com,South Africa,Books,Journal,6.0,$55.58,0.1,3.42,POS,Pending,m,,3.0,H. Yusuf,Called before delivery
914,ORD-11290,09/21/2024,Zainab Garcia,zainab.garcia@example.com,brazil,Groceries,Tea Box,8.0,$34.32,0.1,10.39,Mobile Money,Cancelled,FEMALE,30.0,1.0,I. Nwosu,Bulk order discount applied
915,ORD-10297,2025/03/11,"Okafor, Halima",halima.okafor@example.com,United Arab Emirates,Home Appliances,Vacuum Cleaner,1.0,$112.75,0.2,29.95,bank transfer,delivered,Female,46.0,5.0,C. Adeyemi,
916,ORD-10592,25/09/2024,ade bello,ade.bello@example.com,UAE,Electronics,Smartwatch,3.0,"$1,189.44",0.0,18.09,mobile money,Delivered,MALE,9.0,4.0,J. Eze,Called before delivery
917,ORD-10420,2023-07-27,  Yetunde Adeyemi  ,yetunde.adeyemi@example.com,United Kingdom,Groceries,Spaghetti Pack,3.0,$30.53,0.0,4.22,card,Returned,Female,39.0,2.0,D. Bello,Left at door
918,ORD-10768,07/23/2024,  Femi Nwosu  ,femi.nwosu@example.com,U.S.A,Electronics,Tablet,9.0,$915.74,0.0,19.07,Cash,CANCELLED,F,37.0,3.0,A. Okafor,
919,ORD-10893,01/26/2023,TUNDE CHUKWU,tunde.chukwu@example.com,Canada,Furniture,Dining Table,9.0,$750.84,0.0,7.36,mobile money,returned,,25.0,2.0,F. Chukwu,Called before delivery
920,ORD-10439,25-Jun-2025,david okafor,david.okafor@example.com,India,Groceries,Rice 5kg,3.0,$16.78,0.1,38.03,cash,Pending,male,36.0,5.0,A. Okafor,Left at door
921,ORD-10262,2024-02-13,"Garcia, Peter",peter.garcia@example.com,NIGERIA,Furniture,Bookshelf,5.0,$224.74,0.25,19.72,Mobile Money,pending,MALE,38.0,,F. Chukwu,Bulk order discount applied
922,ORD-11022,03/14/2023,Ngozi Okafor,,Britain,Books,Novel,11.0,$23.49,0.0,13.35,CARD,Pending,F,,3.0,A. Okafor,Fragile item
923,ORD-10725,03/13/2024,KUNLE YUSUF,kunle.yusuf@example.com,United Arab Emirates,Furniture,Sofa,4.0,107.49,0.05,21.25,Cash,Returned,FEMALE,30.0,1.0,F. Chukwu,
924,ORD-11422,2023-09-17,SEGUN MUSA,segun.musa@example.com,UAE,Electronics,Tablet,10.0,504.21,0.15,27.12,pos,CANCELLED,FEMALE,43.0,1.0,B. Musa,Bulk order discount applied
925,ORD-10282,03/01/2023,Michael Chukwu,michael.chukwu@example.com,kenya,Books,Cookbook,3.0,$16.26,0.15,24.49,CARD,DELIVERED,m,49.0,2.0,G. Ibe,
926,ORD-10627,02-Apr-2023,Chioma Williams,chioma.williams@example.com,Britain,Electronics,Tablet,7.0,"$1,092.07",0.25,10.33,CARD,pending,m,41.0,,H. Yusuf,Called before delivery
927,ORD-11462,04/26/2023,LINDA MUSA,linda.musa@example.com,kenya,Furniture,Sofa,5.0,$187.99,0.0,22.61,pos,DELIVERED,male,52.0,,A. Okafor,Fragile item
928,ORD-11079,11-Oct-2024,"Brown, Mary",mary.brown@example.com,Deutschland,Fashion,Jacket,11.0,$39.94,0.25,17.92,cash,CANCELLED,Male,35.0,3.0,G. Ibe,Left at door
929,ORD-11134,01/02/2023,"Okon, Kunle",kunle.okon@example.com,UK,Books,Novel,10.0,$26.78,0.15,10.71,card,shipped,female,48.0,1.0,J. Eze,
930,ORD-10189,08/11/2023,Femi Musa,femi.musa@example.com,brazil,Home Appliances,Blender,3.0,,0.25,5.77,Cash,Pending,M,17.0,3.0,J. Eze,
931,ORD-11336,22/07/2024,David Chukwu,davidchukwuAT example dot com,South Africa,Home Appliances,Air Fryer,6.0,$222.69,0.0,21.09,Mobile Money,cancelled,M,,4.0,B. Musa,
932,ORD-10252,10/13/2024,GRACE SMITH,grace.smith@example.com,S. Africa,Books,Textbook,10.0,$56.09,1.5,4.03,POS,delivered,m,23.0,1.0,B. Musa,
933,ORD-10584,2024-04-19,  Grace Okafor  ,grace.okafor@example.com,India,Books,Textbook,3.0,$8.84,0.0,5.05,cash,DELIVERED,M,45.0,1.0,D. Bello,Bulk order discount applied
934,ORD-11242,12/26/2023,  Zainab Ibe  ,zainab.ibe@example.com,United Arab Emirates,Fashion,Jeans,8.0,$97.62,0.25,9.82,CARD,returned,male,24.0,5.0,A. Okafor,
935,ORD-11390,2025-08-01,"Yusuf, Zainab",zainab.yusuf@example.com,Nigeria ,Books,Cookbook,3.0,$52.64,0.2,5.14,pos,DELIVERED,MALE,25.0,2.0,D. Bello,Fragile item
936,ORD-11014,2023-02-26,Bola Smith,bola.smith@example.com,Nigeria,Books,Journal,9.0,$33.94,0.0,9.51,Mobile Money,DELIVERED,m,-43.0,1.0,G. Ibe,Customer requested gift wrap
937,ORD-10515,2025-01-01,"Garcia, Tunde",tunde.garcia@example.com,kenya,Groceries,Spaghetti Pack,11.0,$13.51,0.2,28.1,pos,Pending,FEMALE,30.0,4.0,H. Yusuf,Left at door
938,ORD-11213,2023/11/19,JOHN OKAFOR,john.okafor@example.com,france,Furniture,Bookshelf,8.0,$217.99,0.25,23.7,cash,Pending,f,45.0,2.0,A. Okafor,Bulk order discount applied
939,ORD-10996,10/03/2023,Kunle Chukwu,kunle.chukwu@example.com,canada,Home Appliances,Blender,11.0,$239.27,0.05,1.02,Cash,Shipped,Female,34.0,3.0,B. Musa,Customer requested gift wrap
940,ORD-11452,19/09/2023,Grace Adeyemi,grace.adeyemi@example.com,Canada,Fashion,Handbag,2.0,$178.79,0.1,28.33,mobile money,Returned,F,33.0,3.0,D. Bello,Customer requested gift wrap
941,ORD-10707,04-May-2023,  Grace Okon  ,grace.okon@example.com,england,Groceries,Tea Box,11.0,$9.68,0.0,18.03,Bank Transfer,pending,F,39.0,,I. Nwosu,
942,ORD-10488,04/21/2023,  Chidi Bello  ,chidi.bello@example.com,INDIA,Books,Cookbook,5.0,$44.28,0.0,14.07,Card,returned,Female,-49.0,4.0,F. Chukwu,Customer requested gift wrap
943,ORD-10664,2023/10/28,DAVID OKON,david.okon@example.com,U.A.E,Fashion,T-Shirt,3.0,$62.26,0.05,42.86,pos,returned,female,37.0,3.0,G. Ibe,Customer requested gift wrap
944,ORD-11243,2025-02-17,Yetunde Khan,yetunde.khan@example.com,South Africa,Groceries,Spaghetti Pack,9.0,$19.26,0.0,18.58,pos,Delivered,female,41.0,5.0,G. Ibe,
945,ORD-11172,2023-07-10,yetunde adeyemi,yetunde.adeyemi@example.com,united states,Home Appliances,Electric Kettle,11.0,$76.55,0.1,35.54,bank transfer,cancelled,Female,39.0,1.0,F. Chukwu,
946,ORD-10274,2024/08/18,JOHN MUSA,john.musa@example.com,U.S.A,Fashion,T-Shirt,2.0,$11.85,0.0,36.84,bank transfer,Pending,m,53.0,1.0,A. Okafor,Fragile item
947,ORD-10686,01/11/2024,peter okon,peter.okon@example.com,CANADA,Fashion,Jacket,11.0,$122.83,1.5,33.79,card,Shipped,Male,44.0,1.0,F. Chukwu,
948,ORD-11151,2023/09/25,  Yetunde Smith  ,yetunde.smith@example.com,brazil,Groceries,Rice 5kg,8.0,$15.60,0.2,25.71,Card,delivered,Female,26.0,5.0,J. Eze,Bulk order discount applied
949,ORD-11279,21-Jan-2024,Tunde Yusuf,tunde.yusuf@example.com,S. Africa,Home Appliances,Electric Kettle,10.0,$30.05,0.2,1.44,Cash,shipped,F,22.0,2.0,B. Musa,
950,ORD-10878,2024-05-13,AMAKA IBE,amaka.ibe@example.com,KENYA,Home Appliances,Microwave,2.0,$101.72,0.0,5.81,Mobile Money,cancelled,male,57.0,3.0,D. Bello,Customer requested gift wrap
951,ORD-11075,2023/09/11,  Bola Khan  ,bolakhanAT example dot com,india,Electronics,Smartphone,-1.0,$84.78,0.1,38.24,pos,Cancelled,female,34.0,4.0,F. Chukwu,Bulk order discount applied
952,ORD-11385,,segun nwosu,segun.nwosu@example.com,U.A.E,Home Appliances,Microwave,4.0,$168.34,0.25,1.52,mobile money,cancelled,F,28.0,2.0,G. Ibe,Bulk order discount applied
953,ORD-10449,2023-12-15,"Ibe, Kunle",kunle.ibe@example.com,brazil,Furniture,Office Chair,5.0,$310.77,0.0,,card,shipped,Male,40.0,4.0,J. Eze,
954,ORD-10412,2025/06/23,Zainab Garcia,zainab.garcia@example.com,Britain,Furniture,Dining Table,10.0,$90.73,0.1,28.28,Mobile Money,CANCELLED,f,47.0,1.0,I. Nwosu,Left at door
955,ORD-10459,02/08/2025,  Yetunde Okon  ,yetunde.okon@example.com,UAE,Groceries,Spaghetti Pack,2.0,$6.13,0.1,12.55,bank transfer,pending,female,44.0,3.0,C. Adeyemi,Customer requested gift wrap
956,ORD-10377,12-May-2025,  Bola Ibe  ,bola.ibe@example.com,ghana,Fashion,T-Shirt,9.0,$199.16,0.05,3.81,Cash,cancelled,m,32.0,2.0,C. Adeyemi,Left at door
957,ORD-11484,2024/10/10,"Khan, Mary",mary.khan@example.com,India,Home Appliances,Microwave,7.0,$201.48,0.25,35.86,POS,Delivered,female,49.0,5.0,C. Adeyemi,Customer requested gift wrap
958,ORD-10668,01/24/2025,YETUNDE YUSUF,yetunde.yusuf@example.com,United Arab Emirates,Home Appliances,Vacuum Cleaner,,$294.07,0.15,10.68,Mobile Money,Pending,female,44.0,5.0,E. Okon,
959,ORD-11273,12-Feb-2023,  Ade Nwosu  ,ade.nwosu@example.com,U.A.E,Fashion,Handbag,3.0,$29.75,0.2,6.55,card,cancelled,FEMALE,29.0,3.0,A. Okafor,Fragile item
960,ORD-10150,2023/01/22,  Grace Williams  ,grace.williams@example.com,Ghana,Home Appliances,Blender,11.0,$29.54,0.1,17.07,card,pending,FEMALE,24.0,4.0,I. Nwosu,Fragile item
961,ORD-10976,04/07/2023,Halima Garcia,halima.garcia@example.com,Nigeria ,Electronics,Smartwatch,-11.0,$167.72,0.15,34.63,Card,Cancelled,f,40.0,3.0,D. Bello,Fragile item
962,ORD-11229,11/25/2023,Ibrahim Okafor,ibrahim.okafor@example.com,KENYA,Furniture,Study Desk,6.0,$118.24,0.0,43.49,Mobile Money,DELIVERED,M,14.0,5.0,A. Okafor,Fragile item
963,ORD-10734,07/07/2023,David Yusuf,david.yusuf@example.com,india,Home Appliances,Electric Kettle,2.0,$259.29,0.0,39.1,POS,CANCELLED,M,4.0,2.0,E. Okon,Bulk order discount applied
964,ORD-10219,29-Mar-2025,  Femi Ibe  ,femi.ibe@example.com,France,Books,Journal,1.0,$41.70,0.0,10.12,Card,shipped,Female,32.0,5.0,H. Yusuf,Left at door
965,ORD-10240,03/21/2024,CHIOMA GARCIA,chioma.garcia@example.com,United States,Fashion,Handbag,1.0,$121.26,0.0,35.77,cash,shipped,FEMALE,35.0,5.0,H. Yusuf,Called before delivery
966,ORD-11106,13/10/2023,"Brown, Amaka",amaka.brown@example.com,UK,Home Appliances,Microwave,9.0,233.05,0.15,9.85,Bank Transfer,Returned,f,38.0,,G. Ibe,Left at door
967,ORD-10868,2025/12/17,HALIMA NWOSU,halima.nwosu@example.com,Brazil,Home Appliances,Blender,10.0,100.20,0.0,38.83,Cash,shipped,Male,42.0,,B. Musa,Left at door
968,ORD-10726,20-Dec-2024,amaka smith,amaka.smith@example.com,U.A.E,Furniture,Sofa,11.0,$865.63,0.0,21.03,POS,Returned,male,31.0,3.0,C. Adeyemi,
969,ORD-10193,11/21/2024,  Ngozi Eze  ,ngozi.eze@example.com,Kenya,Home Appliances,Electric Kettle,4.0,$47.70,0.2,38.5,Cash,Pending,Female,62.0,,H. Yusuf,
970,ORD-10793,2024-10-30,peter garcia,peter.garcia@example.com,South Africa,Electronics,Smartphone,8.0,$631.35,0.25,9.69,Mobile Money,Pending,M,36.0,,I. Nwosu,Left at door
971,ORD-10192,2025-05-22,Peter Chukwu,peter.chukwu@example.com,brazil,Home Appliances,Electric Kettle,3.0,$321.36,0.1,9.45,Card,Cancelled,f,36.0,1.0,F. Chukwu,Fragile item
972,ORD-10981,18/10/2024,amaka johnson,amaka.johnson@example.com,france,Books,Notebook Pack,,$28.50,0.05,29.76,card,Shipped,female,23.0,4.0,C. Adeyemi,
973,ORD-11442,23-Apr-2024,ADE WILLIAMS,ade.williams@example.com,KENYA,Electronics,Smartphone,3.0,"$1,113.32",0.0,35.76,Mobile Money,returned,female,39.0,3.0,A. Okafor,
974,ORD-11012,2025/02/16,"Okafor, Kunle",kunle.okafor@example.com,Nigeria,Home Appliances,Blender,8.0,$203.28,0.0,15.31,pos,cancelled,F,53.0,1.0,C. Adeyemi,Left at door
975,ORD-10963,03/29/2024,  Femi Williams  ,femi.williams@example.com,South Africa,Groceries,Spaghetti Pack,1.0,$8.13,0.05,4.72,Card,Pending,M,23.0,1.0,J. Eze,
976,ORD-10645,2024-09-28,  Chioma Bello  ,chiomabelloAT example dot com,nigeria,Books,Notebook Pack,5.0,$47.39,0.15,37.85,POS,shipped,f,22.0,8.0,H. Yusuf,Left at door
977,ORD-10360,17-Apr-2024,"Williams, Michael",michael.williams@example.com, Nigeria,Home Appliances,Microwave,11.0,$277.73,0.25,2.87,card,Delivered,m,30.0,3.0,J. Eze,Fragile item
978,ORD-11353,2025-08-03,Zainab Smith,zainab.smith@example.com, Nigeria,Books,Cookbook,9.0,$58.63,0.0,33.61,Mobile Money,Shipped,MALE,20.0,,J. Eze,Customer requested gift wrap
979,ORD-11489,01-Apr-2024,"Yusuf, Sarah",sarah.yusuf@example.com,France,Electronics,Smartphone,2.0,$614.32,0.15,43.71,CARD,Shipped,male,29.0,,F. Chukwu,
980,ORD-10017,11/03/2025,amaka okon,amaka.okon@example.com,United Arab Emirates,Home Appliances,Electric Kettle,11.0,$98.32,0.05,35.43,Cash,CANCELLED,Female,35.0,3.0,B. Musa,
981,ORD-10334,2023-07-06,  Mary Yusuf  ,mary.yusuf@example.com,INDIA,Fashion,Jacket,7.0,$63.36,0.25,22.51,Cash,delivered,FEMALE,26.0,,J. Eze,Bulk order discount applied
982,ORD-11238,30/06/2023,Kunle Okafor,kunle.okafor@example.com,south africa,Home Appliances,Electric Kettle,5.0,158.87,0.0,6.65,pos,DELIVERED,female,,1.0,H. Yusuf,Called before delivery
983,ORD-10583,2025-12-28,ngozi nwosu,ngozi.nwosu@example.com,france,Groceries,Cooking Oil 2L,6.0,$7.81,0.0,22.83,pos,shipped,m,35.0,2.0,J. Eze,
984,ORD-11319,2024/04/26,"Eze, Ibrahim",ibrahim.eze@example.com,US,Fashion,Jacket,3.0,$33.34,0.0,21.95,bank transfer,pending,F,34.0,,F. Chukwu,Bulk order discount applied
985,ORD-11499,2024-04-15,  Sarah Khan  ,sarah.khan@example.com,United Kingdom,Fashion,T-Shirt,4.0,$51.71,0.0,21.66,Cash,CANCELLED,m,35.0,1.0,J. Eze,
986,ORD-10840,2024-06-25,FEMI JOHNSON,femi.johnson@example.com,UAE,Furniture,Study Desk,4.0,$873.60,,41.26,POS,returned,Female,34.0,4.0,E. Okon,Called before delivery
987,ORD-10628,03/11/2024,ngozi adeyemi,ngozi.adeyemi@example.com,S. Africa,Home Appliances,Electric Kettle,7.0,$46.94,0.25,24.33,CARD,pending,male,35.0,4.0,A. Okafor,
988,ORD-11427,03/24/2023,amaka chukwu,amaka.chukwu@example.com,UAE,Furniture,Dining Table,1.0,$549.70,0.05,43.0,Mobile Money,Returned,M,32.0,5.0,D. Bello,Bulk order discount applied
989,ORD-10324,08-Apr-2023,  Femi Bello  ,femi.bello@example.com,Ghana,Home Appliances,Microwave,6.0,$72.48,0.05,2.58,cash,Returned,male,28.0,4.0,G. Ibe,Left at door
990,ORD-10825,07-Jul-2024,Ibrahim Williams,ibrahim.williams@example.com,GERMANY,Furniture,Dining Table,9.0,$568.15,0.25,,bank transfer,delivered,Male,50.0,,J. Eze,
991,ORD-11258,2025-09-26,emeka musa,emeka.musa@example.com,U.S.A,Furniture,Bookshelf,4.0,$859.57,0.25,42.27,POS,Pending,M,48.0,3.0,H. Yusuf,
992,ORD-10632,2024-09-29,"Adeyemi, Ibrahim",ibrahim.adeyemi@example.com,GERMANY,Furniture,Study Desk,8.0,$620.99,0.0,4.46,pos,pending,m,23.0,2.0,A. Okafor,
993,ORD-11062,01/02/2025,  Zainab Bello  ,zainab.bello@example.com,france,Home Appliances,Air Fryer,3.0,$346.54,0.0,6.57,POS,shipped,f,18.0,1.0,F. Chukwu,
994,ORD-11207,2024-05-20,Ade Musa,ade.musa@example.com,South Africa,Groceries,Sugar 1kg,11.0,N/A,0.0,41.37,Cash,shipped,Male,54.0,,E. Okon,
995,ORD-10779,05/01/2023,Yetunde Brown,yetunde.brown@example.com,France,Groceries,Rice 5kg,,$2.20,0.1,42.55,Mobile Money,Returned,MALE,,5.0,G. Ibe,Called before delivery
996,ORD-11063,12/12/2025,  Segun Brown  ,segun.brown@example.com,Brazil,Furniture,Office Chair,8.0,$813.51,0.25,32.41,Bank Transfer,shipped,Female,27.0,2.0,I. Nwosu,Bulk order discount applied
997,ORD-10940,2023/12/05,JOHN OKON,john.okon@example.com,germany,Groceries,Sugar 1kg,5.0,$13.77,0.0,15.65,Card,CANCELLED,M,48.0,1.0,B. Musa,
998,ORD-10856,2023-12-10,MARY BROWN,mary.brown@example.com,UK,Fashion,Handbag,8.0,$161.83,0.25,38.86,Card,Pending,Female,28.0,1.0,I. Nwosu,
999,ORD-10438,2025/02/07,peter ibe,peter.ibe@example.com,KENYA,Books,Cookbook,4.0,$16.25,0.1,24.81,Bank Transfer,CANCELLED,FEMALE,25.0,1.0,A. Okafor,
1000,ORD-10120,2024-10-29,  Sarah Adeyemi  ,sarah.adeyemi@example.com,france,Fashion,Handbag,6.0,$20.23,0.1,13.66,pos,shipped,MALE,36.0,2.0,J. Eze,Customer requested gift wrap
1001,ORD-11083,22/06/2024,"Williams, Halima",halima.williams@example.com,UAE,Furniture,Sofa,5.0,$721.94,0.15,33.68,Cash,Cancelled,male,27.0,4.0,B. Musa,
1002,ORD-11040,03/27/2024,  Michael Musa  ,michael.musa@example.com,USA,Home Appliances,Microwave,2.0,$138.42,0.0,15.13,cash,delivered,MALE,23.0,,A. Okafor,Left at door
1003,ORD-11194,22/03/2024,  Ibrahim Garcia  ,ibrahim.garcia@example.com,Germany,Fashion,Jacket,11.0,$24.30,0.25,2.05,CARD,pending,Male,46.0,,C. Adeyemi,Customer requested gift wrap
1004,ORD-10791,09/06/2024,Sarah Smith,,CANADA,Furniture,Office Chair,4.0,$259.96,0.0,16.88,Bank Transfer,delivered,MALE,27.0,3.0,A. Okafor,Fragile item
1005,ORD-10342,07-Dec-2023,halima okon,halima.okon@example.com,england,Home Appliances,Vacuum Cleaner,7.0,$294.58,0.0,29.72,cash,shipped,f,36.0,1.0,D. Bello,Customer requested gift wrap
1006,ORD-10816,03/19/2023,John Khan,john.khan@example.com,Brazil,Groceries,Spaghetti Pack,6.0,$31.18,0.0,17.97,pos,shipped,Female,29.0,2.0,B. Musa,
1007,ORD-10003,2023-09-26,TUNDE SMITH,tunde.smith@example.com,south africa,Furniture,Study Desk,7.0,$426.84,0.15,35.28,Bank Transfer,delivered,MALE,40.0,4.0,B. Musa,Called before delivery
1008,ORD-10230,23-Sep-2025,DAVID ADEYEMI,david.adeyemi@example.com,Brazil,Groceries,Rice 5kg,10.0,$16.64,0.1,22.72,Cash,pending,Male,33.0,4.0,F. Chukwu,
1009,ORD-11152,12/10/2025,  Grace Smith  ,grace.smith@example.com,brazil,Electronics,Monitor,9.0,$516.41,0.0,12.93,POS,Returned,f,58.0,1.0,I. Nwosu,Fragile item
1010,ORD-11478,11/17/2024,Mary Nwosu,,KENYA,Groceries,Rice 5kg,4.0,$34.29,0.25,30.78,Mobile Money,Cancelled,female,,5.0,E. Okon,Customer requested gift wrap
1011,ORD-10077,2023-12-28,zainab smith,zainab.smith@example.com,S. Africa,Groceries,Rice 5kg,4.0,$18.31,0.1,32.55,cash,shipped,f,26.0,1.0,J. Eze,Bulk order discount applied
1012,ORD-11421,2024/02/27,AMAKA YUSUF,,France,Books,Textbook,9.0,$44.28,0.25,41.8,POS,Pending,MALE,42.0,,F. Chukwu,Customer requested gift wrap
1013,ORD-10901,31/12/2024,Yetunde Bello,yetunde.bello@example.com,NIGERIA,Books,Novel,11.0,$48.15,0.1,35.33,Bank Transfer,Pending,f,35.0,1.0,F. Chukwu,Customer requested gift wrap
1014,ORD-11441,2024/12/22,DAVID YUSUF,david.yusuf@example.com,S. Africa,Books,Journal,1.0,$39.61,0.1,11.63,Bank Transfer,Shipped,m,21.0,1.0,C. Adeyemi,
1015,ORD-10372,06/22/2024,Sarah Brown,sarah.brown@example.com,S. Africa,Books,Novel,11.0,$38.44,0.05,12.25,pos,pending,Female,22.0,3.0,I. Nwosu,Fragile item
1016,ORD-10181,2025/04/16,kunle yusuf,kunle.yusuf@example.com,england,Furniture,Sofa,4.0,$348.80,0.0,12.47,Mobile Money,Cancelled,f,48.0,4.0,H. Yusuf,Customer requested gift wrap
1017,ORD-11308,08/07/2024,grace williams,grace.williams@example.com,south africa,Electronics,Smartwatch,1.0,"$1,406.33",0.0,7.12,bank transfer,shipped,FEMALE,157.0,3.0,B. Musa,Fragile item
1018,ORD-11219,2025-10-10,yetunde adeyemi,yetunde.adeyemi@example.com,Britain,Books,Notebook Pack,6.0,$19.07,0.2,3.87,mobile money,Cancelled,m,40.0,3.0,B. Musa,
1019,ORD-10942,2023-06-15,  Femi Eze  ,femi.eze@example.com,kenya,Furniture,Study Desk,10.0,$523.08,0.25,2.8,pos,pending,,34.0,3.0,B. Musa,Fragile item
1020,ORD-10578,2023/06/04,Kunle Ibe,kunle.ibe@example.com,INDIA,Books,Journal,2.0,$27.18,0.0,13.16,pos,shipped,MALE,37.0,,H. Yusuf,
1021,ORD-10979,2024/04/21,"Johnson, Halima",halima.johnson@example.com, Nigeria,Books,Textbook,4.0,$34.74,0.0,10.97,Card,shipped,female,27.0,,A. Okafor,Called before delivery
1022,ORD-10820,11/01/2024,  Grace Okon  ,graceokonAT example dot com,Germany,Furniture,Sofa,10.0,$81.04,0.15,1.8,Card,pending,Male,35.0,2.0,G. Ibe,
1023,ORD-11121,2024/01/22,  Ibrahim Okon  ,ibrahim.okon@example.com,germany,Furniture,Bookshelf,9.0,$803.08,0.25,12.89,CARD,delivered,m,,1.0,J. Eze,
1024,ORD-11139,13/03/2024,"Johnson, Zainab",zainab.johnson@example.com,ghana,Books,Novel,1.0,$28.90,0.05,40.93,mobile money,Cancelled,,69.0,,F. Chukwu,Fragile item
1025,ORD-11322,27/03/2024,segun musa,segun.musa@example.com,germany,Books,Novel,10.0,55.86,0.0,2.94,cash,Cancelled,male,44.0,2.0,H. Yusuf,Fragile item
1026,ORD-10887,2025/03/27,Tunde Smith,tunde.smith@example.com,Germany,Books,Textbook,5.0,$39.10,0.05,22.17,pos,delivered,female,38.0,3.0,I. Nwosu,
1027,ORD-10969,08/02/2024,"Garcia, Linda",linda.garcia@example.com,brazil,Electronics,Laptop,10.0,$116.73,0.05,27.59,POS,Delivered,female,50.0,4.0,J. Eze,Fragile item
1028,ORD-10786,11/20/2025,Linda Khan,linda.khan@example.com,Canada,Furniture,Study Desk,6.0,$625.10,0.25,23.7,Cash,shipped,male,26.0,5.0,J. Eze,
1029,ORD-11482,18-Jul-2024,  David Ibe  ,david.ibe@example.com,kenya,Books,Journal,7.0,$58.47,0.0,44.86,card,Pending,FEMALE,35.0,4.0,F. Chukwu,
1030,ORD-11232,03/31/2025,DAVID EZE,david.eze@example.com,UK,Home Appliances,Electric Kettle,11.0,$65.58,0.0,2.58,Cash,cancelled,F,20.0,4.0,E. Okon,
1031,ORD-10302,02/09/2023,john williams,john.williams@example.com, Nigeria,Furniture,Office Chair,3.0,$817.24,0.15,27.93,cash,shipped,Female,32.0,2.0,I. Nwosu,
1032,ORD-10690,21-Jun-2024,Sarah Nwosu,sarah.nwosu@example.com,U.A.E,Groceries,Cooking Oil 2L,1.0,$12.79,0.0,30.38,mobile money,Cancelled,Female,41.0,1.0,H. Yusuf,Called before delivery
1033,ORD-10813,2023-06-26,"Nwosu, Ngozi",ngozi.nwosu@example.com,Deutschland,Fashion,Jeans,11.0,$172.30,0.1,12.72,cash,Cancelled,Female,22.0,1.0,I. Nwosu,Left at door
1034,ORD-10237,02/09/2025,david okon,david.okon@example.com,germany,Electronics,Tablet,8.0,N/A,0.2,11.59,Bank Transfer,Returned,f,23.0,5.0,I. Nwosu,
1035,ORD-11038,13/01/2025,NGOZI ADEYEMI,ngozi.adeyemi@example.com,Kenya,Electronics,Smartwatch,5.0,"$1,397.78",0.2,25.26,mobile money,shipped,male,54.0,,B. Musa,Left at door
1036,ORD-10500,2024/07/06,SARAH OKAFOR,sarah.okafor@example.com,UK,Fashion,Handbag,6.0,$67.60,0.25,16.99,cash,cancelled,Female,57.0,5.0,D. Bello,Called before delivery
1037,ORD-11270,11-Dec-2023,Amaka Bello,amaka.bello@example.com,Germany,Electronics,Laptop,4.0,$836.59,0.15,29.54,cash,delivered,Male,40.0,2.0,B. Musa,
1038,ORD-10795,2025/11/10,"Garcia, Emeka",emeka.garcia@example.com,Britain,Fashion,Jeans,10.0,$133.07,0.0,9.06,pos,Cancelled,M,26.0,4.0,A. Okafor,Customer requested gift wrap
1039,ORD-11170,07-Aug-2025,  Kunle Smith  ,kunle.smith@example.com,Britain,Books,Journal,2.0,$24.27,0.05,27.65,Bank Transfer,Delivered,,,5.0,J. Eze,
1040,ORD-10991,08/02/2023,LINDA YUSUF,linda.yusuf@example.com,U.A.E,Electronics,Headphones,5.0,$763.41,0.0,39.61,Bank Transfer,returned,M,32.0,1.0,B. Musa,Called before delivery
1041,ORD-11050,2023-03-22,HALIMA GARCIA,halima.garcia@example.com,france,Books,Notebook Pack,7.0,$48.02,0.2,37.12,POS,Pending,female,41.0,3.0,J. Eze,Called before delivery
1042,ORD-10935,10-Sep-2023,  Bola Eze  ,bola.eze@example.com,france,Home Appliances,Microwave,2.0,$260.31,0.25,5.29,bank transfer,cancelled,Male,46.0,3.0,I. Nwosu,Bulk order discount applied
1043,ORD-10388,05/25/2023,halima okafor,halima.okafor@example.com,GERMANY,Furniture,Office Chair,6.0,$284.95,0.0,3.98,Mobile Money,Returned,,,5.0,C. Adeyemi,
1044,ORD-10391,12/07/2024,CHIOMA OKAFOR,,Canada,Fashion,Handbag,10.0,$162.73,0.0,2.23,card,Returned,m,53.0,2.0,E. Okon,Called before delivery
1045,ORD-10744,2024-08-14,Michael Chukwu,michael.chukwu@example.com,UAE,Electronics,Smartwatch,4.0,$313.56,0.05,19.3,pos,delivered,female,27.0,,I. Nwosu,Customer requested gift wrap
1046,ORD-10353,2024-09-25,Michael Johnson,michael.johnson@example.com,Kenya,Fashion,Jeans,2.0,$37.29,0.0,7.72,pos,shipped,F,33.0,4.0,I. Nwosu,Called before delivery
1047,ORD-10236,24-Oct-2023,chidi garcia,chidi.garcia@example.com,canada,Electronics,Smartwatch,7.0,$925.46,0.0,25.94,card,Pending,m,27.0,5.0,F. Chukwu,Fragile item
1048,ORD-11305,10/30/2024,SEGUN JOHNSON,segun.johnson@example.com,South Africa,Fashion,Handbag,10.0,$33.36,0.1,36.4,Mobile Money,cancelled,f,35.0,1.0,D. Bello,Called before delivery
1049,ORD-10481,03/09/2025,  Amaka Johnson  ,amaka.johnson@example.com,S. Africa,Fashion,Jacket,9.0,$22.30,0.0,42.13,Card,Shipped,MALE,41.0,1.0,C. Adeyemi,Bulk order discount applied
1050,ORD-10568,03/24/2023,"Adeyemi, Peter",peter.adeyemi@example.com,Deutschland,Books,Notebook Pack,8.0,$54.19,0.2,30.85,POS,pending,MALE,51.0,5.0,G. Ibe,
1051,ORD-11289,07/26/2024,Bola Smith,bola.smith@example.com,France,Fashion,Sneakers,3.0,$95.24,0.0,18.49,pos,delivered,M,45.0,5.0,F. Chukwu,Left at door
1052,ORD-11425,10/17/2023,ade ibe,ade.ibe@example.com,kenya,Home Appliances,Air Fryer,5.0,$145.28,0.1,22.8,CARD,Delivered,male,27.0,5.0,J. Eze,
1053,ORD-11197,08/11/2025,femi yusuf,femi.yusuf@example.com,Nigeria ,Electronics,Tablet,11.0,"$1,147.15",0.0,33.89,Card,cancelled,Male,41.0,4.0,A. Okafor,
1054,ORD-10121,26-Jun-2023,DAVID KHAN,david.khan@example.com,India,Electronics,Smartwatch,2.0,"$1,394.70",0.1,37.67,card,Cancelled,m,32.0,3.0,C. Adeyemi,
1055,ORD-11319,2024/04/26,"Eze, Ibrahim",ibrahim.eze@example.com,US,Fashion,Jacket,3.0,$33.34,0.0,21.95,bank transfer,pending,F,34.0,,F. Chukwu,Bulk order discount applied
1056,ORD-11025,08/24/2025,halima ibe,halima.ibe@example.com,S. Africa,Books,Textbook,5.0,$58.36,0.15,32.24,CARD,Returned,F,42.0,5.0,F. Chukwu,Fragile item
1057,ORD-10927,09/09/2025,CHIOMA BELLO,chioma.bello@example.com,CANADA,Books,Journal,11.0,$51.59,0.2,25.32,POS,Returned,male,25.0,1.0,F. Chukwu,Called before delivery
1058,ORD-10516,01/04/2025,MARY SMITH,mary.smith@example.com,NIGERIA,Fashion,Jacket,-8.0,$115.24,0.0,11.71,mobile money,Cancelled,,43.0,4.0,I. Nwosu,Called before delivery
1059,ORD-10224,2023-10-09,emeka smith,emeka.smith@example.com,United States,Books,Textbook,6.0,$11.29,0.0,,Bank Transfer,pending,FEMALE,34.0,,D. Bello,Bulk order discount applied
1060,ORD-11128,03/05/2025,TUNDE OKAFOR,tunde.okafor@example.com,Britain,Furniture,Study Desk,8.0,$248.28,0.25,18.53,POS,Delivered,m,41.0,4.0,D. Bello,Left at door
1061,ORD-10614,05/05/2024,zainab brown,zainab.brown@example.com,CANADA,Books,Cookbook,11.0,$16.92,0.0,,mobile money,delivered,MALE,45.0,2.0,G. Ibe,
1062,ORD-10844,07-Nov-2023,BOLA JOHNSON,bola.johnson@example.com,U.S.A,Electronics,Laptop,2.0,$601.31,0.0,3.79,Mobile Money,DELIVERED,MALE,36.0,1.0,I. Nwosu,Called before delivery
1063,ORD-10053,2023/04/30,Chidi Williams,chidi.williams@example.com,india,Books,Cookbook,2.0,$21.66,0.0,28.93,card,Returned,F,4.0,,G. Ibe,Bulk order discount applied
1064,ORD-11409,2023/10/12,Chioma Musa,chioma.musa@example.com,INDIA,Electronics,Monitor,1.0,$93.37,0.0,18.25,POS,Delivered,Female,40.0,,D. Bello,Fragile item
1065,ORD-10486,01/04/2024,mary okon,mary.okon@example.com,GERMANY,Fashion,Handbag,2.0,$184.14,0.0,0.5,cash,Cancelled,M,187.0,2.0,I. Nwosu,
1066,ORD-11461,2023-07-29,"Yusuf, Yetunde",yetunde.yusuf@example.com,france,Books,Novel,3.0,$53.64,,23.31,POS,shipped,FEMALE,27.0,5.0,B. Musa,Bulk order discount applied
1067,ORD-10819,01-Jun-2025,FEMI NWOSU,femi.nwosu@example.com,UAE,Books,Notebook Pack,5.0,$40.81,0.05,4.61,Cash,CANCELLED,m,26.0,3.0,J. Eze,
1068,ORD-10156,2023-03-24,"Garcia, Tunde",tunde.garcia@example.com,kenya,Fashion,T-Shirt,11.0,$52.57,0.0,44.4,Bank Transfer,returned,male,18.0,2.0,F. Chukwu,Called before delivery
1069,ORD-10601,2023-12-16,linda ibe,linda.ibe@example.com,south africa,Home Appliances,Air Fryer,5.0,$200.87,0.0,41.48,CARD,returned,female,38.0,1.0,G. Ibe,Customer requested gift wrap
1070,ORD-11227,09/30/2025,  Yetunde Ibe  ,yetunde.ibe@example.com,germany,Electronics,Monitor,5.0,$341.07,0.1,25.24,Bank Transfer,cancelled,FEMALE,35.0,1.0,F. Chukwu,Fragile item
1071,ORD-10249,26/02/2024,  Bola Bello  ,bola.bello@example.com,United Kingdom,Home Appliances,Electric Kettle,5.0,$202.72,0.0,21.45,Bank Transfer,cancelled,Female,31.0,1.0,D. Bello,Left at door
1072,ORD-10762,11/09/2025,"Yusuf, Zainab",zainab.yusuf@example.com,France,Electronics,Laptop,7.0,$84.90,0.2,32.99,card,Shipped,FEMALE,40.0,3.0,J. Eze,
1073,ORD-11397,01/21/2024,SEGUN CHUKWU,segun.chukwu@example.com,france,Groceries,Sugar 1kg,7.0,$27.79,0.25,23.13,cash,returned,M,20.0,4.0,D. Bello,Fragile item
1074,ORD-10543,2025-12-15,  John Khan  ,john.khan@example.com,Nigeria ,Furniture,Study Desk,,$654.10,0.0,28.16,Mobile Money,CANCELLED,MALE,27.0,3.0,F. Chukwu,
1075,ORD-10794,2023-09-28,"Bello, Bola",bola.bello@example.com,india,Groceries,Tea Box,2.0,$21.78,0.2,28.07,CARD,cancelled,Male,31.0,2.0,E. Okon,
1076,ORD-11142,2025/12/21,david okon,david.okon@example.com,France,Home Appliances,Air Fryer,1.0,$328.85,0.0,24.94,pos,Pending,male,44.0,2.0,C. Adeyemi,
1077,ORD-10629,07/08/2024,ZAINAB WILLIAMS,zainab.williams@example.com,kenya,Groceries,Tea Box,5.0,$2.24,0.0,18.72,cash,Returned,FEMALE,33.0,3.0,C. Adeyemi,Called before delivery
1078,ORD-10151,03/28/2025,  Grace Adeyemi  ,grace.adeyemi@example.com,U.K.,Books,Novel,4.0,35.51,0.0,23.76,POS,CANCELLED,Female,18.0,4.0,I. Nwosu,
1079,ORD-10292,2024-05-14,Sarah Brown,sarah.brown@example.com,U.K.,Fashion,Jeans,8.0,$166.49,0.2,25.7,CARD,CANCELLED,male,24.0,1.0,H. Yusuf,Bulk order discount applied
1080,ORD-10382,07-Aug-2023,Amaka Okafor,amaka.okafor@example.com,United Arab Emirates,Electronics,Tablet,4.0,$168.01,0.0,6.05,pos,delivered,MALE,47.0,,D. Bello,Called before delivery
1081,ORD-10687,10/06/2023,Peter Smith,peter.smith@example.com,india,Electronics,Laptop,-5.0,"$1,185.57",0.2,15.03,POS,returned,Female,39.0,,A. Okafor,
1082,ORD-10898,11/06/2025,"Smith, Halima",halima.smith@example.com,france,Groceries,Tea Box,9.0,$17.36,0.2,8.79,card,returned,FEMALE,21.0,,D. Bello,Called before delivery
1083,ORD-10855,11/12/2024,"Garcia, Segun",,INDIA,Groceries,Tea Box,6.0,$23.39,0.1,40.97,pos,pending,MALE,21.0,2.0,C. Adeyemi,Left at door
1084,ORD-11072,10/01/2024,Zainab Nwosu,zainab.nwosu@example.com,ghana,Electronics,Smartphone,6.0,$430.40,0.05,,Cash,Delivered,Female,33.0,5.0,B. Musa,Left at door
1085,ORD-10009,2024/04/18,  Segun Brown  ,,South Africa,Furniture,Dining Table,3.0,$566.61,0.2,36.75,POS,delivered,M,30.0,5.0,C. Adeyemi,Duplicate entry - re-keyed
1086,ORD-11167,08-Jun-2025,GRACE MUSA,grace.musa@example.com,ghana,Fashion,Handbag,9.0,$41.84,0.05,41.41,bank transfer,delivered,M,34.0,4.0,I. Nwosu,Bulk order discount applied
1087,ORD-11294,18/01/2023,halima chukwu,halima.chukwu@example.com,U.S.A,Books,Textbook,1.0,$38.22,0.1,27.11,Cash,returned,Female,35.0,2.0,H. Yusuf,Called before delivery
1088,ORD-10892,09/12/2023,  Femi Khan  ,femi.khan@example.com,Nigeria ,Electronics,Smartwatch,4.0,"$1,092.85",0.0,36.17,mobile money,delivered,MALE,36.0,3.0,G. Ibe,Called before delivery
1089,ORD-10227,01/09/2024,  Chioma Okafor  ,,United Arab Emirates,Furniture,Sofa,2.0,$851.39,0.25,15.43,Mobile Money,cancelled,F,31.0,1.0,D. Bello,Duplicate entry - re-keyed
1090,ORD-10616,2025-11-26,JOHN KHAN,john.khan@example.com,U.A.E,Groceries,Spaghetti Pack,9.0,$34.21,0.1,37.38,card,DELIVERED,f,23.0,,B. Musa,Called before delivery
1091,ORD-10155,2023/09/15,SARAH OKAFOR,sarah.okafor@example.com,ghana,Books,Cookbook,6.0,46.53,0.15,7.32,POS,Pending,female,38.0,3.0,H. Yusuf,
1092,ORD-10934,2023/08/31,Segun Johnson,segun.johnson@example.com,France,Books,Textbook,4.0,$22.45,0.05,32.77,cash,DELIVERED,f,43.0,2.0,D. Bello,Left at door
1093,ORD-10323,05/27/2023,michael bello,michael.bello@example.com,brazil,Home Appliances,Vacuum Cleaner,5.0,$211.47,0.0,43.3,CARD,cancelled,m,8.0,2.0,J. Eze,
1094,ORD-11278,10/13/2023,"Okon, Femi",femi.okon@example.com,USA,Fashion,Jacket,1.0,$194.58,0.15,31.47,Cash,Delivered,Female,27.0,5.0,G. Ibe,
1095,ORD-10083,2025-10-13,"Johnson, Chidi",chidi.johnson@example.com,NIGERIA,Groceries,Sugar 1kg,1.0,$24.33,0.2,25.72,bank transfer,DELIVERED,m,27.0,1.0,G. Ibe,
1096,ORD-10513,30-Oct-2023,"Nwosu, Tunde",tunde.nwosu@example.com,UAE,Fashion,T-Shirt,9.0,$128.52,0.0,20.24,pos,Delivered,F,24.0,3.0,C. Adeyemi,
1097,ORD-11166,2023-10-02,  Mary Khan  ,mary.khan@example.com,india,Electronics,Tablet,11.0,$175.81,0.25,40.27,Cash,shipped,f,22.0,4.0,D. Bello,Bulk order discount applied
1098,ORD-10930,2024/08/02,peter chukwu,peter.chukwu@example.com,canada,Groceries,Rice 5kg,2.0,$27.59,0.05,4.85,cash,Delivered,F,45.0,4.0,D. Bello,Left at door
1099,ORD-11251,26-Jan-2023,Peter Williams,peter.williams@example.com,india,Furniture,Study Desk,8.0,$468.59,0.0,3.81,Mobile Money,pending,Female,27.0,5.0,F. Chukwu,Left at door
1100,ORD-10011,26-May-2025,Femi Eze,femi.eze@example.com,Kenya,Fashion,Sneakers,7.0,$144.31,0.2,14.74,cash,Returned,m,31.0,4.0,B. Musa,Left at door
1101,ORD-10832,06-Jun-2023,  Chidi Okon  ,chidi.okon@example.com,Canada,Groceries,Rice 5kg,1.0,$11.68,0.2,34.3,mobile money,Pending,,30.0,3.0,B. Musa,
1102,ORD-10033,2024-09-20,Michael Ibe,michael.ibe@example.com,kenya,Groceries,Rice 5kg,4.0,$22.13,0.0,24.95,cash,Cancelled,f,45.0,5.0,F. Chukwu,
1103,ORD-10414,2023/10/08,ngozi williams,ngozi.williams@example.com,canada,Home Appliances,Blender,9.0,$244.27,0.05,32.46,POS,CANCELLED,F,,2.0,G. Ibe,Left at door
1104,ORD-10581,2025-06-14,BOLA OKAFOR,bola.okafor@example.com,ghana,Electronics,Smartphone,10.0,$832.28,0.1,16.53,card,Delivered,MALE,48.0,4.0,B. Musa,Left at door
1105,ORD-11184,2023-06-21,EMEKA BROWN,emeka.brown@example.com,GERMANY,Home Appliances,Blender,8.0,$126.42,0.1,33.9,mobile money,cancelled,m,51.0,5.0,F. Chukwu,
1106,ORD-11454,2024/05/30,"Garcia, Bola",bola.garcia@example.com,nigeria,Furniture,Office Chair,11.0,$327.24,0.25,1.13,card,returned,M,33.0,,G. Ibe,
1107,ORD-10615,04/23/2024,zainab eze,zainab.eze@example.com,USA,Groceries,Cooking Oil 2L,6.0,$29.29,0.2,18.03,CARD,CANCELLED,FEMALE,,3.0,A. Okafor,Left at door
1108,ORD-11046,13/09/2023,Peter Ibe,peter.ibe@example.com,U.A.E,Groceries,Sugar 1kg,8.0,$15.96,0.0,39.53,Cash,Cancelled,F,34.0,3.0,I. Nwosu,Customer requested gift wrap
1109,ORD-11015,2025/01/12,EMEKA JOHNSON,emeka.johnson@example.com,KENYA,Books,Novel,3.0,$32.40,0.15,8.39,cash,pending,Female,19.0,5.0,B. Musa,Left at door
1110,ORD-10090,2023/09/22,  Ibrahim Nwosu  ,ibrahim.nwosu@example.com,U.K.,Fashion,Jeans,7.0,$191.21,0.0,36.63,Bank Transfer,delivered,F,48.0,5.0,C. Adeyemi,Customer requested gift wrap
1111,ORD-11300,04-Dec-2024,  Segun Yusuf  ,segun.yusuf@example.com,germany,Home Appliances,Vacuum Cleaner,4.0,$316.22,0.25,24.25,Mobile Money,pending,Female,34.0,1.0,C. Adeyemi,
1112,ORD-10602,10/04/2023,  Sarah Adeyemi  ,sarah.adeyemi@example.com,India,Groceries,Sugar 1kg,10.0,$16.94,0.2,26.09,Card,pending,Female,28.0,2.0,J. Eze,
1113,ORD-10134,2025-09-23,"Yusuf, Chidi",chidi.yusuf@example.com,KENYA,Home Appliances,Electric Kettle,1.0,$82.79,0.2,42.5,card,delivered,f,16.0,2.0,I. Nwosu,
1114,ORD-10556,2025-07-13,CHIOMA CHUKWU,chioma.chukwu@example.com,Canada,Electronics,Smartphone,1.0,$474.14,0.0,42.72,cash,delivered,MALE,18.0,1.0,C. Adeyemi,Customer requested gift wrap
1115,ORD-11032,08/11/2024,PETER BROWN,peter.brown@example.com,kenya,Books,Notebook Pack,10.0,$20.04,0.0,26.42,Bank Transfer,pending,,31.0,3.0,B. Musa,Customer requested gift wrap
1116,ORD-11198,2024-05-11,SARAH KHAN,sarah.khan@example.com,france,Groceries,Tea Box,3.0,$29.40,0.2,18.3,bank transfer,CANCELLED,,28.0,1.0,J. Eze,Left at door
1117,ORD-10321,2024-05-23,"Musa, Ibrahim",ibrahim.musa@example.com,KENYA,Groceries,Tea Box,9.0,$39.08,,3.71,Mobile Money,Delivered,M,41.0,5.0,A. Okafor,
1118,ORD-10613,04/01/2025,Michael Yusuf,michael.yusuf@example.com,Canada,Groceries,Spaghetti Pack,9.0,$25.95,0.0,17.25,Bank Transfer,pending,m,35.0,3.0,A. Okafor,
1119,ORD-11327,09/05/2024,Sarah Nwosu,,UK,Furniture,Office Chair,4.0,$290.53,0.2,37.33,Mobile Money,cancelled,FEMALE,29.0,3.0,D. Bello,
1120,ORD-10635,2023-06-13,"Garcia, Sarah",sarah.garcia@example.com,S. Africa,Books,Journal,0.0,$57.12,0.25,16.11,CARD,Pending,male,28.0,2.0,F. Chukwu,
1121,ORD-10553,2024/12/04,Linda Adeyemi,linda.adeyemi@example.com,INDIA,Furniture,Study Desk,3.0,$129.11,0.25,6.35,Bank Transfer,Pending,MALE,33.0,5.0,J. Eze,Customer requested gift wrap
1122,ORD-11056,06/30/2024,ngozi johnson,ngozi.johnson@example.com,england,Groceries,Sugar 1kg,1.0,$11.85,0.0,41.4,mobile money,shipped,f,27.0,3.0,G. Ibe,
1123,ORD-11191,2023-08-14,  Femi Brown  ,femi.brown@example.com,Germany,Home Appliances,Electric Kettle,6.0,$50.32,1.5,15.86,Cash,DELIVERED,MALE,29.0,,H. Yusuf,
1124,ORD-10797,2025-03-27,peter nwosu,peter.nwosu@example.com,canada,Books,Textbook,3.0,$42.87,0.1,,bank transfer,CANCELLED,male,20.0,2.0,G. Ibe,
1125,ORD-11275,20/07/2023,David Khan,david.khan@example.com,NIGERIA,Groceries,Tea Box,2.0,$10.33,0.05,20.91,POS,Pending,F,28.0,5.0,A. Okafor,
1126,ORD-11307,07/06/2025,LINDA EZE,linda.eze@example.com,Deutschland,Home Appliances,Electric Kettle,1.0,$280.91,,22.61,Card,Shipped,M,52.0,2.0,H. Yusuf,
1127,ORD-10175,09/06/2024,tunde musa,tunde.musa@example.com,kenya,Furniture,Bookshelf,9.0,$458.10,0.05,5.65,Card,Delivered,f,15.0,5.0,J. Eze,
1128,ORD-10767,07/07/2025,Amaka Nwosu,amaka.nwosu@example.com,kenya,Books,Journal,8.0,$59.62,0.0,13.81,card,Shipped,M,23.0,2.0,E. Okon,
1129,ORD-10246,2024-02-04,Ade Johnson,ade.johnson@example.com,united states,Books,Textbook,7.0,$51.94,0.0,2.29,POS,delivered,MALE,44.0,3.0,B. Musa,
1130,ORD-11081,2025-11-10,"Yusuf, David",david.yusuf@example.com,,Home Appliances,Vacuum Cleaner,7.0,$118.14,0.25,43.08,card,returned,F,35.0,,F. Chukwu,Customer requested gift wrap
1131,ORD-11326,11/18/2025,JOHN SMITH,john.smith@example.com,India,Books,Journal,9.0,$13.89,0.1,36.63,Mobile Money,Returned,Male,32.0,,G. Ibe,Called before delivery
1132,ORD-10146,2025/09/08,  Ibrahim Brown  ,ibrahim.brown@example.com,S. Africa,Groceries,Cooking Oil 2L,11.0,$24.39,0.15,15.49,card,Delivered,MALE,38.0,,I. Nwosu,Fragile item
1133,ORD-10091,01/25/2025,peter williams,peter.williams@example.com,united states,Electronics,Headphones,5.0,$952.28,0.25,38.41,pos,delivered,female,33.0,1.0,E. Okon,Fragile item
1134,ORD-10683,2025-05-10,  Linda Musa  ,linda.musa@example.com,canada,Electronics,Headphones,4.0,$256.55,0.2,7.97,CARD,cancelled,female,25.0,4.0,G. Ibe,
1135,ORD-10311,11/14/2023,chioma musa,chioma.musa@example.com,France,Groceries,Cooking Oil 2L,11.0,$13.52,0.1,34.8,mobile money,Returned,female,22.0,1.0,I. Nwosu,Left at door
1136,ORD-10094,07/24/2023,IBRAHIM SMITH,ibrahim.smith@example.com,France,Fashion,Sneakers,8.0,$203.01,0.0,7.28,POS,returned,female,42.0,4.0,A. Okafor,Called before delivery
1137,ORD-11200,19-Dec-2024,TUNDE WILLIAMS,tunde.williams@example.com,UAE,Fashion,Jeans,4.0,$110.10,0.0,26.94,CARD,Delivered,FEMALE,10.0,2.0,I. Nwosu,Customer requested gift wrap
1138,ORD-10925,08/02/2023,  Zainab Williams  ,zainab.williams@example.com,Ghana,Groceries,Sugar 1kg,1.0,$5.00,0.05,42.64,Bank Transfer,Returned,F,52.0,5.0,E. Okon,
1139,ORD-11293,19-Feb-2024,Zainab Smith,zainab.smith@example.com,Brazil,Home Appliances,Microwave,4.0,$243.11,0.1,42.04,cash,Pending,f,24.0,5.0,I. Nwosu,Called before delivery
1140,ORD-11036,2025/09/27,  Ade Nwosu  ,ade.nwosu@example.com,NIGERIA,Books,Notebook Pack,4.0,$34.06,0.0,4.13,bank transfer,Delivered,,43.0,,A. Okafor,
1141,ORD-10244,01/12/2025,Zainab Adeyemi,zainab.adeyemi@example.com,brazil,Groceries,Rice 5kg,5.0,$22.01,0.05,16.84,Bank Transfer,Shipped,,51.0,,G. Ibe,Left at door
1142,ORD-11112,2024/08/30,Ibrahim Garcia,ibrahim.garcia@example.com,Canada,Fashion,T-Shirt,3.0,$76.49,0.0,22.21,card,Cancelled,Female,50.0,5.0,C. Adeyemi,Left at door
1143,ORD-10215,17-Mar-2025,Zainab Khan,zainab.khan@example.com,United Kingdom,Furniture,Sofa,9.0,$487.74,0.1,39.64,cash,cancelled,FEMALE,33.0,4.0,B. Musa,Called before delivery
1144,ORD-10999,07/09/2025,"Adeyemi, Zainab",zainab.adeyemi@example.com,U.K.,Books,Novel,2.0,$59.86,0.2,25.64,Bank Transfer,delivered,M,47.0,4.0,F. Chukwu,
1145,ORD-10854,08/14/2024,"Okafor, Sarah",sarah.okafor@example.com,Canada,Furniture,Office Chair,2.0,$743.86,0.0,10.54,mobile money,Delivered,m,27.0,1.0,C. Adeyemi,
1146,ORD-10426,2024/07/07,femi okon,femi.okon@example.com,Ghana,Groceries,Tea Box,4.0,$17.98,0.0,19.01,mobile money,Cancelled,Female,55.0,2.0,A. Okafor,Fragile item
1147,ORD-11345,29/12/2023,  Ibrahim Adeyemi  ,ibrahim.adeyemi@example.com,Nigeria,Groceries,Spaghetti Pack,10.0,$12.83,0.0,36.15,CARD,CANCELLED,FEMALE,29.0,4.0,F. Chukwu,Bulk order discount applied
1148,ORD-11143,20/05/2025,  Sarah Yusuf  ,sarah.yusuf@example.com,UAE,Home Appliances,Vacuum Cleaner,-4.0,$329.23,0.2,40.68,bank transfer,Pending,F,35.0,1.0,G. Ibe,Left at door
1149,ORD-11144,05/22/2023,  Mary Smith  ,mary.smith@example.com,ghana,Groceries,Cooking Oil 2L,9.0,$23.79,0.0,35.38,cash,Delivered,male,167.0,1.0,I. Nwosu,Left at door
1150,ORD-10227,01/09/2024,  Chioma Okafor  ,,United Arab Emirates,Furniture,Sofa,2.0,$851.39,0.25,15.43,Mobile Money,cancelled,F,31.0,1.0,D. Bello,Customer requested gift wrap
1151,ORD-11248,2025-03-13,CHIDI YUSUF,chidi.yusuf@example.com,germany,Furniture,Dining Table,11.0,124.99,0.0,15.09,Bank Transfer,Cancelled,FEMALE,31.0,,A. Okafor,Left at door
1152,ORD-10001,2023-04-08,"Nwosu, Ade",ade.nwosu@example.com,germany,Furniture,Office Chair,6.0,$371.47,0.25,34.11,mobile money,shipped,m,33.0,3.0,G. Ibe,
1153,ORD-10402,2024/08/08,segun brown,segun.brown@example.com,germany,Books,Textbook,6.0,$34.27,0.25,15.82,POS,Delivered,MALE,22.0,,H. Yusuf,
1154,ORD-11104,25/11/2024,tunde adeyemi,tunde.adeyemi@example.com,KENYA,Groceries,Rice 5kg,-9.0,$26.83,0.15,32.58,POS,Cancelled,Male,22.0,5.0,B. Musa,Customer requested gift wrap
1155,ORD-10085,02/10/2023,Zainab Okafor,zainab.okafor@example.com,ghana,Books,Journal,11.0,$50.07,0.1,12.47,CARD,delivered,female,25.0,,J. Eze,Left at door
1156,ORD-10163,2024/01/19,CHIDI MUSA,chidimusaAT example dot com,nigeria,Books,Cookbook,11.0,$7.53,0.25,19.63,POS,Returned,Female,26.0,1.0,J. Eze,
1157,ORD-10115,2024-08-01,YETUNDE CHUKWU,yetunde.chukwu@example.com,france,Books,Cookbook,7.0,$42.69,0.0,31.44,card,cancelled,,27.0,1.0,G. Ibe,Fragile item
1158,ORD-10671,2023/01/06,Peter Brown,peter.brown@example.com,CANADA,Fashion,Jacket,2.0,$24.50,0.0,28.39,POS,shipped,FEMALE,16.0,5.0,C. Adeyemi,
1159,ORD-11168,2024/07/06,Sarah Musa,sarah.musa@example.com,south africa,Books,Textbook,7.0,$8.92,0.15,31.01,card,Shipped,F,36.0,,E. Okon,Left at door
1160,ORD-10890,27-Dec-2025,  Amaka Yusuf  ,amaka.yusuf@example.com,U.A.E,Groceries,Rice 5kg,6.0,$19.11,0.1,1.3,cash,delivered,M,28.0,4.0,J. Eze,
1161,ORD-10626,2024-02-27,PETER MUSA,peter.musa@example.com,NIGERIA,Furniture,Sofa,6.0,$489.36,0.0,35.83,Bank Transfer,returned,M,23.0,2.0,E. Okon,Fragile item
1162,ORD-11497,2025/08/08,SARAH NWOSU,sarah.nwosu@example.com,Ghana,Fashion,T-Shirt,8.0,$47.94,0.0,37.94,Mobile Money,Delivered,Female,40.0,4.0,J. Eze,
1163,ORD-10953,2024/02/07,"Adeyemi, Amaka",amaka.adeyemi@example.com,France,Books,Novel,5.0,$23.37,0.0,36.2,Cash,Delivered,M,32.0,1.0,F. Chukwu,Fragile item
1164,ORD-10808,2024/10/18,"Chukwu, Halima",halima.chukwu@example.com,Brazil,Furniture,Office Chair,6.0,$61.25,0.05,17.82,Bank Transfer,DELIVERED,F,41.0,4.0,G. Ibe,Bulk order discount applied
1165,ORD-10259,2024-05-13,GRACE BELLO,grace.bello@example.com,Germany,Electronics,Laptop,6.0,"$1,076.79",0.25,14.72,Cash,Delivered,female,34.0,5.0,G. Ibe,
1166,ORD-10625,2025-08-06,John Okon,john.okon@example.com,S. Africa,Fashion,T-Shirt,8.0,$112.92,0.0,40.77,bank transfer,shipped,f,27.0,3.0,E. Okon,
1167,ORD-10827,2025/06/01,NGOZI MUSA,ngozi.musa@example.com,UK,Fashion,Handbag,5.0,$142.63,0.0,42.6,cash,Returned,female,40.0,4.0,H. Yusuf,
1168,ORD-10235,2024/09/19,"Nwosu, Femi",femi.nwosu@example.com,india,Home Appliances,Blender,1.0,$79.94,0.15,25.83,POS,Returned,MALE,50.0,5.0,B. Musa,Customer requested gift wrap
1169,ORD-10136,20/12/2025,"Adeyemi, Michael",michael.adeyemi@example.com,,Electronics,Tablet,1.0,$336.10,0.05,7.76,pos,Returned,MALE,22.0,,H. Yusuf,
1170,ORD-10617,11/23/2025,David Johnson,david.johnson@example.com,Ghana,Electronics,Monitor,0.0,"$1,386.34",0.0,17.15,mobile money,DELIVERED,Female,27.0,,A. Okafor,Fragile item
1171,ORD-10837,2025/08/29,John Chukwu,,brazil,Electronics,Headphones,5.0,$137.37,0.0,36.86,CARD,DELIVERED,f,29.0,1.0,D. Bello,
1172,ORD-10843,09-Jul-2024,  Sarah Eze  ,sarah.eze@example.com,Deutschland,Books,Novel,4.0,$49.15,0.25,40.13,POS,DELIVERED,Male,38.0,,B. Musa,Left at door
1173,ORD-10960,22-Apr-2025,Bola Smith,bola.smith@example.com,France,Home Appliances,Electric Kettle,10.0,$28.10,0.0,6.51,CARD,pending,M,17.0,4.0,A. Okafor,Bulk order discount applied
1174,ORD-10593,05/01/2025,"Bello, Emeka",emeka.bello@example.com,US,Fashion,Jacket,5.0,$212.21,0.1,4.11,Cash,pending,FEMALE,48.0,,I. Nwosu,Left at door
1175,ORD-10344,2023/04/27,grace smith,grace.smith@example.com,brazil,Fashion,Sneakers,-3.0,$203.37,0.2,15.81,pos,delivered,MALE,41.0,5.0,C. Adeyemi,
1176,ORD-11264,13-Aug-2023,sarah williams,sarah.williams@example.com,Kenya,Home Appliances,Electric Kettle,9.0,$217.19,0.0,6.29,Bank Transfer,CANCELLED,female,36.0,,C. Adeyemi,Bulk order discount applied
1177,ORD-10294,2025/12/08,CHIDI BROWN,chidi.brown@example.com,india,Home Appliances,Electric Kettle,3.0,$248.86,0.1,32.8,Mobile Money,Pending,female,38.0,5.0,B. Musa,Fragile item
1178,ORD-10365,2025-07-10,"Yusuf, Yetunde",yetunde.yusuf@example.com,Deutschland,Groceries,Sugar 1kg,4.0,$13.18,0.25,6.73,CARD,Shipped,FEMALE,23.0,4.0,H. Yusuf,Bulk order discount applied
1179,ORD-10179,20-Dec-2025,"Yusuf, Chioma",chioma.yusuf@example.com,ghana,Groceries,Sugar 1kg,3.0,$35.26,0.0,43.09,Mobile Money,shipped,male,34.0,4.0,F. Chukwu,Customer requested gift wrap
1180,ORD-10660,24-Nov-2025,MARY CHUKWU,mary.chukwu@example.com,U.S.A,Groceries,Spaghetti Pack,4.0,$11.33,0.2,6.29,Bank Transfer,Shipped,Male,25.0,5.0,I. Nwosu,Fragile item
1181,ORD-10997,2024/01/04,MARY CHUKWU,mary.chukwu@example.com, Nigeria,Electronics,Tablet,6.0,$460.40,0.0,12.28,pos,Pending,MALE,30.0,2.0,A. Okafor,Called before delivery
1182,ORD-10015,01/15/2025,Michael Williams,michael.williams@example.com,ghana,Electronics,Smartphone,9.0,$87.71,0.0,37.71,Cash,delivered,F,49.0,5.0,J. Eze,Customer requested gift wrap
1183,ORD-11111,07/24/2024,"Khan, Linda",lindakhanAT example dot com,GERMANY,Home Appliances,Vacuum Cleaner,-8.0,$167.05,0.05,8.86,bank transfer,Delivered,M,42.0,1.0,F. Chukwu,Left at door
1184,ORD-10166,2024/07/22,grace yusuf,grace.yusuf@example.com,UAE,Home Appliances,Electric Kettle,5.0,$349.91,0.15,22.79,CARD,Returned,Female,48.0,4.0,D. Bello,
1185,ORD-11437,05-Nov-2025,peter garcia,peter.garcia@example.com,US,Groceries,Cooking Oil 2L,3.0,$3.46,0.15,39.68,pos,Cancelled,f,47.0,5.0,D. Bello,
1186,ORD-10060,2023-01-30,peter chukwu,peter.chukwu@example.com,germany,Books,Notebook Pack,9.0,$54.66,0.0,3.21,cash,shipped,F,36.0,2.0,D. Bello,Left at door
1187,ORD-10710,10/04/2024,  Kunle Okafor  ,kunle.okafor@example.com,Brazil,Books,Textbook,7.0,$29.83,0.0,32.9,POS,returned,Male,26.0,2.0,H. Yusuf,Called before delivery
1188,ORD-10677,04-Jul-2025,bola smith,bola.smith@example.com,Kenya,Fashion,Jeans,6.0,$118.81,0.0,19.59,pos,Delivered,female,27.0,1.0,B. Musa,
1189,ORD-10781,30-Sep-2024,"Eze, Ngozi",ngozi.eze@example.com,Deutschland,Books,Notebook Pack,6.0,$12.02,0.0,8.92,CARD,returned,Female,32.0,2.0,A. Okafor,Called before delivery
1190,ORD-10425,,"Chukwu, Kunle",kunle.chukwu@example.com,Ghana,Books,Journal,7.0,$22.75,0.1,38.16,Bank Transfer,Shipped,M,30.0,3.0,F. Chukwu,
1191,ORD-10293,17-Jun-2025,KUNLE NWOSU,kunle.nwosu@example.com,France,Furniture,Office Chair,-3.0,$462.15,0.1,17.07,card,Shipped,f,51.0,,G. Ibe,Customer requested gift wrap
1192,ORD-11066,30-Jul-2025,Sarah Musa,sarah.musa@example.com,France,Groceries,Rice 5kg,2.0,6.27,0.15,32.75,pos,shipped,Female,27.0,4.0,C. Adeyemi,
1193,ORD-11368,11/10/2024,"Eze, Chidi",chidi.eze@example.com,Kenya,Books,Cookbook,7.0,$27.68,0.1,0.55,cash,shipped,,33.0,3.0,B. Musa,
1194,ORD-10330,15/07/2025,FEMI SMITH,femi.smith@example.com,france,Home Appliances,Electric Kettle,6.0,$82.27,0.0,17.27,CARD,returned,female,30.0,4.0,J. Eze,
1195,ORD-10430,2025/10/08,KUNLE JOHNSON,kunle.johnson@example.com,UAE,Books,Journal,2.0,$21.30,0.25,23.06,bank transfer,Pending,f,34.0,3.0,C. Adeyemi,Left at door
1196,ORD-11013,02-Sep-2023,"Yusuf, Ade",ade.yusuf@example.com,Brazil,Electronics,Headphones,8.0,$301.05,0.15,7.47,card,cancelled,Female,24.0,2.0,E. Okon,
1197,ORD-10080,2024/04/14,  Grace Johnson  ,grace.johnson@example.com,united states,Electronics,Tablet,7.0,$174.29,0.2,22.53,POS,Delivered,MALE,44.0,3.0,C. Adeyemi,
1198,ORD-11053,2023-01-29,  Emeka Okon  ,emeka.okon@example.com,south africa,Fashion,T-Shirt,6.0,$83.88,0.0,38.32,POS,Delivered,Male,45.0,4.0,C. Adeyemi,Left at door
1199,ORD-10938,2023-07-02,CHIOMA OKON,chiomaokonAT example dot com,KENYA,Electronics,Smartwatch,4.0,"$1,181.44",0.2,17.51,pos,CANCELLED,M,51.0,4.0,A. Okafor,Left at door
1200,ORD-10835,06/05/2025,  Sarah Nwosu  ,sarah.nwosu@example.com,Brazil,Fashion,T-Shirt,5.0,$215.53,0.0,35.97,Bank Transfer,pending,m,18.0,,G. Ibe,
1201,ORD-10750,2024-05-24,  Ngozi Williams  ,ngozi.williams@example.com,ghana,Furniture,Study Desk,7.0,$879.76,0.0,0.69,bank transfer,Pending,Male,49.0,5.0,J. Eze,Bulk order discount applied
1202,ORD-10891,2025-01-30,  Halima Bello  ,halima.bello@example.com,USA,Groceries,Sugar 1kg,9.0,$3.51,0.15,16.47,CARD,delivered,MALE,33.0,,F. Chukwu,Customer requested gift wrap
1203,ORD-10255,2025/12/13,  Sarah Adeyemi  ,sarah.adeyemi@example.com,CANADA,Fashion,T-Shirt,1.0,192.78,0.1,8.52,Card,Pending,MALE,32.0,4.0,B. Musa,Bulk order discount applied
1204,ORD-11324,03-Aug-2023,  Mary Chukwu  ,,Nigeria,Furniture,Dining Table,4.0,$616.37,0.15,26.16,cash,Delivered,m,39.0,4.0,D. Bello,Called before delivery
1205,ORD-11496,03/01/2024,  Chioma Adeyemi  ,chioma.adeyemi@example.com,brazil,Furniture,Study Desk,4.0,$794.00,0.0,24.76,Bank Transfer,CANCELLED,female,19.0,1.0,E. Okon,Called before delivery
1206,ORD-11109,14/04/2024,Amaka Nwosu,amaka.nwosu@example.com,canada,Electronics,Headphones,6.0,"$1,385.53",0.05,37.66,bank transfer,cancelled,f,28.0,2.0,I. Nwosu,Customer requested gift wrap
1207,ORD-10137,09/06/2025,ibrahim nwosu,ibrahim.nwosu@example.com,UAE,Groceries,Rice 5kg,3.0,$15.49,0.25,19.91,Bank Transfer,Pending,m,27.0,2.0,F. Chukwu,
1208,ORD-11136,03-May-2025,Michael Okon,michael.okon@example.com,France,Books,Notebook Pack,7.0,$6.83,0.25,24.42,mobile money,Delivered,Male,21.0,,A. Okafor,
1209,ORD-10853,2025/09/26,segun okon,segun.okon@example.com,england,Books,Textbook,11.0,$6.88,0.25,41.56,pos,shipped,FEMALE,33.0,5.0,G. Ibe,Called before delivery
1210,ORD-11203,2025/07/13,ibrahim garcia,ibrahim.garcia@example.com,india,Groceries,Sugar 1kg,7.0,20.61,0.05,34.83,Cash,cancelled,MALE,56.0,4.0,B. Musa,Bulk order discount applied
1211,ORD-10724,2025/01/31,Zainab Okafor,zainab.okafor@example.com,canada,Groceries,Spaghetti Pack,9.0,$23.09,0.0,32.65,bank transfer,returned,MALE,40.0,1.0,I. Nwosu,
1212,ORD-10860,2023-05-08,yetunde adeyemi,yetunde.adeyemi@example.com,Canada,Groceries,Sugar 1kg,4.0,$20.80,0.25,24.33,bank transfer,Returned,male,36.0,1.0,G. Ibe,Called before delivery
1213,ORD-10970,07-Aug-2025,BOLA MUSA,,CANADA,Fashion,Jacket,5.0,$70.72,0.25,8.41,Card,cancelled,FEMALE,40.0,1.0,A. Okafor,Customer requested gift wrap
1214,ORD-10497,01/02/2025,CHIOMA ADEYEMI,chioma.adeyemi@example.com,South Africa,Books,Journal,10.0,$31.55,0.25,8.78,bank transfer,cancelled,f,44.0,5.0,D. Bello,
1215,ORD-10951,2025-01-13,  Bola Garcia  ,,S. Africa,Books,Novel,9.0,$34.17,0.25,9.42,CARD,Cancelled,MALE,41.0,1.0,G. Ibe,
1216,ORD-10806,2024/02/18,  Chidi Adeyemi  ,chidi.adeyemi@example.com,U.A.E,Home Appliances,Electric Kettle,11.0,$138.18,0.1,26.79,Card,cancelled,MALE,40.0,2.0,H. Yusuf,
1217,ORD-10130,2023/05/31,femi eze,femi.eze@example.com,USA,Groceries,Spaghetti Pack,5.0,$29.47,0.05,13.06,pos,DELIVERED,F,31.0,4.0,D. Bello,Bulk order discount applied
1218,ORD-10338,14-Jan-2025,PETER WILLIAMS,peter.williams@example.com,UAE,Electronics,Smartphone,,$94.30,0.15,37.82,POS,DELIVERED,F,39.0,4.0,E. Okon,Customer requested gift wrap
1219,ORD-11169,2025-05-06,Linda Khan,linda.khan@example.com,KENYA,Furniture,Sofa,9.0,$600.48,0.05,42.54,Cash,Shipped,female,35.0,3.0,I. Nwosu,Duplicate entry - re-keyed
1220,ORD-10609,2024-02-07,john okafor,john.okafor@example.com,Nigeria,Groceries,Tea Box,4.0,$35.34,0.1,41.4,cash,delivered,female,28.0,,B. Musa,Fragile item
1221,ORD-11149,10/07/2023,  Zainab Bello  ,zainab.bello@example.com,brazil,Fashion,Handbag,10.0,$136.13,0.1,20.55,CARD,shipped,female,33.0,5.0,D. Bello,
1222,ORD-10196,02/28/2023,amaka johnson,amaka.johnson@example.com,Canada,Furniture,Study Desk,11.0,$795.71,0.2,20.92,card,shipped,Female,17.0,1.0,J. Eze,Customer requested gift wrap
1223,ORD-10308,10/14/2024,EMEKA BROWN,emeka.brown@example.com,France,Electronics,Tablet,4.0,123.32,0.1,29.8,mobile money,Cancelled,female,23.0,5.0,B. Musa,Bulk order discount applied
1224,ORD-10910,2023-12-07,"Johnson, Ngozi",ngozi.johnson@example.com,Britain,Fashion,Jacket,4.0,$141.20,0.1,24.82,mobile money,delivered,m,36.0,3.0,H. Yusuf,Bulk order discount applied
1225,ORD-10585,12-Jul-2023,Linda Chukwu,linda.chukwu@example.com,Ghana,Furniture,Bookshelf,1.0,327.54,,21.16,bank transfer,cancelled,m,,1.0,D. Bello,Fragile item
1226,ORD-10104,04-May-2024,ibrahim okon,ibrahim.okon@example.com,brazil,Electronics,Laptop,8.0,$952.74,0.0,18.44,card,delivered,F,44.0,5.0,F. Chukwu,
1227,ORD-11415,11/02/2024,chidi brown,,CANADA,Fashion,T-Shirt,3.0,$50.95,0.15,3.6,Bank Transfer,Cancelled,F,43.0,,C. Adeyemi,Fragile item
1228,ORD-11429,2025-03-10,IBRAHIM OKAFOR,ibrahim.okafor@example.com,South Africa,Fashion,Jacket,9.0,$29.22,0.1,37.46,bank transfer,cancelled,m,34.0,1.0,B. Musa,
1229,ORD-10720,22/11/2025,  Bola Eze  ,bola.eze@example.com,ghana,Furniture,Dining Table,5.0,$486.59,0.25,4.38,Card,CANCELLED,FEMALE,30.0,2.0,H. Yusuf,Bulk order discount applied
1230,ORD-10885,2023-06-23,"Musa, Segun",segun.musa@example.com,Nigeria,Furniture,Bookshelf,4.0,402.25,0.15,33.28,pos,shipped,female,45.0,,C. Adeyemi,Fragile item
1231,ORD-10777,2024/07/02,SARAH KHAN,sarah.khan@example.com,U.S.A,Furniture,Dining Table,11.0,347.62,0.2,18.39,Mobile Money,delivered,FEMALE,19.0,4.0,G. Ibe,Fragile item
1232,ORD-10850,08-May-2023,Peter Khan,peter.khan@example.com,United Kingdom,Electronics,Headphones,1.0,$380.09,0.0,22.82,Bank Transfer,DELIVERED,FEMALE,15.0,3.0,C. Adeyemi,Fragile item
1233,ORD-10895,24/01/2025,"Bello, Ibrahim",ibrahim.bello@example.com,Germany,Groceries,Cooking Oil 2L,4.0,$3.74,0.25,17.43,Cash,delivered,male,31.0,,E. Okon,Bulk order discount applied
1234,ORD-10228,15-May-2023,  Linda Adeyemi  ,linda.adeyemi@example.com,France,Home Appliances,Microwave,6.0,$228.19,0.0,1.56,Bank Transfer,Cancelled,MALE,15.0,1.0,B. Musa,Left at door
1235,ORD-11439,18/07/2024,Kunle Eze,kunle.eze@example.com,england,Fashion,Handbag,4.0,$157.47,0.0,10.67,pos,Delivered,f,39.0,3.0,A. Okafor,Bulk order discount applied
1236,ORD-10127,02/05/2025,"Chukwu, Tunde",tunde.chukwu@example.com,United Arab Emirates,Furniture,Sofa,6.0,$878.97,0.25,32.27,Card,cancelled,Female,39.0,4.0,H. Yusuf,Left at door
1237,ORD-10406,2023/07/14,  John Garcia  ,john.garcia@example.com,united states,Home Appliances,Air Fryer,2.0,$49.03,0.0,8.04,POS,Shipped,Male,25.0,2.0,F. Chukwu,Fragile item
1238,ORD-10776,05/07/2024,linda okafor,linda.okafor@example.com,U.K.,Fashion,Jeans,2.0,$72.67,0.0,7.67,Cash,shipped,FEMALE,37.0,4.0,B. Musa,
1239,ORD-10822,03/16/2025,  Chidi Smith  ,chidi.smith@example.com,Brazil,Groceries,Rice 5kg,7.0,$39.06,0.0,22.68,cash,Cancelled,female,15.0,2.0,G. Ibe,Customer requested gift wrap
1240,ORD-10712,01-Feb-2024,"Ibe, Halima",halima.ibe@example.com,brazil,Electronics,Laptop,9.0,"$1,392.79",0.05,31.55,Cash,Pending,Female,38.0,,D. Bello,Left at door
1241,ORD-11443,01/13/2023,grace williams,grace.williams@example.com,INDIA,Furniture,Sofa,2.0,$809.77,0.15,21.22,mobile money,pending,m,13.0,3.0,G. Ibe,Fragile item
1242,ORD-11061,2024/11/22,"Brown, Mary",mary.brown@example.com,brazil,Electronics,Smartwatch,10.0,$268.85,0.0,18.61,mobile money,Shipped,FEMALE,29.0,2.0,A. Okafor,Left at door
1243,ORD-11164,02/18/2025,peter ibe,peter.ibe@example.com,Kenya,Home Appliances,Vacuum Cleaner,4.0,$288.04,0.0,19.66,bank transfer,Shipped,female,21.0,2.0,F. Chukwu,Left at door
1244,ORD-10304,2024/05/06,  Chioma Bello  ,chioma.bello@example.com,Brazil,Furniture,Bookshelf,,$264.77,0.15,17.56,POS,returned,Female,50.0,5.0,H. Yusuf,Called before delivery
1245,ORD-10268,2024-01-29,  Peter Williams  ,peter.williams@example.com,Deutschland,Groceries,Spaghetti Pack,8.0,$38.42,0.0,22.91,cash,delivered,Male,36.0,1.0,E. Okon,
1246,ORD-10546,2025-11-05,  Segun Khan  ,segun.khan@example.com,Deutschland,Fashion,Jeans,5.0,$192.59,0.0,44.85,Card,shipped,Female,36.0,1.0,D. Bello,Called before delivery
1247,ORD-10213,2024/05/08,"Smith, Peter",peter.smith@example.com,United States,Electronics,Headphones,6.0,$923.08,0.0,3.9,pos,delivered,FEMALE,34.0,3.0,A. Okafor,Left at door
1248,ORD-10897,,  Zainab Chukwu  ,zainab.chukwu@example.com,GERMANY,Fashion,Sneakers,9.0,$200.70,1.5,30.94,Mobile Money,returned,Female,42.0,2.0,D. Bello,Bulk order discount applied
1249,ORD-11223,11/03/2024,yetunde yusuf,yetunde.yusuf@example.com,england,Books,Journal,5.0,$51.57,0.15,37.31,cash,returned,,38.0,5.0,E. Okon,Customer requested gift wrap
1250,ORD-10917,03-Mar-2025,FEMI MUSA,femi.musa@example.com,brazil,Books,Notebook Pack,11.0,$59.38,0.05,23.32,Cash,pending,MALE,40.0,2.0,C. Adeyemi,Left at door
1251,ORD-10676,2023/04/18,emeka garcia,emeka.garcia@example.com,south africa,Fashion,Handbag,8.0,$130.58,0.0,31.24,CARD,DELIVERED,FEMALE,49.0,,H. Yusuf,
1252,ORD-10815,2023-08-01,NGOZI BROWN,ngozi.brown@example.com,KENYA,Groceries,Rice 5kg,1.0,$19.60,0.05,,CARD,Shipped,MALE,55.0,5.0,E. Okon,
1253,ORD-10343,10/06/2025,"Eze, David",david.eze@example.com,brazil,Books,Textbook,4.0,$29.77,0.0,7.36,mobile money,DELIVERED,,41.0,4.0,F. Chukwu,Bulk order discount applied
1254,ORD-10550,01/02/2023,"Okon, Halima",halima.okon@example.com,U.A.E,Furniture,Bookshelf,5.0,$426.31,0.1,37.79,mobile money,CANCELLED,M,45.0,,G. Ibe,Called before delivery
1255,ORD-11215,10/16/2023,Michael Adeyemi,michael.adeyemi@example.com,S. Africa,Electronics,Smartphone,5.0,N/A,0.0,33.63,Mobile Money,Delivered,male,23.0,,G. Ibe,Customer requested gift wrap
1256,ORD-10967,18/12/2025,mary nwosu,mary.nwosu@example.com,S. Africa,Home Appliances,Vacuum Cleaner,5.0,$249.94,0.25,33.89,card,Delivered,FEMALE,41.0,3.0,J. Eze,Bulk order discount applied
1257,ORD-11231,16/08/2023,John Khan,,kenya,Furniture,Sofa,1.0,658.46,0.0,21.24,mobile money,Delivered,F,28.0,1.0,B. Musa,Called before delivery
1258,ORD-10296,,"Okon, Amaka",amaka.okon@example.com,france,Groceries,Rice 5kg,1.0,$21.26,0.0,34.34,card,cancelled,f,,3.0,F. Chukwu,Left at door
1259,ORD-10696,2024-03-02,grace okon,grace.okon@example.com,UAE,Furniture,Bookshelf,5.0,$105.72,0.1,23.2,Mobile Money,Pending,Female,37.0,4.0,A. Okafor,Left at door
1260,ORD-10074,2025-07-27,Amaka Nwosu,amaka.nwosu@example.com,India,Groceries,Spaghetti Pack,1.0,$14.46,0.1,11.55,POS,delivered,m,38.0,3.0,D. Bello,
1261,ORD-10606,09/18/2025,"Yusuf, Ngozi",ngozi.yusuf@example.com,U.K.,Fashion,Jacket,2.0,$110.66,0.05,7.86,Bank Transfer,delivered,MALE,30.0,3.0,E. Okon,Left at door
1262,ORD-10105,2023/01/13,Chidi Johnson,chidi.johnson@example.com,Brazil,Fashion,Jeans,3.0,$105.26,0.0,2.14,mobile money,cancelled,male,35.0,4.0,J. Eze,Left at door
1263,ORD-10646,2024/10/30,"Williams, David",david.williams@example.com,United Arab Emirates,Books,Notebook Pack,7.0,$53.86,0.0,0.16,cash,delivered,Male,49.0,5.0,A. Okafor,Customer requested gift wrap
1264,ORD-11500,2024-12-29,YETUNDE CHUKWU,yetunde.chukwu@example.com,UK,Home Appliances,Vacuum Cleaner,5.0,$35.71,0.15,23.74,Mobile Money,Pending,Female,11.0,2.0,B. Musa,Fragile item
1265,ORD-11041,2023/12/04,amaka smith,amaka.smith@example.com,United Kingdom,Groceries,Sugar 1kg,5.0,$19.30,0.05,8.12,pos,Cancelled,male,35.0,5.0,H. Yusuf,
1266,ORD-10440,2024/10/01,"Okon, Mary",mary.okon@example.com,United States,Fashion,Jeans,1.0,$55.46,0.0,9.82,CARD,DELIVERED,female,32.0,5.0,J. Eze,Customer requested gift wrap
1267,ORD-11020,05/16/2023,Emeka Johnson,emeka.johnson@example.com,United Kingdom,Groceries,Tea Box,8.0,38.57,0.0,40.13,Mobile Money,cancelled,male,45.0,1.0,D. Bello,Bulk order discount applied
1268,ORD-10092,07-Oct-2023,FEMI YUSUF,femi.yusuf@example.com,Ghana,Home Appliances,Vacuum Cleaner,10.0,$289.00,0.0,11.13,Bank Transfer,returned,M,49.0,,H. Yusuf,Left at door
1269,ORD-11113,2024/07/02,AMAKA ADEYEMI,amaka.adeyemi@example.com,Ghana,Groceries,Tea Box,10.0,$2.84,0.1,1.27,pos,Shipped,f,43.0,4.0,I. Nwosu,Left at door
1270,ORD-11341,24-Jan-2025,"Brown, Chidi",chidi.brown@example.com,S. Africa,Furniture,Sofa,3.0,$767.29,0.15,11.46,POS,Cancelled,female,,2.0,G. Ibe,Fragile item
1271,ORD-10909,2024-01-12,"Eze, Chidi",chidi.eze@example.com,U.S.A,Groceries,Tea Box,10.0,$3.19,0.2,18.97,bank transfer,pending,Male,31.0,2.0,J. Eze,Bulk order discount applied
1272,ORD-10103,04/22/2025,Halima Yusuf,halima.yusuf@example.com,kenya,Fashion,Jacket,4.0,$136.51,0.15,,bank transfer,shipped,male,34.0,3.0,G. Ibe,Called before delivery
1273,ORD-10239,20/10/2023,linda okon,linda.okon@example.com,germany,Books,Cookbook,9.0,$26.01,0.15,16.61,Cash,Shipped,FEMALE,36.0,2.0,C. Adeyemi,Left at door
1274,ORD-11304,2023-05-15,Segun Garcia,segun.garcia@example.com,Ghana,Books,Notebook Pack,1.0,$53.02,0.1,38.8,Mobile Money,cancelled,m,34.0,5.0,E. Okon,Customer requested gift wrap
1275,ORD-10943,27/04/2025,Sarah Okafor,sarah.okafor@example.com,UK,Books,Textbook,2.0,$24.48,0.2,17.39,CARD,Returned,MALE,2.0,5.0,H. Yusuf,Left at door
1276,ORD-11271,,Halima Bello,halima.bello@example.com,kenya,Books,Notebook Pack,5.0,$40.61,0.1,0.62,Card,shipped,female,,3.0,G. Ibe,Called before delivery
1277,ORD-10939,2023-10-07,"Bello, Yetunde",yetunde.bello@example.com,CANADA,Fashion,Jeans,11.0,$16.30,0.0,43.11,Card,delivered,Male,28.0,4.0,I. Nwosu,
1278,ORD-11182,09/15/2024,  Segun Brown  ,segun.brown@example.com,united states,Electronics,Smartwatch,2.0,$511.18,0.15,34.92,card,Cancelled,f,44.0,1.0,G. Ibe,Left at door
1279,ORD-10006,20-Oct-2023,amaka nwosu,amaka.nwosu@example.com,United Arab Emirates,Books,Novel,1.0,$55.38,0.1,14.27,Mobile Money,Shipped,m,33.0,,D. Bello,
1280,ORD-11389,2024/02/10,"Bello, Segun",segun.bello@example.com,,Home Appliances,Electric Kettle,4.0,$292.75,0.0,11.76,Cash,delivered,Female,35.0,5.0,J. Eze,
1281,ORD-10966,2023/05/31,amaka khan,amaka.khan@example.com,United Arab Emirates,Groceries,Cooking Oil 2L,1.0,$21.79,0.0,19.63,POS,shipped,female,44.0,5.0,I. Nwosu,Left at door
1282,ORD-10019,,"Ibe, Kunle",kunle.ibe@example.com,Deutschland,Furniture,Sofa,8.0,$891.87,0.0,40.82,CARD,pending,Female,42.0,1.0,B. Musa,Bulk order discount applied
1283,ORD-10122,28/02/2024,LINDA GARCIA,linda.garcia@example.com,Ghana,Groceries,Sugar 1kg,1.0,$31.62,0.05,42.81,cash,cancelled,female,34.0,,J. Eze,
1284,ORD-10662,2025/05/31,Bola Adeyemi,bola.adeyemi@example.com,south africa,Fashion,T-Shirt,7.0,$21.36,0.0,23.17,bank transfer,Delivered,F,52.0,1.0,C. Adeyemi,
1285,ORD-11292,03-Oct-2025,DAVID YUSUF,david.yusuf@example.com,south africa,Furniture,Dining Table,8.0,$486.40,0.15,31.91,Cash,Cancelled,Female,38.0,4.0,F. Chukwu,Fragile item
1286,ORD-10275,26-Apr-2024,JOHN KHAN,john.khan@example.com,S. Africa,Home Appliances,Air Fryer,3.0,$297.97,0.25,5.71,bank transfer,pending,M,16.0,5.0,F. Chukwu,Customer requested gift wrap
1287,ORD-10434,23-Oct-2023,Linda Musa,linda.musa@example.com,france,Home Appliances,Blender,1.0,$231.62,0.2,1.6,card,pending,Male,17.0,2.0,I. Nwosu,
1288,ORD-10812,26-Mar-2024,"Bello, Ade",ade.bello@example.com,kenya,Furniture,Office Chair,3.0,$593.78,0.05,38.8,pos,Returned,MALE,49.0,5.0,B. Musa,Bulk order discount applied
1289,ORD-11430,01/11/2024,"Okafor, Segun",segun.okafor@example.com,nigeria,Electronics,Tablet,4.0,$496.71,0.25,28.3,Cash,Cancelled,FEMALE,52.0,1.0,J. Eze,
1290,ORD-11444,30-Nov-2024,segun adeyemi,segun.adeyemi@example.com,Germany,Home Appliances,Electric Kettle,1.0,$184.69,0.2,42.36,bank transfer,delivered,Male,35.0,1.0,I. Nwosu,Called before delivery
1291,ORD-10182,03/03/2025,  Michael Adeyemi  ,michael.adeyemi@example.com,india,Home Appliances,Air Fryer,11.0,$50.11,0.0,14.21,card,returned,M,32.0,3.0,I. Nwosu,Customer requested gift wrap
1292,ORD-10185,2024-06-06,chioma nwosu,chioma.nwosu@example.com,nigeria,Home Appliances,Blender,2.0,$26.90,0.2,29.07,Card,cancelled,F,47.0,2.0,I. Nwosu,
1293,ORD-10407,2025/01/01,grace brown,grace.brown@example.com,United States,Furniture,Bookshelf,5.0,$892.42,0.2,2.72,Cash,Cancelled,female,62.0,5.0,E. Okon,Fragile item
1294,ORD-10866,22/10/2024,linda garcia,linda.garcia@example.com,canada,Groceries,Spaghetti Pack,1.0,13.62,0.05,6.79,mobile money,DELIVERED,m,26.0,2.0,H. Yusuf,
1295,ORD-10521,25-Apr-2025,halima adeyemi,halima.adeyemi@example.com,brazil,Groceries,Spaghetti Pack,1.0,$35.26,0.15,39.04,mobile money,Cancelled,Female,39.0,1.0,B. Musa,Left at door
1296,ORD-11004,09-Jan-2023,"Chukwu, John",john.chukwu@example.com,Canada,Groceries,Spaghetti Pack,10.0,$15.17,0.05,4.41,POS,Shipped,f,52.0,5.0,F. Chukwu,Bulk order discount applied
1297,ORD-10381,25-Apr-2023,grace bello,grace.bello@example.com,Kenya,Groceries,Spaghetti Pack,4.0,$30.77,0.25,10.66,Cash,delivered,f,38.0,4.0,I. Nwosu,Fragile item
1298,ORD-10428,2023/05/19,IBRAHIM JOHNSON,ibrahim.johnson@example.com,U.A.E,Groceries,Tea Box,7.0,$24.19,0.2,,pos,DELIVERED,m,30.0,5.0,C. Adeyemi,Bulk order discount applied
1299,ORD-10079,05/09/2024,  Segun Musa  ,segun.musa@example.com,S. Africa,Fashion,Jacket,5.0,$203.04,0.05,8.92,bank transfer,Shipped,MALE,48.0,4.0,A. Okafor,
1300,ORD-11010,2024-07-24,"Adeyemi, Chioma",chioma.adeyemi@example.com,U.A.E,Groceries,Tea Box,3.0,$33.51,0.2,0.35,card,Shipped,m,51.0,5.0,D. Bello,Called before delivery
1301,ORD-10897,,  Zainab Chukwu  ,zainab.chukwu@example.com,GERMANY,Fashion,Sneakers,9.0,$200.70,1.5,30.94,Mobile Money,returned,Female,42.0,2.0,D. Bello,Bulk order discount applied
1302,ORD-10608,2024/03/27,  Segun Smith  ,segun.smith@example.com,Brazil,Furniture,Study Desk,3.0,$69.02,0.1,19.67,cash,DELIVERED,male,30.0,5.0,E. Okon,
1303,ORD-11362,07/17/2023,ADE JOHNSON,ade.johnson@example.com,Ghana,Furniture,Office Chair,9.0,$228.79,0.15,16.48,Mobile Money,Returned,m,32.0,3.0,C. Adeyemi,Bulk order discount applied
1304,ORD-11347,09-Sep-2024,Ngozi Musa,ngozi.musa@example.com,UK,Home Appliances,Vacuum Cleaner,6.0,114.44,0.05,35.22,POS,pending,Male,33.0,3.0,G. Ibe,
1305,ORD-11395,2023-05-11,TUNDE WILLIAMS,tunde.williams@example.com, Nigeria,Furniture,Sofa,4.0,,0.2,32.36,card,delivered,Male,35.0,,B. Musa,
1306,ORD-11058,2025-10-22,SARAH YUSUF,sarah.yusuf@example.com,england,Furniture,Office Chair,3.0,$793.36,0.1,3.45,Cash,pending,F,16.0,3.0,F. Chukwu,Fragile item
1307,ORD-11092,22/01/2023,Ngozi Eze,ngozi.eze@example.com,kenya,Books,Textbook,2.0,,,33.9,Card,Pending,Female,56.0,5.0,J. Eze,
1308,ORD-11102,2025/07/11,Zainab Khan,zainab.khan@example.com,Brazil,Groceries,Tea Box,1.0,$10.52,0.0,28.69,POS,Returned,female,25.0,4.0,E. Okon,Customer requested gift wrap
1309,ORD-11130,2024-06-30,"Ibe, John",john.ibe@example.com,canada,Books,Cookbook,3.0,7.15,0.05,2.16,cash,returned,F,38.0,3.0,A. Okafor,Called before delivery
1310,ORD-11236,06/03/2025,John Khan,john.khan@example.com,NIGERIA,Home Appliances,Blender,10.0,$102.32,0.15,23.56,bank transfer,DELIVERED,F,18.0,,I. Nwosu,Bulk order discount applied
1311,ORD-11348,2024-07-29,"Williams, Sarah",sarah.williams@example.com,U.A.E,Home Appliances,Air Fryer,10.0,$55.89,0.2,5.53,Bank Transfer,Delivered,MALE,-17.0,,I. Nwosu,Customer requested gift wrap
1312,ORD-10959,2025-09-28,NGOZI IBE,ngozi.ibe@example.com,INDIA,Groceries,Rice 5kg,2.0,$26.26,0.0,24.5,Cash,CANCELLED,m,21.0,4.0,J. Eze,
1313,ORD-10560,23-Aug-2024,Halima Chukwu,halima.chukwu@example.com,France,Books,Journal,4.0,$31.52,0.15,7.0,cash,DELIVERED,Male,43.0,1.0,C. Adeyemi,Customer requested gift wrap
1314,ORD-10847,20-Feb-2024,"Adeyemi, Ngozi",,,Furniture,Sofa,10.0,$891.98,0.05,6.89,Bank Transfer,Cancelled,FEMALE,26.0,4.0,H. Yusuf,Fragile item
1315,ORD-10691,2024-03-31,Linda Okon,linda.okon@example.com,Brazil,Home Appliances,Electric Kettle,10.0,$28.28,0.05,10.72,Card,Delivered,MALE,24.0,,I. Nwosu,Bulk order discount applied
1316,ORD-11481,11/03/2025,emeka adeyemi,,south africa,Fashion,Sneakers,9.0,$37.23,0.1,14.58,Bank Transfer,Cancelled,M,30.0,1.0,D. Bello,
1317,ORD-11428,14-Sep-2023,  Yetunde Johnson  ,yetunde.johnson@example.com,Kenya,Electronics,Headphones,9.0,$263.10,0.0,41.11,Card,shipped,Female,20.0,3.0,I. Nwosu,Fragile item
1318,ORD-10437,12/06/2024,PETER GARCIA,peter.garcia@example.com,south africa,Home Appliances,Air Fryer,1.0,$63.71,0.2,10.9,Bank Transfer,cancelled,female,43.0,4.0,J. Eze,Customer requested gift wrap
1319,ORD-10491,2023-06-03,  Emeka Johnson  ,emeka.johnson@example.com,india,Electronics,Smartphone,8.0,$468.85,0.05,12.53,Card,CANCELLED,M,3.0,3.0,G. Ibe,
1320,ORD-11261,13/10/2025,Ade Musa,ade.musa@example.com,Brazil,Groceries,Sugar 1kg,11.0,$22.56,0.0,,POS,Pending,F,28.0,1.0,E. Okon,Duplicate entry - re-keyed
1321,ORD-11406,12-Mar-2025,"Khan, Chioma",chioma.khan@example.com, Nigeria,Fashion,Jacket,11.0,$177.52,0.15,22.01,Card,Delivered,M,31.0,1.0,E. Okon,Customer requested gift wrap
1322,ORD-10070,2023-01-25,"Yusuf, Bola",bola.yusuf@example.com,Brazil,Books,Cookbook,9.0,$51.35,0.0,42.54,Mobile Money,Delivered,MALE,27.0,3.0,I. Nwosu,Bulk order discount applied
1323,ORD-10809,07/18/2024,  Tunde Williams  ,tunde.williams@example.com,U.S.A,Books,Textbook,5.0,$49.27,0.2,23.41,pos,delivered,female,39.0,2.0,H. Yusuf,Left at door
1324,ORD-11185,27/02/2024,  Femi Garcia  ,femi.garcia@example.com,UK,Books,Cookbook,9.0,$12.17,0.0,14.44,card,shipped,MALE,53.0,,D. Bello,
1325,ORD-10012,2023/12/26,david ibe,david.ibe@example.com,U.K.,Furniture,Dining Table,9.0,$170.97,0.0,35.78,pos,Delivered,FEMALE,21.0,5.0,A. Okafor,
1326,ORD-10145,07/11/2025,GRACE MUSA,grace.musa@example.com,France,Books,Notebook Pack,9.0,$59.90,0.25,18.21,Bank Transfer,Cancelled,F,167.0,1.0,J. Eze,
1327,ORD-10918,2023/12/05,"Khan, David",david.khan@example.com,india,Electronics,Monitor,1.0,"$1,380.58",0.15,6.26,Card,Shipped,M,22.0,2.0,D. Bello,
1328,ORD-10640,2024/08/18,"Adeyemi, Sarah",sarah.adeyemi@example.com,canada,Fashion,Sneakers,6.0,$174.63,0.05,44.53,POS,pending,Male,34.0,3.0,E. Okon,Customer requested gift wrap
1329,ORD-10177,01/29/2025,SARAH NWOSU,sarah.nwosu@example.com,UAE,Electronics,Monitor,11.0,$720.69,0.0,25.24,Bank Transfer,pending,Male,,2.0,J. Eze,Fragile item
1330,ORD-10995,09/04/2024,"Nwosu, Mary",mary.nwosu@example.com,france,Electronics,Headphones,11.0,$205.65,0.0,26.63,cash,DELIVERED,male,21.0,3.0,E. Okon,Bulk order discount applied
1331,ORD-10441,26/03/2024,Zainab Eze,zainab.eze@example.com,US,Fashion,Handbag,4.0,$105.13,0.05,17.49,Cash,shipped,male,25.0,4.0,H. Yusuf,
1332,ORD-10522,2023-09-02,"Brown, Chioma",chioma.brown@example.com,South Africa,Groceries,Sugar 1kg,6.0,$12.17,0.1,6.57,CARD,CANCELLED,MALE,42.0,2.0,D. Bello,Fragile item
1333,ORD-10273,09-Feb-2025,Amaka Chukwu,amaka.chukwu@example.com,canada,Fashion,T-Shirt,7.0,$215.38,0.0,26.49,Card,returned,male,21.0,1.0,H. Yusuf,Fragile item
1334,ORD-11005,28-Sep-2024,  Femi Yusuf  ,femiyusufAT example dot com,U.S.A,Fashion,Jacket,5.0,$208.47,0.0,29.19,Bank Transfer,Pending,F,41.0,,C. Adeyemi,Bulk order discount applied
1335,ORD-11256,24/11/2024,BOLA BELLO,bola.bello@example.com,Nigeria,Home Appliances,Blender,8.0,$327.36,0.0,37.59,Card,pending,male,45.0,4.0,H. Yusuf,Fragile item
1336,ORD-11235,01/07/2023,Zainab Johnson,zainab.johnson@example.com,france,Books,Textbook,11.0,$36.45,0.05,41.97,CARD,Cancelled,m,31.0,,J. Eze,Customer requested gift wrap
1337,ORD-10144,08/28/2023,Ibrahim Chukwu,ibrahim.chukwu@example.com,nigeria,Home Appliances,Electric Kettle,7.0,$237.97,0.1,0.94,Card,DELIVERED,Male,25.0,4.0,F. Chukwu,Called before delivery
1338,ORD-10754,20/06/2023,grace ibe,grace.ibe@example.com,Germany,Fashion,Jacket,2.0,$141.04,0.25,40.66,cash,DELIVERED,Male,42.0,4.0,G. Ibe,
1339,ORD-10520,2023/04/21,  Sarah Bello  ,,UAE,Electronics,Tablet,0.0,"$1,357.48",0.0,7.28,CARD,cancelled,M,,3.0,C. Adeyemi,Left at door
1340,ORD-11323,03/07/2025,"Eze, Bola",bola.eze@example.com,S. Africa,Home Appliances,Electric Kettle,0.0,$52.82,0.15,3.33,Card,CANCELLED,male,19.0,,F. Chukwu,Customer requested gift wrap
1341,ORD-10823,15-Nov-2023,CHIDI CHUKWU,chidi.chukwu@example.com,Nigeria,Electronics,Monitor,1.0,$394.52,0.25,1.25,Bank Transfer,Pending,FEMALE,24.0,4.0,E. Okon,
1342,ORD-10429,22-Jun-2024,  Zainab Williams  ,zainab.williams@example.com,Ghana,Books,Journal,11.0,$57.16,0.05,8.97,bank transfer,shipped,M,42.0,,J. Eze,Called before delivery
1343,ORD-10613,04/01/2025,Michael Yusuf,michael.yusuf@example.com,Canada,Groceries,Spaghetti Pack,9.0,$25.95,0.0,17.25,Bank Transfer,pending,m,35.0,3.0,A. Okafor,
1344,ORD-11033,24/11/2024,sarah nwosu,sarah.nwosu@example.com,UAE,Fashion,Handbag,5.0,$79.37,0.05,15.73,POS,CANCELLED,F,26.0,3.0,I. Nwosu,Fragile item
1345,ORD-10157,04/16/2024,ngozi williams,ngozi.williams@example.com,INDIA,Electronics,Headphones,7.0,$385.81,0.0,20.12,Cash,CANCELLED,male,37.0,1.0,H. Yusuf,Customer requested gift wrap
1346,ORD-10540,,  Chidi Williams  ,chidi.williams@example.com,Canada,Fashion,Jeans,9.0,,0.0,18.21,Bank Transfer,returned,F,,3.0,B. Musa,
1347,ORD-11291,03/27/2024,  Linda Okon  ,linda.okon@example.com,ghana,Electronics,Monitor,5.0,$928.78,0.1,29.45,POS,Cancelled,male,53.0,5.0,E. Okon,Left at door
1348,ORD-10462,,Ngozi Chukwu,ngozi.chukwu@example.com,germany,Electronics,Smartwatch,8.0,"$1,097.82",1.5,38.47,Card,pending,Female,20.0,2.0,D. Bello,Customer requested gift wrap
1349,ORD-10577,09/07/2024,ADE OKON,ade.okon@example.com,india,Groceries,Spaghetti Pack,4.0,$36.67,0.1,33.91,bank transfer,Cancelled,M,37.0,,D. Bello,
1350,ORD-10256,2023/04/06,"Musa, David",david.musa@example.com,CANADA,Books,Textbook,11.0,,0.1,30.74,card,Delivered,M,19.0,4.0,C. Adeyemi,Bulk order discount applied
1351,ORD-10980,2023/06/11,linda musa,linda.musa@example.com,France,Groceries,Rice 5kg,7.0,$20.20,0.0,7.3,card,Returned,F,32.0,3.0,I. Nwosu,
1352,ORD-11186,2023-05-31,Chioma Ibe,chioma.ibe@example.com,UAE,Groceries,Rice 5kg,5.0,$27.19,0.0,22.08,Cash,Shipped,Female,28.0,,G. Ibe,Customer requested gift wrap
1353,ORD-11007,04-May-2023,MARY IBE,mary.ibe@example.com,Kenya,Home Appliances,Air Fryer,1.0,$126.98,0.25,42.11,cash,Shipped,FEMALE,47.0,5.0,G. Ibe,Bulk order discount applied
1354,ORD-10561,2025-06-27,Chidi Johnson,chidi.johnson@example.com,France,Fashion,Jeans,2.0,$169.58,,33.97,Bank Transfer,DELIVERED,m,32.0,1.0,A. Okafor,Called before delivery
1355,ORD-10209,24/01/2025,"Adeyemi, Linda",linda.adeyemi@example.com,INDIA,Groceries,Rice 5kg,9.0,$19.15,0.2,29.36,card,cancelled,M,20.0,3.0,F. Chukwu,Fragile item
1356,ORD-10911,28-Jun-2023,YETUNDE KHAN,yetunde.khan@example.com,Germany,Groceries,Sugar 1kg,7.0,$4.68,0.2,18.57,card,Cancelled,Male,40.0,1.0,B. Musa,
1357,ORD-11312,22/01/2023,  Bola Musa  ,bola.musa@example.com,France,Groceries,Tea Box,4.0,,0.0,32.7,POS,cancelled,Male,54.0,5.0,A. Okafor,Customer requested gift wrap
1358,ORD-10002,2023-02-17,bola ibe,bola.ibe@example.com,Germany,Home Appliances,Microwave,11.0,$252.59,0.25,,mobile money,shipped,Female,41.0,2.0,H. Yusuf,Left at door
1359,ORD-10270,10/16/2024,Halima Yusuf,halima.yusuf@example.com,united states,Electronics,Smartphone,4.0,"$1,042.57",0.05,38.18,card,Delivered,Male,,1.0,C. Adeyemi,Customer requested gift wrap
1360,ORD-10266,05/15/2025,MICHAEL OKON,michael.okon@example.com,GERMANY,Groceries,Sugar 1kg,11.0,$14.43,0.0,31.64,bank transfer,shipped,female,29.0,3.0,H. Yusuf,Left at door
1361,ORD-10915,2025-09-18,KUNLE OKAFOR,kunle.okafor@example.com,Ghana,Groceries,Rice 5kg,1.0,$29.87,0.0,38.33,POS,Shipped,female,41.0,3.0,E. Okon,
1362,ORD-10231,2023/06/06,"Smith, Chioma",chioma.smith@example.com,France,Home Appliances,Electric Kettle,11.0,$333.77,0.0,22.58,bank transfer,DELIVERED,f,24.0,5.0,C. Adeyemi,
1363,ORD-10875,08/01/2025,YETUNDE EZE,yetunde.eze@example.com,UK,Groceries,Spaghetti Pack,1.0,$28.23,0.25,18.75,POS,CANCELLED,MALE,46.0,1.0,F. Chukwu,Fragile item
1364,ORD-11120,2024-08-11,KUNLE JOHNSON,kunle.johnson@example.com,,Groceries,Cooking Oil 2L,2.0,$33.76,0.0,43.66,Mobile Money,Shipped,f,11.0,,H. Yusuf,Customer requested gift wrap
1365,ORD-10309,2023-10-23,Yetunde Nwosu,yetunde.nwosu@example.com,brazil,Groceries,Sugar 1kg,7.0,$39.40,0.15,38.3,mobile money,shipped,Female,17.0,4.0,C. Adeyemi,Customer requested gift wrap
1366,ORD-10865,06/19/2024,  Femi Garcia  ,,South Africa,Groceries,Cooking Oil 2L,8.0,$29.36,0.1,11.88,card,pending,female,29.0,,B. Musa,
1367,ORD-11067,2024/06/15,Femi Okon,femi.okon@example.com,UAE,Books,Notebook Pack,3.0,$37.27,0.1,21.57,bank transfer,pending,FEMALE,23.0,4.0,J. Eze,Customer requested gift wrap
1368,ORD-10874,09/13/2025,Bola Eze,bola.eze@example.com,U.A.E,Fashion,Handbag,10.0,$214.68,0.05,,Cash,Shipped,Female,66.0,5.0,A. Okafor,
1369,ORD-11372,2023/01/05,michael brown,michael.brown@example.com,GERMANY,Groceries,Cooking Oil 2L,8.0,$11.02,0.0,38.01,bank transfer,returned,f,23.0,3.0,E. Okon,Left at door
1370,ORD-10399,27-Nov-2023,linda okafor,linda.okafor@example.com,nigeria,Fashion,Handbag,6.0,$56.78,,15.55,card,Cancelled,f,43.0,,E. Okon,
1371,ORD-11398,26-Jan-2023,"Garcia, Chioma",chioma.garcia@example.com,US,Electronics,Monitor,7.0,$502.52,,33.96,CARD,Delivered,m,30.0,5.0,B. Musa,Bulk order discount applied
1372,ORD-10046,2023-06-25,ibrahim eze,ibrahim.eze@example.com,kenya,Home Appliances,Vacuum Cleaner,11.0,$344.20,0.0,12.8,Mobile Money,Pending,Female,32.0,1.0,E. Okon,Fragile item
1373,ORD-10162,2024/03/30,zainab bello,zainab.bello@example.com,United Kingdom,Fashion,Jeans,6.0,,0.05,29.5,Bank Transfer,Returned,Female,44.0,3.0,D. Bello,Fragile item
1374,ORD-10992,08/29/2025,Segun Garcia,segun.garcia@example.com,U.A.E,Groceries,Spaghetti Pack,10.0,$15.23,0.05,40.25,CARD,shipped,m,40.0,3.0,I. Nwosu,
1375,ORD-10728,2023/06/07,"Musa, Ade",ade.musa@example.com,UK,Groceries,Tea Box,2.0,$8.63,0.25,32.89,mobile money,returned,FEMALE,39.0,,D. Bello,Fragile item
1376,ORD-10630,01/02/2024,Ngozi Garcia,ngozi.garcia@example.com,nigeria,Furniture,Office Chair,,$320.78,0.1,7.58,Cash,DELIVERED,MALE,26.0,2.0,E. Okon,
1377,ORD-10289,20/10/2024,amaka smith,amaka.smith@example.com,United Arab Emirates,Books,Journal,9.0,$25.11,0.1,31.27,cash,Shipped,female,32.0,1.0,D. Bello,
1378,ORD-11060,2025/05/19,femi garcia,femi.garcia@example.com,U.S.A,Books,Novel,7.0,$42.73,0.0,10.12,mobile money,cancelled,Male,39.0,2.0,F. Chukwu,
1379,ORD-11494,24/02/2025,  David Okon  ,david.okon@example.com,Brazil,Books,Cookbook,-2.0,$24.06,0.25,40.93,Mobile Money,delivered,MALE,187.0,1.0,A. Okafor,
1380,ORD-10576,2023-03-06,David Chukwu,david.chukwu@example.com,india,Groceries,Sugar 1kg,6.0,$37.94,0.0,35.89,cash,Shipped,F,28.0,5.0,I. Nwosu,Called before delivery
1381,ORD-10851,18/04/2025,  Amaka Yusuf  ,amaka.yusuf@example.com,nigeria,Electronics,Monitor,2.0,$463.99,0.0,32.98,CARD,cancelled,MALE,27.0,2.0,F. Chukwu,
1382,ORD-11340,2025/05/06,EMEKA OKON,emeka.okon@example.com,united states,Home Appliances,Air Fryer,0.0,$280.71,0.1,19.51,CARD,Shipped,MALE,48.0,4.0,J. Eze,Customer requested gift wrap
1383,ORD-10912,04/29/2023,  Chidi Ibe  ,chidi.ibe@example.com,nigeria,Fashion,Jacket,11.0,$130.36,0.2,21.04,Cash,CANCELLED,male,24.0,1.0,D. Bello,Called before delivery
1384,ORD-11255,17/11/2024,John Brown,john.brown@example.com,U.A.E,Fashion,Jacket,3.0,N/A,0.0,36.09,Mobile Money,DELIVERED,FEMALE,56.0,3.0,I. Nwosu,Left at door
1385,ORD-11391,27-Mar-2024,femi adeyemi,femi.adeyemi@example.com,INDIA,Furniture,Dining Table,4.0,$892.76,0.0,17.29,cash,Delivered,female,155.0,2.0,F. Chukwu,Bulk order discount applied
1386,ORD-10933,05/10/2023,Ibrahim Yusuf,,brazil,Fashion,Jacket,6.0,$65.89,0.15,,card,pending,f,37.0,2.0,E. Okon,
1387,ORD-11101,2023/03/02,SEGUN BELLO,segun.bello@example.com,U.A.E,Books,Textbook,5.0,$40.05,0.2,43.65,Mobile Money,Shipped,F,30.0,5.0,E. Okon,Fragile item
1388,ORD-11208,16-Jul-2025,David Johnson,david.johnson@example.com,france,Fashion,Jeans,8.0,$49.07,0.05,4.48,CARD,pending,F,27.0,,I. Nwosu,
1389,ORD-10248,2025/12/13,sarah chukwu,sarah.chukwu@example.com,ghana,Books,Textbook,8.0,$20.40,0.1,20.64,mobile money,shipped,MALE,44.0,1.0,J. Eze,Bulk order discount applied
1390,ORD-10477,2024/02/26,SARAH ADEYEMI,sarah.adeyemi@example.com,ghana,Fashion,Handbag,4.0,$114.25,0.1,22.49,Bank Transfer,pending,Female,,1.0,J. Eze,Bulk order discount applied
1391,ORD-10086,04/04/2024,linda nwosu,linda.nwosu@example.com,ghana,Furniture,Sofa,10.0,$585.97,,43.11,POS,delivered,MALE,34.0,4.0,J. Eze,Called before delivery
1392,ORD-10470,2024-06-17,SEGUN EZE,segun.eze@example.com,CANADA,Fashion,Jeans,7.0,$36.25,0.05,23.62,mobile money,DELIVERED,Male,32.0,3.0,D. Bello,
1393,ORD-10226,18/11/2024,Kunle Chukwu,kunle.chukwu@example.com,India,Groceries,Tea Box,11.0,$38.43,0.25,21.46,bank transfer,CANCELLED,MALE,65.0,2.0,C. Adeyemi,
1394,ORD-10775,2024/07/02,"Chukwu, Halima",halima.chukwu@example.com,Ghana,Fashion,Handbag,2.0,$100.02,0.25,2.92,Cash,Pending,Male,53.0,4.0,B. Musa,
1395,ORD-10332,20-Dec-2024,"Bello, Mary",mary.bello@example.com,KENYA,Books,Textbook,6.0,$7.47,0.0,2.19,POS,Cancelled,Female,49.0,,I. Nwosu,
1396,ORD-10234,10/03/2023,"Musa, Emeka",emeka.musa@example.com,Canada,Home Appliances,Air Fryer,11.0,65.27,0.05,14.27,CARD,CANCELLED,f,54.0,2.0,I. Nwosu,
1397,ORD-10589,2023/08/23,  Michael Adeyemi  ,michael.adeyemi@example.com,USA,Fashion,Jacket,10.0,$178.61,0.25,15.66,Mobile Money,delivered,,-26.0,,F. Chukwu,Customer requested gift wrap
1398,ORD-10476,2025-03-11,linda nwosu,linda.nwosu@example.com,S. Africa,Fashion,Handbag,3.0,$161.86,0.2,37.63,Cash,shipped,m,37.0,,A. Okafor,
1399,ORD-11285,12-Jul-2024,ngozi johnson,ngozi.johnson@example.com,Deutschland,Furniture,Study Desk,3.0,$576.15,0.2,24.87,mobile money,CANCELLED,FEMALE,25.0,5.0,D. Bello,
1400,ORD-10600,19-Jun-2024,Ade Khan,ade.khan@example.com,France,Groceries,Spaghetti Pack,8.0,$10.45,0.0,25.33,Mobile Money,cancelled,f,49.0,4.0,B. Musa,Bulk order discount applied
1401,ORD-10422,,Michael Ibe,michael.ibe@example.com,ghana,Books,Cookbook,6.0,$20.33,0.15,18.08,Bank Transfer,DELIVERED,m,44.0,3.0,I. Nwosu,
1402,ORD-10183,2023/06/27,peter okon,peter.okon@example.com,U.K.,Home Appliances,Electric Kettle,11.0,$151.00,0.0,30.95,card,Shipped,m,14.0,2.0,H. Yusuf,
1403,ORD-10989,2025/02/01,"Ibe, John",john.ibe@example.com,,Electronics,Smartphone,5.0,"$1,037.46",0.0,13.86,card,cancelled,f,42.0,4.0,H. Yusuf,
1404,ORD-11001,2023/08/04,michael musa,michael.musa@example.com,Brazil,Furniture,Study Desk,11.0,$152.08,0.2,20.95,Mobile Money,cancelled,Male,47.0,1.0,E. Okon,Bulk order discount applied
1405,ORD-11357,2025-04-12,  Kunle Adeyemi  ,kunle.adeyemi@example.com,,Electronics,Smartwatch,1.0,"$1,176.28",0.05,28.74,Bank Transfer,delivered,f,54.0,1.0,B. Musa,Bulk order discount applied
1406,ORD-10050,11/08/2024,Sarah Adeyemi,sarah.adeyemi@example.com,Brazil,Electronics,Smartphone,7.0,"$1,422.88",0.2,42.15,Cash,Delivered,Male,17.0,2.0,C. Adeyemi,Bulk order discount applied
1407,ORD-11435,2024-01-25,michael williams,michael.williams@example.com,Ghana,Home Appliances,Blender,1.0,$142.68,0.25,2.31,pos,Cancelled,male,31.0,4.0,E. Okon,
1408,ORD-11030,2025/10/28,michael khan,michael.khan@example.com,germany,Electronics,Smartphone,1.0,"$1,085.78",0.1,24.52,Cash,delivered,Male,11.0,2.0,C. Adeyemi,Bulk order discount applied
1409,ORD-10530,27-Nov-2023,"Brown, Chidi",chidi.brown@example.com,USA,Books,Journal,5.0,$28.68,1.5,6.47,POS,Shipped,m,50.0,2.0,D. Bello,
1410,ORD-11259,2024-06-08,  Femi Adeyemi  ,femi.adeyemi@example.com,UAE,Fashion,Handbag,4.0,$72.93,0.15,26.33,pos,pending,F,33.0,2.0,J. Eze,Bulk order discount applied
1411,ORD-10487,28/07/2024,CHIDI GARCIA,chidi.garcia@example.com,KENYA,Home Appliances,Blender,11.0,$319.31,0.0,12.76,Card,pending,m,18.0,,B. Musa,Called before delivery
1412,ORD-11492,11/02/2025,  Halima Garcia  ,halima.garcia@example.com,U.A.E,Books,Notebook Pack,11.0,$13.27,0.25,9.2,CARD,shipped,Male,18.0,1.0,F. Chukwu,
1413,ORD-10498,2023-05-20,  Linda Khan  ,linda.khan@example.com,US,Home Appliances,Electric Kettle,11.0,$91.33,0.25,29.55,Bank Transfer,Returned,,43.0,3.0,C. Adeyemi,Left at door
1414,ORD-10107,07/08/2024,"Okafor, Peter",,france,Electronics,Smartphone,1.0,1254.35,0.0,14.93,cash,shipped,female,29.0,5.0,F. Chukwu,
1415,ORD-10444,16-Jun-2024,"Yusuf, Mary",mary.yusuf@example.com,United Kingdom,Books,Notebook Pack,10.0,$6.93,0.0,15.35,POS,returned,Male,26.0,,G. Ibe,Left at door
1416,ORD-10647,2023-01-07,Ade Ibe,ade.ibe@example.com,nigeria,Fashion,T-Shirt,10.0,$108.39,0.05,2.9,mobile money,Pending,f,39.0,1.0,D. Bello,
1417,ORD-11037,07/22/2024,David Garcia,david.garcia@example.com,Ghana,Fashion,Handbag,2.0,$65.37,0.15,22.18,card,Delivered,F,42.0,3.0,J. Eze,
1418,ORD-10727,03-May-2025,"Khan, Ade",ade.khan@example.com,brazil,Groceries,Cooking Oil 2L,9.0,$5.51,0.05,39.02,bank transfer,cancelled,f,30.0,2.0,E. Okon,Called before delivery
1419,ORD-10191,24/04/2024,"Johnson, Grace",grace.johnson@example.com,france,Furniture,Bookshelf,11.0,$68.73,0.0,5.09,CARD,Shipped,MALE,24.0,1.0,E. Okon,Left at door
1420,ORD-10283,24/11/2023,DAVID JOHNSON,david.johnson@example.com,France,Books,Journal,4.0,$50.76,0.15,40.68,card,CANCELLED,male,47.0,5.0,B. Musa,Customer requested gift wrap
1421,ORD-10030,08/19/2025,"Musa, Ngozi",ngozi.musa@example.com,canada,Electronics,Headphones,9.0,$221.80,0.15,18.41,Cash,Shipped,M,29.0,,F. Chukwu,Fragile item
1422,ORD-10170,09-Feb-2025,Emeka Ibe,emeka.ibe@example.com,United Arab Emirates,Fashion,Jeans,2.0,$172.55,0.0,13.11,POS,Cancelled,female,48.0,2.0,B. Musa,Fragile item
1423,ORD-11002,15/11/2025,"Chukwu, John",john.chukwu@example.com,U.A.E,Groceries,Cooking Oil 2L,7.0,$2.72,0.2,24.92,Cash,Shipped,m,12.0,2.0,D. Bello,
1424,ORD-11205,08/29/2025,ADE IBE,ade.ibe@example.com,KENYA,Books,Textbook,11.0,$17.44,0.2,31.49,cash,shipped,MALE,30.0,4.0,J. Eze,Customer requested gift wrap
1425,ORD-10101,07/28/2024,MICHAEL BELLO,michael.bello@example.com,ghana,Electronics,Laptop,11.0,$535.05,0.0,31.95,Bank Transfer,returned,M,10.0,1.0,C. Adeyemi,Left at door
1426,ORD-10198,01/20/2024,  Femi Khan  ,femi.khan@example.com,South Africa,Groceries,Sugar 1kg,8.0,$13.34,0.25,14.98,bank transfer,Delivered,Male,39.0,,A. Okafor,Left at door
1427,ORD-10496,2023-06-07,yetunde adeyemi,yetunde.adeyemi@example.com,CANADA,Fashion,Jacket,9.0,$181.11,0.05,29.35,Mobile Money,cancelled,m,26.0,5.0,D. Bello,
1428,ORD-10648,01-Feb-2024,  Halima Okon  ,halima.okon@example.com,ghana,Electronics,Laptop,1.0,"$1,476.88",0.1,11.21,CARD,DELIVERED,FEMALE,47.0,5.0,H. Yusuf,
1429,ORD-10988,2025/03/07,MICHAEL OKON,,france,Groceries,Sugar 1kg,5.0,$4.93,0.2,40.56,Bank Transfer,delivered,MALE,34.0,1.0,G. Ibe,
1430,ORD-10045,10-Apr-2025,"Garcia, Peter",peter.garcia@example.com,Kenya,Furniture,Sofa,2.0,546.34,0.15,0.25,bank transfer,returned,m,34.0,4.0,G. Ibe,Bulk order discount applied
1431,ORD-10711,04/12/2025,amaka brown,amaka.brown@example.com,United Kingdom,Groceries,Rice 5kg,4.0,$16.20,0.05,36.51,card,Cancelled,m,42.0,2.0,B. Musa,
1432,ORD-10374,17/03/2024,  Ngozi Chukwu  ,ngozi.chukwu@example.com,U.K.,Home Appliances,Blender,11.0,$348.39,0.05,43.41,mobile money,Pending,female,30.0,3.0,B. Musa,Bulk order discount applied
1433,ORD-10679,2025/12/23,"Ibe, Mary",mary.ibe@example.com,Ghana,Electronics,Monitor,5.0,$590.52,0.0,6.35,pos,DELIVERED,male,31.0,2.0,D. Bello,Customer requested gift wrap
1434,ORD-10567,07-Oct-2025,chioma okon,chioma.okon@example.com,U.A.E,Groceries,Spaghetti Pack,9.0,$35.30,0.05,43.46,Bank Transfer,Delivered,female,47.0,4.0,F. Chukwu,Left at door
1435,ORD-10848,2023/08/15,"Johnson, Sarah",sarah.johnson@example.com,UK,Fashion,Jacket,9.0,$152.60,1.5,12.13,pos,CANCELLED,f,51.0,2.0,I. Nwosu,Customer requested gift wrap
1436,ORD-10461,2025-10-16,"Adeyemi, Ibrahim",,U.A.E,Furniture,Dining Table,10.0,$348.43,0.0,17.79,Mobile Money,CANCELLED,Female,44.0,,G. Ibe,Bulk order discount applied
1437,ORD-11156,,KUNLE NWOSU,kunle.nwosu@example.com,Ghana,Groceries,Spaghetti Pack,5.0,$16.34,0.1,22.0,mobile money,pending,Male,45.0,3.0,I. Nwosu,Called before delivery
1438,ORD-10040,16/04/2023,  Ade Musa  ,,Deutschland,Home Appliances,Blender,1.0,$200.16,0.1,33.76,POS,cancelled,MALE,12.0,,H. Yusuf,Fragile item
1439,ORD-10435,2025-02-16,kunle brown,kunle.brown@example.com,germany,Home Appliances,Microwave,5.0,$113.11,0.2,18.52,Mobile Money,Shipped,m,31.0,3.0,I. Nwosu,Fragile item
1440,ORD-10974,11/05/2024,"Nwosu, Ade",,brazil,Electronics,Smartphone,7.0,$687.29,0.05,27.05,pos,pending,f,12.0,,G. Ibe,
1441,ORD-11240,18/07/2025,CHIOMA SMITH,chioma.smith@example.com,UAE,Groceries,Sugar 1kg,4.0,$13.03,0.25,12.53,Cash,DELIVERED,F,59.0,5.0,A. Okafor,Fragile item
1442,ORD-11008,10/26/2025,  Chioma Nwosu  ,chioma.nwosu@example.com,NIGERIA,Fashion,T-Shirt,2.0,$37.22,0.0,18.66,Bank Transfer,Shipped,male,39.0,1.0,H. Yusuf,Fragile item
1443,ORD-10457,01/10/2025,"Okon, Kunle",,kenya,Home Appliances,Air Fryer,4.0,$73.15,0.1,8.47,POS,Returned,Male,25.0,,C. Adeyemi,Customer requested gift wrap
1444,ORD-10261,2024/12/23,"Musa, Michael",michaelmusaAT example dot com,UK,Home Appliances,Blender,9.0,$105.38,0.05,23.77,bank transfer,delivered,female,43.0,3.0,E. Okon,Called before delivery
1445,ORD-10036,04-Apr-2024,  David Johnson  ,david.johnson@example.com,Brazil,Books,Cookbook,,$41.73,0.0,9.11,pos,pending,female,30.0,2.0,G. Ibe,Left at door
1446,ORD-10828,10/04/2025,"Khan, Bola",bola.khan@example.com,KENYA,Home Appliances,Blender,5.0,$198.40,0.25,37.46,CARD,returned,Female,42.0,5.0,E. Okon,
1447,ORD-10310,2023-10-09,DAVID BROWN,david.brown@example.com,brazil,Books,Textbook,2.0,$17.53,0.05,5.08,Card,Shipped,female,34.0,2.0,E. Okon,Fragile item
1448,ORD-10277,23/07/2024,Grace Brown,grace.brown@example.com,South Africa,Furniture,Study Desk,9.0,$246.77,0.0,24.28,Mobile Money,Cancelled,f,35.0,5.0,A. Okafor,Called before delivery
1449,ORD-10637,02/07/2023,Chioma Eze,chioma.eze@example.com,Brazil,Electronics,Headphones,4.0,$581.85,,37.85,POS,cancelled,f,33.0,3.0,C. Adeyemi,Called before delivery
1450,ORD-10655,26-Jan-2025,kunle ibe,kunle.ibe@example.com,India,Electronics,Headphones,-5.0,"$1,494.82",0.0,29.31,cash,Cancelled,Male,17.0,1.0,I. Nwosu,
1451,ORD-10623,04-Jan-2024,  Emeka Khan  ,emeka.khan@example.com,Kenya,Fashion,T-Shirt,8.0,$74.54,0.0,37.64,Mobile Money,Pending,Female,33.0,,G. Ibe,
1452,ORD-10845,2024/02/26,TUNDE SMITH,tunde.smith@example.com,U.K.,Home Appliances,Air Fryer,9.0,$51.84,0.2,18.08,Bank Transfer,delivered,FEMALE,23.0,5.0,F. Chukwu,Left at door
1453,ORD-10394,06-Mar-2024,mary okafor,mary.okafor@example.com,U.A.E,Furniture,Bookshelf,6.0,$260.93,0.25,30.5,card,cancelled,F,32.0,5.0,I. Nwosu,
1454,ORD-10108,06/06/2023,ngozi brown,ngozi.brown@example.com,USA,Books,Novel,2.0,$5.24,0.2,3.62,card,shipped,MALE,,3.0,G. Ibe,Bulk order discount applied
1455,ORD-10350,2023/05/25,  Chidi Eze  ,chidi.eze@example.com,ghana,Electronics,Monitor,11.0,"$1,226.35",0.0,,Bank Transfer,Returned,Male,31.0,5.0,I. Nwosu,
1456,ORD-10525,27/10/2025,Linda Johnson,linda.johnson@example.com,KENYA,Electronics,Tablet,1.0,$247.98,0.1,13.65,POS,CANCELLED,FEMALE,50.0,5.0,B. Musa,Customer requested gift wrap
1457,ORD-10785,30/01/2025,  Linda Brown  ,linda.brown@example.com,USA,Groceries,Tea Box,0.0,$21.41,0.15,14.87,Card,shipped,FEMALE,39.0,2.0,C. Adeyemi,
1458,ORD-10048,09/15/2025,Grace Okafor,,united states,Furniture,Sofa,2.0,$433.81,0.15,43.92,CARD,Delivered,FEMALE,34.0,5.0,F. Chukwu,Customer requested gift wrap
1459,ORD-10204,17/02/2024,amaka nwosu,amaka.nwosu@example.com,south africa,Fashion,Sneakers,10.0,190.02,0.15,33.47,Bank Transfer,cancelled,f,31.0,1.0,D. Bello,Customer requested gift wrap
1460,ORD-10022,14/02/2023,Chidi Musa,chidi.musa@example.com,U.A.E,Electronics,Laptop,6.0,"$1,393.08",0.0,2.2,Mobile Money,CANCELLED,M,,5.0,I. Nwosu,
1461,ORD-10403,2024/07/10,peter johnson,,ghana,Groceries,Tea Box,6.0,$39.15,0.1,7.37,Mobile Money,Delivered,F,33.0,2.0,C. Adeyemi,
1462,ORD-11108,02/15/2025,"Brown, Grace",grace.brown@example.com,Kenya,Fashion,Sneakers,6.0,$166.41,0.1,13.13,bank transfer,Cancelled,MALE,19.0,5.0,E. Okon,
1463,ORD-11155,06/12/2025,  Grace Chukwu  ,grace.chukwu@example.com,NIGERIA,Electronics,Headphones,10.0,"$1,396.26",1.5,15.39,bank transfer,Delivered,female,42.0,5.0,F. Chukwu,Called before delivery
1464,ORD-11440,22/04/2025,  Chioma Bello  ,chioma.bello@example.com,ghana,Electronics,Monitor,6.0,$461.02,0.0,30.6,POS,DELIVERED,male,38.0,5.0,I. Nwosu,Customer requested gift wrap
1465,ORD-10990,15/04/2023,Chidi Smith,chidi.smith@example.com,nigeria,Electronics,Smartphone,2.0,"$1,496.35",0.2,2.15,pos,Returned,FEMALE,42.0,,F. Chukwu,
1466,ORD-10742,05/19/2024,LINDA MUSA,,Brazil,Fashion,Jeans,6.0,$168.35,0.0,28.79,POS,Delivered,M,33.0,4.0,G. Ibe,Customer requested gift wrap
1467,ORD-11311,09/24/2025,NGOZI EZE,,england,Groceries,Cooking Oil 2L,7.0,$6.26,0.05,19.98,Cash,cancelled,Female,18.0,4.0,I. Nwosu,
1468,ORD-11148,14/10/2024,  Michael Garcia  ,michael.garcia@example.com,Canada,Home Appliances,Vacuum Cleaner,6.0,246.97,0.2,25.36,POS,DELIVERED,,27.0,5.0,E. Okon,
1469,ORD-10034,2024-10-27,"Chukwu, Zainab",zainab.chukwu@example.com,france,Electronics,Laptop,3.0,$564.77,,44.7,Mobile Money,cancelled,female,45.0,3.0,G. Ibe,
1470,ORD-10788,2024/02/02,  Segun Okon  ,segun.okon@example.com,brazil,Furniture,Office Chair,1.0,$740.38,,38.26,card,Pending,FEMALE,39.0,3.0,E. Okon,
1471,ORD-10924,28/12/2023,  Mary Chukwu  ,marychukwuAT example dot com,United Kingdom,Electronics,Headphones,5.0,$781.66,0.25,10.8,Bank Transfer,CANCELLED,female,36.0,4.0,I. Nwosu,Left at door
1472,ORD-11044,03-Oct-2024,NGOZI JOHNSON,ngozi.johnson@example.com,Kenya,Furniture,Bookshelf,9.0,$467.75,,42.05,Cash,DELIVERED,female,44.0,2.0,H. Yusuf,Left at door
1473,ORD-11476,2023/08/15,yetunde khan,yetunde.khan@example.com,U.K.,Fashion,T-Shirt,3.0,$85.16,0.0,15.88,Mobile Money,DELIVERED,f,39.0,,D. Bello,Customer requested gift wrap
1474,ORD-11244,01-Nov-2023,"Musa, David",david.musa@example.com,brazil,Groceries,Tea Box,7.0,$10.33,0.2,25.01,Mobile Money,Delivered,Male,,2.0,H. Yusuf,
1475,ORD-10580,2024-12-13,"Okon, Kunle",kunleokonAT example dot com,UAE,Books,Textbook,6.0,$7.36,0.1,13.06,cash,DELIVERED,Male,42.0,2.0,B. Musa,Fragile item
1476,ORD-10482,2023/05/05,Yetunde Garcia,yetunde.garcia@example.com,KENYA,Electronics,Tablet,3.0,"$1,326.30",0.1,34.87,cash,returned,f,45.0,5.0,I. Nwosu,
1477,ORD-10932,31-Dec-2024,"Okon, Emeka",emeka.okon@example.com,U.S.A,Furniture,Study Desk,1.0,$205.70,0.25,23.09,bank transfer,returned,,27.0,3.0,D. Bello,
1478,ORD-10357,10/06/2023,  Chioma Garcia  ,chioma.garcia@example.com,brazil,Fashion,Jeans,9.0,$156.08,0.05,23.33,Card,cancelled,m,22.0,5.0,A. Okafor,
1479,ORD-11249,03/07/2024,  Ade Smith  ,ade.smith@example.com,India,Electronics,Smartphone,4.0,$445.55,1.5,2.47,Mobile Money,Delivered,Male,58.0,5.0,J. Eze,Bulk order discount applied
1480,ORD-10760,04/06/2024,Grace Chukwu,grace.chukwu@example.com,Deutschland,Groceries,Sugar 1kg,10.0,18.38,0.25,20.0,pos,shipped,female,45.0,8.0,A. Okafor,Fragile item
1481,ORD-10093,07/19/2024,  Femi Okon  ,femi.okon@example.com,Nigeria,Groceries,Spaghetti Pack,3.0,$13.35,0.15,4.19,card,delivered,m,32.0,4.0,C. Adeyemi,Fragile item
1482,ORD-11176,2024-06-07,tunde ibe,tunde.ibe@example.com,brazil,Furniture,Dining Table,10.0,$764.63,0.1,1.22,Cash,Cancelled,Male,34.0,1.0,J. Eze,Called before delivery
1483,ORD-11416,07/11/2024,  Michael Williams  ,michael.williams@example.com,S. Africa,Books,Textbook,1.0,$27.19,0.25,40.42,cash,Pending,M,17.0,2.0,H. Yusuf,Fragile item
1484,ORD-11342,10/11/2025,  Emeka Johnson  ,emeka.johnson@example.com,germany,Fashion,T-Shirt,9.0,$198.83,0.0,21.38,CARD,Delivered,M,42.0,2.0,J. Eze,
1485,ORD-11473,2025-03-19,tunde nwosu,tunde.nwosu@example.com,India,Books,Cookbook,6.0,$13.90,0.25,16.26,Bank Transfer,pending,Female,41.0,3.0,I. Nwosu,Fragile item
1486,ORD-10804,2024/08/08,"Garcia, Segun",segun.garcia@example.com,england,Groceries,Spaghetti Pack,11.0,$19.61,0.25,6.64,pos,pending,FEMALE,28.0,5.0,I. Nwosu,Customer requested gift wrap
1487,ORD-10746,02-Jan-2025,  Ade Brown  ,ade.brown@example.com,Deutschland,Furniture,Office Chair,5.0,$726.47,0.0,24.17,mobile money,pending,F,44.0,2.0,B. Musa,Customer requested gift wrap
1488,ORD-10280,13-Feb-2024,chidi okafor,chidi.okafor@example.com,Britain,Books,Textbook,5.0,$16.03,0.0,37.24,card,Returned,F,23.0,3.0,F. Chukwu,Fragile item
1489,ORD-10765,2025-10-09,femi adeyemi,femi.adeyemi@example.com,U.A.E,Home Appliances,Electric Kettle,-4.0,$31.37,0.05,,mobile money,pending,Female,33.0,3.0,C. Adeyemi,Called before delivery
1490,ORD-10605,2025/12/05,"Khan, Tunde",tunde.khan@example.com,Deutschland,Groceries,Tea Box,11.0,$13.09,1.5,41.1,Mobile Money,cancelled,m,48.0,4.0,D. Bello,Called before delivery
1491,ORD-10263,18/08/2024,  Peter Yusuf  ,peter.yusuf@example.com,United Kingdom,Fashion,Sneakers,8.0,$199.59,0.1,15.81,Cash,Returned,F,-32.0,1.0,F. Chukwu,
1492,ORD-11374,13-Sep-2023,Linda Okon,linda.okon@example.com,France,Books,Journal,0.0,$39.79,0.0,3.9,card,Shipped,Male,21.0,3.0,A. Okafor,Customer requested gift wrap
1493,ORD-11399,06/01/2025,SARAH OKON,sarah.okon@example.com, Nigeria,Furniture,Dining Table,3.0,$332.67,0.0,42.78,Cash,DELIVERED,M,17.0,1.0,I. Nwosu,
1494,ORD-10401,20-Oct-2023,"Brown, Ibrahim",,canada,Furniture,Dining Table,1.0,$454.84,0.0,23.63,CARD,returned,M,36.0,4.0,E. Okon,Customer requested gift wrap
1495,ORD-10258,11-Feb-2024,linda adeyemi,linda.adeyemi@example.com,ghana,Home Appliances,Air Fryer,7.0,$345.33,0.05,18.69,Card,CANCELLED,male,27.0,4.0,C. Adeyemi,Left at door
1496,ORD-10945,08/07/2024,ADE EZE,ade.eze@example.com,Ghana,Home Appliances,Electric Kettle,1.0,$206.28,0.0,38.83,Card,returned,F,38.0,1.0,J. Eze,Bulk order discount applied
1497,ORD-11097,2024/04/25,PETER ADEYEMI,peter.adeyemi@example.com,Nigeria ,Home Appliances,Vacuum Cleaner,7.0,$125.81,0.0,24.57,Cash,Pending,,32.0,2.0,D. Bello,Customer requested gift wrap
1498,ORD-11220,26/03/2024,Amaka Adeyemi,amaka.adeyemi@example.com,United Kingdom,Books,Novel,4.0,$22.82,0.15,23.98,Card,cancelled,Male,39.0,2.0,A. Okafor,
1499,ORD-11162,16-Nov-2024,"Garcia, Kunle",kunle.garcia@example.com,,Home Appliances,Microwave,5.0,$101.41,0.15,2.11,mobile money,pending,MALE,40.0,3.0,D. Bello,Customer requested gift wrap
1500,ORD-10495,2024-10-27,"Khan, Ibrahim",ibrahim.khan@example.com,Ghana,Groceries,Sugar 1kg,10.0,$37.20,0.0,15.41,Mobile Money,returned,m,28.0,3.0,B. Musa,Fragile item
1501,ORD-10773,26-Jun-2023,michael garcia,michael.garcia@example.com,Deutschland,Fashion,Handbag,8.0,$75.79,0.15,,card,Cancelled,FEMALE,19.0,2.0,B. Musa,Fragile item
1502,ORD-10551,2025/04/06,chidi eze,chidi.eze@example.com,kenya,Books,Journal,11.0,$49.37,0.0,12.58,pos,returned,M,42.0,1.0,J. Eze,Called before delivery
1503,ORD-11487,2024/05/12,SARAH JOHNSON,sarah.johnson@example.com,United Arab Emirates,Fashion,Jeans,1.0,$121.19,0.0,,Bank Transfer,shipped,Female,-49.0,,I. Nwosu,
1504,ORD-10202,20/09/2023,mary garcia,mary.garcia@example.com,South Africa,Home Appliances,Vacuum Cleaner,8.0,173.12,0.2,,POS,Shipped,F,14.0,3.0,A. Okafor,Fragile item
1505,ORD-10313,22-Nov-2025,Kunle Eze,kunle.eze@example.com,kenya,Groceries,Sugar 1kg,1.0,$31.70,0.0,30.75,Mobile Money,pending,F,39.0,5.0,H. Yusuf,
1506,ORD-10291,2025-01-07,Ade Ibe,ade.ibe@example.com,U.K.,Electronics,Smartwatch,8.0,N/A,0.25,6.31,card,pending,FEMALE,32.0,,H. Yusuf,Left at door
1507,ORD-11214,15-Dec-2024,tunde musa,tunde.musa@example.com,Brazil,Books,Cookbook,4.0,$16.90,0.25,28.48,cash,CANCELLED,female,21.0,2.0,A. Okafor,Left at door
1508,ORD-10764,2025-12-11,femi williams,femi.williams@example.com,U.K.,Books,Textbook,4.0,$22.15,0.0,19.31,bank transfer,shipped,F,29.0,5.0,C. Adeyemi,Bulk order discount applied
1509,ORD-11137,2023-09-17,  Kunle Chukwu  ,kunle.chukwu@example.com,kenya,Electronics,Tablet,0.0,"$1,272.05",0.15,43.67,POS,CANCELLED,Female,29.0,,J. Eze,Fragile item
1510,ORD-10950,03-Jul-2024,  Kunle Yusuf  ,kunle.yusuf@example.com,USA,Books,Notebook Pack,7.0,$19.11,0.0,1.61,bank transfer,delivered,m,40.0,2.0,E. Okon,
1511,ORD-10184,2025/03/09,  Halima Musa  ,halima.musa@example.com,Ghana,Home Appliances,Electric Kettle,9.0,,0.0,41.75,POS,returned,m,54.0,,H. Yusuf,Left at door
1512,ORD-11177,2025/10/18,"Garcia, Tunde",tunde.garcia@example.com,UAE,Home Appliances,Microwave,1.0,$328.83,0.1,9.79,POS,Delivered,m,34.0,1.0,B. Musa,Left at door
1513,ORD-11350,2025/12/21,"Eze, Peter",peter.eze@example.com,india,Electronics,Headphones,4.0,$998.63,0.15,25.51,Bank Transfer,Delivered,f,48.0,5.0,B. Musa,Bulk order discount applied
1514,ORD-11069,15-Aug-2025,SARAH EZE,sarah.eze@example.com,kenya,Electronics,Smartphone,1.0,$586.57,0.25,7.02,cash,shipped,MALE,35.0,2.0,B. Musa,Customer requested gift wrap
1515,ORD-11469,24/03/2024,peter chukwu,, Nigeria,Fashion,Jeans,11.0,$125.73,0.0,44.9,bank transfer,delivered,MALE,26.0,8.0,H. Yusuf,Bulk order discount applied
1516,ORD-11031,2024-12-03,yetunde adeyemi,yetunde.adeyemi@example.com,nigeria,Home Appliances,Electric Kettle,7.0,$260.57,0.1,44.13,bank transfer,Shipped,female,16.0,2.0,E. Okon,
1517,ORD-10251,02/04/2024,  John Brown  ,,USA,Fashion,Handbag,3.0,$219.97,,43.17,card,Returned,male,45.0,1.0,F. Chukwu,
1518,ORD-10824,03/15/2025,Tunde Nwosu,tunde.nwosu@example.com,ghana,Groceries,Sugar 1kg,8.0,$8.05,0.15,8.55,card,delivered,m,42.0,1.0,C. Adeyemi,Called before delivery
1519,ORD-11100,2025-07-06,HALIMA ADEYEMI,halima.adeyemi@example.com,Ghana,Electronics,Tablet,6.0,"$1,444.10",0.0,22.05,Mobile Money,Pending,female,21.0,,J. Eze,
1520,ORD-10941,13/11/2025,  David Bello  ,david.bello@example.com,India,Furniture,Study Desk,0.0,$781.02,0.1,33.73,card,CANCELLED,m,39.0,4.0,H. Yusuf,Fragile item
1521,ORD-10392,2023-10-30,  Mary Nwosu  ,mary.nwosu@example.com,INDIA,Groceries,Spaghetti Pack,7.0,$22.67,0.0,44.7,bank transfer,returned,Female,30.0,3.0,F. Chukwu,Bulk order discount applied
1522,ORD-11457,30/08/2023,  Chioma Eze  ,chioma.eze@example.com,India,Electronics,Smartwatch,8.0,"$1,292.07",0.05,0.53,cash,pending,Male,41.0,3.0,H. Yusuf,Customer requested gift wrap
1523,ORD-11093,02-Sep-2025,"Brown, Ibrahim",ibrahim.brown@example.com,Ghana,Groceries,Cooking Oil 2L,5.0,$3.71,0.15,33.57,Mobile Money,Returned,f,60.0,,F. Chukwu,Fragile item
1524,ORD-11192,2025-03-27,"Musa, Kunle",kunle.musa@example.com,Kenya,Electronics,Monitor,11.0,$534.57,0.2,19.87,card,Pending,f,37.0,,F. Chukwu,Bulk order discount applied
1525,ORD-10905,27-Jul-2023,ngozi brown,ngozi.brown@example.com, Nigeria,Home Appliances,Blender,4.0,$289.69,0.25,7.61,Bank Transfer,Shipped,M,12.0,4.0,H. Yusuf,
1526,ORD-10731,22/03/2023,"Adeyemi, Emeka",emeka.adeyemi@example.com,Ghana,Groceries,Tea Box,2.0,$30.09,0.05,22.05,Card,DELIVERED,FEMALE,,4.0,G. Ibe,
1527,ORD-10555,10/16/2023,  Mary Bello  ,,ghana,Fashion,Handbag,5.0,$181.54,0.05,3.86,Bank Transfer,Shipped,Male,48.0,5.0,H. Yusuf,
1528,ORD-10367,2023-02-12,"Okafor, Bola",bola.okafor@example.com,INDIA,Electronics,Tablet,2.0,$340.07,0.0,30.8,Mobile Money,cancelled,M,49.0,2.0,I. Nwosu,Left at door
1529,ORD-10346,04-Nov-2025,"Bello, Halima",halima.bello@example.com,France,Books,Journal,1.0,$33.13,,25.43,bank transfer,Pending,F,152.0,1.0,G. Ibe,Fragile item
1530,ORD-10536,2025-09-27,  Tunde Adeyemi  ,tunde.adeyemi@example.com,United Arab Emirates,Home Appliances,Air Fryer,11.0,$55.26,0.2,23.26,bank transfer,shipped,Female,23.0,,D. Bello,
1531,ORD-11423,2024/07/22,SEGUN OKAFOR,segun.okafor@example.com,nigeria,Furniture,Office Chair,5.0,$625.32,0.0,27.71,Card,returned,,28.0,5.0,G. Ibe,
1532,ORD-11210,24/01/2024,"Bello, Halima",halima.bello@example.com,nigeria,Fashion,Jacket,4.0,$202.59,0.05,16.38,bank transfer,CANCELLED,M,21.0,4.0,J. Eze,Called before delivery
1533,ORD-11373,25/12/2025,  David Bello  ,david.bello@example.com,U.A.E,Groceries,Tea Box,8.0,,0.25,7.07,POS,Delivered,MALE,60.0,,J. Eze,Customer requested gift wrap
1534,ORD-10920,19/04/2024,linda nwosu,linda.nwosu@example.com,Ghana,Furniture,Study Desk,7.0,$792.41,0.0,16.46,Bank Transfer,Shipped,f,17.0,4.0,E. Okon,
1535,ORD-10212,2024-06-20,BOLA OKAFOR,bola.okafor@example.com,canada,Groceries,Sugar 1kg,1.0,$8.35,0.0,41.07,card,DELIVERED,Male,61.0,,G. Ibe,Bulk order discount applied
1536,ORD-10503,16-Feb-2024,  Linda Brown  ,linda.brown@example.com,kenya,Fashion,Handbag,2.0,$23.70,0.0,11.11,Cash,Shipped,MALE,52.0,4.0,C. Adeyemi,Customer requested gift wrap
1537,ORD-10538,07-Feb-2025,IBRAHIM SMITH,ibrahim.smith@example.com, Nigeria,Furniture,Study Desk,5.0,$255.05,0.25,19.23,card,Returned,m,46.0,4.0,F. Chukwu,Customer requested gift wrap
1538,ORD-11221,01/05/2023,YETUNDE IBE,yetunde.ibe@example.com,Ghana,Books,Notebook Pack,5.0,$24.59,0.0,17.28,Mobile Money,shipped,MALE,49.0,5.0,E. Okon,
1539,ORD-10176,30-Dec-2023,Emeka Garcia,emeka.garcia@example.com,brazil,Furniture,Dining Table,0.0,383.33,0.0,5.51,POS,pending,M,56.0,3.0,F. Chukwu,
