OrderID,OrderDate,Name,Email,Gender,Age,Country,ProductCategory,ProductName,Quantity,UnitPrice,Discount,ShippingCost,PaymentMethod,OrderStatus,Rating,SalesRep,Notes,NetSales
ORD-11332,2024-07-02,Chioma Musa,chioma.musa@example.com,Male,38,France,Groceries,Rice 5kg,4,18.36,0.25,11.74,Card,Returned,,D. Bello,Bulk order discount applied,55.08
ORD-11216,2025-03-19,Chioma Brown,chioma.brown@example.com,Female,31,Nigeria,Books,Notebook Pack,10,12.89,0.15,31.76,Bank Transfer,Cancelled,3,F. Chukwu,,109.565
ORD-11491,2023-06-28,Emeka Eze,emeka.eze@example.com,Female,33,India,Home Appliances,Electric Kettle,11,213.34,0.05,13.6,Bank Transfer,Returned,4,H. Yusuf,Customer requested gift wrap,2229.4030000000002
ORD-11157,2025-01-07,Ibrahim Chukwu,ibrahim.chukwu@example.com,Male,,Ghana,Groceries,Sugar 1kg,5,24.22,0.25,,Mobile Money,Returned,2,E. Okon,,90.82499999999999
ORD-10983,2025-07-27,Ngozi Okafor,ngozi.okafor@example.com,Female,53,United States,Furniture,Bookshelf,4,611.23,0.0,40.06,Pos,Shipped,1,G. Ibe,,2444.92
ORD-11141,2023-12-01,Segun Adeyemi,segun.adeyemi@example.com,Male,30,India,Fashion,Handbag,5,167.43,0.1,9.0,Cash,Delivered,5,D. Bello,Called before delivery,753.4350000000001
ORD-10410,2024-03-05,Mary Adeyemi,mary.adeyemi@example.com,Female,31,United States,Home Appliances,Microwave,8,186.04,0.05,18.75,Card,Shipped,,D. Bello,Customer requested gift wrap,1413.9039999999998
ORD-11026,2024-07-24,Ngozi Khan,ngozi.khan@example.com,Male,19,United States,Groceries,Cooking Oil 2L,5,9.61,0.1,36.3,Cash,Shipped,,H. Yusuf,Called before delivery,43.245
ORD-10173,2024-01-29,Femi Smith,femi.smith@example.com,Male,39,South Africa,Fashion,Sneakers,9,126.68,0.25,27.65,Mobile Money,Delivered,2,C. Adeyemi,Fragile item,855.0900000000001
ORD-10493,2023-08-08,Grace Okon,grace.okon@example.com,Female,38,United States,Electronics,Smartwatch,7,780.0912500000001,0.25,36.57,Cash,Shipped,3,D. Bello,Customer requested gift wrap,4095.4790625
ORD-11045,2023-10-14,John Williams,john.williams@example.com,,23,France,Groceries,Tea Box,1,26.75,0.0,17.33,Pos,Shipped,4,J. Eze,Fragile item,26.75
ORD-10044,2025-11-29,Yetunde Adeyemi,yetunde.adeyemi@example.com,Male,54,United Kingdom,Furniture,Sofa,2,422.48,0.05,14.43,Card,Shipped,3,G. Ibe,Fragile item,802.712
ORD-10621,2024-05-02,Linda Chukwu,,Male,23,Nigeria,Home Appliances,Electric Kettle,8,133.11,0.1,13.75,Mobile Money,Pending,4,F. Chukwu,,958.3920000000002
ORD-10643,2025-10-23,Chidi Adeyemi,chidi.adeyemi@example.com,Female,36,Kenya,Groceries,Sugar 1kg,9,,0.0,3.21,Mobile Money,Shipped,4,J. Eze,Left at door,
ORD-11396,2023-09-06,Femi Smith,femi.smith@example.com,Female,16,Germany,Groceries,Tea Box,1,13.62,0.1,41.83,Pos,Shipped,1,C. Adeyemi,Customer requested gift wrap,12.258
ORD-11250,2025-02-02,Ibrahim Adeyemi,ibrahim.adeyemi@example.com,Male,30,France,Home Appliances,Microwave,4,42.29,0.15,23.39,Bank Transfer,Pending,1,A. Okafor,Left at door,143.786
ORD-10675,2023-06-27,Emeka Ibe,emeka.ibe@example.com,Male,34,United Kingdom,Electronics,Laptop,1,780.0912500000001,0.2,44.8,Pos,Cancelled,3,G. Ibe,Bulk order discount applied,624.0730000000001
ORD-10889,2024-05-22,Chioma Okafor,chioma.okafor@example.com,Female,,UAE,Furniture,Sofa,8,780.0912500000001,0.0,5.87,Mobile Money,Shipped,5,D. Bello,Customer requested gift wrap,6240.7300000000005
ORD-11019,2024-07-27,John Yusuf,john.yusuf@example.com,Male,20,United States,Fashion,Handbag,10,162.27,0.0,30.95,Pos,Returned,1,H. Yusuf,Left at door,1622.7
ORD-10453,2025-03-20,Michael Williams,michael.williams@example.com,Male,32,United States,Groceries,Spaghetti Pack,4,38.86,0.0,1.63,Cash,Cancelled,3,H. Yusuf,,155.44
ORD-10288,2023-09-11,David Khan,,,29,UAE,Fashion,T-Shirt,9,158.84,0.15,,Mobile Money,Cancelled,3,B. Musa,Called before delivery,1215.126
ORD-10141,2025-04-10,Chioma Johnson,chioma.johnson@example.com,Female,39,United Kingdom,Books,Notebook Pack,1,,0.05,20.29,Bank Transfer,Returned,,G. Ibe,,
ORD-10431,2024-04-28,Segun Johnson,segun.johnson@example.com,Male,54,United States,Home Appliances,Blender,11,194.56,0.0,43.79,Card,Delivered,,D. Bello,,2140.16
ORD-11480,2024-08-02,Chidi Ibe,chidi.ibe@example.com,Male,40,India,Groceries,Tea Box,4,32.25,0.0,23.42,Cash,Pending,5,F. Chukwu,Customer requested gift wrap,129.0
ORD-10612,2024-11-15,Segun Nwosu,,Male,13,France,Fashion,Handbag,11,191.8,0.2,43.11,Bank Transfer,Shipped,5,I. Nwosu,Fragile item,1687.8400000000001
ORD-10128,2024-05-08,Kunle Yusuf,kunle.yusuf@example.com,Female,34,Canada,Furniture,Bookshelf,3,109.07,0.05,22.11,Mobile Money,Returned,4,E. Okon,Fragile item,310.8495
ORD-11477,2025-03-12,Mary Williams,mary.williams@example.com,Female,42,United States,Home Appliances,Blender,1,87.73,0.0,39.22,Pos,Shipped,5,F. Chukwu,,87.73
ORD-10287,2023-11-21,Zainab Bello,zainab.bello@example.com,Male,31,United States,Furniture,Sofa,3,610.81,0.25,23.51,Card,Shipped,2,B. Musa,Called before delivery,1374.3224999999998
ORD-11064,2025-03-04,Chidi Garcia,chidi.garcia@example.com,Male,34,Canada,Electronics,Smartwatch,6,480.5,0.25,38.08,Pos,Cancelled,4,F. Chukwu,Left at door,2162.25
ORD-11349,2025-08-21,Ngozi Johnson,ngozi.johnson@example.com,Male,36,Brazil,Home Appliances,Electric Kettle,6,252.9,0.25,6.6,Pos,Returned,,A. Okafor,Bulk order discount applied,1138.0500000000002
ORD-10737,2024-08-20,Peter Bello,peter.bello@example.com,Female,30,South Africa,Electronics,Tablet,4,780.0912500000001,0.15,3.35,Bank Transfer,Cancelled,2,E. Okon,Customer requested gift wrap,2652.31025
ORD-10902,2023-07-07,Bola Brown,bola.brown@example.com,Female,39,Canada,Furniture,Dining Table,8,253.21,0.1,13.24,Cash,Delivered,,B. Musa,Fragile item,1823.112
ORD-10142,2023-09-30,David Chukwu,david.chukwu@example.com,Female,15,India,Groceries,Rice 5kg,6,26.85,0.25,3.13,Card,Cancelled,5,H. Yusuf,Fragile item,120.82500000000002
ORD-10739,2023-04-23,Zainab Bello,zainab.bello@example.com,Male,,UAE,Groceries,Spaghetti Pack,4,26.55,0.05,7.56,Pos,Cancelled,,I. Nwosu,Customer requested gift wrap,100.89
ORD-10913,2025-05-15,Linda Garcia,linda.garcia@example.com,Female,56,Brazil,Home Appliances,Blender,7,281.08,0.2,36.94,Card,Pending,,H. Yusuf,Customer requested gift wrap,1574.048
ORD-10986,2023-07-09,Yetunde Bello,yetunde.bello@example.com,Female,35,UAE,Fashion,Jacket,1,35.36,0.0,40.02,Bank Transfer,Delivered,5,I. Nwosu,,35.36
ORD-11086,2023-03-23,Bola Smith,bola.smith@example.com,Male,53,,Home Appliances,Blender,2,247.9,0.25,19.67,Mobile Money,Shipped,4,H. Yusuf,,371.85
ORD-10501,2025-04-21,Grace Eze,grace.eze@example.com,Female,33,Kenya,Groceries,Rice 5kg,9,23.15,0.2,25.11,Mobile Money,Delivered,,E. Okon,,166.68
ORD-10448,2024-07-08,Yetunde Williams,yetunde.williams@example.com,Female,27,France,Groceries,Cooking Oil 2L,5,9.13,0.05,15.96,Bank Transfer,Returned,4,C. Adeyemi,Bulk order discount applied,43.36750000000001
ORD-10102,2023-03-14,Sarah Johnson,sarah.johnson@example.com,Female,31,Kenya,Home Appliances,Air Fryer,2,56.88,0.0,4.98,Pos,Returned,1,B. Musa,Customer requested gift wrap,113.76
ORD-10783,2024-01-13,Ngozi Ibe,,Female,43,UAE,Books,Novel,9,11.83,0.0,32.71,Card,Cancelled,3,C. Adeyemi,,106.47
ORD-11091,2025-01-19,Ibrahim Eze,ibrahim.eze@example.com,Female,38,Canada,Furniture,Dining Table,10,225.34,0.0,30.07,Mobile Money,Pending,3,E. Okon,,2253.4
ORD-10096,2023-12-27,Femi Garcia,femi.garcia@example.com,Female,43,United States,Books,Journal,1,7.97,0.0,33.14,Card,Delivered,3,C. Adeyemi,Customer requested gift wrap,7.97
ORD-10846,2023-01-30,Ade Okon,ade.okon@example.com,Female,33,Brazil,Groceries,Cooking Oil 2L,6,36.45,0.0,28.21,Bank Transfer,Cancelled,,B. Musa,Fragile item,218.70000000000002
ORD-10072,2023-02-12,Segun Khan,segun.khan@example.com,,28,Canada,Fashion,Handbag,9,,0.1,10.81,Card,Cancelled,2,E. Okon,Called before delivery,
ORD-10038,2023-10-10,Emeka Ibe,emeka.ibe@example.com,Female,36,,Home Appliances,Air Fryer,9,349.55,0.25,6.21,Pos,Cancelled,5,I. Nwosu,Bulk order discount applied,2359.4625
ORD-10187,2025-09-29,Chioma Adeyemi,,Female,52,Brazil,Books,Cookbook,7,10.56,0.1,7.92,Card,Delivered,3,C. Adeyemi,Customer requested gift wrap,66.528
ORD-10622,2024-10-18,Femi Okafor,femi.okafor@example.com,,49,UAE,Fashion,Jacket,9,60.49,0.05,44.54,Mobile Money,Cancelled,3,D. Bello,Customer requested gift wrap,517.1895
ORD-10327,2025-12-11,Femi Chukwu,femi.chukwu@example.com,Male,24,Nigeria,Groceries,Sugar 1kg,4,7.55,0.0,38.24,Bank Transfer,Shipped,3,A. Okafor,,30.2
ORD-10326,2025-07-03,Bola Adeyemi,bola.adeyemi@example.com,Female,32,UAE,Electronics,Headphones,8,,0.0,32.96,Mobile Money,Pending,3,E. Okon,Bulk order discount applied,
ORD-10657,2023-10-15,Peter Nwosu,peter.nwosu@example.com,Female,31,United Kingdom,Home Appliances,Blender,2,175.74,0.0,19.13,Card,Cancelled,4,B. Musa,,351.48
ORD-10201,2025-04-19,Chidi Adeyemi,chidi.adeyemi@example.com,Male,39,Brazil,Electronics,Smartwatch,7,780.0912500000001,0.0,2.07,Card,Shipped,1,C. Adeyemi,,5460.63875
ORD-11299,2024-12-12,Femi Smith,femi.smith@example.com,Male,,Germany,Books,Journal,7,52.77,0.0,3.05,Card,Delivered,1,J. Eze,Left at door,369.39000000000004
ORD-10112,2024-12-28,Chidi Okafor,chidi.okafor@example.com,Female,19,Germany,Furniture,Study Desk,3,546.38,0.0,44.97,Cash,Pending,5,A. Okafor,Bulk order discount applied,1639.1399999999999
ORD-10631,2023-11-12,Segun Bello,segun.bello@example.com,,35,Ghana,Fashion,Jeans,4,133.34,0.0,33.16,Pos,Cancelled,1,B. Musa,,533.36
ORD-10807,,Ade Ibe,ade.ibe@example.com,Female,45,UAE,Books,Notebook Pack,2,37.56,0.15,19.15,Pos,Shipped,,I. Nwosu,,63.852000000000004
ORD-10061,2023-03-12,Ibrahim Chukwu,ibrahim.chukwu@example.com,Male,47,Canada,Books,Journal,2,52.1,0.05,40.94,Card,Pending,,I. Nwosu,Left at door,98.99
ORD-10118,2025-09-15,Grace Garcia,,Male,21,Brazil,Books,Cookbook,9,27.52,0.05,19.9,Card,Cancelled,5,H. Yusuf,Left at door,235.296
ORD-11179,2023-02-26,Yetunde Garcia,yetunde.garcia@example.com,,30,Brazil,Fashion,Sneakers,2,110.16,0.0,12.77,Mobile Money,Returned,5,D. Bello,Called before delivery,220.32
ORD-10685,2023-06-11,Peter Smith,peter.smith@example.com,Male,29,United States,Electronics,Smartwatch,5,650.6,0.15,35.06,Mobile Money,Pending,1,I. Nwosu,,2765.0499999999997
ORD-10862,2023-09-14,Grace Musa,grace.musa@example.com,Male,38,Canada,Furniture,Sofa,11,361.34,0.25,0.32,Card,Shipped,1,D. Bello,,2981.055
ORD-10791,2024-09-06,Sarah Smith,,Male,27,Canada,Furniture,Office Chair,4,259.96,0.0,16.88,Bank Transfer,Delivered,3,A. Okafor,Fragile item,1039.84
ORD-10368,2025-04-29,Peter Khan,peter.khan@example.com,Female,40,Brazil,Groceries,Spaghetti Pack,3,29.53,0.1,9.36,Cash,Returned,2,H. Yusuf,,79.73100000000001
ORD-11234,2024-12-25,Grace Khan,grace.khan@example.com,Male,9,United States,Fashion,Jeans,11,200.5,0.0,28.21,Bank Transfer,Pending,1,D. Bello,Called before delivery,2205.5
ORD-10883,2024-07-25,Segun Ibe,segun.ibe@example.com,Female,52,Germany,Home Appliances,Electric Kettle,4,288.81,0.05,37.49,Card,Pending,1,F. Chukwu,Bulk order discount applied,1097.478
ORD-10931,2023-12-13,Femi Musa,femi.musa@example.com,Male,47,Ghana,Electronics,Smartwatch,3,573.46,0.15,36.37,Bank Transfer,Shipped,3,E. Okon,,1462.323
ORD-10364,2023-08-02,Yetunde Khan,yetunde.khan@example.com,Female,40,Ghana,Home Appliances,Air Fryer,8,151.9,0.1,23.24,Mobile Money,Delivered,1,G. Ibe,,1093.68
ORD-10817,2023-10-05,Ngozi Okon,ngozi.okon@example.com,Female,43,South Africa,Electronics,Monitor,10,780.0912500000001,0.0,9.28,Cash,Delivered,3,J. Eze,,7800.9125
ORD-10654,2023-10-29,Linda Adeyemi,,Female,41,Brazil,Furniture,Study Desk,7,664.3,0.0,36.95,Cash,Delivered,4,G. Ibe,Bulk order discount applied,4650.099999999999
ORD-10325,2023-01-25,Chidi Khan,chidi.khan@example.com,Male,56,Germany,Groceries,Cooking Oil 2L,7,10.53,0.0,4.39,Card,Delivered,4,J. Eze,Bulk order discount applied,73.71
ORD-11366,2025-06-19,Ngozi Bello,ngozi.bello@example.com,Male,5,South Africa,Electronics,Headphones,9,575.43,0.1,12.36,Bank Transfer,Cancelled,4,J. Eze,Customer requested gift wrap,4660.983
ORD-10355,2025-04-17,Amaka Ibe,,Female,43,Brazil,Electronics,Smartphone,9,744.49,0.0,40.33,Pos,Shipped,,C. Adeyemi,,6700.41
ORD-10279,2025-06-04,David Yusuf,david.yusuf@example.com,Male,53,Nigeria,Fashion,Sneakers,2,66.27,0.1,41.57,Bank Transfer,Returned,,F. Chukwu,,119.286
ORD-10705,2025-03-04,Amaka Bello,amaka.bello@example.com,Male,34,United States,Home Appliances,Blender,7,81.38,0.25,35.98,Mobile Money,Pending,1,E. Okon,Called before delivery,427.245
ORD-11153,2024-11-26,David Bello,david.bello@example.com,Female,44,France,Home Appliances,Blender,2,212.89,0.0,0.55,Card,Pending,2,J. Eze,Fragile item,425.78
ORD-10761,2023-06-18,Kunle Yusuf,kunle.yusuf@example.com,Male,36,Ghana,Groceries,Rice 5kg,4,7.48,0.0,7.07,Mobile Money,Shipped,5,J. Eze,Bulk order discount applied,29.92
ORD-11495,2023-04-15,Kunle Smith,kunle.smith@example.com,Female,38,Canada,Furniture,Study Desk,8,160.86,0.25,42.63,Pos,Cancelled,5,I. Nwosu,,965.1600000000001
ORD-10733,2025-02-13,Grace Eze,grace.eze@example.com,Male,14,France,Home Appliances,Electric Kettle,8,312.91,0.0,21.93,Cash,Pending,5,H. Yusuf,,2503.28
ORD-11245,2024-05-17,Ngozi Okon,ngozi.okon@example.com,Female,26,United States,Furniture,Study Desk,4,496.02,0.0,23.12,Card,Cancelled,3,B. Musa,Fragile item,1984.08
ORD-10899,2025-08-03,Sarah Adeyemi,sarah.adeyemi@example.com,Female,44,Ghana,Electronics,Tablet,9,96.72,0.0,13.77,Cash,Returned,3,J. Eze,Called before delivery,870.48
ORD-10205,2025-03-06,Michael Adeyemi,michael.adeyemi@example.com,Female,25,Brazil,Electronics,Smartwatch,3,780.0912500000001,0.0,4.32,Bank Transfer,Cancelled,,A. Okafor,,2340.2737500000003
ORD-10312,2025-12-14,Michael Chukwu,michael.chukwu@example.com,Male,,Canada,Fashion,T-Shirt,8,114.8,0.2,11.05,Cash,Shipped,5,B. Musa,Customer requested gift wrap,734.72
ORD-11317,2025-07-04,Emeka Garcia,emeka.garcia@example.com,Female,26,India,Books,Notebook Pack,,5.3,0.05,34.56,Pos,Returned,2,H. Yusuf,Called before delivery,
ORD-10701,2024-05-17,Kunle Johnson,kunle.johnson@example.com,Female,39,Nigeria,Home Appliances,Microwave,11,77.9,0.2,42.07,Card,Returned,1,H. Yusuf,,685.5200000000001
ORD-10719,2025-11-15,Kunle Brown,kunle.brown@example.com,Female,36,Germany,Fashion,Jacket,5,181.73,0.2,14.69,Mobile Money,Delivered,,I. Nwosu,,726.9200000000001
ORD-10652,2023-04-25,Ade Chukwu,ade.chukwu@example.com,Male,35,Canada,Furniture,Sofa,10,765.76,0.0,25.52,Bank Transfer,Cancelled,1,D. Bello,Called before delivery,7657.6
ORD-10641,2025-07-09,Segun Eze,segun.eze@example.com,Male,49,France,Home Appliances,Blender,8,326.79,0.25,27.17,Card,Returned,1,G. Ibe,Fragile item,1960.7400000000002
ORD-10064,2024-09-29,Kunle Bello,kunle.bello@example.com,Female,35,India,Home Appliances,Vacuum Cleaner,8,284.5,0.0,33.71,Mobile Money,Pending,3,H. Yusuf,Left at door,2276.0
ORD-11280,2023-08-17,Ngozi Okafor,ngozi.okafor@example.com,Female,29,Ghana,Groceries,Spaghetti Pack,7,33.79,0.05,31.46,Card,Shipped,5,B. Musa,Fragile item,224.7035
ORD-10363,2024-11-10,Zainab Bello,zainab.bello@example.com,Male,38,Germany,Groceries,Sugar 1kg,1,39.27,0.2,13.31,Card,Shipped,4,E. Okon,,31.416000000000004
ORD-10059,2023-10-01,Peter Johnson,peter.johnson@example.com,Male,39,South Africa,Fashion,Jeans,11,191.67,0.0,33.57,Cash,Pending,3,D. Bello,Called before delivery,2108.37
ORD-10168,2023-10-02,Linda Okon,linda.okon@example.com,Female,48,India,Home Appliances,Air Fryer,8,238.07,0.25,38.64,Mobile Money,Cancelled,5,C. Adeyemi,Bulk order discount applied,1428.42
ORD-10207,2024-07-24,Chidi Adeyemi,chidi.adeyemi@example.com,Male,48,Brazil,Home Appliances,Vacuum Cleaner,1,70.37,0.0,44.09,Mobile Money,Delivered,2,A. Okafor,Customer requested gift wrap,70.37
ORD-11206,2025-06-25,Segun Johnson,,Male,28,Ghana,Books,Textbook,5,25.51,0.0,35.45,Pos,Cancelled,2,B. Musa,,127.55000000000001
ORD-10260,2025-05-02,Chidi Smith,chidi.smith@example.com,Male,32,Germany,Furniture,Sofa,1,780.0912500000001,0.15,42.09,Bank Transfer,Pending,3,F. Chukwu,,663.0775625
ORD-10504,2024-10-31,Chioma Williams,chioma.williams@example.com,,33,Kenya,Groceries,Cooking Oil 2L,6,22.61,0.0,4.47,Card,Delivered,4,C. Adeyemi,Bulk order discount applied,135.66
ORD-10415,2024-12-07,Kunle Okafor,kunle.okafor@example.com,Female,36,India,Furniture,Sofa,4,702.89,0.25,18.8,Pos,Cancelled,,C. Adeyemi,Fragile item,2108.67
ORD-11394,2024-12-20,Femi Ibe,femi.ibe@example.com,Male,41,South Africa,Groceries,Spaghetti Pack,2,26.47,0.1,30.63,Card,Shipped,4,H. Yusuf,Fragile item,47.646
ORD-10375,2025-02-11,John Ibe,john.ibe@example.com,Male,23,France,Books,Notebook Pack,5,20.46,0.0,17.4,Card,Pending,5,J. Eze,,102.30000000000001
ORD-11265,2023-04-20,Segun Williams,segun.williams@example.com,Female,21,Kenya,Home Appliances,Air Fryer,5,220.53,0.1,21.7,Card,Cancelled,2,H. Yusuf,,992.3850000000001
ORD-10413,2023-07-09,John Yusuf,john.yusuf@example.com,Male,34,United States,Groceries,Sugar 1kg,11,,0.0,29.43,Bank Transfer,Pending,4,A. Okafor,,
ORD-10714,2024-05-07,Amaka Eze,,Female,34,Ghana,Groceries,Sugar 1kg,8,4.91,0.2,29.43,Mobile Money,Delivered,4,B. Musa,,31.424000000000003
ORD-10502,2024-06-13,Peter Musa,peter.musa@example.com,Male,35,Nigeria,Groceries,Rice 5kg,1,2.25,0.1,16.0,Cash,Delivered,4,J. Eze,Fragile item,2.025
ORD-11330,2025-05-24,Michael Garcia,michael.garcia@example.com,Female,39,South Africa,Books,Cookbook,8,10.28,0.0,35.82,Pos,Pending,,I. Nwosu,,82.24
ORD-10620,2025-01-05,Chioma Brown,chioma.brown@example.com,Male,37,France,Electronics,Laptop,1,780.0912500000001,0.0,12.25,Pos,Shipped,,H. Yusuf,Customer requested gift wrap,780.0912500000001
ORD-11034,2024-02-28,Tunde Okafor,tunde.okafor@example.com,Male,46,South Africa,Books,Cookbook,8,52.7,0.0,37.44,Bank Transfer,Pending,5,F. Chukwu,,421.6
ORD-10586,,Yetunde Bello,yetunde.bello@example.com,Female,19,Ghana,Home Appliances,Microwave,10,331.89,0.0,20.59,Pos,Cancelled,2,A. Okafor,,3318.8999999999996
ORD-10028,2025-03-05,John Nwosu,john.nwosu@example.com,Male,15,Nigeria,Books,Notebook Pack,10,11.98,0.0,26.76,Cash,Delivered,4,C. Adeyemi,Left at door,119.80000000000001
ORD-10117,2025-03-07,Ibrahim Okon,ibrahim.okon@example.com,,28,Germany,Furniture,Bookshelf,,281.79,0.1,31.13,Cash,Delivered,,C. Adeyemi,Bulk order discount applied,
ORD-10010,2023-06-07,David Adeyemi,,Male,22,Kenya,Home Appliances,Electric Kettle,2,309.38,0.0,2.22,Pos,Pending,,I. Nwosu,Left at door,618.76
ORD-10351,,Tunde Smith,tunde.smith@example.com,Male,16,India,Fashion,Sneakers,6,165.93,0.1,24.33,Bank Transfer,Pending,1,F. Chukwu,Called before delivery,896.022
ORD-10821,2023-12-24,Amaka Adeyemi,amaka.adeyemi@example.com,Male,42,Nigeria,Fashion,Handbag,11,133.35,0.15,20.12,Cash,Shipped,3,F. Chukwu,Fragile item,1246.8225
ORD-10944,2025-08-07,Michael Bello,michael.bello@example.com,Male,37,France,Groceries,Sugar 1kg,6,10.41,0.1,19.89,Bank Transfer,Cancelled,4,G. Ibe,Fragile item,56.214
ORD-10541,2024-04-10,Tunde Chukwu,tunde.chukwu@example.com,Female,24,Nigeria,Home Appliances,Blender,3,227.4,0.05,27.72,Card,Pending,2,J. Eze,Called before delivery,648.09
ORD-11325,2023-04-29,Halima Brown,halima.brown@example.com,Female,31,South Africa,Fashion,Jeans,5,61.73,0.0,2.01,Mobile Money,Cancelled,4,A. Okafor,,308.65
ORD-11096,2025-11-05,Kunle Ibe,kunle.ibe@example.com,Female,31,South Africa,Electronics,Smartwatch,7,333.92,0.0,,Mobile Money,Delivered,5,B. Musa,Left at door,2337.44
ORD-10949,2024-11-30,David Brown,david.brown@example.com,Male,19,United States,Electronics,Monitor,4,300.37,0.15,,Card,Pending,4,H. Yusuf,Bulk order discount applied,1021.258
ORD-10936,2023-04-14,Mary Williams,mary.williams@example.com,Female,43,Ghana,Fashion,Jacket,5,70.77,0.25,23.95,Bank Transfer,Cancelled,5,I. Nwosu,,265.3875
ORD-11078,2025-03-25,Tunde Brown,tunde.brown@example.com,Female,35,India,Groceries,Cooking Oil 2L,3,22.31,0.1,23.54,Bank Transfer,Returned,,F. Chukwu,,60.236999999999995
ORD-11426,2023-02-16,Mary Eze,mary.eze@example.com,Female,,United States,Groceries,Cooking Oil 2L,3,22.21,0.1,34.05,Cash,Cancelled,4,A. Okafor,,59.967
ORD-10397,2024-03-23,Ibrahim Johnson,ibrahim.johnson@example.com,Female,26,Ghana,Fashion,T-Shirt,11,138.96,0.1,25.98,Pos,Pending,4,J. Eze,,1375.7040000000002
ORD-10276,2024-09-25,Zainab Musa,zainab.musa@example.com,Male,38,Ghana,Home Appliances,Microwave,4,204.99,0.0,27.22,Card,Delivered,2,E. Okon,,819.96
ORD-10147,2024-04-30,Femi Nwosu,femi.nwosu@example.com,Female,42,Canada,Fashion,T-Shirt,10,186.41,0.1,,Mobile Money,Pending,1,B. Musa,,1677.69
ORD-11361,2025-06-01,Yetunde Williams,yetunde.williams@example.com,Female,6,Germany,Electronics,Smartwatch,1,780.0912500000001,0.2,,Cash,Delivered,4,F. Chukwu,Called before delivery,624.0730000000001
ORD-10702,2025-07-07,Chidi Musa,chidi.musa@example.com,Female,37,Kenya,Books,Novel,8,30.57,0.25,44.35,Card,Delivered,4,E. Okon,Fragile item,183.42000000000002
ORD-10799,2025-03-19,Chioma Okafor,chioma.okafor@example.com,Male,18,France,Electronics,Headphones,1,82.81,0.0,9.29,Card,Returned,2,G. Ibe,,82.81
ORD-11202,2023-03-06,Yetunde Johnson,yetunde.johnson@example.com,Male,31,Brazil,Furniture,Dining Table,1,593.69,0.2,8.54,Cash,Pending,3,J. Eze,Customer requested gift wrap,474.95200000000006
ORD-10489,2025-12-28,Emeka Nwosu,emeka.nwosu@example.com,Male,55,India,Fashion,Sneakers,3,36.22,0.25,34.82,Cash,Delivered,1,B. Musa,,81.495
ORD-11412,2025-06-23,John Khan,john.khan@example.com,Male,36,Germany,Fashion,T-Shirt,8,71.29,0.2,38.61,Pos,Shipped,5,E. Okon,Customer requested gift wrap,456.2560000000001
ORD-10018,2025-08-28,Ibrahim Smith,ibrahim.smith@example.com,Male,61,Kenya,Books,Novel,9,45.85,0.05,5.39,Mobile Money,Shipped,2,G. Ibe,Called before delivery,392.01750000000004
ORD-11432,2023-02-05,Chidi Smith,chidi.smith@example.com,Female,34,India,Furniture,Sofa,1,600.79,0.0,38.08,Mobile Money,Delivered,3,G. Ibe,,600.79
ORD-10211,2023-11-12,David Eze,david.eze@example.com,Male,25,Germany,Electronics,Headphones,2,780.0912500000001,0.2,22.94,Card,Cancelled,5,F. Chukwu,Called before delivery,1248.1460000000002
ORD-10977,2024-02-25,Grace Adeyemi,grace.adeyemi@example.com,Male,36,Canada,Home Appliances,Air Fryer,5,38.95,0.25,,Card,Cancelled,1,E. Okon,Left at door,146.0625
ORD-10636,2024-06-14,Peter Brown,,Male,42,United States,Groceries,Cooking Oil 2L,6,35.07,,14.36,Cash,Cancelled,1,D. Bello,,210.42000000000002
ORD-10119,2024-11-07,Grace Musa,,Male,17,South Africa,Electronics,Headphones,5,636.7,0.0,12.51,Pos,Cancelled,5,F. Chukwu,Left at door,3183.5
ORD-10180,2024-08-30,Michael Bello,michael.bello@example.com,Female,36,Ghana,Furniture,Sofa,5,137.75,0.1,19.14,Mobile Money,Returned,2,E. Okon,Called before delivery,619.875
ORD-10888,2024-06-24,Amaka Adeyemi,amaka.adeyemi@example.com,Male,42,United States,Fashion,Sneakers,2,98.93,0.0,19.92,Mobile Money,Returned,5,J. Eze,,197.86
ORD-10452,2023-08-04,Tunde Musa,tunde.musa@example.com,Female,45,Canada,Books,Journal,8,11.22,0.2,2.66,Cash,Delivered,1,B. Musa,Fragile item,71.808
ORD-10926,2025-02-07,Segun Yusuf,segun.yusuf@example.com,Female,40,Brazil,Groceries,Spaghetti Pack,11,37.9,0.0,40.57,Card,Pending,4,D. Bello,,416.9
ORD-10347,2025-06-25,Michael Johnson,michael.johnson@example.com,Female,44,India,Electronics,Monitor,5,555.29,,15.19,Cash,Pending,1,F. Chukwu,Customer requested gift wrap,2776.45
ORD-10514,2023-02-08,Segun Brown,segun.brown@example.com,Female,37,Germany,Books,Textbook,7,15.68,0.0,38.07,Cash,Returned,3,E. Okon,,109.75999999999999
ORD-10573,2024-08-17,Femi Nwosu,femi.nwosu@example.com,Female,,Ghana,Home Appliances,Air Fryer,,315.4,0.05,33.95,Mobile Money,Cancelled,2,H. Yusuf,,
ORD-10871,2025-04-13,John Ibe,john.ibe@example.com,Male,30,UAE,Fashion,Sneakers,8,93.04,0.25,12.39,Cash,Cancelled,4,C. Adeyemi,Bulk order discount applied,558.24
ORD-11006,2024-04-08,Michael Bello,,Female,37,South Africa,Fashion,T-Shirt,,118.4,0.2,15.93,Pos,Cancelled,4,A. Okafor,Duplicate entry - re-keyed,
ORD-10341,2025-01-28,Femi Brown,femi.brown@example.com,Male,19,Brazil,Home Appliances,Electric Kettle,6,264.22,0.0,41.59,Bank Transfer,Returned,3,G. Ibe,Called before delivery,1585.3200000000002
ORD-11107,2024-08-19,Zainab Khan,zainab.khan@example.com,Female,31,Canada,Furniture,Bookshelf,10,557.12,0.0,0.66,Bank Transfer,Shipped,2,H. Yusuf,Left at door,5571.2
ORD-10729,2025-02-25,Peter Brown,peter.brown@example.com,Female,56,Germany,Electronics,Headphones,1,780.0912500000001,0.25,37.91,Mobile Money,Cancelled,5,C. Adeyemi,,585.0684375000001
ORD-10024,,Grace Johnson,grace.johnson@example.com,Female,39,Canada,Books,Cookbook,5,34.12,0.0,6.99,Cash,Pending,2,E. Okon,Bulk order discount applied,170.6
ORD-10673,2023-03-04,Peter Williams,peter.williams@example.com,Female,19,United States,Fashion,Sneakers,7,214.01,0.15,26.17,Card,Cancelled,2,I. Nwosu,,1273.3595
ORD-10475,2025-11-21,Bola Eze,bola.eze@example.com,Male,30,South Africa,Fashion,Sneakers,5,210.62,0.2,11.24,Bank Transfer,Returned,3,H. Yusuf,,842.48
ORD-10359,2024-03-07,Michael Okafor,michael.okafor@example.com,Female,10,Ghana,Home Appliances,Microwave,5,45.55,0.1,21.26,Card,Shipped,,E. Okon,,204.975
ORD-10512,2024-11-28,Ngozi Nwosu,ngozi.nwosu@example.com,Male,24,Canada,Electronics,Monitor,11,780.0912500000001,0.2,1.53,Card,Returned,2,C. Adeyemi,Bulk order discount applied,6864.803
ORD-10665,2024-02-14,Bola Musa,bola.musa@example.com,Female,4,India,Fashion,T-Shirt,11,206.24,0.15,36.85,Pos,Returned,1,B. Musa,Left at door,1928.3440000000003
ORD-10408,2023-10-31,Halima Williams,halima.williams@example.com,Male,19,UAE,Home Appliances,Electric Kettle,8,307.04,0.0,2.4,Bank Transfer,Delivered,1,C. Adeyemi,Customer requested gift wrap,2456.32
ORD-11098,2025-11-17,Tunde Musa,tunde.musa@example.com,Male,29,France,Home Appliances,Air Fryer,9,278.47,,6.38,Card,Shipped,4,C. Adeyemi,Left at door,2506.2300000000005
ORD-10670,2025-04-23,Bola Adeyemi,bola.adeyemi@example.com,Male,38,Nigeria,Furniture,Sofa,,490.17,0.05,11.85,Cash,Cancelled,,I. Nwosu,Fragile item,
ORD-10900,2024-05-03,Ade Bello,ade.bello@example.com,Male,28,United Kingdom,Fashion,T-Shirt,9,215.32,0.05,19.6,Bank Transfer,Pending,,F. Chukwu,Called before delivery,1840.9859999999999
ORD-10468,2023-10-15,Linda Chukwu,linda.chukwu@example.com,Female,37,UAE,Electronics,Laptop,1,780.0912500000001,0.25,43.51,Card,Shipped,4,B. Musa,Fragile item,585.0684375000001
ORD-11140,2025-05-24,Peter Okon,peter.okon@example.com,Female,41,United States,Fashion,Sneakers,5,55.47,,31.0,Card,Returned,,F. Chukwu,Left at door,277.35
ORD-11217,2023-06-10,Zainab Ibe,zainab.ibe@example.com,Male,34,Ghana,Groceries,Rice 5kg,4,38.0,0.25,5.6,Pos,Shipped,,I. Nwosu,,114.0
ORD-10800,2024-09-06,Sarah Adeyemi,sarah.adeyemi@example.com,Male,51,South Africa,Groceries,Cooking Oil 2L,5,30.14,0.05,,Cash,Pending,2,G. Ibe,Customer requested gift wrap,143.165
ORD-10379,2023-08-02,David Bello,david.bello@example.com,Male,39,United Kingdom,Home Appliances,Vacuum Cleaner,11,98.87,0.2,22.58,Card,Returned,2,H. Yusuf,,870.0560000000002
ORD-10661,2023-02-27,Ngozi Smith,ngozi.smith@example.com,Male,25,Kenya,Fashion,Handbag,8,147.13,,6.98,Mobile Money,Cancelled,5,C. Adeyemi,,1177.04
ORD-11133,2023-10-06,John Khan,john.khan@example.com,Male,36,Canada,Groceries,Tea Box,6,6.57,0.1,,Bank Transfer,Returned,4,H. Yusuf,Customer requested gift wrap,35.478
ORD-10014,2025-10-22,Michael Khan,michael.khan@example.com,Male,40,India,Groceries,Tea Box,11,2.47,0.1,44.87,Mobile Money,Cancelled,5,D. Bello,Left at door,24.453000000000003
ORD-10109,2023-08-25,Tunde Williams,tunde.williams@example.com,Male,32,Canada,Groceries,Tea Box,7,17.83,0.25,6.59,Mobile Money,Delivered,3,C. Adeyemi,,93.60749999999999
ORD-10758,2023-09-27,David Khan,david.khan@example.com,Male,27,United States,Furniture,Sofa,5,292.62,0.2,1.9,Cash,Delivered,3,A. Okafor,Called before delivery,1170.48
ORD-10968,2025-07-05,Bola Ibe,bola.ibe@example.com,Male,22,United Kingdom,Furniture,Bookshelf,2,73.63,0.25,8.61,Pos,Pending,3,C. Adeyemi,,110.445
ORD-10946,2024-04-05,Ibrahim Okon,ibrahim.okon@example.com,Male,28,Ghana,Groceries,Rice 5kg,6,35.59,0.25,7.78,Card,Cancelled,4,I. Nwosu,Fragile item,160.15500000000003
ORD-10678,2024-08-01,Grace Eze,grace.eze@example.com,Male,46,India,Electronics,Monitor,9,780.0912500000001,0.2,27.53,Pos,Delivered,3,I. Nwosu,,5616.657000000001
ORD-10035,2024-12-10,Grace Ibe,grace.ibe@example.com,Male,38,Canada,Books,Notebook Pack,1,46.23,0.05,16.49,Card,Returned,2,G. Ibe,,43.918499999999995
ORD-10285,2024-10-03,Zainab Bello,zainab.bello@example.com,Female,33,UAE,Electronics,Smartwatch,5,780.0912500000001,0.0,30.65,Pos,Shipped,4,G. Ibe,Bulk order discount applied,3900.45625
ORD-10099,2024-03-18,Ngozi Smith,ngozi.smith@example.com,Female,,India,Books,Novel,4,13.21,0.0,38.45,Pos,Cancelled,1,J. Eze,,52.84
ORD-10331,2023-09-20,John Khan,,Female,29,United States,Fashion,Sneakers,7,164.7,0.05,16.83,Card,Pending,2,I. Nwosu,Customer requested gift wrap,1095.2549999999999
ORD-10393,2023-10-16,Grace Okafor,grace.okafor@example.com,Male,16,Ghana,Groceries,Rice 5kg,2,10.99,0.25,38.2,Bank Transfer,Shipped,,F. Chukwu,Fragile item,16.485
ORD-11125,2023-08-02,Amaka Bello,amaka.bello@example.com,Male,39,Ghana,Books,Cookbook,6,43.53,0.0,42.34,Bank Transfer,Pending,,I. Nwosu,Called before delivery,261.18
ORD-10531,2025-10-22,Ngozi Khan,ngozi.khan@example.com,Male,31,Brazil,Fashion,Handbag,6,155.68,0.2,7.6,Card,Pending,,C. Adeyemi,,747.2640000000001
ORD-11095,2025-02-18,Kunle Okon,kunle.okon@example.com,Female,37,Canada,Books,Novel,1,15.01,0.0,28.04,Mobile Money,Pending,,H. Yusuf,,15.01
ORD-10451,,Peter Nwosu,peter.nwosu@example.com,Female,46,India,Home Appliances,Microwave,10,331.62,,35.01,Mobile Money,Delivered,,I. Nwosu,,3316.2
ORD-10250,2024-06-19,Kunle Eze,kunle.eze@example.com,Male,40,UAE,Books,Cookbook,4,21.4,0.0,43.07,Cash,Returned,,E. Okon,,85.6
ORD-11365,2024-02-20,Ibrahim Adeyemi,ibrahim.adeyemi@example.com,Male,32,Ghana,Books,Cookbook,1,10.29,0.05,5.1,Bank Transfer,Delivered,,F. Chukwu,,9.7755
ORD-11382,2024-07-23,Zainab Williams,zainab.williams@example.com,,32,India,Books,Novel,10,28.18,0.1,24.25,Cash,Shipped,1,A. Okafor,,253.62
ORD-11407,2023-12-19,Ibrahim Johnson,ibrahim.johnson@example.com,Male,,United States,Books,Journal,1,58.48,0.0,38.58,Cash,Returned,4,G. Ibe,,58.48
ORD-10242,,Zainab Johnson,zainab.johnson@example.com,Female,21,Canada,Home Appliances,Vacuum Cleaner,11,162.26,0.0,32.08,Card,Returned,4,A. Okafor,,1784.86
ORD-10025,2024-10-06,Bola Okafor,bola.okafor@example.com,Female,46,Ghana,Electronics,Tablet,2,780.0912500000001,0.1,2.29,Cash,Returned,,F. Chukwu,,1404.16425
ORD-10111,2025-11-04,Segun Bello,segun.bello@example.com,Female,47,Canada,Books,Journal,4,46.99,0.1,31.95,Pos,Returned,,D. Bello,Fragile item,169.16400000000002
ORD-10016,2025-03-15,Kunle Okafor,kunle.okafor@example.com,Male,39,United States,Furniture,Office Chair,11,137.05,0.0,31.49,Card,Cancelled,,D. Bello,Left at door,1507.5500000000002
ORD-10743,2025-06-30,Ibrahim Yusuf,ibrahim.yusuf@example.com,Female,31,Germany,Electronics,Smartwatch,9,780.0912500000001,0.0,27.0,Card,Delivered,3,B. Musa,Customer requested gift wrap,7020.821250000001
ORD-11471,2024-11-21,Chidi Johnson,chidi.johnson@example.com,Male,54,Brazil,Fashion,T-Shirt,4,46.86,0.15,30.11,Mobile Money,Shipped,3,A. Okafor,Left at door,159.32399999999998
ORD-10411,2023-08-07,Halima Okon,halima.okon@example.com,Female,25,United Kingdom,Furniture,Office Chair,2,661.23,0.05,7.94,Card,Shipped,1,H. Yusuf,Bulk order discount applied,1256.337
ORD-10738,2025-12-22,Chidi Garcia,,Female,11,Nigeria,Books,Notebook Pack,5,16.68,0.15,44.63,Bank Transfer,Cancelled,3,G. Ibe,,70.89
ORD-10148,2023-09-14,Halima Chukwu,halima.chukwu@example.com,Female,26,UAE,Electronics,Monitor,10,780.0912500000001,0.25,21.39,Bank Transfer,Shipped,5,I. Nwosu,Left at door,5850.684375000001
ORD-11150,2024-05-09,David Williams,david.williams@example.com,Male,36,Germany,Books,Notebook Pack,9,11.36,,11.23,Bank Transfer,Delivered,3,E. Okon,Left at door,102.24
ORD-10922,2023-12-16,Ngozi Okafor,ngozi.okafor@example.com,Female,24,Brazil,Fashion,Jeans,2,,0.05,4.4,Card,Delivered,4,C. Adeyemi,,
ORD-10559,2023-04-07,Emeka Okon,emeka.okon@example.com,Female,47,Canada,Groceries,Cooking Oil 2L,4,22.87,0.1,7.74,Pos,Cancelled,,C. Adeyemi,Called before delivery,82.33200000000001
ORD-11074,2023-06-27,Halima Okon,halima.okon@example.com,Female,50,Ghana,Furniture,Dining Table,9,256.89,,27.29,Card,Shipped,2,G. Ibe,,2312.0099999999998
ORD-10962,2024-11-04,Peter Khan,peter.khan@example.com,Female,13,Nigeria,Fashion,T-Shirt,2,35.74,0.15,12.33,Bank Transfer,Shipped,,C. Adeyemi,,60.758
ORD-11301,2024-03-19,Grace Johnson,grace.johnson@example.com,Male,46,Germany,Fashion,T-Shirt,6,173.85,0.0,28.05,Pos,Returned,,B. Musa,Left at door,1043.1
ORD-10186,2023-03-02,John Musa,john.musa@example.com,Female,31,Canada,Furniture,Study Desk,6,236.06,0.0,6.44,Mobile Money,Shipped,5,G. Ibe,Bulk order discount applied,1416.3600000000001
ORD-11018,2024-07-02,Halima Williams,halima.williams@example.com,Male,,Ghana,Books,Cookbook,1,45.19,0.0,39.68,Bank Transfer,Delivered,,I. Nwosu,,45.19
ORD-10937,2023-10-21,Bola Okon,bola.okon@example.com,Male,31,France,Furniture,Dining Table,7,224.3,0.15,42.0,Pos,Cancelled,4,I. Nwosu,Left at door,1334.585
ORD-11071,2023-07-05,Zainab Musa,zainab.musa@example.com,Female,52,France,Furniture,Bookshelf,1,547.3,0.0,15.82,Cash,Delivered,1,A. Okafor,Fragile item,547.3
ORD-11218,2023-04-30,Ngozi Bello,ngozi.bello@example.com,Male,18,Germany,Furniture,Bookshelf,7,741.14,0.0,16.53,Card,Delivered,3,B. Musa,,5187.98
ORD-10100,2024-10-07,Mary Yusuf,mary.yusuf@example.com,Male,40,France,Books,Journal,8,17.24,0.15,43.1,Cash,Cancelled,3,H. Yusuf,Fragile item,117.23199999999999
ORD-10005,2024-12-27,Chidi Yusuf,chidi.yusuf@example.com,Female,67,Canada,Furniture,Office Chair,9,146.86,0.05,35.22,Bank Transfer,Pending,5,C. Adeyemi,Called before delivery,1255.6530000000002
ORD-10896,2024-07-01,Bola Williams,bola.williams@example.com,Female,34,UAE,Books,Cookbook,1,55.12,0.0,12.99,Pos,Shipped,2,I. Nwosu,Fragile item,55.12
ORD-10047,2023-05-05,Ade Brown,,Male,60,South Africa,Books,Notebook Pack,11,9.44,0.0,1.62,Card,Cancelled,,I. Nwosu,,103.83999999999999
ORD-10472,2025-01-08,Segun Garcia,segun.garcia@example.com,Female,45,United States,Home Appliances,Blender,11,192.03,0.1,21.48,Cash,Returned,5,I. Nwosu,Customer requested gift wrap,1901.097
ORD-10286,2025-10-29,Ibrahim Brown,ibrahim.brown@example.com,Male,,United States,Home Appliances,Microwave,4,33.17,0.0,7.75,Card,Cancelled,3,E. Okon,,132.68
ORD-10194,2025-06-20,Segun Smith,segun.smith@example.com,Male,36,India,Furniture,Sofa,6,780.0912500000001,0.15,40.0,Cash,Pending,4,B. Musa,Bulk order discount applied,3978.465375
ORD-10417,2023-04-30,Amaka Adeyemi,amaka.adeyemi@example.com,Female,66,United Kingdom,Groceries,Rice 5kg,10,7.51,0.15,29.5,Mobile Money,Cancelled,1,J. Eze,Bulk order discount applied,63.834999999999994
ORD-10427,2023-04-08,Ngozi Nwosu,ngozi.nwosu@example.com,Female,24,Nigeria,Books,Notebook Pack,1,26.6,0.15,33.97,Pos,Pending,5,J. Eze,,22.61
ORD-10190,2023-12-22,David Musa,david.musa@example.com,Male,25,Germany,Fashion,Jacket,7,202.2,0.0,25.04,Cash,Returned,5,C. Adeyemi,Left at door,1415.3999999999999
ORD-10027,2023-08-04,Zainab Bello,,Male,38,United States,Furniture,Bookshelf,6,780.0912500000001,0.1,18.63,Cash,Returned,4,D. Bello,Left at door,4212.49275
ORD-10875,2025-08-01,Yetunde Eze,yetunde.eze@example.com,Male,46,United Kingdom,Groceries,Spaghetti Pack,1,28.23,0.25,18.75,Pos,Cancelled,1,F. Chukwu,Fragile item,21.1725
ORD-11228,2024-09-19,Halima Garcia,halima.garcia@example.com,Male,40,United Kingdom,Books,Notebook Pack,6,21.83,0.1,7.08,Bank Transfer,Delivered,4,G. Ibe,,117.88199999999999
ORD-11011,2023-11-13,Amaka Chukwu,amaka.chukwu@example.com,Female,,India,Books,Textbook,10,6.33,0.0,9.15,Cash,Delivered,2,G. Ibe,Customer requested gift wrap,63.3
ORD-10857,2023-03-02,John Johnson,,Female,28,Brazil,Fashion,T-Shirt,2,33.39,0.25,35.15,Card,Cancelled,5,E. Okon,,50.085
ORD-11023,2024-02-06,Tunde Khan,tunde.khan@example.com,Male,48,United Kingdom,Fashion,Jacket,1,110.26,0.0,33.0,Card,Pending,,E. Okon,Left at door,110.26
ORD-10526,2023-07-13,Chioma Khan,chioma.khan@example.com,Female,41,United States,Home Appliances,Air Fryer,2,268.98,0.0,35.91,Bank Transfer,Shipped,4,A. Okafor,,537.96
ORD-11447,2023-09-21,Chidi Bello,chidi.bello@example.com,Male,40,Kenya,Furniture,Office Chair,11,422.19,0.0,23.87,Card,Shipped,3,F. Chukwu,,4644.09
ORD-11021,2023-12-11,John Johnson,john.johnson@example.com,,65,Brazil,Groceries,Spaghetti Pack,11,38.1,0.0,9.07,Pos,Returned,2,G. Ibe,,419.1
ORD-10879,2024-07-02,Ade Williams,ade.williams@example.com,Female,40,South Africa,Groceries,Sugar 1kg,8,23.75,0.1,29.4,Pos,Delivered,3,G. Ibe,Fragile item,171.0
ORD-11110,2024-09-11,David Garcia,david.garcia@example.com,,31,Canada,Electronics,Smartphone,3,780.0912500000001,0.0,41.94,Card,Cancelled,4,H. Yusuf,,2340.2737500000003
ORD-11261,2025-10-13,Ade Musa,ade.musa@example.com,Female,28,Brazil,Groceries,Sugar 1kg,11,22.56,0.0,,Pos,Pending,1,E. Okon,Customer requested gift wrap,248.16
ORD-11408,2023-09-19,Segun Okon,segun.okon@example.com,Male,37,Canada,Furniture,Bookshelf,9,322.57,0.15,37.43,Bank Transfer,Shipped,1,E. Okon,,2467.6605
ORD-10114,2024-07-24,Ade Garcia,ade.garcia@example.com,Female,30,United States,Home Appliances,Electric Kettle,2,186.03,0.0,26.33,Mobile Money,Cancelled,4,B. Musa,Fragile item,372.06
ORD-10229,,Mary Johnson,mary.johnson@example.com,Female,39,France,Home Appliances,Electric Kettle,,173.03,0.1,3.67,Mobile Money,Delivered,3,H. Yusuf,,
ORD-11298,2024-10-09,Femi Okon,femi.okon@example.com,Female,31,United Kingdom,Groceries,Rice 5kg,4,32.8,,26.45,Card,Delivered,3,I. Nwosu,Left at door,131.2
ORD-10052,2025-03-17,Ade Eze,ade.eze@example.com,Male,28,France,Fashion,T-Shirt,2,71.18,0.2,12.3,Card,Returned,2,E. Okon,,113.88800000000002
ORD-11485,2023-11-24,Mary Williams,mary.williams@example.com,Female,28,Kenya,Furniture,Bookshelf,3,470.83,0.0,21.77,Pos,Cancelled,1,F. Chukwu,Fragile item,1412.49
ORD-10253,2025-03-18,Amaka Musa,amaka.musa@example.com,Female,30,Nigeria,Home Appliances,Air Fryer,6,61.89,0.0,0.16,Mobile Money,Shipped,2,G. Ibe,,371.34000000000003
ORD-10569,2023-09-19,David Adeyemi,david.adeyemi@example.com,Male,47,United Kingdom,Groceries,Spaghetti Pack,,3.06,0.2,25.09,Pos,Cancelled,,G. Ibe,,
ORD-10929,2025-08-22,Grace Williams,grace.williams@example.com,Female,38,Canada,Electronics,Smartwatch,11,410.07,0.05,25.99,Mobile Money,Delivered,,I. Nwosu,Left at door,4285.231499999999
ORD-11387,2023-12-10,Ade Adeyemi,ade.adeyemi@example.com,Male,30,United States,Furniture,Study Desk,2,305.12,0.1,8.79,Bank Transfer,Delivered,5,G. Ibe,,549.216
ORD-10839,2024-10-15,Chioma Okafor,chioma.okafor@example.com,Male,29,United States,Books,Novel,2,8.26,0.0,6.89,Card,Pending,4,C. Adeyemi,,16.52
ORD-10928,2025-02-22,Grace Smith,grace.smith@example.com,Female,41,Canada,Furniture,Office Chair,10,316.11,0.15,31.1,Mobile Money,Returned,5,B. Musa,Fragile item,2686.9350000000004
ORD-10329,2023-02-25,Chioma Brown,,Male,34,Ghana,Fashion,Jacket,10,68.76,0.05,18.19,Bank Transfer,Shipped,,C. Adeyemi,,653.22
ORD-10263,2024-08-18,Peter Yusuf,peter.yusuf@example.com,Female,,United Kingdom,Fashion,Sneakers,8,199.59,0.1,15.81,Cash,Returned,1,F. Chukwu,,1437.048
ORD-10955,2025-12-24,David Okon,david.okon@example.com,Male,46,United States,Fashion,Jacket,5,178.18,0.25,43.22,Card,Returned,5,I. Nwosu,Left at door,668.1750000000001
ORD-10370,2023-04-25,Ibrahim Musa,ibrahim.musa@example.com,Male,29,Germany,Furniture,Office Chair,6,560.61,0.0,32.27,Cash,Cancelled,1,D. Bello,Called before delivery,3363.66
ORD-10371,2024-12-21,John Garcia,john.garcia@example.com,Female,43,Nigeria,Books,Cookbook,11,57.79,0.2,42.22,Card,Shipped,1,J. Eze,,508.55199999999996
ORD-10659,2023-06-26,Ngozi Williams,,Male,13,South Africa,Electronics,Smartphone,11,440.62,0.1,31.88,Pos,Cancelled,4,H. Yusuf,Called before delivery,4362.138
ORD-10756,2024-09-06,John Garcia,john.garcia@example.com,Male,27,Kenya,Home Appliances,Electric Kettle,11,119.11,0.2,38.99,Card,Cancelled,1,G. Ibe,,1048.1680000000001
ORD-11024,2024-06-27,Yetunde Williams,yetunde.williams@example.com,,33,France,Furniture,Bookshelf,7,396.57,0.15,,Pos,Shipped,5,F. Chukwu,Left at door,2359.5914999999995
ORD-10165,2023-05-10,Ibrahim Johnson,ibrahim.johnson@example.com,Male,40,Brazil,Fashion,Handbag,1,68.53,0.2,10.7,Cash,Shipped,4,H. Yusuf,Left at door,54.824000000000005
ORD-10548,2024-06-16,Mary Brown,mary.brown@example.com,Male,26,Ghana,Fashion,Jacket,10,178.98,0.0,30.89,Cash,Delivered,,D. Bello,,1789.8
ORD-11082,2025-12-18,Grace Khan,grace.khan@example.com,Female,45,Brazil,Groceries,Rice 5kg,8,4.89,0.0,3.34,Mobile Money,Shipped,5,I. Nwosu,Customer requested gift wrap,39.12
ORD-10208,2025-11-08,Ngozi Brown,,Female,24,United States,Furniture,Dining Table,2,326.99,0.0,43.06,Cash,Returned,2,F. Chukwu,Fragile item,653.98
ORD-11488,2023-07-09,David Bello,david.bello@example.com,Male,22,United States,Groceries,Rice 5kg,9,39.53,0.15,41.51,Card,Delivered,3,C. Adeyemi,Left at door,302.4045
ORD-11297,2024-03-13,Grace Smith,,Male,16,Germany,Electronics,Smartwatch,7,780.0912500000001,0.25,9.82,Mobile Money,Cancelled,3,G. Ibe,Fragile item,4095.4790625
ORD-10264,2024-02-18,Emeka Bello,emeka.bello@example.com,Female,43,Germany,Fashion,Jacket,2,71.88,0.25,32.08,Card,Delivered,5,A. Okafor,Customer requested gift wrap,107.82
ORD-10446,2025-04-01,Segun Okon,segun.okon@example.com,Male,17,United Kingdom,Home Appliances,Microwave,2,313.24,0.0,8.29,Pos,Cancelled,1,J. Eze,Customer requested gift wrap,626.48
ORD-10362,2025-05-01,Zainab Ibe,zainab.ibe@example.com,Female,20,United States,Books,Journal,1,28.55,0.25,37.25,Card,Returned,5,B. Musa,Left at door,21.4125
ORD-10021,2024-04-05,Tunde Brown,,Female,55,Nigeria,Groceries,Spaghetti Pack,6,29.39,0.15,43.64,Cash,Cancelled,2,D. Bello,Left at door,149.889
ORD-10644,2025-06-06,Tunde Ibe,tunde.ibe@example.com,Male,53,,Books,Journal,6,42.44,0.05,27.81,Cash,Shipped,4,I. Nwosu,,241.908
ORD-11246,2024-05-27,Bola Khan,bola.khan@example.com,Female,45,Kenya,Electronics,Tablet,2,349.01,0.2,38.79,Bank Transfer,Shipped,,I. Nwosu,,558.416
ORD-10653,2025-08-04,Linda Garcia,linda.garcia@example.com,Female,18,United Kingdom,Books,Notebook Pack,1,5.46,0.25,20.68,Bank Transfer,Shipped,,C. Adeyemi,Customer requested gift wrap,4.095
ORD-10295,2024-05-06,Mary Okon,mary.okon@example.com,Male,37,United States,Furniture,Study Desk,,725.8,0.2,21.51,Cash,Pending,3,G. Ibe,,
ORD-10903,2025-06-19,Yetunde Johnson,yetunde.johnson@example.com,Female,31,Germany,Electronics,Smartwatch,5,340.88,0.0,15.38,Pos,Delivered,5,B. Musa,,1704.4
ORD-10694,2023-02-27,Bola Eze,bola.eze@example.com,Female,28,UAE,Furniture,Sofa,11,332.91,0.25,16.32,Bank Transfer,Delivered,3,J. Eze,Customer requested gift wrap,2746.5075
ORD-11175,2023-09-15,Tunde Okafor,tunde.okafor@example.com,Male,20,India,Electronics,Headphones,5,440.5,0.05,38.86,Bank Transfer,Pending,,J. Eze,Called before delivery,2092.375
ORD-11262,2024-04-22,Linda Garcia,linda.garcia@example.com,Female,29,Nigeria,Home Appliances,Electric Kettle,1,311.02,0.05,5.26,Pos,Shipped,1,A. Okafor,Left at door,295.469
ORD-11126,2025-04-27,Zainab Bello,zainab.bello@example.com,Male,40,Ghana,Electronics,Smartwatch,11,501.67,0.2,17.63,Bank Transfer,Cancelled,1,F. Chukwu,Left at door,4414.696
ORD-10736,2025-06-11,Femi Brown,femi.brown@example.com,,55,UAE,Furniture,Study Desk,6,780.0912500000001,0.0,39.06,Cash,Shipped,,D. Bello,Bulk order discount applied,4680.547500000001
ORD-10554,2024-10-26,Yetunde Williams,yetunde.williams@example.com,Male,22,Canada,Books,Notebook Pack,4,50.36,0.25,32.02,Cash,Delivered,3,F. Chukwu,Bulk order discount applied,151.07999999999998
ORD-11403,2023-05-23,Tunde Adeyemi,tunde.adeyemi@example.com,Female,39,United States,Fashion,Sneakers,2,210.14,0.15,17.46,Pos,Returned,1,J. Eze,,357.23799999999994
ORD-11052,2023-01-05,Ade Chukwu,ade.chukwu@example.com,Male,29,India,Groceries,Tea Box,1,20.77,0.0,12.84,Pos,Pending,,F. Chukwu,,20.77
ORD-10384,2024-09-06,Amaka Smith,,Female,37,India,Fashion,T-Shirt,4,155.33,0.15,1.6,Bank Transfer,Returned,3,E. Okon,Called before delivery,528.1220000000001
ORD-10129,2024-01-26,Mary Smith,mary.smith@example.com,Female,35,United Kingdom,Home Appliances,Microwave,7,,0.15,0.91,Cash,Delivered,5,I. Nwosu,,
ORD-11119,2025-02-27,Tunde Johnson,tunde.johnson@example.com,,38,Ghana,Electronics,Smartwatch,6,780.0912500000001,0.25,5.53,Mobile Money,Pending,,G. Ibe,,3510.4106250000004
ORD-10790,2024-09-29,Sarah Yusuf,sarah.yusuf@example.com,Male,30,Nigeria,Home Appliances,Vacuum Cleaner,8,37.76,0.0,5.86,Pos,Pending,,C. Adeyemi,Fragile item,302.08
ORD-11196,2023-04-24,Yetunde Musa,yetunde.musa@example.com,Male,24,United States,Fashion,Handbag,10,175.47,0.0,44.26,Pos,Delivered,1,F. Chukwu,,1754.7
ORD-11296,2025-07-19,Femi Brown,femi.brown@example.com,Female,36,India,Electronics,Laptop,5,599.1,0.05,29.13,Cash,Pending,,I. Nwosu,Left at door,2845.725
ORD-10455,2023-08-12,Ade Williams,ade.williams@example.com,Female,11,Brazil,Groceries,Sugar 1kg,2,39.64,0.25,19.61,Cash,Returned,,E. Okon,Fragile item,59.46
ORD-11219,2025-10-10,Yetunde Adeyemi,yetunde.adeyemi@example.com,Male,40,United Kingdom,Books,Notebook Pack,6,19.07,0.2,3.87,Mobile Money,Cancelled,3,B. Musa,,91.536
ORD-10152,2024-03-30,Segun Musa,segun.musa@example.com,Female,27,United States,Furniture,Bookshelf,2,94.02,0.25,38.9,Card,Delivered,4,F. Chukwu,Left at door,141.03
ORD-11000,2024-04-04,Yetunde Nwosu,yetunde.nwosu@example.com,Male,44,Ghana,Books,Cookbook,2,53.55,0.0,27.32,Card,Cancelled,5,F. Chukwu,Customer requested gift wrap,107.1
ORD-11124,2025-09-18,Halima Garcia,halima.garcia@example.com,Male,20,Kenya,Furniture,Sofa,,200.82,0.2,8.89,Mobile Money,Delivered,2,I. Nwosu,,
ORD-11274,2024-01-26,John Adeyemi,john.adeyemi@example.com,Male,27,Ghana,Home Appliances,Blender,1,66.01,0.1,35.43,Card,Pending,4,G. Ibe,Called before delivery,59.409000000000006
ORD-11017,2024-08-09,Ade Khan,ade.khan@example.com,Male,29,UAE,Groceries,Tea Box,1,8.83,0.0,32.48,Card,Cancelled,2,A. Okafor,Fragile item,8.83
ORD-11405,2023-11-02,Ngozi Khan,ngozi.khan@example.com,Female,37,Canada,Home Appliances,Blender,10,260.15,0.0,42.91,Card,Delivered,1,J. Eze,,2601.5
ORD-11410,2025-05-18,David Garcia,david.garcia@example.com,Male,27,France,Electronics,Tablet,7,765.74,,15.44,Mobile Money,Returned,5,B. Musa,,5360.18
ORD-10572,2023-08-04,Zainab Eze,zainab.eze@example.com,Female,16,Brazil,Electronics,Monitor,5,780.0912500000001,0.2,11.75,Mobile Money,Pending,4,H. Yusuf,Customer requested gift wrap,3120.3650000000002
ORD-10433,2025-06-01,Linda Adeyemi,linda.adeyemi@example.com,Male,27,Nigeria,Books,Notebook Pack,7,23.18,0.0,26.29,Card,Cancelled,1,I. Nwosu,Fragile item,162.26
ORD-10345,2024-07-11,Amaka Nwosu,amaka.nwosu@example.com,Female,43,United Kingdom,Books,Cookbook,10,45.28,0.25,2.21,Card,Delivered,,I. Nwosu,,339.6
ORD-10309,2023-10-23,Yetunde Nwosu,yetunde.nwosu@example.com,Female,17,Brazil,Groceries,Sugar 1kg,7,39.4,0.15,38.3,Mobile Money,Shipped,4,C. Adeyemi,Customer requested gift wrap,234.43
ORD-11451,2023-02-22,Michael Okon,michael.okon@example.com,Female,16,France,Groceries,Rice 5kg,10,28.78,0.05,2.49,Pos,Delivered,,G. Ibe,,273.41
ORD-10349,2025-05-08,Zainab Okon,zainab.okon@example.com,Male,24,United Kingdom,Groceries,Rice 5kg,3,15.21,0.25,27.49,Bank Transfer,Cancelled,,C. Adeyemi,Called before delivery,34.222500000000004
ORD-11134,2023-01-02,Kunle Okon,kunle.okon@example.com,Female,48,United Kingdom,Books,Novel,10,26.78,0.15,10.71,Card,Shipped,1,J. Eze,,227.63
ORD-10464,2024-08-25,Chioma Musa,chioma.musa@example.com,Female,46,India,Fashion,Jacket,6,92.53,0.25,15.61,Card,Pending,,I. Nwosu,Fragile item,416.38500000000005
ORD-11453,2023-07-15,Halima Yusuf,halima.yusuf@example.com,Female,61,United States,Groceries,Sugar 1kg,1,7.31,0.15,,Card,Pending,2,B. Musa,Bulk order discount applied,6.2135
ORD-10449,2023-12-15,Kunle Ibe,kunle.ibe@example.com,Male,40,Brazil,Furniture,Office Chair,5,310.77,0.0,,Card,Shipped,4,J. Eze,,1553.85
ORD-10466,2025-04-10,Chidi Okon,chidi.okon@example.com,Male,39,Ghana,Electronics,Monitor,5,780.0912500000001,0.2,42.27,Pos,Delivered,1,I. Nwosu,,3120.3650000000002
ORD-10547,2025-08-08,Grace Yusuf,grace.yusuf@example.com,Male,48,France,Home Appliances,Blender,7,331.73,0.2,4.11,Bank Transfer,Delivered,4,I. Nwosu,,1857.688
ORD-10056,2024-03-08,Ade Khan,ade.khan@example.com,Female,38,South Africa,Fashion,T-Shirt,3,61.63,0.0,35.82,Bank Transfer,Pending,1,J. Eze,Left at door,184.89000000000001
ORD-10598,2025-12-30,Ibrahim Williams,ibrahim.williams@example.com,Male,53,Kenya,Electronics,Monitor,11,339.59,0.0,17.35,Cash,Pending,2,J. Eze,,3735.49
ORD-11367,2023-01-21,Bola Yusuf,bola.yusuf@example.com,Female,27,Nigeria,Groceries,Tea Box,11,11.67,0.0,37.62,Pos,Delivered,3,E. Okon,,128.37
ORD-10465,2024-02-10,Sarah Musa,sarah.musa@example.com,,32,Germany,Fashion,Jacket,10,138.79,0.1,20.67,Cash,Pending,4,G. Ibe,Left at door,1249.11
ORD-11183,2023-10-17,Emeka Musa,emeka.musa@example.com,Male,37,India,Furniture,Office Chair,1,636.51,0.0,13.61,Cash,Returned,4,A. Okafor,,636.51
ORD-10352,,Amaka Khan,amaka.khan@example.com,Female,37,India,Electronics,Laptop,2,101.24,0.15,42.01,Mobile Money,Cancelled,1,J. Eze,Customer requested gift wrap,172.10799999999998
ORD-10914,2024-03-11,Amaka Adeyemi,amaka.adeyemi@example.com,Male,32,Canada,Furniture,Bookshelf,10,464.65,0.05,23.91,Mobile Money,Shipped,1,H. Yusuf,,4414.175
ORD-10171,2023-12-20,Ibrahim Okon,ibrahim.okon@example.com,Female,48,Canada,Groceries,Rice 5kg,,9.53,0.0,11.06,Bank Transfer,Cancelled,5,D. Bello,Customer requested gift wrap,
ORD-10829,2023-07-07,Chidi Ibe,chidi.ibe@example.com,Male,26,UAE,Fashion,Handbag,3,110.39,0.1,41.49,Pos,Delivered,5,I. Nwosu,Fragile item,298.053
ORD-10721,2025-05-08,Segun Williams,segun.williams@example.com,Female,36,Ghana,Groceries,Spaghetti Pack,6,38.56,0.0,,Card,Delivered,3,E. Okon,,231.36
ORD-11377,2024-01-10,Michael Nwosu,michael.nwosu@example.com,Female,25,Ghana,Books,Textbook,4,8.77,0.0,2.45,Cash,Cancelled,1,D. Bello,Bulk order discount applied,35.08
ORD-10314,2024-02-14,Grace Adeyemi,grace.adeyemi@example.com,Female,26,Ghana,Home Appliances,Blender,7,164.71,0.05,38.38,Mobile Money,Cancelled,1,A. Okafor,,1095.3215
ORD-10265,2023-04-14,Segun Williams,segun.williams@example.com,Female,45,Ghana,Home Appliances,Blender,2,252.96,0.0,20.51,Pos,Delivered,,J. Eze,,505.92
ORD-10699,2023-02-01,Yetunde Adeyemi,yetunde.adeyemi@example.com,Male,56,France,Books,Textbook,8,54.99,0.1,23.83,Bank Transfer,Delivered,2,C. Adeyemi,Called before delivery,395.928
ORD-10508,2025-07-10,Mary Adeyemi,mary.adeyemi@example.com,Male,42,India,Electronics,Smartphone,7,780.0912500000001,0.1,26.11,Pos,Shipped,2,J. Eze,Left at door,4914.574875
ORD-10519,2024-02-27,Ibrahim Yusuf,ibrahim.yusuf@example.com,Male,28,UAE,Groceries,Cooking Oil 2L,7,34.93,0.15,32.63,Card,Delivered,5,J. Eze,Customer requested gift wrap,207.8335
ORD-11467,2024-02-27,Emeka Okon,emeka.okon@example.com,Male,48,Canada,Groceries,Tea Box,6,13.84,0.05,40.21,Pos,Returned,2,E. Okon,Called before delivery,78.88799999999999
ORD-11043,2024-11-19,Halima Adeyemi,halima.adeyemi@example.com,Male,49,UAE,Groceries,Cooking Oil 2L,1,38.77,0.05,38.51,Card,Pending,4,E. Okon,,36.8315
ORD-11103,2023-06-22,Zainab Eze,zainab.eze@example.com,Female,23,Brazil,Electronics,Smartphone,7,152.39,0.0,39.49,Pos,Delivered,1,H. Yusuf,Bulk order discount applied,1066.73
ORD-10511,2024-12-24,Chidi Eze,chidi.eze@example.com,Male,32,UAE,Electronics,Headphones,11,780.0912500000001,0.05,14.31,Pos,Delivered,1,B. Musa,Left at door,8151.9535625
ORD-10588,2023-06-13,Segun Ibe,,Female,32,United States,Books,Cookbook,,59.94,0.25,9.22,Card,Delivered,5,G. Ibe,Bulk order discount applied,
ORD-10778,2025-08-21,Kunle Nwosu,kunle.nwosu@example.com,Male,41,United States,Electronics,Laptop,3,585.93,0.05,9.79,Card,Cancelled,1,J. Eze,Called before delivery,1669.9005
ORD-10416,2025-02-09,Kunle Nwosu,kunle.nwosu@example.com,Female,19,United States,Books,Textbook,5,20.31,0.0,29.55,Pos,Returned,5,I. Nwosu,Left at door,101.55
ORD-11347,2024-09-09,Ngozi Musa,ngozi.musa@example.com,Male,33,United Kingdom,Home Appliances,Vacuum Cleaner,6,114.44,0.05,35.22,Pos,Pending,3,G. Ibe,,652.308
ORD-10214,2025-02-27,Chioma Adeyemi,chioma.adeyemi@example.com,Female,29,UAE,Furniture,Dining Table,2,498.05,0.2,6.87,Pos,Delivered,1,C. Adeyemi,Left at door,796.8800000000001
ORD-10849,2025-01-26,Bola Smith,,Female,32,,Books,Textbook,9,44.76,0.25,11.94,Card,Pending,4,D. Bello,,302.13
ORD-11479,2023-09-04,Amaka Eze,amaka.eze@example.com,Male,30,Brazil,Books,Journal,7,57.89,0.0,14.65,Mobile Money,Delivered,4,J. Eze,Bulk order discount applied,405.23
ORD-10382,2023-08-07,Amaka Okafor,amaka.okafor@example.com,Male,47,UAE,Electronics,Tablet,4,168.01,0.0,6.05,Pos,Delivered,,D. Bello,Called before delivery,672.04
ORD-10580,2024-12-13,Kunle Okon,,Male,42,UAE,Books,Textbook,6,7.36,0.1,13.06,Cash,Delivered,2,B. Musa,Fragile item,39.74400000000001
ORD-10826,2024-11-25,Grace Ibe,grace.ibe@example.com,Female,,Germany,Electronics,Laptop,2,780.0912500000001,0.0,1.78,Pos,Returned,1,H. Yusuf,Customer requested gift wrap,1560.1825000000001
ORD-11431,2023-12-27,Chioma Okon,chioma.okon@example.com,Male,30,Brazil,Electronics,Headphones,8,780.0912500000001,0.0,30.21,Cash,Delivered,4,E. Okon,Called before delivery,6240.7300000000005
ORD-10200,2023-07-13,John Khan,john.khan@example.com,Female,29,Ghana,Books,Cookbook,3,51.6,0.0,,Card,Delivered,5,I. Nwosu,,154.8
ORD-10782,2025-10-28,Mary Bello,mary.bello@example.com,Female,37,Canada,Home Appliances,Electric Kettle,11,326.01,0.1,5.91,Mobile Money,Pending,3,G. Ibe,,3227.499
ORD-10398,2023-02-27,Mary Smith,mary.smith@example.com,Male,45,Ghana,Home Appliances,Air Fryer,2,213.29,0.0,13.95,Bank Transfer,Shipped,5,B. Musa,Bulk order discount applied,426.58
ORD-10834,2023-10-21,Chidi Okafor,chidi.okafor@example.com,Male,26,South Africa,Books,Cookbook,2,17.69,0.0,,Card,Pending,,J. Eze,,35.38
ORD-10956,2024-04-03,Femi Khan,femi.khan@example.com,Male,45,Germany,Home Appliances,Vacuum Cleaner,9,216.76,0.0,18.66,Bank Transfer,Delivered,3,E. Okon,Fragile item,1950.84
ORD-11334,2023-01-16,John Adeyemi,john.adeyemi@example.com,,35,South Africa,Fashion,Jacket,7,55.55,0.25,40.36,Bank Transfer,Delivered,3,A. Okafor,Called before delivery,291.6375
ORD-10217,2023-05-31,Halima Johnson,halima.johnson@example.com,Male,48,Kenya,Home Appliances,Microwave,6,220.36,0.0,,Cash,Cancelled,3,F. Chukwu,,1322.16
ORD-10669,2024-05-30,Mary Yusuf,mary.yusuf@example.com,Female,6,United States,Home Appliances,Vacuum Cleaner,10,233.51,0.0,40.62,Cash,Cancelled,3,C. Adeyemi,Fragile item,2335.1
ORD-10254,2024-01-23,Peter Okon,peter.okon@example.com,Male,36,Canada,Groceries,Rice 5kg,6,32.04,0.0,33.47,Pos,Pending,4,F. Chukwu,Fragile item,192.24
ORD-10153,2025-03-27,Zainab Ibe,zainab.ibe@example.com,Male,43,Brazil,Furniture,Bookshelf,3,446.73,0.2,5.49,Mobile Money,Returned,4,C. Adeyemi,,1072.152
ORD-10195,2023-05-30,Bola Ibe,bola.ibe@example.com,Male,62,Nigeria,Fashion,Handbag,11,152.81,0.15,34.19,Mobile Money,Delivered,,J. Eze,Customer requested gift wrap,1428.7735
ORD-11370,2024-10-28,Yetunde Chukwu,yetunde.chukwu@example.com,Female,13,United Kingdom,Books,Novel,,37.8,0.0,33.8,Mobile Money,Delivered,3,C. Adeyemi,,
ORD-10542,2024-05-28,Amaka Johnson,amaka.johnson@example.com,Female,27,Germany,Groceries,Cooking Oil 2L,1,19.49,0.15,20.14,Card,Pending,5,G. Ibe,Customer requested gift wrap,16.566499999999998
ORD-11276,,Michael Okafor,michael.okafor@example.com,Female,46,India,Electronics,Tablet,,780.0912500000001,,8.44,Card,Cancelled,4,G. Ibe,,
ORD-10069,2023-05-26,Linda Brown,linda.brown@example.com,Male,26,Canada,Home Appliances,Electric Kettle,6,105.7,0.1,0.98,Pos,Delivered,2,F. Chukwu,Left at door,570.7800000000001
ORD-10131,2023-03-19,Ade Smith,ade.smith@example.com,Male,40,Nigeria,Home Appliances,Air Fryer,6,286.39,0.0,15.47,Cash,Cancelled,1,D. Bello,,1718.34
ORD-11455,2024-06-09,Segun Yusuf,segun.yusuf@example.com,Female,,India,Groceries,Cooking Oil 2L,5,25.43,0.25,2.28,Pos,Cancelled,4,B. Musa,Customer requested gift wrap,95.36250000000001
ORD-11310,2024-09-19,Chioma Williams,chioma.williams@example.com,Male,26,Nigeria,Electronics,Monitor,11,780.0912500000001,0.15,11.19,Card,Delivered,2,B. Musa,Left at door,7293.8531875
ORD-10301,2025-05-15,Emeka Garcia,emeka.garcia@example.com,,3,South Africa,Books,Notebook Pack,5,21.74,0.0,42.18,Mobile Money,Shipped,3,H. Yusuf,Customer requested gift wrap,108.69999999999999
ORD-10867,2023-03-19,Emeka Brown,emeka.brown@example.com,Female,16,Kenya,Books,Textbook,7,11.2,0.0,1.44,Pos,Cancelled,3,B. Musa,Fragile item,78.39999999999999
ORD-11282,2023-02-04,Mary Yusuf,mary.yusuf@example.com,Male,31,United Kingdom,Electronics,Smartphone,9,444.52,0.0,3.27,Card,Returned,2,H. Yusuf,Called before delivery,4000.68
ORD-10755,2025-11-21,Kunle Eze,kunle.eze@example.com,Male,28,Canada,Fashion,T-Shirt,10,17.68,0.25,37.2,Cash,Cancelled,2,G. Ibe,Fragile item,132.60000000000002
ORD-11381,2025-02-20,John Yusuf,john.yusuf@example.com,Female,36,Ghana,Electronics,Smartphone,1,521.99,0.25,41.66,Mobile Money,Cancelled,5,I. Nwosu,,391.4925
ORD-11490,2023-05-28,Ade Johnson,ade.johnson@example.com,Female,40,South Africa,Electronics,Tablet,9,780.0912500000001,0.1,20.72,Cash,Shipped,5,C. Adeyemi,,6318.739125000001
ORD-10241,2025-02-19,Ade Adeyemi,ade.adeyemi@example.com,Female,28,UAE,Books,Cookbook,,7.46,0.05,26.3,Card,Returned,5,G. Ibe,Customer requested gift wrap,
ORD-10594,2024-09-15,Yetunde Okafor,yetunde.okafor@example.com,Female,26,Nigeria,Electronics,Smartwatch,6,780.0912500000001,0.0,34.39,Pos,Cancelled,4,H. Yusuf,,4680.547500000001
ORD-11225,2023-03-25,Bola Khan,bola.khan@example.com,Female,53,South Africa,Electronics,Tablet,9,780.0912500000001,0.0,38.04,Bank Transfer,Delivered,,B. Musa,Called before delivery,7020.821250000001
ORD-10188,2025-01-07,Ade Eze,ade.eze@example.com,Female,45,Ghana,Home Appliances,Electric Kettle,3,145.05,0.05,43.72,Cash,Pending,3,C. Adeyemi,Left at door,413.39250000000004
ORD-10752,2023-07-25,Kunle Ibe,kunle.ibe@example.com,,38,India,Books,Textbook,,49.97,0.05,18.56,Mobile Money,Shipped,3,G. Ibe,Called before delivery,
ORD-11131,2023-05-24,John Musa,,Male,,UAE,Fashion,Sneakers,6,73.13,0.0,,Pos,Cancelled,1,B. Musa,,438.78
ORD-11068,2024-05-03,Grace Garcia,grace.garcia@example.com,Male,38,Nigeria,Groceries,Sugar 1kg,7,38.85,0.0,4.43,Card,Delivered,5,I. Nwosu,,271.95
ORD-11161,2023-09-27,Linda Johnson,linda.johnson@example.com,Female,,India,Fashion,T-Shirt,3,122.98,0.05,40.75,Bank Transfer,Delivered,,J. Eze,,350.493
ORD-11016,2023-01-09,John Brown,john.brown@example.com,Female,28,Canada,Electronics,Smartphone,8,558.77,0.1,44.31,Bank Transfer,Returned,1,E. Okon,Customer requested gift wrap,4023.144
ORD-10303,,Amaka Ibe,amaka.ibe@example.com,Male,32,Nigeria,Electronics,Smartwatch,3,,0.15,5.27,Card,Cancelled,2,F. Chukwu,Bulk order discount applied,
ORD-10284,2023-05-07,Yetunde Chukwu,yetunde.chukwu@example.com,Female,39,Brazil,Books,Cookbook,10,27.29,0.0,22.35,Pos,Delivered,5,D. Bello,,272.9
ORD-10982,2023-10-13,David Williams,david.williams@example.com,Male,51,South Africa,Books,Cookbook,4,31.34,0.25,38.68,Pos,Pending,1,F. Chukwu,,94.02
ORD-10639,2023-01-13,Tunde Smith,tunde.smith@example.com,Female,,Brazil,Electronics,Laptop,2,780.0912500000001,0.15,30.74,Pos,Cancelled,,C. Adeyemi,Bulk order discount applied,1326.155125
ORD-11129,2025-12-02,David Smith,david.smith@example.com,Male,27,United Kingdom,Furniture,Study Desk,5,764.16,0.05,43.96,Pos,Delivered,1,B. Musa,,3629.7599999999998
ORD-11090,2024-01-17,Linda Nwosu,linda.nwosu@example.com,Female,,France,Home Appliances,Blender,6,151.42,0.1,11.77,Card,Delivered,3,D. Bello,Called before delivery,817.668
ORD-10485,2024-05-30,Emeka Ibe,emeka.ibe@example.com,Male,39,India,Furniture,Office Chair,9,284.28,0.15,27.72,Bank Transfer,Delivered,2,H. Yusuf,,2174.7419999999997
ORD-10110,2025-06-07,Zainab Garcia,zainab.garcia@example.com,Female,45,Brazil,Fashion,Handbag,9,37.83,0.25,5.17,Pos,Cancelled,3,I. Nwosu,,255.35249999999996
ORD-11337,2023-09-08,Ngozi Smith,ngozi.smith@example.com,Female,40,Ghana,Books,Textbook,2,22.75,0.0,24.25,Card,Delivered,2,A. Okafor,,45.5
ORD-10123,2023-09-28,Bola Johnson,bola.johnson@example.com,Male,52,United States,Books,Notebook Pack,6,20.26,0.1,30.26,Cash,Pending,,B. Musa,,109.40400000000001
ORD-10769,2023-01-12,Ade Musa,,Female,36,United States,Home Appliances,Blender,7,230.46,0.05,27.83,Bank Transfer,Returned,1,H. Yusuf,Called before delivery,1532.559
ORD-10281,2024-02-28,Femi Johnson,femi.johnson@example.com,,20,Canada,Furniture,Study Desk,10,558.29,0.05,42.71,Bank Transfer,Shipped,5,C. Adeyemi,Called before delivery,5303.754999999999
ORD-11154,2024-03-29,Linda Musa,linda.musa@example.com,Male,36,South Africa,Fashion,Jacket,10,120.96,0.1,25.5,Mobile Money,Returned,2,G. Ibe,,1088.6399999999999
ORD-10919,2023-07-27,Chidi Nwosu,chidi.nwosu@example.com,Female,37,Germany,Home Appliances,Blender,2,107.96,0.15,2.37,Cash,Pending,5,G. Ibe,,183.53199999999998
ORD-11277,2024-01-15,Grace Bello,grace.bello@example.com,Male,29,UAE,Fashion,T-Shirt,1,85.88,0.2,39.05,Pos,Pending,2,E. Okon,Called before delivery,68.704
ORD-11378,2025-05-12,Zainab Smith,zainab.smith@example.com,Male,55,Nigeria,Electronics,Smartwatch,3,428.02,0.0,31.28,Pos,Delivered,2,H. Yusuf,Left at door,1284.06
ORD-10610,2025-03-08,Kunle Bello,kunle.bello@example.com,Female,48,France,Home Appliances,Vacuum Cleaner,4,306.24,0.1,20.57,Pos,Pending,1,D. Bello,,1102.4640000000002
ORD-11335,2025-08-31,Femi Eze,femi.eze@example.com,Female,,,Fashion,Jacket,1,179.1,0.0,25.06,Mobile Money,Pending,2,D. Bello,Left at door,179.1
ORD-10735,2024-08-08,Linda Eze,linda.eze@example.com,Female,0,Kenya,Furniture,Sofa,6,470.38,0.05,8.52,Cash,Delivered,5,G. Ibe,,2681.1659999999997
ORD-10831,2024-04-08,Linda Nwosu,linda.nwosu@example.com,Male,47,Canada,Groceries,Sugar 1kg,5,23.56,0.2,33.13,Pos,Delivered,4,A. Okafor,Customer requested gift wrap,94.24000000000001
ORD-11105,2023-08-16,Emeka Eze,emeka.eze@example.com,Male,35,South Africa,Fashion,Sneakers,6,47.9,0.05,26.52,Mobile Money,Pending,4,C. Adeyemi,Called before delivery,273.03
ORD-11073,2024-10-08,Halima Smith,halima.smith@example.com,Male,49,Brazil,Home Appliances,Electric Kettle,9,175.23,0.0,44.11,Pos,Returned,2,F. Chukwu,Called before delivery,1577.07
ORD-10923,2025-06-28,Ibrahim Khan,,Male,34,France,Fashion,T-Shirt,6,57.81,0.0,10.85,Pos,Delivered,4,J. Eze,Left at door,346.86
ORD-11463,2025-01-04,Ngozi Adeyemi,ngozi.adeyemi@example.com,Female,38,Brazil,Furniture,Study Desk,10,624.66,0.0,30.4,Mobile Money,Cancelled,3,B. Musa,Fragile item,6246.599999999999
ORD-10068,2025-03-14,Zainab Okon,zainab.okon@example.com,Female,28,United States,Furniture,Bookshelf,10,134.26,0.0,20.09,Mobile Money,Shipped,5,B. Musa,Bulk order discount applied,1342.6
ORD-11160,2024-07-01,Peter Chukwu,peter.chukwu@example.com,Male,51,Kenya,Books,Novel,3,22.45,0.1,6.89,Cash,Delivered,2,G. Ibe,Left at door,60.614999999999995
ORD-11267,2023-04-09,Mary Musa,mary.musa@example.com,Male,19,India,Home Appliances,Blender,9,272.14,0.0,44.18,Cash,Returned,4,F. Chukwu,Bulk order discount applied,2449.2599999999998
ORD-10499,2025-12-20,Bola Bello,bola.bello@example.com,Male,22,Brazil,Groceries,Spaghetti Pack,9,10.57,0.0,33.53,Mobile Money,Shipped,5,D. Bello,,95.13
ORD-11065,2024-06-06,Yetunde Eze,yetunde.eze@example.com,Female,56,Nigeria,Groceries,Cooking Oil 2L,7,38.03,0.1,28.78,Cash,Cancelled,,H. Yusuf,Called before delivery,239.58900000000003
ORD-11424,2025-03-08,Ngozi Okafor,ngozi.okafor@example.com,Female,45,Germany,Groceries,Spaghetti Pack,10,23.59,0.0,14.37,Mobile Money,Shipped,5,E. Okon,,235.9
ORD-10934,2023-08-31,Segun Johnson,segun.johnson@example.com,Female,43,France,Books,Textbook,4,22.45,0.05,32.77,Cash,Delivered,2,D. Bello,Left at door,85.30999999999999
ORD-10390,2025-03-17,Ade Adeyemi,ade.adeyemi@example.com,Female,26,United States,Groceries,Tea Box,2,,0.1,26.3,Mobile Money,Cancelled,2,D. Bello,Customer requested gift wrap,
ORD-11313,2025-03-17,Linda Adeyemi,linda.adeyemi@example.com,Female,42,United States,Groceries,Cooking Oil 2L,8,20.97,0.0,9.88,Pos,Delivered,1,F. Chukwu,,167.76
ORD-11099,2023-10-27,Amaka Yusuf,amaka.yusuf@example.com,Female,45,Germany,Fashion,Sneakers,5,22.81,0.15,34.07,Pos,Delivered,5,D. Bello,Bulk order discount applied,96.9425
ORD-10373,2024-08-22,Ibrahim Khan,ibrahim.khan@example.com,Male,42,Ghana,Home Appliances,Microwave,1,339.78,0.2,25.45,Pos,Delivered,,I. Nwosu,Left at door,271.824
ORD-10532,2024-03-24,Femi Garcia,femi.garcia@example.com,Female,,France,Home Appliances,Blender,4,342.26,0.0,28.36,Card,Delivered,5,J. Eze,Customer requested gift wrap,1369.04
ORD-10993,2024-03-03,Ade Williams,,Female,26,Brazil,Fashion,Jeans,,59.99,0.15,42.77,Pos,Delivered,1,D. Bello,Left at door,
ORD-10319,2023-07-10,Mary Eze,mary.eze@example.com,Female,24,United Kingdom,Electronics,Headphones,11,738.77,0.15,38.71,Cash,Cancelled,3,C. Adeyemi,Called before delivery,6907.499499999999
ORD-10973,2024-11-17,Peter Garcia,peter.garcia@example.com,Male,44,Kenya,Books,Journal,2,57.87,0.2,25.52,Pos,Pending,4,H. Yusuf,Customer requested gift wrap,92.592
ORD-10682,2025-01-20,Tunde Nwosu,tunde.nwosu@example.com,Male,,United States,Groceries,Spaghetti Pack,5,23.56,,2.45,Mobile Money,Delivered,4,F. Chukwu,,117.8
ORD-10596,2024-08-02,Michael Khan,michael.khan@example.com,Female,15,Ghana,Home Appliances,Blender,5,257.63,0.0,6.38,Bank Transfer,Pending,2,G. Ibe,Called before delivery,1288.15
ORD-10859,2023-09-14,Amaka Ibe,amaka.ibe@example.com,Male,,Brazil,Furniture,Bookshelf,7,780.0912500000001,0.0,28.83,Card,Returned,5,H. Yusuf,,5460.63875
ORD-10133,2025-04-10,Ade Nwosu,ade.nwosu@example.com,Male,50,Germany,Home Appliances,Vacuum Cleaner,6,124.1,0.25,15.57,Pos,Cancelled,1,D. Bello,Left at door,558.4499999999999
ORD-10732,2024-07-22,Ngozi Smith,ngozi.smith@example.com,Female,23,Ghana,Fashion,T-Shirt,5,206.12,0.1,0.94,Card,Pending,1,H. Yusuf,,927.54
ORD-11189,2023-02-25,Ade Brown,ade.brown@example.com,Male,31,Nigeria,Furniture,Study Desk,8,114.74,0.1,20.33,Card,Shipped,,C. Adeyemi,Bulk order discount applied,826.1279999999999
ORD-11331,2023-05-17,Mary Nwosu,mary.nwosu@example.com,Female,15,France,Furniture,Office Chair,6,780.0912500000001,0.0,3.3,Bank Transfer,Cancelled,2,I. Nwosu,Left at door,4680.547500000001
ORD-10717,2023-05-08,Bola Chukwu,bola.chukwu@example.com,Female,32,India,Books,Journal,6,51.47,0.25,39.93,Bank Transfer,Cancelled,,F. Chukwu,Called before delivery,231.615
ORD-11316,2023-08-16,Halima Chukwu,halima.chukwu@example.com,Male,29,UAE,Books,Textbook,11,40.6,0.05,7.63,Card,Shipped,5,G. Ibe,,424.27
ORD-11418,2024-05-14,Linda Chukwu,linda.chukwu@example.com,Male,21,Canada,Books,Textbook,6,50.52,0.25,4.57,Pos,Returned,1,A. Okafor,Left at door,227.34
ORD-10870,2025-02-16,Bola Chukwu,,Female,15,UAE,Fashion,Jacket,11,16.88,0.15,20.8,Cash,Cancelled,5,F. Chukwu,Called before delivery,157.82799999999997
ORD-11472,2025-12-24,Michael Williams,michael.williams@example.com,Female,56,Kenya,Books,Journal,8,25.5,0.15,29.68,Bank Transfer,Shipped,2,A. Okafor,,173.4
ORD-10126,2024-08-17,Bola Eze,,Female,27,United States,Home Appliances,Vacuum Cleaner,1,167.69,0.1,32.86,Card,Shipped,4,C. Adeyemi,Fragile item,150.921
ORD-11055,2025-10-04,Femi Khan,,Female,36,India,Fashion,T-Shirt,10,93.38,,0.85,Pos,Shipped,2,D. Bello,,933.8
ORD-11117,2024-03-19,John Eze,john.eze@example.com,Male,40,France,Books,Novel,2,12.34,0.2,15.79,Card,Returned,1,B. Musa,,19.744
ORD-10759,2023-01-13,Chioma Smith,chioma.smith@example.com,Male,38,Kenya,Groceries,Spaghetti Pack,9,30.81,0.0,10.4,Pos,Pending,1,A. Okafor,,277.28999999999996
ORD-10582,2025-05-21,Bola Eze,bola.eze@example.com,Male,45,Brazil,Electronics,Laptop,8,780.0912500000001,0.2,3.41,Mobile Money,Pending,4,F. Chukwu,,4992.584000000001
ORD-11315,2023-04-10,Ngozi Chukwu,ngozi.chukwu@example.com,Female,46,Nigeria,Furniture,Study Desk,9,377.87,0.25,20.33,Cash,Returned,3,E. Okon,Bulk order discount applied,2550.6225
ORD-10387,2023-11-24,David Musa,david.musa@example.com,Female,18,UAE,Fashion,Handbag,4,167.39,0.1,5.42,Mobile Money,Returned,,A. Okafor,,602.6039999999999
ORD-10290,2025-03-20,Chioma Khan,chioma.khan@example.com,Female,53,,Groceries,Rice 5kg,2,22.94,0.0,33.17,Bank Transfer,Delivered,4,H. Yusuf,Customer requested gift wrap,45.88
ORD-11138,2024-05-21,Amaka Garcia,amaka.garcia@example.com,Female,20,France,Home Appliances,Electric Kettle,10,91.56,0.0,23.7,Card,Shipped,3,F. Chukwu,Called before delivery,915.6
ORD-11088,2024-09-19,Zainab Bello,zainab.bello@example.com,Male,47,UAE,Groceries,Spaghetti Pack,11,8.72,0.0,6.97,Mobile Money,Cancelled,3,H. Yusuf,Customer requested gift wrap,95.92
ORD-10881,2023-01-13,Segun Brown,segun.brown@example.com,Male,52,Canada,Books,Notebook Pack,3,48.48,0.0,29.35,Mobile Money,Pending,4,B. Musa,,145.44
ORD-10054,2024-05-19,Segun Williams,segun.williams@example.com,Female,27,Brazil,Books,Textbook,6,22.29,0.15,13.33,Bank Transfer,Delivered,5,I. Nwosu,Bulk order discount applied,113.679
ORD-10604,2024-06-04,Emeka Smith,emeka.smith@example.com,Female,24,Brazil,Furniture,Sofa,7,519.01,0.0,,Bank Transfer,Pending,3,C. Adeyemi,,3633.0699999999997
ORD-11077,2023-01-13,Chioma Okon,chioma.okon@example.com,Male,26,Kenya,Electronics,Laptop,9,592.26,0.0,,Bank Transfer,Pending,1,J. Eze,Left at door,5330.34
ORD-10841,,Ngozi Yusuf,ngozi.yusuf@example.com,,46,Nigeria,Books,Cookbook,11,13.53,0.25,4.24,Mobile Money,Returned,4,A. Okafor,,111.62249999999999
ORD-10766,2024-01-09,Linda Okon,linda.okon@example.com,,,Germany,Furniture,Dining Table,5,597.29,0.1,0.24,Card,Cancelled,1,D. Bello,,2687.805
ORD-10041,2023-06-27,Ngozi Okafor,ngozi.okafor@example.com,Male,14,United States,Furniture,Study Desk,11,780.0912500000001,0.15,1.2,Pos,Cancelled,1,D. Bello,,7293.8531875
ORD-10340,2023-06-27,Michael Okon,michael.okon@example.com,Female,44,Ghana,Home Appliances,Blender,9,310.77,0.25,40.35,Pos,Cancelled,1,C. Adeyemi,,2097.6974999999998
ORD-10741,2023-11-17,Bola Okafor,bola.okafor@example.com,Male,21,Brazil,Furniture,Sofa,4,780.0912500000001,0.2,15.52,Bank Transfer,Delivered,3,I. Nwosu,Customer requested gift wrap,2496.2920000000004
ORD-10921,2024-08-08,Tunde Khan,tunde.khan@example.com,Male,27,UAE,Books,Textbook,8,30.18,0.0,40.55,Card,Cancelled,1,C. Adeyemi,Called before delivery,241.44
ORD-11147,2025-01-20,Halima Okon,halima.okon@example.com,Female,34,Brazil,Groceries,Rice 5kg,8,38.87,0.0,12.44,Mobile Money,Delivered,2,B. Musa,Bulk order discount applied,310.96
ORD-10688,2024-02-19,Zainab Nwosu,zainab.nwosu@example.com,Female,32,Brazil,Groceries,Cooking Oil 2L,4,24.56,0.15,18.84,Mobile Money,Returned,3,C. Adeyemi,,83.50399999999999
ORD-10084,2024-03-12,Tunde Adeyemi,tunde.adeyemi@example.com,Male,58,France,Home Appliances,Microwave,7,217.87,0.0,2.27,Pos,Returned,,H. Yusuf,Left at door,1525.0900000000001
ORD-10116,2025-01-27,Bola Brown,bola.brown@example.com,Male,36,Canada,Groceries,Cooking Oil 2L,6,7.09,0.15,15.4,Bank Transfer,Delivered,1,B. Musa,Customer requested gift wrap,36.159
ORD-11352,2023-09-23,Zainab Okafor,zainab.okafor@example.com,Female,47,India,Electronics,Smartphone,8,780.0912500000001,0.2,8.1,Pos,Pending,4,G. Ibe,,4992.584000000001
ORD-10354,,Mary Garcia,mary.garcia@example.com,Male,21,Ghana,Groceries,Cooking Oil 2L,7,13.55,0.25,21.41,Bank Transfer,Returned,1,C. Adeyemi,,71.1375
ORD-10507,2023-10-01,Peter Williams,peter.williams@example.com,Female,46,Nigeria,Home Appliances,Electric Kettle,7,117.1,0.15,34.78,Bank Transfer,Delivered,,C. Adeyemi,Left at door,696.7449999999999
ORD-10810,2025-09-12,Amaka Okafor,amaka.okafor@example.com,Male,40,UAE,Home Appliances,Electric Kettle,3,266.12,0.15,4.97,Cash,Pending,3,J. Eze,Bulk order discount applied,678.606
ORD-10703,2024-07-17,Femi Musa,femi.musa@example.com,Female,8,India,Groceries,Spaghetti Pack,4,28.4,0.0,24.88,Bank Transfer,Delivered,5,J. Eze,,113.6
ORD-10271,2025-06-11,Ibrahim Adeyemi,ibrahim.adeyemi@example.com,Female,44,France,Electronics,Laptop,2,366.82,0.25,6.09,Card,Pending,3,B. Musa,Called before delivery,550.23
ORD-10972,2023-02-23,Yetunde Nwosu,yetunde.nwosu@example.com,Female,37,France,Electronics,Headphones,6,121.47,0.15,8.89,Mobile Money,Cancelled,5,B. Musa,Fragile item,619.497
ORD-11493,2024-06-23,Emeka Ibe,emeka.ibe@example.com,Male,28,United States,Furniture,Study Desk,5,504.09,0.0,32.17,Pos,Delivered,,B. Musa,,2520.45
ORD-10603,2025-02-04,Femi Johnson,femi.johnson@example.com,Male,20,Canada,Home Appliances,Vacuum Cleaner,10,38.24,0.2,44.98,Pos,Cancelled,3,B. Musa,Left at door,305.92
ORD-10876,2023-11-28,Peter Ibe,peter.ibe@example.com,Female,48,United States,Home Appliances,Microwave,,68.75,0.05,18.56,Bank Transfer,Shipped,5,C. Adeyemi,Bulk order discount applied,
ORD-10378,2025-10-15,Michael Johnson,michael.johnson@example.com,Male,26,Ghana,Furniture,Sofa,2,100.57,0.0,8.32,Bank Transfer,Delivered,1,D. Bello,Fragile item,201.14
ORD-10563,2024-06-04,Ngozi Okafor,ngozi.okafor@example.com,Female,,UAE,Home Appliances,Air Fryer,10,63.55,0.15,35.07,Mobile Money,Shipped,4,E. Okon,,540.175
ORD-10097,2024-07-26,Peter Ibe,peter.ibe@example.com,Male,32,France,Furniture,Bookshelf,9,704.71,0.0,33.65,Card,Returned,5,C. Adeyemi,,6342.39
ORD-11085,2024-04-03,Yetunde Chukwu,yetunde.chukwu@example.com,Male,51,Germany,Books,Novel,3,38.57,0.0,3.68,Card,Shipped,4,I. Nwosu,Bulk order discount applied,115.71000000000001
ORD-10490,2023-05-18,Peter Bello,peter.bello@example.com,Female,,Germany,Home Appliances,Air Fryer,8,111.76,0.25,29.88,Cash,Delivered,,D. Bello,,670.5600000000001
ORD-11402,2023-09-22,Halima Chukwu,halima.chukwu@example.com,Male,40,Brazil,Groceries,Rice 5kg,9,12.06,0.25,,Card,Delivered,,A. Okafor,,81.405
ORD-10587,2025-03-16,John Bello,john.bello@example.com,,33,Kenya,Fashion,Handbag,,67.12,0.0,9.89,Cash,Shipped,4,I. Nwosu,Fragile item,
ORD-10049,2024-04-24,Yetunde Johnson,yetunde.johnson@example.com,Male,29,Kenya,Fashion,Jeans,3,17.39,0.05,10.64,Card,Cancelled,2,A. Okafor,Called before delivery,49.5615
ORD-11252,2023-01-11,Femi Eze,femi.eze@example.com,Female,,Ghana,Fashion,Handbag,5,154.79,0.05,31.56,Mobile Money,Shipped,3,C. Adeyemi,,735.2524999999999
ORD-11468,2023-01-19,Sarah Garcia,sarah.garcia@example.com,Female,35,Nigeria,Electronics,Headphones,2,780.0912500000001,0.05,9.54,Card,Pending,3,G. Ibe,Bulk order discount applied,1482.173375
ORD-11080,,Peter Johnson,peter.johnson@example.com,,41,Ghana,Books,Novel,2,17.88,0.05,16.95,Bank Transfer,Returned,2,G. Ibe,Customer requested gift wrap,33.971999999999994
ORD-10154,2023-03-04,Michael Johnson,michael.johnson@example.com,Female,11,France,Electronics,Laptop,9,530.31,0.25,22.21,Card,Shipped,,J. Eze,Fragile item,3579.5924999999993
ORD-10238,2025-08-03,Linda Eze,linda.eze@example.com,Male,55,Canada,Groceries,Tea Box,,39.11,0.1,44.09,Mobile Money,Delivered,,A. Okafor,Left at door,
ORD-10055,2025-03-21,Segun Nwosu,segun.nwosu@example.com,,48,South Africa,Electronics,Headphones,4,780.0912500000001,,25.7,Pos,Pending,1,J. Eze,Fragile item,3120.3650000000002
ORD-10395,2023-11-07,Yetunde Williams,yetunde.williams@example.com,Male,37,Germany,Furniture,Study Desk,2,760.57,0.1,44.74,Pos,Shipped,5,D. Bello,Left at door,1369.026
ORD-10124,2024-10-06,Emeka Brown,emeka.brown@example.com,Female,14,United Kingdom,Books,Novel,9,21.35,0.2,18.77,Cash,Returned,2,C. Adeyemi,,153.72000000000003
ORD-10356,2023-05-21,Linda Johnson,linda.johnson@example.com,Male,41,Nigeria,Electronics,Laptop,3,780.0912500000001,,35.2,Card,Pending,,D. Bello,Left at door,2340.2737500000003
ORD-10432,2025-10-20,Amaka Bello,amaka.bello@example.com,Female,64,Nigeria,Books,Notebook Pack,9,51.8,0.0,6.66,Mobile Money,Cancelled,5,F. Chukwu,Customer requested gift wrap,466.2
ORD-10135,2024-08-01,Grace Yusuf,grace.yusuf@example.com,Female,9,UAE,Groceries,Spaghetti Pack,5,21.83,0.05,19.85,Card,Returned,1,J. Eze,Fragile item,103.69249999999998
ORD-10269,2024-08-14,Yetunde Okon,yetunde.okon@example.com,Female,27,United States,Groceries,Spaghetti Pack,10,2.18,0.2,10.3,Pos,Delivered,3,C. Adeyemi,,17.44
ORD-10386,2024-04-20,Chioma Okafor,chioma.okafor@example.com,Male,19,United States,Fashion,Handbag,1,62.86,0.05,39.2,Bank Transfer,Delivered,3,D. Bello,Called before delivery,59.717
ORD-10098,2023-05-16,Zainab Chukwu,zainab.chukwu@example.com,Female,55,United States,Furniture,Office Chair,1,397.1,0.0,4.87,Bank Transfer,Pending,,C. Adeyemi,Left at door,397.1
ORD-10221,2023-09-14,John Brown,john.brown@example.com,Female,47,India,Books,Notebook Pack,11,46.37,0.2,13.68,Pos,Delivered,,J. Eze,,408.05600000000004
ORD-10042,2025-06-24,Ngozi Garcia,ngozi.garcia@example.com,Female,29,Brazil,Fashion,Handbag,,196.96,0.05,9.63,Pos,Cancelled,3,H. Yusuf,Bulk order discount applied,
ORD-10220,2025-03-16,Segun Khan,segun.khan@example.com,Female,37,United Kingdom,Furniture,Bookshelf,7,352.04,0.0,11.75,Mobile Money,Delivered,4,B. Musa,Bulk order discount applied,2464.28
ORD-10565,2025-08-20,Kunle Garcia,kunle.garcia@example.com,Male,23,South Africa,Groceries,Rice 5kg,8,22.08,0.1,39.88,Mobile Money,Shipped,5,I. Nwosu,Customer requested gift wrap,158.976
ORD-11356,2023-03-29,Amaka Chukwu,amaka.chukwu@example.com,Male,50,South Africa,Groceries,Sugar 1kg,3,14.22,0.15,37.7,Pos,Shipped,1,C. Adeyemi,,36.261
ORD-11224,2025-08-09,Zainab Williams,zainab.williams@example.com,Female,33,UAE,Home Appliances,Blender,1,87.85,0.0,20.05,Mobile Money,Shipped,3,C. Adeyemi,,87.85
ORD-10872,2024-07-25,Sarah Ibe,sarah.ibe@example.com,Female,27,South Africa,Electronics,Tablet,9,780.0912500000001,0.0,2.19,Bank Transfer,Delivered,5,H. Yusuf,Customer requested gift wrap,7020.821250000001
ORD-11434,2025-01-08,Emeka Yusuf,,Female,30,Ghana,Fashion,Sneakers,2,56.28,0.25,,Cash,Pending,4,B. Musa,,84.42
ORD-10814,2025-12-21,Halima Garcia,halima.garcia@example.com,Male,46,United Kingdom,Groceries,Spaghetti Pack,3,18.17,0.05,38.5,Card,Cancelled,,D. Bello,Left at door,51.7845
ORD-10013,2024-06-05,Emeka Yusuf,emeka.yusuf@example.com,Female,23,Nigeria,Home Appliances,Blender,3,243.15,0.1,7.09,Card,Shipped,5,I. Nwosu,,656.5050000000001
ORD-10830,2024-09-06,Chioma Brown,chioma.brown@example.com,Male,34,France,Furniture,Study Desk,2,263.27,0.05,31.91,Card,Delivered,1,A. Okafor,Bulk order discount applied,500.21299999999997
ORD-10666,2023-09-23,Yetunde Chukwu,yetunde.chukwu@example.com,Female,22,,Home Appliances,Vacuum Cleaner,10,74.54,0.25,13.96,Cash,Pending,3,I. Nwosu,,559.0500000000001
ORD-11449,2023-04-23,Tunde Ibe,tunde.ibe@example.com,Male,26,France,Books,Notebook Pack,6,24.01,0.1,11.35,Mobile Money,Delivered,2,D. Bello,Left at door,129.654
ORD-10505,2023-10-25,Ngozi Adeyemi,ngozi.adeyemi@example.com,Male,36,United Kingdom,Fashion,Handbag,8,136.42,0.0,4.64,Bank Transfer,Returned,3,I. Nwosu,Fragile item,1091.36
ORD-10618,,Sarah Eze,sarah.eze@example.com,Male,43,South Africa,Electronics,Laptop,8,780.0912500000001,0.25,41.67,Card,Pending,4,G. Ibe,Called before delivery,4680.547500000001
ORD-11239,2025-01-13,Peter Ibe,peter.ibe@example.com,Male,31,Brazil,Home Appliances,Vacuum Cleaner,3,113.9,0.2,10.97,Card,Pending,1,I. Nwosu,Left at door,273.36000000000007
ORD-10674,2023-06-06,Ibrahim Eze,ibrahim.eze@example.com,Male,36,South Africa,Groceries,Spaghetti Pack,1,30.62,0.1,17.78,Card,Delivered,1,G. Ibe,,27.558
ORD-10965,2025-09-26,Ibrahim Yusuf,ibrahim.yusuf@example.com,Male,24,Canada,Home Appliances,Electric Kettle,1,129.98,0.2,35.75,Pos,Shipped,4,B. Musa,Left at door,103.984
ORD-11359,2023-12-22,Tunde Okon,tunde.okon@example.com,Female,27,South Africa,Home Appliances,Vacuum Cleaner,4,301.72,0.05,25.59,Cash,Cancelled,1,F. Chukwu,Fragile item,1146.536
ORD-11465,2023-05-25,Grace Okon,,Female,38,South Africa,Fashion,Jacket,11,104.61,0.05,42.68,Mobile Money,Delivered,1,G. Ibe,Left at door,1093.1745
ORD-10994,2023-12-07,Yetunde Musa,yetunde.musa@example.com,Male,34,France,Groceries,Sugar 1kg,,36.26,0.05,7.57,Bank Transfer,Cancelled,2,A. Okafor,Customer requested gift wrap,
ORD-11263,2023-03-25,Bola Williams,bola.williams@example.com,Female,,Ghana,Home Appliances,Microwave,4,302.34,0.1,33.71,Bank Transfer,Shipped,5,I. Nwosu,,1088.424
ORD-11363,2025-06-05,Peter Johnson,peter.johnson@example.com,Female,33,United States,Electronics,Monitor,6,780.0912500000001,0.25,37.9,Bank Transfer,Pending,3,G. Ibe,Left at door,3510.4106250000004
ORD-10880,2023-07-29,Ibrahim Smith,ibrahim.smith@example.com,Female,53,India,Electronics,Smartphone,6,232.2,0.0,22.6,Pos,Cancelled,3,I. Nwosu,,1393.1999999999998
ORD-11392,2023-03-10,Linda Chukwu,linda.chukwu@example.com,Female,42,Nigeria,Books,Journal,9,43.96,0.2,8.25,Card,Shipped,4,C. Adeyemi,,316.512
ORD-11380,2023-09-13,Halima Williams,halima.williams@example.com,Female,36,Canada,Furniture,Sofa,10,263.34,0.2,14.11,Cash,Shipped,4,G. Ibe,Left at door,2106.72
ORD-10877,2024-11-16,John Johnson,john.johnson@example.com,Male,29,United States,Groceries,Tea Box,3,6.34,0.0,41.2,Card,Cancelled,4,J. Eze,,19.02
ORD-10225,2023-07-18,John Bello,john.bello@example.com,Male,36,Ghana,Groceries,Rice 5kg,,9.66,0.0,31.61,Cash,Delivered,,F. Chukwu,,
ORD-10337,2025-02-04,David Khan,david.khan@example.com,Male,35,UAE,Groceries,Spaghetti Pack,5,31.16,0.05,10.85,Card,Delivered,2,F. Chukwu,Called before delivery,148.01
ORD-10233,2024-05-23,Peter Khan,peter.khan@example.com,Male,29,Kenya,Fashion,Jacket,7,84.45,0.0,15.76,Pos,Cancelled,5,J. Eze,,591.15
ORD-11174,2024-04-17,Sarah Adeyemi,sarah.adeyemi@example.com,Male,31,South Africa,Electronics,Tablet,11,780.0912500000001,0.0,26.24,Cash,Delivered,1,A. Okafor,Called before delivery,8581.00375
ORD-10709,2025-06-13,David Johnson,david.johnson@example.com,Male,62,France,Home Appliances,Air Fryer,,205.24,0.05,21.06,Bank Transfer,Cancelled,5,H. Yusuf,,
ORD-11211,2024-04-29,Grace Chukwu,grace.chukwu@example.com,Male,37,Ghana,Fashion,Handbag,2,202.44,0.1,38.18,Bank Transfer,Cancelled,2,B. Musa,,364.392
ORD-10469,2023-05-11,David Chukwu,david.chukwu@example.com,Male,49,Kenya,Fashion,Sneakers,1,179.51,0.0,33.57,Card,Cancelled,3,C. Adeyemi,,179.51
ORD-10518,2023-01-30,Yetunde Chukwu,yetunde.chukwu@example.com,Male,38,South Africa,Electronics,Monitor,1,780.0912500000001,0.25,4.13,Card,Delivered,,B. Musa,,585.0684375000001
ORD-10780,2025-06-21,Michael Okon,michael.okon@example.com,Female,51,India,Home Appliances,Vacuum Cleaner,2,267.43,0.15,4.61,Cash,Delivered,1,I. Nwosu,Bulk order discount applied,454.631
ORD-10667,2025-07-30,Ibrahim Nwosu,ibrahim.nwosu@example.com,Female,36,Brazil,Electronics,Laptop,2,381.1,0.0,34.65,Mobile Money,Delivered,4,J. Eze,,762.2
ORD-10298,2023-04-23,Grace Bello,grace.bello@example.com,Female,26,Canada,Groceries,Spaghetti Pack,8,11.58,0.2,33.5,Cash,Cancelled,5,J. Eze,Bulk order discount applied,74.11200000000001
ORD-10906,2024-04-03,Emeka Nwosu,emeka.nwosu@example.com,Female,48,South Africa,Fashion,Sneakers,8,148.56,0.1,18.73,Pos,Cancelled,5,A. Okafor,Fragile item,1069.632
ORD-11094,2023-11-22,Sarah Chukwu,sarah.chukwu@example.com,Male,39,India,Furniture,Sofa,2,502.93,0.05,9.57,Bank Transfer,Delivered,3,D. Bello,Left at door,955.567
ORD-10474,2025-05-26,Segun Chukwu,segun.chukwu@example.com,Male,46,United Kingdom,Home Appliances,Vacuum Cleaner,5,342.58,,25.1,Mobile Money,Returned,2,J. Eze,Called before delivery,1712.8999999999999
ORD-11181,2025-09-27,Grace Brown,grace.brown@example.com,Female,31,India,Furniture,Bookshelf,8,77.19,0.0,11.23,Bank Transfer,Delivered,2,E. Okon,Fragile item,617.52
ORD-10206,2023-01-31,John Smith,john.smith@example.com,Male,43,Brazil,Home Appliances,Blender,9,,0.0,16.1,Pos,Delivered,,J. Eze,Bulk order discount applied,
ORD-10004,2025-03-01,David Nwosu,david.nwosu@example.com,Female,39,Nigeria,Home Appliances,Blender,2,252.4,0.2,40.62,Bank Transfer,Delivered,3,F. Chukwu,Customer requested gift wrap,403.84000000000003
ORD-10638,2025-09-22,Ibrahim Ibe,ibrahim.ibe@example.com,Female,41,Ghana,Fashion,Jacket,9,101.0,0.1,2.38,Cash,Returned,4,G. Ibe,Called before delivery,818.1
ORD-11254,2024-08-06,Chidi Yusuf,chidi.yusuf@example.com,Male,,France,Furniture,Dining Table,3,348.51,0.05,0.83,Card,Pending,5,C. Adeyemi,Called before delivery,993.2534999999999
ORD-11466,2024-09-09,Ade Chukwu,ade.chukwu@example.com,,,United Kingdom,Groceries,Rice 5kg,5,27.67,0.05,37.81,Mobile Money,Shipped,1,G. Ibe,Left at door,131.4325
ORD-11411,2024-09-27,Chidi Bello,chidi.bello@example.com,Male,35,Kenya,Home Appliances,Blender,6,171.93,0.1,17.19,Pos,Returned,,E. Okon,,928.4219999999999
ORD-10863,,Mary Johnson,mary.johnson@example.com,Female,13,Ghana,Groceries,Sugar 1kg,3,37.84,0.0,,Bank Transfer,Returned,2,G. Ibe,Customer requested gift wrap,113.52000000000001
ORD-11470,2024-09-11,Peter Okon,peter.okon@example.com,Female,29,France,Home Appliances,Electric Kettle,11,101.58,0.25,27.14,Card,Delivered,4,J. Eze,Customer requested gift wrap,838.0349999999999
ORD-11268,2025-06-25,Yetunde Williams,yetunde.williams@example.com,Female,25,India,Home Appliances,Electric Kettle,1,72.17,,29.02,Cash,Returned,3,B. Musa,Customer requested gift wrap,72.17
ORD-10749,2024-05-14,Grace Okafor,grace.okafor@example.com,Female,49,Germany,Home Appliances,Blender,2,181.67,0.25,41.94,Cash,Pending,5,J. Eze,,272.505
ORD-10772,2025-01-12,Halima Khan,,Female,50,India,Books,Textbook,3,10.95,0.1,18.11,Card,Shipped,5,F. Chukwu,,29.564999999999994
ORD-10649,2023-03-05,Grace Yusuf,grace.yusuf@example.com,Male,39,Germany,Home Appliances,Electric Kettle,11,243.13,0.0,4.79,Card,Cancelled,2,G. Ibe,Fragile item,2674.43
ORD-10718,2024-10-01,Linda Khan,linda.khan@example.com,Male,22,UAE,Fashion,Jeans,6,58.3,,24.4,Mobile Money,Cancelled,1,D. Bello,Customer requested gift wrap,349.79999999999995
ORD-10836,2025-03-24,Kunle Smith,kunle.smith@example.com,Female,14,South Africa,Fashion,Sneakers,6,44.04,0.0,10.72,Pos,Delivered,3,C. Adeyemi,Customer requested gift wrap,264.24
ORD-10158,,Femi Musa,,Female,38,Canada,Home Appliances,Electric Kettle,6,65.45,0.25,41.24,Cash,Delivered,3,F. Chukwu,Customer requested gift wrap,294.52500000000003
ORD-10706,2024-10-20,John Garcia,john.garcia@example.com,Female,28,United Kingdom,Furniture,Office Chair,10,663.47,0.0,30.0,Card,Delivered,4,G. Ibe,Called before delivery,6634.700000000001
ORD-10463,2025-04-10,Tunde Garcia,tunde.garcia@example.com,Female,34,France,Books,Cookbook,1,35.54,0.0,41.71,Pos,Pending,2,A. Okafor,Fragile item,35.54
ORD-10161,2025-04-27,Ibrahim Musa,ibrahim.musa@example.com,Female,21,Kenya,Home Appliances,Vacuum Cleaner,10,278.22,0.25,4.99,Cash,Cancelled,3,G. Ibe,Bulk order discount applied,2086.65
ORD-10306,2025-01-02,Sarah Yusuf,sarah.yusuf@example.com,Male,43,Brazil,Groceries,Spaghetti Pack,10,39.73,0.25,41.29,Pos,Delivered,1,C. Adeyemi,,297.97499999999997
ORD-10396,2025-07-02,Kunle Ibe,kunle.ibe@example.com,Female,20,Germany,Furniture,Office Chair,,485.92,0.25,29.53,Card,Delivered,1,A. Okafor,,
ORD-10400,2024-11-30,Zainab Yusuf,zainab.yusuf@example.com,Female,51,Canada,Home Appliances,Air Fryer,9,119.24,0.1,23.33,Bank Transfer,Delivered,4,D. Bello,Fragile item,965.8439999999999
ORD-11178,2023-12-28,Femi Williams,femi.williams@example.com,Female,28,Brazil,Home Appliances,Vacuum Cleaner,10,27.75,0.25,24.34,Card,Delivered,3,J. Eze,,208.125
ORD-10692,2023-01-16,Peter Adeyemi,peter.adeyemi@example.com,Male,,Brazil,Home Appliances,Blender,3,236.24,0.15,40.05,Mobile Money,Cancelled,2,G. Ibe,Called before delivery,602.412
ORD-11116,2025-09-27,Chioma Khan,chioma.khan@example.com,Female,51,Nigeria,Electronics,Tablet,6,780.0912500000001,0.0,29.06,Bank Transfer,Delivered,5,I. Nwosu,Called before delivery,4680.547500000001
ORD-11286,2025-08-11,Chioma Adeyemi,chioma.adeyemi@example.com,Male,9,United Kingdom,Home Appliances,Microwave,10,25.79,0.0,43.92,Card,Cancelled,1,C. Adeyemi,Customer requested gift wrap,257.9
ORD-11475,2024-04-10,Kunle Ibe,kunle.ibe@example.com,Female,30,India,Electronics,Headphones,6,537.08,0.15,13.51,Bank Transfer,Delivered,1,F. Chukwu,,2739.108
ORD-11199,2025-05-15,Sarah Garcia,sarah.garcia@example.com,Male,34,Ghana,Fashion,Handbag,7,25.28,0.0,32.42,Bank Transfer,Pending,,C. Adeyemi,Fragile item,176.96
ORD-10063,2024-10-06,John Bello,,Male,13,United States,Fashion,Sneakers,5,141.59,0.2,34.02,Mobile Money,Shipped,4,C. Adeyemi,Left at door,566.36
ORD-10681,2025-12-26,Segun Okafor,segun.okafor@example.com,,31,India,Fashion,Jeans,,84.38,0.05,30.93,Card,Delivered,2,C. Adeyemi,Left at door,
ORD-10458,2024-11-04,Emeka Okon,emeka.okon@example.com,Male,31,Kenya,Books,Journal,4,33.06,0.1,27.44,Card,Cancelled,,I. Nwosu,,119.016
ORD-10557,2025-08-03,Sarah Okafor,sarah.okafor@example.com,Female,32,Canada,Books,Journal,4,30.32,0.0,10.18,Card,Cancelled,3,H. Yusuf,,121.28
ORD-10479,2023-11-28,Amaka Smith,amaka.smith@example.com,Male,32,Kenya,Groceries,Sugar 1kg,4,34.87,0.15,35.66,Pos,Shipped,1,D. Bello,Left at door,118.55799999999999
ORD-10650,2025-05-07,Grace Eze,grace.eze@example.com,Female,35,Nigeria,Fashion,Jacket,10,194.64,0.0,37.55,Pos,Returned,5,A. Okafor,,1946.3999999999999
ORD-11388,2023-02-04,Michael Garcia,michael.garcia@example.com,Male,40,UAE,Furniture,Study Desk,4,780.0912500000001,0.2,32.22,Cash,Cancelled,,E. Okon,,2496.2920000000004
ORD-11420,2025-08-01,Kunle Okon,kunle.okon@example.com,Female,11,United States,Electronics,Monitor,11,780.0912500000001,0.2,29.84,Mobile Money,Cancelled,,I. Nwosu,,6864.803
ORD-10961,,Kunle Williams,,Male,11,Kenya,Groceries,Cooking Oil 2L,11,28.79,0.0,14.98,Card,Delivered,2,I. Nwosu,Fragile item,316.69
ORD-11089,2024-06-02,Femi Johnson,femi.johnson@example.com,Female,31,Brazil,Fashion,Jacket,3,130.99,0.2,8.02,Cash,Pending,5,H. Yusuf,Called before delivery,314.37600000000003
ORD-11247,2024-02-03,Halima Chukwu,halima.chukwu@example.com,Male,37,United States,Furniture,Study Desk,11,176.81,0.05,11.52,Card,Shipped,1,D. Bello,Bulk order discount applied,1847.6645
ORD-10348,2025-05-15,Emeka Garcia,emeka.garcia@example.com,Female,48,United Kingdom,Furniture,Study Desk,8,115.85,0.15,15.94,Pos,Delivered,4,G. Ibe,Left at door,787.78
ORD-10447,2023-02-15,Bola Nwosu,bola.nwosu@example.com,Female,,Kenya,Books,Journal,8,46.42,0.05,22.51,Card,Delivered,3,F. Chukwu,Called before delivery,352.792
ORD-10380,2024-12-10,Peter Okafor,peter.okafor@example.com,Female,6,Brazil,Home Appliances,Electric Kettle,2,66.78,0.0,16.95,Bank Transfer,Delivered,,H. Yusuf,Fragile item,133.56
ORD-11329,2023-10-28,Ade Adeyemi,ade.adeyemi@example.com,Female,52,United Kingdom,Groceries,Spaghetti Pack,,30.93,0.0,33.67,Card,Pending,2,H. Yusuf,,
ORD-11483,2024-03-21,David Nwosu,david.nwosu@example.com,Male,41,United Kingdom,Groceries,Rice 5kg,2,13.17,0.0,11.92,Card,Cancelled,3,G. Ibe,,26.34
ORD-10566,2025-05-21,Amaka Okafor,amaka.okafor@example.com,Male,23,United States,Fashion,Sneakers,8,206.5,0.25,28.96,Pos,Cancelled,3,F. Chukwu,,1239.0
ORD-10232,2025-10-22,Emeka Okon,,Male,30,United Kingdom,Fashion,Handbag,7,44.09,0.1,27.05,Card,Cancelled,5,C. Adeyemi,Customer requested gift wrap,277.767
ORD-10383,2025-04-18,Ibrahim Bello,ibrahim.bello@example.com,Female,37,United Kingdom,Books,Journal,4,40.32,0.2,25.99,Cash,Pending,5,F. Chukwu,Left at door,129.024
ORD-10708,2025-05-24,Kunle Musa,kunle.musa@example.com,Male,,Kenya,Furniture,Study Desk,6,473.54,0.2,2.45,Mobile Money,Pending,1,D. Bello,Bulk order discount applied,2272.992
ORD-10073,2023-12-25,Chioma Okafor,chioma.okafor@example.com,Female,43,Brazil,Fashion,Sneakers,4,198.06,0.25,34.65,Cash,Returned,,H. Yusuf,Bulk order discount applied,594.1800000000001
ORD-10071,2025-08-22,Tunde Smith,tunde.smith@example.com,Female,42,Brazil,Electronics,Smartwatch,10,507.99,0.05,20.99,Bank Transfer,Cancelled,4,B. Musa,,4825.905
ORD-11187,2024-03-26,Chioma Musa,chioma.musa@example.com,Female,37,United Kingdom,Home Appliances,Microwave,8,336.67,0.2,3.28,Mobile Money,Shipped,2,J. Eze,Left at door,2154.688
ORD-10611,2024-10-17,Yetunde Brown,yetunde.brown@example.com,Male,32,UAE,Furniture,Sofa,7,780.0912500000001,0.1,41.71,Cash,Delivered,2,D. Bello,Left at door,4914.574875
ORD-10172,2024-04-06,Zainab Nwosu,zainab.nwosu@example.com,Male,35,United Kingdom,Home Appliances,Vacuum Cleaner,4,227.66,0.05,44.29,Cash,Pending,2,D. Bello,Customer requested gift wrap,865.108
ORD-10169,2024-01-11,Yetunde Williams,yetunde.williams@example.com,Female,,Brazil,Home Appliances,Electric Kettle,7,288.86,0.15,14.98,Cash,Pending,2,E. Okon,Customer requested gift wrap,1718.7169999999999
ORD-10494,2024-07-19,David Nwosu,david.nwosu@example.com,Female,25,South Africa,Furniture,Bookshelf,9,262.48,0.2,29.55,Bank Transfer,Cancelled,4,B. Musa,Bulk order discount applied,1889.8560000000002
ORD-10805,2024-04-18,Sarah Adeyemi,sarah.adeyemi@example.com,Male,33,Canada,Groceries,Rice 5kg,5,12.21,0.0,15.92,Mobile Money,Delivered,2,B. Musa,,61.050000000000004
ORD-10916,2025-09-30,Bola Williams,bola.williams@example.com,Female,43,Kenya,Furniture,Sofa,7,364.53,0.2,44.33,Pos,Cancelled,,H. Yusuf,Left at door,2041.3680000000002
ORD-10273,2025-02-09,Amaka Chukwu,amaka.chukwu@example.com,Male,21,Canada,Fashion,T-Shirt,7,215.38,0.0,26.49,Card,Returned,1,H. Yusuf,Fragile item,1507.6599999999999
ORD-10971,2025-05-20,Chioma Chukwu,,Male,43,Brazil,Home Appliances,Blender,8,81.24,0.0,5.59,Mobile Money,Pending,5,F. Chukwu,,649.92
ORD-10421,2025-11-23,Ade Bello,ade.bello@example.com,Male,36,UAE,Fashion,Jacket,9,,0.25,40.02,Cash,Shipped,5,H. Yusuf,,
ORD-10095,2024-07-31,Halima Garcia,halima.garcia@example.com,Female,25,Germany,Electronics,Monitor,4,780.0912500000001,0.0,34.67,Bank Transfer,Returned,4,G. Ibe,Left at door,3120.3650000000002
ORD-11048,2025-01-28,Yetunde Williams,yetunde.williams@example.com,Male,36,France,Books,Journal,6,37.35,0.15,12.85,Card,Cancelled,3,A. Okafor,,190.485
ORD-11222,2024-07-21,Tunde Okafor,tunde.okafor@example.com,Male,50,United States,Furniture,Bookshelf,1,661.81,0.25,12.49,Card,Returned,4,B. Musa,Customer requested gift wrap,496.35749999999996
ORD-10043,2023-09-25,Kunle Nwosu,kunle.nwosu@example.com,Male,28,India,Books,Textbook,9,50.09,0.25,42.69,Cash,Cancelled,2,D. Bello,Left at door,338.1075000000001
ORD-10057,2025-10-15,Ade Ibe,ade.ibe@example.com,Male,32,United States,Books,Notebook Pack,9,21.82,0.15,32.78,Pos,Returned,,H. Yusuf,Bulk order discount applied,166.923
ORD-11226,2025-09-22,Ibrahim Adeyemi,ibrahim.adeyemi@example.com,Female,19,France,Books,Cookbook,9,54.98,0.2,36.0,Pos,Cancelled,1,H. Yusuf,Left at door,395.856
ORD-10716,2023-10-22,Emeka Okon,emeka.okon@example.com,Female,,South Africa,Electronics,Monitor,10,535.77,0.2,36.0,Cash,Delivered,5,B. Musa,Bulk order discount applied,4286.16
ORD-11284,2024-08-15,Ngozi Brown,ngozi.brown@example.com,Female,31,Nigeria,Electronics,Tablet,5,402.45,0.1,,Card,Delivered,4,I. Nwosu,,1811.025
ORD-10039,2024-08-07,Michael Adeyemi,michael.adeyemi@example.com,Male,22,Canada,Books,Journal,1,41.97,0.25,14.47,Bank Transfer,Delivered,5,D. Bello,Customer requested gift wrap,31.4775
ORD-10307,2025-09-21,Ade Yusuf,ade.yusuf@example.com,Female,29,Canada,Groceries,Sugar 1kg,1,24.08,0.0,38.57,Bank Transfer,Cancelled,2,E. Okon,Customer requested gift wrap,24.08
ORD-10695,2023-03-25,Amaka Brown,amaka.brown@example.com,Male,,United States,Home Appliances,Vacuum Cleaner,8,305.69,0.0,7.28,Pos,Delivered,3,J. Eze,,2445.52
ORD-10651,2024-09-04,Grace Johnson,grace.johnson@example.com,Female,45,,Groceries,Spaghetti Pack,4,20.98,0.2,15.59,Pos,Delivered,4,F. Chukwu,Bulk order discount applied,67.13600000000001
ORD-10409,2023-08-20,Linda Adeyemi,linda.adeyemi@example.com,Female,20,Germany,Fashion,Sneakers,9,78.29,0.25,16.44,Card,Delivered,3,A. Okafor,,528.4575
ORD-10167,2024-01-08,Linda Bello,linda.bello@example.com,Female,28,Germany,Fashion,Jeans,3,203.28,0.05,9.73,Bank Transfer,Delivered,2,G. Ibe,Bulk order discount applied,579.348
ORD-10535,2025-09-13,Grace Musa,grace.musa@example.com,Male,,United Kingdom,Books,Journal,,59.97,0.25,42.36,Bank Transfer,Delivered,2,B. Musa,,
ORD-11386,2024-06-02,Amaka Yusuf,,Female,31,South Africa,Groceries,Sugar 1kg,11,20.66,0.15,37.82,Pos,Pending,5,D. Bello,Fragile item,193.171
ORD-11383,,Femi Yusuf,femi.yusuf@example.com,Male,37,Canada,Furniture,Dining Table,6,549.6,0.25,2.51,Mobile Money,Returned,3,I. Nwosu,,2473.2000000000003
ORD-11458,2023-04-20,Femi Brown,femi.brown@example.com,Male,35,Ghana,Furniture,Sofa,6,315.05,0.0,23.2,Pos,Shipped,3,B. Musa,,1890.3000000000002
ORD-11448,2023-01-20,Bola Brown,,Male,56,India,Home Appliances,Air Fryer,4,319.14,0.25,41.49,Card,Pending,,A. Okafor,Bulk order discount applied,957.42
ORD-10730,2024-05-16,Tunde Musa,,Male,47,UAE,Fashion,Sneakers,1,92.75,0.25,5.67,Card,Pending,1,E. Okon,Customer requested gift wrap,69.5625
ORD-10740,2024-05-11,Ngozi Khan,ngozi.khan@example.com,Male,53,Canada,Furniture,Office Chair,3,780.0912500000001,0.0,6.45,Mobile Money,Delivered,2,B. Musa,Fragile item,2340.2737500000003
ORD-10317,2023-06-27,Segun Smith,segun.smith@example.com,Male,46,Kenya,Fashion,Jacket,,185.03,0.0,13.98,Card,Delivered,1,A. Okafor,Called before delivery,
ORD-11173,2025-09-13,Emeka Williams,emeka.williams@example.com,Female,21,United Kingdom,Groceries,Spaghetti Pack,11,29.56,0.05,34.26,Card,Delivered,4,D. Bello,Customer requested gift wrap,308.90199999999993
ORD-11320,2023-03-02,Ade Ibe,ade.ibe@example.com,Male,39,Kenya,Furniture,Sofa,2,780.0912500000001,0.15,25.27,Mobile Money,Shipped,4,G. Ibe,Customer requested gift wrap,1326.155125
ORD-10517,2025-07-09,David Nwosu,david.nwosu@example.com,Female,29,South Africa,Groceries,Rice 5kg,1,34.94,0.2,42.35,Cash,Shipped,,D. Bello,Customer requested gift wrap,27.951999999999998
ORD-11158,2025-07-30,Sarah Brown,sarah.brown@example.com,Female,31,South Africa,Fashion,T-Shirt,11,153.1,0.2,7.21,Bank Transfer,Pending,2,F. Chukwu,Called before delivery,1347.28
ORD-10534,2024-08-30,Tunde Johnson,tunde.johnson@example.com,Female,34,United States,Groceries,Cooking Oil 2L,1,22.47,0.0,22.98,Bank Transfer,Delivered,,C. Adeyemi,Bulk order discount applied,22.47
ORD-10908,2024-05-21,Yetunde Smith,yetunde.smith@example.com,Male,39,Germany,Electronics,Smartphone,5,780.0912500000001,0.2,,Bank Transfer,Returned,4,E. Okon,,3120.3650000000002
ORD-10713,2025-11-09,Yetunde Yusuf,yetunde.yusuf@example.com,Male,30,United Kingdom,Electronics,Smartphone,8,319.84,0.05,2.55,Cash,Delivered,5,G. Ibe,,2430.7839999999997
ORD-11109,2024-04-14,Amaka Nwosu,amaka.nwosu@example.com,Female,28,Canada,Electronics,Headphones,6,780.0912500000001,0.05,37.66,Bank Transfer,Cancelled,2,I. Nwosu,Customer requested gift wrap,4446.520125
ORD-10549,2024-02-02,Emeka Yusuf,emeka.yusuf@example.com,Male,,Brazil,Electronics,Smartwatch,2,762.61,0.0,23.95,Mobile Money,Pending,3,J. Eze,,1525.22
ORD-10454,2025-04-08,Amaka Garcia,amaka.garcia@example.com,Female,17,India,Electronics,Laptop,1,780.0912500000001,0.25,16.24,Cash,Returned,2,H. Yusuf,Fragile item,585.0684375000001
ORD-10607,2024-08-22,Zainab Yusuf,,Male,33,Kenya,Electronics,Smartphone,5,440.38,0.2,22.33,Cash,Delivered,1,H. Yusuf,Bulk order discount applied,1761.5200000000002
ORD-11302,2023-12-11,Femi Bello,femi.bello@example.com,Male,30,Germany,Furniture,Study Desk,9,95.17,0.0,43.89,Pos,Returned,,D. Bello,Left at door,856.53
ORD-11253,2025-11-21,Chioma Bello,chioma.bello@example.com,Male,52,UAE,Furniture,Dining Table,8,620.94,0.2,20.76,Cash,Shipped,2,E. Okon,Called before delivery,3974.0160000000005
ORD-10599,2023-07-15,Emeka Bello,emeka.bello@example.com,Female,,South Africa,Electronics,Tablet,5,530.85,0.05,11.8,Bank Transfer,Delivered,4,J. Eze,Fragile item,2521.5375
ORD-10684,2024-08-16,Amaka Yusuf,amaka.yusuf@example.com,Male,43,France,Fashion,Handbag,4,153.33,0.05,3.09,Pos,Cancelled,3,A. Okafor,Called before delivery,582.654
ORD-10571,2024-07-10,John Musa,john.musa@example.com,Female,30,Canada,Groceries,Spaghetti Pack,5,11.68,0.0,17.71,Pos,Shipped,,A. Okafor,,58.4
ORD-11188,2023-05-20,Sarah Nwosu,sarah.nwosu@example.com,Female,57,Kenya,Electronics,Smartwatch,11,780.0912500000001,0.1,28.49,Bank Transfer,Cancelled,3,H. Yusuf,Left at door,7722.903375
ORD-10062,2024-11-13,Sarah Khan,sarah.khan@example.com,Female,8,United States,Home Appliances,Air Fryer,8,272.14,0.25,33.19,Pos,Cancelled,3,C. Adeyemi,,1632.84
ORD-11059,2024-05-30,Segun Okon,segun.okon@example.com,Female,35,Canada,Fashion,Jacket,2,72.04,0.1,24.45,Card,Pending,,C. Adeyemi,Fragile item,129.67200000000003
ORD-10537,2023-03-04,Mary Garcia,,Male,54,Kenya,Furniture,Dining Table,3,565.73,0.0,11.7,Card,Returned,1,J. Eze,,1697.19
ORD-11047,2023-05-10,Amaka Garcia,amaka.garcia@example.com,Male,37,Canada,Electronics,Tablet,,304.14,0.25,17.86,Mobile Money,Shipped,5,C. Adeyemi,Bulk order discount applied,
ORD-10245,2024-01-24,Segun Adeyemi,segun.adeyemi@example.com,Male,44,UAE,Electronics,Smartphone,6,470.73,0.2,44.49,Pos,Delivered,5,D. Bello,Bulk order discount applied,2259.5040000000004
ORD-10026,2024-07-03,Ibrahim Eze,,Male,,United Kingdom,Home Appliances,Air Fryer,10,180.96,0.05,6.77,Mobile Money,Shipped,1,E. Okon,,1719.1200000000001
ORD-10223,2024-10-01,Femi Nwosu,femi.nwosu@example.com,Male,23,Germany,Fashion,Jeans,6,156.86,0.25,43.6,Bank Transfer,Cancelled,,A. Okafor,Bulk order discount applied,705.8700000000001
ORD-11281,2023-11-20,Chidi Nwosu,chidi.nwosu@example.com,Male,32,Kenya,Books,Notebook Pack,9,33.1,0.1,10.56,Card,Delivered,1,F. Chukwu,Bulk order discount applied,268.11
ORD-10106,2025-04-13,Femi Ibe,femi.ibe@example.com,Female,22,United Kingdom,Furniture,Office Chair,8,591.25,0.2,24.38,Bank Transfer,Returned,,E. Okon,Customer requested gift wrap,3784.0
ORD-11028,2024-06-03,Emeka Smith,emeka.smith@example.com,Male,41,France,Groceries,Tea Box,9,39.35,0.0,1.06,Bank Transfer,Pending,3,J. Eze,,354.15000000000003
ORD-10510,,Tunde Musa,,Male,35,UAE,Books,Cookbook,10,41.26,0.25,39.13,Mobile Money,Pending,3,J. Eze,,309.45
ORD-10132,2024-02-10,Femi Johnson,,Male,25,United Kingdom,Electronics,Headphones,,780.0912500000001,0.1,23.54,Pos,Shipped,,H. Yusuf,,
ORD-11039,2023-03-18,Sarah Okafor,sarah.okafor@example.com,Female,26,South Africa,Groceries,Cooking Oil 2L,2,30.88,0.0,12.4,Mobile Money,Shipped,1,A. Okafor,Fragile item,61.76
ORD-10445,2024-10-08,Ngozi Okon,ngozi.okon@example.com,Female,,South Africa,Fashion,Handbag,6,128.13,0.1,4.93,Card,Returned,4,B. Musa,Fragile item,691.902
ORD-10801,2023-04-07,Femi Bello,femi.bello@example.com,Male,26,United Kingdom,Books,Cookbook,1,,0.2,29.32,Mobile Money,Cancelled,4,F. Chukwu,Left at door,
ORD-10509,2025-08-11,Chidi Johnson,chidi.johnson@example.com,Female,38,India,Fashion,Jacket,9,191.51,0.0,31.84,Pos,Cancelled,4,F. Chukwu,Left at door,1723.59
ORD-11111,2024-07-24,Linda Khan,,Male,42,Germany,Home Appliances,Vacuum Cleaner,,167.05,0.05,8.86,Bank Transfer,Delivered,1,F. Chukwu,Duplicate entry - re-keyed,
ORD-10076,2023-05-05,Linda Nwosu,linda.nwosu@example.com,Male,24,Kenya,Fashion,T-Shirt,4,81.19,0.05,24.17,Pos,Returned,1,D. Bello,,308.522
ORD-10037,2024-07-22,Ngozi Ibe,,Female,19,Kenya,Fashion,T-Shirt,11,142.76,0.1,34.41,Mobile Money,Returned,2,I. Nwosu,,1413.3239999999998
ORD-11355,2025-11-06,Sarah Yusuf,sarah.yusuf@example.com,Female,18,Ghana,Electronics,Smartphone,,780.0912500000001,0.0,22.03,Cash,Delivered,1,G. Ibe,,
ORD-10058,2023-11-12,Bola Eze,bola.eze@example.com,Female,38,Germany,Books,Textbook,6,44.7,0.0,4.22,Cash,Shipped,4,I. Nwosu,Called before delivery,268.20000000000005
ORD-10197,2023-05-08,Kunle Johnson,kunle.johnson@example.com,Female,39,Canada,Fashion,Handbag,8,128.51,0.1,3.36,Mobile Money,Cancelled,2,F. Chukwu,Bulk order discount applied,925.2719999999999
ORD-11272,2023-12-22,Emeka Smith,emeka.smith@example.com,Female,44,France,Books,Journal,9,27.68,0.25,17.2,Mobile Money,Delivered,1,H. Yusuf,Called before delivery,186.84
ORD-10747,2024-05-26,Emeka Khan,emeka.khan@example.com,Female,40,United States,Home Appliances,Microwave,5,129.0,0.0,32.02,Cash,Delivered,1,C. Adeyemi,Called before delivery,645.0
ORD-10884,2024-12-09,Sarah Brown,sarah.brown@example.com,Female,39,Nigeria,Furniture,Dining Table,4,,0.25,10.43,Cash,Pending,5,G. Ibe,Customer requested gift wrap,
ORD-10700,2025-06-05,Bola Bello,bola.bello@example.com,,51,Nigeria,Fashion,Sneakers,3,79.09,0.25,17.13,Mobile Money,Shipped,5,D. Bello,,177.95250000000001
ORD-10478,2023-04-03,Sarah Khan,sarah.khan@example.com,Male,11,Ghana,Home Appliances,Microwave,7,319.55,0.1,43.6,Cash,Pending,,A. Okafor,Bulk order discount applied,2013.165
ORD-10087,2025-06-28,Emeka Eze,emeka.eze@example.com,Male,28,Nigeria,Groceries,Rice 5kg,7,12.84,0.0,23.25,Mobile Money,Shipped,2,H. Yusuf,Left at door,89.88
ORD-10562,2024-07-17,Ngozi Williams,ngozi.williams@example.com,Female,39,Ghana,Home Appliances,Air Fryer,8,29.35,0.0,39.82,Card,Delivered,5,C. Adeyemi,Bulk order discount applied,234.8
ORD-10335,2023-12-29,John Garcia,,Female,34,South Africa,Fashion,Sneakers,3,59.87,0.0,1.76,Card,Cancelled,5,I. Nwosu,,179.60999999999999
ORD-11306,2024-02-18,Linda Adeyemi,linda.adeyemi@example.com,Female,20,France,Furniture,Sofa,6,780.0912500000001,0.1,15.84,Cash,Pending,2,G. Ibe,Left at door,4212.49275
ORD-11212,2023-06-04,David Eze,david.eze@example.com,Female,52,Brazil,Furniture,Office Chair,2,755.41,0.0,29.4,Mobile Money,Pending,3,B. Musa,Called before delivery,1510.82
ORD-10952,2024-05-31,Peter Ibe,peter.ibe@example.com,,39,Germany,Fashion,Jacket,7,159.39,0.0,8.56,Mobile Money,Pending,2,C. Adeyemi,Fragile item,1115.73
ORD-11190,2025-05-12,Tunde Johnson,tunde.johnson@example.com,Female,,United Kingdom,Books,Notebook Pack,9,32.78,0.05,26.11,Cash,Returned,5,J. Eze,Left at door,280.26899999999995
ORD-11195,2023-10-09,Michael Garcia,,Female,28,Nigeria,Electronics,Smartphone,4,487.7,0.0,8.52,Mobile Money,Returned,4,C. Adeyemi,,1950.8
ORD-10539,2025-12-29,Sarah Ibe,sarah.ibe@example.com,Female,32,Canada,Furniture,Office Chair,2,175.53,0.2,42.43,Card,Shipped,2,C. Adeyemi,,280.848
ORD-11486,2025-04-02,Peter Garcia,peter.garcia@example.com,Female,29,Canada,Furniture,Study Desk,4,160.38,0.0,21.06,Pos,Shipped,1,F. Chukwu,Left at door,641.52
ORD-10958,2023-02-25,Linda Bello,linda.bello@example.com,Female,27,France,Groceries,Rice 5kg,3,34.95,0.2,23.66,Card,Cancelled,2,D. Bello,Called before delivery,83.88000000000001
ORD-10419,2024-12-17,Kunle Adeyemi,kunle.adeyemi@example.com,Female,21,United Kingdom,Fashion,T-Shirt,9,20.9,0.1,24.4,Bank Transfer,Cancelled,,F. Chukwu,Bulk order discount applied,169.29
ORD-11436,2025-11-25,Linda Garcia,,Female,57,Canada,Furniture,Sofa,3,571.04,0.15,40.0,Mobile Money,Shipped,3,J. Eze,Fragile item,1456.1519999999998
ORD-11413,2024-11-27,Michael Adeyemi,michael.adeyemi@example.com,Female,41,United Kingdom,Home Appliances,Air Fryer,7,306.94,0.25,8.25,Card,Returned,3,E. Okon,,1611.435
ORD-10574,2025-06-14,Mary Okafor,mary.okafor@example.com,Female,24,Canada,Home Appliances,Blender,11,210.8,0.1,38.06,Card,Cancelled,2,F. Chukwu,,2086.92
ORD-10672,2025-10-30,Ngozi Khan,ngozi.khan@example.com,Male,57,UAE,Furniture,Dining Table,10,780.0912500000001,0.15,43.98,Pos,Delivered,2,H. Yusuf,,6630.775625
ORD-11303,2025-11-08,Ade Yusuf,,Female,21,Brazil,Fashion,Handbag,6,167.12,0.25,5.3,Mobile Money,Cancelled,,D. Bello,,752.04
ORD-10333,2023-12-24,Sarah Chukwu,sarah.chukwu@example.com,Female,,India,Fashion,T-Shirt,,201.53,0.25,23.18,Card,Cancelled,3,F. Chukwu,Left at door,
ORD-10869,2024-10-19,Tunde Brown,tunde.brown@example.com,Female,43,United States,Fashion,Jacket,7,,0.1,6.46,Mobile Money,Delivered,1,H. Yusuf,Bulk order discount applied,
ORD-10575,2024-04-04,Zainab Williams,zainab.williams@example.com,Male,27,Kenya,Groceries,Rice 5kg,1,29.86,0.0,44.12,Cash,Pending,4,D. Bello,,29.86
ORD-11318,2025-01-13,Grace Brown,grace.brown@example.com,Male,23,Canada,Fashion,T-Shirt,7,138.79,0.05,25.04,Pos,Cancelled,2,D. Bello,,922.9535
ORD-11123,2023-05-08,Kunle Ibe,kunle.ibe@example.com,Male,33,South Africa,Furniture,Sofa,3,242.64,0.0,18.72,Card,Cancelled,5,D. Bello,Fragile item,727.92
ORD-11118,2025-04-10,Bola Garcia,,Female,43,France,Electronics,Monitor,5,683.26,0.1,37.72,Bank Transfer,Pending,2,C. Adeyemi,Called before delivery,3074.67
ORD-11400,2023-07-26,Peter Adeyemi,peter.adeyemi@example.com,Female,35,South Africa,Home Appliances,Blender,5,,0.0,2.73,Cash,Pending,2,C. Adeyemi,,
ORD-11241,2024-09-01,Ibrahim Garcia,ibrahim.garcia@example.com,Female,48,United Kingdom,Books,Notebook Pack,3,35.14,0.1,1.97,Pos,Delivered,1,B. Musa,Left at door,94.878
ORD-10985,2024-01-20,John Garcia,john.garcia@example.com,Female,31,South Africa,Furniture,Dining Table,5,552.18,0.25,37.34,Cash,Pending,1,F. Chukwu,Customer requested gift wrap,2070.6749999999997
ORD-11081,2025-11-10,David Yusuf,david.yusuf@example.com,Female,35,,Home Appliances,Vacuum Cleaner,7,118.14,0.25,43.08,Card,Returned,,F. Chukwu,Duplicate entry - re-keyed,620.235
ORD-10009,2024-04-18,Segun Brown,,Male,30,South Africa,Furniture,Dining Table,3,566.61,0.2,36.75,Pos,Delivered,5,C. Adeyemi,,1359.864
ORD-11464,2025-09-12,Ade Johnson,ade.johnson@example.com,Male,37,India,Electronics,Monitor,7,379.66,0.0,43.12,Cash,Cancelled,3,I. Nwosu,,2657.6200000000003
ORD-11321,2024-01-09,Ade Yusuf,ade.yusuf@example.com,,40,Ghana,Fashion,Jacket,2,58.71,0.25,36.03,Pos,Shipped,5,D. Bello,Bulk order discount applied,88.065
ORD-11171,2024-08-08,David Adeyemi,david.adeyemi@example.com,Male,30,India,Books,Textbook,5,35.46,0.2,12.76,Cash,Pending,5,A. Okafor,Bulk order discount applied,141.84
ORD-10305,2025-05-02,Tunde Nwosu,tunde.nwosu@example.com,Male,,UAE,Electronics,Headphones,11,628.94,0.15,39.31,Card,Cancelled,,J. Eze,Customer requested gift wrap,5880.589
ORD-11159,2023-07-04,Ibrahim Chukwu,ibrahim.chukwu@example.com,Female,55,United Kingdom,Electronics,Laptop,1,380.21,0.0,,Cash,Returned,2,I. Nwosu,Left at door,380.21
ORD-11035,2025-12-05,Amaka Garcia,amaka.garcia@example.com,Female,36,South Africa,Furniture,Office Chair,8,415.31,0.2,24.16,Mobile Money,Pending,1,F. Chukwu,Left at door,2657.9840000000004
ORD-10075,2023-11-29,Peter Okafor,peter.okafor@example.com,Male,49,India,Electronics,Smartphone,5,175.89,0.15,19.92,Card,Cancelled,5,H. Yusuf,Left at door,747.5324999999999
ORD-10948,2023-07-23,Sarah Khan,sarah.khan@example.com,Female,33,Kenya,Home Appliances,Microwave,1,183.42,0.25,1.61,Mobile Money,Shipped,4,F. Chukwu,Called before delivery,137.565
ORD-10523,,Sarah Khan,sarah.khan@example.com,Male,47,United States,Home Appliances,Electric Kettle,3,240.61,0.0,42.92,Cash,Returned,5,E. Okon,,721.83
ORD-10336,2025-06-22,David Eze,david.eze@example.com,Male,41,India,Furniture,Sofa,11,721.66,0.05,4.86,Bank Transfer,Cancelled,2,H. Yusuf,Called before delivery,7541.346999999999
ORD-10570,2025-03-04,Segun Nwosu,segun.nwosu@example.com,Male,25,Kenya,Home Appliances,Electric Kettle,1,318.86,,,Mobile Money,Delivered,5,G. Ibe,Left at door,318.86
ORD-10591,2024-06-23,Chioma Khan,chioma.khan@example.com,Female,25,India,Furniture,Sofa,11,106.05,0.2,,Card,Delivered,3,H. Yusuf,Customer requested gift wrap,933.24
ORD-10089,2024-07-26,Chidi Williams,,Female,37,UAE,Electronics,Headphones,9,780.0912500000001,0.0,10.28,Bank Transfer,Shipped,,D. Bello,,7020.821250000001
ORD-10770,2024-05-22,Segun Johnson,segun.johnson@example.com,Female,36,South Africa,Groceries,Sugar 1kg,8,6.16,,23.71,Cash,Cancelled,1,J. Eze,,49.28
ORD-10218,2024-12-11,Yetunde Eze,yetunde.eze@example.com,Female,69,UAE,Books,Notebook Pack,5,9.41,0.0,19.87,Mobile Money,Pending,3,E. Okon,Fragile item,47.05
ORD-11051,2024-12-28,Michael Brown,michael.brown@example.com,Female,29,Canada,Furniture,Dining Table,11,780.0912500000001,0.1,7.31,Card,Cancelled,2,J. Eze,Fragile item,7722.903375
ORD-10174,2023-07-08,John Ibe,john.ibe@example.com,Male,38,Canada,Groceries,Rice 5kg,2,23.06,0.0,21.5,Card,Shipped,2,A. Okafor,,46.12
ORD-11414,2025-11-21,Kunle Smith,kunle.smith@example.com,Male,28,UAE,Groceries,Tea Box,7,18.09,0.2,12.91,Bank Transfer,Pending,,E. Okon,,101.304
ORD-10222,2023-11-28,Kunle Williams,kunle.williams@example.com,Female,18,United Kingdom,Electronics,Tablet,4,780.0912500000001,0.25,12.6,Mobile Money,Shipped,1,G. Ibe,,2340.2737500000003
ORD-10320,2023-02-07,Ibrahim Ibe,ibrahim.ibe@example.com,Male,36,United Kingdom,Electronics,Smartphone,9,780.0912500000001,0.0,31.99,Cash,Shipped,5,A. Okafor,,7020.821250000001
ORD-11339,2024-12-03,David Okafor,david.okafor@example.com,Female,25,Germany,Fashion,Jacket,3,,0.0,,Card,Pending,1,I. Nwosu,,
ORD-11376,2023-10-16,Femi Johnson,femi.johnson@example.com,Female,52,Germany,Furniture,Study Desk,1,311.8,0.0,24.51,Mobile Money,Delivered,5,G. Ibe,Fragile item,311.8
ORD-10838,2024-09-06,Bola Smith,bola.smith@example.com,Male,38,Germany,Books,Notebook Pack,10,21.05,0.0,1.7,Card,Shipped,3,J. Eze,,210.5
ORD-10267,2025-03-22,Bola Ibe,bola.ibe@example.com,Female,29,United Kingdom,Electronics,Smartphone,,341.66,0.05,43.67,Card,Delivered,4,F. Chukwu,Fragile item,
ORD-10007,2025-11-27,Chioma Nwosu,chioma.nwosu@example.com,Male,42,Brazil,Books,Cookbook,2,18.25,0.1,39.36,Card,Pending,5,G. Ibe,Left at door,32.85
ORD-10748,2024-04-06,Sarah Johnson,sarah.johnson@example.com,Female,26,Brazil,Electronics,Headphones,3,780.0912500000001,0.0,8.97,Card,Returned,3,I. Nwosu,Customer requested gift wrap,2340.2737500000003
ORD-11404,2023-06-27,Ibrahim Johnson,ibrahim.johnson@example.com,Female,36,Kenya,Electronics,Tablet,11,775.36,0.1,37.51,Mobile Money,Pending,5,C. Adeyemi,,7676.064000000001
ORD-10139,2025-10-17,Emeka Ibe,emeka.ibe@example.com,Female,25,Nigeria,Electronics,Headphones,6,184.01,0.1,40.73,Cash,Returned,5,H. Yusuf,Left at door,993.654
ORD-10164,2023-01-18,David Johnson,david.johnson@example.com,Female,31,United Kingdom,Home Appliances,Air Fryer,7,217.92,,5.53,Mobile Money,Cancelled,5,E. Okon,Bulk order discount applied,1525.4399999999998
ORD-11266,2025-03-25,Yetunde Okon,yetunde.okon@example.com,Male,33,France,Home Appliances,Microwave,9,95.27,0.15,15.68,Mobile Money,Delivered,2,B. Musa,Fragile item,728.8154999999999
ORD-10595,2024-08-01,Tunde Eze,tunde.eze@example.com,Female,20,UAE,Fashion,Jacket,9,29.67,0.05,6.02,Card,Pending,1,B. Musa,Bulk order discount applied,253.6785
ORD-11450,2023-05-17,Ade Khan,,Male,30,Ghana,Home Appliances,Air Fryer,9,233.98,0.2,5.53,Bank Transfer,Delivered,2,C. Adeyemi,Fragile item,1684.656
ORD-11358,2023-08-21,Zainab Adeyemi,zainab.adeyemi@example.com,Female,31,South Africa,Groceries,Cooking Oil 2L,11,33.99,0.1,8.09,Bank Transfer,Pending,1,J. Eze,,336.50100000000003
ORD-11114,2023-06-23,Ngozi Adeyemi,ngozi.adeyemi@example.com,Male,15,UAE,Books,Cookbook,9,7.08,0.0,15.82,Bank Transfer,Cancelled,,F. Chukwu,Bulk order discount applied,63.72
ORD-11460,2023-05-03,Michael Garcia,michael.garcia@example.com,Male,21,Germany,Furniture,Dining Table,3,,0.0,,Cash,Delivered,4,F. Chukwu,Fragile item,
ORD-10524,2024-01-12,Bola Adeyemi,bola.adeyemi@example.com,Male,37,France,Fashion,Sneakers,3,108.6,0.0,5.75,Pos,Delivered,1,G. Ibe,Left at door,325.79999999999995
ORD-10894,2024-05-07,David Okafor,david.okafor@example.com,Male,33,United Kingdom,Books,Cookbook,6,56.65,0.1,19.28,Card,Pending,4,A. Okafor,,305.90999999999997
ORD-10852,2025-04-05,Michael Adeyemi,michael.adeyemi@example.com,Male,24,Ghana,Electronics,Smartphone,5,728.84,0.0,36.64,Bank Transfer,Delivered,2,B. Musa,,3644.2000000000003
ORD-10579,2024-07-03,Ngozi Okafor,ngozi.okafor@example.com,Female,37,Ghana,Groceries,Sugar 1kg,1,16.25,0.0,39.1,Card,Cancelled,2,E. Okon,,16.25
ORD-10803,2025-07-13,Ade Okon,ade.okon@example.com,Female,29,Brazil,Furniture,Sofa,3,311.91,0.15,41.95,Mobile Money,Shipped,2,F. Chukwu,Customer requested gift wrap,795.3705
ORD-10020,2023-04-03,Femi Musa,femi.musa@example.com,Female,,Brazil,Electronics,Smartphone,8,780.0912500000001,0.1,17.93,Card,Cancelled,3,D. Bello,Fragile item,5616.657
ORD-11375,2025-07-04,Chidi Adeyemi,chidi.adeyemi@example.com,Male,6,Brazil,Furniture,Study Desk,5,559.12,0.2,34.76,Cash,Delivered,4,B. Musa,,2236.48
ORD-10634,2025-01-06,Ngozi Okafor,ngozi.okafor@example.com,Female,26,United States,Books,Notebook Pack,8,34.53,0.1,42.23,Pos,Shipped,1,A. Okafor,Called before delivery,248.616
ORD-10798,2025-05-27,Amaka Adeyemi,amaka.adeyemi@example.com,Male,45,Brazil,Books,Textbook,8,22.47,,0.14,Bank Transfer,Returned,1,C. Adeyemi,Called before delivery,179.76
ORD-10619,2023-10-07,John Okon,john.okon@example.com,Male,17,Canada,Books,Journal,9,59.48,0.1,32.33,Bank Transfer,Pending,5,G. Ibe,Called before delivery,481.78799999999995
ORD-11288,2023-07-02,Chioma Garcia,chioma.garcia@example.com,Female,34,France,Books,Textbook,11,52.33,0.0,36.61,Pos,Returned,,D. Bello,Left at door,575.63
ORD-10656,2023-03-01,Yetunde Smith,yetunde.smith@example.com,Female,27,United States,Furniture,Office Chair,,546.1,0.05,27.18,Pos,Pending,5,F. Chukwu,Called before delivery,
ORD-11145,2023-02-22,David Adeyemi,david.adeyemi@example.com,Male,34,Nigeria,Furniture,Study Desk,1,406.24,0.0,0.54,Pos,Delivered,4,C. Adeyemi,Fragile item,406.24
ORD-10784,2025-05-27,Chioma Johnson,chioma.johnson@example.com,Male,37,Kenya,Fashion,Jeans,6,183.79,0.1,39.5,Bank Transfer,Cancelled,2,E. Okon,Left at door,992.466
ORD-10138,2023-10-18,Ibrahim Johnson,ibrahim.johnson@example.com,Male,43,Brazil,Books,Notebook Pack,8,37.24,0.15,17.68,Pos,Shipped,4,B. Musa,Bulk order discount applied,253.232
ORD-10558,2023-11-05,Amaka Adeyemi,amaka.adeyemi@example.com,Female,33,Nigeria,Home Appliances,Air Fryer,6,127.13,0.25,9.64,Bank Transfer,Returned,2,H. Yusuf,Bulk order discount applied,572.085
ORD-10698,2024-10-10,Ibrahim Musa,ibrahim.musa@example.com,Female,33,UAE,Electronics,Headphones,5,780.0912500000001,0.25,28.07,Bank Transfer,Returned,2,A. Okafor,Fragile item,2925.3421875000004
ORD-11260,2023-09-28,Linda Okon,linda.okon@example.com,Female,47,Germany,Fashion,Jacket,9,189.8,0.2,23.87,Card,Delivered,2,H. Yusuf,Fragile item,1366.5600000000002
ORD-10757,2024-01-17,David Okon,david.okon@example.com,Female,47,India,Furniture,Bookshelf,7,776.7,0.0,14.13,Bank Transfer,Cancelled,2,E. Okon,Fragile item,5436.900000000001
ORD-10904,2024-08-04,Tunde Johnson,tunde.johnson@example.com,Male,30,France,Furniture,Dining Table,4,427.36,0.25,32.28,Card,Pending,2,A. Okafor,Bulk order discount applied,1282.08
ORD-11163,2025-11-04,Kunle Garcia,kunle.garcia@example.com,Male,37,Brazil,Furniture,Office Chair,4,306.1,0.2,3.55,Cash,Pending,5,H. Yusuf,Bulk order discount applied,979.5200000000001
ORD-10369,2024-11-21,Ibrahim Okafor,ibrahim.okafor@example.com,Female,,Brazil,Home Appliances,Microwave,9,99.68,0.05,39.15,Pos,Delivered,5,C. Adeyemi,,852.2640000000001
ORD-11445,2023-07-25,Yetunde Bello,yetunde.bello@example.com,Male,44,Canada,Groceries,Spaghetti Pack,10,18.87,0.05,18.66,Pos,Delivered,5,E. Okon,Left at door,179.26500000000001
ORD-10811,2024-03-22,Ibrahim Okafor,ibrahim.okafor@example.com,Male,37,France,Groceries,Sugar 1kg,1,24.25,0.05,27.45,Bank Transfer,Delivered,5,C. Adeyemi,Fragile item,23.037499999999998
ORD-10328,2024-09-03,Michael Chukwu,michael.chukwu@example.com,Male,36,South Africa,Fashion,Handbag,10,122.22,0.0,43.1,Cash,Shipped,3,F. Chukwu,,1222.2
ORD-10318,2024-11-21,Amaka Okafor,amaka.okafor@example.com,Female,60,Brazil,Books,Textbook,8,23.46,0.25,23.16,Cash,Shipped,3,C. Adeyemi,,140.76
ORD-11169,2025-05-06,Linda Khan,linda.khan@example.com,Female,35,Kenya,Furniture,Sofa,9,600.48,0.05,42.54,Cash,Shipped,3,I. Nwosu,Left at door,5134.103999999999
ORD-11132,2025-02-22,Kunle Adeyemi,kunle.adeyemi@example.com,Female,26,Kenya,Electronics,Smartwatch,11,780.0912500000001,0.0,27.69,Pos,Cancelled,5,J. Eze,,8581.00375
ORD-10529,2025-04-30,Chioma Adeyemi,chioma.adeyemi@example.com,Male,48,India,Groceries,Spaghetti Pack,5,11.09,0.0,33.76,Pos,Cancelled,2,F. Chukwu,,55.45
ORD-10527,2024-10-09,Peter Johnson,peter.johnson@example.com,Male,48,United States,Groceries,Cooking Oil 2L,6,15.48,0.1,39.01,Card,Returned,3,D. Bello,Left at door,83.592
ORD-10088,2023-01-18,David Williams,david.williams@example.com,Male,17,Germany,Home Appliances,Air Fryer,6,169.71,0.2,5.6,Mobile Money,Shipped,4,A. Okafor,Left at door,814.6080000000001
ORD-10480,2024-02-05,Bola Eze,bola.eze@example.com,Female,58,Canada,Home Appliances,Air Fryer,4,227.89,0.25,34.99,Card,Delivered,3,G. Ibe,,683.67
ORD-10339,2024-06-11,Femi Brown,femi.brown@example.com,Male,16,Germany,Furniture,Bookshelf,6,319.85,0.0,17.81,Card,Cancelled,1,B. Musa,Bulk order discount applied,1919.1000000000001
ORD-10792,2025-11-21,Peter Khan,peter.khan@example.com,Male,34,United States,Home Appliances,Vacuum Cleaner,2,294.7,0.1,37.71,Mobile Money,Delivered,4,C. Adeyemi,,530.46
ORD-10658,2025-06-20,Chidi Bello,chidi.bello@example.com,Female,44,United Kingdom,Furniture,Bookshelf,9,342.97,0.2,43.9,Card,Shipped,5,I. Nwosu,Bulk order discount applied,2469.3840000000005
ORD-10149,2023-08-19,Tunde Chukwu,tunde.chukwu@example.com,Male,39,South Africa,Furniture,Office Chair,11,780.0912500000001,0.1,19.76,Cash,Delivered,3,A. Okafor,Called before delivery,7722.903375
ORD-11474,2024-01-26,Grace Brown,grace.brown@example.com,,34,Germany,Groceries,Tea Box,,12.15,0.2,31.54,Cash,Delivered,3,I. Nwosu,Left at door,
ORD-11419,,Emeka Yusuf,emeka.yusuf@example.com,,42,Germany,Furniture,Bookshelf,8,585.0,0.05,38.77,Cash,Returned,2,F. Chukwu,,4446.0
ORD-10029,2024-09-11,Halima Smith,halima.smith@example.com,Male,38,India,Electronics,Laptop,9,780.0912500000001,0.1,8.03,Card,Returned,4,J. Eze,,6318.739125000001
ORD-10247,2024-02-04,Yetunde Williams,yetunde.williams@example.com,Male,37,Canada,Fashion,T-Shirt,10,160.92,0.0,25.84,Mobile Money,Shipped,4,I. Nwosu,,1609.1999999999998
ORD-10366,2024-11-12,Emeka Khan,emeka.khan@example.com,Male,24,India,Furniture,Dining Table,10,780.0912500000001,0.2,24.75,Card,Pending,2,D. Bello,Left at door,6240.7300000000005
ORD-11384,2025-02-17,Ade Johnson,ade.johnson@example.com,Female,34,UAE,Fashion,Handbag,10,91.3,0.2,28.41,Bank Transfer,Delivered,,C. Adeyemi,,730.4000000000001
ORD-10998,2025-07-13,Emeka Smith,,Male,19,UAE,Home Appliances,Microwave,9,278.52,0.0,43.41,Pos,Pending,,H. Yusuf,Fragile item,2506.68
ORD-11204,2024-07-04,David Smith,david.smith@example.com,Female,41,Nigeria,Furniture,Bookshelf,2,497.43,0.2,42.35,Pos,Delivered,5,G. Ibe,,795.888
ORD-10199,2025-01-15,Grace Smith,,Male,39,Canada,Furniture,Bookshelf,7,565.38,0.2,28.67,Cash,Cancelled,3,I. Nwosu,Called before delivery,3166.128
ORD-10745,2023-12-20,Amaka Brown,amaka.brown@example.com,Female,48,Kenya,Furniture,Study Desk,5,124.46,0.0,18.9,Card,Cancelled,4,A. Okafor,Fragile item,622.3
ORD-11027,2023-09-24,Chidi Garcia,chidi.garcia@example.com,Male,43,France,Electronics,Headphones,,315.27,0.1,23.96,Mobile Money,Returned,1,A. Okafor,Customer requested gift wrap,
ORD-10405,2025-07-04,Ade Smith,ade.smith@example.com,Male,35,United States,Books,Journal,9,33.78,0.15,38.02,Cash,Returned,2,F. Chukwu,Called before delivery,258.417
ORD-10833,2024-05-19,Sarah Williams,sarah.williams@example.com,Male,15,South Africa,Books,Journal,6,36.12,0.15,22.24,Cash,Shipped,3,J. Eze,Left at door,184.21199999999996
ORD-10484,2025-01-28,David Bello,david.bello@example.com,Male,33,Canada,Groceries,Rice 5kg,7,8.62,0.25,4.51,Cash,Cancelled,3,D. Bello,Called before delivery,45.254999999999995
ORD-10159,2025-01-20,John Garcia,,Female,43,Ghana,Fashion,Sneakers,8,169.62,0.0,21.22,Card,Cancelled,1,D. Bello,Called before delivery,1356.96
ORD-10316,2024-09-16,Yetunde Musa,yetunde.musa@example.com,Male,20,Nigeria,Groceries,Cooking Oil 2L,11,35.7,0.0,23.42,Card,Returned,4,B. Musa,,392.70000000000005
ORD-10257,2023-02-28,Mary Nwosu,mary.nwosu@example.com,Female,37,United Kingdom,Furniture,Bookshelf,2,361.79,0.25,35.58,Card,Delivered,1,E. Okon,,542.6850000000001
ORD-10008,2023-01-16,Amaka Johnson,amaka.johnson@example.com,Male,35,Germany,Fashion,Jacket,2,204.79,0.1,24.98,Card,Pending,2,I. Nwosu,Left at door,368.622
ORD-11498,2023-01-31,Michael Garcia,michael.garcia@example.com,Male,29,Kenya,Home Appliances,Microwave,8,184.7,0.0,1.12,Card,Cancelled,5,C. Adeyemi,Bulk order discount applied,1477.6
ORD-10385,2023-10-25,Ngozi Bello,ngozi.bello@example.com,Female,41,UAE,Fashion,T-Shirt,4,118.94,0.25,28.24,Card,Pending,,I. Nwosu,,356.82
ORD-10861,2023-09-06,Linda Bello,linda.bello@example.com,Male,53,South Africa,Books,Journal,5,27.97,0.25,6.63,Card,Returned,2,J. Eze,Fragile item,104.88749999999999
ORD-10178,2023-07-31,Mary Johnson,mary.johnson@example.com,Female,35,United States,Books,Novel,5,30.34,0.1,2.8,Card,Delivered,1,D. Bello,,136.53
ORD-10789,2023-04-22,Linda Adeyemi,linda.adeyemi@example.com,Male,48,Ghana,Groceries,Spaghetti Pack,3,27.66,0.0,16.77,Bank Transfer,Delivered,2,B. Musa,,82.98
ORD-10315,2025-04-01,Amaka Johnson,amaka.johnson@example.com,Male,28,Kenya,Fashion,T-Shirt,3,94.95,0.25,4.56,Bank Transfer,Shipped,,H. Yusuf,Called before delivery,213.63750000000002
ORD-10358,2025-07-11,Chidi Adeyemi,chidi.adeyemi@example.com,Male,31,South Africa,Electronics,Headphones,6,639.55,0.0,14.61,Mobile Money,Pending,3,H. Yusuf,Fragile item,3837.2999999999997
ORD-10299,2025-03-20,Tunde Nwosu,tunde.nwosu@example.com,Female,35,Kenya,Home Appliances,Vacuum Cleaner,1,126.8,0.2,28.8,Mobile Money,Shipped,,G. Ibe,Called before delivery,101.44
ORD-10456,2023-12-24,Peter Nwosu,peter.nwosu@example.com,Male,24,Germany,Groceries,Spaghetti Pack,5,26.01,0.25,22.49,Mobile Money,Delivered,,I. Nwosu,Customer requested gift wrap,97.53750000000001
ORD-10544,2025-07-25,Amaka Williams,amaka.williams@example.com,Male,26,Canada,Groceries,Cooking Oil 2L,1,36.23,0.25,34.51,Card,Shipped,5,C. Adeyemi,,27.1725
ORD-10663,2024-05-14,Emeka Smith,emeka.smith@example.com,Female,32,Kenya,Books,Journal,,59.22,0.2,33.37,Cash,Shipped,4,A. Okafor,Left at door,
ORD-10597,2024-07-02,Yetunde Musa,yetunde.musa@example.com,Male,30,Nigeria,Electronics,Smartphone,5,780.0912500000001,0.0,40.16,Bank Transfer,Cancelled,2,G. Ibe,,3900.45625
ORD-10886,2023-07-25,Peter Brown,peter.brown@example.com,Female,30,Germany,Electronics,Tablet,1,406.02,0.1,40.19,Bank Transfer,Delivered,2,G. Ibe,Called before delivery,365.418
ORD-11084,2024-12-17,Grace Garcia,grace.garcia@example.com,Male,31,Ghana,Books,Journal,8,39.8,0.1,18.01,Pos,Pending,1,I. Nwosu,,286.56
ORD-10947,2024-05-09,Bola Chukwu,,Male,21,Brazil,Groceries,Tea Box,2,30.25,0.05,14.73,Bank Transfer,Cancelled,3,E. Okon,Fragile item,57.474999999999994
ORD-10528,2025-10-03,Femi Williams,,Male,,Ghana,Books,Notebook Pack,6,30.38,0.0,4.54,Cash,Delivered,1,A. Okafor,Customer requested gift wrap,182.28
ORD-11287,2025-01-12,Sarah Williams,sarah.williams@example.com,Female,22,Germany,Fashion,Sneakers,3,14.14,0.2,26.53,Bank Transfer,Delivered,2,A. Okafor,Customer requested gift wrap,33.936
ORD-10160,2024-06-07,Chidi Eze,chidi.eze@example.com,Female,23,Ghana,Groceries,Tea Box,5,32.16,0.05,20.11,Card,Delivered,3,E. Okon,Called before delivery,152.75999999999996
ORD-10978,2024-03-23,Ngozi Yusuf,ngozi.yusuf@example.com,Male,25,Brazil,Furniture,Dining Table,3,,0.2,28.98,Mobile Money,Delivered,3,A. Okafor,,
ORD-10361,2025-01-05,Peter Adeyemi,peter.adeyemi@example.com,Male,48,Canada,Books,Cookbook,7,44.87,0.2,31.4,Cash,Cancelled,2,C. Adeyemi,Customer requested gift wrap,251.272
ORD-11354,2023-09-26,Michael Eze,michael.eze@example.com,Male,36,United States,Fashion,Handbag,11,168.08,0.25,9.07,Bank Transfer,Delivered,,G. Ibe,,1386.66
ORD-10203,2024-01-17,Ade Nwosu,ade.nwosu@example.com,Male,18,India,Electronics,Tablet,6,569.83,0.25,42.75,Mobile Money,Cancelled,1,B. Musa,,2564.2350000000006
ORD-10957,2025-04-02,Bola Chukwu,bola.chukwu@example.com,Female,51,Canada,Home Appliances,Vacuum Cleaner,10,111.1,0.0,7.82,Cash,Returned,4,J. Eze,,1111.0
ORD-11344,2024-12-31,Segun Bello,segun.bello@example.com,Male,36,Brazil,Books,Textbook,6,37.21,0.0,3.55,Pos,Shipped,4,C. Adeyemi,Fragile item,223.26
ORD-10113,2024-08-04,Tunde Okon,tunde.okon@example.com,Female,25,Kenya,Books,Textbook,,27.36,0.0,1.18,Pos,Returned,5,G. Ibe,,
ORD-11042,2025-10-04,Halima Adeyemi,halima.adeyemi@example.com,Male,34,United States,Furniture,Office Chair,6,780.0912500000001,0.15,9.47,Card,Cancelled,5,A. Okafor,Customer requested gift wrap,3978.465375
ORD-10308,2024-10-14,Emeka Brown,emeka.brown@example.com,Female,23,France,Electronics,Tablet,4,123.32,0.1,29.8,Mobile Money,Cancelled,5,B. Musa,Bulk order discount applied,443.952
ORD-11230,2024-12-19,Ngozi Nwosu,ngozi.nwosu@example.com,Female,,South Africa,Electronics,Smartwatch,8,780.0912500000001,0.2,4.0,Bank Transfer,Delivered,1,E. Okon,Customer requested gift wrap,4992.584000000001
ORD-10423,2024-01-12,John Eze,john.eze@example.com,Male,,Germany,Electronics,Monitor,6,780.0912500000001,0.0,8.11,Cash,Delivered,4,F. Chukwu,,4680.547500000001
ORD-11446,,Ade Chukwu,ade.chukwu@example.com,Female,20,Ghana,Electronics,Laptop,11,780.0912500000001,0.0,17.04,Mobile Money,Returned,4,G. Ibe,Fragile item,8581.00375
ORD-11135,2024-06-19,Kunle Nwosu,kunle.nwosu@example.com,Female,34,United Kingdom,Groceries,Spaghetti Pack,9,20.49,0.0,30.03,Mobile Money,Returned,,F. Chukwu,Fragile item,184.41
ORD-10262,2024-02-13,Peter Garcia,peter.garcia@example.com,Male,38,Nigeria,Furniture,Bookshelf,5,224.74,0.25,19.72,Mobile Money,Pending,,F. Chukwu,Duplicate entry - re-keyed,842.7750000000001
ORD-10460,2024-08-02,Ngozi Chukwu,ngozi.chukwu@example.com,Male,28,Nigeria,Home Appliances,Air Fryer,1,45.36,0.2,12.62,Mobile Money,Returned,3,D. Bello,Customer requested gift wrap,36.288000000000004
ORD-10590,2025-05-28,Amaka Brown,amaka.brown@example.com,,,United States,Fashion,Jacket,6,11.22,0.05,28.62,Cash,Shipped,1,F. Chukwu,Bulk order discount applied,63.954
ORD-11328,2024-10-16,Emeka Okafor,emeka.okafor@example.com,Male,30,United Kingdom,Fashion,Handbag,7,104.17,0.0,42.13,Cash,Cancelled,4,I. Nwosu,Left at door,729.19
ORD-10763,2023-01-03,Amaka Smith,amaka.smith@example.com,Female,30,United Kingdom,Groceries,Sugar 1kg,4,8.59,0.05,,Pos,Returned,3,E. Okon,Fragile item,32.641999999999996
ORD-10858,2023-01-16,Bola Williams,bola.williams@example.com,Male,56,France,Electronics,Smartphone,3,780.0912500000001,0.0,3.98,Cash,Delivered,3,D. Bello,,2340.2737500000003
ORD-10964,2024-10-04,Segun Musa,,Female,27,Nigeria,Electronics,Laptop,9,323.74,0.15,15.2,Card,Delivered,1,E. Okon,,2476.611
ORD-10450,2023-06-30,Ade Johnson,ade.johnson@example.com,Female,25,UAE,Groceries,Spaghetti Pack,6,25.56,0.0,43.79,Pos,Delivered,1,I. Nwosu,Customer requested gift wrap,153.35999999999999
ORD-11201,2023-06-13,Ngozi Williams,ngozi.williams@example.com,Female,43,Germany,Fashion,Jacket,10,59.19,0.15,9.39,Pos,Shipped,3,G. Ibe,Bulk order discount applied,503.11499999999995
ORD-10680,2023-02-11,Halima Adeyemi,halima.adeyemi@example.com,Female,35,,Groceries,Spaghetti Pack,11,19.08,0.25,1.89,Mobile Money,Delivered,5,F. Chukwu,Fragile item,157.41
ORD-10693,2024-09-17,Tunde Okafor,tunde.okafor@example.com,Male,56,United States,Groceries,Cooking Oil 2L,2,15.74,0.0,32.14,Pos,Delivered,5,E. Okon,Called before delivery,31.48
ORD-11122,2025-10-11,Peter Williams,peter.williams@example.com,Male,31,United States,Groceries,Cooking Oil 2L,2,11.74,0.15,38.5,Mobile Money,Pending,2,C. Adeyemi,Fragile item,19.958
ORD-10081,2025-04-15,Zainab Johnson,zainab.johnson@example.com,Female,44,France,Books,Novel,5,,0.0,44.42,Bank Transfer,Shipped,3,H. Yusuf,,
ORD-11343,2025-12-22,Femi Garcia,femi.garcia@example.com,Female,15,United Kingdom,Books,Novel,5,48.95,0.25,17.4,Cash,Cancelled,1,D. Bello,Bulk order discount applied,183.5625
ORD-10818,2023-02-15,John Eze,john.eze@example.com,Male,33,Canada,Electronics,Smartwatch,9,661.09,0.0,33.09,Cash,Returned,5,C. Adeyemi,Customer requested gift wrap,5949.81
ORD-10216,2025-01-24,Kunle Khan,kunle.khan@example.com,Male,43,France,Fashion,Sneakers,5,37.1,0.0,43.8,Card,Pending,4,F. Chukwu,Fragile item,185.5
ORD-11003,2025-10-03,Bola Khan,bola.khan@example.com,Female,,India,Furniture,Study Desk,2,60.5,0.0,8.27,Card,Cancelled,3,G. Ibe,Customer requested gift wrap,121.0
ORD-10031,2023-12-04,Ngozi Yusuf,ngozi.yusuf@example.com,Female,37,United Kingdom,Fashion,Sneakers,6,64.48,0.2,13.26,Card,Shipped,,D. Bello,Left at door,309.504
ORD-10243,2023-08-18,Sarah Garcia,sarah.garcia@example.com,Female,,Nigeria,Furniture,Sofa,2,552.54,0.15,22.67,Pos,Delivered,5,C. Adeyemi,Left at door,939.3179999999999
ORD-11029,2024-02-19,Amaka Nwosu,amaka.nwosu@example.com,Female,21,United Kingdom,Home Appliances,Blender,11,307.91,0.0,41.63,Card,Returned,4,J. Eze,Left at door,3387.01
ORD-10642,2025-04-27,Halima Nwosu,halima.nwosu@example.com,Male,41,South Africa,Home Appliances,Blender,3,280.95,0.2,0.49,Pos,Delivered,4,C. Adeyemi,,674.28
ORD-10697,2023-01-19,Halima Okafor,halima.okafor@example.com,Female,52,Kenya,Books,Novel,9,24.72,0.0,5.99,Bank Transfer,Cancelled,,B. Musa,Bulk order discount applied,222.48
ORD-10210,2024-03-05,Ade Nwosu,ade.nwosu@example.com,Female,21,Ghana,Furniture,Bookshelf,8,226.67,0.25,18.7,Pos,Cancelled,1,J. Eze,Fragile item,1360.02
ORD-10873,2025-08-23,Amaka Okafor,,,40,Brazil,Groceries,Sugar 1kg,6,28.03,0.2,41.21,Mobile Money,Delivered,,B. Musa,Left at door,134.544
ORD-10771,2025-09-27,Yetunde Bello,yetunde.bello@example.com,Male,35,Nigeria,Books,Notebook Pack,4,32.22,0.0,30.07,Card,Delivered,1,E. Okon,Customer requested gift wrap,128.88
ORD-10753,2023-10-07,Halima Okafor,halima.okafor@example.com,Male,38,United States,Electronics,Smartphone,7,488.64,0.0,14.09,Card,Shipped,4,C. Adeyemi,,3420.48
ORD-11338,2023-08-17,Ibrahim Williams,,Male,26,Brazil,Electronics,Smartphone,3,351.91,0.0,30.94,Cash,Cancelled,5,J. Eze,,1055.73
ORD-10436,2023-02-16,Sarah Williams,sarah.williams@example.com,Male,52,Brazil,Books,Notebook Pack,2,38.76,0.05,,Card,Delivered,1,G. Ibe,Called before delivery,73.64399999999999
ORD-11346,2025-02-11,Yetunde Smith,yetunde.smith@example.com,Female,28,Brazil,Home Appliances,Microwave,9,153.21,0.2,3.73,Card,Delivered,5,B. Musa,Bulk order discount applied,1103.112
ORD-11438,,Grace Bello,grace.bello@example.com,Male,42,,Home Appliances,Air Fryer,8,300.5,0.0,,Mobile Money,Returned,3,D. Bello,,2404.0
ORD-11364,2024-08-01,Femi Musa,femi.musa@example.com,Female,42,Canada,Furniture,Bookshelf,9,585.85,0.05,3.15,Bank Transfer,Delivered,4,G. Ibe,,5009.0175
ORD-11401,2024-10-08,Segun Khan,segun.khan@example.com,Female,51,Germany,Furniture,Office Chair,5,416.51,0.1,19.98,Pos,Delivered,3,G. Ibe,,1874.2950000000003
ORD-10689,2025-10-06,Bola Brown,bola.brown@example.com,Male,25,UAE,Furniture,Dining Table,5,151.51,0.2,38.68,Cash,Cancelled,5,I. Nwosu,Called before delivery,606.04
ORD-10552,2023-03-25,Mary Williams,mary.williams@example.com,Male,51,Nigeria,Fashion,Jeans,2,107.25,0.15,19.16,Pos,Returned,2,F. Chukwu,,182.325
ORD-10545,2023-09-05,Halima Smith,,Male,34,United Kingdom,Furniture,Bookshelf,3,352.38,0.05,0.26,Mobile Money,Delivered,3,I. Nwosu,Customer requested gift wrap,1004.2829999999998
ORD-11333,2025-01-16,Femi Williams,femi.williams@example.com,Female,27,Kenya,Fashion,Jacket,1,219.5,0.0,5.49,Mobile Money,Cancelled,4,D. Bello,,219.5
ORD-11076,2023-09-03,Ade Okon,ade.okon@example.com,Female,41,France,Home Appliances,Air Fryer,4,148.25,0.05,40.17,Mobile Money,Cancelled,4,E. Okon,Bulk order discount applied,563.35
ORD-10907,2024-10-05,Linda Garcia,linda.garcia@example.com,Male,39,Ghana,Groceries,Tea Box,9,12.68,0.1,18.17,Card,Delivered,1,A. Okafor,,102.70800000000001
ORD-10715,2023-06-18,Amaka Ibe,amaka.ibe@example.com,Female,,India,Books,Cookbook,10,31.94,0.15,25.01,Bank Transfer,Returned,2,A. Okafor,Customer requested gift wrap,271.49
ORD-10404,2024-05-15,Zainab Khan,zainab.khan@example.com,Female,40,Brazil,Fashion,Jeans,7,176.91,0.25,15.71,Cash,Cancelled,,I. Nwosu,Left at door,928.7774999999999
ORD-10272,2023-01-29,Chidi Garcia,chidi.garcia@example.com,Male,21,Nigeria,Home Appliances,Electric Kettle,9,132.58,0.0,17.42,Bank Transfer,Cancelled,,G. Ibe,,1193.22
ORD-10467,2024-02-15,Segun Johnson,segun.johnson@example.com,Male,37,Ghana,Furniture,Sofa,10,370.06,0.25,31.64,Mobile Money,Shipped,4,B. Musa,Left at door,2775.45
ORD-11371,2023-02-27,Kunle Smith,kunle.smith@example.com,Male,38,Nigeria,Groceries,Tea Box,9,20.57,0.0,19.69,Cash,Cancelled,4,G. Ibe,Customer requested gift wrap,185.13
ORD-11127,2024-06-17,Segun Eze,segun.eze@example.com,Female,35,Germany,Books,Notebook Pack,5,34.0,0.1,0.85,Pos,Delivered,2,A. Okafor,,153.0
ORD-10984,2024-05-13,Chioma Adeyemi,chioma.adeyemi@example.com,Female,32,United States,Home Appliances,Vacuum Cleaner,2,288.39,0.25,40.16,Mobile Money,Shipped,5,B. Musa,,432.585
ORD-10278,2023-10-06,Grace Okon,grace.okon@example.com,Female,39,France,Fashion,Handbag,5,199.82,0.0,26.69,Cash,Delivered,1,B. Musa,,999.0999999999999
ORD-11369,2025-02-27,Ade Bello,ade.bello@example.com,Male,24,Ghana,Fashion,Jeans,10,156.01,0.0,34.98,Bank Transfer,Returned,2,C. Adeyemi,Customer requested gift wrap,1560.1
ORD-11456,2024-04-01,Halima Adeyemi,halima.adeyemi@example.com,Male,32,Brazil,Groceries,Sugar 1kg,10,8.75,0.2,1.35,Mobile Money,Delivered,5,F. Chukwu,,70.0
ORD-11009,2023-03-16,Grace Chukwu,grace.chukwu@example.com,Female,39,India,Books,Novel,11,27.92,0.15,43.85,Mobile Money,Returned,2,J. Eze,,261.052
ORD-10442,2023-03-15,Linda Bello,,Male,25,France,Electronics,Monitor,,780.0912500000001,0.0,44.01,Mobile Money,Cancelled,4,F. Chukwu,Called before delivery,
ORD-10723,2025-07-16,Peter Ibe,peter.ibe@example.com,Female,43,South Africa,Books,Cookbook,2,51.38,0.25,4.09,Cash,Pending,,J. Eze,,77.07000000000001
ORD-10787,2025-09-16,Chioma Smith,chioma.smith@example.com,Male,36,Brazil,Electronics,Laptop,9,326.57,0.0,17.54,Bank Transfer,Cancelled,2,B. Musa,Called before delivery,2939.13
ORD-11180,2024-10-28,Kunle Khan,kunle.khan@example.com,Male,42,Germany,Electronics,Headphones,7,780.0912500000001,0.1,39.52,Card,Cancelled,3,B. Musa,Called before delivery,4914.574875
ORD-10443,2023-08-08,Segun Bello,segun.bello@example.com,Male,29,Germany,Books,Notebook Pack,,13.02,0.1,35.18,Card,Pending,1,I. Nwosu,,
ORD-10300,2025-06-11,Chidi Khan,chidi.khan@example.com,Female,32,Canada,Electronics,Headphones,7,334.25,0.0,6.09,Cash,Pending,5,B. Musa,Customer requested gift wrap,2339.75
ORD-10987,2024-07-08,Sarah Khan,sarah.khan@example.com,Male,39,France,Fashion,Jacket,3,83.12,0.0,28.29,Cash,Returned,,D. Bello,Fragile item,249.36
ORD-10376,2023-01-04,Sarah Musa,sarah.musa@example.com,Female,27,France,Electronics,Smartphone,8,780.0912500000001,0.0,19.47,Cash,Delivered,1,J. Eze,,6240.7300000000005
ORD-11049,2023-08-05,John Johnson,john.johnson@example.com,Male,30,South Africa,Electronics,Smartphone,4,780.0912500000001,0.0,9.7,Bank Transfer,Pending,5,I. Nwosu,,3120.3650000000002
ORD-11146,2024-08-26,Grace Ibe,grace.ibe@example.com,Female,46,Germany,Electronics,Smartphone,7,,0.1,25.39,Cash,Delivered,5,J. Eze,,
ORD-11351,2025-01-30,Halima Yusuf,halima.yusuf@example.com,Male,34,South Africa,Furniture,Sofa,8,780.0912500000001,0.15,7.69,Cash,Pending,3,J. Eze,Left at door,5304.6205
ORD-11417,2025-09-25,Segun Nwosu,segun.nwosu@example.com,Male,36,Canada,Home Appliances,Vacuum Cleaner,,246.14,0.1,25.05,Pos,Delivered,2,F. Chukwu,Customer requested gift wrap,
ORD-11115,2023-11-10,Halima Williams,halima.williams@example.com,Male,24,South Africa,Books,Cookbook,2,35.98,0.1,11.49,Cash,Returned,3,B. Musa,Fragile item,64.764
ORD-10473,2024-09-08,Tunde Okon,,Female,56,Nigeria,Electronics,Smartphone,8,780.0912500000001,0.0,39.42,Card,Shipped,2,B. Musa,,6240.7300000000005
ORD-11057,2025-12-25,John Okafor,john.okafor@example.com,Male,35,Germany,Furniture,Bookshelf,9,780.0912500000001,0.05,36.93,Bank Transfer,Cancelled,4,J. Eze,Fragile item,6669.7801875000005
ORD-10564,2023-10-15,Halima Johnson,,Male,46,UAE,Books,Notebook Pack,1,32.26,0.1,43.4,Card,Delivered,4,A. Okafor,Fragile item,29.034
ORD-11393,2024-09-19,Chidi Chukwu,chidi.chukwu@example.com,Male,28,Germany,Furniture,Study Desk,6,394.28,0.25,29.57,Cash,Cancelled,3,D. Bello,,1774.2599999999998
ORD-10751,2023-10-19,Ngozi Nwosu,ngozi.nwosu@example.com,Female,62,South Africa,Electronics,Tablet,4,518.35,0.1,36.2,Bank Transfer,Shipped,1,D. Bello,Called before delivery,1866.0600000000002
ORD-10389,2025-08-13,Kunle Okafor,kunle.okafor@example.com,Female,31,United Kingdom,Groceries,Spaghetti Pack,9,5.1,0.0,5.58,Bank Transfer,Shipped,,J. Eze,Customer requested gift wrap,45.9
ORD-10023,2024-10-30,Bola Adeyemi,bola.adeyemi@example.com,Male,36,Brazil,Fashion,Sneakers,10,81.8,0.0,44.89,Mobile Money,Pending,,B. Musa,Fragile item,818.0
ORD-11087,2024-06-13,Chioma Musa,chioma.musa@example.com,Female,42,South Africa,Books,Journal,2,28.84,0.05,7.06,Mobile Money,Shipped,4,B. Musa,,54.796
ORD-11209,2025-07-16,Tunde Smith,tunde.smith@example.com,Female,,United States,Home Appliances,Electric Kettle,1,333.99,0.15,,Card,Returned,1,D. Bello,,283.8915
ORD-10125,2024-01-07,Mary Williams,mary.williams@example.com,Female,35,Nigeria,Groceries,Cooking Oil 2L,10,23.72,0.1,15.66,Cash,Cancelled,4,D. Bello,,213.48
ORD-10424,2024-05-12,Zainab Bello,zainab.bello@example.com,Female,30,Kenya,Electronics,Laptop,3,146.15,0.05,14.73,Mobile Money,Shipped,3,C. Adeyemi,Called before delivery,416.52750000000003
ORD-10774,,David Ibe,david.ibe@example.com,Male,43,UAE,Home Appliances,Vacuum Cleaner,6,138.97,0.0,34.04,Pos,Delivered,2,B. Musa,Left at door,833.8199999999999
ORD-11379,2023-07-07,Segun Bello,segun.bello@example.com,Male,28,Canada,Groceries,Sugar 1kg,9,13.96,0.1,24.7,Card,Cancelled,,I. Nwosu,,113.07600000000002
ORD-10471,2025-01-26,Zainab Okafor,zainab.okafor@example.com,Female,28,Ghana,Fashion,Handbag,4,168.42,0.15,22.9,Card,Returned,,D. Bello,Bulk order discount applied,572.6279999999999
ORD-10722,2025-02-22,Bola Eze,bola.eze@example.com,Male,27,India,Home Appliances,Blender,6,37.8,0.2,19.28,Cash,Pending,4,B. Musa,Called before delivery,181.44
ORD-11054,2023-11-19,Bola Chukwu,bola.chukwu@example.com,Female,49,Germany,Fashion,Sneakers,5,95.86,,27.7,Cash,Delivered,,H. Yusuf,,479.3
ORD-10143,2023-04-17,Linda Garcia,linda.garcia@example.com,Female,43,South Africa,Electronics,Monitor,10,349.89,0.0,3.2,Bank Transfer,Returned,5,A. Okafor,,3498.8999999999996
ORD-10051,2024-07-15,Grace Ibe,grace.ibe@example.com,Male,25,Ghana,Groceries,Cooking Oil 2L,8,4.29,0.15,29.81,Mobile Money,Returned,1,E. Okon,,29.172
ORD-10864,2025-03-25,David Adeyemi,,Male,35,United Kingdom,Books,Notebook Pack,1,35.15,0.25,14.99,Card,Delivered,,I. Nwosu,,26.362499999999997
ORD-11433,2024-03-28,Amaka Nwosu,amaka.nwosu@example.com,Male,26,Canada,Electronics,Laptop,10,384.37,0.0,12.86,Cash,Pending,3,H. Yusuf,Customer requested gift wrap,3843.7
ORD-11070,2025-08-04,Zainab Eze,,Female,17,France,Books,Novel,2,15.82,0.0,3.16,Bank Transfer,Returned,5,G. Ibe,Left at door,31.64
ORD-10624,2023-04-22,Ngozi Okafor,ngozi.okafor@example.com,Female,37,Canada,Furniture,Dining Table,5,73.16,0.0,4.39,Pos,Pending,4,H. Yusuf,,365.79999999999995
ORD-11269,2023-09-28,Ngozi Ibe,ngozi.ibe@example.com,Male,22,UAE,Home Appliances,Blender,8,212.89,0.05,13.71,Pos,Delivered,,D. Bello,Fragile item,1617.9639999999997
ORD-10082,2023-01-12,Bola Yusuf,bola.yusuf@example.com,Male,43,Brazil,Furniture,Office Chair,3,267.7,0.0,10.65,Bank Transfer,Delivered,,C. Adeyemi,Left at door,803.0999999999999
ORD-10704,2023-05-12,Chioma Garcia,chioma.garcia@example.com,Male,26,Kenya,Home Appliances,Blender,1,280.19,0.1,14.87,Bank Transfer,Shipped,,I. Nwosu,Called before delivery,252.171
ORD-10483,2024-12-14,Grace Johnson,,Female,24,South Africa,Furniture,Bookshelf,7,,,20.6,Card,Cancelled,3,C. Adeyemi,Fragile item,
ORD-10322,2025-11-23,Segun Garcia,segun.garcia@example.com,Male,27,Kenya,Home Appliances,Air Fryer,9,77.26,0.05,9.3,Pos,Shipped,4,A. Okafor,Left at door,660.573
ORD-11283,2023-07-16,Zainab Khan,zainab.khan@example.com,Male,25,United States,Home Appliances,Electric Kettle,4,102.03,0.15,15.58,Card,Returned,1,D. Bello,,346.902
ORD-10506,2023-02-03,Halima Brown,halima.brown@example.com,Female,38,South Africa,Furniture,Sofa,9,454.75,0.1,2.62,Mobile Money,Delivered,5,I. Nwosu,Left at door,3683.475
ORD-11459,2023-04-14,Sarah Adeyemi,sarah.adeyemi@example.com,Female,40,Ghana,Electronics,Monitor,8,728.54,0.0,20.75,Cash,Pending,,J. Eze,Called before delivery,5828.32
ORD-10842,2023-10-15,Emeka Bello,emeka.bello@example.com,Male,32,India,Furniture,Office Chair,6,362.23,0.15,17.37,Cash,Delivered,2,G. Ibe,,1847.373
ORD-10067,2024-07-11,Linda Garcia,linda.garcia@example.com,Female,43,United States,Groceries,Tea Box,3,23.73,0.1,43.63,Mobile Money,Pending,3,I. Nwosu,Customer requested gift wrap,64.071
ORD-11314,2025-03-22,Peter Chukwu,peter.chukwu@example.com,Male,17,Germany,Groceries,Cooking Oil 2L,2,23.25,0.25,0.48,Cash,Returned,3,I. Nwosu,,34.875
ORD-10975,2023-10-03,Zainab Williams,zainab.williams@example.com,Female,43,Canada,Groceries,Tea Box,10,30.83,0.1,16.89,Card,Delivered,1,F. Chukwu,Left at door,277.46999999999997
ORD-11360,,Femi Brown,femi.brown@example.com,Male,39,Germany,Furniture,Dining Table,4,603.57,0.0,25.07,Mobile Money,Cancelled,,H. Yusuf,Bulk order discount applied,2414.28
ORD-10802,2025-03-30,Zainab Bello,zainab.bello@example.com,Female,43,Nigeria,Groceries,Spaghetti Pack,6,21.95,0.1,29.67,Card,Cancelled,1,J. Eze,,118.52999999999999
ORD-11233,2023-05-30,Sarah Eze,sarah.eze@example.com,Female,36,Brazil,Home Appliances,Blender,6,187.46,0.1,12.95,Mobile Money,Delivered,2,F. Chukwu,,1012.284
ORD-10032,2023-03-20,Linda Bello,linda.bello@example.com,Female,26,Kenya,Fashion,T-Shirt,2,72.17,0.1,4.52,Cash,Cancelled,5,D. Bello,Customer requested gift wrap,129.906
ORD-10796,2024-05-14,Amaka Okon,amaka.okon@example.com,Female,34,Canada,Furniture,Dining Table,7,,0.15,13.7,Pos,Pending,,C. Adeyemi,Fragile item,
ORD-10418,2025-12-07,Yetunde Okafor,yetunde.okafor@example.com,Female,2,United Kingdom,Home Appliances,Blender,6,232.89,0.0,27.91,Card,Delivered,1,C. Adeyemi,Bulk order discount applied,1397.34
ORD-10882,2023-01-06,David Smith,david.smith@example.com,Female,11,United States,Books,Journal,6,23.3,0.0,24.3,Pos,Delivered,5,J. Eze,,139.8
ORD-10633,2025-08-21,Bola Yusuf,bola.yusuf@example.com,Male,22,Ghana,Groceries,Rice 5kg,9,27.44,0.0,12.6,Cash,Shipped,2,F. Chukwu,,246.96
ORD-11193,2024-09-08,Halima Musa,halima.musa@example.com,Male,33,Brazil,Furniture,Bookshelf,9,62.12,0.0,25.89,Card,Returned,4,F. Chukwu,Left at door,559.0799999999999
ORD-10065,2025-12-14,Segun Eze,segun.eze@example.com,Male,44,France,Home Appliances,Blender,10,169.52,0.0,40.68,Cash,Shipped,5,B. Musa,,1695.2
ORD-10140,2025-02-18,Sarah Ibe,sarah.ibe@example.com,Male,,Canada,Electronics,Monitor,4,780.0912500000001,0.0,40.89,Bank Transfer,Pending,3,G. Ibe,Fragile item,3120.3650000000002
ORD-11237,2023-03-17,David Nwosu,david.nwosu@example.com,Male,56,United States,Fashion,T-Shirt,6,213.63,0.0,7.16,Cash,Shipped,3,A. Okafor,Bulk order discount applied,1281.78
ORD-11257,2023-02-24,Tunde Bello,tunde.bello@example.com,Female,51,Nigeria,Furniture,Study Desk,5,682.49,0.1,3.56,Bank Transfer,Shipped,,E. Okon,Fragile item,3071.205
ORD-10078,2023-09-02,Halima Khan,halima.khan@example.com,Female,34,South Africa,Home Appliances,Vacuum Cleaner,8,340.92,0.15,0.22,Bank Transfer,Cancelled,1,D. Bello,Fragile item,2318.256
ORD-10492,2025-10-13,Segun Brown,segun.brown@example.com,Female,33,United Kingdom,Home Appliances,Electric Kettle,8,223.94,0.0,43.39,Mobile Money,Cancelled,,D. Bello,,1791.52
ORD-11309,2023-10-13,Ibrahim Yusuf,ibrahim.yusuf@example.com,Male,,Canada,Groceries,Spaghetti Pack,4,17.43,0.0,44.26,Card,Delivered,4,I. Nwosu,Customer requested gift wrap,69.72
ORD-11165,2024-12-25,Ibrahim Williams,ibrahim.williams@example.com,Male,32,Germany,Home Appliances,Air Fryer,,262.95,0.15,41.62,Card,Shipped,3,D. Bello,,
ORD-10533,2024-12-13,Amaka Smith,amaka.smith@example.com,Male,53,South Africa,Books,Notebook Pack,,41.38,0.05,31.23,Bank Transfer,Delivered,4,D. Bello,,
ORD-10066,2025-09-11,Tunde Adeyemi,tunde.adeyemi@example.com,Female,,United Kingdom,Fashion,Jacket,4,180.21,0.0,18.63,Mobile Money,Cancelled,1,D. Bello,Left at door,720.84
ORD-11295,2023-11-08,Chioma Khan,chioma.khan@example.com,Male,41,UAE,Home Appliances,Electric Kettle,9,278.51,0.1,35.61,Pos,Cancelled,1,J. Eze,,2255.931
ORD-10954,2024-07-25,Peter Adeyemi,peter.adeyemi@example.com,Male,,South Africa,Books,Journal,6,55.58,0.1,3.42,Pos,Pending,3,H. Yusuf,Called before delivery,300.132
ORD-11290,2024-09-21,Zainab Garcia,zainab.garcia@example.com,Female,30,Brazil,Groceries,Tea Box,8,34.32,0.1,10.39,Mobile Money,Cancelled,1,I. Nwosu,Bulk order discount applied,247.104
ORD-10297,2025-03-11,Halima Okafor,halima.okafor@example.com,Female,46,UAE,Home Appliances,Vacuum Cleaner,1,112.75,0.2,29.95,Bank Transfer,Delivered,5,C. Adeyemi,,90.2
ORD-10592,2024-09-25,Ade Bello,ade.bello@example.com,Male,9,UAE,Electronics,Smartwatch,3,780.0912500000001,0.0,18.09,Mobile Money,Delivered,4,J. Eze,Called before delivery,2340.2737500000003
ORD-10420,2023-07-27,Yetunde Adeyemi,yetunde.adeyemi@example.com,Female,39,United Kingdom,Groceries,Spaghetti Pack,3,30.53,0.0,4.22,Card,Returned,2,D. Bello,Left at door,91.59
ORD-10768,2024-07-23,Femi Nwosu,femi.nwosu@example.com,Female,37,United States,Electronics,Tablet,9,780.0912500000001,0.0,19.07,Cash,Cancelled,3,A. Okafor,,7020.821250000001
ORD-10893,2023-01-26,Tunde Chukwu,tunde.chukwu@example.com,,25,Canada,Furniture,Dining Table,9,750.84,0.0,7.36,Mobile Money,Returned,2,F. Chukwu,Called before delivery,6757.56
ORD-10439,2025-06-25,David Okafor,david.okafor@example.com,Male,36,India,Groceries,Rice 5kg,3,16.78,0.1,38.03,Cash,Pending,5,A. Okafor,Left at door,45.306000000000004
ORD-11022,2023-03-14,Ngozi Okafor,,Female,,United Kingdom,Books,Novel,11,23.49,0.0,13.35,Card,Pending,3,A. Okafor,Fragile item,258.39
ORD-10725,2024-03-13,Kunle Yusuf,kunle.yusuf@example.com,Female,30,UAE,Furniture,Sofa,4,107.49,0.05,21.25,Cash,Returned,1,F. Chukwu,,408.462
ORD-11422,2023-09-17,Segun Musa,segun.musa@example.com,Female,43,UAE,Electronics,Tablet,10,504.21,0.15,27.12,Pos,Cancelled,1,B. Musa,Bulk order discount applied,4285.785
ORD-10282,2023-03-01,Michael Chukwu,michael.chukwu@example.com,Male,49,Kenya,Books,Cookbook,3,16.26,0.15,24.49,Card,Delivered,2,G. Ibe,,41.463
ORD-10627,2023-04-02,Chioma Williams,chioma.williams@example.com,Male,41,United Kingdom,Electronics,Tablet,7,780.0912500000001,0.25,10.33,Card,Pending,,H. Yusuf,Called before delivery,4095.4790625
ORD-11462,2023-04-26,Linda Musa,linda.musa@example.com,Male,52,Kenya,Furniture,Sofa,5,187.99,0.0,22.61,Pos,Delivered,,A. Okafor,Fragile item,939.95
ORD-11079,2024-10-11,Mary Brown,mary.brown@example.com,Male,35,Germany,Fashion,Jacket,11,39.94,0.25,17.92,Cash,Cancelled,3,G. Ibe,Left at door,329.505
ORD-10189,2023-08-11,Femi Musa,femi.musa@example.com,Male,17,Brazil,Home Appliances,Blender,3,,0.25,5.77,Cash,Pending,3,J. Eze,,
ORD-11336,2024-07-22,David Chukwu,,Male,,South Africa,Home Appliances,Air Fryer,6,222.69,0.0,21.09,Mobile Money,Cancelled,4,B. Musa,,1336.1399999999999
ORD-10252,2024-10-13,Grace Smith,grace.smith@example.com,Male,23,South Africa,Books,Textbook,10,56.09,,4.03,Pos,Delivered,1,B. Musa,,560.9000000000001
ORD-10584,2024-04-19,Grace Okafor,grace.okafor@example.com,Male,45,India,Books,Textbook,3,8.84,0.0,5.05,Cash,Delivered,1,D. Bello,Bulk order discount applied,26.52
ORD-11242,2023-12-26,Zainab Ibe,zainab.ibe@example.com,Male,24,UAE,Fashion,Jeans,8,97.62,0.25,9.82,Card,Returned,5,A. Okafor,,585.72
ORD-11390,2025-08-01,Zainab Yusuf,zainab.yusuf@example.com,Male,25,Nigeria,Books,Cookbook,3,52.64,0.2,5.14,Pos,Delivered,2,D. Bello,Fragile item,126.33600000000001
ORD-11014,2023-02-26,Bola Smith,bola.smith@example.com,Male,,Nigeria,Books,Journal,9,33.94,0.0,9.51,Mobile Money,Delivered,1,G. Ibe,Customer requested gift wrap,305.46
ORD-10515,2025-01-01,Tunde Garcia,tunde.garcia@example.com,Female,30,Kenya,Groceries,Spaghetti Pack,11,13.51,0.2,28.1,Pos,Pending,4,H. Yusuf,Left at door,118.88799999999999
ORD-11213,2023-11-19,John Okafor,john.okafor@example.com,Female,45,France,Furniture,Bookshelf,8,217.99,0.25,23.7,Cash,Pending,2,A. Okafor,Bulk order discount applied,1307.94
ORD-10996,2023-10-03,Kunle Chukwu,kunle.chukwu@example.com,Female,34,Canada,Home Appliances,Blender,11,239.27,0.05,1.02,Cash,Shipped,3,B. Musa,Customer requested gift wrap,2500.3715
ORD-11452,2023-09-19,Grace Adeyemi,grace.adeyemi@example.com,Female,33,Canada,Fashion,Handbag,2,178.79,0.1,28.33,Mobile Money,Returned,3,D. Bello,Customer requested gift wrap,321.822
ORD-10707,2023-05-04,Grace Okon,grace.okon@example.com,Female,39,United Kingdom,Groceries,Tea Box,11,9.68,0.0,18.03,Bank Transfer,Pending,,I. Nwosu,,106.47999999999999
ORD-10488,2023-04-21,Chidi Bello,chidi.bello@example.com,Female,,India,Books,Cookbook,5,44.28,0.0,14.07,Card,Returned,4,F. Chukwu,Customer requested gift wrap,221.4
ORD-10664,2023-10-28,David Okon,david.okon@example.com,Female,37,UAE,Fashion,T-Shirt,3,62.26,0.05,42.86,Pos,Returned,3,G. Ibe,Customer requested gift wrap,177.441
ORD-11243,2025-02-17,Yetunde Khan,yetunde.khan@example.com,Female,41,South Africa,Groceries,Spaghetti Pack,9,19.26,0.0,18.58,Pos,Delivered,5,G. Ibe,,173.34
ORD-11172,2023-07-10,Yetunde Adeyemi,yetunde.adeyemi@example.com,Female,39,United States,Home Appliances,Electric Kettle,11,76.55,0.1,35.54,Bank Transfer,Cancelled,1,F. Chukwu,,757.845
ORD-10274,2024-08-18,John Musa,john.musa@example.com,Male,53,United States,Fashion,T-Shirt,2,11.85,0.0,36.84,Bank Transfer,Pending,1,A. Okafor,Fragile item,23.7
ORD-10686,2024-01-11,Peter Okon,peter.okon@example.com,Male,44,Canada,Fashion,Jacket,11,122.83,,33.79,Card,Shipped,1,F. Chukwu,,1351.1299999999999
ORD-11151,2023-09-25,Yetunde Smith,yetunde.smith@example.com,Female,26,Brazil,Groceries,Rice 5kg,8,15.6,0.2,25.71,Card,Delivered,5,J. Eze,Bulk order discount applied,99.84
ORD-11279,2024-01-21,Tunde Yusuf,tunde.yusuf@example.com,Female,22,South Africa,Home Appliances,Electric Kettle,10,30.05,0.2,1.44,Cash,Shipped,2,B. Musa,,240.4
ORD-10878,2024-05-13,Amaka Ibe,amaka.ibe@example.com,Male,57,Kenya,Home Appliances,Microwave,2,101.72,0.0,5.81,Mobile Money,Cancelled,3,D. Bello,Customer requested gift wrap,203.44
ORD-11075,2023-09-11,Bola Khan,,Female,34,India,Electronics,Smartphone,,84.78,0.1,38.24,Pos,Cancelled,4,F. Chukwu,Bulk order discount applied,
ORD-11385,,Segun Nwosu,segun.nwosu@example.com,Female,28,UAE,Home Appliances,Microwave,4,168.34,0.25,1.52,Mobile Money,Cancelled,2,G. Ibe,Bulk order discount applied,505.02
ORD-10412,2025-06-23,Zainab Garcia,zainab.garcia@example.com,Female,47,United Kingdom,Furniture,Dining Table,10,90.73,0.1,28.28,Mobile Money,Cancelled,1,I. Nwosu,Left at door,816.57
ORD-10459,2025-02-08,Yetunde Okon,yetunde.okon@example.com,Female,44,UAE,Groceries,Spaghetti Pack,2,6.13,0.1,12.55,Bank Transfer,Pending,3,C. Adeyemi,Customer requested gift wrap,11.034
ORD-10377,2025-05-12,Bola Ibe,bola.ibe@example.com,Male,32,Ghana,Fashion,T-Shirt,9,199.16,0.05,3.81,Cash,Cancelled,2,C. Adeyemi,Left at door,1702.818
ORD-11484,2024-10-10,Mary Khan,mary.khan@example.com,Female,49,India,Home Appliances,Microwave,7,201.48,0.25,35.86,Pos,Delivered,5,C. Adeyemi,Customer requested gift wrap,1057.77
ORD-10668,2025-01-24,Yetunde Yusuf,yetunde.yusuf@example.com,Female,44,UAE,Home Appliances,Vacuum Cleaner,,294.07,0.15,10.68,Mobile Money,Pending,5,E. Okon,,
ORD-11273,2023-02-12,Ade Nwosu,ade.nwosu@example.com,Female,29,UAE,Fashion,Handbag,3,29.75,0.2,6.55,Card,Cancelled,3,A. Okafor,Fragile item,71.4
ORD-10150,2023-01-22,Grace Williams,grace.williams@example.com,Female,24,Ghana,Home Appliances,Blender,11,29.54,0.1,17.07,Card,Pending,4,I. Nwosu,Fragile item,292.446
ORD-10976,2023-04-07,Halima Garcia,halima.garcia@example.com,Female,40,Nigeria,Electronics,Smartwatch,,167.72,0.15,34.63,Card,Cancelled,3,D. Bello,Fragile item,
ORD-11229,2023-11-25,Ibrahim Okafor,ibrahim.okafor@example.com,Male,14,Kenya,Furniture,Study Desk,6,118.24,0.0,43.49,Mobile Money,Delivered,5,A. Okafor,Fragile item,709.4399999999999
ORD-10734,2023-07-07,David Yusuf,david.yusuf@example.com,Male,4,India,Home Appliances,Electric Kettle,2,259.29,0.0,39.1,Pos,Cancelled,2,E. Okon,Bulk order discount applied,518.58
ORD-10219,2025-03-29,Femi Ibe,femi.ibe@example.com,Female,32,France,Books,Journal,1,41.7,0.0,10.12,Card,Shipped,5,H. Yusuf,Left at door,41.7
ORD-10240,2024-03-21,Chioma Garcia,chioma.garcia@example.com,Female,35,United States,Fashion,Handbag,1,121.26,0.0,35.77,Cash,Shipped,5,H. Yusuf,Called before delivery,121.26
ORD-11106,2023-10-13,Amaka Brown,amaka.brown@example.com,Female,38,United Kingdom,Home Appliances,Microwave,9,233.05,0.15,9.85,Bank Transfer,Returned,,G. Ibe,Left at door,1782.8325000000002
ORD-10868,2025-12-17,Halima Nwosu,halima.nwosu@example.com,Male,42,Brazil,Home Appliances,Blender,10,100.2,0.0,38.83,Cash,Shipped,,B. Musa,Left at door,1002.0
ORD-10726,2024-12-20,Amaka Smith,amaka.smith@example.com,Male,31,UAE,Furniture,Sofa,11,780.0912500000001,0.0,21.03,Pos,Returned,3,C. Adeyemi,,8581.00375
ORD-10193,2024-11-21,Ngozi Eze,ngozi.eze@example.com,Female,62,Kenya,Home Appliances,Electric Kettle,4,47.7,0.2,38.5,Cash,Pending,,H. Yusuf,,152.64000000000001
ORD-10793,2024-10-30,Peter Garcia,peter.garcia@example.com,Male,36,South Africa,Electronics,Smartphone,8,631.35,0.25,9.69,Mobile Money,Pending,,I. Nwosu,Left at door,3788.1000000000004
ORD-10192,2025-05-22,Peter Chukwu,peter.chukwu@example.com,Female,36,Brazil,Home Appliances,Electric Kettle,3,321.36,0.1,9.45,Card,Cancelled,1,F. Chukwu,Fragile item,867.672
ORD-10981,2024-10-18,Amaka Johnson,amaka.johnson@example.com,Female,23,France,Books,Notebook Pack,,28.5,0.05,29.76,Card,Shipped,4,C. Adeyemi,,
ORD-11442,2024-04-23,Ade Williams,ade.williams@example.com,Female,39,Kenya,Electronics,Smartphone,3,780.0912500000001,0.0,35.76,Mobile Money,Returned,3,A. Okafor,,2340.2737500000003
ORD-11012,2025-02-16,Kunle Okafor,kunle.okafor@example.com,Female,53,Nigeria,Home Appliances,Blender,8,203.28,0.0,15.31,Pos,Cancelled,1,C. Adeyemi,Left at door,1626.24
ORD-10963,2024-03-29,Femi Williams,femi.williams@example.com,Male,23,South Africa,Groceries,Spaghetti Pack,1,8.13,0.05,4.72,Card,Pending,1,J. Eze,,7.7235000000000005
ORD-10645,2024-09-28,Chioma Bello,,Female,22,Nigeria,Books,Notebook Pack,5,47.39,0.15,37.85,Pos,Shipped,,H. Yusuf,Left at door,201.4075
ORD-10360,2024-04-17,Michael Williams,michael.williams@example.com,Male,30,Nigeria,Home Appliances,Microwave,11,277.73,0.25,2.87,Card,Delivered,3,J. Eze,Fragile item,2291.2725
ORD-11353,2025-08-03,Zainab Smith,zainab.smith@example.com,Male,20,Nigeria,Books,Cookbook,9,58.63,0.0,33.61,Mobile Money,Shipped,,J. Eze,Customer requested gift wrap,527.6700000000001
ORD-11489,2024-04-01,Sarah Yusuf,sarah.yusuf@example.com,Male,29,France,Electronics,Smartphone,2,614.32,0.15,43.71,Card,Shipped,,F. Chukwu,,1044.344
ORD-10017,2025-11-03,Amaka Okon,amaka.okon@example.com,Female,35,UAE,Home Appliances,Electric Kettle,11,98.32,0.05,35.43,Cash,Cancelled,3,B. Musa,,1027.444
ORD-10334,2023-07-06,Mary Yusuf,mary.yusuf@example.com,Female,26,India,Fashion,Jacket,7,63.36,0.25,22.51,Cash,Delivered,,J. Eze,Bulk order discount applied,332.64
ORD-11238,2023-06-30,Kunle Okafor,kunle.okafor@example.com,Female,,South Africa,Home Appliances,Electric Kettle,5,158.87,0.0,6.65,Pos,Delivered,1,H. Yusuf,Called before delivery,794.35
ORD-10583,2025-12-28,Ngozi Nwosu,ngozi.nwosu@example.com,Male,35,France,Groceries,Cooking Oil 2L,6,7.81,0.0,22.83,Pos,Shipped,2,J. Eze,,46.86
ORD-11319,2024-04-26,Ibrahim Eze,ibrahim.eze@example.com,Female,34,United States,Fashion,Jacket,3,33.34,0.0,21.95,Bank Transfer,Pending,,F. Chukwu,Bulk order discount applied,100.02000000000001
ORD-11499,2024-04-15,Sarah Khan,sarah.khan@example.com,Male,35,United Kingdom,Fashion,T-Shirt,4,51.71,0.0,21.66,Cash,Cancelled,1,J. Eze,,206.84
ORD-10840,2024-06-25,Femi Johnson,femi.johnson@example.com,Female,34,UAE,Furniture,Study Desk,4,780.0912500000001,,41.26,Pos,Returned,4,E. Okon,Called before delivery,3120.3650000000002
ORD-10628,2024-03-11,Ngozi Adeyemi,ngozi.adeyemi@example.com,Male,35,South Africa,Home Appliances,Electric Kettle,7,46.94,0.25,24.33,Card,Pending,4,A. Okafor,,246.435
ORD-11427,2023-03-24,Amaka Chukwu,amaka.chukwu@example.com,Male,32,UAE,Furniture,Dining Table,1,549.7,0.05,43.0,Mobile Money,Returned,5,D. Bello,Bulk order discount applied,522.215
ORD-10324,2023-04-08,Femi Bello,femi.bello@example.com,Male,28,Ghana,Home Appliances,Microwave,6,72.48,0.05,2.58,Cash,Returned,4,G. Ibe,Left at door,413.13599999999997
ORD-10825,2024-07-07,Ibrahim Williams,ibrahim.williams@example.com,Male,50,Germany,Furniture,Dining Table,9,568.15,0.25,,Bank Transfer,Delivered,,J. Eze,,3835.0125
ORD-11258,2025-09-26,Emeka Musa,emeka.musa@example.com,Male,48,United States,Furniture,Bookshelf,4,780.0912500000001,0.25,42.27,Pos,Pending,3,H. Yusuf,,2340.2737500000003
ORD-10632,2024-09-29,Ibrahim Adeyemi,ibrahim.adeyemi@example.com,Male,23,Germany,Furniture,Study Desk,8,620.99,0.0,4.46,Pos,Pending,2,A. Okafor,,4967.92
ORD-11062,2025-01-02,Zainab Bello,zainab.bello@example.com,Female,18,France,Home Appliances,Air Fryer,3,346.54,0.0,6.57,Pos,Shipped,1,F. Chukwu,,1039.6200000000001
ORD-11207,2024-05-20,Ade Musa,ade.musa@example.com,Male,54,South Africa,Groceries,Sugar 1kg,11,,0.0,41.37,Cash,Shipped,,E. Okon,,
ORD-10779,2023-05-01,Yetunde Brown,yetunde.brown@example.com,Male,,France,Groceries,Rice 5kg,,2.2,0.1,42.55,Mobile Money,Returned,5,G. Ibe,Called before delivery,
ORD-11063,2025-12-12,Segun Brown,segun.brown@example.com,Female,27,Brazil,Furniture,Office Chair,8,780.0912500000001,0.25,32.41,Bank Transfer,Shipped,2,I. Nwosu,Bulk order discount applied,4680.547500000001
ORD-10940,2023-12-05,John Okon,john.okon@example.com,Male,48,Germany,Groceries,Sugar 1kg,5,13.77,0.0,15.65,Card,Cancelled,1,B. Musa,,68.85
ORD-10856,2023-12-10,Mary Brown,mary.brown@example.com,Female,28,United Kingdom,Fashion,Handbag,8,161.83,0.25,38.86,Card,Pending,1,I. Nwosu,,970.98
ORD-10438,2025-02-07,Peter Ibe,peter.ibe@example.com,Female,25,Kenya,Books,Cookbook,4,16.25,0.1,24.81,Bank Transfer,Cancelled,1,A. Okafor,,58.5
ORD-10120,2024-10-29,Sarah Adeyemi,sarah.adeyemi@example.com,Male,36,France,Fashion,Handbag,6,20.23,0.1,13.66,Pos,Shipped,2,J. Eze,Customer requested gift wrap,109.242
ORD-11083,2024-06-22,Halima Williams,halima.williams@example.com,Male,27,UAE,Furniture,Sofa,5,721.94,0.15,33.68,Cash,Cancelled,4,B. Musa,,3068.2450000000003
ORD-11040,2024-03-27,Michael Musa,michael.musa@example.com,Male,23,United States,Home Appliances,Microwave,2,138.42,0.0,15.13,Cash,Delivered,,A. Okafor,Left at door,276.84
ORD-11194,2024-03-22,Ibrahim Garcia,ibrahim.garcia@example.com,Male,46,Germany,Fashion,Jacket,11,24.3,0.25,2.05,Card,Pending,,C. Adeyemi,Customer requested gift wrap,200.47500000000002
ORD-10342,2023-12-07,Halima Okon,halima.okon@example.com,Female,36,United Kingdom,Home Appliances,Vacuum Cleaner,7,294.58,0.0,29.72,Cash,Shipped,1,D. Bello,Customer requested gift wrap,2062.06
ORD-10816,2023-03-19,John Khan,john.khan@example.com,Female,29,Brazil,Groceries,Spaghetti Pack,6,31.18,0.0,17.97,Pos,Shipped,2,B. Musa,,187.07999999999998
ORD-10003,2023-09-26,Tunde Smith,tunde.smith@example.com,Male,40,South Africa,Furniture,Study Desk,7,426.84,0.15,35.28,Bank Transfer,Delivered,4,B. Musa,Called before delivery,2539.698
ORD-10230,2025-09-23,David Adeyemi,david.adeyemi@example.com,Male,33,Brazil,Groceries,Rice 5kg,10,16.64,0.1,22.72,Cash,Pending,4,F. Chukwu,,149.76000000000002
ORD-11152,2025-12-10,Grace Smith,grace.smith@example.com,Female,58,Brazil,Electronics,Monitor,9,516.41,0.0,12.93,Pos,Returned,1,I. Nwosu,Fragile item,4647.69
ORD-11478,2024-11-17,Mary Nwosu,,Female,,Kenya,Groceries,Rice 5kg,4,34.29,0.25,30.78,Mobile Money,Cancelled,5,E. Okon,Customer requested gift wrap,102.87
ORD-10077,2023-12-28,Zainab Smith,zainab.smith@example.com,Female,26,South Africa,Groceries,Rice 5kg,4,18.31,0.1,32.55,Cash,Shipped,1,J. Eze,Bulk order discount applied,65.916
ORD-11421,2024-02-27,Amaka Yusuf,,Male,42,France,Books,Textbook,9,44.28,0.25,41.8,Pos,Pending,,F. Chukwu,Customer requested gift wrap,298.89
ORD-10901,2024-12-31,Yetunde Bello,yetunde.bello@example.com,Female,35,Nigeria,Books,Novel,11,48.15,0.1,35.33,Bank Transfer,Pending,1,F. Chukwu,Customer requested gift wrap,476.685
ORD-11441,2024-12-22,David Yusuf,david.yusuf@example.com,Male,21,South Africa,Books,Journal,1,39.61,0.1,11.63,Bank Transfer,Shipped,1,C. Adeyemi,,35.649
ORD-10372,2024-06-22,Sarah Brown,sarah.brown@example.com,Female,22,South Africa,Books,Novel,11,38.44,0.05,12.25,Pos,Pending,3,I. Nwosu,Fragile item,401.698
ORD-10181,2025-04-16,Kunle Yusuf,kunle.yusuf@example.com,Female,48,United Kingdom,Furniture,Sofa,4,348.8,0.0,12.47,Mobile Money,Cancelled,4,H. Yusuf,Customer requested gift wrap,1395.2
ORD-11308,2024-08-07,Grace Williams,grace.williams@example.com,Female,,South Africa,Electronics,Smartwatch,1,780.0912500000001,0.0,7.12,Bank Transfer,Shipped,3,B. Musa,Fragile item,780.0912500000001
ORD-10942,2023-06-15,Femi Eze,femi.eze@example.com,,34,Kenya,Furniture,Study Desk,10,523.08,0.25,2.8,Pos,Pending,3,B. Musa,Fragile item,3923.1000000000004
ORD-10578,2023-06-04,Kunle Ibe,kunle.ibe@example.com,Male,37,India,Books,Journal,2,27.18,0.0,13.16,Pos,Shipped,,H. Yusuf,,54.36
ORD-10979,2024-04-21,Halima Johnson,halima.johnson@example.com,Female,27,Nigeria,Books,Textbook,4,34.74,0.0,10.97,Card,Shipped,,A. Okafor,Called before delivery,138.96
ORD-10820,2024-11-01,Grace Okon,,Male,35,Germany,Furniture,Sofa,10,81.04,0.15,1.8,Card,Pending,2,G. Ibe,,688.84
ORD-11121,2024-01-22,Ibrahim Okon,ibrahim.okon@example.com,Male,,Germany,Furniture,Bookshelf,9,780.0912500000001,0.25,12.89,Card,Delivered,1,J. Eze,,5265.615937500001
ORD-11139,2024-03-13,Zainab Johnson,zainab.johnson@example.com,,69,Ghana,Books,Novel,1,28.9,0.05,40.93,Mobile Money,Cancelled,,F. Chukwu,Fragile item,27.455
ORD-11322,2024-03-27,Segun Musa,segun.musa@example.com,Male,44,Germany,Books,Novel,10,55.86,0.0,2.94,Cash,Cancelled,2,H. Yusuf,Fragile item,558.6
ORD-10887,2025-03-27,Tunde Smith,tunde.smith@example.com,Female,38,Germany,Books,Textbook,5,39.1,0.05,22.17,Pos,Delivered,3,I. Nwosu,,185.725
ORD-10969,2024-08-02,Linda Garcia,linda.garcia@example.com,Female,50,Brazil,Electronics,Laptop,10,116.73,0.05,27.59,Pos,Delivered,4,J. Eze,Fragile item,1108.935
ORD-10786,2025-11-20,Linda Khan,linda.khan@example.com,Male,26,Canada,Furniture,Study Desk,6,625.1,0.25,23.7,Cash,Shipped,5,J. Eze,,2812.9500000000003
ORD-11482,2024-07-18,David Ibe,david.ibe@example.com,Female,35,Kenya,Books,Journal,7,58.47,0.0,44.86,Card,Pending,4,F. Chukwu,,409.28999999999996
ORD-11232,2025-03-31,David Eze,david.eze@example.com,Female,20,United Kingdom,Home Appliances,Electric Kettle,11,65.58,0.0,2.58,Cash,Cancelled,4,E. Okon,,721.38
ORD-10302,2023-02-09,John Williams,john.williams@example.com,Female,32,Nigeria,Furniture,Office Chair,3,780.0912500000001,0.15,27.93,Cash,Shipped,2,I. Nwosu,,1989.2326875
ORD-10690,2024-06-21,Sarah Nwosu,sarah.nwosu@example.com,Female,41,UAE,Groceries,Cooking Oil 2L,1,12.79,0.0,30.38,Mobile Money,Cancelled,1,H. Yusuf,Called before delivery,12.79
ORD-10813,2023-06-26,Ngozi Nwosu,ngozi.nwosu@example.com,Female,22,Germany,Fashion,Jeans,11,172.3,0.1,12.72,Cash,Cancelled,1,I. Nwosu,Left at door,1705.7700000000002
ORD-10237,2025-02-09,David Okon,david.okon@example.com,Female,23,Germany,Electronics,Tablet,8,,0.2,11.59,Bank Transfer,Returned,5,I. Nwosu,,
ORD-11038,2025-01-13,Ngozi Adeyemi,ngozi.adeyemi@example.com,Male,54,Kenya,Electronics,Smartwatch,5,780.0912500000001,0.2,25.26,Mobile Money,Shipped,,B. Musa,Left at door,3120.3650000000002
ORD-10500,2024-07-06,Sarah Okafor,sarah.okafor@example.com,Female,57,United Kingdom,Fashion,Handbag,6,67.6,0.25,16.99,Cash,Cancelled,5,D. Bello,Called before delivery,304.2
ORD-11270,2023-12-11,Amaka Bello,amaka.bello@example.com,Male,40,Germany,Electronics,Laptop,4,780.0912500000001,0.15,29.54,Cash,Delivered,2,B. Musa,,2652.31025
ORD-10795,2025-11-10,Emeka Garcia,emeka.garcia@example.com,Male,26,United Kingdom,Fashion,Jeans,10,133.07,0.0,9.06,Pos,Cancelled,4,A. Okafor,Customer requested gift wrap,1330.6999999999998
ORD-11170,2025-08-07,Kunle Smith,kunle.smith@example.com,,,United Kingdom,Books,Journal,2,24.27,0.05,27.65,Bank Transfer,Delivered,5,J. Eze,,46.113
ORD-10991,2023-08-02,Linda Yusuf,linda.yusuf@example.com,Male,32,UAE,Electronics,Headphones,5,763.41,0.0,39.61,Bank Transfer,Returned,1,B. Musa,Called before delivery,3817.0499999999997
ORD-11050,2023-03-22,Halima Garcia,halima.garcia@example.com,Female,41,France,Books,Notebook Pack,7,48.02,0.2,37.12,Pos,Pending,3,J. Eze,Called before delivery,268.91200000000003
ORD-10935,2023-09-10,Bola Eze,bola.eze@example.com,Male,46,France,Home Appliances,Microwave,2,260.31,0.25,5.29,Bank Transfer,Cancelled,3,I. Nwosu,Bulk order discount applied,390.46500000000003
ORD-10388,2023-05-25,Halima Okafor,halima.okafor@example.com,,,Germany,Furniture,Office Chair,6,284.95,0.0,3.98,Mobile Money,Returned,5,C. Adeyemi,,1709.6999999999998
ORD-10391,2024-12-07,Chioma Okafor,,Male,53,Canada,Fashion,Handbag,10,162.73,0.0,2.23,Card,Returned,2,E. Okon,Called before delivery,1627.3
ORD-10744,2024-08-14,Michael Chukwu,michael.chukwu@example.com,Female,27,UAE,Electronics,Smartwatch,4,313.56,0.05,19.3,Pos,Delivered,,I. Nwosu,Customer requested gift wrap,1191.528
ORD-10353,2024-09-25,Michael Johnson,michael.johnson@example.com,Female,33,Kenya,Fashion,Jeans,2,37.29,0.0,7.72,Pos,Shipped,4,I. Nwosu,Called before delivery,74.58
ORD-10236,2023-10-24,Chidi Garcia,chidi.garcia@example.com,Male,27,Canada,Electronics,Smartwatch,7,780.0912500000001,0.0,25.94,Card,Pending,5,F. Chukwu,Fragile item,5460.63875
ORD-11305,2024-10-30,Segun Johnson,segun.johnson@example.com,Female,35,South Africa,Fashion,Handbag,10,33.36,0.1,36.4,Mobile Money,Cancelled,1,D. Bello,Called before delivery,300.24
ORD-10481,2025-03-09,Amaka Johnson,amaka.johnson@example.com,Male,41,South Africa,Fashion,Jacket,9,22.3,0.0,42.13,Card,Shipped,1,C. Adeyemi,Bulk order discount applied,200.70000000000002
ORD-10568,2023-03-24,Peter Adeyemi,peter.adeyemi@example.com,Male,51,Germany,Books,Notebook Pack,8,54.19,0.2,30.85,Pos,Pending,5,G. Ibe,,346.81600000000003
ORD-11289,2024-07-26,Bola Smith,bola.smith@example.com,Male,45,France,Fashion,Sneakers,3,95.24,0.0,18.49,Pos,Delivered,5,F. Chukwu,Left at door,285.71999999999997
ORD-11425,2023-10-17,Ade Ibe,ade.ibe@example.com,Male,27,Kenya,Home Appliances,Air Fryer,5,145.28,0.1,22.8,Card,Delivered,5,J. Eze,,653.76
ORD-11197,2025-08-11,Femi Yusuf,femi.yusuf@example.com,Male,41,Nigeria,Electronics,Tablet,11,780.0912500000001,0.0,33.89,Card,Cancelled,4,A. Okafor,,8581.00375
ORD-10121,2023-06-26,David Khan,david.khan@example.com,Male,32,India,Electronics,Smartwatch,2,780.0912500000001,0.1,37.67,Card,Cancelled,3,C. Adeyemi,,1404.16425
ORD-11025,2025-08-24,Halima Ibe,halima.ibe@example.com,Female,42,South Africa,Books,Textbook,5,58.36,0.15,32.24,Card,Returned,5,F. Chukwu,Fragile item,248.03
ORD-10927,2025-09-09,Chioma Bello,chioma.bello@example.com,Male,25,Canada,Books,Journal,11,51.59,0.2,25.32,Pos,Returned,1,F. Chukwu,Called before delivery,453.992
ORD-10516,2025-01-04,Mary Smith,mary.smith@example.com,,43,Nigeria,Fashion,Jacket,,115.24,0.0,11.71,Mobile Money,Cancelled,4,I. Nwosu,Called before delivery,
ORD-10224,2023-10-09,Emeka Smith,emeka.smith@example.com,Female,34,United States,Books,Textbook,6,11.29,0.0,,Bank Transfer,Pending,,D. Bello,Bulk order discount applied,67.74
ORD-11128,2025-03-05,Tunde Okafor,tunde.okafor@example.com,Male,41,United Kingdom,Furniture,Study Desk,8,248.28,0.25,18.53,Pos,Delivered,4,D. Bello,Left at door,1489.68
ORD-10614,2024-05-05,Zainab Brown,zainab.brown@example.com,Male,45,Canada,Books,Cookbook,11,16.92,0.0,,Mobile Money,Delivered,2,G. Ibe,,186.12
ORD-10844,2023-11-07,Bola Johnson,bola.johnson@example.com,Male,36,United States,Electronics,Laptop,2,601.31,0.0,3.79,Mobile Money,Delivered,1,I. Nwosu,Called before delivery,1202.62
ORD-10053,2023-04-30,Chidi Williams,chidi.williams@example.com,Female,4,India,Books,Cookbook,2,21.66,0.0,28.93,Card,Returned,,G. Ibe,Bulk order discount applied,43.32
ORD-11409,2023-10-12,Chioma Musa,chioma.musa@example.com,Female,40,India,Electronics,Monitor,1,93.37,0.0,18.25,Pos,Delivered,,D. Bello,Fragile item,93.37
ORD-10486,2024-01-04,Mary Okon,mary.okon@example.com,Male,,Germany,Fashion,Handbag,2,184.14,0.0,0.5,Cash,Cancelled,2,I. Nwosu,,368.28
ORD-11461,2023-07-29,Yetunde Yusuf,yetunde.yusuf@example.com,Female,27,France,Books,Novel,3,53.64,,23.31,Pos,Shipped,5,B. Musa,Bulk order discount applied,160.92000000000002
ORD-10819,2025-06-01,Femi Nwosu,femi.nwosu@example.com,Male,26,UAE,Books,Notebook Pack,5,40.81,0.05,4.61,Cash,Cancelled,3,J. Eze,,193.8475
ORD-10156,2023-03-24,Tunde Garcia,tunde.garcia@example.com,Male,18,Kenya,Fashion,T-Shirt,11,52.57,0.0,44.4,Bank Transfer,Returned,2,F. Chukwu,Called before delivery,578.27
ORD-10601,2023-12-16,Linda Ibe,linda.ibe@example.com,Female,38,South Africa,Home Appliances,Air Fryer,5,200.87,0.0,41.48,Card,Returned,1,G. Ibe,Customer requested gift wrap,1004.35
ORD-11227,2025-09-30,Yetunde Ibe,yetunde.ibe@example.com,Female,35,Germany,Electronics,Monitor,5,341.07,0.1,25.24,Bank Transfer,Cancelled,1,F. Chukwu,Fragile item,1534.815
ORD-10249,2024-02-26,Bola Bello,bola.bello@example.com,Female,31,United Kingdom,Home Appliances,Electric Kettle,5,202.72,0.0,21.45,Bank Transfer,Cancelled,1,D. Bello,Left at door,1013.6
ORD-10762,2025-11-09,Zainab Yusuf,zainab.yusuf@example.com,Female,40,France,Electronics,Laptop,7,84.9,0.2,32.99,Card,Shipped,3,J. Eze,,475.44000000000005
ORD-11397,2024-01-21,Segun Chukwu,segun.chukwu@example.com,Male,20,France,Groceries,Sugar 1kg,7,27.79,0.25,23.13,Cash,Returned,4,D. Bello,Fragile item,145.8975
ORD-10543,2025-12-15,John Khan,john.khan@example.com,Male,27,Nigeria,Furniture,Study Desk,,654.1,0.0,28.16,Mobile Money,Cancelled,3,F. Chukwu,,
ORD-10794,2023-09-28,Bola Bello,bola.bello@example.com,Male,31,India,Groceries,Tea Box,2,21.78,0.2,28.07,Card,Cancelled,2,E. Okon,,34.848000000000006
ORD-11142,2025-12-21,David Okon,david.okon@example.com,Male,44,France,Home Appliances,Air Fryer,1,328.85,0.0,24.94,Pos,Pending,2,C. Adeyemi,,328.85
ORD-10629,2024-07-08,Zainab Williams,zainab.williams@example.com,Female,33,Kenya,Groceries,Tea Box,5,2.24,0.0,18.72,Cash,Returned,3,C. Adeyemi,Called before delivery,11.200000000000001
ORD-10151,2025-03-28,Grace Adeyemi,grace.adeyemi@example.com,Female,18,United Kingdom,Books,Novel,4,35.51,0.0,23.76,Pos,Cancelled,4,I. Nwosu,,142.04
ORD-10292,2024-05-14,Sarah Brown,sarah.brown@example.com,Male,24,United Kingdom,Fashion,Jeans,8,166.49,0.2,25.7,Card,Cancelled,1,H. Yusuf,Bulk order discount applied,1065.536
ORD-10687,2023-10-06,Peter Smith,peter.smith@example.com,Female,39,India,Electronics,Laptop,,780.0912500000001,0.2,15.03,Pos,Returned,,A. Okafor,,
ORD-10898,2025-11-06,Halima Smith,halima.smith@example.com,Female,21,France,Groceries,Tea Box,9,17.36,0.2,8.79,Card,Returned,,D. Bello,Called before delivery,124.99200000000002
ORD-10855,2024-11-12,Segun Garcia,,Male,21,India,Groceries,Tea Box,6,23.39,0.1,40.97,Pos,Pending,2,C. Adeyemi,Left at door,126.30600000000001
ORD-11072,2024-10-01,Zainab Nwosu,zainab.nwosu@example.com,Female,33,Ghana,Electronics,Smartphone,6,430.4,0.05,,Cash,Delivered,5,B. Musa,Left at door,2453.2799999999997
ORD-11167,2025-06-08,Grace Musa,grace.musa@example.com,Male,34,Ghana,Fashion,Handbag,9,41.84,0.05,41.41,Bank Transfer,Delivered,4,I. Nwosu,Bulk order discount applied,357.732
ORD-11294,2023-01-18,Halima Chukwu,halima.chukwu@example.com,Female,35,United States,Books,Textbook,1,38.22,0.1,27.11,Cash,Returned,2,H. Yusuf,Called before delivery,34.398
ORD-10892,2023-09-12,Femi Khan,femi.khan@example.com,Male,36,Nigeria,Electronics,Smartwatch,4,780.0912500000001,0.0,36.17,Mobile Money,Delivered,3,G. Ibe,Called before delivery,3120.3650000000002
ORD-10227,2024-01-09,Chioma Okafor,,Female,31,UAE,Furniture,Sofa,2,780.0912500000001,0.25,15.43,Mobile Money,Cancelled,1,D. Bello,Duplicate entry - re-keyed,1170.1368750000001
ORD-10616,2025-11-26,John Khan,john.khan@example.com,Female,23,UAE,Groceries,Spaghetti Pack,9,34.21,0.1,37.38,Card,Delivered,,B. Musa,Called before delivery,277.101
ORD-10155,2023-09-15,Sarah Okafor,sarah.okafor@example.com,Female,38,Ghana,Books,Cookbook,6,46.53,0.15,7.32,Pos,Pending,3,H. Yusuf,,237.303
ORD-10323,2023-05-27,Michael Bello,michael.bello@example.com,Male,8,Brazil,Home Appliances,Vacuum Cleaner,5,211.47,0.0,43.3,Card,Cancelled,2,J. Eze,,1057.35
ORD-11278,2023-10-13,Femi Okon,femi.okon@example.com,Female,27,United States,Fashion,Jacket,1,194.58,0.15,31.47,Cash,Delivered,5,G. Ibe,,165.393
ORD-10083,2025-10-13,Chidi Johnson,chidi.johnson@example.com,Male,27,Nigeria,Groceries,Sugar 1kg,1,24.33,0.2,25.72,Bank Transfer,Delivered,1,G. Ibe,,19.464
ORD-10513,2023-10-30,Tunde Nwosu,tunde.nwosu@example.com,Female,24,UAE,Fashion,T-Shirt,9,128.52,0.0,20.24,Pos,Delivered,3,C. Adeyemi,,1156.68
ORD-11166,2023-10-02,Mary Khan,mary.khan@example.com,Female,22,India,Electronics,Tablet,11,175.81,0.25,40.27,Cash,Shipped,4,D. Bello,Bulk order discount applied,1450.4325000000001
ORD-10930,2024-08-02,Peter Chukwu,peter.chukwu@example.com,Female,45,Canada,Groceries,Rice 5kg,2,27.59,0.05,4.85,Cash,Delivered,4,D. Bello,Left at door,52.421
ORD-11251,2023-01-26,Peter Williams,peter.williams@example.com,Female,27,India,Furniture,Study Desk,8,468.59,0.0,3.81,Mobile Money,Pending,5,F. Chukwu,Left at door,3748.72
ORD-10011,2025-05-26,Femi Eze,femi.eze@example.com,Male,31,Kenya,Fashion,Sneakers,7,144.31,0.2,14.74,Cash,Returned,4,B. Musa,Left at door,808.1360000000001
ORD-10832,2023-06-06,Chidi Okon,chidi.okon@example.com,,30,Canada,Groceries,Rice 5kg,1,11.68,0.2,34.3,Mobile Money,Pending,3,B. Musa,,9.344
ORD-10033,2024-09-20,Michael Ibe,michael.ibe@example.com,Female,45,Kenya,Groceries,Rice 5kg,4,22.13,0.0,24.95,Cash,Cancelled,5,F. Chukwu,,88.52
ORD-10414,2023-10-08,Ngozi Williams,ngozi.williams@example.com,Female,,Canada,Home Appliances,Blender,9,244.27,0.05,32.46,Pos,Cancelled,2,G. Ibe,Left at door,2088.5085000000004
ORD-10581,2025-06-14,Bola Okafor,bola.okafor@example.com,Male,48,Ghana,Electronics,Smartphone,10,780.0912500000001,0.1,16.53,Card,Delivered,4,B. Musa,Left at door,7020.821250000001
ORD-11184,2023-06-21,Emeka Brown,emeka.brown@example.com,Male,51,Germany,Home Appliances,Blender,8,126.42,0.1,33.9,Mobile Money,Cancelled,5,F. Chukwu,,910.224
ORD-11454,2024-05-30,Bola Garcia,bola.garcia@example.com,Male,33,Nigeria,Furniture,Office Chair,11,327.24,0.25,1.13,Card,Returned,,G. Ibe,,2699.7300000000005
ORD-10615,2024-04-23,Zainab Eze,zainab.eze@example.com,Female,,United States,Groceries,Cooking Oil 2L,6,29.29,0.2,18.03,Card,Cancelled,3,A. Okafor,Left at door,140.592
ORD-11046,2023-09-13,Peter Ibe,peter.ibe@example.com,Female,34,UAE,Groceries,Sugar 1kg,8,15.96,0.0,39.53,Cash,Cancelled,3,I. Nwosu,Customer requested gift wrap,127.68
ORD-11015,2025-01-12,Emeka Johnson,emeka.johnson@example.com,Female,19,Kenya,Books,Novel,3,32.4,0.15,8.39,Cash,Pending,5,B. Musa,Left at door,82.61999999999999
ORD-10090,2023-09-22,Ibrahim Nwosu,ibrahim.nwosu@example.com,Female,48,United Kingdom,Fashion,Jeans,7,191.21,0.0,36.63,Bank Transfer,Delivered,5,C. Adeyemi,Customer requested gift wrap,1338.47
ORD-11300,2024-12-04,Segun Yusuf,segun.yusuf@example.com,Female,34,Germany,Home Appliances,Vacuum Cleaner,4,316.22,0.25,24.25,Mobile Money,Pending,1,C. Adeyemi,,948.6600000000001
ORD-10602,2023-10-04,Sarah Adeyemi,sarah.adeyemi@example.com,Female,28,India,Groceries,Sugar 1kg,10,16.94,0.2,26.09,Card,Pending,2,J. Eze,,135.52
ORD-10134,2025-09-23,Chidi Yusuf,chidi.yusuf@example.com,Female,16,Kenya,Home Appliances,Electric Kettle,1,82.79,0.2,42.5,Card,Delivered,2,I. Nwosu,,66.23200000000001
ORD-10556,2025-07-13,Chioma Chukwu,chioma.chukwu@example.com,Male,18,Canada,Electronics,Smartphone,1,474.14,0.0,42.72,Cash,Delivered,1,C. Adeyemi,Customer requested gift wrap,474.14
ORD-11032,2024-08-11,Peter Brown,peter.brown@example.com,,31,Kenya,Books,Notebook Pack,10,20.04,0.0,26.42,Bank Transfer,Pending,3,B. Musa,Customer requested gift wrap,200.39999999999998
ORD-11198,2024-05-11,Sarah Khan,sarah.khan@example.com,,28,France,Groceries,Tea Box,3,29.4,0.2,18.3,Bank Transfer,Cancelled,1,J. Eze,Left at door,70.55999999999999
ORD-10321,2024-05-23,Ibrahim Musa,ibrahim.musa@example.com,Male,41,Kenya,Groceries,Tea Box,9,39.08,,3.71,Mobile Money,Delivered,5,A. Okafor,,351.71999999999997
ORD-10613,2025-04-01,Michael Yusuf,michael.yusuf@example.com,Male,35,Canada,Groceries,Spaghetti Pack,9,25.95,0.0,17.25,Bank Transfer,Pending,3,A. Okafor,,233.54999999999998
ORD-11327,2024-09-05,Sarah Nwosu,,Female,29,United Kingdom,Furniture,Office Chair,4,290.53,0.2,37.33,Mobile Money,Cancelled,3,D. Bello,,929.6959999999999
ORD-10635,2023-06-13,Sarah Garcia,sarah.garcia@example.com,Male,28,South Africa,Books,Journal,,57.12,0.25,16.11,Card,Pending,2,F. Chukwu,,
ORD-10553,2024-12-04,Linda Adeyemi,linda.adeyemi@example.com,Male,33,India,Furniture,Study Desk,3,129.11,0.25,6.35,Bank Transfer,Pending,5,J. Eze,Customer requested gift wrap,290.49750000000006
ORD-11056,2024-06-30,Ngozi Johnson,ngozi.johnson@example.com,Female,27,United Kingdom,Groceries,Sugar 1kg,1,11.85,0.0,41.4,Mobile Money,Shipped,3,G. Ibe,,11.85
ORD-11191,2023-08-14,Femi Brown,femi.brown@example.com,Male,29,Germany,Home Appliances,Electric Kettle,6,50.32,,15.86,Cash,Delivered,,H. Yusuf,,301.92
ORD-10797,2025-03-27,Peter Nwosu,peter.nwosu@example.com,Male,20,Canada,Books,Textbook,3,42.87,0.1,,Bank Transfer,Cancelled,2,G. Ibe,,115.749
ORD-11275,2023-07-20,David Khan,david.khan@example.com,Female,28,Nigeria,Groceries,Tea Box,2,10.33,0.05,20.91,Pos,Pending,5,A. Okafor,,19.627
ORD-11307,2025-07-06,Linda Eze,linda.eze@example.com,Male,52,Germany,Home Appliances,Electric Kettle,1,280.91,,22.61,Card,Shipped,2,H. Yusuf,,280.91
ORD-10175,2024-09-06,Tunde Musa,tunde.musa@example.com,Female,15,Kenya,Furniture,Bookshelf,9,458.1,0.05,5.65,Card,Delivered,5,J. Eze,,3916.755
ORD-10767,2025-07-07,Amaka Nwosu,amaka.nwosu@example.com,Male,23,Kenya,Books,Journal,8,59.62,0.0,13.81,Card,Shipped,2,E. Okon,,476.96
ORD-10246,2024-02-04,Ade Johnson,ade.johnson@example.com,Male,44,United States,Books,Textbook,7,51.94,0.0,2.29,Pos,Delivered,3,B. Musa,,363.58
ORD-11326,2025-11-18,John Smith,john.smith@example.com,Male,32,India,Books,Journal,9,13.89,0.1,36.63,Mobile Money,Returned,,G. Ibe,Called before delivery,112.509
ORD-10146,2025-09-08,Ibrahim Brown,ibrahim.brown@example.com,Male,38,South Africa,Groceries,Cooking Oil 2L,11,24.39,0.15,15.49,Card,Delivered,,I. Nwosu,Fragile item,228.0465
ORD-10091,2025-01-25,Peter Williams,peter.williams@example.com,Female,33,United States,Electronics,Headphones,5,780.0912500000001,0.25,38.41,Pos,Delivered,1,E. Okon,Fragile item,2925.3421875000004
ORD-10683,2025-05-10,Linda Musa,linda.musa@example.com,Female,25,Canada,Electronics,Headphones,4,256.55,0.2,7.97,Card,Cancelled,4,G. Ibe,,820.96
ORD-10311,2023-11-14,Chioma Musa,chioma.musa@example.com,Female,22,France,Groceries,Cooking Oil 2L,11,13.52,0.1,34.8,Mobile Money,Returned,1,I. Nwosu,Left at door,133.848
ORD-10094,2023-07-24,Ibrahim Smith,ibrahim.smith@example.com,Female,42,France,Fashion,Sneakers,8,203.01,0.0,7.28,Pos,Returned,4,A. Okafor,Called before delivery,1624.08
ORD-11200,2024-12-19,Tunde Williams,tunde.williams@example.com,Female,10,UAE,Fashion,Jeans,4,110.1,0.0,26.94,Card,Delivered,2,I. Nwosu,Customer requested gift wrap,440.4
ORD-10925,2023-08-02,Zainab Williams,zainab.williams@example.com,Female,52,Ghana,Groceries,Sugar 1kg,1,5.0,0.05,42.64,Bank Transfer,Returned,5,E. Okon,,4.75
ORD-11293,2024-02-19,Zainab Smith,zainab.smith@example.com,Female,24,Brazil,Home Appliances,Microwave,4,243.11,0.1,42.04,Cash,Pending,5,I. Nwosu,Called before delivery,875.196
ORD-11036,2025-09-27,Ade Nwosu,ade.nwosu@example.com,,43,Nigeria,Books,Notebook Pack,4,34.06,0.0,4.13,Bank Transfer,Delivered,,A. Okafor,,136.24
ORD-10244,2025-01-12,Zainab Adeyemi,zainab.adeyemi@example.com,,51,Brazil,Groceries,Rice 5kg,5,22.01,0.05,16.84,Bank Transfer,Shipped,,G. Ibe,Left at door,104.5475
ORD-11112,2024-08-30,Ibrahim Garcia,ibrahim.garcia@example.com,Female,50,Canada,Fashion,T-Shirt,3,76.49,0.0,22.21,Card,Cancelled,5,C. Adeyemi,Left at door,229.46999999999997
ORD-10215,2025-03-17,Zainab Khan,zainab.khan@example.com,Female,33,United Kingdom,Furniture,Sofa,9,487.74,0.1,39.64,Cash,Cancelled,4,B. Musa,Called before delivery,3950.694
ORD-10999,2025-07-09,Zainab Adeyemi,zainab.adeyemi@example.com,Male,47,United Kingdom,Books,Novel,2,59.86,0.2,25.64,Bank Transfer,Delivered,4,F. Chukwu,,95.77600000000001
ORD-10854,2024-08-14,Sarah Okafor,sarah.okafor@example.com,Male,27,Canada,Furniture,Office Chair,2,743.86,0.0,10.54,Mobile Money,Delivered,1,C. Adeyemi,,1487.72
ORD-10426,2024-07-07,Femi Okon,femi.okon@example.com,Female,55,Ghana,Groceries,Tea Box,4,17.98,0.0,19.01,Mobile Money,Cancelled,2,A. Okafor,Fragile item,71.92
ORD-11345,2023-12-29,Ibrahim Adeyemi,ibrahim.adeyemi@example.com,Female,29,Nigeria,Groceries,Spaghetti Pack,10,12.83,0.0,36.15,Card,Cancelled,4,F. Chukwu,Bulk order discount applied,128.3
ORD-11143,2025-05-20,Sarah Yusuf,sarah.yusuf@example.com,Female,35,UAE,Home Appliances,Vacuum Cleaner,,329.23,0.2,40.68,Bank Transfer,Pending,1,G. Ibe,Left at door,
ORD-11144,2023-05-22,Mary Smith,mary.smith@example.com,Male,,Ghana,Groceries,Cooking Oil 2L,9,23.79,0.0,35.38,Cash,Delivered,1,I. Nwosu,Left at door,214.10999999999999
ORD-11248,2025-03-13,Chidi Yusuf,chidi.yusuf@example.com,Female,31,Germany,Furniture,Dining Table,11,124.99,0.0,15.09,Bank Transfer,Cancelled,,A. Okafor,Left at door,1374.8899999999999
ORD-10001,2023-04-08,Ade Nwosu,ade.nwosu@example.com,Male,33,Germany,Furniture,Office Chair,6,371.47,0.25,34.11,Mobile Money,Shipped,3,G. Ibe,,1671.6150000000002
ORD-10402,2024-08-08,Segun Brown,segun.brown@example.com,Male,22,Germany,Books,Textbook,6,34.27,0.25,15.82,Pos,Delivered,,H. Yusuf,,154.215
ORD-11104,2024-11-25,Tunde Adeyemi,tunde.adeyemi@example.com,Male,22,Kenya,Groceries,Rice 5kg,,26.83,0.15,32.58,Pos,Cancelled,5,B. Musa,Customer requested gift wrap,
ORD-10085,2023-02-10,Zainab Okafor,zainab.okafor@example.com,Female,25,Ghana,Books,Journal,11,50.07,0.1,12.47,Card,Delivered,,J. Eze,Left at door,495.693
ORD-10163,2024-01-19,Chidi Musa,,Female,26,Nigeria,Books,Cookbook,11,7.53,0.25,19.63,Pos,Returned,1,J. Eze,,62.1225
ORD-10115,2024-08-01,Yetunde Chukwu,yetunde.chukwu@example.com,,27,France,Books,Cookbook,7,42.69,0.0,31.44,Card,Cancelled,1,G. Ibe,Fragile item,298.83
ORD-10671,2023-01-06,Peter Brown,peter.brown@example.com,Female,16,Canada,Fashion,Jacket,2,24.5,0.0,28.39,Pos,Shipped,5,C. Adeyemi,,49.0
ORD-11168,2024-07-06,Sarah Musa,sarah.musa@example.com,Female,36,South Africa,Books,Textbook,7,8.92,0.15,31.01,Card,Shipped,,E. Okon,Left at door,53.074
ORD-10890,2025-12-27,Amaka Yusuf,amaka.yusuf@example.com,Male,28,UAE,Groceries,Rice 5kg,6,19.11,0.1,1.3,Cash,Delivered,4,J. Eze,,103.194
ORD-10626,2024-02-27,Peter Musa,peter.musa@example.com,Male,23,Nigeria,Furniture,Sofa,6,489.36,0.0,35.83,Bank Transfer,Returned,2,E. Okon,Fragile item,2936.16
ORD-11497,2025-08-08,Sarah Nwosu,sarah.nwosu@example.com,Female,40,Ghana,Fashion,T-Shirt,8,47.94,0.0,37.94,Mobile Money,Delivered,4,J. Eze,,383.52
ORD-10953,2024-02-07,Amaka Adeyemi,amaka.adeyemi@example.com,Male,32,France,Books,Novel,5,23.37,0.0,36.2,Cash,Delivered,1,F. Chukwu,Fragile item,116.85000000000001
ORD-10808,2024-10-18,Halima Chukwu,halima.chukwu@example.com,Female,41,Brazil,Furniture,Office Chair,6,61.25,0.05,17.82,Bank Transfer,Delivered,4,G. Ibe,Bulk order discount applied,349.125
ORD-10259,2024-05-13,Grace Bello,grace.bello@example.com,Female,34,Germany,Electronics,Laptop,6,780.0912500000001,0.25,14.72,Cash,Delivered,5,G. Ibe,,3510.4106250000004
ORD-10625,2025-08-06,John Okon,john.okon@example.com,Female,27,South Africa,Fashion,T-Shirt,8,112.92,0.0,40.77,Bank Transfer,Shipped,3,E. Okon,,903.36
ORD-10827,2025-06-01,Ngozi Musa,ngozi.musa@example.com,Female,40,United Kingdom,Fashion,Handbag,5,142.63,0.0,42.6,Cash,Returned,4,H. Yusuf,,713.15
ORD-10235,2024-09-19,Femi Nwosu,femi.nwosu@example.com,Male,50,India,Home Appliances,Blender,1,79.94,0.15,25.83,Pos,Returned,5,B. Musa,Customer requested gift wrap,67.949
ORD-10136,2025-12-20,Michael Adeyemi,michael.adeyemi@example.com,Male,22,,Electronics,Tablet,1,336.1,0.05,7.76,Pos,Returned,,H. Yusuf,,319.295
ORD-10617,2025-11-23,David Johnson,david.johnson@example.com,Female,27,Ghana,Electronics,Monitor,,780.0912500000001,0.0,17.15,Mobile Money,Delivered,,A. Okafor,Fragile item,
ORD-10837,2025-08-29,John Chukwu,,Female,29,Brazil,Electronics,Headphones,5,137.37,0.0,36.86,Card,Delivered,1,D. Bello,,686.85
ORD-10843,2024-07-09,Sarah Eze,sarah.eze@example.com,Male,38,Germany,Books,Novel,4,49.15,0.25,40.13,Pos,Delivered,,B. Musa,Left at door,147.45
ORD-10960,2025-04-22,Bola Smith,bola.smith@example.com,Male,17,France,Home Appliances,Electric Kettle,10,28.1,0.0,6.51,Card,Pending,4,A. Okafor,Bulk order discount applied,281.0
ORD-10593,2025-05-01,Emeka Bello,emeka.bello@example.com,Female,48,United States,Fashion,Jacket,5,212.21,0.1,4.11,Cash,Pending,,I. Nwosu,Left at door,954.9449999999999
ORD-10344,2023-04-27,Grace Smith,grace.smith@example.com,Male,41,Brazil,Fashion,Sneakers,,203.37,0.2,15.81,Pos,Delivered,5,C. Adeyemi,,
ORD-11264,2023-08-13,Sarah Williams,sarah.williams@example.com,Female,36,Kenya,Home Appliances,Electric Kettle,9,217.19,0.0,6.29,Bank Transfer,Cancelled,,C. Adeyemi,Bulk order discount applied,1954.71
ORD-10294,2025-12-08,Chidi Brown,chidi.brown@example.com,Female,38,India,Home Appliances,Electric Kettle,3,248.86,0.1,32.8,Mobile Money,Pending,5,B. Musa,Fragile item,671.922
ORD-10365,2025-07-10,Yetunde Yusuf,yetunde.yusuf@example.com,Female,23,Germany,Groceries,Sugar 1kg,4,13.18,0.25,6.73,Card,Shipped,4,H. Yusuf,Bulk order discount applied,39.54
ORD-10179,2025-12-20,Chioma Yusuf,chioma.yusuf@example.com,Male,34,Ghana,Groceries,Sugar 1kg,3,35.26,0.0,43.09,Mobile Money,Shipped,4,F. Chukwu,Customer requested gift wrap,105.78
ORD-10660,2025-11-24,Mary Chukwu,mary.chukwu@example.com,Male,25,United States,Groceries,Spaghetti Pack,4,11.33,0.2,6.29,Bank Transfer,Shipped,5,I. Nwosu,Fragile item,36.256
ORD-10997,2024-01-04,Mary Chukwu,mary.chukwu@example.com,Male,30,Nigeria,Electronics,Tablet,6,460.4,0.0,12.28,Pos,Pending,2,A. Okafor,Called before delivery,2762.3999999999996
ORD-10015,2025-01-15,Michael Williams,michael.williams@example.com,Female,49,Ghana,Electronics,Smartphone,9,87.71,0.0,37.71,Cash,Delivered,5,J. Eze,Customer requested gift wrap,789.39
ORD-10166,2024-07-22,Grace Yusuf,grace.yusuf@example.com,Female,48,UAE,Home Appliances,Electric Kettle,5,349.91,0.15,22.79,Card,Returned,4,D. Bello,,1487.1175
ORD-11437,2025-11-05,Peter Garcia,peter.garcia@example.com,Female,47,United States,Groceries,Cooking Oil 2L,3,3.46,0.15,39.68,Pos,Cancelled,5,D. Bello,,8.822999999999999
ORD-10060,2023-01-30,Peter Chukwu,peter.chukwu@example.com,Female,36,Germany,Books,Notebook Pack,9,54.66,0.0,3.21,Cash,Shipped,2,D. Bello,Left at door,491.93999999999994
ORD-10710,2024-10-04,Kunle Okafor,kunle.okafor@example.com,Male,26,Brazil,Books,Textbook,7,29.83,0.0,32.9,Pos,Returned,2,H. Yusuf,Called before delivery,208.81
ORD-10677,2025-07-04,Bola Smith,bola.smith@example.com,Female,27,Kenya,Fashion,Jeans,6,118.81,0.0,19.59,Pos,Delivered,1,B. Musa,,712.86
ORD-10781,2024-09-30,Ngozi Eze,ngozi.eze@example.com,Female,32,Germany,Books,Notebook Pack,6,12.02,0.0,8.92,Card,Returned,2,A. Okafor,Called before delivery,72.12
ORD-10425,,Kunle Chukwu,kunle.chukwu@example.com,Male,30,Ghana,Books,Journal,7,22.75,0.1,38.16,Bank Transfer,Shipped,3,F. Chukwu,,143.32500000000002
ORD-10293,2025-06-17,Kunle Nwosu,kunle.nwosu@example.com,Female,51,France,Furniture,Office Chair,,462.15,0.1,17.07,Card,Shipped,,G. Ibe,Customer requested gift wrap,
ORD-11066,2025-07-30,Sarah Musa,sarah.musa@example.com,Female,27,France,Groceries,Rice 5kg,2,6.27,0.15,32.75,Pos,Shipped,4,C. Adeyemi,,10.658999999999999
ORD-11368,2024-11-10,Chidi Eze,chidi.eze@example.com,,33,Kenya,Books,Cookbook,7,27.68,0.1,0.55,Cash,Shipped,3,B. Musa,,174.384
ORD-10330,2025-07-15,Femi Smith,femi.smith@example.com,Female,30,France,Home Appliances,Electric Kettle,6,82.27,0.0,17.27,Card,Returned,4,J. Eze,,493.62
ORD-10430,2025-10-08,Kunle Johnson,kunle.johnson@example.com,Female,34,UAE,Books,Journal,2,21.3,0.25,23.06,Bank Transfer,Pending,3,C. Adeyemi,Left at door,31.950000000000003
ORD-11013,2023-09-02,Ade Yusuf,ade.yusuf@example.com,Female,24,Brazil,Electronics,Headphones,8,301.05,0.15,7.47,Card,Cancelled,2,E. Okon,,2047.14
ORD-10080,2024-04-14,Grace Johnson,grace.johnson@example.com,Male,44,United States,Electronics,Tablet,7,174.29,0.2,22.53,Pos,Delivered,3,C. Adeyemi,,976.024
ORD-11053,2023-01-29,Emeka Okon,emeka.okon@example.com,Male,45,South Africa,Fashion,T-Shirt,6,83.88,0.0,38.32,Pos,Delivered,4,C. Adeyemi,Left at door,503.28
ORD-10938,2023-07-02,Chioma Okon,,Male,51,Kenya,Electronics,Smartwatch,4,780.0912500000001,0.2,17.51,Pos,Cancelled,4,A. Okafor,Left at door,2496.2920000000004
ORD-10835,2025-06-05,Sarah Nwosu,sarah.nwosu@example.com,Male,18,Brazil,Fashion,T-Shirt,5,215.53,0.0,35.97,Bank Transfer,Pending,,G. Ibe,,1077.65
ORD-10750,2024-05-24,Ngozi Williams,ngozi.williams@example.com,Male,49,Ghana,Furniture,Study Desk,7,780.0912500000001,0.0,0.69,Bank Transfer,Pending,5,J. Eze,Bulk order discount applied,5460.63875
ORD-10891,2025-01-30,Halima Bello,halima.bello@example.com,Male,33,United States,Groceries,Sugar 1kg,9,3.51,0.15,16.47,Card,Delivered,,F. Chukwu,Customer requested gift wrap,26.851499999999998
ORD-10255,2025-12-13,Sarah Adeyemi,sarah.adeyemi@example.com,Male,32,Canada,Fashion,T-Shirt,1,192.78,0.1,8.52,Card,Pending,4,B. Musa,Bulk order discount applied,173.502
ORD-11324,2023-08-03,Mary Chukwu,,Male,39,Nigeria,Furniture,Dining Table,4,616.37,0.15,26.16,Cash,Delivered,4,D. Bello,Called before delivery,2095.658
ORD-11496,2024-03-01,Chioma Adeyemi,chioma.adeyemi@example.com,Female,19,Brazil,Furniture,Study Desk,4,780.0912500000001,0.0,24.76,Bank Transfer,Cancelled,1,E. Okon,Called before delivery,3120.3650000000002
ORD-10137,2025-09-06,Ibrahim Nwosu,ibrahim.nwosu@example.com,Male,27,UAE,Groceries,Rice 5kg,3,15.49,0.25,19.91,Bank Transfer,Pending,2,F. Chukwu,,34.8525
ORD-11136,2025-05-03,Michael Okon,michael.okon@example.com,Male,21,France,Books,Notebook Pack,7,6.83,0.25,24.42,Mobile Money,Delivered,,A. Okafor,,35.8575
ORD-10853,2025-09-26,Segun Okon,segun.okon@example.com,Female,33,United Kingdom,Books,Textbook,11,6.88,0.25,41.56,Pos,Shipped,5,G. Ibe,Called before delivery,56.75999999999999
ORD-11203,2025-07-13,Ibrahim Garcia,ibrahim.garcia@example.com,Male,56,India,Groceries,Sugar 1kg,7,20.61,0.05,34.83,Cash,Cancelled,4,B. Musa,Bulk order discount applied,137.05649999999997
ORD-10724,2025-01-31,Zainab Okafor,zainab.okafor@example.com,Male,40,Canada,Groceries,Spaghetti Pack,9,23.09,0.0,32.65,Bank Transfer,Returned,1,I. Nwosu,,207.81
ORD-10860,2023-05-08,Yetunde Adeyemi,yetunde.adeyemi@example.com,Male,36,Canada,Groceries,Sugar 1kg,4,20.8,0.25,24.33,Bank Transfer,Returned,1,G. Ibe,Called before delivery,62.400000000000006
ORD-10970,2025-08-07,Bola Musa,,Female,40,Canada,Fashion,Jacket,5,70.72,0.25,8.41,Card,Cancelled,1,A. Okafor,Customer requested gift wrap,265.20000000000005
ORD-10497,2025-01-02,Chioma Adeyemi,chioma.adeyemi@example.com,Female,44,South Africa,Books,Journal,10,31.55,0.25,8.78,Bank Transfer,Cancelled,5,D. Bello,,236.625
ORD-10951,2025-01-13,Bola Garcia,,Male,41,South Africa,Books,Novel,9,34.17,0.25,9.42,Card,Cancelled,1,G. Ibe,,230.64750000000004
ORD-10806,2024-02-18,Chidi Adeyemi,chidi.adeyemi@example.com,Male,40,UAE,Home Appliances,Electric Kettle,11,138.18,0.1,26.79,Card,Cancelled,2,H. Yusuf,,1367.982
ORD-10130,2023-05-31,Femi Eze,femi.eze@example.com,Female,31,United States,Groceries,Spaghetti Pack,5,29.47,0.05,13.06,Pos,Delivered,4,D. Bello,Bulk order discount applied,139.9825
ORD-10338,2025-01-14,Peter Williams,peter.williams@example.com,Female,39,UAE,Electronics,Smartphone,,94.3,0.15,37.82,Pos,Delivered,4,E. Okon,Customer requested gift wrap,
ORD-10609,2024-02-07,John Okafor,john.okafor@example.com,Female,28,Nigeria,Groceries,Tea Box,4,35.34,0.1,41.4,Cash,Delivered,,B. Musa,Fragile item,127.22400000000002
ORD-11149,2023-10-07,Zainab Bello,zainab.bello@example.com,Female,33,Brazil,Fashion,Handbag,10,136.13,0.1,20.55,Card,Shipped,5,D. Bello,,1225.17
ORD-10196,2023-02-28,Amaka Johnson,amaka.johnson@example.com,Female,17,Canada,Furniture,Study Desk,11,780.0912500000001,0.2,20.92,Card,Shipped,1,J. Eze,Customer requested gift wrap,6864.803
ORD-10910,2023-12-07,Ngozi Johnson,ngozi.johnson@example.com,Male,36,United Kingdom,Fashion,Jacket,4,141.2,0.1,24.82,Mobile Money,Delivered,3,H. Yusuf,Bulk order discount applied,508.32
ORD-10585,2023-07-12,Linda Chukwu,linda.chukwu@example.com,Male,,Ghana,Furniture,Bookshelf,1,327.54,,21.16,Bank Transfer,Cancelled,1,D. Bello,Fragile item,327.54
ORD-10104,2024-05-04,Ibrahim Okon,ibrahim.okon@example.com,Female,44,Brazil,Electronics,Laptop,8,780.0912500000001,0.0,18.44,Card,Delivered,5,F. Chukwu,,6240.7300000000005
ORD-11415,2024-11-02,Chidi Brown,,Female,43,Canada,Fashion,T-Shirt,3,50.95,0.15,3.6,Bank Transfer,Cancelled,,C. Adeyemi,Fragile item,129.9225
ORD-11429,2025-03-10,Ibrahim Okafor,ibrahim.okafor@example.com,Male,34,South Africa,Fashion,Jacket,9,29.22,0.1,37.46,Bank Transfer,Cancelled,1,B. Musa,,236.68200000000002
ORD-10720,2025-11-22,Bola Eze,bola.eze@example.com,Female,30,Ghana,Furniture,Dining Table,5,486.59,0.25,4.38,Card,Cancelled,2,H. Yusuf,Bulk order discount applied,1824.7124999999999
ORD-10885,2023-06-23,Segun Musa,segun.musa@example.com,Female,45,Nigeria,Furniture,Bookshelf,4,402.25,0.15,33.28,Pos,Shipped,,C. Adeyemi,Fragile item,1367.6499999999999
ORD-10777,2024-07-02,Sarah Khan,sarah.khan@example.com,Female,19,United States,Furniture,Dining Table,11,347.62,0.2,18.39,Mobile Money,Delivered,4,G. Ibe,Fragile item,3059.0560000000005
ORD-10850,2023-05-08,Peter Khan,peter.khan@example.com,Female,15,United Kingdom,Electronics,Headphones,1,380.09,0.0,22.82,Bank Transfer,Delivered,3,C. Adeyemi,Fragile item,380.09
ORD-10895,2025-01-24,Ibrahim Bello,ibrahim.bello@example.com,Male,31,Germany,Groceries,Cooking Oil 2L,4,3.74,0.25,17.43,Cash,Delivered,,E. Okon,Bulk order discount applied,11.22
ORD-10228,2023-05-15,Linda Adeyemi,linda.adeyemi@example.com,Male,15,France,Home Appliances,Microwave,6,228.19,0.0,1.56,Bank Transfer,Cancelled,1,B. Musa,Left at door,1369.1399999999999
ORD-11439,2024-07-18,Kunle Eze,kunle.eze@example.com,Female,39,United Kingdom,Fashion,Handbag,4,157.47,0.0,10.67,Pos,Delivered,3,A. Okafor,Bulk order discount applied,629.88
ORD-10127,2025-02-05,Tunde Chukwu,tunde.chukwu@example.com,Female,39,UAE,Furniture,Sofa,6,780.0912500000001,0.25,32.27,Card,Cancelled,4,H. Yusuf,Left at door,3510.4106250000004
ORD-10406,2023-07-14,John Garcia,john.garcia@example.com,Male,25,United States,Home Appliances,Air Fryer,2,49.03,0.0,8.04,Pos,Shipped,2,F. Chukwu,Fragile item,98.06
ORD-10776,2024-05-07,Linda Okafor,linda.okafor@example.com,Female,37,United Kingdom,Fashion,Jeans,2,72.67,0.0,7.67,Cash,Shipped,4,B. Musa,,145.34
ORD-10822,2025-03-16,Chidi Smith,chidi.smith@example.com,Female,15,Brazil,Groceries,Rice 5kg,7,39.06,0.0,22.68,Cash,Cancelled,2,G. Ibe,Customer requested gift wrap,273.42
ORD-10712,2024-02-01,Halima Ibe,halima.ibe@example.com,Female,38,Brazil,Electronics,Laptop,9,780.0912500000001,0.05,31.55,Cash,Pending,,D. Bello,Left at door,6669.7801875000005
ORD-11443,2023-01-13,Grace Williams,grace.williams@example.com,Male,13,India,Furniture,Sofa,2,780.0912500000001,0.15,21.22,Mobile Money,Pending,3,G. Ibe,Fragile item,1326.155125
ORD-11061,2024-11-22,Mary Brown,mary.brown@example.com,Female,29,Brazil,Electronics,Smartwatch,10,268.85,0.0,18.61,Mobile Money,Shipped,2,A. Okafor,Left at door,2688.5
ORD-11164,2025-02-18,Peter Ibe,peter.ibe@example.com,Female,21,Kenya,Home Appliances,Vacuum Cleaner,4,288.04,0.0,19.66,Bank Transfer,Shipped,2,F. Chukwu,Left at door,1152.16
ORD-10304,2024-05-06,Chioma Bello,chioma.bello@example.com,Female,50,Brazil,Furniture,Bookshelf,,264.77,0.15,17.56,Pos,Returned,5,H. Yusuf,Called before delivery,
ORD-10268,2024-01-29,Peter Williams,peter.williams@example.com,Male,36,Germany,Groceries,Spaghetti Pack,8,38.42,0.0,22.91,Cash,Delivered,1,E. Okon,,307.36
ORD-10546,2025-11-05,Segun Khan,segun.khan@example.com,Female,36,Germany,Fashion,Jeans,5,192.59,0.0,44.85,Card,Shipped,1,D. Bello,Called before delivery,962.95
ORD-10213,2024-05-08,Peter Smith,peter.smith@example.com,Female,34,United States,Electronics,Headphones,6,780.0912500000001,0.0,3.9,Pos,Delivered,3,A. Okafor,Left at door,4680.547500000001
ORD-10897,,Zainab Chukwu,zainab.chukwu@example.com,Female,42,Germany,Fashion,Sneakers,9,200.7,,30.94,Mobile Money,Returned,2,D. Bello,Bulk order discount applied,1806.3
ORD-11223,2024-11-03,Yetunde Yusuf,yetunde.yusuf@example.com,,38,United Kingdom,Books,Journal,5,51.57,0.15,37.31,Cash,Returned,5,E. Okon,Customer requested gift wrap,219.1725
ORD-10917,2025-03-03,Femi Musa,femi.musa@example.com,Male,40,Brazil,Books,Notebook Pack,11,59.38,0.05,23.32,Cash,Pending,2,C. Adeyemi,Left at door,620.5210000000001
ORD-10676,2023-04-18,Emeka Garcia,emeka.garcia@example.com,Female,49,South Africa,Fashion,Handbag,8,130.58,0.0,31.24,Card,Delivered,,H. Yusuf,,1044.64
ORD-10815,2023-08-01,Ngozi Brown,ngozi.brown@example.com,Male,55,Kenya,Groceries,Rice 5kg,1,19.6,0.05,,Card,Shipped,5,E. Okon,,18.62
ORD-10343,2025-10-06,David Eze,david.eze@example.com,,41,Brazil,Books,Textbook,4,29.77,0.0,7.36,Mobile Money,Delivered,4,F. Chukwu,Bulk order discount applied,119.08
ORD-10550,2023-01-02,Halima Okon,halima.okon@example.com,Male,45,UAE,Furniture,Bookshelf,5,426.31,0.1,37.79,Mobile Money,Cancelled,,G. Ibe,Called before delivery,1918.3950000000002
ORD-11215,2023-10-16,Michael Adeyemi,michael.adeyemi@example.com,Male,23,South Africa,Electronics,Smartphone,5,,0.0,33.63,Mobile Money,Delivered,,G. Ibe,Customer requested gift wrap,
ORD-10967,2025-12-18,Mary Nwosu,mary.nwosu@example.com,Female,41,South Africa,Home Appliances,Vacuum Cleaner,5,249.94,0.25,33.89,Card,Delivered,3,J. Eze,Bulk order discount applied,937.2750000000001
ORD-11231,2023-08-16,John Khan,,Female,28,Kenya,Furniture,Sofa,1,658.46,0.0,21.24,Mobile Money,Delivered,1,B. Musa,Called before delivery,658.46
ORD-10296,,Amaka Okon,amaka.okon@example.com,Female,,France,Groceries,Rice 5kg,1,21.26,0.0,34.34,Card,Cancelled,3,F. Chukwu,Left at door,21.26
ORD-10696,2024-03-02,Grace Okon,grace.okon@example.com,Female,37,UAE,Furniture,Bookshelf,5,105.72,0.1,23.2,Mobile Money,Pending,4,A. Okafor,Left at door,475.74
ORD-10074,2025-07-27,Amaka Nwosu,amaka.nwosu@example.com,Male,38,India,Groceries,Spaghetti Pack,1,14.46,0.1,11.55,Pos,Delivered,3,D. Bello,,13.014000000000001
ORD-10606,2025-09-18,Ngozi Yusuf,ngozi.yusuf@example.com,Male,30,United Kingdom,Fashion,Jacket,2,110.66,0.05,7.86,Bank Transfer,Delivered,3,E. Okon,Left at door,210.254
ORD-10105,2023-01-13,Chidi Johnson,chidi.johnson@example.com,Male,35,Brazil,Fashion,Jeans,3,105.26,0.0,2.14,Mobile Money,Cancelled,4,J. Eze,Left at door,315.78000000000003
ORD-10646,2024-10-30,David Williams,david.williams@example.com,Male,49,UAE,Books,Notebook Pack,7,53.86,0.0,0.16,Cash,Delivered,5,A. Okafor,Customer requested gift wrap,377.02
ORD-11500,2024-12-29,Yetunde Chukwu,yetunde.chukwu@example.com,Female,11,United Kingdom,Home Appliances,Vacuum Cleaner,5,35.71,0.15,23.74,Mobile Money,Pending,2,B. Musa,Fragile item,151.7675
ORD-11041,2023-12-04,Amaka Smith,amaka.smith@example.com,Male,35,United Kingdom,Groceries,Sugar 1kg,5,19.3,0.05,8.12,Pos,Cancelled,5,H. Yusuf,,91.675
ORD-10440,2024-10-01,Mary Okon,mary.okon@example.com,Female,32,United States,Fashion,Jeans,1,55.46,0.0,9.82,Card,Delivered,5,J. Eze,Customer requested gift wrap,55.46
ORD-11020,2023-05-16,Emeka Johnson,emeka.johnson@example.com,Male,45,United Kingdom,Groceries,Tea Box,8,38.57,0.0,40.13,Mobile Money,Cancelled,1,D. Bello,Bulk order discount applied,308.56
ORD-10092,2023-10-07,Femi Yusuf,femi.yusuf@example.com,Male,49,Ghana,Home Appliances,Vacuum Cleaner,10,289.0,0.0,11.13,Bank Transfer,Returned,,H. Yusuf,Left at door,2890.0
ORD-11113,2024-07-02,Amaka Adeyemi,amaka.adeyemi@example.com,Female,43,Ghana,Groceries,Tea Box,10,2.84,0.1,1.27,Pos,Shipped,4,I. Nwosu,Left at door,25.56
ORD-11341,2025-01-24,Chidi Brown,chidi.brown@example.com,Female,,South Africa,Furniture,Sofa,3,767.29,0.15,11.46,Pos,Cancelled,2,G. Ibe,Fragile item,1956.5894999999998
ORD-10909,2024-01-12,Chidi Eze,chidi.eze@example.com,Male,31,United States,Groceries,Tea Box,10,3.19,0.2,18.97,Bank Transfer,Pending,2,J. Eze,Bulk order discount applied,25.52
ORD-10103,2025-04-22,Halima Yusuf,halima.yusuf@example.com,Male,34,Kenya,Fashion,Jacket,4,136.51,0.15,,Bank Transfer,Shipped,3,G. Ibe,Called before delivery,464.13399999999996
ORD-10239,2023-10-20,Linda Okon,linda.okon@example.com,Female,36,Germany,Books,Cookbook,9,26.01,0.15,16.61,Cash,Shipped,2,C. Adeyemi,Left at door,198.9765
ORD-11304,2023-05-15,Segun Garcia,segun.garcia@example.com,Male,34,Ghana,Books,Notebook Pack,1,53.02,0.1,38.8,Mobile Money,Cancelled,5,E. Okon,Customer requested gift wrap,47.718
ORD-10943,2025-04-27,Sarah Okafor,sarah.okafor@example.com,Male,2,United Kingdom,Books,Textbook,2,24.48,0.2,17.39,Card,Returned,5,H. Yusuf,Left at door,39.168000000000006
ORD-11271,,Halima Bello,halima.bello@example.com,Female,,Kenya,Books,Notebook Pack,5,40.61,0.1,0.62,Card,Shipped,3,G. Ibe,Called before delivery,182.745
ORD-10939,2023-10-07,Yetunde Bello,yetunde.bello@example.com,Male,28,Canada,Fashion,Jeans,11,16.3,0.0,43.11,Card,Delivered,4,I. Nwosu,,179.3
ORD-11182,2024-09-15,Segun Brown,segun.brown@example.com,Female,44,United States,Electronics,Smartwatch,2,511.18,0.15,34.92,Card,Cancelled,1,G. Ibe,Left at door,869.006
ORD-10006,2023-10-20,Amaka Nwosu,amaka.nwosu@example.com,Male,33,UAE,Books,Novel,1,55.38,0.1,14.27,Mobile Money,Shipped,,D. Bello,,49.842000000000006
ORD-11389,2024-02-10,Segun Bello,segun.bello@example.com,Female,35,,Home Appliances,Electric Kettle,4,292.75,0.0,11.76,Cash,Delivered,5,J. Eze,,1171.0
ORD-10966,2023-05-31,Amaka Khan,amaka.khan@example.com,Female,44,UAE,Groceries,Cooking Oil 2L,1,21.79,0.0,19.63,Pos,Shipped,5,I. Nwosu,Left at door,21.79
ORD-10019,,Kunle Ibe,kunle.ibe@example.com,Female,42,Germany,Furniture,Sofa,8,780.0912500000001,0.0,40.82,Card,Pending,1,B. Musa,Bulk order discount applied,6240.7300000000005
ORD-10122,2024-02-28,Linda Garcia,linda.garcia@example.com,Female,34,Ghana,Groceries,Sugar 1kg,1,31.62,0.05,42.81,Cash,Cancelled,,J. Eze,,30.038999999999998
ORD-10662,2025-05-31,Bola Adeyemi,bola.adeyemi@example.com,Female,52,South Africa,Fashion,T-Shirt,7,21.36,0.0,23.17,Bank Transfer,Delivered,1,C. Adeyemi,,149.51999999999998
ORD-11292,2025-10-03,David Yusuf,david.yusuf@example.com,Female,38,South Africa,Furniture,Dining Table,8,486.4,0.15,31.91,Cash,Cancelled,4,F. Chukwu,Fragile item,3307.52
ORD-10275,2024-04-26,John Khan,john.khan@example.com,Male,16,South Africa,Home Appliances,Air Fryer,3,297.97,0.25,5.71,Bank Transfer,Pending,5,F. Chukwu,Customer requested gift wrap,670.4325000000001
ORD-10434,2023-10-23,Linda Musa,linda.musa@example.com,Male,17,France,Home Appliances,Blender,1,231.62,0.2,1.6,Card,Pending,2,I. Nwosu,,185.29600000000002
ORD-10812,2024-03-26,Ade Bello,ade.bello@example.com,Male,49,Kenya,Furniture,Office Chair,3,593.78,0.05,38.8,Pos,Returned,5,B. Musa,Bulk order discount applied,1692.273
ORD-11430,2024-01-11,Segun Okafor,segun.okafor@example.com,Female,52,Nigeria,Electronics,Tablet,4,496.71,0.25,28.3,Cash,Cancelled,1,J. Eze,,1490.1299999999999
ORD-11444,2024-11-30,Segun Adeyemi,segun.adeyemi@example.com,Male,35,Germany,Home Appliances,Electric Kettle,1,184.69,0.2,42.36,Bank Transfer,Delivered,1,I. Nwosu,Called before delivery,147.752
ORD-10182,2025-03-03,Michael Adeyemi,michael.adeyemi@example.com,Male,32,India,Home Appliances,Air Fryer,11,50.11,0.0,14.21,Card,Returned,3,I. Nwosu,Customer requested gift wrap,551.21
ORD-10185,2024-06-06,Chioma Nwosu,chioma.nwosu@example.com,Female,47,Nigeria,Home Appliances,Blender,2,26.9,0.2,29.07,Card,Cancelled,2,I. Nwosu,,43.04
ORD-10407,2025-01-01,Grace Brown,grace.brown@example.com,Female,62,United States,Furniture,Bookshelf,5,780.0912500000001,0.2,2.72,Cash,Cancelled,5,E. Okon,Fragile item,3120.3650000000002
ORD-10866,2024-10-22,Linda Garcia,linda.garcia@example.com,Male,26,Canada,Groceries,Spaghetti Pack,1,13.62,0.05,6.79,Mobile Money,Delivered,2,H. Yusuf,,12.938999999999998
ORD-10521,2025-04-25,Halima Adeyemi,halima.adeyemi@example.com,Female,39,Brazil,Groceries,Spaghetti Pack,1,35.26,0.15,39.04,Mobile Money,Cancelled,1,B. Musa,Left at door,29.970999999999997
ORD-11004,2023-01-09,John Chukwu,john.chukwu@example.com,Female,52,Canada,Groceries,Spaghetti Pack,10,15.17,0.05,4.41,Pos,Shipped,5,F. Chukwu,Bulk order discount applied,144.11499999999998
ORD-10381,2023-04-25,Grace Bello,grace.bello@example.com,Female,38,Kenya,Groceries,Spaghetti Pack,4,30.77,0.25,10.66,Cash,Delivered,4,I. Nwosu,Fragile item,92.31
ORD-10428,2023-05-19,Ibrahim Johnson,ibrahim.johnson@example.com,Male,30,UAE,Groceries,Tea Box,7,24.19,0.2,,Pos,Delivered,5,C. Adeyemi,Bulk order discount applied,135.46400000000003
ORD-10079,2024-05-09,Segun Musa,segun.musa@example.com,Male,48,South Africa,Fashion,Jacket,5,203.04,0.05,8.92,Bank Transfer,Shipped,4,A. Okafor,,964.4399999999999
ORD-11010,2024-07-24,Chioma Adeyemi,chioma.adeyemi@example.com,Male,51,UAE,Groceries,Tea Box,3,33.51,0.2,0.35,Card,Shipped,5,D. Bello,Called before delivery,80.424
ORD-10608,2024-03-27,Segun Smith,segun.smith@example.com,Male,30,Brazil,Furniture,Study Desk,3,69.02,0.1,19.67,Cash,Delivered,5,E. Okon,,186.354
ORD-11362,2023-07-17,Ade Johnson,ade.johnson@example.com,Male,32,Ghana,Furniture,Office Chair,9,228.79,0.15,16.48,Mobile Money,Returned,3,C. Adeyemi,Bulk order discount applied,1750.2435
ORD-11395,2023-05-11,Tunde Williams,tunde.williams@example.com,Male,35,Nigeria,Furniture,Sofa,4,,0.2,32.36,Card,Delivered,,B. Musa,,
ORD-11058,2025-10-22,Sarah Yusuf,sarah.yusuf@example.com,Female,16,United Kingdom,Furniture,Office Chair,3,780.0912500000001,0.1,3.45,Cash,Pending,3,F. Chukwu,Fragile item,2106.246375
ORD-11092,2023-01-22,Ngozi Eze,ngozi.eze@example.com,Female,56,Kenya,Books,Textbook,2,,,33.9,Card,Pending,5,J. Eze,,
ORD-11102,2025-07-11,Zainab Khan,zainab.khan@example.com,Female,25,Brazil,Groceries,Tea Box,1,10.52,0.0,28.69,Pos,Returned,4,E. Okon,Customer requested gift wrap,10.52
ORD-11130,2024-06-30,John Ibe,john.ibe@example.com,Female,38,Canada,Books,Cookbook,3,7.15,0.05,2.16,Cash,Returned,3,A. Okafor,Called before delivery,20.3775
ORD-11236,2025-06-03,John Khan,john.khan@example.com,Female,18,Nigeria,Home Appliances,Blender,10,102.32,0.15,23.56,Bank Transfer,Delivered,,I. Nwosu,Bulk order discount applied,869.7199999999999
ORD-11348,2024-07-29,Sarah Williams,sarah.williams@example.com,Male,,UAE,Home Appliances,Air Fryer,10,55.89,0.2,5.53,Bank Transfer,Delivered,,I. Nwosu,Customer requested gift wrap,447.12
ORD-10959,2025-09-28,Ngozi Ibe,ngozi.ibe@example.com,Male,21,India,Groceries,Rice 5kg,2,26.26,0.0,24.5,Cash,Cancelled,4,J. Eze,,52.52
ORD-10560,2024-08-23,Halima Chukwu,halima.chukwu@example.com,Male,43,France,Books,Journal,4,31.52,0.15,7.0,Cash,Delivered,1,C. Adeyemi,Customer requested gift wrap,107.16799999999999
ORD-10847,2024-02-20,Ngozi Adeyemi,,Female,26,,Furniture,Sofa,10,780.0912500000001,0.05,6.89,Bank Transfer,Cancelled,4,H. Yusuf,Fragile item,7410.866875
ORD-10691,2024-03-31,Linda Okon,linda.okon@example.com,Male,24,Brazil,Home Appliances,Electric Kettle,10,28.28,0.05,10.72,Card,Delivered,,I. Nwosu,Bulk order discount applied,268.66
ORD-11481,2025-11-03,Emeka Adeyemi,,Male,30,South Africa,Fashion,Sneakers,9,37.23,0.1,14.58,Bank Transfer,Cancelled,1,D. Bello,,301.563
ORD-11428,2023-09-14,Yetunde Johnson,yetunde.johnson@example.com,Female,20,Kenya,Electronics,Headphones,9,263.1,0.0,41.11,Card,Shipped,3,I. Nwosu,Fragile item,2367.9
ORD-10437,2024-12-06,Peter Garcia,peter.garcia@example.com,Female,43,South Africa,Home Appliances,Air Fryer,1,63.71,0.2,10.9,Bank Transfer,Cancelled,4,J. Eze,Customer requested gift wrap,50.968
ORD-10491,2023-06-03,Emeka Johnson,emeka.johnson@example.com,Male,3,India,Electronics,Smartphone,8,468.85,0.05,12.53,Card,Cancelled,3,G. Ibe,,3563.26
ORD-11406,2025-03-12,Chioma Khan,chioma.khan@example.com,Male,31,Nigeria,Fashion,Jacket,11,177.52,0.15,22.01,Card,Delivered,1,E. Okon,Customer requested gift wrap,1659.812
ORD-10070,2023-01-25,Bola Yusuf,bola.yusuf@example.com,Male,27,Brazil,Books,Cookbook,9,51.35,0.0,42.54,Mobile Money,Delivered,3,I. Nwosu,Bulk order discount applied,462.15000000000003
ORD-10809,2024-07-18,Tunde Williams,tunde.williams@example.com,Female,39,United States,Books,Textbook,5,49.27,0.2,23.41,Pos,Delivered,2,H. Yusuf,Left at door,197.08000000000004
ORD-11185,2024-02-27,Femi Garcia,femi.garcia@example.com,Male,53,United Kingdom,Books,Cookbook,9,12.17,0.0,14.44,Card,Shipped,,D. Bello,,109.53
ORD-10012,2023-12-26,David Ibe,david.ibe@example.com,Female,21,United Kingdom,Furniture,Dining Table,9,170.97,0.0,35.78,Pos,Delivered,5,A. Okafor,,1538.73
ORD-10145,2025-07-11,Grace Musa,grace.musa@example.com,Female,,France,Books,Notebook Pack,9,59.9,0.25,18.21,Bank Transfer,Cancelled,1,J. Eze,,404.32500000000005
ORD-10918,2023-12-05,David Khan,david.khan@example.com,Male,22,India,Electronics,Monitor,1,780.0912500000001,0.15,6.26,Card,Shipped,2,D. Bello,,663.0775625
ORD-10640,2024-08-18,Sarah Adeyemi,sarah.adeyemi@example.com,Male,34,Canada,Fashion,Sneakers,6,174.63,0.05,44.53,Pos,Pending,3,E. Okon,Customer requested gift wrap,995.391
ORD-10177,2025-01-29,Sarah Nwosu,sarah.nwosu@example.com,Male,,UAE,Electronics,Monitor,11,720.69,0.0,25.24,Bank Transfer,Pending,2,J. Eze,Fragile item,7927.59
ORD-10995,2024-09-04,Mary Nwosu,mary.nwosu@example.com,Male,21,France,Electronics,Headphones,11,205.65,0.0,26.63,Cash,Delivered,3,E. Okon,Bulk order discount applied,2262.15
ORD-10441,2024-03-26,Zainab Eze,zainab.eze@example.com,Male,25,United States,Fashion,Handbag,4,105.13,0.05,17.49,Cash,Shipped,4,H. Yusuf,,399.49399999999997
ORD-10522,2023-09-02,Chioma Brown,chioma.brown@example.com,Male,42,South Africa,Groceries,Sugar 1kg,6,12.17,0.1,6.57,Card,Cancelled,2,D. Bello,Fragile item,65.718
ORD-11005,2024-09-28,Femi Yusuf,,Female,41,United States,Fashion,Jacket,5,208.47,0.0,29.19,Bank Transfer,Pending,,C. Adeyemi,Bulk order discount applied,1042.35
ORD-11256,2024-11-24,Bola Bello,bola.bello@example.com,Male,45,Nigeria,Home Appliances,Blender,8,327.36,0.0,37.59,Card,Pending,4,H. Yusuf,Fragile item,2618.88
ORD-11235,2023-01-07,Zainab Johnson,zainab.johnson@example.com,Male,31,France,Books,Textbook,11,36.45,0.05,41.97,Card,Cancelled,,J. Eze,Customer requested gift wrap,380.90250000000003
ORD-10144,2023-08-28,Ibrahim Chukwu,ibrahim.chukwu@example.com,Male,25,Nigeria,Home Appliances,Electric Kettle,7,237.97,0.1,0.94,Card,Delivered,4,F. Chukwu,Called before delivery,1499.211
ORD-10754,2023-06-20,Grace Ibe,grace.ibe@example.com,Male,42,Germany,Fashion,Jacket,2,141.04,0.25,40.66,Cash,Delivered,4,G. Ibe,,211.56
ORD-10520,2023-04-21,Sarah Bello,,Male,,UAE,Electronics,Tablet,,780.0912500000001,0.0,7.28,Card,Cancelled,3,C. Adeyemi,Left at door,
ORD-11323,2025-03-07,Bola Eze,bola.eze@example.com,Male,19,South Africa,Home Appliances,Electric Kettle,,52.82,0.15,3.33,Card,Cancelled,,F. Chukwu,Customer requested gift wrap,
ORD-10823,2023-11-15,Chidi Chukwu,chidi.chukwu@example.com,Female,24,Nigeria,Electronics,Monitor,1,394.52,0.25,1.25,Bank Transfer,Pending,4,E. Okon,,295.89
ORD-10429,2024-06-22,Zainab Williams,zainab.williams@example.com,Male,42,Ghana,Books,Journal,11,57.16,0.05,8.97,Bank Transfer,Shipped,,J. Eze,Called before delivery,597.322
ORD-11033,2024-11-24,Sarah Nwosu,sarah.nwosu@example.com,Female,26,UAE,Fashion,Handbag,5,79.37,0.05,15.73,Pos,Cancelled,3,I. Nwosu,Fragile item,377.0075
ORD-10157,2024-04-16,Ngozi Williams,ngozi.williams@example.com,Male,37,India,Electronics,Headphones,7,385.81,0.0,20.12,Cash,Cancelled,1,H. Yusuf,Customer requested gift wrap,2700.67
ORD-10540,,Chidi Williams,chidi.williams@example.com,Female,,Canada,Fashion,Jeans,9,,0.0,18.21,Bank Transfer,Returned,3,B. Musa,,
ORD-11291,2024-03-27,Linda Okon,linda.okon@example.com,Male,53,Ghana,Electronics,Monitor,5,780.0912500000001,0.1,29.45,Pos,Cancelled,5,E. Okon,Left at door,3510.4106250000004
ORD-10462,,Ngozi Chukwu,ngozi.chukwu@example.com,Female,20,Germany,Electronics,Smartwatch,8,780.0912500000001,,38.47,Card,Pending,2,D. Bello,Customer requested gift wrap,6240.7300000000005
ORD-10577,2024-09-07,Ade Okon,ade.okon@example.com,Male,37,India,Groceries,Spaghetti Pack,4,36.67,0.1,33.91,Bank Transfer,Cancelled,,D. Bello,,132.012
ORD-10256,2023-04-06,David Musa,david.musa@example.com,Male,19,Canada,Books,Textbook,11,,0.1,30.74,Card,Delivered,4,C. Adeyemi,Bulk order discount applied,
ORD-10980,2023-06-11,Linda Musa,linda.musa@example.com,Female,32,France,Groceries,Rice 5kg,7,20.2,0.0,7.3,Card,Returned,3,I. Nwosu,,141.4
ORD-11186,2023-05-31,Chioma Ibe,chioma.ibe@example.com,Female,28,UAE,Groceries,Rice 5kg,5,27.19,0.0,22.08,Cash,Shipped,,G. Ibe,Customer requested gift wrap,135.95000000000002
ORD-11007,2023-05-04,Mary Ibe,mary.ibe@example.com,Female,47,Kenya,Home Appliances,Air Fryer,1,126.98,0.25,42.11,Cash,Shipped,5,G. Ibe,Bulk order discount applied,95.235
ORD-10561,2025-06-27,Chidi Johnson,chidi.johnson@example.com,Male,32,France,Fashion,Jeans,2,169.58,,33.97,Bank Transfer,Delivered,1,A. Okafor,Called before delivery,339.16
ORD-10209,2025-01-24,Linda Adeyemi,linda.adeyemi@example.com,Male,20,India,Groceries,Rice 5kg,9,19.15,0.2,29.36,Card,Cancelled,3,F. Chukwu,Fragile item,137.88
ORD-10911,2023-06-28,Yetunde Khan,yetunde.khan@example.com,Male,40,Germany,Groceries,Sugar 1kg,7,4.68,0.2,18.57,Card,Cancelled,1,B. Musa,,26.208
ORD-11312,2023-01-22,Bola Musa,bola.musa@example.com,Male,54,France,Groceries,Tea Box,4,,0.0,32.7,Pos,Cancelled,5,A. Okafor,Customer requested gift wrap,
ORD-10002,2023-02-17,Bola Ibe,bola.ibe@example.com,Female,41,Germany,Home Appliances,Microwave,11,252.59,0.25,,Mobile Money,Shipped,2,H. Yusuf,Left at door,2083.8675000000003
ORD-10270,2024-10-16,Halima Yusuf,halima.yusuf@example.com,Male,,United States,Electronics,Smartphone,4,780.0912500000001,0.05,38.18,Card,Delivered,1,C. Adeyemi,Customer requested gift wrap,2964.34675
ORD-10266,2025-05-15,Michael Okon,michael.okon@example.com,Female,29,Germany,Groceries,Sugar 1kg,11,14.43,0.0,31.64,Bank Transfer,Shipped,3,H. Yusuf,Left at door,158.73
ORD-10915,2025-09-18,Kunle Okafor,kunle.okafor@example.com,Female,41,Ghana,Groceries,Rice 5kg,1,29.87,0.0,38.33,Pos,Shipped,3,E. Okon,,29.87
ORD-10231,2023-06-06,Chioma Smith,chioma.smith@example.com,Female,24,France,Home Appliances,Electric Kettle,11,333.77,0.0,22.58,Bank Transfer,Delivered,5,C. Adeyemi,,3671.47
ORD-11120,2024-08-11,Kunle Johnson,kunle.johnson@example.com,Female,11,,Groceries,Cooking Oil 2L,2,33.76,0.0,43.66,Mobile Money,Shipped,,H. Yusuf,Customer requested gift wrap,67.52
ORD-10865,2024-06-19,Femi Garcia,,Female,29,South Africa,Groceries,Cooking Oil 2L,8,29.36,0.1,11.88,Card,Pending,,B. Musa,,211.392
ORD-11067,2024-06-15,Femi Okon,femi.okon@example.com,Female,23,UAE,Books,Notebook Pack,3,37.27,0.1,21.57,Bank Transfer,Pending,4,J. Eze,Customer requested gift wrap,100.629
ORD-10874,2025-09-13,Bola Eze,bola.eze@example.com,Female,66,UAE,Fashion,Handbag,10,214.68,0.05,,Cash,Shipped,5,A. Okafor,,2039.46
ORD-11372,2023-01-05,Michael Brown,michael.brown@example.com,Female,23,Germany,Groceries,Cooking Oil 2L,8,11.02,0.0,38.01,Bank Transfer,Returned,3,E. Okon,Left at door,88.16
ORD-10399,2023-11-27,Linda Okafor,linda.okafor@example.com,Female,43,Nigeria,Fashion,Handbag,6,56.78,,15.55,Card,Cancelled,,E. Okon,,340.68
ORD-11398,2023-01-26,Chioma Garcia,chioma.garcia@example.com,Male,30,United States,Electronics,Monitor,7,502.52,,33.96,Card,Delivered,5,B. Musa,Bulk order discount applied,3517.64
ORD-10046,2023-06-25,Ibrahim Eze,ibrahim.eze@example.com,Female,32,Kenya,Home Appliances,Vacuum Cleaner,11,344.2,0.0,12.8,Mobile Money,Pending,1,E. Okon,Fragile item,3786.2
ORD-10162,2024-03-30,Zainab Bello,zainab.bello@example.com,Female,44,United Kingdom,Fashion,Jeans,6,,0.05,29.5,Bank Transfer,Returned,3,D. Bello,Fragile item,
ORD-10992,2025-08-29,Segun Garcia,segun.garcia@example.com,Male,40,UAE,Groceries,Spaghetti Pack,10,15.23,0.05,40.25,Card,Shipped,3,I. Nwosu,,144.685
ORD-10728,2023-06-07,Ade Musa,ade.musa@example.com,Female,39,United Kingdom,Groceries,Tea Box,2,8.63,0.25,32.89,Mobile Money,Returned,,D. Bello,Fragile item,12.945
ORD-10630,2024-01-02,Ngozi Garcia,ngozi.garcia@example.com,Male,26,Nigeria,Furniture,Office Chair,,320.78,0.1,7.58,Cash,Delivered,2,E. Okon,,
ORD-10289,2024-10-20,Amaka Smith,amaka.smith@example.com,Female,32,UAE,Books,Journal,9,25.11,0.1,31.27,Cash,Shipped,1,D. Bello,,203.39100000000002
ORD-11060,2025-05-19,Femi Garcia,femi.garcia@example.com,Male,39,United States,Books,Novel,7,42.73,0.0,10.12,Mobile Money,Cancelled,2,F. Chukwu,,299.10999999999996
ORD-11494,2025-02-24,David Okon,david.okon@example.com,Male,,Brazil,Books,Cookbook,,24.06,0.25,40.93,Mobile Money,Delivered,1,A. Okafor,,
ORD-10576,2023-03-06,David Chukwu,david.chukwu@example.com,Female,28,India,Groceries,Sugar 1kg,6,37.94,0.0,35.89,Cash,Shipped,5,I. Nwosu,Called before delivery,227.64
ORD-10851,2025-04-18,Amaka Yusuf,amaka.yusuf@example.com,Male,27,Nigeria,Electronics,Monitor,2,463.99,0.0,32.98,Card,Cancelled,2,F. Chukwu,,927.98
ORD-11340,2025-05-06,Emeka Okon,emeka.okon@example.com,Male,48,United States,Home Appliances,Air Fryer,,280.71,0.1,19.51,Card,Shipped,4,J. Eze,Customer requested gift wrap,
ORD-10912,2023-04-29,Chidi Ibe,chidi.ibe@example.com,Male,24,Nigeria,Fashion,Jacket,11,130.36,0.2,21.04,Cash,Cancelled,1,D. Bello,Called before delivery,1147.1680000000001
ORD-11255,2024-11-17,John Brown,john.brown@example.com,Female,56,UAE,Fashion,Jacket,3,,0.0,36.09,Mobile Money,Delivered,3,I. Nwosu,Left at door,
ORD-11391,2024-03-27,Femi Adeyemi,femi.adeyemi@example.com,Female,,India,Furniture,Dining Table,4,780.0912500000001,0.0,17.29,Cash,Delivered,2,F. Chukwu,Bulk order discount applied,3120.3650000000002
ORD-10933,2023-05-10,Ibrahim Yusuf,,Female,37,Brazil,Fashion,Jacket,6,65.89,0.15,,Card,Pending,2,E. Okon,,336.03900000000004
ORD-11101,2023-03-02,Segun Bello,segun.bello@example.com,Female,30,UAE,Books,Textbook,5,40.05,0.2,43.65,Mobile Money,Shipped,5,E. Okon,Fragile item,160.20000000000002
ORD-11208,2025-07-16,David Johnson,david.johnson@example.com,Female,27,France,Fashion,Jeans,8,49.07,0.05,4.48,Card,Pending,,I. Nwosu,,372.93199999999996
ORD-10248,2025-12-13,Sarah Chukwu,sarah.chukwu@example.com,Male,44,Ghana,Books,Textbook,8,20.4,0.1,20.64,Mobile Money,Shipped,1,J. Eze,Bulk order discount applied,146.88
ORD-10477,2024-02-26,Sarah Adeyemi,sarah.adeyemi@example.com,Female,,Ghana,Fashion,Handbag,4,114.25,0.1,22.49,Bank Transfer,Pending,1,J. Eze,Bulk order discount applied,411.3
ORD-10086,2024-04-04,Linda Nwosu,linda.nwosu@example.com,Male,34,Ghana,Furniture,Sofa,10,585.97,,43.11,Pos,Delivered,4,J. Eze,Called before delivery,5859.700000000001
ORD-10470,2024-06-17,Segun Eze,segun.eze@example.com,Male,32,Canada,Fashion,Jeans,7,36.25,0.05,23.62,Mobile Money,Delivered,3,D. Bello,,241.0625
ORD-10226,2024-11-18,Kunle Chukwu,kunle.chukwu@example.com,Male,65,India,Groceries,Tea Box,11,38.43,0.25,21.46,Bank Transfer,Cancelled,2,C. Adeyemi,,317.0475
ORD-10775,2024-07-02,Halima Chukwu,halima.chukwu@example.com,Male,53,Ghana,Fashion,Handbag,2,100.02,0.25,2.92,Cash,Pending,4,B. Musa,,150.03
ORD-10332,2024-12-20,Mary Bello,mary.bello@example.com,Female,49,Kenya,Books,Textbook,6,7.47,0.0,2.19,Pos,Cancelled,,I. Nwosu,,44.82
ORD-10234,2023-10-03,Emeka Musa,emeka.musa@example.com,Female,54,Canada,Home Appliances,Air Fryer,11,65.27,0.05,14.27,Card,Cancelled,2,I. Nwosu,,682.0714999999999
ORD-10589,2023-08-23,Michael Adeyemi,michael.adeyemi@example.com,,,United States,Fashion,Jacket,10,178.61,0.25,15.66,Mobile Money,Delivered,,F. Chukwu,Customer requested gift wrap,1339.575
ORD-10476,2025-03-11,Linda Nwosu,linda.nwosu@example.com,Male,37,South Africa,Fashion,Handbag,3,161.86,0.2,37.63,Cash,Shipped,,A. Okafor,,388.46400000000006
ORD-11285,2024-07-12,Ngozi Johnson,ngozi.johnson@example.com,Female,25,Germany,Furniture,Study Desk,3,576.15,0.2,24.87,Mobile Money,Cancelled,5,D. Bello,,1382.76
ORD-10600,2024-06-19,Ade Khan,ade.khan@example.com,Female,49,France,Groceries,Spaghetti Pack,8,10.45,0.0,25.33,Mobile Money,Cancelled,4,B. Musa,Bulk order discount applied,83.6
ORD-10422,,Michael Ibe,michael.ibe@example.com,Male,44,Ghana,Books,Cookbook,6,20.33,0.15,18.08,Bank Transfer,Delivered,3,I. Nwosu,,103.68299999999999
ORD-10183,2023-06-27,Peter Okon,peter.okon@example.com,Male,14,United Kingdom,Home Appliances,Electric Kettle,11,151.0,0.0,30.95,Card,Shipped,2,H. Yusuf,,1661.0
ORD-10989,2025-02-01,John Ibe,john.ibe@example.com,Female,42,,Electronics,Smartphone,5,780.0912500000001,0.0,13.86,Card,Cancelled,4,H. Yusuf,,3900.45625
ORD-11001,2023-08-04,Michael Musa,michael.musa@example.com,Male,47,Brazil,Furniture,Study Desk,11,152.08,0.2,20.95,Mobile Money,Cancelled,1,E. Okon,Bulk order discount applied,1338.304
ORD-11357,2025-04-12,Kunle Adeyemi,kunle.adeyemi@example.com,Female,54,,Electronics,Smartwatch,1,780.0912500000001,0.05,28.74,Bank Transfer,Delivered,1,B. Musa,Bulk order discount applied,741.0866875
ORD-10050,2024-11-08,Sarah Adeyemi,sarah.adeyemi@example.com,Male,17,Brazil,Electronics,Smartphone,7,780.0912500000001,0.2,42.15,Cash,Delivered,2,C. Adeyemi,Bulk order discount applied,4368.511
ORD-11435,2024-01-25,Michael Williams,michael.williams@example.com,Male,31,Ghana,Home Appliances,Blender,1,142.68,0.25,2.31,Pos,Cancelled,4,E. Okon,,107.01
ORD-11030,2025-10-28,Michael Khan,michael.khan@example.com,Male,11,Germany,Electronics,Smartphone,1,780.0912500000001,0.1,24.52,Cash,Delivered,2,C. Adeyemi,Bulk order discount applied,702.082125
ORD-10530,2023-11-27,Chidi Brown,chidi.brown@example.com,Male,50,United States,Books,Journal,5,28.68,,6.47,Pos,Shipped,2,D. Bello,,143.4
ORD-11259,2024-06-08,Femi Adeyemi,femi.adeyemi@example.com,Female,33,UAE,Fashion,Handbag,4,72.93,0.15,26.33,Pos,Pending,2,J. Eze,Bulk order discount applied,247.96200000000002
ORD-10487,2024-07-28,Chidi Garcia,chidi.garcia@example.com,Male,18,Kenya,Home Appliances,Blender,11,319.31,0.0,12.76,Card,Pending,,B. Musa,Called before delivery,3512.41
ORD-11492,2025-11-02,Halima Garcia,halima.garcia@example.com,Male,18,UAE,Books,Notebook Pack,11,13.27,0.25,9.2,Card,Shipped,1,F. Chukwu,,109.47749999999999
ORD-10498,2023-05-20,Linda Khan,linda.khan@example.com,,43,United States,Home Appliances,Electric Kettle,11,91.33,0.25,29.55,Bank Transfer,Returned,3,C. Adeyemi,Left at door,753.4725
ORD-10107,2024-07-08,Peter Okafor,,Female,29,France,Electronics,Smartphone,1,780.0912500000001,0.0,14.93,Cash,Shipped,5,F. Chukwu,,780.0912500000001
ORD-10444,2024-06-16,Mary Yusuf,mary.yusuf@example.com,Male,26,United Kingdom,Books,Notebook Pack,10,6.93,0.0,15.35,Pos,Returned,,G. Ibe,Left at door,69.3
ORD-10647,2023-01-07,Ade Ibe,ade.ibe@example.com,Female,39,Nigeria,Fashion,T-Shirt,10,108.39,0.05,2.9,Mobile Money,Pending,1,D. Bello,,1029.705
ORD-11037,2024-07-22,David Garcia,david.garcia@example.com,Female,42,Ghana,Fashion,Handbag,2,65.37,0.15,22.18,Card,Delivered,3,J. Eze,,111.129
ORD-10727,2025-05-03,Ade Khan,ade.khan@example.com,Female,30,Brazil,Groceries,Cooking Oil 2L,9,5.51,0.05,39.02,Bank Transfer,Cancelled,2,E. Okon,Called before delivery,47.110499999999995
ORD-10191,2024-04-24,Grace Johnson,grace.johnson@example.com,Male,24,France,Furniture,Bookshelf,11,68.73,0.0,5.09,Card,Shipped,1,E. Okon,Left at door,756.0300000000001
ORD-10283,2023-11-24,David Johnson,david.johnson@example.com,Male,47,France,Books,Journal,4,50.76,0.15,40.68,Card,Cancelled,5,B. Musa,Customer requested gift wrap,172.58399999999997
ORD-10030,2025-08-19,Ngozi Musa,ngozi.musa@example.com,Male,29,Canada,Electronics,Headphones,9,221.8,0.15,18.41,Cash,Shipped,,F. Chukwu,Fragile item,1696.77
ORD-10170,2025-02-09,Emeka Ibe,emeka.ibe@example.com,Female,48,UAE,Fashion,Jeans,2,172.55,0.0,13.11,Pos,Cancelled,2,B. Musa,Fragile item,345.1
ORD-11002,2025-11-15,John Chukwu,john.chukwu@example.com,Male,12,UAE,Groceries,Cooking Oil 2L,7,2.72,0.2,24.92,Cash,Shipped,2,D. Bello,,15.232000000000003
ORD-11205,2025-08-29,Ade Ibe,ade.ibe@example.com,Male,30,Kenya,Books,Textbook,11,17.44,0.2,31.49,Cash,Shipped,4,J. Eze,Customer requested gift wrap,153.472
ORD-10101,2024-07-28,Michael Bello,michael.bello@example.com,Male,10,Ghana,Electronics,Laptop,11,535.05,0.0,31.95,Bank Transfer,Returned,1,C. Adeyemi,Left at door,5885.549999999999
ORD-10198,2024-01-20,Femi Khan,femi.khan@example.com,Male,39,South Africa,Groceries,Sugar 1kg,8,13.34,0.25,14.98,Bank Transfer,Delivered,,A. Okafor,Left at door,80.03999999999999
ORD-10496,2023-06-07,Yetunde Adeyemi,yetunde.adeyemi@example.com,Male,26,Canada,Fashion,Jacket,9,181.11,0.05,29.35,Mobile Money,Cancelled,5,D. Bello,,1548.4905
ORD-10648,2024-02-01,Halima Okon,halima.okon@example.com,Female,47,Ghana,Electronics,Laptop,1,780.0912500000001,0.1,11.21,Card,Delivered,5,H. Yusuf,,702.082125
ORD-10988,2025-03-07,Michael Okon,,Male,34,France,Groceries,Sugar 1kg,5,4.93,0.2,40.56,Bank Transfer,Delivered,1,G. Ibe,,19.72
ORD-10045,2025-04-10,Peter Garcia,peter.garcia@example.com,Male,34,Kenya,Furniture,Sofa,2,546.34,0.15,0.25,Bank Transfer,Returned,4,G. Ibe,Bulk order discount applied,928.778
ORD-10711,2025-04-12,Amaka Brown,amaka.brown@example.com,Male,42,United Kingdom,Groceries,Rice 5kg,4,16.2,0.05,36.51,Card,Cancelled,2,B. Musa,,61.559999999999995
ORD-10374,2024-03-17,Ngozi Chukwu,ngozi.chukwu@example.com,Female,30,United Kingdom,Home Appliances,Blender,11,348.39,0.05,43.41,Mobile Money,Pending,3,B. Musa,Bulk order discount applied,3640.6755
ORD-10679,2025-12-23,Mary Ibe,mary.ibe@example.com,Male,31,Ghana,Electronics,Monitor,5,590.52,0.0,6.35,Pos,Delivered,2,D. Bello,Customer requested gift wrap,2952.6
ORD-10567,2025-10-07,Chioma Okon,chioma.okon@example.com,Female,47,UAE,Groceries,Spaghetti Pack,9,35.3,0.05,43.46,Bank Transfer,Delivered,4,F. Chukwu,Left at door,301.815
ORD-10848,2023-08-15,Sarah Johnson,sarah.johnson@example.com,Female,51,United Kingdom,Fashion,Jacket,9,152.6,,12.13,Pos,Cancelled,2,I. Nwosu,Customer requested gift wrap,1373.3999999999999
ORD-10461,2025-10-16,Ibrahim Adeyemi,,Female,44,UAE,Furniture,Dining Table,10,348.43,0.0,17.79,Mobile Money,Cancelled,,G. Ibe,Bulk order discount applied,3484.3
ORD-11156,,Kunle Nwosu,kunle.nwosu@example.com,Male,45,Ghana,Groceries,Spaghetti Pack,5,16.34,0.1,22.0,Mobile Money,Pending,3,I. Nwosu,Called before delivery,73.53
ORD-10040,2023-04-16,Ade Musa,,Male,12,Germany,Home Appliances,Blender,1,200.16,0.1,33.76,Pos,Cancelled,,H. Yusuf,Fragile item,180.144
ORD-10435,2025-02-16,Kunle Brown,kunle.brown@example.com,Male,31,Germany,Home Appliances,Microwave,5,113.11,0.2,18.52,Mobile Money,Shipped,3,I. Nwosu,Fragile item,452.44
ORD-10974,2024-11-05,Ade Nwosu,,Female,12,Brazil,Electronics,Smartphone,7,687.29,0.05,27.05,Pos,Pending,,G. Ibe,,4570.478499999999
ORD-11240,2025-07-18,Chioma Smith,chioma.smith@example.com,Female,59,UAE,Groceries,Sugar 1kg,4,13.03,0.25,12.53,Cash,Delivered,5,A. Okafor,Fragile item,39.089999999999996
ORD-11008,2025-10-26,Chioma Nwosu,chioma.nwosu@example.com,Male,39,Nigeria,Fashion,T-Shirt,2,37.22,0.0,18.66,Bank Transfer,Shipped,1,H. Yusuf,Fragile item,74.44
ORD-10457,2025-01-10,Kunle Okon,,Male,25,Kenya,Home Appliances,Air Fryer,4,73.15,0.1,8.47,Pos,Returned,,C. Adeyemi,Customer requested gift wrap,263.34000000000003
ORD-10261,2024-12-23,Michael Musa,,Female,43,United Kingdom,Home Appliances,Blender,9,105.38,0.05,23.77,Bank Transfer,Delivered,3,E. Okon,Called before delivery,900.9989999999999
ORD-10036,2024-04-04,David Johnson,david.johnson@example.com,Female,30,Brazil,Books,Cookbook,,41.73,0.0,9.11,Pos,Pending,2,G. Ibe,Left at door,
ORD-10828,2025-10-04,Bola Khan,bola.khan@example.com,Female,42,Kenya,Home Appliances,Blender,5,198.4,0.25,37.46,Card,Returned,5,E. Okon,,744.0
ORD-10310,2023-10-09,David Brown,david.brown@example.com,Female,34,Brazil,Books,Textbook,2,17.53,0.05,5.08,Card,Shipped,2,E. Okon,Fragile item,33.307
ORD-10277,2024-07-23,Grace Brown,grace.brown@example.com,Female,35,South Africa,Furniture,Study Desk,9,246.77,0.0,24.28,Mobile Money,Cancelled,5,A. Okafor,Called before delivery,2220.9300000000003
ORD-10637,2023-02-07,Chioma Eze,chioma.eze@example.com,Female,33,Brazil,Electronics,Headphones,4,581.85,,37.85,Pos,Cancelled,3,C. Adeyemi,Called before delivery,2327.4
ORD-10655,2025-01-26,Kunle Ibe,kunle.ibe@example.com,Male,17,India,Electronics,Headphones,,780.0912500000001,0.0,29.31,Cash,Cancelled,1,I. Nwosu,,
ORD-10623,2024-01-04,Emeka Khan,emeka.khan@example.com,Female,33,Kenya,Fashion,T-Shirt,8,74.54,0.0,37.64,Mobile Money,Pending,,G. Ibe,,596.32
ORD-10845,2024-02-26,Tunde Smith,tunde.smith@example.com,Female,23,United Kingdom,Home Appliances,Air Fryer,9,51.84,0.2,18.08,Bank Transfer,Delivered,5,F. Chukwu,Left at door,373.24800000000005
ORD-10394,2024-03-06,Mary Okafor,mary.okafor@example.com,Female,32,UAE,Furniture,Bookshelf,6,260.93,0.25,30.5,Card,Cancelled,5,I. Nwosu,,1174.185
ORD-10108,2023-06-06,Ngozi Brown,ngozi.brown@example.com,Male,,United States,Books,Novel,2,5.24,0.2,3.62,Card,Shipped,3,G. Ibe,Bulk order discount applied,8.384
ORD-10350,2023-05-25,Chidi Eze,chidi.eze@example.com,Male,31,Ghana,Electronics,Monitor,11,780.0912500000001,0.0,,Bank Transfer,Returned,5,I. Nwosu,,8581.00375
ORD-10525,2025-10-27,Linda Johnson,linda.johnson@example.com,Female,50,Kenya,Electronics,Tablet,1,247.98,0.1,13.65,Pos,Cancelled,5,B. Musa,Customer requested gift wrap,223.182
ORD-10785,2025-01-30,Linda Brown,linda.brown@example.com,Female,39,United States,Groceries,Tea Box,,21.41,0.15,14.87,Card,Shipped,2,C. Adeyemi,,
ORD-10048,2025-09-15,Grace Okafor,,Female,34,United States,Furniture,Sofa,2,433.81,0.15,43.92,Card,Delivered,5,F. Chukwu,Customer requested gift wrap,737.477
ORD-10204,2024-02-17,Amaka Nwosu,amaka.nwosu@example.com,Female,31,South Africa,Fashion,Sneakers,10,190.02,0.15,33.47,Bank Transfer,Cancelled,1,D. Bello,Customer requested gift wrap,1615.17
ORD-10022,2023-02-14,Chidi Musa,chidi.musa@example.com,Male,,UAE,Electronics,Laptop,6,780.0912500000001,0.0,2.2,Mobile Money,Cancelled,5,I. Nwosu,,4680.547500000001
ORD-10403,2024-07-10,Peter Johnson,,Female,33,Ghana,Groceries,Tea Box,6,39.15,0.1,7.37,Mobile Money,Delivered,2,C. Adeyemi,,211.41
ORD-11108,2025-02-15,Grace Brown,grace.brown@example.com,Male,19,Kenya,Fashion,Sneakers,6,166.41,0.1,13.13,Bank Transfer,Cancelled,5,E. Okon,,898.614
ORD-11155,2025-06-12,Grace Chukwu,grace.chukwu@example.com,Female,42,Nigeria,Electronics,Headphones,10,780.0912500000001,,15.39,Bank Transfer,Delivered,5,F. Chukwu,Called before delivery,7800.9125
ORD-11440,2025-04-22,Chioma Bello,chioma.bello@example.com,Male,38,Ghana,Electronics,Monitor,6,461.02,0.0,30.6,Pos,Delivered,5,I. Nwosu,Customer requested gift wrap,2766.12
ORD-10990,2023-04-15,Chidi Smith,chidi.smith@example.com,Female,42,Nigeria,Electronics,Smartphone,2,780.0912500000001,0.2,2.15,Pos,Returned,,F. Chukwu,,1248.1460000000002
ORD-10742,2024-05-19,Linda Musa,,Male,33,Brazil,Fashion,Jeans,6,168.35,0.0,28.79,Pos,Delivered,4,G. Ibe,Customer requested gift wrap,1010.0999999999999
ORD-11311,2025-09-24,Ngozi Eze,,Female,18,United Kingdom,Groceries,Cooking Oil 2L,7,6.26,0.05,19.98,Cash,Cancelled,4,I. Nwosu,,41.629
ORD-11148,2024-10-14,Michael Garcia,michael.garcia@example.com,,27,Canada,Home Appliances,Vacuum Cleaner,6,246.97,0.2,25.36,Pos,Delivered,5,E. Okon,,1185.456
ORD-10034,2024-10-27,Zainab Chukwu,zainab.chukwu@example.com,Female,45,France,Electronics,Laptop,3,564.77,,44.7,Mobile Money,Cancelled,3,G. Ibe,,1694.31
ORD-10788,2024-02-02,Segun Okon,segun.okon@example.com,Female,39,Brazil,Furniture,Office Chair,1,740.38,,38.26,Card,Pending,3,E. Okon,,740.38
ORD-10924,2023-12-28,Mary Chukwu,,Female,36,United Kingdom,Electronics,Headphones,5,780.0912500000001,0.25,10.8,Bank Transfer,Cancelled,4,I. Nwosu,Left at door,2925.3421875000004
ORD-11044,2024-10-03,Ngozi Johnson,ngozi.johnson@example.com,Female,44,Kenya,Furniture,Bookshelf,9,467.75,,42.05,Cash,Delivered,2,H. Yusuf,Left at door,4209.75
ORD-11476,2023-08-15,Yetunde Khan,yetunde.khan@example.com,Female,39,United Kingdom,Fashion,T-Shirt,3,85.16,0.0,15.88,Mobile Money,Delivered,,D. Bello,Customer requested gift wrap,255.48
ORD-11244,2023-11-01,David Musa,david.musa@example.com,Male,,Brazil,Groceries,Tea Box,7,10.33,0.2,25.01,Mobile Money,Delivered,2,H. Yusuf,,57.848000000000006
ORD-10482,2023-05-05,Yetunde Garcia,yetunde.garcia@example.com,Female,45,Kenya,Electronics,Tablet,3,780.0912500000001,0.1,34.87,Cash,Returned,5,I. Nwosu,,2106.246375
ORD-10932,2024-12-31,Emeka Okon,emeka.okon@example.com,,27,United States,Furniture,Study Desk,1,205.7,0.25,23.09,Bank Transfer,Returned,3,D. Bello,,154.27499999999998
ORD-10357,2023-10-06,Chioma Garcia,chioma.garcia@example.com,Male,22,Brazil,Fashion,Jeans,9,156.08,0.05,23.33,Card,Cancelled,5,A. Okafor,,1334.484
ORD-11249,2024-03-07,Ade Smith,ade.smith@example.com,Male,58,India,Electronics,Smartphone,4,445.55,,2.47,Mobile Money,Delivered,5,J. Eze,Bulk order discount applied,1782.2
ORD-10760,2024-04-06,Grace Chukwu,grace.chukwu@example.com,Female,45,Germany,Groceries,Sugar 1kg,10,18.38,0.25,20.0,Pos,Shipped,,A. Okafor,Fragile item,137.85
ORD-10093,2024-07-19,Femi Okon,femi.okon@example.com,Male,32,Nigeria,Groceries,Spaghetti Pack,3,13.35,0.15,4.19,Card,Delivered,4,C. Adeyemi,Fragile item,34.0425
ORD-11176,2024-06-07,Tunde Ibe,tunde.ibe@example.com,Male,34,Brazil,Furniture,Dining Table,10,764.63,0.1,1.22,Cash,Cancelled,1,J. Eze,Called before delivery,6881.67
ORD-11416,2024-07-11,Michael Williams,michael.williams@example.com,Male,17,South Africa,Books,Textbook,1,27.19,0.25,40.42,Cash,Pending,2,H. Yusuf,Fragile item,20.392500000000002
ORD-11342,2025-10-11,Emeka Johnson,emeka.johnson@example.com,Male,42,Germany,Fashion,T-Shirt,9,198.83,0.0,21.38,Card,Delivered,2,J. Eze,,1789.47
ORD-11473,2025-03-19,Tunde Nwosu,tunde.nwosu@example.com,Female,41,India,Books,Cookbook,6,13.9,0.25,16.26,Bank Transfer,Pending,3,I. Nwosu,Fragile item,62.550000000000004
ORD-10804,2024-08-08,Segun Garcia,segun.garcia@example.com,Female,28,United Kingdom,Groceries,Spaghetti Pack,11,19.61,0.25,6.64,Pos,Pending,5,I. Nwosu,Customer requested gift wrap,161.78249999999997
ORD-10746,2025-01-02,Ade Brown,ade.brown@example.com,Female,44,Germany,Furniture,Office Chair,5,726.47,0.0,24.17,Mobile Money,Pending,2,B. Musa,Customer requested gift wrap,3632.3500000000004
ORD-10280,2024-02-13,Chidi Okafor,chidi.okafor@example.com,Female,23,United Kingdom,Books,Textbook,5,16.03,0.0,37.24,Card,Returned,3,F. Chukwu,Fragile item,80.15
ORD-10765,2025-10-09,Femi Adeyemi,femi.adeyemi@example.com,Female,33,UAE,Home Appliances,Electric Kettle,,31.37,0.05,,Mobile Money,Pending,3,C. Adeyemi,Called before delivery,
ORD-10605,2025-12-05,Tunde Khan,tunde.khan@example.com,Male,48,Germany,Groceries,Tea Box,11,13.09,,41.1,Mobile Money,Cancelled,4,D. Bello,Called before delivery,143.99
ORD-11374,2023-09-13,Linda Okon,linda.okon@example.com,Male,21,France,Books,Journal,,39.79,0.0,3.9,Card,Shipped,3,A. Okafor,Customer requested gift wrap,
ORD-11399,2025-06-01,Sarah Okon,sarah.okon@example.com,Male,17,Nigeria,Furniture,Dining Table,3,332.67,0.0,42.78,Cash,Delivered,1,I. Nwosu,,998.01
ORD-10401,2023-10-20,Ibrahim Brown,,Male,36,Canada,Furniture,Dining Table,1,454.84,0.0,23.63,Card,Returned,4,E. Okon,Customer requested gift wrap,454.84
ORD-10258,2024-02-11,Linda Adeyemi,linda.adeyemi@example.com,Male,27,Ghana,Home Appliances,Air Fryer,7,345.33,0.05,18.69,Card,Cancelled,4,C. Adeyemi,Left at door,2296.4445
ORD-10945,2024-08-07,Ade Eze,ade.eze@example.com,Female,38,Ghana,Home Appliances,Electric Kettle,1,206.28,0.0,38.83,Card,Returned,1,J. Eze,Bulk order discount applied,206.28
ORD-11097,2024-04-25,Peter Adeyemi,peter.adeyemi@example.com,,32,Nigeria,Home Appliances,Vacuum Cleaner,7,125.81,0.0,24.57,Cash,Pending,2,D. Bello,Customer requested gift wrap,880.6700000000001
ORD-11220,2024-03-26,Amaka Adeyemi,amaka.adeyemi@example.com,Male,39,United Kingdom,Books,Novel,4,22.82,0.15,23.98,Card,Cancelled,2,A. Okafor,,77.588
ORD-11162,2024-11-16,Kunle Garcia,kunle.garcia@example.com,Male,40,,Home Appliances,Microwave,5,101.41,0.15,2.11,Mobile Money,Pending,3,D. Bello,Customer requested gift wrap,430.99249999999995
ORD-10495,2024-10-27,Ibrahim Khan,ibrahim.khan@example.com,Male,28,Ghana,Groceries,Sugar 1kg,10,37.2,0.0,15.41,Mobile Money,Returned,3,B. Musa,Fragile item,372.0
ORD-10773,2023-06-26,Michael Garcia,michael.garcia@example.com,Female,19,Germany,Fashion,Handbag,8,75.79,0.15,,Card,Cancelled,2,B. Musa,Fragile item,515.3720000000001
ORD-10551,2025-04-06,Chidi Eze,chidi.eze@example.com,Male,42,Kenya,Books,Journal,11,49.37,0.0,12.58,Pos,Returned,1,J. Eze,Called before delivery,543.0699999999999
ORD-11487,2024-05-12,Sarah Johnson,sarah.johnson@example.com,Female,,UAE,Fashion,Jeans,1,121.19,0.0,,Bank Transfer,Shipped,,I. Nwosu,,121.19
ORD-10202,2023-09-20,Mary Garcia,mary.garcia@example.com,Female,14,South Africa,Home Appliances,Vacuum Cleaner,8,173.12,0.2,,Pos,Shipped,3,A. Okafor,Fragile item,1107.968
ORD-10313,2025-11-22,Kunle Eze,kunle.eze@example.com,Female,39,Kenya,Groceries,Sugar 1kg,1,31.7,0.0,30.75,Mobile Money,Pending,5,H. Yusuf,,31.7
ORD-10291,2025-01-07,Ade Ibe,ade.ibe@example.com,Female,32,United Kingdom,Electronics,Smartwatch,8,,0.25,6.31,Card,Pending,,H. Yusuf,Left at door,
ORD-11214,2024-12-15,Tunde Musa,tunde.musa@example.com,Female,21,Brazil,Books,Cookbook,4,16.9,0.25,28.48,Cash,Cancelled,2,A. Okafor,Left at door,50.699999999999996
ORD-10764,2025-12-11,Femi Williams,femi.williams@example.com,Female,29,United Kingdom,Books,Textbook,4,22.15,0.0,19.31,Bank Transfer,Shipped,5,C. Adeyemi,Bulk order discount applied,88.6
ORD-11137,2023-09-17,Kunle Chukwu,kunle.chukwu@example.com,Female,29,Kenya,Electronics,Tablet,,780.0912500000001,0.15,43.67,Pos,Cancelled,,J. Eze,Fragile item,
ORD-10950,2024-07-03,Kunle Yusuf,kunle.yusuf@example.com,Male,40,United States,Books,Notebook Pack,7,19.11,0.0,1.61,Bank Transfer,Delivered,2,E. Okon,,133.76999999999998
ORD-10184,2025-03-09,Halima Musa,halima.musa@example.com,Male,54,Ghana,Home Appliances,Electric Kettle,9,,0.0,41.75,Pos,Returned,,H. Yusuf,Left at door,
ORD-11177,2025-10-18,Tunde Garcia,tunde.garcia@example.com,Male,34,UAE,Home Appliances,Microwave,1,328.83,0.1,9.79,Pos,Delivered,1,B. Musa,Left at door,295.947
ORD-11350,2025-12-21,Peter Eze,peter.eze@example.com,Female,48,India,Electronics,Headphones,4,780.0912500000001,0.15,25.51,Bank Transfer,Delivered,5,B. Musa,Bulk order discount applied,2652.31025
ORD-11069,2025-08-15,Sarah Eze,sarah.eze@example.com,Male,35,Kenya,Electronics,Smartphone,1,586.57,0.25,7.02,Cash,Shipped,2,B. Musa,Customer requested gift wrap,439.9275
ORD-11469,2024-03-24,Peter Chukwu,,Male,26,Nigeria,Fashion,Jeans,11,125.73,0.0,44.9,Bank Transfer,Delivered,,H. Yusuf,Bulk order discount applied,1383.03
ORD-11031,2024-12-03,Yetunde Adeyemi,yetunde.adeyemi@example.com,Female,16,Nigeria,Home Appliances,Electric Kettle,7,260.57,0.1,44.13,Bank Transfer,Shipped,2,E. Okon,,1641.5910000000001
ORD-10251,2024-02-04,John Brown,,Male,45,United States,Fashion,Handbag,3,219.97,,43.17,Card,Returned,1,F. Chukwu,,659.91
ORD-10824,2025-03-15,Tunde Nwosu,tunde.nwosu@example.com,Male,42,Ghana,Groceries,Sugar 1kg,8,8.05,0.15,8.55,Card,Delivered,1,C. Adeyemi,Called before delivery,54.74
ORD-11100,2025-07-06,Halima Adeyemi,halima.adeyemi@example.com,Female,21,Ghana,Electronics,Tablet,6,780.0912500000001,0.0,22.05,Mobile Money,Pending,,J. Eze,,4680.547500000001
ORD-10941,2025-11-13,David Bello,david.bello@example.com,Male,39,India,Furniture,Study Desk,,780.0912500000001,0.1,33.73,Card,Cancelled,4,H. Yusuf,Fragile item,
ORD-10392,2023-10-30,Mary Nwosu,mary.nwosu@example.com,Female,30,India,Groceries,Spaghetti Pack,7,22.67,0.0,44.7,Bank Transfer,Returned,3,F. Chukwu,Bulk order discount applied,158.69
ORD-11457,2023-08-30,Chioma Eze,chioma.eze@example.com,Male,41,India,Electronics,Smartwatch,8,780.0912500000001,0.05,0.53,Cash,Pending,3,H. Yusuf,Customer requested gift wrap,5928.6935
ORD-11093,2025-09-02,Ibrahim Brown,ibrahim.brown@example.com,Female,60,Ghana,Groceries,Cooking Oil 2L,5,3.71,0.15,33.57,Mobile Money,Returned,,F. Chukwu,Fragile item,15.7675
ORD-11192,2025-03-27,Kunle Musa,kunle.musa@example.com,Female,37,Kenya,Electronics,Monitor,11,534.57,0.2,19.87,Card,Pending,,F. Chukwu,Bulk order discount applied,4704.216
ORD-10905,2023-07-27,Ngozi Brown,ngozi.brown@example.com,Male,12,Nigeria,Home Appliances,Blender,4,289.69,0.25,7.61,Bank Transfer,Shipped,4,H. Yusuf,,869.0699999999999
ORD-10731,2023-03-22,Emeka Adeyemi,emeka.adeyemi@example.com,Female,,Ghana,Groceries,Tea Box,2,30.09,0.05,22.05,Card,Delivered,4,G. Ibe,,57.171
ORD-10555,2023-10-16,Mary Bello,,Male,48,Ghana,Fashion,Handbag,5,181.54,0.05,3.86,Bank Transfer,Shipped,5,H. Yusuf,,862.3149999999999
ORD-10367,2023-02-12,Bola Okafor,bola.okafor@example.com,Male,49,India,Electronics,Tablet,2,340.07,0.0,30.8,Mobile Money,Cancelled,2,I. Nwosu,Left at door,680.14
ORD-10346,2025-11-04,Halima Bello,halima.bello@example.com,Female,,France,Books,Journal,1,33.13,,25.43,Bank Transfer,Pending,1,G. Ibe,Fragile item,33.13
ORD-10536,2025-09-27,Tunde Adeyemi,tunde.adeyemi@example.com,Female,23,UAE,Home Appliances,Air Fryer,11,55.26,0.2,23.26,Bank Transfer,Shipped,,D. Bello,,486.288
ORD-11423,2024-07-22,Segun Okafor,segun.okafor@example.com,,28,Nigeria,Furniture,Office Chair,5,625.32,0.0,27.71,Card,Returned,5,G. Ibe,,3126.6000000000004
ORD-11210,2024-01-24,Halima Bello,halima.bello@example.com,Male,21,Nigeria,Fashion,Jacket,4,202.59,0.05,16.38,Bank Transfer,Cancelled,4,J. Eze,Called before delivery,769.842
ORD-11373,2025-12-25,David Bello,david.bello@example.com,Male,60,UAE,Groceries,Tea Box,8,,0.25,7.07,Pos,Delivered,,J. Eze,Customer requested gift wrap,
ORD-10920,2024-04-19,Linda Nwosu,linda.nwosu@example.com,Female,17,Ghana,Furniture,Study Desk,7,780.0912500000001,0.0,16.46,Bank Transfer,Shipped,4,E. Okon,,5460.63875
ORD-10212,2024-06-20,Bola Okafor,bola.okafor@example.com,Male,61,Canada,Groceries,Sugar 1kg,1,8.35,0.0,41.07,Card,Delivered,,G. Ibe,Bulk order discount applied,8.35
ORD-10503,2024-02-16,Linda Brown,linda.brown@example.com,Male,52,Kenya,Fashion,Handbag,2,23.7,0.0,11.11,Cash,Shipped,4,C. Adeyemi,Customer requested gift wrap,47.4
ORD-10538,2025-02-07,Ibrahim Smith,ibrahim.smith@example.com,Male,46,Nigeria,Furniture,Study Desk,5,255.05,0.25,19.23,Card,Returned,4,F. Chukwu,Customer requested gift wrap,956.4375
ORD-11221,2023-01-05,Yetunde Ibe,yetunde.ibe@example.com,Male,49,Ghana,Books,Notebook Pack,5,24.59,0.0,17.28,Mobile Money,Shipped,5,E. Okon,,122.95
ORD-10176,2023-12-30,Emeka Garcia,emeka.garcia@example.com,Male,56,Brazil,Furniture,Dining Table,,383.33,0.0,5.51,Pos,Pending,3,F. Chukwu,,
